source,target,d_prevalence,d_scale,d_length,d_shape
oulad_AAA_2013J,oulad_AAA_2014J,0.03269787903716148,0.03841971124303971,0,0.07939278433215986
oulad_AAA_2013J,oulad_BBB_2013B,0.2714060059607453,0.403877379950764,4,0.27991734579436883
oulad_AAA_2013J,oulad_BBB_2013J,0.24663533196151594,0.6090536123739666,0,0.3581742212496522
oulad_AAA_2013J,oulad_BBB_2014B,0.2751356067461017,0.6996643202023732,5,0.39388704189870954
oulad_AAA_2013J,oulad_BBB_2014J,0.22323076292154798,0.4901493056597423,1,0.35900994849021595
oulad_AAA_2013J,oulad_CCC_2014B,0.383389886282718,0.31656739025327907,4,0.34210803141790563
oulad_AAA_2013J,oulad_CCC_2014J,0.31952350392062995,0.2500316697322986,0,0.31710097656640795
oulad_AAA_2013J,oulad_DDD_2013B,0.33444411270235985,0.13951848035332579,4,0.18256466656723944
oulad_AAA_2013J,oulad_DDD_2013J,0.2980879860532917,0.24087543849152823,1,0.19605090902652114
oulad_AAA_2013J,oulad_DDD_2014B,0.3357834173888638,0.26509541616817456,4,0.2167508841929029
oulad_AAA_2013J,oulad_DDD_2014J,0.2865806771134271,0.37006307184585446,1,0.22927823679834036
oulad_AAA_2013J,oulad_EEE_2013J,0.14695122556562656,0.01914751082111832,0,0.13913499162533702
oulad_AAA_2013J,oulad_EEE_2014B,0.21143934206665105,0.10549284108746122,4,0.1913443626673775
oulad_AAA_2013J,oulad_EEE_2014J,0.15009098821109257,0.06297587224909054,0,0.16907386685454573
oulad_AAA_2013J,oulad_FFF_2013B,0.241338031130998,0.20146693115299869,4,0.17657160605611014
oulad_AAA_2013J,oulad_FFF_2013J,0.2462165008937669,0.0744144805501456,0,0.13303804142092363
oulad_AAA_2013J,oulad_FFF_2014B,0.28984856396866837,0.02066039721506845,4,0.1541041899788636
oulad_AAA_2013J,oulad_FFF_2014J,0.25354412422236816,0.04227475752682561,0,0.15643227378001803
oulad_AAA_2013J,ku_Accountancy_1819,0.02372090439420027,0.684304564793159,26,0.694165800312681
oulad_AAA_2013J,ku_Globaleconom_1819,0.1632644455299066,1.004182643712176,24,0.6737743243792743
oulad_AAA_2013J,ku_Accountancy_1920,0.043579060422569094,0.6118829023928308,26,0.7042693395340471
oulad_AAA_2013J,ku_Globaleconom_1920,0.028923829570244974,0.3716926965793627,24,0.5753841822670109
oulad_AAA_2013J,ku_Accountancy_2021,0.02460375069066012,0.02572232156828546,26,0.5731274276283648
oulad_AAA_2013J,ku_Globaleconom_2021,0.21241572814777288,0.3386924364764373,24,0.5981506121017441
oulad_AAA_2013J,ukzn_ISTN101_2019,0.09990901178890743,0.5924543505545049,6,0.5567976953420818
oulad_AAA_2013J,ukzn_ISTN101_2020,0.2240491865425791,0.5178207322576007,4,0.5436678924400977
oulad_AAA_2013J,ukzn_ISTN101_2021,0.18913119311635185,0.09071062092651043,15,0.5383427437845467
oulad_AAA_2013J,ukzn_ISTN102_2018,0.009559996342615729,1.1244764752747123,20,0.6698238214732001
oulad_AAA_2013J,ukzn_ISTN103_2019,0.004609657055590355,1.1244764752747123,20,0.6631344394499512
oulad_AAA_2013J,ukzn_ISTN103_2020,0.16786677799066618,1.101969134276861,25,0.6314794118397348
oulad_AAA_2013J,ukzn_ISTN211_2019,0.2062942931741888,0.6190378332805675,2,0.5521633718761656
oulad_AAA_2013J,ukzn_ISTN211_2021,0.2221636684472338,0.7753850341404916,20,0.6440360128529338
oulad_AAA_2013J,ukzn_ISTN212_2018,0.08927748645149969,1.018423082826786,21,0.650544290823379
oulad_AAA_2013J,ukzn_ISTN212_2019,0.11506052694042257,0.9704995305096032,20,0.6642916482994812
oulad_AAA_2013J,ukzn_ISTN2IP_2018,0.021626183506079144,1.0331463396474925,19,0.6413029963943802
oulad_AAA_2013J,ukzn_ISTN2IP_2019,0.032772125686504006,0.7512513544237722,6,0.6065769334653821
oulad_AAA_2013J,ukzn_ISTN3ND_2018,0.12168189730200174,1.1244764752747123,21,0.6649053006755358
oulad_AAA_2013J,ukzn_ISTN3ND_2019,0.07684201899097287,0.6175973859172603,20,0.5966751580211519
oulad_AAA_2013J,ukzn_ISTN3SA_2018,0.061385478584523145,0.6859846229111807,3,0.5398509606609158
oulad_AAA_2013J,ukzn_ISTN3SA_2019,0.14594630782620344,0.6147307452656571,4,0.5024990675121224
oulad_AAA_2013J,zambia_ICT1110_2020,0.4796947178148222,0.8009391386128798,4,0.46705305138725495
oulad_AAA_2013J,zambia_ICT1110_2021,0.34123317935328373,0.6504462975321916,3,0.5417109000659915
oulad_AAA_2013J,oviedo_C1112_1415,0.26856213180786437,0.7671905555252201,15,0.5967734982259302
oulad_AAA_2013J,oviedo_C1127_1415,0.09377309227055519,0.7473563105402481,13,0.6221277613957056
oulad_AAA_2013J,oviedo_C1200_1415,0.3239794050901637,0.46413587329482436,4,0.4626115935259197
oulad_AAA_2013J,oviedo_C1303_1415,0.35084856396866837,1.0406994775379383,15,0.7002884051793041
oulad_AAA_2013J,oviedo_C174_1415,0.19459856396866837,0.32308736314586134,3,0.4200974449832152
oulad_AAA_2013J,oviedo_C190_1415,0.2704914211115255,0.5979172462560071,5,0.510264027281931
oulad_AAA_2013J,oviedo_C1978_1415,0.0063363688467171775,0.9903943592265425,3,0.5734277344638422
oulad_AAA_2013J,oviedo_C2011_1415,0.057484769364664956,1.02205736748188,3,0.5707385303991048
oulad_AAA_2013J,oviedo_C2024_1415,0.11513002930350291,0.852091661060261,13,0.6564885757402585
oulad_AAA_2013J,oviedo_C2150_1415,0.11264101679885707,0.441506126861579,2,0.47948878551371277
oulad_AAA_2013J,oviedo_C2271_1415,0.1402780941700107,0.9903943592265425,16,0.666087981795834
oulad_AAA_2013J,oviedo_C2335_1415,0.4034186574266123,2.3194530784907674,5,0.8160227561901509
oulad_AAA_2013J,oviedo_C2406_1415,0.34990871434460824,0.5247327266739307,2,0.47580158901543307
oulad_AAA_2013J,oviedo_C2468_1415,0.22584856396866837,0.9244180604621369,17,0.6793014983488141
oulad_AAA_2013J,oviedo_C2607_1415,0.46231065783148423,2.4955443375464483,3,0.8258543541461035
oulad_AAA_2013J,oviedo_C3022_1415,0.011562849682954068,2.194514341882467,6,0.7708195549760374
oulad_AAA_2013J,oviedo_C3029_1415,0.054852892972997336,0.9640654205041933,6,0.6641202885141714
oulad_AAA_2013J,oviedo_C4189_1415,0.19459856396866837,2.7965743332104296,4,0.9239089891831406
oulad_AAA_2013J,oviedo_C4213_1415,0.14727713539723974,0.3424920624793397,2,0.41583630841370495
oulad_AAA_2013J,oviedo_C836_1415,0.23159569040544997,1.0406994775379383,4,0.5540864405544338
oulad_AAA_2014J,oulad_AAA_2013J,0.03269787903716148,0.03841971124303973,0,0.07939278433215986
oulad_AAA_2014J,oulad_BBB_2013B,0.23870812692358384,0.3654576687077242,4,0.23616176986877271
oulad_AAA_2014J,oulad_BBB_2013J,0.21393745292435445,0.5706339011309269,0,0.30528480710904576
oulad_AAA_2014J,oulad_BBB_2014B,0.24243772770894023,0.6612446089593336,5,0.3375941318276285
oulad_AAA_2014J,oulad_BBB_2014J,0.1905328838843865,0.4517295944167026,1,0.30859741874229435
oulad_AAA_2014J,oulad_CCC_2014B,0.3506920072455565,0.27814767901023935,4,0.2874195387427019
oulad_AAA_2014J,oulad_CCC_2014J,0.28682562488346847,0.21161195848925898,0,0.2615120667962942
oulad_AAA_2014J,oulad_DDD_2013B,0.30174623366519837,0.10109876911028604,4,0.15920148145255641
oulad_AAA_2014J,oulad_DDD_2013J,0.2653901070161302,0.20245572724848854,1,0.17345014429708439
oulad_AAA_2014J,oulad_DDD_2014B,0.3030855383517023,0.22667570492513486,4,0.18211847498358588
oulad_AAA_2014J,oulad_DDD_2014J,0.2538827980762656,0.3316433606028148,1,0.19446172013810425
oulad_AAA_2014J,oulad_EEE_2013J,0.11425334652846508,0.019272200421921428,0,0.11076655778202735
oulad_AAA_2014J,oulad_EEE_2014B,0.17874146302948957,0.0670731298444215,4,0.16220948921987174
oulad_AAA_2014J,oulad_EEE_2014J,0.11739310917393109,0.024556161006050854,0,0.13269913749365805
oulad_AAA_2014J,oulad_FFF_2013B,0.20864015209383652,0.23988664239603835,4,0.18282130186698095
oulad_AAA_2014J,oulad_FFF_2013J,0.21351862185660542,0.1128341917931853,0,0.11908559222295653
oulad_AAA_2014J,oulad_FFF_2014B,0.2571506849315069,0.059080108458108155,4,0.12899804305283757
oulad_AAA_2014J,oulad_FFF_2014J,0.22084624518520668,0.08069446876986536,0,0.13044190597551542
oulad_AAA_2014J,ku_Accountancy_1819,0.00897697464296121,0.6458848535501193,26,0.6727078735895408
oulad_AAA_2014J,ku_Globaleconom_1819,0.13056656649274512,0.9657629324691361,24,0.6518862284123442
oulad_AAA_2014J,ku_Accountancy_1920,0.010881181385407612,0.5734631911497912,26,0.679557535634481
oulad_AAA_2014J,ku_Globaleconom_1920,0.061621708607406456,0.333272985336323,24,0.5629565132431587
oulad_AAA_2014J,ku_Accountancy_2021,0.008094128346501361,0.01269738967475421,26,0.565289224881108
oulad_AAA_2014J,ku_Globaleconom_2021,0.1797178491106114,0.30027272523339765,24,0.5865584017291235
oulad_AAA_2014J,ukzn_ISTN101_2019,0.1326068908260689,0.5540346393114651,6,0.5323685732076143
oulad_AAA_2014J,ukzn_ISTN101_2020,0.2567470655797406,0.479401021014561,4,0.480255643731566
oulad_AAA_2014J,ukzn_ISTN101_2021,0.22182907215351333,0.05229090968347072,15,0.5169958616245566
oulad_AAA_2014J,ukzn_ISTN102_2018,0.04225787537977721,1.0860567640316725,20,0.6446899723590732
oulad_AAA_2014J,ukzn_ISTN103_2019,0.037307536092751836,1.0860567640316725,20,0.6459349829360538
oulad_AAA_2014J,ukzn_ISTN103_2020,0.20056465702782766,1.0635494230338212,25,0.6027089791680984
oulad_AAA_2014J,ukzn_ISTN211_2019,0.23899217221135027,0.5806181220375278,2,0.52573385518591
oulad_AAA_2014J,ukzn_ISTN211_2021,0.25486154748439527,0.7369653228974519,20,0.6280579543618378
oulad_AAA_2014J,ukzn_ISTN212_2018,0.12197536548866117,0.9800033715837464,21,0.6313506224407571
oulad_AAA_2014J,ukzn_ISTN212_2019,0.14775840597758405,0.9320798192665635,20,0.6495582043527249
oulad_AAA_2014J,ukzn_ISTN2IP_2018,0.054324062543240625,0.9947266284044527,19,0.6004941785763703
oulad_AAA_2014J,ukzn_ISTN2IP_2019,0.06547000472366549,0.7128316431807326,6,0.5821546663067684
oulad_AAA_2014J,ukzn_ISTN3ND_2018,0.08898401826484026,1.0860567640316725,21,0.6453794303109373
oulad_AAA_2014J,ukzn_ISTN3ND_2019,0.10953989802813435,0.5791776746742205,20,0.5797741173992786
oulad_AAA_2014J,ukzn_ISTN3SA_2018,0.09408335762168463,0.647564911668141,3,0.5170337677478453
oulad_AAA_2014J,ukzn_ISTN3SA_2019,0.17864418686336492,0.5763110340226174,4,0.47883988157960766
oulad_AAA_2014J,zambia_ICT1110_2020,0.4469968387776607,0.76251942736984,4,0.4460635255155803
oulad_AAA_2014J,zambia_ICT1110_2021,0.30853530031612225,0.612026586289152,3,0.5219554418184555
oulad_AAA_2014J,oviedo_C1112_1415,0.2358642527707029,0.7287708442821803,15,0.5769296580751114
oulad_AAA_2014J,oviedo_C1127_1415,0.06107521323339371,0.7089365992972084,13,0.5971015027877266
oulad_AAA_2014J,oviedo_C1200_1415,0.2912815260530022,0.42571616205178464,4,0.47433472941090404
oulad_AAA_2014J,oviedo_C1303_1415,0.3181506849315069,1.0022797662948986,15,0.6861685770198491
oulad_AAA_2014J,oviedo_C174_1415,0.1619006849315069,0.2846676519028216,3,0.4034246575342465
oulad_AAA_2014J,oviedo_C190_1415,0.23779354207436404,0.5594975350129673,5,0.49770408163265306
oulad_AAA_2014J,oviedo_C1978_1415,0.026361510190444304,0.9519746479835028,3,0.5092692472912986
oulad_AAA_2014J,oviedo_C2011_1415,0.09018264840182644,0.9836376562388404,3,0.5084964122635356
oulad_AAA_2014J,oviedo_C2024_1415,0.1478279083406644,0.8136719498172214,13,0.6377493312267725
oulad_AAA_2014J,oviedo_C2150_1415,0.07994313776169559,0.4030864156185393,2,0.46474171989809104
oulad_AAA_2014J,oviedo_C2271_1415,0.10758021513284921,0.9519746479835028,16,0.6532184557191452
oulad_AAA_2014J,oviedo_C2335_1415,0.37072077838945083,2.2810333672477277,5,0.7760008778828391
oulad_AAA_2014J,oviedo_C2406_1415,0.31721083530744676,0.486313015430891,2,0.47067374895163544
oulad_AAA_2014J,oviedo_C2468_1415,0.1931506849315069,0.8859983492190971,17,0.6621975084721494
oulad_AAA_2014J,oviedo_C2607_1415,0.42961277879432275,2.457124626303409,3,0.7871745780553455
oulad_AAA_2014J,oviedo_C3022_1415,0.021135029354207413,2.1560946306394277,6,0.7285418276899801
oulad_AAA_2014J,oviedo_C3029_1415,0.022155013935835854,0.9256457092611536,6,0.6122838674697775
oulad_AAA_2014J,oviedo_C4189_1415,0.1619006849315069,2.75815462196739,4,0.8908604452054795
oulad_AAA_2014J,oviedo_C4213_1415,0.11457925636007826,0.3040723512363,2,0.4204500978473581
oulad_AAA_2014J,oviedo_C836_1415,0.1988978113682885,1.0022797662948986,4,0.5100794025687744
oulad_BBB_2013B,oulad_AAA_2013J,0.2714060059607453,0.40387737995076395,4,0.27991734579436883
oulad_BBB_2013B,oulad_AAA_2014J,0.23870812692358384,0.3654576687077242,4,0.23616176986877271
oulad_BBB_2013B,oulad_BBB_2013J,0.024770673999229387,0.20517623242320268,4,0.128340665064828
oulad_BBB_2013B,oulad_BBB_2014B,0.0037296007853563906,0.2957869402516093,1,0.16865384066930922
oulad_BBB_2013B,oulad_BBB_2014J,0.048175243039197346,0.08627192570897833,3,0.17016098344154593
oulad_BBB_2013B,oulad_CCC_2014B,0.11198388032197265,0.08730998969748492,0,0.14573423695201745
oulad_BBB_2013B,oulad_CCC_2014J,0.048117497959884625,0.1538457102184653,4,0.17748932754417618
oulad_BBB_2013B,oulad_DDD_2013B,0.06303810674161453,0.2643588995974382,0,0.22575172613284997
oulad_BBB_2013B,oulad_DDD_2013J,0.026681980092546354,0.16300194145923566,3,0.1794762047433574
oulad_BBB_2013B,oulad_DDD_2014B,0.06437741142811848,0.13878196378258942,0,0.13340038127260992
oulad_BBB_2013B,oulad_DDD_2014J,0.015174671152681785,0.03381430810490947,3,0.13750696315691274
oulad_BBB_2013B,oulad_EEE_2013J,0.12445478039511876,0.38472986912964563,4,0.23631667479750523
oulad_BBB_2013B,oulad_EEE_2014B,0.059966663894094274,0.29838453886330274,0,0.20166841292130575
oulad_BBB_2013B,oulad_EEE_2014J,0.12131501774965275,0.34090150770167343,4,0.23567798610243434
oulad_BBB_2013B,oulad_FFF_2013B,0.030067974829747324,0.6053443111037626,0,0.3048044622889518
oulad_BBB_2013B,oulad_FFF_2013J,0.025189505066978424,0.47829186050090955,4,0.23634931931583864
oulad_BBB_2013B,oulad_FFF_2014B,0.01844255800792305,0.4245377771658324,0,0.20428393564556552
oulad_BBB_2013B,oulad_FFF_2014J,0.01786188173837716,0.4461521374775896,4,0.2251247364130848
oulad_BBB_2013B,ku_Accountancy_1819,0.24768510156654505,0.2804271848423951,22,0.48708389453386386
oulad_BBB_2013B,ku_Globaleconom_1819,0.10814156043083872,0.6003052637614119,20,0.4929318477020058
oulad_BBB_2013B,ku_Accountancy_1920,0.22782694553817623,0.20800552244206694,22,0.5180593900674817
oulad_BBB_2013B,ku_Globaleconom_1920,0.3003298355309903,0.03218468337140124,20,0.46007088205094243
oulad_BBB_2013B,ku_Accountancy_2021,0.2468022552700852,0.3781550583824784,22,0.5942157629383323
oulad_BBB_2013B,ku_Globaleconom_2021,0.05899027781297245,0.06518494347432657,20,0.4687262209447547
oulad_BBB_2013B,ukzn_ISTN101_2019,0.37131501774965275,0.18857697060374093,2,0.3888333829441639
oulad_BBB_2013B,ukzn_ISTN101_2020,0.4954551925033244,0.11394335230683679,0,0.34198746420771897
oulad_BBB_2013B,ukzn_ISTN101_2021,0.46053719907709717,0.3131667590242535,11,0.44331672854593057
oulad_BBB_2013B,ukzn_ISTN102_2018,0.28096600230336105,0.7205990953239483,16,0.5124352238698918
oulad_BBB_2013B,ukzn_ISTN103_2019,0.2760156630163357,0.7205990953239483,16,0.49769716003773457
oulad_BBB_2013B,ukzn_ISTN103_2020,0.4392727839514115,0.6980917543260969,21,0.4687633609095782
oulad_BBB_2013B,ukzn_ISTN211_2019,0.4777002991349341,0.2151604533298036,2,0.41852644283519863
oulad_BBB_2013B,ukzn_ISTN211_2021,0.4935696744079791,0.3715076541897277,16,0.4769351612235679
oulad_BBB_2013B,ukzn_ISTN212_2018,0.360683492412245,0.6145457028760221,17,0.4920694933321376
oulad_BBB_2013B,ukzn_ISTN212_2019,0.3864665329011679,0.5666221505588394,16,0.5026569355941172
oulad_BBB_2013B,ukzn_ISTN2IP_2018,0.29303218946682447,0.6292689596967285,15,0.48263375937399705
oulad_BBB_2013B,ukzn_ISTN2IP_2019,0.30417813164724933,0.3473739744730083,2,0.4497771124139604
oulad_BBB_2013B,ukzn_ISTN3ND_2018,0.14972410865874358,0.7205990953239483,17,0.5114921039157032
oulad_BBB_2013B,ukzn_ISTN3ND_2019,0.3482480249517182,0.21372000596649626,16,0.4765765853952108
oulad_BBB_2013B,ukzn_ISTN3SA_2018,0.33279148454526847,0.2821072429604168,1,0.3945347239065405
oulad_BBB_2013B,ukzn_ISTN3SA_2019,0.41735231378694876,0.21085336531489318,0,0.3675155631013017
oulad_BBB_2013B,zambia_ICT1110_2020,0.20828871185407688,0.3970617586621158,8,0.3470102054142802
oulad_BBB_2013B,zambia_ICT1110_2021,0.06982717339253841,0.24656891758142768,1,0.40761177136389365
oulad_BBB_2013B,oviedo_C1112_1415,0.002843874152880954,0.36331317557445614,11,0.4318337584925192
oulad_BBB_2013B,oviedo_C1127_1415,0.17763291369019013,0.3434789305894841,9,0.44885341778060484
oulad_BBB_2013B,oviedo_C1200_1415,0.052573399129418386,0.0602584933440604,8,0.3990697273784401
oulad_BBB_2013B,oviedo_C1303_1415,0.07944255800792305,0.6368220975871743,11,0.5320407874525023
oulad_BBB_2013B,oviedo_C174_1415,0.07680744199207695,0.08079001680490261,7,0.33705230818982945
oulad_BBB_2013B,oviedo_C190_1415,0.0009145848492198017,0.19403986630524309,9,0.4262730559116686
oulad_BBB_2013B,oviedo_C1978_1415,0.26506963711402814,0.5865169792757785,7,0.41106799256205034
oulad_BBB_2013B,oviedo_C2011_1415,0.3288907753254103,0.6181799875311162,7,0.3979383943730293
oulad_BBB_2013B,oviedo_C2024_1415,0.38653603526424823,0.44821428110949707,9,0.4962888131841886
oulad_BBB_2013B,oviedo_C2150_1415,0.15876498916188825,0.03762874691081506,6,0.41566713497071955
oulad_BBB_2013B,oviedo_C2271_1415,0.13112791179073463,0.5865169792757785,12,0.5155675777449686
oulad_BBB_2013B,oviedo_C2335_1415,0.132012651465867,1.9155756985400032,9,0.6449208263347546
oulad_BBB_2013B,oviedo_C2406_1415,0.07850270838386292,0.12085534672316675,6,0.3753392698335701
oulad_BBB_2013B,oviedo_C2468_1415,0.04555744199207695,0.5205406805113729,13,0.515501972870808
oulad_BBB_2013B,oviedo_C2607_1415,0.1909046518707389,2.0916669575956846,1,0.6578978014501725
oulad_BBB_2013B,oviedo_C3022_1415,0.25984315627779125,1.7906369619317033,2,0.6152977319960241
oulad_BBB_2013B,oviedo_C3029_1415,0.216553112987748,0.5601880405534294,10,0.4972433177623573
oulad_BBB_2013B,oviedo_C4189_1415,0.07680744199207695,2.392696953259666,8,0.8036358537472715
oulad_BBB_2013B,oviedo_C4213_1415,0.12412887056350558,0.06138531747142427,6,0.40786817273598747
oulad_BBB_2013B,oviedo_C836_1415,0.03981031555529535,0.6368220975871743,8,0.41033339745358954
oulad_BBB_2013J,oulad_AAA_2013J,0.24663533196151594,0.6090536123739666,0,0.3581742212496522
oulad_BBB_2013J,oulad_AAA_2014J,0.21393745292435445,0.5706339011309269,0,0.30528480710904576
oulad_BBB_2013J,oulad_BBB_2013B,0.024770673999229387,0.20517623242320265,4,0.128340665064828
oulad_BBB_2013J,oulad_BBB_2014B,0.028500274784585777,0.09061070782840665,5,0.10190938961952083
oulad_BBB_2013J,oulad_BBB_2014J,0.02340456903996796,0.11890430671422428,1,0.12510583601845038
oulad_BBB_2013J,oulad_CCC_2014B,0.13675455432120204,0.29248622212068753,4,0.15575608302779434
oulad_BBB_2013J,oulad_CCC_2014J,0.07288817195911401,0.3590219426416679,0,0.15929788341817205
oulad_BBB_2013J,oulad_DDD_2013B,0.08780878074084392,0.4695351320206408,4,0.31278832731962974
oulad_BBB_2013J,oulad_DDD_2013J,0.05145265409177574,0.36817817388243834,1,0.24527927539272068
oulad_BBB_2013J,oulad_DDD_2014B,0.08914808542734787,0.34395819620579204,4,0.19866680201601183
oulad_BBB_2013J,oulad_DDD_2014J,0.03994534515191117,0.2389905405281122,1,0.17201344361635248
oulad_BBB_2013J,oulad_EEE_2013J,0.09968410639588937,0.5899061015528483,0,0.2747150110105657
oulad_BBB_2013J,oulad_EEE_2014B,0.03519598989486489,0.5035607712865054,4,0.2425842519415504
oulad_BBB_2013J,oulad_EEE_2014J,0.09654434375042337,0.5460777401248761,0,0.25390122137998755
oulad_BBB_2013J,oulad_FFF_2013B,0.005297300830517937,0.8105205435269653,4,0.3886458555650068
oulad_BBB_2013J,oulad_FFF_2013J,0.000418831067749037,0.6834680929241123,0,0.2965597529945666
oulad_BBB_2013J,oulad_FFF_2014B,0.043213232007152436,0.629714009589035,4,0.2907530919386082
oulad_BBB_2013J,oulad_FFF_2014J,0.006908792260852226,0.6513283699007922,0,0.2691348530460298
oulad_BBB_2013J,ku_Accountancy_1819,0.22291442756731566,0.07525095241919245,26,0.47335678414833154
oulad_BBB_2013J,ku_Globaleconom_1819,0.08337088643160934,0.3951290313382092,24,0.4589984199764892
oulad_BBB_2013J,ku_Accountancy_1920,0.20305627153894684,0.0028292900188642534,26,0.5042964891375091
oulad_BBB_2013J,ku_Globaleconom_1920,0.2755591615317609,0.23736091579460392,24,0.47306916244231995
oulad_BBB_2013J,ku_Accountancy_2021,0.22203158127085582,0.5833312908056811,26,0.608968615965242
oulad_BBB_2013J,ku_Globaleconom_2021,0.03421960381374306,0.2703611758975292,24,0.4851887188999126
oulad_BBB_2013J,ukzn_ISTN101_2019,0.34654434375042337,0.016599261819461704,6,0.40982301300249446
oulad_BBB_2013J,ukzn_ISTN101_2020,0.47068451850409504,0.09123288011636592,4,0.2831390795469549
oulad_BBB_2013J,ukzn_ISTN101_2021,0.4357665250778678,0.5183429914474562,15,0.4538187737491316
oulad_BBB_2013J,ukzn_ISTN102_2018,0.25619532830413166,0.5154228629007456,20,0.46944199616187704
oulad_BBB_2013J,ukzn_ISTN103_2019,0.2512449890171063,0.5154228629007456,20,0.4596941314459844
oulad_BBB_2013J,ukzn_ISTN103_2020,0.4145021099521821,0.49291552190289434,25,0.42231410919340445
oulad_BBB_2013J,ukzn_ISTN211_2019,0.4529296251357047,0.009984220906600923,2,0.4225002964976782
oulad_BBB_2013J,ukzn_ISTN211_2021,0.4687990004087497,0.16633142176652496,20,0.4260015588342763
oulad_BBB_2013J,ukzn_ISTN212_2018,0.3359128184130156,0.40936947045281946,21,0.4479036138371308
oulad_BBB_2013J,ukzn_ISTN212_2019,0.3616958589019385,0.36144591813563665,20,0.46071191511513376
oulad_BBB_2013J,ukzn_ISTN2IP_2018,0.2682615154675951,0.4240927272735258,19,0.40391655232960544
oulad_BBB_2013J,ukzn_ISTN2IP_2019,0.27940745764801994,0.14219774204980565,6,0.4480622579061067
oulad_BBB_2013J,ukzn_ISTN3ND_2018,0.1249534346595142,0.5154228629007456,21,0.47276282365129035
oulad_BBB_2013J,ukzn_ISTN3ND_2019,0.3234773509524888,0.008543773543293673,20,0.4339589519573122
oulad_BBB_2013J,ukzn_ISTN3SA_2018,0.3080208105460391,0.07693101053721407,3,0.38966963914889996
oulad_BBB_2013J,ukzn_ISTN3SA_2019,0.39258163978771937,0.005677132891690489,4,0.37698906666273674
oulad_BBB_2013J,zambia_ICT1110_2020,0.23305938585330627,0.19188552623891317,4,0.34148167433817855
oulad_BBB_2013J,zambia_ICT1110_2021,0.0945978473917678,0.04139268515822508,3,0.4142162040016309
oulad_BBB_2013J,oviedo_C1112_1415,0.021926799846348433,0.1581369431512534,15,0.39662711026234054
oulad_BBB_2013J,oviedo_C1127_1415,0.15286223969096074,0.13830269816628146,13,0.41914108108303505
oulad_BBB_2013J,oviedo_C1200_1415,0.07734407312864777,0.1449177390791423,4,0.4433871894757008
oulad_BBB_2013J,oviedo_C1303_1415,0.10421323200715243,0.4316458651639717,15,0.4899932033609152
oulad_BBB_2013J,oviedo_C174_1415,0.052036767992847566,0.28596624922810526,3,0.3371184302956766
oulad_BBB_2013J,oviedo_C190_1415,0.023856089150009585,0.011136366117959567,5,0.42441932070101174
oulad_BBB_2013J,oviedo_C1978_1415,0.24029896311479876,0.3813407468525759,3,0.3684688459375813
oulad_BBB_2013J,oviedo_C2011_1415,0.3041201013261809,0.41300375510791354,3,0.35147093258403045
oulad_BBB_2013J,oviedo_C2024_1415,0.36176536126501885,0.24303804868629444,13,0.45679605459864897
oulad_BBB_2013J,oviedo_C2150_1415,0.13399431516265886,0.1675474855123876,2,0.42985105918954314
oulad_BBB_2013J,oviedo_C2271_1415,0.10635723779150524,0.3813407468525759,16,0.4675330909471192
oulad_BBB_2013J,oviedo_C2335_1415,0.15678332546509638,1.7103994661168007,5,0.5629322183713287
oulad_BBB_2013J,oviedo_C2406_1415,0.1032733823830923,0.08432088570003593,2,0.3879073121849262
oulad_BBB_2013J,oviedo_C2468_1415,0.020786767992847566,0.31536444808817027,17,0.46669023813936966
oulad_BBB_2013J,oviedo_C2607_1415,0.2156753258699683,1.8864907251724818,3,0.5762642583600901
oulad_BBB_2013J,oviedo_C3022_1415,0.23507248227856187,1.5854607295085006,6,0.5303353348491833
oulad_BBB_2013J,oviedo_C3029_1415,0.1917824389885186,0.35501180813022676,6,0.3908525006296256
oulad_BBB_2013J,oviedo_C4189_1415,0.052036767992847566,2.187520720836463,4,0.7291104556485087
oulad_BBB_2013J,oviedo_C4213_1415,0.09935819656427619,0.26656154989462694,2,0.4178236158119931
oulad_BBB_2013J,oviedo_C836_1415,0.015039641556065964,0.4316458651639717,4,0.35158731382121694
oulad_BBB_2014B,oulad_AAA_2013J,0.2751356067461017,0.6996643202023732,5,0.39388704189870954
oulad_BBB_2014B,oulad_AAA_2014J,0.24243772770894023,0.6612446089593336,5,0.3375941318276285
oulad_BBB_2014B,oulad_BBB_2013B,0.0037296007853563906,0.2957869402516093,1,0.16865384066930922
oulad_BBB_2014B,oulad_BBB_2013J,0.028500274784585777,0.09061070782840666,5,0.10190938961952083
oulad_BBB_2014B,oulad_BBB_2014J,0.05190484382455374,0.20951501454263097,4,0.15294684039226905
oulad_BBB_2014B,oulad_CCC_2014B,0.10825427953661626,0.3830969299490942,1,0.1756808154084545
oulad_BBB_2014B,oulad_CCC_2014J,0.044387897174528235,0.4496326504700746,5,0.19828116500817342
oulad_BBB_2014B,oulad_DDD_2013B,0.05930850595625814,0.5601458398490475,1,0.3586941915378509
oulad_BBB_2014B,oulad_DDD_2013J,0.022952379307189963,0.45878888171084503,4,0.29508026658309106
oulad_BBB_2014B,oulad_DDD_2014B,0.06064781064276209,0.4345689040341987,1,0.237551412341039
oulad_BBB_2014B,oulad_DDD_2014J,0.011445070367325394,0.32960124835651883,4,0.22611002740833888
oulad_BBB_2014B,oulad_EEE_2013J,0.12818438118047515,0.6805168093812549,5,0.30969945442599894
oulad_BBB_2014B,oulad_EEE_2014B,0.06369626467945066,0.5941714791149121,1,0.273033762066495
oulad_BBB_2014B,oulad_EEE_2014J,0.12504461853500914,0.6366884479532827,5,0.29255713632651015
oulad_BBB_2014B,oulad_FFF_2013B,0.033797575615103714,0.901131251355372,1,0.42517310175763684
oulad_BBB_2014B,oulad_FFF_2013J,0.028919105852334814,0.7740788007525189,5,0.34340876660221864
oulad_BBB_2014B,oulad_FFF_2014B,0.014712957222566658,0.7203247174174418,1,0.32743347208691287
oulad_BBB_2014B,oulad_FFF_2014J,0.02159148252373355,0.7419390777291989,5,0.3273245187892169
oulad_BBB_2014B,ku_Accountancy_1819,0.25141470235190144,0.015359755409214236,21,0.44348445476250153
oulad_BBB_2014B,ku_Globaleconom_1819,0.11187116121619511,0.3045183235098025,19,0.4122931435880815
oulad_BBB_2014B,ku_Accountancy_1920,0.23155654632353262,0.08778141780954239,21,0.48687908715345357
oulad_BBB_2014B,ku_Globaleconom_1920,0.3040594363163467,0.3279716236230106,19,0.45930920251350893
oulad_BBB_2014B,ku_Accountancy_2021,0.2505318560554416,0.6739419986340878,21,0.6053141138739738
oulad_BBB_2014B,ku_Globaleconom_2021,0.06271987859832884,0.3609718837259359,19,0.47999238595790855
oulad_BBB_2014B,ukzn_ISTN101_2019,0.37504461853500914,0.10720996964786837,1,0.41415511281444317
oulad_BBB_2014B,ukzn_ISTN101_2020,0.4991847932886808,0.1818435879447725,1,0.2928459407831382
oulad_BBB_2014B,ukzn_ISTN101_2021,0.46426679986245356,0.6089536992758628,10,0.44919251249397757
oulad_BBB_2014B,ukzn_ISTN102_2018,0.28469560308871744,0.42481215507233894,15,0.4233990985554764
oulad_BBB_2014B,ukzn_ISTN103_2019,0.27974526380169207,0.42481215507233894,15,0.4132404192829678
oulad_BBB_2014B,ukzn_ISTN103_2020,0.4430023847367679,0.40230481407448765,20,0.37651837272124383
oulad_BBB_2014B,ukzn_ISTN211_2019,0.4814298999202905,0.08062648692180575,3,0.4304977415640776
oulad_BBB_2014B,ukzn_ISTN211_2021,0.4972992751933355,0.07572071393811834,15,0.38480135053845216
oulad_BBB_2014B,ukzn_ISTN212_2018,0.3644130931976014,0.31875876262441283,16,0.3995771898343962
oulad_BBB_2014B,ukzn_ISTN212_2019,0.3901961336865243,0.27083521030723,15,0.41362757412044454
oulad_BBB_2014B,ukzn_ISTN2IP_2018,0.29676179025218086,0.3334820194451192,14,0.36153045824465535
oulad_BBB_2014B,ukzn_ISTN2IP_2019,0.3079077324326057,0.051587034221399,1,0.42794535776129294
oulad_BBB_2014B,ukzn_ISTN3ND_2018,0.15345370944409997,0.42481215507233894,16,0.4257957419380234
oulad_BBB_2014B,ukzn_ISTN3ND_2019,0.3519776257370746,0.08206693428511302,15,0.41538778653421726
oulad_BBB_2014B,ukzn_ISTN3SA_2018,0.33652108533062486,0.013679697291192575,2,0.38151267154973745
oulad_BBB_2014B,ukzn_ISTN3SA_2019,0.42108191457230515,0.08493357493671616,1,0.37948309182035167
oulad_BBB_2014B,zambia_ICT1110_2020,0.2045591110687205,0.10127481841050646,9,0.3234448130914343
oulad_BBB_2014B,zambia_ICT1110_2021,0.06609757260718202,0.04921802267018159,2,0.41016670867879795
oulad_BBB_2014B,oviedo_C1112_1415,0.006573474938237345,0.06752623532284678,10,0.3609919226813369
oulad_BBB_2014B,oviedo_C1127_1415,0.18136251447554652,0.047691990337874815,8,0.3985575420730821
oulad_BBB_2014B,oviedo_C1200_1415,0.048843798344061995,0.2355284469075489,9,0.47175444506707437
oulad_BBB_2014B,oviedo_C1303_1415,0.07571295722256666,0.34103515733556505,10,0.44424051393651076
oulad_BBB_2014B,oviedo_C174_1415,0.08053704277743334,0.37657695705651195,8,0.3539932246922327
oulad_BBB_2014B,oviedo_C190_1415,0.004644185634576192,0.10174707394636621,10,0.43206188240950444
oulad_BBB_2014B,oviedo_C1978_1415,0.26879923789938454,0.2907300390241692,8,0.35097023098474717
oulad_BBB_2014B,oviedo_C2011_1415,0.33262037611076667,0.32239304727950685,8,0.3348227201605999
oulad_BBB_2014B,oviedo_C2024_1415,0.3902656360496046,0.15242734085788778,8,0.4160619388612131
oulad_BBB_2014B,oviedo_C2150_1415,0.16249458994724464,0.2581581933407942,7,0.44806349354887764
oulad_BBB_2014B,oviedo_C2271_1415,0.13485751257609102,0.2907300390241692,11,0.4332825217447644
oulad_BBB_2014B,oviedo_C2335_1415,0.1282830506805106,1.6197887582883939,10,0.5478265296071555
oulad_BBB_2014B,oviedo_C2406_1415,0.07477310759850653,0.17493159352844256,7,0.3843416441200424
oulad_BBB_2014B,oviedo_C2468_1415,0.04928704277743334,0.22475374025976358,12,0.42377589748796257
oulad_BBB_2014B,oviedo_C2607_1415,0.18717505108538252,1.7958800173440752,2,0.5535331005462003
oulad_BBB_2014B,oviedo_C3022_1415,0.26357275706314764,1.494850021680094,1,0.5050992498673369
oulad_BBB_2014B,oviedo_C3029_1415,0.22028271377310438,0.26440110030182007,11,0.3595232152490146
oulad_BBB_2014B,oviedo_C4189_1415,0.08053704277743334,2.0969100130080562,9,0.7290222854485873
oulad_BBB_2014B,oviedo_C4213_1415,0.12785847134886197,0.35717225772303357,7,0.4389026658400496
oulad_BBB_2014B,oviedo_C836_1415,0.04353991634065174,0.34103515733556505,9,0.33869718227415385
oulad_BBB_2014J,oulad_AAA_2013J,0.22323076292154798,0.4901493056597423,1,0.35900994849021595
oulad_BBB_2014J,oulad_AAA_2014J,0.1905328838843865,0.45172959441670263,1,0.30859741874229435
oulad_BBB_2014J,oulad_BBB_2013B,0.048175243039197346,0.08627192570897836,3,0.17016098344154593
oulad_BBB_2014J,oulad_BBB_2013J,0.02340456903996796,0.11890430671422426,1,0.12510583601845038
oulad_BBB_2014J,oulad_BBB_2014B,0.05190484382455374,0.20951501454263097,4,0.15294684039226905
oulad_BBB_2014J,oulad_CCC_2014B,0.16015912336117,0.17358191540646326,3,0.1278374964714803
oulad_BBB_2014J,oulad_CCC_2014J,0.09629274099908197,0.24011763592744365,1,0.14557534833651012
oulad_BBB_2014J,oulad_DDD_2013B,0.11121334978081188,0.35063082530641654,3,0.31048786979321835
oulad_BBB_2014J,oulad_DDD_2013J,0.0748572231317437,0.24927386716821404,0,0.24319749944618246
oulad_BBB_2014J,oulad_DDD_2014B,0.11255265446731583,0.22505388949156777,3,0.20735384045665947
oulad_BBB_2014J,oulad_DDD_2014J,0.06334991419187913,0.12008623381388789,0,0.1702234412769211
oulad_BBB_2014J,oulad_EEE_2013J,0.07627953735592141,0.47100179483862403,1,0.2901171019240814
oulad_BBB_2014J,oulad_EEE_2014B,0.011791420854896928,0.38465646457228114,3,0.24620585895990635
oulad_BBB_2014J,oulad_EEE_2014J,0.07313977471045541,0.42717343341065184,1,0.2706112483599395
oulad_BBB_2014J,oulad_FFF_2013B,0.018107268209450023,0.691616236812741,3,0.4073382306463916
oulad_BBB_2014J,oulad_FFF_2013J,0.022985737972218923,0.5645637862098879,1,0.3172664790747914
oulad_BBB_2014J,oulad_FFF_2014B,0.0666178010471204,0.5108097028748109,3,0.3012904512590376
oulad_BBB_2014J,oulad_FFF_2014J,0.030313361300820185,0.5324240631865679,1,0.29187538181206757
oulad_BBB_2014J,ku_Accountancy_1819,0.1995098585273477,0.19415525913341672,25,0.4543161226838959
oulad_BBB_2014J,ku_Globaleconom_1819,0.05996631739164138,0.5140333380524335,23,0.456550508980519
oulad_BBB_2014J,ku_Accountancy_1920,0.17965170249897888,0.12173359673308855,25,0.465558278563737
oulad_BBB_2014J,ku_Globaleconom_1920,0.25215459249179295,0.11845660908037965,23,0.3889068278094272
oulad_BBB_2014J,ku_Accountancy_2021,0.19862701223088786,0.4644269840914569,25,0.5298848808928972
oulad_BBB_2014J,ku_Globaleconom_2021,0.0108150347737751,0.15145686918330498,23,0.40551747619419726
oulad_BBB_2014J,ukzn_ISTN101_2019,0.3231397747104554,0.10230504489476258,5,0.3979093005598241
oulad_BBB_2014J,ukzn_ISTN101_2020,0.4472799494641271,0.027671426597858435,3,0.2765829551555309
oulad_BBB_2014J,ukzn_ISTN101_2021,0.4123619560378998,0.3994386847332319,14,0.42892798851740715
oulad_BBB_2014J,ukzn_ISTN102_2018,0.2327907592641637,0.6343271696149699,19,0.4546788646397504
oulad_BBB_2014J,ukzn_ISTN103_2019,0.22784041997713833,0.6343271696149699,19,0.45027219620437325
oulad_BBB_2014J,ukzn_ISTN103_2020,0.39109754091221416,0.6118198286171186,24,0.4022909964326384
oulad_BBB_2014J,ukzn_ISTN211_2019,0.42952505609573677,0.1288885276208252,1,0.40248602058624494
oulad_BBB_2014J,ukzn_ISTN211_2021,0.44539443136878176,0.2852357284807493,19,0.4051261553663205
oulad_BBB_2014J,ukzn_ISTN212_2018,0.31250824937304766,0.5282737771670437,20,0.41898644274463714
oulad_BBB_2014J,ukzn_ISTN212_2019,0.33829128986197055,0.4803502248498609,19,0.4407226717436141
oulad_BBB_2014J,ukzn_ISTN2IP_2018,0.24485694642762712,0.54299703398775,18,0.3917012307064663
oulad_BBB_2014J,ukzn_ISTN2IP_2019,0.256002888608052,0.2611020487640299,5,0.4300694641460122
oulad_BBB_2014J,ukzn_ISTN3ND_2018,0.10154886561954624,0.6343271696149699,20,0.4437640239341811
oulad_BBB_2014J,ukzn_ISTN3ND_2019,0.30007278191252085,0.12744808025751794,19,0.44182561856240626
oulad_BBB_2014J,ukzn_ISTN3SA_2018,0.2846162415060711,0.19583531725143838,2,0.37639841499705595
oulad_BBB_2014J,ukzn_ISTN3SA_2019,0.3691770707477514,0.12458143960591478,3,0.36326448420689267
oulad_BBB_2014J,zambia_ICT1110_2020,0.2564639548932742,0.31078983295313745,5,0.3289262221199394
oulad_BBB_2014J,zambia_ICT1110_2021,0.11800241643173576,0.16029699187244933,2,0.4052509445179603
oulad_BBB_2014J,oviedo_C1112_1415,0.04533136888631639,0.27704124986547773,14,0.37927076168676843
oulad_BBB_2014J,oviedo_C1127_1415,0.12945767065099278,0.25720700488050574,12,0.3991452750219914
oulad_BBB_2014J,oviedo_C1200_1415,0.10074864216861573,0.02601343236491797,5,0.4165583197608446
oulad_BBB_2014J,oviedo_C1303_1415,0.1276178010471204,0.550550171878196,14,0.4742382555116288
oulad_BBB_2014J,oviedo_C174_1415,0.028632198952879606,0.16706194251388098,4,0.33000654450261785
oulad_BBB_2014J,oviedo_C190_1415,0.047260658189977545,0.10776794059626471,6,0.4172009117783239
oulad_BBB_2014J,oviedo_C1978_1415,0.2168943940748308,0.5002450535668002,4,0.3665651166608899
oulad_BBB_2014J,oviedo_C2011_1415,0.28071553228621293,0.5319080618221378,4,0.3492894540014958
oulad_BBB_2014J,oviedo_C2024_1415,0.3383607922250509,0.3619423554005188,12,0.4384885372564896
oulad_BBB_2014J,oviedo_C2150_1415,0.1105897461226909,0.048643178798163315,3,0.41175681968925076
oulad_BBB_2014J,oviedo_C2271_1415,0.08295266875153728,0.5002450535668002,15,0.4431822555087603
oulad_BBB_2014J,oviedo_C2335_1415,0.18018789450506434,1.8293037728310249,6,0.5675164326140497
oulad_BBB_2014J,oviedo_C2406_1415,0.12667795142306026,0.03458342101418843,3,0.3668951736109158
oulad_BBB_2014J,oviedo_C2468_1415,0.002617801047120394,0.4342687548023945,16,0.44531653805692883
oulad_BBB_2014J,oviedo_C2607_1415,0.23907989490993625,2.005395031886706,2,0.5838803398956119
oulad_BBB_2014J,oviedo_C3022_1415,0.2116679132385939,1.704365036222725,5,0.5314560379125473
oulad_BBB_2014J,oviedo_C3029_1415,0.16837786994855064,0.47391611484445106,7,0.38824158887734056
oulad_BBB_2014J,oviedo_C4189_1415,0.028632198952879606,2.3064250275506875,5,0.7254094209673398
oulad_BBB_2014J,oviedo_C4213_1415,0.07595362752430823,0.14765724318040263,3,0.44847383979769917
oulad_BBB_2014J,oviedo_C836_1415,0.008364927483901996,0.550550171878196,5,0.34819547967228054
oulad_CCC_2014B,oulad_AAA_2013J,0.383389886282718,0.31656739025327907,4,0.34210803141790563
oulad_CCC_2014B,oulad_AAA_2014J,0.3506920072455565,0.27814767901023935,4,0.2874195387427019
oulad_CCC_2014B,oulad_BBB_2013B,0.11198388032197265,0.0873099896974849,0,0.14573423695201745
oulad_CCC_2014B,oulad_BBB_2013J,0.13675455432120204,0.2924862221206876,4,0.15575608302779434
oulad_CCC_2014B,oulad_BBB_2014B,0.10825427953661626,0.3830969299490942,1,0.1756808154084545
oulad_CCC_2014B,oulad_BBB_2014J,0.16015912336117,0.17358191540646328,3,0.1278374964714803
oulad_CCC_2014B,oulad_CCC_2014J,0.06386638236208803,0.0665357205209804,4,0.06408804729734201
oulad_CCC_2014B,oulad_DDD_2013B,0.04894577358035812,0.1770489098999533,0,0.30298479079700735
oulad_CCC_2014B,oulad_DDD_2013J,0.0853019002294263,0.07569195176175077,3,0.24636586909665997
oulad_CCC_2014B,oulad_DDD_2014B,0.04760646889385417,0.05147197408510452,0,0.1787442458341185
oulad_CCC_2014B,oulad_DDD_2014J,0.09680920916929087,0.05349568159257545,3,0.16794348066092127
oulad_CCC_2014B,oulad_EEE_2013J,0.2364386607170914,0.29741987943216075,4,0.2500347906500689
oulad_CCC_2014B,oulad_EEE_2014B,0.17195054421606693,0.21107454916581783,0,0.20407549615697373
oulad_CCC_2014B,oulad_EEE_2014J,0.2332988980716254,0.25359151800418855,4,0.20984739166557348
oulad_CCC_2014B,oulad_FFF_2013B,0.14205185515171997,0.5180343214062777,0,0.38548455881169635
oulad_CCC_2014B,oulad_FFF_2013J,0.13717338538895107,0.39098187080342467,4,0.30173915848417104
oulad_CCC_2014B,oulad_FFF_2014B,0.0935413223140496,0.33722778746834753,0,0.28243349075167257
oulad_CCC_2014B,oulad_FFF_2014J,0.1298457620603498,0.3588421477801047,4,0.2809028445127811
oulad_CCC_2014B,ku_Accountancy_1819,0.3596689818885177,0.36773717453988,22,0.5298817478459645
oulad_CCC_2014B,ku_Globaleconom_1819,0.22012544075281137,0.6876152534588967,20,0.5254932498677146
oulad_CCC_2014B,ku_Accountancy_1920,0.3398108258601489,0.2953155121395519,22,0.5338916241720885
oulad_CCC_2014B,ku_Globaleconom_1920,0.41231371585296295,0.05512530632608369,20,0.46981074258807537
oulad_CCC_2014B,ku_Accountancy_2021,0.35878613559205785,0.29084506868499355,22,0.5707551752911995
oulad_CCC_2014B,ku_Globaleconom_2021,0.1709741581349451,0.022125046223158314,20,0.4835571992458017
oulad_CCC_2014B,ukzn_ISTN101_2019,0.4832988980716254,0.27588696030122584,2,0.42516479732388823
oulad_CCC_2014B,ukzn_ISTN101_2020,0.6074390728252971,0.20125334200432168,0,0.28735320498427025
oulad_CCC_2014B,ukzn_ISTN101_2021,0.5725210793990698,0.22585676932676857,11,0.40325593465545617
oulad_CCC_2014B,ukzn_ISTN102_2018,0.3929498826253337,0.8079090850214332,16,0.5216623445532184
oulad_CCC_2014B,ukzn_ISTN103_2019,0.38799954333830833,0.8079090850214332,16,0.5219059048849541
oulad_CCC_2014B,ukzn_ISTN103_2020,0.5512566642733842,0.7854017440235819,21,0.46627162956351326
oulad_CCC_2014B,ukzn_ISTN211_2019,0.5896841794569068,0.3024704430272884,2,0.43554351492663185
oulad_CCC_2014B,ukzn_ISTN211_2021,0.6055535547299518,0.4588176438872126,16,0.4848205033776343
oulad_CCC_2014B,ukzn_ISTN212_2018,0.47266737273421766,0.701855692573507,17,0.4918421914220234
oulad_CCC_2014B,ukzn_ISTN212_2019,0.49845041322314054,0.6539321402563242,16,0.5139462809917356
oulad_CCC_2014B,ukzn_ISTN2IP_2018,0.4050160697887971,0.7165789493942133,15,0.42941591237045784
oulad_CCC_2014B,ukzn_ISTN2IP_2019,0.416162011969222,0.4346839641704932,2,0.4685400806090462
oulad_CCC_2014B,ukzn_ISTN3ND_2018,0.26170798898071623,0.8079090850214332,17,0.5167912895185622
oulad_CCC_2014B,ukzn_ISTN3ND_2019,0.46023190527369084,0.3010299956639812,16,0.49479632678776586
oulad_CCC_2014B,ukzn_ISTN3SA_2018,0.4447753648672411,0.3694172326579017,1,0.4036011538429333
oulad_CCC_2014B,ukzn_ISTN3SA_2019,0.5293361941089214,0.2981633550123781,0,0.3859507916326098
oulad_CCC_2014B,zambia_ICT1110_2020,0.09630483153210423,0.48437174835960073,8,0.3558623194986831
oulad_CCC_2014B,zambia_ICT1110_2021,0.04215670692943424,0.33387890727891256,1,0.4331123422032513
oulad_CCC_2014B,oviedo_C1112_1415,0.1148277544748536,0.450623165271941,11,0.43861982581146586
oulad_CCC_2014B,oviedo_C1127_1415,0.2896167940121628,0.430788920286969,9,0.45319356886681067
oulad_CCC_2014B,oviedo_C1200_1415,0.059410481192554265,0.1475684830415453,8,0.4281700669763541
oulad_CCC_2014B,oviedo_C1303_1415,0.0325413223140496,0.7241320872846592,11,0.5555321302074548
oulad_CCC_2014B,oviedo_C174_1415,0.1887913223140496,0.0065199728925822405,7,0.340650826446281
oulad_CCC_2014B,oviedo_C190_1415,0.11289846517119245,0.281349856002728,9,0.4429709900489121
oulad_CCC_2014B,oviedo_C1978_1415,0.3770535174360008,0.6738269689732634,7,0.3644462521956979
oulad_CCC_2014B,oviedo_C2011_1415,0.44087465564738293,0.7054899772286011,7,0.3519529712711531
oulad_CCC_2014B,oviedo_C2024_1415,0.4985199155862209,0.535524270806982,9,0.5150100281981016
oulad_CCC_2014B,oviedo_C2150_1415,0.2707488694838609,0.12493873660829993,6,0.42645797598627794
oulad_CCC_2014B,oviedo_C2271_1415,0.24311179211270728,0.6738269689732634,12,0.529367368446075
oulad_CCC_2014B,oviedo_C2335_1415,0.02002877114389434,2.0028856882374884,9,0.5882305884429929
oulad_CCC_2014B,oviedo_C2406_1415,0.03348117193810973,0.20816533642065166,6,0.3970487390258408
oulad_CCC_2014B,oviedo_C2468_1415,0.1575413223140496,0.6078506702088577,13,0.5280239439053186
oulad_CCC_2014B,oviedo_C2607_1415,0.07892077154876626,2.1789769472931693,1,0.6039776190334116
oulad_CCC_2014B,oviedo_C3022_1415,0.3718270365997639,1.8779469516291882,2,0.5452437173216393
oulad_CCC_2014B,oviedo_C3029_1415,0.32853699330972064,0.6474980302509143,10,0.40099862258953156
oulad_CCC_2014B,oviedo_C4189_1415,0.1887913223140496,2.4800069429571505,8,0.7643152302243211
oulad_CCC_2014B,oviedo_C4213_1415,0.23611275088547823,0.02592467222606061,6,0.42244054646652046
oulad_CCC_2014B,oviedo_C836_1415,0.151794195877268,0.7241320872846592,8,0.3701307182890255
oulad_CCC_2014J,oulad_AAA_2013J,0.31952350392062995,0.2500316697322987,0,0.31710097656640795
oulad_CCC_2014J,oulad_AAA_2014J,0.28682562488346847,0.21161195848925896,0,0.2615120667962942
oulad_CCC_2014J,oulad_BBB_2013B,0.048117497959884625,0.15384571021846527,4,0.17748932754417618
oulad_CCC_2014J,oulad_BBB_2013J,0.07288817195911401,0.3590219426416679,0,0.15929788341817205
oulad_CCC_2014J,oulad_BBB_2014B,0.044387897174528235,0.44963265047007456,5,0.19828116500817342
oulad_CCC_2014J,oulad_BBB_2014J,0.09629274099908197,0.24011763592744365,1,0.14557534833651012
oulad_CCC_2014J,oulad_CCC_2014B,0.06386638236208803,0.06653572052098036,4,0.06408804729734201
oulad_CCC_2014J,oulad_DDD_2013B,0.014920608781729905,0.11051318937897288,4,0.29406505140522904
oulad_CCC_2014J,oulad_DDD_2013J,0.021435517867338272,0.009156231240770385,1,0.23295811940721675
oulad_CCC_2014J,oulad_DDD_2014B,0.016259913468233855,0.015063746435875934,4,0.17757686838162945
oulad_CCC_2014J,oulad_DDD_2014J,0.03294282680720284,0.12003140211355576,1,0.16618226044269374
oulad_CCC_2014J,oulad_EEE_2013J,0.17257227835500338,0.2308841589111804,0,0.23114602491335817
oulad_CCC_2014J,oulad_EEE_2014B,0.1080841618539789,0.1445388286448375,4,0.19434254690701921
oulad_CCC_2014J,oulad_EEE_2014J,0.16943251570953738,0.18705579748320814,0,0.19001964438313518
oulad_CCC_2014J,oulad_FFF_2013B,0.07818547278963195,0.45149860088529736,4,0.38093530232222594
oulad_CCC_2014J,oulad_FFF_2013J,0.07330700302686305,0.3244461502824443,0,0.2875877574595814
oulad_CCC_2014J,oulad_FFF_2014B,0.029674939951961576,0.27069206694736714,4,0.2749437645354379
oulad_CCC_2014J,oulad_FFF_2014J,0.06597937969826179,0.2923064272591243,0,0.2645323749183581
oulad_CCC_2014J,ku_Accountancy_1819,0.2958025995264297,0.43427289506086036,26,0.5704708143414426
oulad_CCC_2014J,ku_Globaleconom_1819,0.15625905839072335,0.7541509739798772,24,0.5682887398170796
oulad_CCC_2014J,ku_Accountancy_1920,0.27594444349806085,0.3618512326605322,26,0.5739271052100038
oulad_CCC_2014J,ku_Globaleconom_1920,0.3484473334908749,0.12166102684706401,24,0.4963720084521571
oulad_CCC_2014J,ku_Accountancy_2021,0.2949197532299698,0.22430934816401316,26,0.5871398561251688
oulad_CCC_2014J,ku_Globaleconom_2021,0.10710777577285707,0.08866076674413866,24,0.5109600686946145
oulad_CCC_2014J,ukzn_ISTN101_2019,0.4194325157095374,0.3424226808222063,6,0.44101081731185815
oulad_CCC_2014J,ukzn_ISTN101_2020,0.543572690463209,0.26778906252530205,4,0.30607775732710035
oulad_CCC_2014J,ukzn_ISTN101_2021,0.5086546970369819,0.15932104880578823,15,0.41233017260154764
oulad_CCC_2014J,ukzn_ISTN102_2018,0.3290835002632457,0.8744448055424136,20,0.5650089832844597
oulad_CCC_2014J,ukzn_ISTN103_2019,0.3241331609762203,0.8744448055424136,20,0.5652307239193999
oulad_CCC_2014J,ukzn_ISTN103_2020,0.48739028191129613,0.8519374645445623,25,0.5064590357260722
oulad_CCC_2014J,ukzn_ISTN211_2019,0.5258177970948188,0.3690061635482689,2,0.4427047760657505
oulad_CCC_2014J,ukzn_ISTN211_2021,0.5416871723678638,0.5253533644081929,20,0.5243964503188396
oulad_CCC_2014J,ukzn_ISTN212_2018,0.40880099037212964,0.7683914130944873,21,0.5322322684077634
oulad_CCC_2014J,ukzn_ISTN212_2019,0.4345840308610525,0.7204678607773046,20,0.5537572915475237
oulad_CCC_2014J,ukzn_ISTN2IP_2018,0.3411496874267091,0.7831146699151937,19,0.46730140244952095
oulad_CCC_2014J,ukzn_ISTN2IP_2019,0.35229562960713395,0.5012196846914736,6,0.4809453474109337
oulad_CCC_2014J,ukzn_ISTN3ND_2018,0.1978416066186282,0.8744448055424136,21,0.5606858502675156
oulad_CCC_2014J,ukzn_ISTN3ND_2019,0.3963655229116028,0.3675657161849616,20,0.5269360908329482
oulad_CCC_2014J,ukzn_ISTN3SA_2018,0.3809089825051531,0.43595295317888205,3,0.4207073865779554
oulad_CCC_2014J,ukzn_ISTN3SA_2019,0.4654698117468334,0.3646990755333585,4,0.3990192886910261
oulad_CCC_2014J,zambia_ICT1110_2020,0.16017121389419225,0.5509074688805811,4,0.3785877053290984
oulad_CCC_2014J,zambia_ICT1110_2021,0.021709675432653786,0.400414627799893,3,0.44718192136126483
oulad_CCC_2014J,oviedo_C1112_1415,0.05096137211276558,0.5171588857929214,15,0.4714844380888774
oulad_CCC_2014J,oviedo_C1127_1415,0.22575041165007476,0.4973246408079494,13,0.4876990541220038
oulad_CCC_2014J,oviedo_C1200_1415,0.00445590116953376,0.21410420356252569,4,0.4473886185049509
oulad_CCC_2014J,oviedo_C1303_1415,0.03132506004803842,0.7906678078056396,15,0.5920634466757079
oulad_CCC_2014J,oviedo_C174_1415,0.12492493995196158,0.07305569341356265,3,0.34202481032445003
oulad_CCC_2014J,oviedo_C190_1415,0.04903208280910443,0.3478855765237084,5,0.4614099442819562
oulad_CCC_2014J,oviedo_C1978_1415,0.31318713507391277,0.7403626894942439,3,0.37527094846609
oulad_CCC_2014J,oviedo_C2011_1415,0.3770082732852949,0.7720256977495815,3,0.3654685653284533
oulad_CCC_2014J,oviedo_C2024_1415,0.43465353322413286,0.6020599913279624,13,0.5547721707291565
oulad_CCC_2014J,oviedo_C2150_1415,0.20688248712177287,0.19147445712928032,2,0.445976187958453
oulad_CCC_2014J,oviedo_C2271_1415,0.17924540975061926,0.7403626894942439,16,0.5655346904561042
oulad_CCC_2014J,oviedo_C2335_1415,0.08389515350598237,2.0694214087584686,5,0.6241054258627196
oulad_CCC_2014J,oviedo_C2406_1415,0.030385210423978293,0.27470105694163205,2,0.4102702140229907
oulad_CCC_2014J,oviedo_C2468_1415,0.09367493995196158,0.6743863907298382,17,0.5638838597010013
oulad_CCC_2014J,oviedo_C2607_1415,0.14278715391085428,2.24551266781415,3,0.6375239438585423
oulad_CCC_2014J,oviedo_C3022_1415,0.3079606542376759,1.9444826721501687,6,0.5688728653991622
oulad_CCC_2014J,oviedo_C3029_1415,0.2646706109476326,0.7140337507718947,6,0.4184794960272485
oulad_CCC_2014J,oviedo_C4189_1415,0.12492493995196158,2.546542663478131,4,0.7811025606199246
oulad_CCC_2014J,oviedo_C4213_1415,0.1722463685233902,0.09246039274704103,2,0.4168020130390026
oulad_CCC_2014J,oviedo_C836_1415,0.08792781351517998,0.7906678078056396,4,0.375720609328185
oulad_DDD_2013B,oulad_AAA_2013J,0.33444411270235985,0.13951848035332579,4,0.18256466656723944
oulad_DDD_2013B,oulad_AAA_2014J,0.30174623366519837,0.10109876911028606,4,0.15920148145255641
oulad_DDD_2013B,oulad_BBB_2013B,0.06303810674161453,0.2643588995974382,0,0.22575172613284997
oulad_DDD_2013B,oulad_BBB_2013J,0.08780878074084392,0.46953513202064084,4,0.31278832731962974
oulad_DDD_2013B,oulad_BBB_2014B,0.05930850595625814,0.5601458398490475,1,0.3586941915378509
oulad_DDD_2013B,oulad_BBB_2014J,0.11121334978081188,0.35063082530641654,3,0.31048786979321835
oulad_DDD_2013B,oulad_CCC_2014B,0.04894577358035812,0.17704890989995326,0,0.30298479079700735
oulad_DDD_2013B,oulad_CCC_2014J,0.014920608781729905,0.1105131893789729,4,0.29406505140522904
oulad_DDD_2013B,oulad_DDD_2013J,0.03635612664906818,0.10135695813820253,3,0.12163302934778143
oulad_DDD_2013B,oulad_DDD_2014B,0.0013393046865039504,0.12557693581484877,0,0.15600886310611548
oulad_DDD_2013B,oulad_DDD_2014J,0.047863435588932746,0.23054459149252868,3,0.19747119563363405
oulad_DDD_2013B,oulad_EEE_2013J,0.1874928871367333,0.12037096953220748,4,0.18031061483068989
oulad_DDD_2013B,oulad_EEE_2014B,0.1230047706357088,0.03402563926586455,0,0.15995989872944189
oulad_DDD_2013B,oulad_EEE_2014J,0.18435312449126728,0.07654260810423526,4,0.19227182101318707
oulad_DDD_2013B,oulad_FFF_2013B,0.09310608157136185,0.34098541150632444,0,0.1597172096420328
oulad_DDD_2013B,oulad_FFF_2013J,0.08822761180859295,0.21393296090347136,4,0.16007276100077208
oulad_DDD_2013B,oulad_FFF_2014B,0.04459554873369148,0.16017887756839422,0,0.1034844132587801
oulad_DDD_2013B,oulad_FFF_2014J,0.08089998847999169,0.1817932378801514,4,0.15852092364969625
oulad_DDD_2013B,ku_Accountancy_1819,0.3107232083081596,0.5447860844398333,22,0.5632221177689083
oulad_DDD_2013B,ku_Globaleconom_1819,0.17117966717245325,0.86466416335885,20,0.616330497869012
oulad_DDD_2013B,ku_Accountancy_1920,0.29086505227979076,0.4723644220395051,22,0.5743071285110115
oulad_DDD_2013B,ku_Globaleconom_1920,0.3633679422726048,0.23217421622603696,20,0.45381050104477233
oulad_DDD_2013B,ku_Accountancy_2021,0.30984036201169973,0.11379615878504029,22,0.4988782289680631
oulad_DDD_2013B,ku_Globaleconom_2021,0.12202838455458698,0.19917395612311162,20,0.467450708304765
oulad_DDD_2013B,ukzn_ISTN101_2019,0.4343531244912673,0.45293587020117915,2,0.47990858591395813
oulad_DDD_2013B,ukzn_ISTN101_2020,0.558493299244939,0.3783022519042749,0,0.5169008169869796
oulad_DDD_2013B,ukzn_ISTN101_2021,0.5235753058187117,0.048807859426815356,11,0.4657165080479699
oulad_DDD_2013B,ukzn_ISTN102_2018,0.3440041090449756,0.9849579949213865,16,0.6311816447868838
oulad_DDD_2013B,ukzn_ISTN103_2019,0.3390537697579502,0.9849579949213865,16,0.613481836934661
oulad_DDD_2013B,ukzn_ISTN103_2020,0.502310890693026,0.9624506539235351,21,0.5954285584585631
oulad_DDD_2013B,ukzn_ISTN211_2019,0.5407384058765486,0.4795193529272418,2,0.4597373408304227
oulad_DDD_2013B,ukzn_ISTN211_2021,0.5566077811495936,0.6358665537871658,16,0.5450925327075636
oulad_DDD_2013B,ukzn_ISTN212_2018,0.42372159915385954,0.8789046024734603,17,0.5758025389741468
oulad_DDD_2013B,ukzn_ISTN212_2019,0.4495046396427824,0.8309810501562774,16,0.5974258537573964
oulad_DDD_2013B,ukzn_ISTN2IP_2018,0.356070296208439,0.8936278592941667,15,0.6113674847366328
oulad_DDD_2013B,ukzn_ISTN2IP_2019,0.36721623838886386,0.6117328740704465,2,0.5095261408874555
oulad_DDD_2013B,ukzn_ISTN3ND_2018,0.2127622154003581,0.9849579949213865,17,0.6150489103290332
oulad_DDD_2013B,ukzn_ISTN3ND_2019,0.4112861316933327,0.47807890556393445,16,0.523797396536746
oulad_DDD_2013B,ukzn_ISTN3SA_2018,0.395829591286883,0.546466142557855,1,0.467052495954702
oulad_DDD_2013B,ukzn_ISTN3SA_2019,0.4803904205285633,0.4752122649123314,0,0.44755551432450896
oulad_DDD_2013B,zambia_ICT1110_2020,0.14525060511246235,0.661420658259554,8,0.4394794767780187
oulad_DDD_2013B,zambia_ICT1110_2021,0.006789066650923881,0.5109278171788659,1,0.44341460534860383
oulad_DDD_2013B,oviedo_C1112_1415,0.06588198089449548,0.6276720751718943,11,0.5492653487809621
oulad_DDD_2013B,oviedo_C1127_1415,0.24067102043180466,0.6078378301869223,9,0.5400599487394836
oulad_DDD_2013B,oviedo_C1200_1415,0.010464707612196145,0.3246173929414986,8,0.4368280244726404
oulad_DDD_2013B,oviedo_C1303_1415,0.016404451266308517,0.9011809971846125,11,0.6034484783936598
oulad_DDD_2013B,oviedo_C174_1415,0.13984554873369148,0.18356888279253553,7,0.3594223952052041
oulad_DDD_2013B,oviedo_C190_1415,0.06395269159083433,0.4583987659026813,9,0.4870912102369727
oulad_DDD_2013B,oviedo_C1978_1415,0.3281077438556427,0.8508758788732167,7,0.5459025138985081
oulad_DDD_2013B,oviedo_C2011_1415,0.3919288820670248,0.8825388871285543,7,0.54358166136754
oulad_DDD_2013B,oviedo_C2024_1415,0.44957414200586276,0.7125731807069353,9,0.5826980584174638
oulad_DDD_2013B,oviedo_C2150_1415,0.22180309590350278,0.3019876465082532,6,0.48028807665495143
oulad_DDD_2013B,oviedo_C2271_1415,0.19416601853234916,0.8508758788732167,12,0.5727405375455564
oulad_DDD_2013B,oviedo_C2335_1415,0.06897454472425246,2.1799345981374416,9,0.7477427052903487
oulad_DDD_2013B,oviedo_C2406_1415,0.015464601642248388,0.3852142463206049,6,0.4678264568338949
oulad_DDD_2013B,oviedo_C2468_1415,0.10859554873369148,0.784899580108811,13,0.5941194402624872
oulad_DDD_2013B,oviedo_C2607_1415,0.12786654512912438,2.3560258571931225,1,0.7617447260398407
oulad_DDD_2013B,oviedo_C3022_1415,0.3228812630194058,2.0549958615291417,2,0.7252047403765804
oulad_DDD_2013B,oviedo_C3029_1415,0.2795912197293625,0.8245469401508676,10,0.6367884208033315
oulad_DDD_2013B,oviedo_C4189_1415,0.13984554873369148,2.6570558528571038,8,0.8692140732924022
oulad_DDD_2013B,oviedo_C4213_1415,0.1871669773051201,0.20297358212601394,6,0.41188857738029977
oulad_DDD_2013B,oviedo_C836_1415,0.10284842229690988,0.9011809971846125,8,0.5378014862758292
oulad_DDD_2013J,oulad_AAA_2013J,0.2980879860532917,0.24087543849152823,1,0.19605090902652114
oulad_DDD_2013J,oulad_AAA_2014J,0.2653901070161302,0.20245572724848857,1,0.17345014429708439
oulad_DDD_2013J,oulad_BBB_2013B,0.026681980092546354,0.16300194145923566,3,0.1794762047433574
oulad_DDD_2013J,oulad_BBB_2013J,0.05145265409177574,0.36817817388243834,1,0.24527927539272068
oulad_DDD_2013J,oulad_BBB_2014B,0.022952379307189963,0.458788881710845,4,0.29508026658309106
oulad_DDD_2013J,oulad_BBB_2014J,0.0748572231317437,0.24927386716821404,0,0.24319749944618246
oulad_DDD_2013J,oulad_CCC_2014B,0.0853019002294263,0.07569195176175075,3,0.24636586909665997
oulad_DDD_2013J,oulad_CCC_2014J,0.021435517867338272,0.00915623124077037,1,0.23295811940721675
oulad_DDD_2013J,oulad_DDD_2013B,0.03635612664906818,0.1013569581382025,3,0.12163302934778143
oulad_DDD_2013J,oulad_DDD_2014B,0.03769543133557213,0.024219977676646298,3,0.10888305262101412
oulad_DDD_2013J,oulad_DDD_2014J,0.011507308939864569,0.1291876333543262,0,0.11212515481715937
oulad_DDD_2013J,oulad_EEE_2013J,0.1511367604876651,0.22172792767040994,1,0.15781597810226752
oulad_DDD_2013J,oulad_EEE_2014B,0.08664864398664063,0.13538259740406705,3,0.1671573832020295
oulad_DDD_2013J,oulad_EEE_2014J,0.1479969978421991,0.17789956624243777,1,0.16865693645879404
oulad_DDD_2013J,oulad_FFF_2013B,0.05674995492229368,0.44234236964452694,3,0.24674440310266155
oulad_DDD_2013J,oulad_FFF_2013J,0.05187148515952478,0.31528991904167386,1,0.1585464395316187
oulad_DDD_2013J,oulad_FFF_2014B,0.008239422084623305,0.2615358357065967,3,0.1565109833407047
oulad_DDD_2013J,oulad_FFF_2014J,0.044543861830923515,0.2831501960183539,1,0.1493958437942886
oulad_DDD_2013J,ku_Accountancy_1819,0.2743670816590914,0.4434291263016308,25,0.5376322141398553
oulad_DDD_2013J,ku_Globaleconom_1819,0.13482354052338508,0.7633072052206475,23,0.5675848436704144
oulad_DDD_2013J,ku_Accountancy_1920,0.2545089256307226,0.3710074639013026,25,0.5533567962459339
oulad_DDD_2013J,ku_Globaleconom_1920,0.32701181562353665,0.13081725808783443,23,0.43173202506135777
oulad_DDD_2013J,ku_Accountancy_2021,0.27348423536263156,0.2151531169232428,25,0.5297965440817078
oulad_DDD_2013J,ku_Globaleconom_2021,0.0856722579055188,0.0978169979849091,23,0.4434824990483232
oulad_DDD_2013J,ukzn_ISTN101_2019,0.3979969978421991,0.35157891206297665,5,0.4376604110543739
oulad_DDD_2013J,ukzn_ISTN101_2020,0.5221371725958708,0.27694529376607246,3,0.4570502401800242
oulad_DDD_2013J,ukzn_ISTN101_2021,0.4872191791696435,0.15016481756501787,14,0.45691150954308846
oulad_DDD_2013J,ukzn_ISTN102_2018,0.3076479823959074,0.8836010367831839,19,0.587846934800953
oulad_DDD_2013J,ukzn_ISTN103_2019,0.30269764310888203,0.8836010367831839,19,0.5688140201462909
oulad_DDD_2013J,ukzn_ISTN103_2020,0.46595476404395786,0.8610936957853327,24,0.5488432944926195
oulad_DDD_2013J,ukzn_ISTN211_2019,0.5043822792274805,0.37816239478903924,1,0.430063077862724
oulad_DDD_2013J,ukzn_ISTN211_2021,0.5202516545005255,0.5345095956489633,19,0.5142808451241433
oulad_DDD_2013J,ukzn_ISTN212_2018,0.38736547250479136,0.7775476443352578,20,0.5307702028179693
oulad_DDD_2013J,ukzn_ISTN212_2019,0.41314851299371425,0.729624092018075,19,0.5486761690322062
oulad_DDD_2013J,ukzn_ISTN2IP_2018,0.3197141695593708,0.7922709011559641,18,0.5661948990122364
oulad_DDD_2013J,ukzn_ISTN2IP_2019,0.3308601117397957,0.510375915932244,5,0.4848505645452374
oulad_DDD_2013J,ukzn_ISTN3ND_2018,0.17640608875128994,0.8836010367831839,20,0.5677091011843334
oulad_DDD_2013J,ukzn_ISTN3ND_2019,0.37493000504426455,0.37672194742573195,19,0.49947111249503345
oulad_DDD_2013J,ukzn_ISTN3SA_2018,0.3594734646378148,0.44510918441965247,2,0.430056681127098
oulad_DDD_2013J,ukzn_ISTN3SA_2019,0.4440342938794951,0.37385530677412887,3,0.39940235203393104
oulad_DDD_2013J,zambia_ICT1110_2020,0.18160673176153053,0.5600637001213515,5,0.37533766543054475
oulad_DDD_2013J,zambia_ICT1110_2021,0.04314519329999206,0.4095708590406634,2,0.42143254062758706
oulad_DDD_2013J,oviedo_C1112_1415,0.029525854245427308,0.5263151170336918,14,0.49564052015939936
oulad_DDD_2013J,oviedo_C1127_1415,0.20431489378273648,0.5064808720487197,12,0.4920458749537551
oulad_DDD_2013J,oviedo_C1200_1415,0.025891419036872032,0.2232604348032961,5,0.3817239635647668
oulad_DDD_2013J,oviedo_C1303_1415,0.052760577915376694,0.79982403904641,14,0.5703821002085044
oulad_DDD_2013J,oviedo_C174_1415,0.1034894220846233,0.08221192465433302,4,0.3308777458351762
oulad_DDD_2013J,oviedo_C190_1415,0.027596564941766155,0.3570418077644788,6,0.4198416208588699
oulad_DDD_2013J,oviedo_C1978_1415,0.2917516172065745,0.7495189207350142,4,0.4965543341855356
oulad_DDD_2013J,oviedo_C2011_1415,0.35557275541795663,0.7811819289903519,4,0.49342105263157904
oulad_DDD_2013J,oviedo_C2024_1415,0.4132180153567946,0.6112162225687328,12,0.5395822259372122
oulad_DDD_2013J,oviedo_C2150_1415,0.1854469692544346,0.2006306883700507,3,0.4286896486499267
oulad_DDD_2013J,oviedo_C2271_1415,0.15780989188328098,0.7495189207350142,15,0.5457358853113835
oulad_DDD_2013J,oviedo_C2335_1415,0.10533067137332064,2.078577639999239,6,0.712850019496239
oulad_DDD_2013J,oviedo_C2406_1415,0.051820728291316565,0.2838572881824024,3,0.41507129167456464
oulad_DDD_2013J,oviedo_C2468_1415,0.0722394220846233,0.6835426219706086,16,0.5485143993412512
oulad_DDD_2013J,oviedo_C2607_1415,0.16422267177819255,2.2546688990549204,2,0.7294856380705427
oulad_DDD_2013J,oviedo_C3022_1415,0.2865251363703376,1.953638903390939,5,0.6882647795960489
oulad_DDD_2013J,oviedo_C3029_1415,0.24323509308029434,0.7231899820126652,7,0.5901480209308605
oulad_DDD_2013J,oviedo_C4189_1415,0.1034894220846233,2.555698894718901,5,0.8351980594869527
oulad_DDD_2013J,oviedo_C4213_1415,0.15081085065605193,0.10161662398781147,3,0.35913628609338477
oulad_DDD_2013J,oviedo_C836_1415,0.0664922956478417,0.79982403904641,5,0.4974403554525258
oulad_DDD_2014B,oulad_AAA_2013J,0.3357834173888638,0.2650954161681746,4,0.2167508841929029
oulad_DDD_2014B,oulad_AAA_2014J,0.3030855383517023,0.22667570492513486,4,0.18211847498358588
oulad_DDD_2014B,oulad_BBB_2013B,0.06437741142811848,0.13878196378258936,0,0.13340038127260992
oulad_DDD_2014B,oulad_BBB_2013J,0.08914808542734787,0.34395819620579204,4,0.19866680201601183
oulad_DDD_2014B,oulad_BBB_2014B,0.06064781064276209,0.43456890403419873,1,0.237551412341039
oulad_DDD_2014B,oulad_BBB_2014J,0.11255265446731583,0.22505388949156774,3,0.20735384045665947
oulad_DDD_2014B,oulad_CCC_2014B,0.04760646889385417,0.05147197408510448,0,0.1787442458341185
oulad_DDD_2014B,oulad_CCC_2014J,0.016259913468233855,0.01506374643587588,4,0.17757686838162945
oulad_DDD_2014B,oulad_DDD_2013B,0.0013393046865039504,0.12557693581484877,0,0.15600886310611548
oulad_DDD_2014B,oulad_DDD_2013J,0.03769543133557213,0.02421997767664628,3,0.10888305262101412
oulad_DDD_2014B,oulad_DDD_2014J,0.049202740275436696,0.1049676556776799,3,0.08840611802830041
oulad_DDD_2014B,oulad_EEE_2013J,0.18883219182323724,0.2459479053470563,4,0.14007045455751813
oulad_DDD_2014B,oulad_EEE_2014B,0.12434407532221275,0.15960257508071335,0,0.09529799397347202
oulad_DDD_2014B,oulad_EEE_2014J,0.18569242917777123,0.20211954391908404,4,0.14125354679100607
oulad_DDD_2014B,oulad_FFF_2013B,0.0944453862578658,0.46656234732117324,0,0.2627453303833431
oulad_DDD_2014B,oulad_FFF_2013J,0.0895669164950969,0.33950989671832016,4,0.20306937167038952
oulad_DDD_2014B,oulad_FFF_2014B,0.04593485342019543,0.285755813383243,0,0.15144656429346987
oulad_DDD_2014B,oulad_FFF_2014J,0.08223929316649564,0.3073701736950002,4,0.19171811069015823
oulad_DDD_2014B,ku_Accountancy_1819,0.31206251299466353,0.4192091486249845,22,0.577704993911072
oulad_DDD_2014B,ku_Globaleconom_1819,0.1725189718589572,0.7390872275440012,20,0.5595359699681908
oulad_DDD_2014B,ku_Accountancy_1920,0.2922043569662947,0.3467874862246563,22,0.5884617288595388
oulad_DDD_2014B,ku_Globaleconom_1920,0.3647072469591088,0.10659728041118816,20,0.4616852150609271
oulad_DDD_2014B,ku_Accountancy_2021,0.3111796666982037,0.23937309459988906,22,0.5665596337065649
oulad_DDD_2014B,ku_Globaleconom_2021,0.12336768924109093,0.07359702030826282,20,0.4786926234347111
oulad_DDD_2014B,ukzn_ISTN101_2019,0.43569242917777123,0.32735893438633035,2,0.4524245773227858
oulad_DDD_2014B,ukzn_ISTN101_2020,0.559832603931443,0.25272531608942617,0,0.4100642235271839
oulad_DDD_2014B,ukzn_ISTN101_2021,0.5249146105052156,0.17438479524166411,11,0.48040578770906217
oulad_DDD_2014B,ukzn_ISTN102_2018,0.34534341373147953,0.8593810591065377,16,0.5672858428406661
oulad_DDD_2014B,ukzn_ISTN103_2019,0.34039307444445416,0.8593810591065377,16,0.559405699468651
oulad_DDD_2014B,ukzn_ISTN103_2020,0.50365019537953,0.8368737181086864,21,0.5165076994931228
oulad_DDD_2014B,ukzn_ISTN211_2019,0.5420777105630525,0.353942417112393,2,0.4596639633051918
oulad_DDD_2014B,ukzn_ISTN211_2021,0.5579470858360975,0.5102896179723171,16,0.5435413384790309
oulad_DDD_2014B,ukzn_ISTN212_2018,0.4250609038403635,0.7533276666586115,17,0.5506293722700807
oulad_DDD_2014B,ukzn_ISTN212_2019,0.4508439443292864,0.7054041143414287,16,0.5607188685364581
oulad_DDD_2014B,ukzn_ISTN2IP_2018,0.35740960089494295,0.7680509234793178,15,0.5218318597797426
oulad_DDD_2014B,ukzn_ISTN2IP_2019,0.3685555430753678,0.48615593825559766,2,0.5201416857880972
oulad_DDD_2014B,ukzn_ISTN3ND_2018,0.21410152008686206,0.8593810591065377,17,0.5638475259810765
oulad_DDD_2014B,ukzn_ISTN3ND_2019,0.4126254363798367,0.35250196974908565,16,0.516962212062342
oulad_DDD_2014B,ukzn_ISTN3SA_2018,0.39716889597338695,0.4208892067430061,1,0.4490955714186708
oulad_DDD_2014B,ukzn_ISTN3SA_2019,0.48172972521506724,0.3496353290974826,0,0.40995633031463646
oulad_DDD_2014B,zambia_ICT1110_2020,0.1439113004259584,0.5358437224447052,8,0.39855925833124534
oulad_DDD_2014B,zambia_ICT1110_2021,0.00544976196441993,0.3853508813640171,1,0.45661667322905114
oulad_DDD_2014B,oviedo_C1112_1415,0.06722128558099943,0.5020951393570454,11,0.5039734503134565
oulad_DDD_2014B,oviedo_C1127_1415,0.2420103251183086,0.4822608943720735,9,0.5272834227415999
oulad_DDD_2014B,oviedo_C1200_1415,0.011804012298700095,0.19904045712664978,8,0.4392001496022927
oulad_DDD_2014B,oviedo_C1303_1415,0.015065146579804567,0.7756040613697637,11,0.602294256464801
oulad_DDD_2014B,oviedo_C174_1415,0.14118485342019543,0.05799194697768673,7,0.3661489840235768
oulad_DDD_2014B,oviedo_C190_1415,0.06529199627733828,0.3328218300878325,9,0.4568071528285581
oulad_DDD_2014B,oviedo_C1978_1415,0.3294470485421466,0.725298943058368,7,0.44734363118410153
oulad_DDD_2014B,oviedo_C2011_1415,0.39326818675352876,0.7569619513137056,7,0.4405692570187684
oulad_DDD_2014B,oviedo_C2024_1415,0.4509134466923667,0.5869962448920865,9,0.5598479059316402
oulad_DDD_2014B,oviedo_C2150_1415,0.22314240059000673,0.17641071069340442,6,0.4267561919980333
oulad_DDD_2014B,oviedo_C2271_1415,0.1955053232188531,0.725298943058368,12,0.5786466937954596
oulad_DDD_2014B,oviedo_C2335_1415,0.06763524003774851,2.0543576623225928,9,0.6735473573885702
oulad_DDD_2014B,oviedo_C2406_1415,0.014125296955744437,0.2596373105057561,6,0.42701011486370655
oulad_DDD_2014B,oviedo_C2468_1415,0.10993485342019543,0.6593226442939623,13,0.5794243493854203
oulad_DDD_2014B,oviedo_C2607_1415,0.12652724044262043,2.230448921378274,1,0.6915243090145194
oulad_DDD_2014B,oviedo_C3022_1415,0.32422056770590973,1.9294189257142926,2,0.6463197656912928
oulad_DDD_2014B,oviedo_C3029_1415,0.28093052441586647,0.6989700043360189,10,0.5298568346497615
oulad_DDD_2014B,oviedo_C4189_1415,0.14118485342019543,2.531478917042255,8,0.8238752035830618
oulad_DDD_2014B,oviedo_C4213_1415,0.18850628199162406,0.07739664631116516,6,0.41641627334973075
oulad_DDD_2014B,oviedo_C836_1415,0.10418772698341383,0.7756040613697637,8,0.44979621636366557
oulad_DDD_2014J,oulad_AAA_2013J,0.2865806771134271,0.37006307184585446,1,0.22927823679834036
oulad_DDD_2014J,oulad_AAA_2014J,0.2538827980762656,0.33164336060281474,1,0.19446172013810425
oulad_DDD_2014J,oulad_BBB_2013B,0.015174671152681785,0.033814308104909534,3,0.13750696315691274
oulad_DDD_2014J,oulad_BBB_2013J,0.03994534515191117,0.23899054052811217,1,0.17201344361635248
oulad_DDD_2014J,oulad_BBB_2014B,0.011445070367325394,0.32960124835651883,4,0.22611002740833888
oulad_DDD_2014J,oulad_BBB_2014J,0.06334991419187913,0.12008623381388783,0,0.1702234412769211
oulad_DDD_2014J,oulad_CCC_2014B,0.09680920916929087,0.05349568159257543,3,0.16794348066092127
oulad_DDD_2014J,oulad_CCC_2014J,0.03294282680720284,0.12003140211355579,1,0.16618226044269374
oulad_DDD_2014J,oulad_DDD_2013B,0.047863435588932746,0.23054459149252868,3,0.19747119563363405
oulad_DDD_2014J,oulad_DDD_2013J,0.011507308939864569,0.1291876333543262,0,0.11212515481715937
oulad_DDD_2014J,oulad_DDD_2014B,0.049202740275436696,0.1049676556776799,3,0.08840611802830041
oulad_DDD_2014J,oulad_EEE_2013J,0.13962945154780054,0.35091556102473614,1,0.14881588805910123
oulad_DDD_2014J,oulad_EEE_2014B,0.07514133504677606,0.26457023075839325,3,0.1365311736283268
oulad_DDD_2014J,oulad_EEE_2014J,0.13648968890233454,0.30708719959676395,1,0.14615711828690198
oulad_DDD_2014J,oulad_FFF_2013B,0.04524264598242911,0.5715300029988531,3,0.2925225821482989
oulad_DDD_2014J,oulad_FFF_2013J,0.04036417621966021,0.4444775523960001,1,0.19325798803716684
oulad_DDD_2014J,oulad_FFF_2014B,0.0032678868552412643,0.3907234690609229,3,0.1967981934870454
oulad_DDD_2014J,oulad_FFF_2014J,0.033036552891058946,0.4123378293726801,1,0.18027737588934042
oulad_DDD_2014J,ku_Accountancy_1819,0.26285977271922684,0.3142414929473046,25,0.5494566848228298
oulad_DDD_2014J,ku_Globaleconom_1819,0.12331623158352051,0.6341195718663214,23,0.5566749130862777
oulad_DDD_2014J,ku_Accountancy_1920,0.243001616690858,0.24181983054697642,25,0.556897234767451
oulad_DDD_2014J,ku_Globaleconom_1920,0.3155045066836721,0.0016296247335081985,23,0.45251306559551996
oulad_DDD_2014J,ku_Accountancy_2021,0.261976926422767,0.34434075027756894,25,0.5848275005005489
oulad_DDD_2014J,ku_Globaleconom_2021,0.07416494896565423,0.031370635369417095,23,0.4662920245456813
oulad_DDD_2014J,ukzn_ISTN101_2019,0.38648968890233454,0.22239127870865044,5,0.42740116580590787
oulad_DDD_2014J,ukzn_ISTN101_2020,0.5106298636560063,0.14775766041174623,3,0.3874361214122145
oulad_DDD_2014J,ukzn_ISTN101_2021,0.47571187022977895,0.2793524509193441,14,0.4623272631854819
oulad_DDD_2014J,ukzn_ISTN102_2018,0.29614067345604284,0.7544134034288578,19,0.559312701300439
oulad_DDD_2014J,ukzn_ISTN103_2019,0.29119033416901746,0.7544134034288578,19,0.5535165687786432
oulad_DDD_2014J,ukzn_ISTN103_2020,0.4544474551040933,0.7319060624310064,24,0.5053160819166952
oulad_DDD_2014J,ukzn_ISTN211_2019,0.4928749702876159,0.2489747614347131,1,0.42485002320395715
oulad_DDD_2014J,ukzn_ISTN211_2021,0.5087443455606608,0.40532196229463713,19,0.5161777116775667
oulad_DDD_2014J,ukzn_ISTN212_2018,0.3758581635649268,0.6483600109809317,20,0.5374845445665787
oulad_DDD_2014J,ukzn_ISTN212_2019,0.4016412040538497,0.6004364586637488,19,0.5517472682614113
oulad_DDD_2014J,ukzn_ISTN2IP_2018,0.30820686061950625,0.663083267801638,18,0.5161695394640485
oulad_DDD_2014J,ukzn_ISTN2IP_2019,0.3193528027999311,0.38118828257791776,5,0.49610870224502684
oulad_DDD_2014J,ukzn_ISTN3ND_2018,0.16489877981142537,0.7544134034288578,20,0.555946768613158
oulad_DDD_2014J,ukzn_ISTN3ND_2019,0.3634226961044,0.24753431407140578,19,0.48773931126960085
oulad_DDD_2014J,ukzn_ISTN3SA_2018,0.34796615569795025,0.31592155106532627,2,0.4155670977280352
oulad_DDD_2014J,ukzn_ISTN3SA_2019,0.43252698493963054,0.24466767341980267,3,0.38154358121080245
oulad_DDD_2014J,zambia_ICT1110_2020,0.1931140407013951,0.4308760667670253,5,0.35955215056712564
oulad_DDD_2014J,zambia_ICT1110_2021,0.054652502239856626,0.2803832256863372,2,0.42235315987395844
oulad_DDD_2014J,oviedo_C1112_1415,0.01801854530556274,0.3971274836793656,14,0.47900026238473886
oulad_DDD_2014J,oviedo_C1127_1415,0.19280758484287192,0.37729323869439363,12,0.4964419887190113
oulad_DDD_2014J,oviedo_C1200_1415,0.0373987279767366,0.09407280144896987,5,0.382454105936775
oulad_DDD_2014J,oviedo_C1303_1415,0.06426788685524126,0.6706364056920838,14,0.587667804226516
oulad_DDD_2014J,oviedo_C174_1415,0.09198211314475874,0.04697570869999313,4,0.32748989778939863
oulad_DDD_2014J,oviedo_C190_1415,0.016089256001901586,0.22785417441015257,6,0.4182930659784713
oulad_DDD_2014J,oviedo_C1978_1415,0.28024430826670993,0.6203312873806881,4,0.439937019408226
oulad_DDD_2014J,oviedo_C2011_1415,0.34406544647809206,0.6519942956360256,4,0.43306196022502175
oulad_DDD_2014J,oviedo_C2024_1415,0.40171070641693,0.4820285892144066,12,0.5479007246550638
oulad_DDD_2014J,oviedo_C2150_1415,0.17393966031457003,0.07144305501572455,3,0.38999615794580167
oulad_DDD_2014J,oviedo_C2271_1415,0.14630258294341641,0.6203312873806881,15,0.5584784919562528
oulad_DDD_2014J,oviedo_C2335_1415,0.11683798031318521,1.9493900066449128,6,0.6666077972700891
oulad_DDD_2014J,oviedo_C2406_1415,0.06332803723118113,0.15466965482807624,3,0.3844142088046358
oulad_DDD_2014J,oviedo_C2468_1415,0.06073211314475874,0.5543549886162824,16,0.5600518686432407
oulad_DDD_2014J,oviedo_C2607_1415,0.17572998071805712,2.125481265700594,2,0.6884531739977238
oulad_DDD_2014J,oviedo_C3022_1415,0.27501782743047304,1.824451270036613,5,0.6397717156746225
oulad_DDD_2014J,oviedo_C3029_1415,0.23172778414042977,0.5940023486583389,7,0.5290615414218932
oulad_DDD_2014J,oviedo_C4189_1415,0.09198211314475874,2.4265112613645754,5,0.809482954995642
oulad_DDD_2014J,oviedo_C4213_1415,0.13930354171618736,0.027571009366514757,3,0.36162914417014724
oulad_DDD_2014J,oviedo_C836_1415,0.054984986707977135,0.6706364056920838,5,0.44053561524443385
oulad_EEE_2013J,oulad_AAA_2013J,0.14695122556562656,0.019147510821118277,0,0.13913499162533702
oulad_EEE_2013J,oulad_AAA_2014J,0.11425334652846508,0.01927220042192141,0,0.11076655778202735
oulad_EEE_2013J,oulad_BBB_2013B,0.12445478039511876,0.3847298691296457,4,0.23631667479750523
oulad_EEE_2013J,oulad_BBB_2013J,0.09968410639588937,0.5899061015528483,0,0.2747150110105657
oulad_EEE_2013J,oulad_BBB_2014B,0.12818438118047515,0.6805168093812549,5,0.30969945442599894
oulad_EEE_2013J,oulad_BBB_2014J,0.07627953735592141,0.47100179483862403,1,0.2901171019240814
oulad_EEE_2013J,oulad_CCC_2014B,0.2364386607170914,0.29741987943216075,4,0.2500347906500689
oulad_EEE_2013J,oulad_CCC_2014J,0.17257227835500338,0.23088415891118036,0,0.23114602491335817
oulad_EEE_2013J,oulad_DDD_2013B,0.1874928871367333,0.12037096953220744,4,0.18031061483068989
oulad_EEE_2013J,oulad_DDD_2013J,0.1511367604876651,0.22172792767040994,1,0.15781597810226752
oulad_EEE_2013J,oulad_DDD_2014B,0.18883219182323724,0.24594790534705624,4,0.14007045455751813
oulad_EEE_2013J,oulad_DDD_2014J,0.13962945154780054,0.35091556102473614,1,0.14881588805910123
oulad_EEE_2013J,oulad_EEE_2014B,0.06448811650102448,0.08634533026634289,4,0.0985705050037021
oulad_EEE_2013J,oulad_EEE_2014J,0.0031397626454660044,0.04382836142797225,0,0.05810961324269309
oulad_EEE_2013J,oulad_FFF_2013B,0.09438680556537143,0.22061444197411698,4,0.24678717657218516
oulad_EEE_2013J,oulad_FFF_2013J,0.09926527532814033,0.09356199137126393,0,0.14200935616748311
oulad_EEE_2013J,oulad_FFF_2014B,0.1428973384030418,0.039807908036186786,4,0.1537816404128191
oulad_EEE_2013J,oulad_FFF_2014J,0.1065928986567416,0.06142226834794396,0,0.13707672202234056
oulad_EEE_2013J,ku_Accountancy_1819,0.1232303211714263,0.6651570539720407,26,0.6689458203797658
oulad_EEE_2013J,ku_Globaleconom_1819,0.016313219964280035,0.9850351328910575,24,0.6315597760886872
oulad_EEE_2013J,ku_Accountancy_1920,0.10337216514305747,0.5927353915717125,26,0.6782123884259634
oulad_EEE_2013J,ku_Globaleconom_1920,0.17587505513587154,0.35254518575824445,24,0.5496527935641183
oulad_EEE_2013J,ku_Accountancy_2021,0.12234747487496644,0.0065748107471672295,26,0.5333137246505184
oulad_EEE_2013J,ku_Globaleconom_2021,0.06546450258214631,0.31954492565531906,24,0.5739073508070727
oulad_EEE_2013J,ukzn_ISTN101_2019,0.246860237354534,0.5733068397333866,6,0.5366514822313301
oulad_EEE_2013J,ukzn_ISTN101_2020,0.37100041210820567,0.4986732214364824,4,0.4710080211141584
oulad_EEE_2013J,ukzn_ISTN101_2021,0.3360824186819784,0.07156311010539208,15,0.5073679738978918
oulad_EEE_2013J,ukzn_ISTN102_2018,0.1565112219082423,1.105328964453594,20,0.6208952163960967
oulad_EEE_2013J,ukzn_ISTN103_2019,0.15156088262121692,1.105328964453594,20,0.6240642537235858
oulad_EEE_2013J,ukzn_ISTN103_2020,0.31481800355629275,1.0828216234557426,25,0.571634398648167
oulad_EEE_2013J,ukzn_ISTN211_2019,0.35324551873981536,0.5998903224594492,2,0.5335260339877396
oulad_EEE_2013J,ukzn_ISTN211_2021,0.36911489401286035,0.7562375233193733,20,0.6174575212580586
oulad_EEE_2013J,ukzn_ISTN212_2018,0.23622871201712625,0.9992755720056677,21,0.6142179305182148
oulad_EEE_2013J,ukzn_ISTN212_2019,0.26201175250604913,0.9513520196884849,20,0.6317897881586095
oulad_EEE_2013J,ukzn_ISTN2IP_2018,0.1685774090717057,1.0139988288263742,19,0.5560452433076006
oulad_EEE_2013J,ukzn_ISTN2IP_2019,0.17972335125213057,0.732103843602654,6,0.5846522691940288
oulad_EEE_2013J,ukzn_ISTN3ND_2018,0.025269328263624824,1.105328964453594,21,0.6241512764801739
oulad_EEE_2013J,ukzn_ISTN3ND_2019,0.22379324455659944,0.598449875096142,20,0.5752296348981715
oulad_EEE_2013J,ukzn_ISTN3SA_2018,0.2083367041501497,0.6668371120900625,3,0.5164813680508203
oulad_EEE_2013J,ukzn_ISTN3SA_2019,0.29289753339183,0.5955832344445389,4,0.4814405493112717
oulad_EEE_2013J,zambia_ICT1110_2020,0.33274349224919564,0.7817916277917615,4,0.4464818451510467
oulad_EEE_2013J,zambia_ICT1110_2021,0.19428195378765717,0.6312987867110733,3,0.5268353319684118
oulad_EEE_2013J,oviedo_C1112_1415,0.1216109062422378,0.7480430447041018,15,0.573705709427092
oulad_EEE_2013J,oviedo_C1127_1415,0.05317813329507137,0.7282087997191298,13,0.5997919506420833
oulad_EEE_2013J,oviedo_C1200_1415,0.17702817952453714,0.44498836247370605,4,0.4800837111078395
oulad_EEE_2013J,oviedo_C1303_1415,0.2038973384030418,1.02155196671682,15,0.6642692248001862
oulad_EEE_2013J,oviedo_C174_1415,0.047647338403041806,0.303939852324743,3,0.4075740086909288
oulad_EEE_2013J,oviedo_C190_1415,0.12354019554589896,0.5787697354348887,5,0.4994471172499418
oulad_EEE_2013J,oviedo_C1978_1415,0.1406148567189094,0.9712468484054242,3,0.48013738556722885
oulad_EEE_2013J,oviedo_C2011_1415,0.20443599493029152,1.0029098566607617,3,0.48039109179793593
oulad_EEE_2013J,oviedo_C2024_1415,0.2620812548691295,0.8329441502391427,13,0.6267775956093534
oulad_EEE_2013J,oviedo_C2150_1415,0.03431020876676949,0.4223586160404607,2,0.46341200946983285
oulad_EEE_2013J,oviedo_C2271_1415,0.006673131395615872,0.9712468484054242,16,0.6374617675686908
oulad_EEE_2013J,oviedo_C2335_1415,0.25646743186098575,2.300305567669649,5,0.6984750262707692
oulad_EEE_2013J,oviedo_C2406_1415,0.20295748877898168,0.5055852158528124,2,0.4746858319073076
oulad_EEE_2013J,oviedo_C2468_1415,0.0788973384030418,0.9052705496410186,17,0.6460632477047205
oulad_EEE_2013J,oviedo_C2607_1415,0.31535943226585766,2.4763968267253302,3,0.713718509599829
oulad_EEE_2013J,oviedo_C3022_1415,0.1353883758826725,2.175366831061349,6,0.6561753979158204
oulad_EEE_2013J,oviedo_C3029_1415,0.09209833259262923,0.9449179096830751,6,0.5564734016662316
oulad_EEE_2013J,oviedo_C4189_1415,0.047647338403041806,2.7774268223893115,4,0.8127249117327539
oulad_EEE_2013J,oviedo_C4213_1415,0.0003259098316131803,0.3233445516582214,2,0.4386164351672228
oulad_EEE_2013J,oviedo_C836_1415,0.08464446483982341,1.02155196671682,4,0.4836124170397148
oulad_EEE_2014B,oulad_AAA_2013J,0.21143934206665105,0.1054928410874612,4,0.1913443626673775
oulad_EEE_2014B,oulad_AAA_2014J,0.17874146302948957,0.06707312984442149,4,0.16220948921987174
oulad_EEE_2014B,oulad_BBB_2013B,0.059966663894094274,0.29838453886330274,0,0.20166841292130575
oulad_EEE_2014B,oulad_BBB_2013J,0.03519598989486489,0.5035607712865053,4,0.2425842519415504
oulad_EEE_2014B,oulad_BBB_2014B,0.06369626467945066,0.5941714791149121,1,0.273033762066495
oulad_EEE_2014B,oulad_BBB_2014J,0.011791420854896928,0.38465646457228114,3,0.24620585895990635
oulad_EEE_2014B,oulad_CCC_2014B,0.17195054421606693,0.21107454916581783,0,0.20407549615697373
oulad_EEE_2014B,oulad_CCC_2014J,0.1080841618539789,0.1445388286448374,4,0.19434254690701921
oulad_EEE_2014B,oulad_DDD_2013B,0.1230047706357088,0.03402563926586459,0,0.15995989872944189
oulad_EEE_2014B,oulad_DDD_2013J,0.08664864398664063,0.13538259740406708,3,0.1671573832020295
oulad_EEE_2014B,oulad_DDD_2014B,0.12434407532221275,0.15960257508071335,0,0.09529799397347202
oulad_EEE_2014B,oulad_DDD_2014J,0.07514133504677606,0.26457023075839325,3,0.1365311736283268
oulad_EEE_2014B,oulad_EEE_2013J,0.06448811650102448,0.08634533026634288,4,0.0985705050037021
oulad_EEE_2014B,oulad_EEE_2014J,0.06134835385555848,0.042516968838370695,4,0.09447604908700011
oulad_EEE_2014B,oulad_FFF_2013B,0.02989868906434695,0.3069597722404599,0,0.26434889651735055
oulad_EEE_2014B,oulad_FFF_2013J,0.03477715882711585,0.17990732163760684,4,0.2043615554277621
oulad_EEE_2014B,oulad_FFF_2014B,0.07840922190201732,0.1261532383025297,0,0.15929545766433376
oulad_EEE_2014B,oulad_FFF_2014J,0.04210478215571711,0.14776759861428687,4,0.19536528748377818
oulad_EEE_2014B,ku_Accountancy_1819,0.18771843767245078,0.5788117237056979,22,0.6343052258612686
oulad_EEE_2014B,ku_Globaleconom_1819,0.04817489653674445,0.8986898026247145,20,0.593466563457371
oulad_EEE_2014B,ku_Accountancy_1920,0.16786028164408195,0.5063900613053697,22,0.6421514267611516
oulad_EEE_2014B,ku_Globaleconom_1920,0.24036317163689602,0.2661998554919015,20,0.5086307218999014
oulad_EEE_2014B,ku_Accountancy_2021,0.18683559137599093,0.07977051951917573,22,0.5309514983483917
oulad_EEE_2014B,ku_Globaleconom_2021,0.0009763860811218272,0.23319959538897614,20,0.5285904770097638
oulad_EEE_2014B,ukzn_ISTN101_2019,0.3113483538555585,0.4869615094670437,2,0.48300210836233887
oulad_EEE_2014B,ukzn_ISTN101_2020,0.43548852860923015,0.41232789117013946,0,0.4331412945652439
oulad_EEE_2014B,ukzn_ISTN101_2021,0.4005705351830029,0.014782220160950805,11,0.4653806429174243
oulad_EEE_2014B,ukzn_ISTN102_2018,0.22099933840926678,1.0189836341872511,16,0.5863231734569156
oulad_EEE_2014B,ukzn_ISTN103_2019,0.2160489991222414,1.0189836341872511,16,0.5879842883812216
oulad_EEE_2014B,ukzn_ISTN103_2020,0.37930612005731723,0.9964762931893997,21,0.5422870901438183
oulad_EEE_2014B,ukzn_ISTN211_2019,0.41773363524083984,0.5135449921931063,2,0.4846688819620067
oulad_EEE_2014B,ukzn_ISTN211_2021,0.43360301051388483,0.6698921930530304,16,0.5794276095547808
oulad_EEE_2014B,ukzn_ISTN212_2018,0.30071682851815074,0.9129302417393248,17,0.5776247098262937
oulad_EEE_2014B,ukzn_ISTN212_2019,0.3264998690070736,0.865006689422142,16,0.5901558815823946
oulad_EEE_2014B,ukzn_ISTN2IP_2018,0.2330655255727302,0.9276534985600311,15,0.5281447658969273
oulad_EEE_2014B,ukzn_ISTN2IP_2019,0.24421146775315505,0.645758513336311,2,0.5398879913686631
oulad_EEE_2014B,ukzn_ISTN3ND_2018,0.08975744476464931,1.0189836341872511,17,0.5832904487443392
oulad_EEE_2014B,ukzn_ISTN3ND_2019,0.2882813610576239,0.5121045448297991,16,0.5315415190513729
oulad_EEE_2014B,ukzn_ISTN3SA_2018,0.2728248206511742,0.5804917818237195,1,0.4707961423578568
oulad_EEE_2014B,ukzn_ISTN3SA_2019,0.3573856498928545,0.5092379041781959,0,0.4309645205898808
oulad_EEE_2014B,zambia_ICT1110_2020,0.26825537574817115,0.6954462975254185,8,0.41499509136396745
oulad_EEE_2014B,zambia_ICT1110_2021,0.12979383728663269,0.5449534564447305,1,0.4794233144377236
oulad_EEE_2014B,oviedo_C1112_1415,0.05712278974121332,0.6616977144377588,11,0.5350600263565667
oulad_EEE_2014B,oviedo_C1127_1415,0.11766624979609586,0.6418634694527868,9,0.5543472350606274
oulad_EEE_2014B,oviedo_C1200_1415,0.11254006302351266,0.35864303220736315,8,0.4760025855800048
oulad_EEE_2014B,oviedo_C1303_1415,0.13940922190201732,0.9352066364504771,11,0.632098012115509
oulad_EEE_2014B,oviedo_C174_1415,0.016840778097982678,0.21759452205840007,7,0.4007564841498558
oulad_EEE_2014B,oviedo_C190_1415,0.05905207904487447,0.49242440516854585,9,0.4866494148091513
oulad_EEE_2014B,oviedo_C1978_1415,0.20510297321993387,0.8849015181390814,7,0.45006978682384596
oulad_EEE_2014B,oviedo_C2011_1415,0.268924111431316,0.916564526394419,7,0.4466275559215041
oulad_EEE_2014B,oviedo_C2024_1415,0.32656937137015396,0.7465988199727999,9,0.5879415774981965
oulad_EEE_2014B,oviedo_C2150_1415,0.09879832526779397,0.33601328577411776,6,0.4504415979865929
oulad_EEE_2014B,oviedo_C2271_1415,0.07116124789664036,0.8849015181390814,12,0.6023455394961884
oulad_EEE_2014B,oviedo_C2335_1415,0.19197931535996127,2.213960237403306,9,0.6815167581751653
oulad_EEE_2014B,oviedo_C2406_1415,0.1384693722779572,0.41923988558646946,6,0.44944545389822854
oulad_EEE_2014B,oviedo_C2468_1415,0.014409221902017322,0.8189252193746757,13,0.6110815451505688
oulad_EEE_2014B,oviedo_C2607_1415,0.2508713157648332,2.3900514964589874,1,0.6975163227725156
oulad_EEE_2014B,oviedo_C3022_1415,0.19987649238369698,2.089021500795006,2,0.6471833690248434
oulad_EEE_2014B,oviedo_C3029_1415,0.1565864490936537,0.8585725794167322,10,0.5356871069098322
oulad_EEE_2014B,oviedo_C4189_1415,0.016840778097982678,2.6910814921229687,8,0.8225382101687938
oulad_EEE_2014B,oviedo_C4213_1415,0.0641622066694113,0.23699922139187848,6,0.43350879256601776
oulad_EEE_2014B,oviedo_C836_1415,0.020156348338798924,0.9352066364504771,8,0.45634881200815813
oulad_EEE_2014J,oulad_AAA_2013J,0.15009098821109257,0.06297587224909049,0,0.16907386685454573
oulad_EEE_2014J,oulad_AAA_2014J,0.11739310917393109,0.024556161006050823,0,0.13269913749365805
oulad_EEE_2014J,oulad_BBB_2013B,0.12131501774965275,0.3409015077016735,4,0.23567798610243434
oulad_EEE_2014J,oulad_BBB_2013J,0.09654434375042337,0.5460777401248761,0,0.25390122137998755
oulad_EEE_2014J,oulad_BBB_2014B,0.12504461853500914,0.6366884479532827,5,0.29255713632651015
oulad_EEE_2014J,oulad_BBB_2014J,0.07313977471045541,0.4271734334106518,1,0.2706112483599395
oulad_EEE_2014J,oulad_CCC_2014B,0.2332988980716254,0.25359151800418855,4,0.20984739166557348
oulad_EEE_2014J,oulad_CCC_2014J,0.16943251570953738,0.18705579748320814,0,0.19001964438313518
oulad_EEE_2014J,oulad_DDD_2013B,0.18435312449126728,0.07654260810423524,4,0.19227182101318707
oulad_EEE_2014J,oulad_DDD_2013J,0.1479969978421991,0.17789956624243777,1,0.16865693645879404
oulad_EEE_2014J,oulad_DDD_2014B,0.18569242917777123,0.20211954391908402,4,0.14125354679100607
oulad_EEE_2014J,oulad_DDD_2014J,0.13648968890233454,0.307087199596764,1,0.14615711828690198
oulad_EEE_2014J,oulad_EEE_2013J,0.0031397626454660044,0.04382836142797219,0,0.05810961324269309
oulad_EEE_2014J,oulad_EEE_2014B,0.06134835385555848,0.0425169688383707,4,0.09447604908700011
oulad_EEE_2014J,oulad_FFF_2013B,0.09124704291990543,0.2644428034020892,4,0.2739181512415713
oulad_EEE_2014J,oulad_FFF_2013J,0.09612551268267433,0.13739035279923617,0,0.1748055930053302
oulad_EEE_2014J,oulad_FFF_2014B,0.1397575757575758,0.08363626946415896,4,0.1814795574795575
oulad_EEE_2014J,oulad_FFF_2014J,0.10345313601127559,0.10525062977591614,0,0.1586719912301308
oulad_EEE_2014J,ku_Accountancy_1819,0.1263700838168923,0.6213286925440685,26,0.6680789659513063
oulad_EEE_2014J,ku_Globaleconom_1819,0.01317345731881403,0.9412067714630853,24,0.6308343966486633
oulad_EEE_2014J,ku_Accountancy_1920,0.10651192778852347,0.5489070301437403,26,0.6740223921074985
oulad_EEE_2014J,ku_Globaleconom_1920,0.17901481778133754,0.30871682433027214,24,0.5514749975102398
oulad_EEE_2014J,ku_Accountancy_2021,0.12548723752043245,0.03725355068080501,26,0.551440107456705
oulad_EEE_2014J,ku_Globaleconom_2021,0.06232473993668031,0.2757165642273468,24,0.57644282196521
oulad_EEE_2014J,ukzn_ISTN101_2019,0.25,0.5294784783054144,6,0.5319414381914382
oulad_EEE_2014J,ukzn_ISTN101_2020,0.3741401747536717,0.4548448600085102,4,0.4386008787849279
oulad_EEE_2014J,ukzn_ISTN101_2021,0.3392221813274444,0.027734748677419954,15,0.4986353802143276
oulad_EEE_2014J,ukzn_ISTN102_2018,0.1596509845537083,1.0615006030256218,20,0.6224749814243978
oulad_EEE_2014J,ukzn_ISTN103_2019,0.15470064526668292,1.0615006030256218,20,0.6264126958197039
oulad_EEE_2014J,ukzn_ISTN103_2020,0.31795776620175875,1.0389932620277704,25,0.5669575341479223
oulad_EEE_2014J,ukzn_ISTN211_2019,0.35638528138528136,0.556061961031477,2,0.530892255892256
oulad_EEE_2014J,ukzn_ISTN211_2021,0.37225465665832635,0.7124091618914011,20,0.620252326674345
oulad_EEE_2014J,ukzn_ISTN212_2018,0.23936847466259226,0.9554472105776955,21,0.6185949127125598
oulad_EEE_2014J,ukzn_ISTN212_2019,0.26515151515151514,0.9075236582605127,20,0.6277657527657527
oulad_EEE_2014J,ukzn_ISTN2IP_2018,0.1717171717171717,0.9701704673984018,19,0.5426887926887927
oulad_EEE_2014J,ukzn_ISTN2IP_2019,0.18286311389759657,0.6882754821746817,6,0.584610472541507
oulad_EEE_2014J,ukzn_ISTN3ND_2018,0.02840909090909083,1.0615006030256218,21,0.6247294372294372
oulad_EEE_2014J,ukzn_ISTN3ND_2019,0.22693300720206544,0.5546215136681698,20,0.5759053270264032
oulad_EEE_2014J,ukzn_ISTN3SA_2018,0.21147646679561571,0.6230087506620903,3,0.5150133554388874
oulad_EEE_2014J,ukzn_ISTN3SA_2019,0.296037296037296,0.5517548730165667,4,0.47382247382247383
oulad_EEE_2014J,zambia_ICT1110_2020,0.32960372960372963,0.7379632663637893,4,0.4373903873903874
oulad_EEE_2014J,zambia_ICT1110_2021,0.19114219114219116,0.5874704252831011,3,0.5241610241610241
oulad_EEE_2014J,oviedo_C1112_1415,0.1184711435967718,0.7042146832761295,15,0.5752487787663668
oulad_EEE_2014J,oviedo_C1127_1415,0.05631789594053738,0.6843804382911576,13,0.5970554602630074
oulad_EEE_2014J,oviedo_C1200_1415,0.17388841687907114,0.40116000104573385,4,0.48788283367722624
oulad_EEE_2014J,oviedo_C1303_1415,0.2007575757575758,0.9777236052888477,15,0.6702913488627774
oulad_EEE_2014J,oviedo_C174_1415,0.0445075757575758,0.26011149089677077,3,0.40754268879268885
oulad_EEE_2014J,oviedo_C190_1415,0.12040043290043295,0.5349413740069165,5,0.5010178313749742
oulad_EEE_2014J,oviedo_C1978_1415,0.1437546193643754,0.927418486977452,3,0.45511150998955874
oulad_EEE_2014J,oviedo_C2011_1415,0.20757575757575752,0.9590814952327896,3,0.45447330447330453
oulad_EEE_2014J,oviedo_C2024_1415,0.2652210175145955,0.7891157888111705,13,0.6257143298427702
oulad_EEE_2014J,oviedo_C2150_1415,0.037449971412235494,0.37853025461248846,2,0.4665545844791127
oulad_EEE_2014J,oviedo_C2271_1415,0.009812894041081877,0.927418486977452,16,0.6437699139041421
oulad_EEE_2014J,oviedo_C2335_1415,0.25332766921551975,2.256477206241677,5,0.6734085402309702
oulad_EEE_2014J,oviedo_C2406_1415,0.19981772613351567,0.46175685442484016,2,0.47864520608881506
oulad_EEE_2014J,oviedo_C2468_1415,0.0757575757575758,0.8614421882130463,17,0.6490309600065699
oulad_EEE_2014J,oviedo_C2607_1415,0.31221966962039166,2.432568465297358,3,0.6904397247357535
oulad_EEE_2014J,oviedo_C3022_1415,0.1385281385281385,2.1315384696333766,6,0.633616072691703
oulad_EEE_2014J,oviedo_C3029_1415,0.09523809523809523,0.9010895482551028,6,0.5236377379234523
oulad_EEE_2014J,oviedo_C4189_1415,0.0445075757575758,2.733598460961339,4,0.8045447029822029
oulad_EEE_2014J,oviedo_C4213_1415,0.002813852813852824,0.27951619023024915,2,0.44393252250395104
oulad_EEE_2014J,oviedo_C836_1415,0.0815047021943574,0.9777236052888477,4,0.45966230448989076
oulad_FFF_2013B,oulad_AAA_2013J,0.241338031130998,0.20146693115299866,4,0.17657160605611014
oulad_FFF_2013B,oulad_AAA_2014J,0.20864015209383652,0.23988664239603838,4,0.18282130186698095
oulad_FFF_2013B,oulad_BBB_2013B,0.030067974829747324,0.6053443111037626,0,0.3048044622889518
oulad_FFF_2013B,oulad_BBB_2013J,0.005297300830517937,0.8105205435269653,4,0.3886458555650068
oulad_FFF_2013B,oulad_BBB_2014B,0.033797575615103714,0.901131251355372,1,0.42517310175763684
oulad_FFF_2013B,oulad_BBB_2014J,0.018107268209450023,0.691616236812741,3,0.4073382306463916
oulad_FFF_2013B,oulad_CCC_2014B,0.14205185515171997,0.5180343214062777,0,0.38548455881169635
oulad_FFF_2013B,oulad_CCC_2014J,0.07818547278963195,0.45149860088529736,4,0.38093530232222594
oulad_FFF_2013B,oulad_DDD_2013B,0.09310608157136185,0.3409854115063245,0,0.1597172096420328
oulad_FFF_2013B,oulad_DDD_2013J,0.05674995492229368,0.44234236964452694,3,0.24674440310266155
oulad_FFF_2013B,oulad_DDD_2014B,0.0944453862578658,0.4665623473211732,0,0.2627453303833431
oulad_FFF_2013B,oulad_DDD_2014J,0.04524264598242911,0.5715300029988531,3,0.2925225821482989
oulad_FFF_2013B,oulad_EEE_2013J,0.09438680556537143,0.22061444197411698,4,0.24678717657218516
oulad_FFF_2013B,oulad_EEE_2014B,0.02989868906434695,0.3069597722404599,0,0.26434889651735055
oulad_FFF_2013B,oulad_EEE_2014J,0.09124704291990543,0.2644428034020892,4,0.2739181512415713
oulad_FFF_2013B,oulad_FFF_2013J,0.0048784697627689,0.12705245060285308,4,0.13131171798108768
oulad_FFF_2013B,oulad_FFF_2014B,0.04851053283767037,0.1808065339379302,0,0.12173765268189062
oulad_FFF_2013B,oulad_FFF_2014J,0.012206093091370163,0.15919217362617302,4,0.15491170021298836
oulad_FFF_2013B,ku_Accountancy_1819,0.21761712673679773,0.8857714959461577,22,0.6298994267484737
oulad_FFF_2013B,ku_Globaleconom_1819,0.0780735856010914,1.2056495748651745,20,0.6560166081873016
oulad_FFF_2013B,ku_Accountancy_1920,0.1977589707084289,0.8133498335458296,22,0.6419535749125246
oulad_FFF_2013B,ku_Globaleconom_1920,0.270261860701243,0.5731596277323614,20,0.5514893673434853
oulad_FFF_2013B,ku_Accountancy_2021,0.21673428044033788,0.22718925272128415,22,0.5567158730403575
oulad_FFF_2013B,ku_Globaleconom_2021,0.028922302983225123,0.5401593676294361,20,0.5709728045909592
oulad_FFF_2013B,ukzn_ISTN101_2019,0.34124704291990543,0.7939212817075035,2,0.5410983842675293
oulad_FFF_2013B,ukzn_ISTN101_2020,0.4653872176735771,0.7192876634105995,0,0.5791556570629256
oulad_FFF_2013B,ukzn_ISTN101_2021,0.43046922424734985,0.29217755207950913,11,0.5363096761061935
oulad_FFF_2013B,ukzn_ISTN102_2018,0.2508980274736137,1.325943406427711,16,0.6648816325743409
oulad_FFF_2013B,ukzn_ISTN103_2019,0.24594768818658835,1.325943406427711,16,0.6509264574175043
oulad_FFF_2013B,ukzn_ISTN103_2020,0.4092048091216642,1.3034360654298596,21,0.6339678983962942
oulad_FFF_2013B,ukzn_ISTN211_2019,0.4476323243051868,0.8205047644335661,2,0.5255108363047822
oulad_FFF_2013B,ukzn_ISTN211_2021,0.4635016995782318,0.9768519652934903,16,0.6035719563907552
oulad_FFF_2013B,ukzn_ISTN212_2018,0.3306155175824977,1.2198900139797846,17,0.6249704342703624
oulad_FFF_2013B,ukzn_ISTN212_2019,0.35639855807142057,1.171966461662602,16,0.642824956951351
oulad_FFF_2013B,ukzn_ISTN2IP_2018,0.26296421463707714,1.234613270800491,15,0.6498951275902949
oulad_FFF_2013B,ukzn_ISTN2IP_2019,0.274110156817502,0.952718285576771,2,0.5670976248466315
oulad_FFF_2013B,ukzn_ISTN3ND_2018,0.11965613382899626,1.325943406427711,17,0.6546365138372573
oulad_FFF_2013B,ukzn_ISTN3ND_2019,0.31818005012197087,0.819064317070259,16,0.5825710650005914
oulad_FFF_2013B,ukzn_ISTN3SA_2018,0.30272350971552114,0.8874515540641794,1,0.5290241541526839
oulad_FFF_2013B,ukzn_ISTN3SA_2019,0.38728433895720143,0.8161976764186558,0,0.5067295777332952
oulad_FFF_2013B,zambia_ICT1110_2020,0.2383566866838242,1.0024060697658785,8,0.5021092909568747
oulad_FFF_2013B,zambia_ICT1110_2021,0.09989514822228573,0.8519132286851904,1,0.5101890055421653
oulad_FFF_2013B,oviedo_C1112_1415,0.02722410067686637,0.9686574866782187,11,0.5998050973579172
oulad_FFF_2013B,oviedo_C1127_1415,0.1475649388604428,0.9488232416932467,9,0.6010698169988344
oulad_FFF_2013B,oviedo_C1200_1415,0.08264137395916571,0.665602804447823,8,0.5065721664408389
oulad_FFF_2013B,oviedo_C1303_1415,0.10951053283767037,1.242166408690937,11,0.648295842500569
oulad_FFF_2013B,oviedo_C174_1415,0.04673946716232963,0.52455429429886,7,0.434424234377766
oulad_FFF_2013B,oviedo_C190_1415,0.029153389980527522,0.7993841774090058,9,0.5352021849632046
oulad_FFF_2013B,oviedo_C1978_1415,0.23500166228428082,1.1918612903795411,7,0.5893628917701818
oulad_FFF_2013B,oviedo_C2011_1415,0.29882280049566295,1.2235242986348789,7,0.587267657992565
oulad_FFF_2013B,oviedo_C2024_1415,0.3564680604345009,1.0535585922132598,9,0.6250590751630961
oulad_FFF_2013B,oviedo_C2150_1415,0.12869701433214092,0.6429730580145777,6,0.5349051593703344
oulad_FFF_2013B,oviedo_C2271_1415,0.1010599369609873,1.1918612903795411,12,0.6266120629534715
oulad_FFF_2013B,oviedo_C2335_1415,0.16208062629561432,2.520920009643766,9,0.7732006988251994
oulad_FFF_2013B,oviedo_C2406_1415,0.10857068321361024,0.7261996578269294,6,0.5191803193592053
oulad_FFF_2013B,oviedo_C2468_1415,0.015489467162329629,1.1258849916151354,13,0.6462227288231459
oulad_FFF_2013B,oviedo_C2607_1415,0.22097262670048623,2.697011268699447,1,0.7875858031803975
oulad_FFF_2013B,oviedo_C3022_1415,0.22977518144804393,2.395981273035466,2,0.751948362988318
oulad_FFF_2013B,oviedo_C3029_1415,0.18648513815800066,1.165532351657192,10,0.6770799566869669
oulad_FFF_2013B,oviedo_C4189_1415,0.04673946716232963,2.998041264363428,8,0.8874980638166047
oulad_FFF_2013B,oviedo_C4213_1415,0.09406089573375825,0.5439589936323384,6,0.48052120476443366
oulad_FFF_2013B,oviedo_C836_1415,0.009742340725548027,1.242166408690937,8,0.5777555990990165
oulad_FFF_2013J,oulad_AAA_2013J,0.2462165008937669,0.07441448055014559,0,0.13303804142092363
oulad_FFF_2013J,oulad_AAA_2014J,0.21351862185660542,0.11283419179318534,0,0.11908559222295653
oulad_FFF_2013J,oulad_BBB_2013B,0.025189505066978424,0.47829186050090955,4,0.23634931931583864
oulad_FFF_2013J,oulad_BBB_2013J,0.000418831067749037,0.6834680929241123,0,0.2965597529945666
oulad_FFF_2013J,oulad_BBB_2014B,0.028919105852334814,0.7740788007525189,5,0.34340876660221864
oulad_FFF_2013J,oulad_BBB_2014J,0.022985737972218923,0.5645637862098879,1,0.3172664790747914
oulad_FFF_2013J,oulad_CCC_2014B,0.13717338538895107,0.3909818708034246,4,0.30173915848417104
oulad_FFF_2013J,oulad_CCC_2014J,0.07330700302686305,0.3244461502824443,0,0.2875877574595814
oulad_FFF_2013J,oulad_DDD_2013B,0.08822761180859295,0.21393296090347136,4,0.16007276100077208
oulad_FFF_2013J,oulad_DDD_2013J,0.05187148515952478,0.31528991904167386,1,0.1585464395316187
oulad_FFF_2013J,oulad_DDD_2014B,0.0895669164950969,0.3395098967183201,4,0.20306937167038952
oulad_FFF_2013J,oulad_DDD_2014J,0.04036417621966021,0.44447755239600006,1,0.19325798803716684
oulad_FFF_2013J,oulad_EEE_2013J,0.09926527532814033,0.09356199137126389,0,0.14200935616748311
oulad_FFF_2013J,oulad_EEE_2014B,0.03477715882711585,0.1799073216376068,4,0.2043615554277621
oulad_FFF_2013J,oulad_EEE_2014J,0.09612551268267433,0.13739035279923612,0,0.1748055930053302
oulad_FFF_2013J,oulad_FFF_2013B,0.0048784697627689,0.12705245060285306,4,0.13131171798108768
oulad_FFF_2013J,oulad_FFF_2014B,0.04363206307490147,0.053754083335077134,4,0.08936749890494963
oulad_FFF_2013J,oulad_FFF_2014J,0.007327623328601263,0.03213972302332001,0,0.04805436900293729
oulad_FFF_2013J,ku_Accountancy_1819,0.22249559649956663,0.7587190453433046,26,0.6253751962103935
oulad_FFF_2013J,ku_Globaleconom_1819,0.0829520553638603,1.0785971242623213,24,0.6148898384799647
oulad_FFF_2013J,ku_Accountancy_1920,0.2026374404711978,0.6862973829429765,26,0.63748041224486
oulad_FFF_2013J,ku_Globaleconom_1920,0.2751403304640119,0.4461071771295083,24,0.5373892510572164
oulad_FFF_2013J,ku_Accountancy_2021,0.22161275020310678,0.10013680211843111,26,0.546905674554924
oulad_FFF_2013J,ku_Globaleconom_2021,0.03380077274599402,0.4131069170265829,24,0.5595616809887114
oulad_FFF_2013J,ukzn_ISTN101_2019,0.34612551268267433,0.6668688311046505,6,0.5252748647541683
oulad_FFF_2013J,ukzn_ISTN101_2020,0.470265687436346,0.5922352128077463,4,0.501774346300035
oulad_FFF_2013J,ukzn_ISTN101_2021,0.43534769401011875,0.16512510147665604,15,0.5186520835597536
oulad_FFF_2013J,ukzn_ISTN102_2018,0.2557764972363826,1.1988909558248577,20,0.6209625876253341
oulad_FFF_2013J,ukzn_ISTN103_2019,0.25082615794935725,1.1988909558248577,20,0.6078913453661533
oulad_FFF_2013J,ukzn_ISTN103_2020,0.4140832788844331,1.1763836148270066,25,0.5886500963887222
oulad_FFF_2013J,ukzn_ISTN211_2019,0.4525107940679557,0.6934523138307132,2,0.5198934895903171
oulad_FFF_2013J,ukzn_ISTN211_2021,0.4683801693410007,0.8497995146906372,20,0.5961718301951457
oulad_FFF_2013J,ukzn_ISTN212_2018,0.3354939873452666,1.0928375633769316,21,0.5989299793504788
oulad_FFF_2013J,ukzn_ISTN212_2019,0.36127702783418947,1.0449140110597488,20,0.6127013043898721
oulad_FFF_2013J,ukzn_ISTN2IP_2018,0.26784268439984604,1.107560820197638,19,0.5992912037590093
oulad_FFF_2013J,ukzn_ISTN2IP_2019,0.2789886265802709,0.8256658349739179,6,0.5661119130691834
oulad_FFF_2013J,ukzn_ISTN3ND_2018,0.12453460359176516,1.1988909558248577,21,0.6144679619548213
oulad_FFF_2013J,ukzn_ISTN3ND_2019,0.32305851988473977,0.6920118664674059,20,0.5757751006450204
oulad_FFF_2013J,ukzn_ISTN3SA_2018,0.30760197947829004,0.7603991034613263,3,0.5083842914524829
oulad_FFF_2013J,ukzn_ISTN3SA_2019,0.39216280871997033,0.6891452258158027,4,0.4816825749808667
oulad_FFF_2013J,zambia_ICT1110_2020,0.2334782169210553,0.8753536191630253,4,0.44950686632684
oulad_FFF_2013J,zambia_ICT1110_2021,0.09501667845951683,0.7248607780823373,3,0.513342767613464
oulad_FFF_2013J,oviedo_C1112_1415,0.02234563091409747,0.8416050360753656,15,0.5551045383981418
oulad_FFF_2013J,oviedo_C1127_1415,0.1524434086232117,0.8217707910903936,13,0.5799256900588317
oulad_FFF_2013J,oviedo_C1200_1415,0.07776290419639681,0.53855035384497,4,0.4618054032621682
oulad_FFF_2013J,oviedo_C1303_1415,0.10463206307490147,1.1151139580880838,15,0.6384612977911269
oulad_FFF_2013J,oviedo_C174_1415,0.05161793692509853,0.39750184369600694,3,0.3899982792065577
oulad_FFF_2013J,oviedo_C190_1415,0.024274920217758622,0.6723317268061527,5,0.4860850384831988
oulad_FFF_2013J,oviedo_C1978_1415,0.23988013204704972,1.0648088397766882,3,0.5187333739303227
oulad_FFF_2013J,oviedo_C2011_1415,0.30370127025843185,1.0964718480320257,3,0.5143733183154996
oulad_FFF_2013J,oviedo_C2024_1415,0.3613465301972698,0.9265061416104067,13,0.6066372395200953
oulad_FFF_2013J,oviedo_C2150_1415,0.13357548409490982,0.5159206074117246,2,0.47129846409592524
oulad_FFF_2013J,oviedo_C2271_1415,0.1059384067237562,1.0648088397766882,16,0.6166927882901214
oulad_FFF_2013J,oviedo_C2335_1415,0.15720215653284542,2.393867559040913,5,0.7085411589814307
oulad_FFF_2013J,oviedo_C2406_1415,0.10369221345084134,0.5991472072240763,2,0.4692720161582857
oulad_FFF_2013J,oviedo_C2468_1415,0.02036793692509853,0.9988325410122825,17,0.623958939044994
oulad_FFF_2013J,oviedo_C2607_1415,0.21609415693771733,2.569958818096594,3,0.7224639728992257
oulad_FFF_2013J,oviedo_C3022_1415,0.23465365121081283,2.268928822432613,6,0.6834791735353799
oulad_FFF_2013J,oviedo_C3029_1415,0.19136360792076956,1.0384799010543388,6,0.6002948306308546
oulad_FFF_2013J,oviedo_C4189_1415,0.05161793692509853,2.8709888137605755,4,0.8353557544897064
oulad_FFF_2013J,oviedo_C4213_1415,0.09893936549652715,0.4169065430294853,2,0.4408409092940725
oulad_FFF_2013J,oviedo_C836_1415,0.014620810488316927,1.1151139580880838,4,0.5235182296218138
oulad_FFF_2014B,oulad_AAA_2013J,0.28984856396866837,0.020660397215068443,4,0.1541041899788636
oulad_FFF_2014B,oulad_AAA_2014J,0.2571506849315069,0.059080108458108196,4,0.12899804305283757
oulad_FFF_2014B,oulad_BBB_2013B,0.01844255800792305,0.4245377771658324,0,0.20428393564556552
oulad_FFF_2014B,oulad_BBB_2013J,0.043213232007152436,0.6297140095890351,4,0.2907530919386082
oulad_FFF_2014B,oulad_BBB_2014B,0.014712957222566658,0.7203247174174418,1,0.32743347208691287
oulad_FFF_2014B,oulad_BBB_2014J,0.0666178010471204,0.5108097028748108,3,0.3012904512590376
oulad_FFF_2014B,oulad_CCC_2014B,0.0935413223140496,0.33722778746834753,0,0.28243349075167257
oulad_FFF_2014B,oulad_CCC_2014J,0.029674939951961576,0.27069206694736714,4,0.2749437645354379
oulad_FFF_2014B,oulad_DDD_2013B,0.04459554873369148,0.16017887756839425,0,0.1034844132587801
oulad_FFF_2014B,oulad_DDD_2013J,0.008239422084623305,0.2615358357065967,3,0.1565109833407047
oulad_FFF_2014B,oulad_DDD_2014B,0.04593485342019543,0.285755813383243,0,0.15144656429346987
oulad_FFF_2014B,oulad_DDD_2014J,0.0032678868552412643,0.3907234690609229,3,0.1967981934870454
oulad_FFF_2014B,oulad_EEE_2013J,0.1428973384030418,0.03980790803618679,4,0.1537816404128191
oulad_FFF_2014B,oulad_EEE_2014B,0.07840922190201732,0.1261532383025297,0,0.15929545766433376
oulad_FFF_2014B,oulad_EEE_2014J,0.1397575757575758,0.08363626946415897,4,0.1814795574795575
oulad_FFF_2014B,oulad_FFF_2013B,0.04851053283767037,0.18080653393793022,0,0.12173765268189062
oulad_FFF_2014B,oulad_FFF_2013J,0.04363206307490147,0.05375408333507715,4,0.08936749890494963
oulad_FFF_2014B,oulad_FFF_2014J,0.03630443974630021,0.021614360311757175,4,0.08309372797744892
oulad_FFF_2014B,ku_Accountancy_1819,0.2661276595744681,0.7049649620082276,22,0.5985303951367781
oulad_FFF_2014B,ku_Globaleconom_1819,0.12658411843876177,1.0248430409272442,20,0.5996284047939499
oulad_FFF_2014B,ku_Accountancy_1920,0.24626950354609928,0.6325432996078993,22,0.6120972644376899
oulad_FFF_2014B,ku_Globaleconom_1920,0.31877239353891335,0.3923530937944312,20,0.503619467170128
oulad_FFF_2014B,ku_Accountancy_2021,0.26524481327800825,0.04638271878335398,22,0.5143228610946454
oulad_FFF_2014B,ku_Globaleconom_2021,0.0774328358208955,0.35935283369150584,20,0.5225415778251599
oulad_FFF_2014B,ukzn_ISTN101_2019,0.3897575757575758,0.6131147477695734,2,0.4881114718614719
oulad_FFF_2014B,ukzn_ISTN101_2020,0.5138977505112474,0.5384811294726691,0,0.49163248612328364
oulad_FFF_2014B,ukzn_ISTN101_2021,0.4789797570850202,0.11137101814157886,11,0.4865328706381337
oulad_FFF_2014B,ukzn_ISTN102_2018,0.2994085603112841,1.1451368724897808,16,0.6081756531406336
oulad_FFF_2014B,ukzn_ISTN103_2019,0.2944582210242587,1.1451368724897808,16,0.5916221280965216
oulad_FFF_2014B,ukzn_ISTN103_2020,0.45771534195933455,1.1226295314919295,21,0.5747937681542118
oulad_FFF_2014B,ukzn_ISTN211_2019,0.49614285714285716,0.639698230495636,2,0.48595238095238097
oulad_FFF_2014B,ukzn_ISTN211_2021,0.5120122324159022,0.79604543135556,16,0.5675211882918305
oulad_FFF_2014B,ukzn_ISTN212_2018,0.37912605042016806,1.0390834800418545,17,0.5684009603841537
oulad_FFF_2014B,ukzn_ISTN212_2019,0.40490909090909094,0.9911599277246718,16,0.5843506493506494
oulad_FFF_2014B,ukzn_ISTN2IP_2018,0.3114747474747475,1.0538067368625608,15,0.5876594516594517
oulad_FFF_2014B,ukzn_ISTN2IP_2019,0.3226206896551724,0.7719117516388407,2,0.5319573070607554
oulad_FFF_2014B,ukzn_ISTN3ND_2018,0.16816666666666663,1.1451368724897808,17,0.5982539682539683
oulad_FFF_2014B,ukzn_ISTN3ND_2019,0.36669058295964124,0.6382577831323287,16,0.5403104847320094
oulad_FFF_2014B,ukzn_ISTN3SA_2018,0.3512340425531915,0.7066450201262492,1,0.4735683890577507
oulad_FFF_2014B,ukzn_ISTN3SA_2019,0.4357948717948718,0.6353911424807256,0,0.44679120879120887
oulad_FFF_2014B,zambia_ICT1110_2020,0.18984615384615383,0.8215995358279482,8,0.4482710622710623
oulad_FFF_2014B,zambia_ICT1110_2021,0.05138461538461536,0.6711066947472601,1,0.47004395604395605
oulad_FFF_2014B,oviedo_C1112_1415,0.021286432160804003,0.7878509527402885,11,0.5359248624072744
oulad_FFF_2014B,oviedo_C1127_1415,0.19607547169811318,0.7680167077553166,9,0.5501114106019768
oulad_FFF_2014B,oviedo_C1200_1415,0.03413084112149534,0.4847962705098928,8,0.4624423676012461
oulad_FFF_2014B,oviedo_C1303_1415,0.061,1.0613598747530069,11,0.6106870748299319
oulad_FFF_2014B,oviedo_C174_1415,0.09525,0.3437477603609298,7,0.3845595238095238
oulad_FFF_2014B,oviedo_C190_1415,0.01935714285714285,0.6185776434710756,9,0.48040816326530605
oulad_FFF_2014B,oviedo_C1978_1415,0.2835121951219512,1.011054756441611,7,0.5081672473867596
oulad_FFF_2014B,oviedo_C2011_1415,0.3473333333333333,1.0427177646969485,7,0.5034761904761905
oulad_FFF_2014B,oviedo_C2024_1415,0.4049785932721713,0.8727520582753295,9,0.5765137614678899
oulad_FFF_2014B,oviedo_C2150_1415,0.1772075471698113,0.46216652407664743,6,0.4862875112309074
oulad_FFF_2014B,oviedo_C2271_1415,0.14957046979865768,1.011054756441611,12,0.5895755832534355
oulad_FFF_2014B,oviedo_C2335_1415,0.11357009345794394,2.3401134757058357,9,0.7115469514908767
oulad_FFF_2014B,oviedo_C2406_1415,0.06006015037593987,0.5453931238889992,6,0.4657980665950591
oulad_FFF_2014B,oviedo_C2468_1415,0.064,0.9450784576772053,13,0.596759581881533
oulad_FFF_2014B,oviedo_C2607_1415,0.17246209386281586,2.516204734761517,1,0.7233436479284856
oulad_FFF_2014B,oviedo_C3022_1415,0.2782857142857143,2.215174739097536,2,0.6847579031612644
oulad_FFF_2014B,oviedo_C3029_1415,0.23499567099567104,0.9847258177192618,10,0.5996103896103896
oulad_FFF_2014B,oviedo_C4189_1415,0.09525,2.8172347304254983,8,0.8442291666666667
oulad_FFF_2014B,oviedo_C4213_1415,0.14257142857142863,0.3631524596944081,6,0.446421768707483
oulad_FFF_2014B,oviedo_C836_1415,0.0582528735632184,1.0613598747530069,8,0.5086798029556651
oulad_FFF_2014J,oulad_AAA_2013J,0.25354412422236816,0.042274757526825635,0,0.15643227378001803
oulad_FFF_2014J,oulad_AAA_2014J,0.22084624518520668,0.08069446876986536,0,0.13044190597551542
oulad_FFF_2014J,oulad_BBB_2013B,0.01786188173837716,0.4461521374775896,4,0.2251247364130848
oulad_FFF_2014J,oulad_BBB_2013J,0.006908792260852226,0.6513283699007922,0,0.2691348530460298
oulad_FFF_2014J,oulad_BBB_2014B,0.02159148252373355,0.7419390777291989,5,0.3273245187892169
oulad_FFF_2014J,oulad_BBB_2014J,0.030313361300820185,0.532424063186568,1,0.29187538181206757
oulad_FFF_2014J,oulad_CCC_2014B,0.1298457620603498,0.35884214778010465,4,0.2809028445127811
oulad_FFF_2014J,oulad_CCC_2014J,0.06597937969826179,0.2923064272591243,0,0.2645323749183581
oulad_FFF_2014J,oulad_DDD_2013B,0.08089998847999169,0.18179323788015142,4,0.15852092364969625
oulad_FFF_2014J,oulad_DDD_2013J,0.044543861830923515,0.2831501960183539,1,0.1493958437942886
oulad_FFF_2014J,oulad_DDD_2014B,0.08223929316649564,0.3073701736950002,4,0.19171811069015823
oulad_FFF_2014J,oulad_DDD_2014J,0.033036552891058946,0.4123378293726801,1,0.18027737588934042
oulad_FFF_2014J,oulad_EEE_2013J,0.1065928986567416,0.06142226834794396,0,0.13707672202234056
oulad_FFF_2014J,oulad_EEE_2014B,0.04210478215571711,0.14776759861428687,4,0.19536528748377818
oulad_FFF_2014J,oulad_EEE_2014J,0.10345313601127559,0.10525062977591616,0,0.1586719912301308
oulad_FFF_2014J,oulad_FFF_2013B,0.012206093091370163,0.15919217362617302,4,0.15491170021298836
oulad_FFF_2014J,oulad_FFF_2013J,0.007327623328601263,0.032139723023319966,0,0.04805436900293729
oulad_FFF_2014J,oulad_FFF_2014B,0.03630443974630021,0.021614360311757157,4,0.08309372797744892
oulad_FFF_2014J,ku_Accountancy_1819,0.2298232198281679,0.7265793223199847,26,0.6051752057937116
oulad_FFF_2014J,ku_Globaleconom_1819,0.09027967869246156,1.0464574012390013,24,0.5955874480147542
oulad_FFF_2014J,ku_Accountancy_1920,0.20996506379979907,0.6541576599196565,26,0.6168910423239963
oulad_FFF_2014J,ku_Globaleconom_1920,0.28246795379261314,0.41396745410618835,24,0.5250195694412476
oulad_FFF_2014J,ku_Accountancy_2021,0.22894037353170804,0.06799707909511113,26,0.5318197065567518
oulad_FFF_2014J,ku_Globaleconom_2021,0.041128396074595286,0.38096719400326295,24,0.5431771976721647
oulad_FFF_2014J,ukzn_ISTN101_2019,0.3534531360112756,0.6347291080813305,6,0.5161859458371086
oulad_FFF_2014J,ukzn_ISTN101_2020,0.47759331076494727,0.5600954897844264,4,0.485341481175409
oulad_FFF_2014J,ukzn_ISTN101_2021,0.44267531733872,0.13298537845333608,15,0.5017041709820168
oulad_FFF_2014J,ukzn_ISTN102_2018,0.2631041205649839,1.166751232801538,20,0.6011046776045419
oulad_FFF_2014J,ukzn_ISTN103_2019,0.2581537812779585,1.166751232801538,20,0.5875585289363262
oulad_FFF_2014J,ukzn_ISTN103_2020,0.42141090221303434,1.1442438918036866,25,0.5672783992863089
oulad_FFF_2014J,ukzn_ISTN211_2019,0.45983841739655695,0.6613125908073931,2,0.5081373775725935
oulad_FFF_2014J,ukzn_ISTN211_2021,0.47570779266960195,0.8176597916673173,20,0.5761552862897006
oulad_FFF_2014J,ukzn_ISTN212_2018,0.34282161067386785,1.0606978403536116,21,0.5809874901334741
oulad_FFF_2014J,ukzn_ISTN212_2019,0.36860465116279073,1.0127742880364288,20,0.5959327494211214
oulad_FFF_2014J,ukzn_ISTN2IP_2018,0.2751703077284473,1.075421097174318,19,0.5804221618175107
oulad_FFF_2014J,ukzn_ISTN2IP_2019,0.28631624990887217,0.7935261119505979,6,0.5516611295681063
oulad_FFF_2014J,ukzn_ISTN3ND_2018,0.13186222692036642,1.166751232801538,21,0.5931591664149803
oulad_FFF_2014J,ukzn_ISTN3ND_2019,0.33038614321334103,0.6598721434440858,20,0.5567369537335123
oulad_FFF_2014J,ukzn_ISTN3SA_2018,0.3149296028068913,0.7282593804380063,3,0.49516612366686585
oulad_FFF_2014J,ukzn_ISTN3SA_2019,0.3994904320485716,0.6570055027924828,4,0.47318418016092434
oulad_FFF_2014J,zambia_ICT1110_2020,0.22615059359245404,0.8432138961397054,4,0.43629393861952004
oulad_FFF_2014J,zambia_ICT1110_2021,0.08768905513091557,0.6927210550590173,3,0.5039774179309063
oulad_FFF_2014J,oviedo_C1112_1415,0.015018007585496207,0.8094653130520457,15,0.540472219144651
oulad_FFF_2014J,oviedo_C1127_1415,0.15977103195181297,0.7896310680670737,13,0.5646199346945288
oulad_FFF_2014J,oviedo_C1200_1415,0.07043528086779555,0.5064106308216499,4,0.4570875332014216
oulad_FFF_2014J,oviedo_C1303_1415,0.09730443974630021,1.082974235064764,15,0.6217305949864089
oulad_FFF_2014J,oviedo_C174_1415,0.05894556025369979,0.365362120672687,3,0.3806585371992348
oulad_FFF_2014J,oviedo_C190_1415,0.01694729688915736,0.6401920037828327,5,0.4806187168313415
oulad_FFF_2014J,oviedo_C1978_1415,0.24720775537565098,1.0326691167533681,3,0.4983315040036537
oulad_FFF_2014J,oviedo_C2011_1415,0.3110288935870331,1.0643321250087057,3,0.49613913218564376
oulad_FFF_2014J,oviedo_C2024_1415,0.3686741535258711,0.8943664185870867,13,0.593058445714729
oulad_FFF_2014J,oviedo_C2150_1415,0.1409031074235111,0.48378088438840466,2,0.4665506060416108
oulad_FFF_2014J,oviedo_C2271_1415,0.11326603005235747,1.0326691167533681,16,0.598119345926432
oulad_FFF_2014J,oviedo_C2335_1415,0.14987453320424415,2.361727836017593,5,0.6716463388817225
oulad_FFF_2014J,oviedo_C2406_1415,0.09636459012224008,0.5670074842007563,2,0.4663534402299921
oulad_FFF_2014J,oviedo_C2468_1415,0.02769556025369979,0.9666928179889624,17,0.6075292263040419
oulad_FFF_2014J,oviedo_C2607_1415,0.20876653360911607,2.537819095073274,3,0.6865616962166369
oulad_FFF_2014J,oviedo_C3022_1415,0.2419812745394141,2.2367890994092927,6,0.6493417663048306
oulad_FFF_2014J,oviedo_C3029_1415,0.19869123124937083,1.006340178031019,6,0.5643382088564813
oulad_FFF_2014J,oviedo_C4189_1415,0.05894556025369979,2.838849090737255,4,0.805022085472667
oulad_FFF_2014J,oviedo_C4213_1415,0.10626698882512842,0.3847668200061653,2,0.44057902230659707
oulad_FFF_2014J,oviedo_C836_1415,0.02194843381691819,1.082974235064764,4,0.507219057339346
ku_Accountancy_1819,oulad_AAA_2013J,0.02372090439420027,0.684304564793159,26,0.694165800312681
ku_Accountancy_1819,oulad_AAA_2014J,0.00897697464296121,0.6458848535501194,26,0.6727078735895408
ku_Accountancy_1819,oulad_BBB_2013B,0.24768510156654505,0.2804271848423951,22,0.48708389453386386
ku_Accountancy_1819,oulad_BBB_2013J,0.22291442756731566,0.07525095241919241,26,0.47335678414833154
ku_Accountancy_1819,oulad_BBB_2014B,0.25141470235190144,0.015359755409214231,21,0.44348445476250153
ku_Accountancy_1819,oulad_BBB_2014J,0.1995098585273477,0.19415525913341672,25,0.4543161226838959
ku_Accountancy_1819,oulad_CCC_2014B,0.3596689818885177,0.36773717453988,22,0.5298817478459645
ku_Accountancy_1819,oulad_CCC_2014J,0.2958025995264297,0.43427289506086036,26,0.5704708143414426
ku_Accountancy_1819,oulad_DDD_2013B,0.3107232083081596,0.5447860844398333,22,0.5632221177689083
ku_Accountancy_1819,oulad_DDD_2013J,0.2743670816590914,0.4434291263016308,25,0.5376322141398553
ku_Accountancy_1819,oulad_DDD_2014B,0.31206251299466353,0.41920914862498454,22,0.577704993911072
ku_Accountancy_1819,oulad_DDD_2014J,0.26285977271922684,0.3142414929473046,25,0.5494566848228298
ku_Accountancy_1819,oulad_EEE_2013J,0.1232303211714263,0.6651570539720407,26,0.6689458203797658
ku_Accountancy_1819,oulad_EEE_2014B,0.18771843767245078,0.5788117237056978,22,0.6343052258612686
ku_Accountancy_1819,oulad_EEE_2014J,0.1263700838168923,0.6213286925440685,26,0.6680789659513063
ku_Accountancy_1819,oulad_FFF_2013B,0.21761712673679773,0.8857714959461578,22,0.6298994267484737
ku_Accountancy_1819,oulad_FFF_2013J,0.22249559649956663,0.7587190453433046,26,0.6253751962103935
ku_Accountancy_1819,oulad_FFF_2014B,0.2661276595744681,0.7049649620082276,22,0.5985303951367781
ku_Accountancy_1819,oulad_FFF_2014J,0.2298232198281679,0.7265793223199847,26,0.6051752057937116
ku_Accountancy_1819,ku_Globaleconom_1819,0.13954354113570633,0.31987807891901676,2,0.31418824939557455
ku_Accountancy_1819,ku_Accountancy_1920,0.019858156028368823,0.07242166240032817,0,0.20762411347517729
ku_Accountancy_1819,ku_Globaleconom_1920,0.052644733964445245,0.31261186821379633,2,0.2748171158987543
ku_Accountancy_1819,ku_Accountancy_2021,0.0008828462964598494,0.6585822432248736,0,0.46369715008807433
ku_Accountancy_1819,ku_Globaleconom_2021,0.1886948237535726,0.34561212831672167,2,0.3650966293154289
ku_Accountancy_1819,ukzn_ISTN101_2019,0.1236299161831077,0.09185021423865418,20,0.3682762273187805
ku_Accountancy_1819,ukzn_ISTN101_2020,0.24777009093677937,0.16648383253555832,22,0.5336125769979053
ku_Accountancy_1819,ukzn_ISTN101_2021,0.21285209751055212,0.5935939438666487,11,0.5772896849324621
ku_Accountancy_1819,ukzn_ISTN102_2018,0.033280900736816,0.44017191048155313,6,0.403367562357338
ku_Accountancy_1819,ukzn_ISTN103_2019,0.028330561449790626,0.44017191048155313,6,0.36758845449058786
ku_Accountancy_1819,ukzn_ISTN103_2020,0.19158768238486645,0.41766456948370195,1,0.40487509059548626
ku_Accountancy_1819,ukzn_ISTN211_2019,0.23001519756838906,0.06526673151259155,24,0.43884607034303086
ku_Accountancy_1819,ukzn_ISTN211_2021,0.24588457284143406,0.09108046934733258,6,0.29971800842140484
ku_Accountancy_1819,ukzn_ISTN212_2018,0.11299839084569996,0.33411851803362697,5,0.43900219662333023
ku_Accountancy_1819,ukzn_ISTN212_2019,0.13878143133462284,0.2861949657164442,6,0.42287234042553196
ku_Accountancy_1819,ukzn_ISTN2IP_2018,0.045347087900279415,0.3488417748543334,7,0.5033235086426576
ku_Accountancy_1819,ukzn_ISTN2IP_2019,0.056493030080704276,0.06694678963061322,20,0.46592993396918564
ku_Accountancy_1819,ukzn_ISTN3ND_2018,0.09796099290780147,0.44017191048155313,5,0.4616261398176292
ku_Accountancy_1819,ukzn_ISTN3ND_2019,0.10056292338517314,0.06670717887589878,6,0.4844463450870281
ku_Accountancy_1819,ukzn_ISTN3SA_2018,0.08510638297872342,0.0016800581180216715,23,0.4680217831813577
ku_Accountancy_1819,ukzn_ISTN3SA_2019,0.1696672122204037,0.06957381952750191,22,0.4514613046527941
ku_Accountancy_1819,zambia_ICT1110_2020,0.45597381342062193,0.11663457381972075,30,0.468076338555062
ku_Accountancy_1819,zambia_ICT1110_2021,0.31751227495908346,0.03385826726096737,23,0.4554594341828384
ku_Accountancy_1819,oviedo_C1112_1415,0.2448412274136641,0.08288599073206102,11,0.47172889523605865
ku_Accountancy_1819,oviedo_C1127_1415,0.07005218787635492,0.06305174574708902,13,0.4475361300682458
ku_Accountancy_1819,oviedo_C1200_1415,0.30025850069596344,0.22016869149833468,30,0.4757566826690907
ku_Accountancy_1819,oviedo_C1303_1415,0.3271276595744681,0.35639491274477925,11,0.35130807642205814
ku_Accountancy_1819,oviedo_C174_1415,0.1708776595744681,0.3612172016472977,29,0.45611702127659576
ku_Accountancy_1819,oviedo_C190_1415,0.24677051671732525,0.08638731853715197,31,0.4828484585323491
ku_Accountancy_1819,oviedo_C1978_1415,0.017384535547483093,0.30608979443338347,29,0.6506551634665284
ku_Accountancy_1819,oviedo_C2011_1415,0.08120567375886523,0.33775280268872104,29,0.6139690982776089
ku_Accountancy_1819,oviedo_C2024_1415,0.13885093369770318,0.16778709626710203,13,0.3936495542976121
ku_Accountancy_1819,oviedo_C2150_1415,0.0889201124046568,0.24279843793158,28,0.617569679417331
ku_Accountancy_1819,oviedo_C2271_1415,0.11655718977581042,0.30608979443338347,10,0.40189918606311575
ku_Accountancy_1819,oviedo_C2335_1415,0.37969775303241204,1.6351485136976083,31,0.6778577109905406
ku_Accountancy_1819,oviedo_C2406_1415,0.32618780995040797,0.15957183811922834,28,0.5174814886760976
ku_Accountancy_1819,oviedo_C2468_1415,0.2021276595744681,0.2401134956689778,9,0.38180183853510263
ku_Accountancy_1819,oviedo_C2607_1415,0.43858975343728396,1.8112397727532894,23,0.6952236017688433
ku_Accountancy_1819,oviedo_C3022_1415,0.012158054711246202,1.5102097770893081,20,0.7007643482925084
ku_Accountancy_1819,oviedo_C3029_1415,0.031131988578797065,0.27976085571103426,32,0.6013237016276529
ku_Accountancy_1819,oviedo_C4189_1415,0.1708776595744681,2.1122697684172707,30,0.7996295592705167
ku_Accountancy_1819,oviedo_C4213_1415,0.12355623100303947,0.3418125023138194,28,0.5639980460269214
ku_Accountancy_1819,oviedo_C836_1415,0.2078747860112497,0.35639491274477925,30,0.5801584390175734
ku_Globaleconom_1819,oulad_AAA_2013J,0.1632644455299066,1.004182643712176,24,0.6737743243792743
ku_Globaleconom_1819,oulad_AAA_2014J,0.13056656649274512,0.9657629324691361,24,0.6518862284123442
ku_Globaleconom_1819,oulad_BBB_2013B,0.10814156043083872,0.6003052637614119,20,0.4929318477020058
ku_Globaleconom_1819,oulad_BBB_2013J,0.08337088643160934,0.39512903133820915,24,0.4589984199764892
ku_Globaleconom_1819,oulad_BBB_2014B,0.11187116121619511,0.30451832350980257,19,0.4122931435880815
ku_Globaleconom_1819,oulad_BBB_2014J,0.05996631739164138,0.5140333380524335,23,0.456550508980519
ku_Globaleconom_1819,oulad_CCC_2014B,0.22012544075281137,0.6876152534588967,20,0.5254932498677146
ku_Globaleconom_1819,oulad_CCC_2014J,0.15625905839072335,0.7541509739798771,24,0.5682887398170796
ku_Globaleconom_1819,oulad_DDD_2013B,0.17117966717245325,0.86466416335885,20,0.616330497869012
ku_Globaleconom_1819,oulad_DDD_2013J,0.13482354052338508,0.7633072052206475,23,0.5675848436704144
ku_Globaleconom_1819,oulad_DDD_2014B,0.1725189718589572,0.7390872275440012,20,0.5595359699681908
ku_Globaleconom_1819,oulad_DDD_2014J,0.12331623158352051,0.6341195718663213,23,0.5566749130862777
ku_Globaleconom_1819,oulad_EEE_2013J,0.016313219964280035,0.9850351328910575,24,0.6315597760886872
ku_Globaleconom_1819,oulad_EEE_2014B,0.04817489653674445,0.8986898026247145,20,0.593466563457371
ku_Globaleconom_1819,oulad_EEE_2014J,0.01317345731881403,0.9412067714630853,24,0.6308343966486633
ku_Globaleconom_1819,oulad_FFF_2013B,0.0780735856010914,1.2056495748651745,20,0.6560166081873016
ku_Globaleconom_1819,oulad_FFF_2013J,0.0829520553638603,1.0785971242623213,24,0.6148898384799647
ku_Globaleconom_1819,oulad_FFF_2014B,0.12658411843876177,1.0248430409272442,20,0.5996284047939499
ku_Globaleconom_1819,oulad_FFF_2014J,0.09027967869246156,1.0464574012390016,24,0.5955874480147542
ku_Globaleconom_1819,ku_Accountancy_1819,0.13954354113570633,0.31987807891901676,2,0.31418824939557455
ku_Globaleconom_1819,ku_Accountancy_1920,0.1196853851073375,0.3922997413193449,2,0.4305080446886237
ku_Globaleconom_1819,ku_Globaleconom_1920,0.19218827510015157,0.6324899471328131,0,0.35512712030697813
ku_Globaleconom_1819,ku_Accountancy_2021,0.13866069483924648,0.9784603221438903,2,0.575755327401396
ku_Globaleconom_1819,ku_Globaleconom_2021,0.049151282617866277,0.6654902072357385,0,0.4325207264963397
ku_Globaleconom_1819,ukzn_ISTN101_2019,0.26317345731881403,0.4117282931576709,18,0.4053738573001696
ku_Globaleconom_1819,ukzn_ISTN101_2020,0.3873136320724857,0.4863619114545751,20,0.47901791735032867
ku_Globaleconom_1819,ukzn_ISTN101_2021,0.35239563864625845,0.9134720227856654,9,0.6664801043918419
ku_Globaleconom_1819,ukzn_ISTN102_2018,0.17282444187252233,0.12029383156253638,4,0.1774726051634787
ku_Globaleconom_1819,ukzn_ISTN103_2019,0.16787410258549695,0.12029383156253638,4,0.15260473269274186
ku_Globaleconom_1819,ukzn_ISTN103_2020,0.3311312235205728,0.09778649056468518,1,0.23817526204437442
ku_Globaleconom_1819,ukzn_ISTN211_2019,0.3695587387040954,0.3851448104316083,22,0.5354354931743897
ku_Globaleconom_1819,ukzn_ISTN211_2021,0.3854281139771404,0.22879760957168419,4,0.2609942689214671
ku_Globaleconom_1819,ukzn_ISTN212_2018,0.2525419319814063,0.014240439114610285,3,0.2643536553248486
ku_Globaleconom_1819,ukzn_ISTN212_2019,0.27832497247032917,0.03368311320257256,4,0.22473970623364972
ku_Globaleconom_1819,ukzn_ISTN2IP_2018,0.18489062903598574,0.028963695935316558,5,0.28735344213136943
ku_Globaleconom_1819,ukzn_ISTN2IP_2019,0.1960365712164106,0.2529312892884036,18,0.5188392152702729
ku_Globaleconom_1819,ukzn_ISTN3ND_2018,0.04158254822790486,0.12029383156253638,3,0.23775609391356362
ku_Globaleconom_1819,ukzn_ISTN3ND_2019,0.24010646452087947,0.3865852577949156,4,0.517845395374984
ku_Globaleconom_1819,ukzn_ISTN3SA_2018,0.22464992411442974,0.3181980208009951,21,0.46993690520508197
ku_Globaleconom_1819,ukzn_ISTN3SA_2019,0.30921075335611004,0.3894518984465187,20,0.45249187779470423
ku_Globaleconom_1819,zambia_ICT1110_2020,0.3164302722849156,0.203243505099296,28,0.36529365654533896
ku_Globaleconom_1819,zambia_ICT1110_2021,0.17796873382337713,0.3537363461799842,21,0.4965502196323192
ku_Globaleconom_1819,oviedo_C1112_1415,0.10529768627795777,0.2369920881869558,9,0.39073757559186045
ku_Globaleconom_1819,oviedo_C1127_1415,0.06949135325935141,0.2568263331719277,11,0.4336829274486401
ku_Globaleconom_1819,oviedo_C1200_1415,0.1607149595602571,0.5400467704173514,28,0.5689146767246414
ku_Globaleconom_1819,oviedo_C1303_1415,0.18758411843876177,0.0365168338257625,9,0.21023429560249401
ku_Globaleconom_1819,oviedo_C174_1415,0.03133411843876177,0.6810952805663145,27,0.48394339229635325
ku_Globaleconom_1819,oviedo_C190_1415,0.10722697558161892,0.40626539745616874,29,0.4338176724256324
ku_Globaleconom_1819,oviedo_C1978_1415,0.15692807668318942,0.013788284485633297,27,0.4686962169564014
ku_Globaleconom_1819,oviedo_C2011_1415,0.22074921489457155,0.01787472376970434,27,0.43927930526180864
ku_Globaleconom_1819,oviedo_C2024_1415,0.2783944748334095,0.15209098265191473,11,0.3077883752066028
ku_Globaleconom_1819,oviedo_C2150_1415,0.050623428731049525,0.5626765168505968,26,0.5093287575321147
ku_Globaleconom_1819,oviedo_C2271_1415,0.022986351359895907,0.013788284485633297,8,0.32631857064142283
ku_Globaleconom_1819,oviedo_C2335_1415,0.24015421189670572,1.3152704347785915,29,0.6057412575223672
ku_Globaleconom_1819,oviedo_C2406_1415,0.18664426881470164,0.4794499170382451,26,0.44626178019553786
ku_Globaleconom_1819,oviedo_C2468_1415,0.06258411843876177,0.07976458325003896,7,0.24752510070765002
ku_Globaleconom_1819,oviedo_C2607_1415,0.29904621230157763,1.4913616938342726,21,0.6212822166245452
ku_Globaleconom_1819,oviedo_C3022_1415,0.15170159584695253,1.1903316981702914,18,0.6156815350635544
ku_Globaleconom_1819,oviedo_C3029_1415,0.10841155255690926,0.04011722320798245,30,0.47948071924230357
ku_Globaleconom_1819,oviedo_C4189_1415,0.03133411843876177,1.792391689498254,28,0.7641964886560276
ku_Globaleconom_1819,oviedo_C4213_1415,0.015987310132666854,0.6616905812328361,26,0.5701142637404895
ku_Globaleconom_1819,oviedo_C836_1415,0.06833124487554337,0.0365168338257625,28,0.38104962131508746
ku_Accountancy_1920,oulad_AAA_2013J,0.043579060422569094,0.6118829023928308,26,0.7042693395340471
ku_Accountancy_1920,oulad_AAA_2014J,0.010881181385407612,0.5734631911497912,26,0.679557535634481
ku_Accountancy_1920,oulad_BBB_2013B,0.22782694553817623,0.20800552244206696,22,0.5180593900674817
ku_Accountancy_1920,oulad_BBB_2013J,0.20305627153894684,0.0028292900188642404,26,0.5042964891375091
ku_Accountancy_1920,oulad_BBB_2014B,0.23155654632353262,0.08778141780954238,21,0.48687908715345357
ku_Accountancy_1920,oulad_BBB_2014J,0.17965170249897888,0.12173359673308856,25,0.465558278563737
ku_Accountancy_1920,oulad_CCC_2014B,0.3398108258601489,0.2953155121395518,22,0.5338916241720885
ku_Accountancy_1920,oulad_CCC_2014J,0.27594444349806085,0.36185123266053226,26,0.5739271052100038
ku_Accountancy_1920,oulad_DDD_2013B,0.29086505227979076,0.47236442203950507,22,0.5743071285110115
ku_Accountancy_1920,oulad_DDD_2013J,0.2545089256307226,0.3710074639013026,25,0.5533567962459339
ku_Accountancy_1920,oulad_DDD_2014B,0.2922043569662947,0.3467874862246563,22,0.5884617288595388
ku_Accountancy_1920,oulad_DDD_2014J,0.243001616690858,0.24181983054697645,25,0.556897234767451
ku_Accountancy_1920,oulad_EEE_2013J,0.10337216514305747,0.5927353915717126,26,0.6782123884259634
ku_Accountancy_1920,oulad_EEE_2014B,0.16786028164408195,0.5063900613053697,22,0.6421514267611516
ku_Accountancy_1920,oulad_EEE_2014J,0.10651192778852347,0.5489070301437403,26,0.6740223921074985
ku_Accountancy_1920,oulad_FFF_2013B,0.1977589707084289,0.8133498335458296,22,0.6419535749125246
ku_Accountancy_1920,oulad_FFF_2013J,0.2026374404711978,0.6862973829429765,26,0.63748041224486
ku_Accountancy_1920,oulad_FFF_2014B,0.24626950354609928,0.6325432996078993,22,0.6120972644376899
ku_Accountancy_1920,oulad_FFF_2014J,0.20996506379979907,0.6541576599196565,26,0.6168910423239963
ku_Accountancy_1920,ku_Accountancy_1819,0.019858156028368823,0.0724216624003282,0,0.20762411347517729
ku_Accountancy_1920,ku_Globaleconom_1819,0.1196853851073375,0.3922997413193449,2,0.4305080446886237
ku_Accountancy_1920,ku_Globaleconom_1920,0.07250288999281407,0.2401902058134682,2,0.3049216912371847
ku_Accountancy_1920,ku_Accountancy_2021,0.018975309731908974,0.5861605808245454,0,0.5250883897303955
ku_Accountancy_1920,ku_Globaleconom_2021,0.16883666772520378,0.27319046591639357,2,0.36665608129564947
ku_Accountancy_1920,ukzn_ISTN101_2019,0.14348807221147653,0.019428551838325956,20,0.4162648521691074
ku_Accountancy_1920,ukzn_ISTN101_2020,0.2676282469651482,0.09406217013523019,22,0.5660711954798888
ku_Accountancy_1920,ukzn_ISTN101_2021,0.23271025353892094,0.5211722814663204,11,0.5844463860141352
ku_Accountancy_1920,ukzn_ISTN102_2018,0.05313905676518482,0.5125935728818813,6,0.468966604772549
ku_Accountancy_1920,ukzn_ISTN103_2019,0.04818871747815945,0.5125935728818813,6,0.4632071375318493
ku_Accountancy_1920,ukzn_ISTN103_2020,0.21144583841323528,0.49008623188403005,1,0.44216833624549834
ku_Accountancy_1920,ukzn_ISTN211_2019,0.24987335359675789,0.007154930887736641,24,0.49253148067737734
ku_Accountancy_1920,ukzn_ISTN211_2021,0.2657427288698029,0.1635021317476607,6,0.3533086082373608
ku_Accountancy_1920,ukzn_ISTN212_2018,0.13285654687406878,0.4065401804339551,5,0.5140652005483044
ku_Accountancy_1920,ukzn_ISTN212_2019,0.15863958736299166,0.3586166281167724,6,0.4991180805010592
ku_Accountancy_1920,ukzn_ISTN2IP_2018,0.06520524392864824,0.4212634372546615,7,0.5765251297166191
ku_Accountancy_1920,ukzn_ISTN2IP_2019,0.0763511861090731,0.13936845203094134,20,0.5492785522132551
ku_Accountancy_1920,ukzn_ISTN3ND_2018,0.07810283687943265,0.5125935728818813,5,0.5265366430260047
ku_Accountancy_1920,ukzn_ISTN3ND_2019,0.12042107941354196,0.005714483524429395,6,0.5412324342006625
ku_Accountancy_1920,ukzn_ISTN3SA_2018,0.10496453900709224,0.07410172051834987,23,0.541033434650456
ku_Accountancy_1920,ukzn_ISTN3SA_2019,0.18952536824877253,0.0028478428728262407,22,0.49146598082768295
ku_Accountancy_1920,zambia_ICT1110_2020,0.4361156573922531,0.18905623622004888,30,0.5378224612267165
ku_Accountancy_1920,zambia_ICT1110_2021,0.29765411893071464,0.03856339513936073,23,0.5040604785285636
ku_Accountancy_1920,oviedo_C1112_1415,0.22498307138529527,0.15530765313238917,11,0.5462143544470071
ku_Accountancy_1920,oviedo_C1127_1415,0.0501940318479861,0.1354734081474172,13,0.5263214237923192
ku_Accountancy_1920,oviedo_C1200_1415,0.2804003446675946,0.14774702909800655,30,0.5082066869300912
ku_Accountancy_1920,oviedo_C1303_1415,0.3072695035460993,0.4288165751451074,11,0.4222771023302938
ku_Accountancy_1920,oviedo_C174_1415,0.15101950354609928,0.2887955392469696,29,0.4686043566362716
ku_Accountancy_1920,oviedo_C190_1415,0.22691236068895643,0.013965656136823795,31,0.5169091040671588
ku_Accountancy_1920,oviedo_C1978_1415,0.037242691575851916,0.3785114568337116,29,0.6934242716287345
ku_Accountancy_1920,oviedo_C2011_1415,0.10106382978723405,0.41017446508904926,29,0.6565096251266465
ku_Accountancy_1920,oviedo_C2024_1415,0.158709089726072,0.24020875866743016,13,0.46274969093630036
ku_Accountancy_1920,oviedo_C2150_1415,0.06906195637628798,0.17037677553125188,28,0.623532335455258
ku_Accountancy_1920,oviedo_C2271_1415,0.0966990337474416,0.3785114568337116,10,0.4923692567131094
ku_Accountancy_1920,oviedo_C2335_1415,0.3598395970040432,1.7075701760979363,31,0.6669317955856034
ku_Accountancy_1920,oviedo_C2406_1415,0.30632965392203915,0.08715017571890014,28,0.5414508916668571
ku_Accountancy_1920,oviedo_C2468_1415,0.18226950354609928,0.31253515806930593,9,0.4632070576024909
ku_Accountancy_1920,oviedo_C2607_1415,0.41873159740891513,1.8836614351536176,23,0.6761282960069349
ku_Accountancy_1920,oviedo_C3022_1415,0.032016210739615025,1.5826314394896364,20,0.6772709083633454
ku_Accountancy_1920,oviedo_C3029_1415,0.011273832550428242,0.3521825181113625,32,0.6249213805444808
ku_Accountancy_1920,oviedo_C4189_1415,0.15101950354609928,2.184691430817599,30,0.8155838399189462
ku_Accountancy_1920,oviedo_C4213_1415,0.10369807497467065,0.26939083991349116,28,0.6116225213489652
ku_Accountancy_1920,oviedo_C836_1415,0.18801662998288088,0.4288165751451074,30,0.626859518568983
ku_Globaleconom_1920,oulad_AAA_2013J,0.028923829570244974,0.37169269657936266,24,0.5753841822670109
ku_Globaleconom_1920,oulad_AAA_2014J,0.061621708607406456,0.333272985336323,24,0.5629565132431587
ku_Globaleconom_1920,oulad_BBB_2013B,0.3003298355309903,0.032184683371401235,20,0.46007088205094243
ku_Globaleconom_1920,oulad_BBB_2013J,0.2755591615317609,0.23736091579460392,24,0.47306916244231995
ku_Globaleconom_1920,oulad_BBB_2014B,0.3040594363163467,0.3279716236230106,19,0.45930920251350893
ku_Globaleconom_1920,oulad_BBB_2014J,0.25215459249179295,0.11845660908037962,23,0.3889068278094272
ku_Globaleconom_1920,oulad_CCC_2014B,0.41231371585296295,0.05512530632608367,20,0.46981074258807537
ku_Globaleconom_1920,oulad_CCC_2014J,0.3484473334908749,0.121661026847064,24,0.4963720084521571
ku_Globaleconom_1920,oulad_DDD_2013B,0.3633679422726048,0.23217421622603693,20,0.45381050104477233
ku_Globaleconom_1920,oulad_DDD_2013J,0.32701181562353665,0.13081725808783443,23,0.43173202506135777
ku_Globaleconom_1920,oulad_DDD_2014B,0.3647072469591088,0.10659728041118814,20,0.4616852150609271
ku_Globaleconom_1920,oulad_DDD_2014J,0.3155045066836721,0.0016296247335082386,23,0.45251306559551996
ku_Globaleconom_1920,oulad_EEE_2013J,0.17587505513587154,0.3525451857582444,24,0.5496527935641183
ku_Globaleconom_1920,oulad_EEE_2014B,0.24036317163689602,0.26619985549190145,20,0.5086307218999014
ku_Globaleconom_1920,oulad_EEE_2014J,0.17901481778133754,0.3087168243302722,24,0.5514749975102398
ku_Globaleconom_1920,oulad_FFF_2013B,0.270261860701243,0.5731596277323614,20,0.5514893673434853
ku_Globaleconom_1920,oulad_FFF_2013J,0.2751403304640119,0.4461071771295083,24,0.5373892510572164
ku_Globaleconom_1920,oulad_FFF_2014B,0.31877239353891335,0.3923530937944312,20,0.503619467170128
ku_Globaleconom_1920,oulad_FFF_2014J,0.28246795379261314,0.4139674541061883,24,0.5250195694412476
ku_Globaleconom_1920,ku_Accountancy_1819,0.052644733964445245,0.31261186821379633,2,0.2748171158987543
ku_Globaleconom_1920,ku_Globaleconom_1819,0.19218827510015157,0.632489947132813,0,0.35512712030697813
ku_Globaleconom_1920,ku_Accountancy_1920,0.07250288999281407,0.2401902058134682,2,0.3049216912371847
ku_Globaleconom_1920,ku_Accountancy_2021,0.053527580260905094,0.3459703750110772,2,0.33056011810101776
ku_Globaleconom_1920,ku_Globaleconom_2021,0.24133955771801785,0.03300026010292532,0,0.111104014227165
ku_Globaleconom_1920,ukzn_ISTN101_2019,0.07098518221866246,0.22076165397514222,18,0.42954819593035454
ku_Globaleconom_1920,ukzn_ISTN101_2020,0.19512535697233413,0.146128035678238,20,0.5327854716925282
ku_Globaleconom_1920,ukzn_ISTN101_2021,0.16020736354610687,0.2809820756528523,9,0.5263268302915879
ku_Globaleconom_1920,ukzn_ISTN102_2018,0.019363833227629246,0.7527837786953495,4,0.4282326859676489
ku_Globaleconom_1920,ukzn_ISTN103_2019,0.02431417251465462,0.7527837786953495,4,0.3898568154715964
ku_Globaleconom_1920,ukzn_ISTN103_2020,0.1389429484204212,0.7302764376974983,1,0.44350194090844053
ku_Globaleconom_1920,ukzn_ISTN211_2019,0.17737046360394382,0.24734513670120484,22,0.5288261560130659
ku_Globaleconom_1920,ukzn_ISTN211_2021,0.1932398388769888,0.4036923375611289,4,0.34838136038475526
ku_Globaleconom_1920,ukzn_ISTN212_2018,0.060353656881254714,0.6467303862474234,3,0.4693145980859304
ku_Globaleconom_1920,ukzn_ISTN212_2019,0.0861366973701776,0.5988068339302406,4,0.4389648530617693
ku_Globaleconom_1920,ukzn_ISTN2IP_2018,0.00729764606416583,0.6614536430681297,5,0.5336371900248552
ku_Globaleconom_1920,ukzn_ISTN2IP_2019,0.0038482961162590312,0.37955865784440956,18,0.5644101328819542
ku_Globaleconom_1920,ukzn_ISTN3ND_2018,0.15060572687224671,0.7527837786953495,3,0.49947993147332365
ku_Globaleconom_1920,ukzn_ISTN3ND_2019,0.0479181894207279,0.24590468933789753,4,0.49014760484308695
ku_Globaleconom_1920,ukzn_ISTN3SA_2018,0.03246164901427817,0.3142919263318181,21,0.549736887912912
ku_Globaleconom_1920,ukzn_ISTN3SA_2019,0.11702247825595846,0.24303804868629444,20,0.5295412370302238
ku_Globaleconom_1920,zambia_ICT1110_2020,0.5086185473850672,0.4292464420335171,28,0.540920753255555
ku_Globaleconom_1920,zambia_ICT1110_2021,0.3701570089235287,0.2787536009528289,21,0.5198197544012522
ku_Globaleconom_1920,oviedo_C1112_1415,0.29748596137810934,0.3954978589458574,9,0.5372583496462805
ku_Globaleconom_1920,oviedo_C1127_1415,0.12269692184080017,0.3756636139608854,11,0.5256262591479948
ku_Globaleconom_1920,oviedo_C1200_1415,0.3529032346604087,0.09244317671546168,28,0.526462106107213
ku_Globaleconom_1920,oviedo_C1303_1415,0.37977239353891334,0.6690067809585756,9,0.4181163654889268
ku_Globaleconom_1920,oviedo_C174_1415,0.22352239353891334,0.04860533343350136,27,0.45325938745542266
ku_Globaleconom_1920,oviedo_C190_1415,0.2994152506817705,0.22622454967664438,29,0.5396007521951511
ku_Globaleconom_1920,oviedo_C1978_1415,0.03526019841696215,0.6187016626471799,27,0.6771388151263514
ku_Globaleconom_1920,oviedo_C2011_1415,0.02856093979441998,0.6503646709025175,27,0.6433343822110341
ku_Globaleconom_1920,oviedo_C2024_1415,0.08620619973325794,0.4803989644808984,11,0.4312369251139812
ku_Globaleconom_1920,oviedo_C2150_1415,0.14156484636910205,0.06981343028221632,26,0.6059940392082358
ku_Globaleconom_1920,oviedo_C2271_1415,0.16920192374025567,0.6187016626471799,8,0.4501216416555091
ku_Globaleconom_1920,oviedo_C2335_1415,0.4323424869968573,1.9477603819114047,29,0.7004998343361388
ku_Globaleconom_1920,oviedo_C2406_1415,0.3788325439148532,0.15304003009456799,26,0.5370096102433554
ku_Globaleconom_1920,oviedo_C2468_1415,0.25477239353891334,0.5527253638827742,7,0.4425854579502371
ku_Globaleconom_1920,oviedo_C2607_1415,0.4912344874017292,2.123851640967086,21,0.7152611326818932
ku_Globaleconom_1920,oviedo_C3022_1415,0.04048667925319904,1.8228216453031045,18,0.7115656835421393
ku_Globaleconom_1920,oviedo_C3029_1415,0.08377672254324231,0.5923727239248306,30,0.6291604346985089
ku_Globaleconom_1920,oviedo_C4189_1415,0.22352239353891334,2.424881636631067,28,0.8109922383050137
ku_Globaleconom_1920,oviedo_C4213_1415,0.17620096496748472,0.02920063410002298,26,0.5647067637627738
ku_Globaleconom_1920,oviedo_C836_1415,0.26051951997569495,0.6690067809585756,28,0.5938311523910794
ku_Accountancy_2021,oulad_AAA_2013J,0.02460375069066012,0.025722321568285477,26,0.5731274276283648
ku_Accountancy_2021,oulad_AAA_2014J,0.008094128346501361,0.01269738967475419,26,0.565289224881108
ku_Accountancy_2021,oulad_BBB_2013B,0.2468022552700852,0.3781550583824785,22,0.5942157629383323
ku_Accountancy_2021,oulad_BBB_2013J,0.22203158127085582,0.5833312908056811,26,0.608968615965242
ku_Accountancy_2021,oulad_BBB_2014B,0.2505318560554416,0.6739419986340878,21,0.6053141138739738
ku_Accountancy_2021,oulad_BBB_2014J,0.19862701223088786,0.46442698409145683,25,0.5298848808928972
ku_Accountancy_2021,oulad_CCC_2014B,0.35878613559205785,0.29084506868499355,22,0.5707551752911995
ku_Accountancy_2021,oulad_CCC_2014J,0.2949197532299698,0.22430934816401316,26,0.5871398561251688
ku_Accountancy_2021,oulad_DDD_2013B,0.30984036201169973,0.1137961587850403,22,0.4988782289680631
ku_Accountancy_2021,oulad_DDD_2013J,0.27348423536263156,0.2151531169232428,25,0.5297965440817078
ku_Accountancy_2021,oulad_DDD_2014B,0.3111796666982037,0.2393730945998891,22,0.5665596337065649
ku_Accountancy_2021,oulad_DDD_2014J,0.261976926422767,0.344340750277569,25,0.5848275005005489
ku_Accountancy_2021,oulad_EEE_2013J,0.12234747487496644,0.006574810747167212,26,0.5333137246505184
ku_Accountancy_2021,oulad_EEE_2014B,0.18683559137599093,0.07977051951917571,22,0.5309514983483917
ku_Accountancy_2021,oulad_EEE_2014J,0.12548723752043245,0.03725355068080504,26,0.551440107456705
ku_Accountancy_2021,oulad_FFF_2013B,0.21673428044033788,0.22718925272128415,22,0.5567158730403575
ku_Accountancy_2021,oulad_FFF_2013J,0.22161275020310678,0.10013680211843111,26,0.546905674554924
ku_Accountancy_2021,oulad_FFF_2014B,0.26524481327800825,0.046382718783353954,22,0.5143228610946454
ku_Accountancy_2021,oulad_FFF_2014J,0.22894037353170804,0.06799707909511112,26,0.5318197065567518
ku_Accountancy_2021,ku_Accountancy_1819,0.0008828462964598494,0.6585822432248736,0,0.46369715008807433
ku_Accountancy_2021,ku_Globaleconom_1819,0.13866069483924648,0.9784603221438903,2,0.575755327401396
ku_Accountancy_2021,ku_Accountancy_1920,0.018975309731908974,0.5861605808245454,0,0.5250883897303955
ku_Accountancy_2021,ku_Globaleconom_1920,0.053527580260905094,0.3459703750110772,2,0.33056011810101776
ku_Accountancy_2021,ku_Globaleconom_2021,0.18781197745711276,0.31297011490815185,2,0.33911886919876016
ku_Accountancy_2021,ukzn_ISTN101_2019,0.12451276247956755,0.5667320289862194,20,0.5505503314113273
ku_Accountancy_2021,ukzn_ISTN101_2020,0.24865293723323922,0.4920984106893152,22,0.6475465577621726
ku_Accountancy_2021,ukzn_ISTN101_2021,0.21373494380701197,0.06498829935822491,11,0.45793385474538567
ku_Accountancy_2021,ukzn_ISTN102_2018,0.03416374703327585,1.0987541537064267,6,0.5809359279821201
ku_Accountancy_2021,ukzn_ISTN103_2019,0.029213407746250475,1.0987541537064267,6,0.5781348944494419
ku_Accountancy_2021,ukzn_ISTN103_2020,0.1924705286813263,1.0762468127085754,1,0.5818986187368083
ku_Accountancy_2021,ukzn_ISTN211_2019,0.2308980438648489,0.593315511712282,24,0.6213742343410393
ku_Accountancy_2021,ukzn_ISTN211_2021,0.2467674191378939,0.7496627125722061,6,0.5203272370655978
ku_Accountancy_2021,ukzn_ISTN212_2018,0.11388123714215981,0.9927007612585006,5,0.6315297903393724
ku_Accountancy_2021,ukzn_ISTN212_2019,0.1396642776310827,0.9447772089413178,6,0.6152080975732429
ku_Accountancy_2021,ukzn_ISTN2IP_2018,0.046229934196739264,1.007424018079207,7,0.6879644099561112
ku_Accountancy_2021,ukzn_ISTN2IP_2019,0.057375876377164126,0.7255290328554868,20,0.6443663171378152
ku_Accountancy_2021,ukzn_ISTN3ND_2018,0.09707814661134162,1.0987541537064267,5,0.6445778172956597
ku_Accountancy_2021,ukzn_ISTN3ND_2019,0.10144576968163299,0.5918750643489747,6,0.6431287175384082
ku_Accountancy_2021,ukzn_ISTN3SA_2018,0.08598922927518327,0.6602623013428952,23,0.6410557160093665
ku_Accountancy_2021,ukzn_ISTN3SA_2019,0.17055005851686356,0.5890084236973717,22,0.6351526758165763
ku_Accountancy_2021,zambia_ICT1110_2020,0.4550909671241621,0.7752168170445942,30,0.651057103339261
ku_Accountancy_2021,zambia_ICT1110_2021,0.3166294286626236,0.6247239759639062,23,0.6152364233277096
ku_Accountancy_2021,oviedo_C1112_1415,0.24395838111720425,0.7414682339569346,11,0.6124308561181724
ku_Accountancy_2021,oviedo_C1127_1415,0.06916934157989507,0.7216339889719626,13,0.5992924062289129
ku_Accountancy_2021,oviedo_C1200_1415,0.2993756543995036,0.43841355172653884,30,0.6541557484668354
ku_Accountancy_2021,oviedo_C1303_1415,0.32624481327800825,1.0149771559696528,11,0.5599595647387586
ku_Accountancy_2021,oviedo_C174_1415,0.16999481327800825,0.2973650415775758,29,0.5578936968978463
ku_Accountancy_2021,oviedo_C190_1415,0.2458876704208654,0.5721949246877216,31,0.63134932396195
ku_Accountancy_2021,oviedo_C1978_1415,0.018267381843942943,0.964672037658257,29,0.7338988727765168
ku_Accountancy_2021,oviedo_C2011_1415,0.08208852005532508,0.9963350459135947,29,0.7048853981426595
ku_Accountancy_2021,oviedo_C2024_1415,0.13973377999416303,0.8263693394919756,13,0.5698043502299469
ku_Accountancy_2021,oviedo_C2150_1415,0.08803726610819695,0.4157838052932935,28,0.7048592082256844
ku_Accountancy_2021,oviedo_C2271_1415,0.11567434347935057,0.964672037658257,10,0.5814545763165887
ku_Accountancy_2021,oviedo_C2335_1415,0.3788149067359522,2.2937307569224816,31,0.7801370014791508
ku_Accountancy_2021,oviedo_C2406_1415,0.3253049636539481,0.49901040510564526,28,0.6341357246108751
ku_Accountancy_2021,oviedo_C2468_1415,0.20124481327800825,0.8986957388938513,9,0.5883899354701905
ku_Accountancy_2021,oviedo_C2607_1415,0.4377069071408241,2.469822015978163,23,0.7736174626238589
ku_Accountancy_2021,oviedo_C3022_1415,0.013040901007706052,2.1687920203141817,20,0.7831547556782049
ku_Accountancy_2021,oviedo_C3029_1415,0.030249142282337216,0.9383430989359078,32,0.7506524299648188
ku_Accountancy_2021,oviedo_C4189_1415,0.16999481327800825,2.7708520116421442,30,0.8593271463149575
ku_Accountancy_2021,oviedo_C4213_1415,0.12267338470657962,0.31676974091105425,28,0.6998630987664775
ku_Accountancy_2021,oviedo_C836_1415,0.20699193971478985,1.0149771559696528,30,0.7013878952639863
ku_Globaleconom_2021,oulad_AAA_2013J,0.21241572814777288,0.3386924364764373,24,0.5981506121017441
ku_Globaleconom_2021,oulad_AAA_2014J,0.1797178491106114,0.30027272523339765,24,0.5865584017291235
ku_Globaleconom_2021,oulad_BBB_2013B,0.05899027781297245,0.06518494347432659,20,0.4687262209447547
ku_Globaleconom_2021,oulad_BBB_2013J,0.03421960381374306,0.2703611758975292,24,0.4851887188999126
ku_Globaleconom_2021,oulad_BBB_2014B,0.06271987859832884,0.36097188372593586,19,0.47999238595790855
ku_Globaleconom_2021,oulad_BBB_2014J,0.0108150347737751,0.15145686918330495,23,0.40551747619419726
ku_Globaleconom_2021,oulad_CCC_2014B,0.1709741581349451,0.02212504622315832,20,0.4835571992458017
ku_Globaleconom_2021,oulad_CCC_2014J,0.10710777577285707,0.08866076674413871,24,0.5109600686946145
ku_Globaleconom_2021,oulad_DDD_2013B,0.12202838455458698,0.19917395612311156,20,0.467450708304765
ku_Globaleconom_2021,oulad_DDD_2013J,0.0856722579055188,0.0978169979849091,23,0.4434824990483232
ku_Globaleconom_2021,oulad_DDD_2014B,0.12336768924109093,0.0735970203082628,20,0.4786926234347111
ku_Globaleconom_2021,oulad_DDD_2014J,0.07416494896565423,0.03137063536941709,23,0.4662920245456813
ku_Globaleconom_2021,oulad_EEE_2013J,0.06546450258214631,0.31954492565531906,24,0.5739073508070727
ku_Globaleconom_2021,oulad_EEE_2014B,0.0009763860811218272,0.2331995953889762,20,0.5285904770097638
ku_Globaleconom_2021,oulad_EEE_2014J,0.06232473993668031,0.2757165642273468,24,0.57644282196521
ku_Globaleconom_2021,oulad_FFF_2013B,0.028922302983225123,0.5401593676294361,20,0.5709728045909592
ku_Globaleconom_2021,oulad_FFF_2013J,0.03380077274599402,0.413106917026583,24,0.5595616809887114
ku_Globaleconom_2021,oulad_FFF_2014B,0.0774328358208955,0.35935283369150584,20,0.5225415778251599
ku_Globaleconom_2021,oulad_FFF_2014J,0.041128396074595286,0.380967194003263,24,0.5431771976721647
ku_Globaleconom_2021,ku_Accountancy_1819,0.1886948237535726,0.3456121283167217,2,0.3650966293154289
ku_Globaleconom_2021,ku_Globaleconom_1819,0.049151282617866277,0.6654902072357385,0,0.4325207264963397
ku_Globaleconom_2021,ku_Accountancy_1920,0.16883666772520378,0.2731904659163935,2,0.36665608129564947
ku_Globaleconom_2021,ku_Globaleconom_1920,0.24133955771801785,0.033000260102925345,0,0.111104014227165
ku_Globaleconom_2021,ku_Accountancy_2021,0.18781197745711276,0.31297011490815185,2,0.33911886919876016
ku_Globaleconom_2021,ukzn_ISTN101_2019,0.3123247399366803,0.25376191407806753,18,0.420312802868773
ku_Globaleconom_2021,ukzn_ISTN101_2020,0.436464914690352,0.17912829578116338,20,0.5320932585102532
ku_Globaleconom_2021,ukzn_ISTN101_2021,0.4015469212641247,0.24798181554992693,9,0.511201655113674
ku_Globaleconom_2021,ukzn_ISTN102_2018,0.2219757244903886,0.7857840387982749,4,0.48858155028083594
ku_Globaleconom_2021,ukzn_ISTN103_2019,0.21702538520336323,0.7857840387982749,4,0.43840750042624765
ku_Globaleconom_2021,ukzn_ISTN103_2020,0.38028250613843906,0.7632766978004236,1,0.5248339764078997
ku_Globaleconom_2021,ukzn_ISTN211_2019,0.41871002132196167,0.2803453968041302,22,0.519745659457813
ku_Globaleconom_2021,ukzn_ISTN211_2021,0.43457939659500666,0.43669259766405427,4,0.4147414956671427
ku_Globaleconom_2021,ukzn_ISTN212_2018,0.30169321459927256,0.6797306463503486,3,0.5078532905699593
ku_Globaleconom_2021,ukzn_ISTN212_2019,0.32747625508819544,0.6318070940331658,4,0.48200717193254505
ku_Globaleconom_2021,ukzn_ISTN2IP_2018,0.23404191165385202,0.694453903171055,5,0.5827485946888932
ku_Globaleconom_2021,ukzn_ISTN2IP_2019,0.24518785383427688,0.41255891794733485,18,0.546889934563635
ku_Globaleconom_2021,ukzn_ISTN3ND_2018,0.09073383084577114,0.7857840387982749,3,0.5673122482823975
ku_Globaleconom_2021,ukzn_ISTN3ND_2019,0.28925774713874575,0.2789049494408229,4,0.49992637708319393
ku_Globaleconom_2021,ukzn_ISTN3SA_2018,0.273801206732296,0.34729218643474336,21,0.5267522569523205
ku_Globaleconom_2021,ukzn_ISTN3SA_2019,0.3583620359739763,0.27603830878921976,20,0.5261057350609589
ku_Globaleconom_2021,zambia_ICT1110_2020,0.2672789896670493,0.46224670213644237,28,0.547088732163359
ku_Globaleconom_2021,zambia_ICT1110_2021,0.12881745120551086,0.31175386105575426,21,0.5072412661964901
ku_Globaleconom_2021,oviedo_C1112_1415,0.05614640366009149,0.4284981190487827,9,0.5256688560071144
ku_Globaleconom_2021,oviedo_C1127_1415,0.11864263587721768,0.4086638740638107,11,0.5074063644043931
ku_Globaleconom_2021,oviedo_C1200_1415,0.11156367694239083,0.12544343681838702,28,0.5312157503537055
ku_Globaleconom_2021,oviedo_C1303_1415,0.1384328358208955,0.7020070410615009,9,0.44979439537008836
ku_Globaleconom_2021,oviedo_C174_1415,0.017817164179104505,0.015605073330576038,27,0.4669953802416488
ku_Globaleconom_2021,oviedo_C190_1415,0.058075692963752645,0.2592248097795697,29,0.5369821809320744
ku_Globaleconom_2021,oviedo_C1978_1415,0.2060793593010557,0.6517019227501052,27,0.67962192521712
ku_Globaleconom_2021,oviedo_C2011_1415,0.26990049751243783,0.6833649310054427,27,0.6471570717839373
ku_Globaleconom_2021,oviedo_C2024_1415,0.3275457574512758,0.5133992245838237,11,0.456387785841435
ku_Globaleconom_2021,oviedo_C2150_1415,0.0997747113489158,0.10281369038514165,26,0.6111960413565596
ku_Globaleconom_2021,oviedo_C2271_1415,0.07213763397776218,0.6517019227501052,8,0.4807072022438145
ku_Globaleconom_2021,oviedo_C2335_1415,0.19100292927883944,1.98076064201433,29,0.7488781061315585
ku_Globaleconom_2021,oviedo_C2406_1415,0.13749298619683537,0.18604029019749332,26,0.5405165365439185
ku_Globaleconom_2021,oviedo_C2468_1415,0.013432835820895495,0.5857256239856995,7,0.48425815174996095
ku_Globaleconom_2021,oviedo_C2607_1415,0.24989492968371135,2.156851901070011,21,0.7538337194891965
ku_Globaleconom_2021,oviedo_C3022_1415,0.2008528784648188,1.8558219054060299,18,0.7631022558277041
ku_Globaleconom_2021,oviedo_C3029_1415,0.15756283517477554,0.625372984027756,30,0.6726737370660612
ku_Globaleconom_2021,oviedo_C4189_1415,0.017817164179104505,2.4578818967339924,28,0.8271921641791045
ku_Globaleconom_2021,oviedo_C4213_1415,0.06513859275053313,0.003799626002902369,26,0.561407249466951
ku_Globaleconom_2021,oviedo_C836_1415,0.019179962257677097,0.7020070410615009,28,0.6239492194201406
ukzn_ISTN101_2019,oulad_AAA_2013J,0.09990901178890743,0.5924543505545049,6,0.5567976953420818
ukzn_ISTN101_2019,oulad_AAA_2014J,0.1326068908260689,0.5540346393114652,6,0.5323685732076143
ukzn_ISTN101_2019,oulad_BBB_2013B,0.37131501774965275,0.18857697060374096,2,0.3888333829441639
ukzn_ISTN101_2019,oulad_BBB_2013J,0.34654434375042337,0.016599261819461673,6,0.40982301300249446
ukzn_ISTN101_2019,oulad_BBB_2014B,0.37504461853500914,0.10720996964786837,1,0.41415511281444317
ukzn_ISTN101_2019,oulad_BBB_2014J,0.3231397747104554,0.1023050448947626,5,0.3979093005598241
ukzn_ISTN101_2019,oulad_CCC_2014B,0.4832988980716254,0.27588696030122584,2,0.42516479732388823
ukzn_ISTN101_2019,oulad_CCC_2014J,0.4194325157095374,0.3424226808222062,6,0.44101081731185815
ukzn_ISTN101_2019,oulad_DDD_2013B,0.4343531244912673,0.4529358702011791,2,0.47990858591395813
ukzn_ISTN101_2019,oulad_DDD_2013J,0.3979969978421991,0.3515789120629766,5,0.4376604110543739
ukzn_ISTN101_2019,oulad_DDD_2014B,0.43569242917777123,0.32735893438633035,2,0.4524245773227858
ukzn_ISTN101_2019,oulad_DDD_2014J,0.38648968890233454,0.22239127870865041,5,0.42740116580590787
ukzn_ISTN101_2019,oulad_EEE_2013J,0.246860237354534,0.5733068397333866,6,0.5366514822313301
ukzn_ISTN101_2019,oulad_EEE_2014B,0.3113483538555585,0.4869615094670437,2,0.48300210836233887
ukzn_ISTN101_2019,oulad_EEE_2014J,0.25,0.5294784783054144,6,0.5319414381914382
ukzn_ISTN101_2019,oulad_FFF_2013B,0.34124704291990543,0.7939212817075035,2,0.5410983842675293
ukzn_ISTN101_2019,oulad_FFF_2013J,0.34612551268267433,0.6668688311046506,6,0.5252748647541683
ukzn_ISTN101_2019,oulad_FFF_2014B,0.3897575757575758,0.6131147477695734,2,0.4881114718614719
ukzn_ISTN101_2019,oulad_FFF_2014J,0.3534531360112756,0.6347291080813305,6,0.5161859458371086
ukzn_ISTN101_2019,ku_Accountancy_1819,0.1236299161831077,0.09185021423865414,20,0.3682762273187805
ukzn_ISTN101_2019,ku_Globaleconom_1819,0.26317345731881403,0.4117282931576709,18,0.4053738573001696
ukzn_ISTN101_2019,ku_Accountancy_1920,0.14348807221147653,0.019428551838326,20,0.4162648521691074
ukzn_ISTN101_2019,ku_Globaleconom_1920,0.07098518221866246,0.22076165397514222,18,0.42954819593035454
ukzn_ISTN101_2019,ku_Accountancy_2021,0.12451276247956755,0.5667320289862194,20,0.5505503314113273
ukzn_ISTN101_2019,ku_Globaleconom_2021,0.3123247399366803,0.2537619140780676,18,0.420312802868773
ukzn_ISTN101_2019,ukzn_ISTN101_2020,0.12414017475367167,0.07463361829690421,2,0.38760606724563784
ukzn_ISTN101_2019,ukzn_ISTN101_2021,0.08922218132744442,0.5017437296279945,9,0.47408622079674706
ukzn_ISTN101_2019,ukzn_ISTN102_2018,0.0903490154462917,0.5320221247202073,14,0.4793151077197769
ukzn_ISTN101_2019,ukzn_ISTN103_2019,0.09529935473331708,0.5320221247202073,14,0.43890750983069043
ukzn_ISTN101_2019,ukzn_ISTN103_2020,0.06795776620175875,0.509514783722356,19,0.5195305310832113
ukzn_ISTN101_2019,ukzn_ISTN211_2019,0.10638528138528136,0.026583482726062653,4,0.18015615337043908
ukzn_ISTN101_2019,ukzn_ISTN211_2021,0.12225465665832635,0.1829306835859867,14,0.41257595615393783
ukzn_ISTN101_2019,ukzn_ISTN212_2018,0.010631525337407743,0.4259687322722811,15,0.4636002128123976
ukzn_ISTN101_2019,ukzn_ISTN212_2019,0.015151515151515138,0.3780451799550983,14,0.439258658008658
ukzn_ISTN101_2019,ukzn_ISTN2IP_2018,0.07828282828282829,0.4406919890929875,13,0.5629058441558442
ukzn_ISTN101_2019,ukzn_ISTN2IP_2019,0.06713688610240343,0.15879700386926732,0,0.29743245260486634
ukzn_ISTN101_2019,ukzn_ISTN3ND_2018,0.22159090909090917,0.5320221247202073,15,0.5340007215007214
ukzn_ISTN101_2019,ukzn_ISTN3ND_2019,0.02306699279793456,0.02514303536275538,14,0.48716222118688485
ukzn_ISTN101_2019,ukzn_ISTN3SA_2018,0.038523533204384286,0.09353027235667581,3,0.21051222713456755
ukzn_ISTN101_2019,ukzn_ISTN3SA_2019,0.046037296037296005,0.022276394711152208,2,0.157760989010989
ukzn_ISTN101_2019,zambia_ICT1110_2020,0.5796037296037296,0.20848478805837486,10,0.29135656010656014
ukzn_ISTN101_2019,zambia_ICT1110_2021,0.44114219114219116,0.05799194697768673,3,0.24985431235431235
ukzn_ISTN101_2019,oviedo_C1112_1415,0.3684711435967718,0.17473620497071513,9,0.35523328221192546
ukzn_ISTN101_2019,oviedo_C1127_1415,0.19368210405946262,0.1549019599857432,7,0.2825262394837867
ukzn_ISTN101_2019,oviedo_C1200_1415,0.42388841687907114,0.12831847725968057,10,0.34785016385483675
ukzn_ISTN101_2019,oviedo_C1303_1415,0.4507575757575758,0.4482451269834334,9,0.40246212121212127
ukzn_ISTN101_2019,oviedo_C174_1415,0.2945075757575758,0.2693669874086436,9,0.38054653679653677
ukzn_ISTN101_2019,oviedo_C190_1415,0.37040043290043295,0.005462895701502187,11,0.2522031539888682
ukzn_ISTN101_2019,oviedo_C1978_1415,0.10624538063562461,0.3979400086720376,9,0.5123666983423081
ukzn_ISTN101_2019,oviedo_C2011_1415,0.042424242424242475,0.42960301692737524,9,0.49050324675324675
ukzn_ISTN101_2019,oviedo_C2024_1415,0.01522101751459548,0.2596373105057561,7,0.3305519976964931
ukzn_ISTN101_2019,oviedo_C2150_1415,0.2125500285877645,0.15094822369292588,8,0.4068319652046067
ukzn_ISTN101_2019,oviedo_C2271_1415,0.24018710595891812,0.3979400086720376,10,0.4490588410470961
ukzn_ISTN101_2019,oviedo_C2335_1415,0.5033276692155197,1.7269987279362624,11,0.7597301452441639
ukzn_ISTN101_2019,oviedo_C2406_1415,0.44981772613351567,0.0677216238805742,8,0.2760899814471243
ukzn_ISTN101_2019,oviedo_C2468_1415,0.3257575757575758,0.33196370990763197,11,0.40169002745222254
ukzn_ISTN101_2019,oviedo_C2607_1415,0.5622196696203916,1.9030899869919435,3,0.7775480761717224
ukzn_ISTN101_2019,oviedo_C3022_1415,0.1114718614718615,1.6020599913279623,0,0.775368101786169
ukzn_ISTN101_2019,oviedo_C3029_1415,0.15476190476190477,0.37161106994968846,12,0.668193413729128
ukzn_ISTN101_2019,oviedo_C4189_1415,0.2945075757575758,2.2041199826559246,10,0.8418222402597403
ukzn_ISTN101_2019,oviedo_C4213_1415,0.24718614718614718,0.24996228807516516,8,0.3984346011131725
ukzn_ISTN101_2019,oviedo_C836_1415,0.3315047021943574,0.4482451269834334,10,0.4752201821167339
ukzn_ISTN101_2020,oulad_AAA_2013J,0.2240491865425791,0.5178207322576007,4,0.5436678924400977
ukzn_ISTN101_2020,oulad_AAA_2014J,0.2567470655797406,0.479401021014561,4,0.480255643731566
ukzn_ISTN101_2020,oulad_BBB_2013B,0.4954551925033244,0.11394335230683675,0,0.34198746420771897
ukzn_ISTN101_2020,oulad_BBB_2013J,0.47068451850409504,0.09123288011636592,4,0.2831390795469549
ukzn_ISTN101_2020,oulad_BBB_2014B,0.4991847932886808,0.18184358794477254,1,0.2928459407831382
ukzn_ISTN101_2020,oulad_BBB_2014J,0.4472799494641271,0.02767142659785842,3,0.2765829551555309
ukzn_ISTN101_2020,oulad_CCC_2014B,0.6074390728252971,0.20125334200432168,0,0.28735320498427025
ukzn_ISTN101_2020,oulad_CCC_2014J,0.543572690463209,0.26778906252530205,4,0.30607775732710035
ukzn_ISTN101_2020,oulad_DDD_2013B,0.558493299244939,0.37830225190427497,0,0.5169008169869796
ukzn_ISTN101_2020,oulad_DDD_2013J,0.5221371725958708,0.2769452937660724,3,0.4570502401800242
ukzn_ISTN101_2020,oulad_DDD_2014B,0.559832603931443,0.25272531608942617,0,0.4100642235271839
ukzn_ISTN101_2020,oulad_DDD_2014J,0.5106298636560063,0.1477576604117463,3,0.3874361214122145
ukzn_ISTN101_2020,oulad_EEE_2013J,0.37100041210820567,0.4986732214364824,4,0.4710080211141584
ukzn_ISTN101_2020,oulad_EEE_2014B,0.43548852860923015,0.4123278911701395,0,0.4331412945652439
ukzn_ISTN101_2020,oulad_EEE_2014J,0.3741401747536717,0.4548448600085102,4,0.4386008787849279
ukzn_ISTN101_2020,oulad_FFF_2013B,0.4653872176735771,0.7192876634105994,0,0.5791556570629256
ukzn_ISTN101_2020,oulad_FFF_2013J,0.470265687436346,0.5922352128077463,4,0.501774346300035
ukzn_ISTN101_2020,oulad_FFF_2014B,0.5138977505112474,0.5384811294726692,0,0.49163248612328364
ukzn_ISTN101_2020,oulad_FFF_2014J,0.47759331076494727,0.5600954897844264,4,0.485341481175409
ukzn_ISTN101_2020,ku_Accountancy_1819,0.24777009093677937,0.16648383253555832,22,0.5336125769979053
ukzn_ISTN101_2020,ku_Globaleconom_1819,0.3873136320724857,0.4863619114545751,20,0.47901791735032867
ukzn_ISTN101_2020,ku_Accountancy_1920,0.2676282469651482,0.09406217013523017,22,0.5660711954798888
ukzn_ISTN101_2020,ku_Globaleconom_1920,0.19512535697233413,0.146128035678238,20,0.5327854716925282
ukzn_ISTN101_2020,ku_Accountancy_2021,0.24865293723323922,0.49209841068931526,22,0.6475465577621726
ukzn_ISTN101_2020,ku_Globaleconom_2021,0.436464914690352,0.17912829578116335,20,0.5320932585102532
ukzn_ISTN101_2020,ukzn_ISTN101_2019,0.12414017475367167,0.07463361829690418,2,0.38760606724563784
ukzn_ISTN101_2020,ukzn_ISTN101_2021,0.034917993426227256,0.4271101113310903,11,0.4472241244924487
ukzn_ISTN101_2020,ukzn_ISTN102_2018,0.21448919019996338,0.6066557430171116,16,0.47855318394336316
ukzn_ISTN101_2020,ukzn_ISTN103_2019,0.21943952948698875,0.6066557430171116,16,0.5033773435291469
ukzn_ISTN101_2020,ukzn_ISTN103_2020,0.05618240855191292,0.5841484020192602,21,0.45903459418536025
ukzn_ISTN101_2020,ukzn_ISTN211_2019,0.017754893368390312,0.10121710102296681,2,0.34646195901673554
ukzn_ISTN101_2020,ukzn_ISTN211_2021,0.0018855180953453177,0.25756430188289087,16,0.4303872615630369
ukzn_ISTN101_2020,ukzn_ISTN212_2018,0.13477170009107942,0.5006023505691853,17,0.40734944284462243
ukzn_ISTN101_2020,ukzn_ISTN212_2019,0.10898865960215653,0.4526787982520026,16,0.436439327543622
ukzn_ISTN101_2020,ukzn_ISTN2IP_2018,0.20242300303649996,0.5153256073898916,15,0.34831664586265815
ukzn_ISTN101_2020,ukzn_ISTN2IP_2019,0.1912770608560751,0.23343062216617155,2,0.38031269203259893
ukzn_ISTN101_2020,ukzn_ISTN3ND_2018,0.34573108384458084,0.6066557430171116,17,0.46668979452721787
ukzn_ISTN101_2020,ukzn_ISTN3ND_2019,0.14720716755160623,0.09977665365965951,16,0.4840704335876142
ukzn_ISTN101_2020,ukzn_ISTN3SA_2018,0.16266370795805596,0.16816389065357998,1,0.31741473511477425
ukzn_ISTN101_2020,ukzn_ISTN3SA_2019,0.07810287871637567,0.09691001300805642,0,0.2946448234791793
ukzn_ISTN101_2020,zambia_ICT1110_2020,0.7037439043574013,0.283118406355279,8,0.3208454122564552
ukzn_ISTN101_2020,zambia_ICT1110_2021,0.5652823658958628,0.13262556527459096,1,0.371558911436212
ukzn_ISTN101_2020,oviedo_C1112_1415,0.4926113183504435,0.2493698232676193,11,0.29319325226776594
ukzn_ISTN101_2020,oviedo_C1127_1415,0.3178222788131343,0.22953557828264734,9,0.3395702765421483
ukzn_ISTN101_2020,oviedo_C1200_1415,0.5480285916327428,0.05368485896277636,8,0.45581429636243004
ukzn_ISTN101_2020,oviedo_C1303_1415,0.5748977505112475,0.5228787452803376,11,0.4818507157464212
ukzn_ISTN101_2020,oviedo_C174_1415,0.4186477505112475,0.19473336911173944,7,0.3525598889862694
ukzn_ISTN101_2020,oviedo_C190_1415,0.4945406076541046,0.08009651399840632,9,0.398306101581737
ukzn_ISTN101_2020,oviedo_C1978_1415,0.23038555538929628,0.4725736269689418,7,0.29119193689745837
ukzn_ISTN101_2020,oviedo_C2011_1415,0.16656441717791415,0.5042366352242794,7,0.29375547765118315
ukzn_ISTN101_2020,oviedo_C2024_1415,0.10891915723907619,0.33427092880266035,9,0.4338902781239698
ukzn_ISTN101_2020,oviedo_C2150_1415,0.3366902033414362,0.07631460539602174,6,0.3724334275902744
ukzn_ISTN101_2020,oviedo_C2271_1415,0.3643272807125898,0.4725736269689418,12,0.44984677281790963
ukzn_ISTN101_2020,oviedo_C2335_1415,0.6274678439691914,1.8016323462331665,9,0.7145928722959856
ukzn_ISTN101_2020,oviedo_C2406_1415,0.5739579008871873,0.006911994416330019,6,0.3548891949417804
ukzn_ISTN101_2020,oviedo_C2468_1415,0.4498977505112475,0.4065973282045361,13,0.4275311201841204
ukzn_ISTN101_2020,oviedo_C2607_1415,0.6863598443740633,1.9777236052888478,1,0.7007522904623744
ukzn_ISTN101_2020,oviedo_C3022_1415,0.23561203622553317,1.6766936096248666,2,0.6292148761345028
ukzn_ISTN101_2020,oviedo_C3029_1415,0.27890207951557644,0.44624468824659264,10,0.4315288859548282
ukzn_ISTN101_2020,oviedo_C4189_1415,0.4186477505112475,2.278753600952829,8,0.8635927914110431
ukzn_ISTN101_2020,oviedo_C4213_1415,0.37132632193981885,0.17532866977826103,6,0.4808209173239848
ukzn_ISTN101_2020,oviedo_C836_1415,0.4556448769480291,0.5228787452803376,8,0.2895675299948623
ukzn_ISTN101_2021,oulad_AAA_2013J,0.18913119311635185,0.09071062092651043,15,0.5383427437845467
ukzn_ISTN101_2021,oulad_AAA_2014J,0.22182907215351333,0.052290909683470735,15,0.5169958616245566
ukzn_ISTN101_2021,oulad_BBB_2013B,0.46053719907709717,0.3131667590242535,11,0.44331672854593057
ukzn_ISTN101_2021,oulad_BBB_2013J,0.4357665250778678,0.5183429914474562,15,0.4538187737491316
ukzn_ISTN101_2021,oulad_BBB_2014B,0.46426679986245356,0.6089536992758628,10,0.44919251249397757
ukzn_ISTN101_2021,oulad_BBB_2014J,0.4123619560378998,0.3994386847332319,14,0.42892798851740715
ukzn_ISTN101_2021,oulad_CCC_2014B,0.5725210793990698,0.2258567693267686,11,0.40325593465545617
ukzn_ISTN101_2021,oulad_CCC_2014J,0.5086546970369819,0.1593210488057882,15,0.41233017260154764
ukzn_ISTN101_2021,oulad_DDD_2013B,0.5235753058187117,0.048807859426815356,11,0.4657165080479699
ukzn_ISTN101_2021,oulad_DDD_2013J,0.4872191791696435,0.15016481756501784,14,0.45691150954308846
ukzn_ISTN101_2021,oulad_DDD_2014B,0.5249146105052156,0.17438479524166414,11,0.48040578770906217
ukzn_ISTN101_2021,oulad_DDD_2014J,0.47571187022977895,0.279352450919344,14,0.4623272631854819
ukzn_ISTN101_2021,oulad_EEE_2013J,0.3360824186819784,0.0715631101053921,15,0.5073679738978918
ukzn_ISTN101_2021,oulad_EEE_2014B,0.4005705351830029,0.01478222016095078,11,0.4653806429174243
ukzn_ISTN101_2021,oulad_EEE_2014J,0.3392221813274444,0.027734748677419895,15,0.4986353802143276
ukzn_ISTN101_2021,oulad_FFF_2013B,0.43046922424734985,0.2921775520795091,11,0.5363096761061935
ukzn_ISTN101_2021,oulad_FFF_2013J,0.43534769401011875,0.16512510147665602,15,0.5186520835597536
ukzn_ISTN101_2021,oulad_FFF_2014B,0.4789797570850202,0.11137101814157892,11,0.4865328706381337
ukzn_ISTN101_2021,oulad_FFF_2014J,0.44267531733872,0.13298537845333605,15,0.5017041709820168
ukzn_ISTN101_2021,ku_Accountancy_1819,0.21285209751055212,0.5935939438666487,11,0.5772896849324621
ukzn_ISTN101_2021,ku_Globaleconom_1819,0.35239563864625845,0.9134720227856654,9,0.6664801043918419
ukzn_ISTN101_2021,ku_Accountancy_1920,0.23271025353892094,0.5211722814663204,11,0.5844463860141352
ukzn_ISTN101_2021,ku_Globaleconom_1920,0.16020736354610687,0.28098207565285227,9,0.5263268302915879
ukzn_ISTN101_2021,ku_Accountancy_2021,0.21373494380701197,0.06498829935822495,11,0.45793385474538567
ukzn_ISTN101_2021,ku_Globaleconom_2021,0.4015469212641247,0.2479818155499269,9,0.511201655113674
ukzn_ISTN101_2021,ukzn_ISTN101_2019,0.08922218132744442,0.5017437296279944,9,0.47408622079674706
ukzn_ISTN101_2021,ukzn_ISTN101_2020,0.034917993426227256,0.4271101113310903,11,0.4472241244924487
ukzn_ISTN101_2021,ukzn_ISTN102_2018,0.17957119677373612,1.0337658543482018,5,0.6653043863774971
ukzn_ISTN101_2021,ukzn_ISTN103_2019,0.1845215360607615,1.0337658543482018,5,0.6566868134466376
ukzn_ISTN101_2021,ukzn_ISTN103_2020,0.021264415125685665,1.0112585133503504,10,0.6617245160391381
ukzn_ISTN101_2021,ukzn_ISTN211_2019,0.017163100057836944,0.5283272123540571,13,0.40296758379465153
ukzn_ISTN101_2021,ukzn_ISTN211_2021,0.03303247533088194,0.6846744132139811,5,0.5527279737806053
ukzn_ISTN101_2021,ukzn_ISTN212_2018,0.09985370666485216,0.9277124619002757,6,0.5586898727102177
ukzn_ISTN101_2021,ukzn_ISTN212_2019,0.07407066617592928,0.8797889095830927,5,0.5906527682843473
ukzn_ISTN101_2021,ukzn_ISTN2IP_2018,0.1675050096102727,0.942435718720982,4,0.6070303965040807
ukzn_ISTN101_2021,ukzn_ISTN2IP_2019,0.15635906742984784,0.6605407334972618,9,0.4341972304767223
ukzn_ISTN101_2021,ukzn_ISTN3ND_2018,0.3108130904183536,1.0337658543482018,6,0.6343543152753679
ukzn_ISTN101_2021,ukzn_ISTN3ND_2019,0.11228917412537898,0.5268867649907498,5,0.5788903095959975
ukzn_ISTN101_2021,ukzn_ISTN3SA_2018,0.1277457145318287,0.5952740019846703,12,0.41813207322725804
ukzn_ISTN101_2021,ukzn_ISTN3SA_2019,0.04318488529014841,0.5240201243391467,11,0.40767302872566036
ukzn_ISTN101_2021,zambia_ICT1110_2020,0.668825910931174,0.7102285176863694,19,0.4768459610564873
ukzn_ISTN101_2021,zambia_ICT1110_2021,0.5303643724696356,0.5597356766056812,12,0.4375361480624638
ukzn_ISTN101_2021,oviedo_C1112_1415,0.4576933249242162,0.6764799345987096,0,0.43998380179284696
ukzn_ISTN101_2021,oviedo_C1127_1415,0.28290428538690704,0.6566456896137376,2,0.43652491169869523
ukzn_ISTN101_2021,oviedo_C1200_1415,0.5131105982065156,0.3734252523683139,19,0.4836570217780252
ukzn_ISTN101_2021,oviedo_C1303_1415,0.5399797570850202,0.9499888566114278,0,0.5797271337684873
ukzn_ISTN101_2021,oviedo_C174_1415,0.3837297570850202,0.23237674221935087,18,0.39450790437632544
ukzn_ISTN101_2021,oviedo_C190_1415,0.45962261422787737,0.5072066253294966,20,0.5106447437274505
ukzn_ISTN101_2021,oviedo_C1978_1415,0.19546756196306903,0.8996837383000321,18,0.5928822995575241
ukzn_ISTN101_2021,oviedo_C2011_1415,0.1316464237516869,0.9313467465553696,18,0.6100250626566416
ukzn_ISTN101_2021,oviedo_C2024_1415,0.07400116381284894,0.7613810401337506,2,0.5459909477292384
ukzn_ISTN101_2021,oviedo_C2150_1415,0.3017722099152089,0.3507955059350686,17,0.50063838842389
ukzn_ISTN101_2021,oviedo_C2271_1415,0.32940928728636254,0.8996837383000321,1,0.5384686548586232
ukzn_ISTN101_2021,oviedo_C2335_1415,0.5925498505429642,2.2287424575642567,20,0.876322275854986
ukzn_ISTN101_2021,oviedo_C2406_1415,0.5390399074609601,0.43402210574742034,17,0.467294610151753
ukzn_ISTN101_2021,oviedo_C2468_1415,0.4149797570850202,0.8337074395356264,2,0.5582506923970338
ukzn_ISTN101_2021,oviedo_C2607_1415,0.6514418509478361,2.404833716619938,12,0.8863299598621658
ukzn_ISTN101_2021,oviedo_C3022_1415,0.20069404279930592,2.103803720955957,9,0.8347403738823465
ukzn_ISTN101_2021,oviedo_C3029_1415,0.24398408608934918,0.8733547995776829,21,0.6997789178240306
ukzn_ISTN101_2021,oviedo_C4189_1415,0.3837297570850202,2.7058637122839193,19,0.9618788557933297
ukzn_ISTN101_2021,oviedo_C4213_1415,0.3364083285135916,0.2517814415528293,17,0.42367870225013077
ukzn_ISTN101_2021,oviedo_C836_1415,0.4207268835218018,0.9499888566114278,19,0.5678054552827693
ukzn_ISTN102_2018,oulad_AAA_2013J,0.009559996342615729,1.1244764752747123,20,0.6698238214732001
ukzn_ISTN102_2018,oulad_AAA_2014J,0.04225787537977721,1.0860567640316725,20,0.6446899723590732
ukzn_ISTN102_2018,oulad_BBB_2013B,0.28096600230336105,0.7205990953239483,16,0.5124352238698918
ukzn_ISTN102_2018,oulad_BBB_2013J,0.25619532830413166,0.5154228629007456,20,0.46944199616187704
ukzn_ISTN102_2018,oulad_BBB_2014B,0.28469560308871744,0.42481215507233894,15,0.4233990985554764
ukzn_ISTN102_2018,oulad_BBB_2014J,0.2327907592641637,0.6343271696149699,19,0.4546788646397504
ukzn_ISTN102_2018,oulad_CCC_2014B,0.3929498826253337,0.8079090850214332,16,0.5216623445532184
ukzn_ISTN102_2018,oulad_CCC_2014J,0.3290835002632457,0.8744448055424136,20,0.5650089832844597
ukzn_ISTN102_2018,oulad_DDD_2013B,0.3440041090449756,0.9849579949213865,16,0.6311816447868838
ukzn_ISTN102_2018,oulad_DDD_2013J,0.3076479823959074,0.883601036783184,19,0.587846934800953
ukzn_ISTN102_2018,oulad_DDD_2014B,0.34534341373147953,0.8593810591065376,16,0.5672858428406661
ukzn_ISTN102_2018,oulad_DDD_2014J,0.29614067345604284,0.7544134034288578,19,0.559312701300439
ukzn_ISTN102_2018,oulad_EEE_2013J,0.1565112219082423,1.105328964453594,20,0.6208952163960967
ukzn_ISTN102_2018,oulad_EEE_2014B,0.22099933840926678,1.0189836341872511,16,0.5863231734569156
ukzn_ISTN102_2018,oulad_EEE_2014J,0.1596509845537083,1.0615006030256218,20,0.6224749814243978
ukzn_ISTN102_2018,oulad_FFF_2013B,0.2508980274736137,1.325943406427711,16,0.6648816325743409
ukzn_ISTN102_2018,oulad_FFF_2013J,0.2557764972363826,1.1988909558248577,20,0.6209625876253341
ukzn_ISTN102_2018,oulad_FFF_2014B,0.2994085603112841,1.1451368724897806,16,0.6081756531406336
ukzn_ISTN102_2018,oulad_FFF_2014J,0.2631041205649839,1.166751232801538,20,0.6011046776045419
ukzn_ISTN102_2018,ku_Accountancy_1819,0.033280900736816,0.4401719104815532,6,0.403367562357338
ukzn_ISTN102_2018,ku_Globaleconom_1819,0.17282444187252233,0.12029383156253641,4,0.1774726051634787
ukzn_ISTN102_2018,ku_Accountancy_1920,0.05313905676518482,0.5125935728818813,6,0.468966604772549
ukzn_ISTN102_2018,ku_Globaleconom_1920,0.019363833227629246,0.7527837786953495,4,0.4282326859676489
ukzn_ISTN102_2018,ku_Accountancy_2021,0.03416374703327585,1.0987541537064267,6,0.5809359279821201
ukzn_ISTN102_2018,ku_Globaleconom_2021,0.2219757244903886,0.7857840387982749,4,0.48858155028083594
ukzn_ISTN102_2018,ukzn_ISTN101_2019,0.0903490154462917,0.5320221247202073,14,0.4793151077197769
ukzn_ISTN102_2018,ukzn_ISTN101_2020,0.21448919019996338,0.6066557430171116,16,0.47855318394336316
ukzn_ISTN102_2018,ukzn_ISTN101_2021,0.17957119677373612,1.0337658543482018,5,0.6653043863774971
ukzn_ISTN102_2018,ukzn_ISTN103_2019,0.004950339287025374,0.0,0,0.09203575711174272
ukzn_ISTN102_2018,ukzn_ISTN103_2020,0.15830678164805045,0.022507340997851254,5,0.16325715970774482
ukzn_ISTN102_2018,ukzn_ISTN211_2019,0.19673429683157306,0.5054386419941447,18,0.5742198046533789
ukzn_ISTN102_2018,ukzn_ISTN211_2021,0.21260367210461806,0.3490914411342206,0,0.21694519381307656
ukzn_ISTN102_2018,ukzn_ISTN212_2018,0.07971749010888396,0.10605339244792618,1,0.212389235849982
ukzn_ISTN102_2018,ukzn_ISTN212_2019,0.10550053059780684,0.15397694476510895,0,0.2048360200111173
ukzn_ISTN102_2018,ukzn_ISTN2IP_2018,0.012066187163463415,0.09133013562721984,1,0.2097405404798401
ukzn_ISTN102_2018,ukzn_ISTN2IP_2019,0.023212129343888277,0.37322512085093995,14,0.573489103141592
ukzn_ISTN102_2018,ukzn_ISTN3ND_2018,0.13124189364461747,0.0,1,0.14489145204125747
ukzn_ISTN102_2018,ukzn_ISTN3ND_2019,0.06728202264835714,0.506879089357452,0,0.4791825054776321
ukzn_ISTN102_2018,ukzn_ISTN3SA_2018,0.05182548224190742,0.4384918523635315,17,0.5229027946968173
ukzn_ISTN102_2018,ukzn_ISTN3SA_2019,0.1363863114835877,0.5097457300090551,16,0.4871082225167828
ukzn_ISTN102_2018,zambia_ICT1110_2020,0.48925471415743793,0.32353733666183243,24,0.39194424252790017
ukzn_ISTN102_2018,zambia_ICT1110_2021,0.35079317569589946,0.4740301777425206,17,0.5322615128062599
ukzn_ISTN102_2018,oviedo_C1112_1415,0.2781221281504801,0.3572859197494922,5,0.42356306267300925
ukzn_ISTN102_2018,oviedo_C1127_1415,0.10333308861317092,0.37712016473446414,7,0.47481829527934805
ukzn_ISTN102_2018,oviedo_C1200_1415,0.33353940143277944,0.6603406019798879,24,0.58950195591528
ukzn_ISTN102_2018,oviedo_C1303_1415,0.3604085603112841,0.08377699773677393,5,0.18374295243389183
ukzn_ISTN102_2018,oviedo_C174_1415,0.2041585603112841,0.8013891121288509,23,0.4786571243283305
ukzn_ISTN102_2018,oviedo_C190_1415,0.28005141745414125,0.5265592290187052,25,0.48559219407607396
ukzn_ISTN102_2018,oviedo_C1978_1415,0.015896365189332906,0.13408211604816972,23,0.42177564771756665
ukzn_ISTN102_2018,oviedo_C2011_1415,0.04792477302204923,0.10241910779283211,23,0.36695386325736523
ukzn_ISTN102_2018,oviedo_C2024_1415,0.10557003296088718,0.2723848142144512,7,0.2649603160437416
ukzn_ISTN102_2018,oviedo_C2150_1415,0.1222010131414728,0.6829703484131332,22,0.5272478420925671
ukzn_ISTN102_2018,oviedo_C2271_1415,0.14983809051262642,0.13408211604816972,4,0.2507125509697781
ukzn_ISTN102_2018,oviedo_C2335_1415,0.41297865376922804,1.194976603216055,25,0.5778755591112404
ukzn_ISTN102_2018,oviedo_C2406_1415,0.35946871068722397,0.5997437486007815,22,0.43996455842218113
ukzn_ISTN102_2018,oviedo_C2468_1415,0.2354085603112841,0.20005841481257539,3,0.23279193047628086
ukzn_ISTN102_2018,oviedo_C2607_1415,0.47187065417409996,1.3710678622717363,17,0.5927340299364067
ukzn_ISTN102_2018,oviedo_C3022_1415,0.021122846025569797,1.070037866607755,14,0.5499437128937178
ukzn_ISTN102_2018,oviedo_C3029_1415,0.06441288931561306,0.16041105477051887,26,0.40060736002926106
ukzn_ISTN102_2018,oviedo_C4189_1415,0.2041585603112841,1.6720978579357175,24,0.7981474082823791
ukzn_ISTN102_2018,oviedo_C4213_1415,0.15683713173985547,0.7819844127953726,22,0.6270269197173033
ukzn_ISTN102_2018,oviedo_C836_1415,0.2411556867480657,0.08377699773677393,24,0.32367918319883976
ukzn_ISTN103_2019,oulad_AAA_2013J,0.004609657055590355,1.1244764752747123,20,0.6631344394499512
ukzn_ISTN103_2019,oulad_AAA_2014J,0.037307536092751836,1.0860567640316725,20,0.6459349829360538
ukzn_ISTN103_2019,oulad_BBB_2013B,0.2760156630163357,0.7205990953239483,16,0.49769716003773457
ukzn_ISTN103_2019,oulad_BBB_2013J,0.2512449890171063,0.5154228629007456,20,0.4596941314459844
ukzn_ISTN103_2019,oulad_BBB_2014B,0.27974526380169207,0.42481215507233894,15,0.4132404192829678
ukzn_ISTN103_2019,oulad_BBB_2014J,0.22784041997713833,0.6343271696149699,19,0.45027219620437325
ukzn_ISTN103_2019,oulad_CCC_2014B,0.38799954333830833,0.8079090850214332,16,0.5219059048849541
ukzn_ISTN103_2019,oulad_CCC_2014J,0.3241331609762203,0.8744448055424136,20,0.5652307239193999
ukzn_ISTN103_2019,oulad_DDD_2013B,0.3390537697579502,0.9849579949213865,16,0.613481836934661
ukzn_ISTN103_2019,oulad_DDD_2013J,0.30269764310888203,0.883601036783184,19,0.5688140201462909
ukzn_ISTN103_2019,oulad_DDD_2014B,0.34039307444445416,0.8593810591065376,16,0.559405699468651
ukzn_ISTN103_2019,oulad_DDD_2014J,0.29119033416901746,0.7544134034288578,19,0.5535165687786432
ukzn_ISTN103_2019,oulad_EEE_2013J,0.15156088262121692,1.105328964453594,20,0.6240642537235858
ukzn_ISTN103_2019,oulad_EEE_2014B,0.2160489991222414,1.0189836341872511,16,0.5879842883812216
ukzn_ISTN103_2019,oulad_EEE_2014J,0.15470064526668292,1.0615006030256218,20,0.6264126958197039
ukzn_ISTN103_2019,oulad_FFF_2013B,0.24594768818658835,1.325943406427711,16,0.6509264574175043
ukzn_ISTN103_2019,oulad_FFF_2013J,0.25082615794935725,1.1988909558248577,20,0.6078913453661533
ukzn_ISTN103_2019,oulad_FFF_2014B,0.2944582210242587,1.1451368724897806,16,0.5916221280965216
ukzn_ISTN103_2019,oulad_FFF_2014J,0.2581537812779585,1.166751232801538,20,0.5875585289363262
ukzn_ISTN103_2019,ku_Accountancy_1819,0.028330561449790626,0.4401719104815532,6,0.36758845449058786
ukzn_ISTN103_2019,ku_Globaleconom_1819,0.16787410258549695,0.12029383156253641,4,0.15260473269274186
ukzn_ISTN103_2019,ku_Accountancy_1920,0.04818871747815945,0.5125935728818813,6,0.4632071375318493
ukzn_ISTN103_2019,ku_Globaleconom_1920,0.02431417251465462,0.7527837786953495,4,0.3898568154715964
ukzn_ISTN103_2019,ku_Accountancy_2021,0.029213407746250475,1.0987541537064267,6,0.5781348944494419
ukzn_ISTN103_2019,ku_Globaleconom_2021,0.21702538520336323,0.7857840387982749,4,0.43840750042624765
ukzn_ISTN103_2019,ukzn_ISTN101_2019,0.09529935473331708,0.5320221247202073,14,0.43890750983069043
ukzn_ISTN103_2019,ukzn_ISTN101_2020,0.21943952948698875,0.6066557430171116,16,0.5033773435291469
ukzn_ISTN103_2019,ukzn_ISTN101_2021,0.1845215360607615,1.0337658543482018,5,0.6566868134466376
ukzn_ISTN103_2019,ukzn_ISTN102_2018,0.004950339287025374,0.0,0,0.09203575711174272
ukzn_ISTN103_2019,ukzn_ISTN103_2020,0.16325712093507583,0.022507340997851254,5,0.2290606892497173
ukzn_ISTN103_2019,ukzn_ISTN211_2019,0.20168463611859844,0.5054386419941447,18,0.5741945834937748
ukzn_ISTN103_2019,ukzn_ISTN211_2021,0.21755401139164343,0.3490914411342206,0,0.24845770054603109
ukzn_ISTN103_2019,ukzn_ISTN212_2018,0.08466782939590933,0.10605339244792618,1,0.19360951927940986
ukzn_ISTN103_2019,ukzn_ISTN212_2019,0.11045086988483221,0.15397694476510895,0,0.19258235026429094
ukzn_ISTN103_2019,ukzn_ISTN2IP_2018,0.01701652645048879,0.09133013562721984,1,0.23935543342551427
ukzn_ISTN103_2019,ukzn_ISTN2IP_2019,0.02816246863091365,0.37322512085093995,14,0.5753555163119249
ukzn_ISTN103_2019,ukzn_ISTN3ND_2018,0.1262915543575921,0.0,1,0.1850532665896547
ukzn_ISTN103_2019,ukzn_ISTN3ND_2019,0.07223236193538252,0.506879089357452,0,0.4539542866812517
ukzn_ISTN103_2019,ukzn_ISTN3SA_2018,0.05677582152893279,0.4384918523635315,17,0.5203467175710108
ukzn_ISTN103_2019,ukzn_ISTN3SA_2019,0.14133665077061308,0.5097457300090551,16,0.49044163383786027
ukzn_ISTN103_2019,zambia_ICT1110_2020,0.48430437487041256,0.32353733666183243,24,0.39516996929395853
ukzn_ISTN103_2019,zambia_ICT1110_2021,0.3458428364088741,0.4740301777425206,17,0.5285956182182596
ukzn_ISTN103_2019,oviedo_C1112_1415,0.2731717888634547,0.3572859197494922,5,0.4330708864564125
ukzn_ISTN103_2019,oviedo_C1127_1415,0.09838274932614555,0.37712016473446414,7,0.4822230779104094
ukzn_ISTN103_2019,oviedo_C1200_1415,0.32858906214575406,0.6603406019798879,24,0.5906695600123315
ukzn_ISTN103_2019,oviedo_C1303_1415,0.3554582210242587,0.08377699773677393,5,0.198538377615197
ukzn_ISTN103_2019,oviedo_C174_1415,0.19920822102425872,0.8013891121288509,23,0.49304084841483764
ukzn_ISTN103_2019,oviedo_C190_1415,0.2751010781671159,0.5265592290187052,25,0.484541458092671
ukzn_ISTN103_2019,oviedo_C1978_1415,0.010946025902307532,0.13408211604816972,23,0.4479285041213909
ukzn_ISTN103_2019,oviedo_C2011_1415,0.0528751123090746,0.10241910779283211,23,0.3990854832499037
ukzn_ISTN103_2019,oviedo_C2024_1415,0.11052037224791256,0.2723848142144512,7,0.25452445128994994
ukzn_ISTN103_2019,oviedo_C2150_1415,0.11725067385444743,0.6829703484131332,22,0.5360030804774739
ukzn_ISTN103_2019,oviedo_C2271_1415,0.14488775122560105,0.13408211604816972,4,0.2638188617222247
ukzn_ISTN103_2019,oviedo_C2335_1415,0.40802831448220267,1.194976603216055,25,0.609504496561453
ukzn_ISTN103_2019,oviedo_C2406_1415,0.3545183714001986,0.5997437486007815,22,0.43712380682163626
ukzn_ISTN103_2019,oviedo_C2468_1415,0.23045822102425872,0.20005841481257539,3,0.22945487444862897
ukzn_ISTN103_2019,oviedo_C2607_1415,0.4669203148870746,1.3710678622717363,17,0.630651770278304
ukzn_ISTN103_2019,oviedo_C3022_1415,0.016172506738544423,1.070037866607755,14,0.6184624793313551
ukzn_ISTN103_2019,oviedo_C3029_1415,0.05946255002858769,0.16041105477051887,26,0.4420718544707763
ukzn_ISTN103_2019,oviedo_C4189_1415,0.19920822102425872,1.6720978579357175,24,0.7882512674881273
ukzn_ISTN103_2019,oviedo_C4213_1415,0.1518867924528301,0.7819844127953726,22,0.6094660505711719
ukzn_ISTN103_2019,oviedo_C836_1415,0.23620534746104033,0.08377699773677393,24,0.3526261513063261
ukzn_ISTN103_2020,oulad_AAA_2013J,0.16786677799066618,1.101969134276861,25,0.6314794118397348
ukzn_ISTN103_2020,oulad_AAA_2014J,0.20056465702782766,1.0635494230338214,25,0.6027089791680984
ukzn_ISTN103_2020,oulad_BBB_2013B,0.4392727839514115,0.698091754326097,21,0.4687633609095782
ukzn_ISTN103_2020,oulad_BBB_2013J,0.4145021099521821,0.49291552190289434,25,0.42231410919340445
ukzn_ISTN103_2020,oulad_BBB_2014B,0.4430023847367679,0.40230481407448765,20,0.37651837272124383
ukzn_ISTN103_2020,oulad_BBB_2014J,0.39109754091221416,0.6118198286171187,24,0.4022909964326384
ukzn_ISTN103_2020,oulad_CCC_2014B,0.5512566642733842,0.7854017440235819,21,0.46627162956351326
ukzn_ISTN103_2020,oulad_CCC_2014J,0.48739028191129613,0.8519374645445623,25,0.5064590357260722
ukzn_ISTN103_2020,oulad_DDD_2013B,0.502310890693026,0.9624506539235352,21,0.5954285584585631
ukzn_ISTN103_2020,oulad_DDD_2013J,0.46595476404395786,0.8610936957853327,24,0.5488432944926195
ukzn_ISTN103_2020,oulad_DDD_2014B,0.50365019537953,0.8368737181086864,21,0.5165076994931228
ukzn_ISTN103_2020,oulad_DDD_2014J,0.4544474551040933,0.7319060624310065,24,0.5053160819166952
ukzn_ISTN103_2020,oulad_EEE_2013J,0.31481800355629275,1.0828216234557426,25,0.571634398648167
ukzn_ISTN103_2020,oulad_EEE_2014B,0.37930612005731723,0.9964762931893998,21,0.5422870901438183
ukzn_ISTN103_2020,oulad_EEE_2014J,0.31795776620175875,1.0389932620277704,25,0.5669575341479223
ukzn_ISTN103_2020,oulad_FFF_2013B,0.4092048091216642,1.3034360654298596,21,0.6339678983962942
ukzn_ISTN103_2020,oulad_FFF_2013J,0.4140832788844331,1.1763836148270066,25,0.5886500963887222
ukzn_ISTN103_2020,oulad_FFF_2014B,0.45771534195933455,1.1226295314919295,21,0.5747937681542118
ukzn_ISTN103_2020,oulad_FFF_2014J,0.42141090221303434,1.1442438918036866,25,0.5672783992863089
ukzn_ISTN103_2020,ku_Accountancy_1819,0.19158768238486645,0.4176645694837019,1,0.40487509059548626
ukzn_ISTN103_2020,ku_Globaleconom_1819,0.3311312235205728,0.09778649056468518,1,0.23817526204437442
ukzn_ISTN103_2020,ku_Accountancy_1920,0.21144583841323528,0.49008623188403005,1,0.44216833624549834
ukzn_ISTN103_2020,ku_Globaleconom_1920,0.1389429484204212,0.7302764376974983,1,0.44350194090844053
ukzn_ISTN103_2020,ku_Accountancy_2021,0.1924705286813263,1.0762468127085756,1,0.5818986187368083
ukzn_ISTN103_2020,ku_Globaleconom_2021,0.38028250613843906,0.7632766978004236,1,0.5248339764078997
ukzn_ISTN103_2020,ukzn_ISTN101_2019,0.06795776620175875,0.509514783722356,19,0.5195305310832113
ukzn_ISTN103_2020,ukzn_ISTN101_2020,0.05618240855191292,0.5841484020192603,21,0.45903459418536025
ukzn_ISTN103_2020,ukzn_ISTN101_2021,0.021264415125685665,1.0112585133503507,10,0.6617245160391381
ukzn_ISTN103_2020,ukzn_ISTN102_2018,0.15830678164805045,0.02250734099785122,5,0.16325715970774482
ukzn_ISTN103_2020,ukzn_ISTN103_2019,0.16325712093507583,0.02250734099785122,5,0.2290606892497173
ukzn_ISTN103_2020,ukzn_ISTN211_2019,0.03842751518352261,0.48293130099629344,23,0.5836149986796936
ukzn_ISTN103_2020,ukzn_ISTN211_2021,0.054296890456567604,0.32658410013636935,5,0.202402149959341
ukzn_ISTN103_2020,ukzn_ISTN212_2018,0.0785892915391665,0.08354605145007493,4,0.29799535340938593
ukzn_ISTN103_2020,ukzn_ISTN212_2019,0.05280625105024361,0.1314696037672577,5,0.28941214361731926
ukzn_ISTN103_2020,ukzn_ISTN2IP_2018,0.14624059448458704,0.06882279462936856,6,0.25525922013907226
ukzn_ISTN103_2020,ukzn_ISTN2IP_2019,0.13509465230416218,0.3507177798530887,19,0.5992278484470467
ukzn_ISTN103_2020,ukzn_ISTN3ND_2018,0.2895486752926679,0.02250734099785122,4,0.22564401607839688
ukzn_ISTN103_2020,ukzn_ISTN3ND_2019,0.09102475899969331,0.48437174835960073,5,0.48457965117862495
ukzn_ISTN103_2020,ukzn_ISTN3SA_2018,0.10648129940614304,0.4159845113656802,22,0.5528262982543866
ukzn_ISTN103_2020,ukzn_ISTN3SA_2019,0.021920470164462746,0.48723838901120387,21,0.5150453982246957
ukzn_ISTN103_2020,zambia_ICT1110_2020,0.6475614958054884,0.3010299956639812,29,0.40248420710527916
ukzn_ISTN103_2020,zambia_ICT1110_2021,0.5090999573439499,0.45152283674466925,22,0.5413560561434868
ukzn_ISTN103_2020,oviedo_C1112_1415,0.43642890979853055,0.3347785787516409,10,0.4701577600174095
ukzn_ISTN103_2020,oviedo_C1127_1415,0.2616398702612214,0.3546128237366129,12,0.5076278828763744
ukzn_ISTN103_2020,oviedo_C1200_1415,0.4918461830808299,0.6378332609820366,29,0.5724650735793134
ukzn_ISTN103_2020,oviedo_C1303_1415,0.5187153419593346,0.06126965673892266,10,0.28190425893092913
ukzn_ISTN103_2020,oviedo_C174_1415,0.36246534195933455,0.7788817711309997,28,0.4437577017868145
ukzn_ISTN103_2020,oviedo_C190_1415,0.4383581991021917,0.5040518880208539,30,0.49461032102304875
ukzn_ISTN103_2020,oviedo_C1978_1415,0.17420314683738336,0.11157477505031844,28,0.41902980027951847
ukzn_ISTN103_2020,oviedo_C2011_1415,0.11038200862600123,0.07991176679498083,28,0.35682818413872014
ukzn_ISTN103_2020,oviedo_C2024_1415,0.05273674868716327,0.2498774732165999,12,0.3771937474815258
ukzn_ISTN103_2020,oviedo_C2150_1415,0.28050779478952326,0.660463007415282,27,0.5361838663551076
ukzn_ISTN103_2020,oviedo_C2271_1415,0.3081448721606769,0.11157477505031844,9,0.3232114280043171
ukzn_ISTN103_2020,oviedo_C2335_1415,0.5712854354172785,1.2174839442139063,30,0.5090545866454101
ukzn_ISTN103_2020,oviedo_C2406_1415,0.5177754923352744,0.5772364076029303,27,0.4732603227106583
ukzn_ISTN103_2020,oviedo_C2468_1415,0.39371534195933455,0.1775510738147241,8,0.30890659315888114
ukzn_ISTN103_2020,oviedo_C2607_1415,0.6301774358221504,1.3935752032695876,22,0.5388313048916157
ukzn_ISTN103_2020,oviedo_C3022_1415,0.17942962767362025,1.0925452076056064,19,0.4606748429501191
ukzn_ISTN103_2020,oviedo_C3029_1415,0.22271967096366352,0.1379037137726676,31,0.3108212533879288
ukzn_ISTN103_2020,oviedo_C4189_1415,0.36246534195933455,1.6946051989335686,29,0.7654455208608396
ukzn_ISTN103_2020,oviedo_C4213_1415,0.3151439133879059,0.7594770717975212,27,0.6329303255498132
ukzn_ISTN103_2020,oviedo_C836_1415,0.39946246839611615,0.06126965673892266,29,0.34239033110854133
ukzn_ISTN211_2019,oulad_AAA_2013J,0.2062942931741888,0.6190378332805675,2,0.5521633718761656
ukzn_ISTN211_2019,oulad_AAA_2014J,0.23899217221135027,0.5806181220375278,2,0.52573385518591
ukzn_ISTN211_2019,oulad_BBB_2013B,0.4777002991349341,0.21516045332980355,2,0.41852644283519863
ukzn_ISTN211_2019,oulad_BBB_2013J,0.4529296251357047,0.009984220906600895,2,0.4225002964976782
ukzn_ISTN211_2019,oulad_BBB_2014B,0.4814298999202905,0.08062648692180573,3,0.4304977415640776
ukzn_ISTN211_2019,oulad_BBB_2014J,0.42952505609573677,0.12888852762082517,1,0.40248602058624494
ukzn_ISTN211_2019,oulad_CCC_2014B,0.5896841794569068,0.3024704430272885,2,0.43554351492663185
ukzn_ISTN211_2019,oulad_CCC_2014J,0.5258177970948188,0.3690061635482689,2,0.4427047760657505
ukzn_ISTN211_2019,oulad_DDD_2013B,0.5407384058765486,0.47951935292724174,2,0.4597373408304227
ukzn_ISTN211_2019,oulad_DDD_2013J,0.5043822792274805,0.37816239478903924,1,0.430063077862724
ukzn_ISTN211_2019,oulad_DDD_2014B,0.5420777105630525,0.353942417112393,2,0.4596639633051918
ukzn_ISTN211_2019,oulad_DDD_2014J,0.4928749702876159,0.24897476143471303,1,0.42485002320395715
ukzn_ISTN211_2019,oulad_EEE_2013J,0.35324551873981536,0.5998903224594492,2,0.5335260339877396
ukzn_ISTN211_2019,oulad_EEE_2014B,0.41773363524083984,0.5135449921931063,2,0.4846688819620067
ukzn_ISTN211_2019,oulad_EEE_2014J,0.35638528138528136,0.556061961031477,2,0.530892255892256
ukzn_ISTN211_2019,oulad_FFF_2013B,0.4476323243051868,0.8205047644335661,2,0.5255108363047822
ukzn_ISTN211_2019,oulad_FFF_2013J,0.4525107940679557,0.6934523138307132,2,0.5198934895903171
ukzn_ISTN211_2019,oulad_FFF_2014B,0.49614285714285716,0.639698230495636,2,0.48595238095238097
ukzn_ISTN211_2019,oulad_FFF_2014J,0.45983841739655695,0.6613125908073931,2,0.5081373775725935
ukzn_ISTN211_2019,ku_Accountancy_1819,0.23001519756838906,0.06526673151259149,24,0.43884607034303086
ukzn_ISTN211_2019,ku_Globaleconom_1819,0.3695587387040954,0.38514481043160825,22,0.5354354931743897
ukzn_ISTN211_2019,ku_Accountancy_1920,0.24987335359675789,0.007154930887736665,24,0.49253148067737734
ukzn_ISTN211_2019,ku_Globaleconom_1920,0.17737046360394382,0.24734513670120484,22,0.5288261560130659
ukzn_ISTN211_2019,ku_Accountancy_2021,0.2308980438648489,0.593315511712282,24,0.6213742343410393
ukzn_ISTN211_2019,ku_Globaleconom_2021,0.41871002132196167,0.2803453968041301,22,0.519745659457813
ukzn_ISTN211_2019,ukzn_ISTN101_2019,0.10638528138528136,0.026583482726062597,4,0.18015615337043908
ukzn_ISTN211_2019,ukzn_ISTN101_2020,0.017754893368390312,0.10121710102296679,2,0.34646195901673554
ukzn_ISTN211_2019,ukzn_ISTN101_2021,0.017163100057836944,0.5283272123540571,13,0.40296758379465153
ukzn_ISTN211_2019,ukzn_ISTN102_2018,0.19673429683157306,0.5054386419941447,18,0.5742198046533789
ukzn_ISTN211_2019,ukzn_ISTN103_2019,0.20168463611859844,0.5054386419941447,18,0.5741945834937748
ukzn_ISTN211_2019,ukzn_ISTN103_2020,0.03842751518352261,0.4829313009962934,23,0.5836149986796936
ukzn_ISTN211_2019,ukzn_ISTN211_2021,0.015869375273044994,0.1563472008599241,18,0.41756069400237156
ukzn_ISTN211_2019,ukzn_ISTN212_2018,0.1170168067226891,0.3993852495462185,19,0.4262304921968787
ukzn_ISTN211_2019,ukzn_ISTN212_2019,0.09123376623376622,0.3514616972290357,18,0.4608688930117502
ukzn_ISTN211_2019,ukzn_ISTN2IP_2018,0.18466810966810965,0.41410850636692487,17,0.5450010307153164
ukzn_ISTN211_2019,ukzn_ISTN2IP_2019,0.1735221674876848,0.1322135211432047,4,0.17382125263898662
ukzn_ISTN211_2019,ukzn_ISTN3ND_2018,0.32797619047619053,0.5054386419941447,19,0.5214002267573696
ukzn_ISTN211_2019,ukzn_ISTN3ND_2019,0.12945227418321592,0.0014404473633072823,18,0.4685961380067723
ukzn_ISTN211_2019,ukzn_ISTN3SA_2018,0.14490881458966565,0.06694678963061322,1,0.1573454913880446
ukzn_ISTN211_2019,ukzn_ISTN3SA_2019,0.060347985347985356,0.004307088014910363,2,0.12358712715855573
ukzn_ISTN211_2019,zambia_ICT1110_2020,0.685989010989011,0.18190130533231222,6,0.2532967032967033
ukzn_ISTN211_2019,zambia_ICT1110_2021,0.5475274725274726,0.03140846425162412,1,0.1317111459968603
ukzn_ISTN211_2019,oviedo_C1112_1415,0.47485642498205316,0.1481527222446525,13,0.32188749871808026
ukzn_ISTN211_2019,oviedo_C1127_1415,0.300067385444744,0.12831847725968054,11,0.2574990373507894
ukzn_ISTN211_2019,oviedo_C1200_1415,0.5302736982643526,0.1549019599857432,6,0.3090406255960328
ukzn_ISTN211_2019,oviedo_C1303_1415,0.5571428571428572,0.42166164425737074,13,0.4446428571428571
ukzn_ISTN211_2019,oviedo_C174_1415,0.40089285714285716,0.2959504701347062,5,0.3363945578231292
ukzn_ISTN211_2019,oviedo_C190_1415,0.4767857142857143,0.021120587024560475,7,0.24413265306122447
ukzn_ISTN211_2019,oviedo_C1978_1415,0.21263066202090597,0.371356525945975,5,0.451543056246889
ukzn_ISTN211_2019,oviedo_C2011_1415,0.14880952380952384,0.4030195342013126,5,0.45578231292517
ukzn_ISTN211_2019,oviedo_C2024_1415,0.09116426387068588,0.23305382777969352,11,0.42593303376396424
ukzn_ISTN211_2019,oviedo_C2150_1415,0.31893530997304587,0.17753170641898855,4,0.372006160954948
ukzn_ISTN211_2019,oviedo_C2271_1415,0.3465723873441995,0.371356525945975,14,0.39712368168744006
ukzn_ISTN211_2019,oviedo_C2335_1415,0.6097129506008011,1.7004152452101997,7,0.8734360099179858
ukzn_ISTN211_2019,oviedo_C2406_1415,0.556203007518797,0.09430510660663681,4,0.261546723952739
ukzn_ISTN211_2019,oviedo_C2468_1415,0.43214285714285716,0.30538022718156926,15,0.41280487804878047
ukzn_ISTN211_2019,oviedo_C2607_1415,0.6686049510056731,1.876506504265881,1,0.8821557503867974
ukzn_ISTN211_2019,oviedo_C3022_1415,0.21785714285714286,1.5754765086018998,4,0.8152460984393758
ukzn_ISTN211_2019,oviedo_C3029_1415,0.26114718614718613,0.34502758722362586,8,0.6649505256648114
ukzn_ISTN211_2019,oviedo_C4189_1415,0.40089285714285716,2.1775364999298623,6,0.9455357142857144
ukzn_ISTN211_2019,oviedo_C4213_1415,0.35357142857142854,0.27654577080122783,4,0.38826530612244897
ukzn_ISTN211_2019,oviedo_C836_1415,0.43788998357963876,0.42166164425737074,6,0.4356849636406287
ukzn_ISTN211_2021,oulad_AAA_2013J,0.2221636684472338,0.7753850341404915,20,0.6440360128529338
ukzn_ISTN211_2021,oulad_AAA_2014J,0.25486154748439527,0.7369653228974519,20,0.6280579543618378
ukzn_ISTN211_2021,oulad_BBB_2013B,0.4935696744079791,0.37150765418972764,16,0.4769351612235679
ukzn_ISTN211_2021,oulad_BBB_2013J,0.4687990004087497,0.16633142176652502,20,0.4260015588342763
ukzn_ISTN211_2021,oulad_BBB_2014B,0.4972992751933355,0.07572071393811836,15,0.38480135053845216
ukzn_ISTN211_2021,oulad_BBB_2014J,0.44539443136878176,0.2852357284807493,19,0.4051261553663205
ukzn_ISTN211_2021,oulad_CCC_2014B,0.6055535547299518,0.4588176438872126,16,0.4848205033776343
ukzn_ISTN211_2021,oulad_CCC_2014J,0.5416871723678638,0.5253533644081929,20,0.5243964503188396
ukzn_ISTN211_2021,oulad_DDD_2013B,0.5566077811495936,0.6358665537871658,16,0.5450925327075636
ukzn_ISTN211_2021,oulad_DDD_2013J,0.5202516545005255,0.5345095956489633,19,0.5142808451241433
ukzn_ISTN211_2021,oulad_DDD_2014B,0.5579470858360975,0.510289617972317,16,0.5435413384790309
ukzn_ISTN211_2021,oulad_DDD_2014J,0.5087443455606608,0.40532196229463713,19,0.5161777116775667
ukzn_ISTN211_2021,oulad_EEE_2013J,0.36911489401286035,0.7562375233193733,20,0.6174575212580586
ukzn_ISTN211_2021,oulad_EEE_2014B,0.43360301051388483,0.6698921930530304,16,0.5794276095547808
ukzn_ISTN211_2021,oulad_EEE_2014J,0.37225465665832635,0.712409161891401,20,0.620252326674345
ukzn_ISTN211_2021,oulad_FFF_2013B,0.4635016995782318,0.9768519652934903,16,0.6035719563907552
ukzn_ISTN211_2021,oulad_FFF_2013J,0.4683801693410007,0.8497995146906372,20,0.5961718301951457
ukzn_ISTN211_2021,oulad_FFF_2014B,0.5120122324159022,0.79604543135556,16,0.5675211882918305
ukzn_ISTN211_2021,oulad_FFF_2014J,0.47570779266960195,0.8176597916673172,20,0.5761552862897006
ukzn_ISTN211_2021,ku_Accountancy_1819,0.24588457284143406,0.09108046934733253,6,0.29971800842140484
ukzn_ISTN211_2021,ku_Globaleconom_1819,0.3854281139771404,0.2287976095716842,4,0.2609942689214671
ukzn_ISTN211_2021,ku_Accountancy_1920,0.2657427288698029,0.16350213174766073,6,0.3533086082373608
ukzn_ISTN211_2021,ku_Globaleconom_1920,0.1932398388769888,0.40369233756112893,4,0.34838136038475526
ukzn_ISTN211_2021,ku_Accountancy_2021,0.2467674191378939,0.7496627125722061,6,0.5203272370655978
ukzn_ISTN211_2021,ku_Globaleconom_2021,0.43457939659500666,0.43669259766405427,4,0.4147414956671427
ukzn_ISTN211_2021,ukzn_ISTN101_2019,0.12225465665832635,0.18293068358598671,14,0.41257595615393783
ukzn_ISTN211_2021,ukzn_ISTN101_2020,0.0018855180953453177,0.25756430188289087,16,0.4303872615630369
ukzn_ISTN211_2021,ukzn_ISTN101_2021,0.03303247533088194,0.6846744132139811,5,0.5527279737806053
ukzn_ISTN211_2021,ukzn_ISTN102_2018,0.21260367210461806,0.3490914411342206,0,0.21694519381307656
ukzn_ISTN211_2021,ukzn_ISTN103_2019,0.21755401139164343,0.3490914411342206,0,0.24845770054603109
ukzn_ISTN211_2021,ukzn_ISTN103_2020,0.054296890456567604,0.32658410013636935,5,0.202402149959341
ukzn_ISTN211_2021,ukzn_ISTN211_2019,0.015869375273044994,0.15634720085992407,18,0.41756069400237156
ukzn_ISTN211_2021,ukzn_ISTN212_2018,0.1328861819957341,0.24303804868629444,1,0.21690511066812043
ukzn_ISTN211_2021,ukzn_ISTN212_2019,0.10710314150681122,0.19511449636911166,0,0.2202182374200723
ukzn_ISTN211_2021,ukzn_ISTN2IP_2018,0.20053748494115464,0.25776130550700077,1,0.3064988019116459
ukzn_ISTN211_2021,ukzn_ISTN2IP_2019,0.18939154276072978,0.024133679716719363,14,0.42865051746734756
ukzn_ISTN211_2021,ukzn_ISTN3ND_2018,0.3438455657492355,0.3490914411342206,1,0.23111438765108488
ukzn_ISTN211_2021,ukzn_ISTN3ND_2019,0.14532164945626092,0.15778764822323135,0,0.348745315380441
ukzn_ISTN211_2021,ukzn_ISTN3SA_2018,0.16077818986271064,0.08940041122931089,17,0.4152700705501799
ukzn_ISTN211_2021,ukzn_ISTN3SA_2019,0.07621736062103035,0.1606542888748345,16,0.40995396041267596
ukzn_ISTN211_2021,zambia_ICT1110_2020,0.701858386262056,0.025554104472388137,24,0.3309607823369291
ukzn_ISTN211_2021,zambia_ICT1110_2021,0.5633968478005176,0.12493873660829995,17,0.3783731558960917
ukzn_ISTN211_2021,oviedo_C1112_1415,0.49072580025509815,0.00819447861527157,5,0.3577871884542855
ukzn_ISTN211_2021,oviedo_C1127_1415,0.315936760717789,0.028028723600243537,7,0.3739747933100884
ukzn_ISTN211_2021,oviedo_C1200_1415,0.5461430735373975,0.3112491608456673,24,0.46873507183890456
ukzn_ISTN211_2021,oviedo_C1303_1415,0.5730122324159022,0.26531444339744664,5,0.22438837920489293
ukzn_ISTN211_2021,oviedo_C174_1415,0.41676223241590216,0.45229767099463025,23,0.38859764089121895
ukzn_ISTN211_2021,oviedo_C190_1415,0.4926550895587593,0.17746778788448456,25,0.38094067902390316
ukzn_ISTN211_2021,oviedo_C1978_1415,0.22850003729395096,0.2150093250860509,23,0.4597997847606261
ukzn_ISTN211_2021,oviedo_C2011_1415,0.16467889908256883,0.2466723333413885,23,0.4115443425076453
ukzn_ISTN211_2021,oviedo_C2024_1415,0.10703363914373087,0.07670662691976943,7,0.26649191786806464
ukzn_ISTN211_2021,oviedo_C2150_1415,0.33480468524609086,0.3338789072789126,22,0.49812474756217184
ukzn_ISTN211_2021,oviedo_C2271_1415,0.3624417626172445,0.2150093250860509,4,0.20221969090573239
ukzn_ISTN211_2021,oviedo_C2335_1415,0.6255823258738461,1.5440680443502757,25,0.5803068719556759
ukzn_ISTN211_2021,oviedo_C2406_1415,0.572072382791842,0.25065230746656086,22,0.3854196434730338
ukzn_ISTN211_2021,oviedo_C2468_1415,0.44801223241590216,0.14903302632164522,3,0.19485023814851518
ukzn_ISTN211_2021,oviedo_C2607_1415,0.6844743262787181,1.7201593034059568,17,0.5901399409828516
ukzn_ISTN211_2021,oviedo_C3022_1415,0.23372651813018785,1.4191293077419758,14,0.5209258015132658
ukzn_ISTN211_2021,oviedo_C3029_1415,0.2770165614202311,0.18868038636370177,26,0.4220410432730223
ukzn_ISTN211_2021,oviedo_C4189_1415,0.41676223241590216,2.0211892990699383,24,0.7685124508519003
ukzn_ISTN211_2021,oviedo_C4213_1415,0.36944080384447353,0.4328929716611519,22,0.5210260250889347
ukzn_ISTN211_2021,oviedo_C836_1415,0.45375935885268376,0.26531444339744664,24,0.3886955604766425
ukzn_ISTN212_2018,oulad_AAA_2013J,0.08927748645149969,1.0184230828267862,21,0.650544290823379
ukzn_ISTN212_2018,oulad_AAA_2014J,0.12197536548866117,0.9800033715837464,21,0.6313506224407571
ukzn_ISTN212_2018,oulad_BBB_2013B,0.360683492412245,0.6145457028760222,17,0.4920694933321376
ukzn_ISTN212_2018,oulad_BBB_2013J,0.3359128184130156,0.4093694704528194,21,0.4479036138371308
ukzn_ISTN212_2018,oulad_BBB_2014B,0.3644130931976014,0.3187587626244128,16,0.3995771898343962
ukzn_ISTN212_2018,oulad_BBB_2014J,0.31250824937304766,0.5282737771670437,20,0.41898644274463714
ukzn_ISTN212_2018,oulad_CCC_2014B,0.47266737273421766,0.701855692573507,17,0.4918421914220234
ukzn_ISTN212_2018,oulad_CCC_2014J,0.40880099037212964,0.7683914130944874,21,0.5322322684077634
ukzn_ISTN212_2018,oulad_DDD_2013B,0.42372159915385954,0.8789046024734603,17,0.5758025389741468
ukzn_ISTN212_2018,oulad_DDD_2013J,0.38736547250479136,0.7775476443352578,20,0.5307702028179693
ukzn_ISTN212_2018,oulad_DDD_2014B,0.4250609038403635,0.7533276666586115,17,0.5506293722700807
ukzn_ISTN212_2018,oulad_DDD_2014J,0.3758581635649268,0.6483600109809317,20,0.5374845445665787
ukzn_ISTN212_2018,oulad_EEE_2013J,0.23622871201712625,0.9992755720056677,21,0.6142179305182148
ukzn_ISTN212_2018,oulad_EEE_2014B,0.30071682851815074,0.9129302417393248,17,0.5776247098262937
ukzn_ISTN212_2018,oulad_EEE_2014J,0.23936847466259226,0.9554472105776955,21,0.6185949127125598
ukzn_ISTN212_2018,oulad_FFF_2013B,0.3306155175824977,1.2198900139797848,17,0.6249704342703624
ukzn_ISTN212_2018,oulad_FFF_2013J,0.3354939873452666,1.0928375633769316,21,0.5989299793504788
ukzn_ISTN212_2018,oulad_FFF_2014B,0.37912605042016806,1.0390834800418545,17,0.5684009603841537
ukzn_ISTN212_2018,oulad_FFF_2014J,0.34282161067386785,1.0606978403536116,21,0.5809874901334741
ukzn_ISTN212_2018,ku_Accountancy_1819,0.11299839084569996,0.33411851803362697,5,0.43900219662333023
ukzn_ISTN212_2018,ku_Globaleconom_1819,0.2525419319814063,0.01424043911461023,3,0.2643536553248486
ukzn_ISTN212_2018,ku_Accountancy_1920,0.13285654687406878,0.4065401804339552,5,0.5140652005483044
ukzn_ISTN212_2018,ku_Globaleconom_1920,0.060353656881254714,0.6467303862474234,3,0.4693145980859304
ukzn_ISTN212_2018,ku_Accountancy_2021,0.11388123714215981,0.9927007612585005,5,0.6315297903393724
ukzn_ISTN212_2018,ku_Globaleconom_2021,0.30169321459927256,0.6797306463503486,3,0.5078532905699593
ukzn_ISTN212_2018,ukzn_ISTN101_2019,0.010631525337407743,0.42596873227228116,15,0.4636002128123976
ukzn_ISTN212_2018,ukzn_ISTN101_2020,0.13477170009107942,0.5006023505691853,17,0.40734944284462243
ukzn_ISTN212_2018,ukzn_ISTN101_2021,0.09985370666485216,0.9277124619002757,6,0.5586898727102177
ukzn_ISTN212_2018,ukzn_ISTN102_2018,0.07971749010888396,0.10605339244792619,1,0.212389235849982
ukzn_ISTN212_2018,ukzn_ISTN103_2019,0.08466782939590933,0.10605339244792619,1,0.19360951927940986
ukzn_ISTN212_2018,ukzn_ISTN103_2020,0.0785892915391665,0.08354605145007492,4,0.29799535340938593
ukzn_ISTN212_2018,ukzn_ISTN211_2019,0.1170168067226891,0.3993852495462185,19,0.4262304921968787
ukzn_ISTN212_2018,ukzn_ISTN211_2021,0.1328861819957341,0.24303804868629447,1,0.21690511066812043
ukzn_ISTN212_2018,ukzn_ISTN212_2019,0.02578304048892288,0.04792355231718279,1,0.1209347375313762
ukzn_ISTN212_2018,ukzn_ISTN2IP_2018,0.06765130294542054,0.014723256820706378,2,0.1937381013011265
ukzn_ISTN212_2018,ukzn_ISTN2IP_2019,0.05650536076499568,0.2671717284030138,15,0.4136999627437182
ukzn_ISTN212_2018,ukzn_ISTN3ND_2018,0.21095938375350143,0.10605339244792619,0,0.1645824996665333
ukzn_ISTN212_2018,ukzn_ISTN3ND_2019,0.012435467460526817,0.40082569690952585,1,0.35715093212172766
ukzn_ISTN212_2018,ukzn_ISTN3SA_2018,0.027892007866976543,0.33243845991560533,18,0.3718125548091577
ukzn_ISTN212_2018,ukzn_ISTN3SA_2019,0.05666882137470375,0.40369233756112893,17,0.37489149505956226
ukzn_ISTN212_2018,zambia_ICT1110_2020,0.5689722042663219,0.21748394421390627,25,0.2816049496721766
ukzn_ISTN212_2018,zambia_ICT1110_2021,0.4305106658047834,0.36797678529459443,18,0.3820759072859913
ukzn_ISTN212_2018,oviedo_C1112_1415,0.35783961825936406,0.25123252730156603,6,0.3162511235650039
ukzn_ISTN212_2018,oviedo_C1127_1415,0.18305057872205488,0.27106677228653797,8,0.3610727309791842
ukzn_ISTN212_2018,oviedo_C1200_1415,0.4132568915416634,0.5542872095319618,25,0.4881186119307537
ukzn_ISTN212_2018,oviedo_C1303_1415,0.44012605042016806,0.022276394711152208,6,0.1889255702280912
ukzn_ISTN212_2018,oviedo_C174_1415,0.28387605042016806,0.6953357196809248,24,0.4251200480192077
ukzn_ISTN212_2018,oviedo_C190_1415,0.3597689075630252,0.42050583657077895,26,0.4226440576230492
ukzn_ISTN212_2018,oviedo_C1978_1415,0.09561385529821687,0.028028723600243537,24,0.3468143354902936
ukzn_ISTN212_2018,oviedo_C2011_1415,0.03179271708683473,0.0036342846550940556,24,0.3340536214485795
ukzn_ISTN212_2018,oviedo_C2024_1415,0.025852542852003224,0.16633142176652502,8,0.2633787459938104
ukzn_ISTN212_2018,oviedo_C2150_1415,0.20191850325035676,0.576916955965207,23,0.45490271580330244
ukzn_ISTN212_2018,oviedo_C2271_1415,0.22955558062151038,0.028028723600243537,5,0.19589983644464495
ukzn_ISTN212_2018,oviedo_C2335_1415,0.492696143878112,1.3010299956639813,26,0.7220551772110714
ukzn_ISTN212_2018,oviedo_C2406_1415,0.43918620079610793,0.49369035615285534,23,0.3537941492386428
ukzn_ISTN212_2018,oviedo_C2468_1415,0.31512605042016806,0.09400502236464924,4,0.1484057037449126
ukzn_ISTN212_2018,oviedo_C2607_1415,0.551588144282984,1.4771212547196624,18,0.7315669950290585
ukzn_ISTN212_2018,oviedo_C3022_1415,0.10084033613445376,1.1760912590556813,15,0.6584633853541416
ukzn_ISTN212_2018,oviedo_C3029_1415,0.14413037942449702,0.0543576623225927,27,0.4285168612899706
ukzn_ISTN212_2018,oviedo_C4189_1415,0.28387605042016806,1.7781512503836436,25,0.8936543367346939
ukzn_ISTN212_2018,oviedo_C4213_1415,0.23655462184873943,0.6759310203474463,23,0.5067226890756302
ukzn_ISTN212_2018,oviedo_C836_1415,0.32087317685694966,0.022276394711152208,25,0.27697285810876077
ukzn_ISTN212_2019,oulad_AAA_2013J,0.11506052694042257,0.9704995305096032,20,0.6642916482994812
ukzn_ISTN212_2019,oulad_AAA_2014J,0.14775840597758405,0.9320798192665636,20,0.6495582043527249
ukzn_ISTN212_2019,oulad_BBB_2013B,0.3864665329011679,0.5666221505588392,16,0.5026569355941172
ukzn_ISTN212_2019,oulad_BBB_2013J,0.3616958589019385,0.36144591813563665,20,0.46071191511513376
ukzn_ISTN212_2019,oulad_BBB_2014B,0.3901961336865243,0.27083521030722996,15,0.41362757412044454
ukzn_ISTN212_2019,oulad_BBB_2014J,0.33829128986197055,0.4803502248498609,19,0.4407226717436141
ukzn_ISTN212_2019,oulad_CCC_2014B,0.49845041322314054,0.6539321402563242,16,0.5139462809917356
ukzn_ISTN212_2019,oulad_CCC_2014J,0.4345840308610525,0.7204678607773046,20,0.5537572915475237
ukzn_ISTN212_2019,oulad_DDD_2013B,0.4495046396427824,0.8309810501562774,16,0.5974258537573964
ukzn_ISTN212_2019,oulad_DDD_2013J,0.41314851299371425,0.729624092018075,19,0.5486761690322062
ukzn_ISTN212_2019,oulad_DDD_2014B,0.4508439443292864,0.7054041143414287,16,0.5607188685364581
ukzn_ISTN212_2019,oulad_DDD_2014J,0.4016412040538497,0.6004364586637487,19,0.5517472682614113
ukzn_ISTN212_2019,oulad_EEE_2013J,0.26201175250604913,0.9513520196884849,20,0.6317897881586095
ukzn_ISTN212_2019,oulad_EEE_2014B,0.3264998690070736,0.865006689422142,16,0.5901558815823946
ukzn_ISTN212_2019,oulad_EEE_2014J,0.26515151515151514,0.9075236582605127,20,0.6277657527657527
ukzn_ISTN212_2019,oulad_FFF_2013B,0.35639855807142057,1.171966461662602,16,0.642824956951351
ukzn_ISTN212_2019,oulad_FFF_2013J,0.36127702783418947,1.0449140110597488,20,0.6127013043898721
ukzn_ISTN212_2019,oulad_FFF_2014B,0.40490909090909094,0.9911599277246718,16,0.5843506493506494
ukzn_ISTN212_2019,oulad_FFF_2014J,0.36860465116279073,1.0127742880364288,20,0.5959327494211214
ukzn_ISTN212_2019,ku_Accountancy_1819,0.13878143133462284,0.2861949657164442,6,0.42287234042553196
ukzn_ISTN212_2019,ku_Globaleconom_1819,0.27832497247032917,0.03368311320257253,4,0.22473970623364972
ukzn_ISTN212_2019,ku_Accountancy_1920,0.15863958736299166,0.35861662811677236,6,0.4991180805010592
ukzn_ISTN212_2019,ku_Globaleconom_1920,0.0861366973701776,0.5988068339302405,4,0.4389648530617693
ukzn_ISTN212_2019,ku_Accountancy_2021,0.1396642776310827,0.9447772089413178,6,0.6152080975732429
ukzn_ISTN212_2019,ku_Globaleconom_2021,0.32747625508819544,0.6318070940331659,4,0.48200717193254505
ukzn_ISTN212_2019,ukzn_ISTN101_2019,0.015151515151515138,0.37804517995509834,14,0.439258658008658
ukzn_ISTN212_2019,ukzn_ISTN101_2020,0.10898865960215653,0.4526787982520025,16,0.436439327543622
ukzn_ISTN212_2019,ukzn_ISTN101_2021,0.07407066617592928,0.8797889095830929,5,0.5906527682843473
ukzn_ISTN212_2019,ukzn_ISTN102_2018,0.10550053059780684,0.15397694476510895,0,0.2048360200111173
ukzn_ISTN212_2019,ukzn_ISTN103_2019,0.11045086988483221,0.15397694476510895,0,0.19258235026429094
ukzn_ISTN212_2019,ukzn_ISTN103_2020,0.05280625105024361,0.13146960376725772,5,0.28941214361731926
ukzn_ISTN212_2019,ukzn_ISTN211_2019,0.09123376623376622,0.35146169722903575,18,0.4608688930117502
ukzn_ISTN212_2019,ukzn_ISTN211_2021,0.10710314150681122,0.19511449636911168,0,0.2202182374200723
ukzn_ISTN212_2019,ukzn_ISTN212_2018,0.02578304048892288,0.047923552317182816,1,0.1209347375313762
ukzn_ISTN212_2019,ukzn_ISTN2IP_2018,0.09343434343434343,0.06264680913788914,1,0.2294372294372294
ukzn_ISTN212_2019,ukzn_ISTN2IP_2019,0.08228840125391856,0.21924817608583097,14,0.44504776832363035
ukzn_ISTN212_2019,ukzn_ISTN3ND_2018,0.2367424242424243,0.15397694476510895,1,0.17207792207792208
ukzn_ISTN212_2019,ukzn_ISTN3ND_2019,0.0382185079494497,0.35290214459234304,0,0.40784122454526045
ukzn_ISTN212_2019,ukzn_ISTN3SA_2018,0.053675048355899424,0.2845149075984225,17,0.40735239937367596
ukzn_ISTN212_2019,ukzn_ISTN3SA_2019,0.030885780885780867,0.3557687852439461,16,0.3774309024309024
ukzn_ISTN212_2019,zambia_ICT1110_2020,0.5947552447552448,0.16956039189672345,24,0.30018315018315017
ukzn_ISTN212_2019,zambia_ICT1110_2021,0.4562937062937063,0.32005323297741156,17,0.42286879786879794
ukzn_ISTN212_2019,oviedo_C1112_1415,0.38362265874828694,0.20330897498438324,5,0.3184374252213448
ukzn_ISTN212_2019,oviedo_C1127_1415,0.20883361921097776,0.22314321996935518,7,0.36318712733807074
ukzn_ISTN212_2019,oviedo_C1200_1415,0.4390399320305863,0.5063636572147788,24,0.49344074928187076
ukzn_ISTN212_2019,oviedo_C1303_1415,0.46590909090909094,0.07019994702833507,5,0.17169140383426096
ukzn_ISTN212_2019,oviedo_C174_1415,0.30965909090909094,0.647412167363742,23,0.433982683982684
ukzn_ISTN212_2019,oviedo_C190_1415,0.3855519480519481,0.3725822842535962,25,0.3949056895485467
ukzn_ISTN212_2019,oviedo_C1978_1415,0.12139689578713975,0.01989482871693926,23,0.3751319818392989
ukzn_ISTN212_2019,oviedo_C2011_1415,0.05757575757575761,0.051557836972276866,23,0.34686147186147187
ukzn_ISTN212_2019,oviedo_C2024_1415,6.950236308034263e-05,0.1184078694493422,7,0.238249136184916
ukzn_ISTN212_2019,oviedo_C2150_1415,0.22770154373927964,0.5289934036480243,22,0.46265212774646736
ukzn_ISTN212_2019,oviedo_C2271_1415,0.25533862111043326,0.01989482871693926,4,0.17207065864783985
ukzn_ISTN212_2019,oviedo_C2335_1415,0.5184791843670349,1.348953547981164,25,0.7254875187118177
ukzn_ISTN212_2019,oviedo_C2406_1415,0.4649692412850308,0.4457668038356726,22,0.3334513231129773
ukzn_ISTN212_2019,oviedo_C2468_1415,0.34090909090909094,0.04608147004746639,3,0.11267289620948158
ukzn_ISTN212_2019,oviedo_C2607_1415,0.5773711847719067,1.5250448070368452,17,0.7315997780799225
ukzn_ISTN212_2019,oviedo_C3022_1415,0.12662337662337664,1.224014811372864,14,0.6625604787369495
ukzn_ISTN212_2019,oviedo_C3029_1415,0.1699134199134199,0.006434110005409862,26,0.47657699443413726
ukzn_ISTN212_2019,oviedo_C4189_1415,0.30965909090909094,1.8260748027008264,24,0.8801068722943723
ukzn_ISTN212_2019,oviedo_C4213_1415,0.2623376623376623,0.6280074680302635,22,0.5447588126159555
ukzn_ISTN212_2019,oviedo_C836_1415,0.34665621734587254,0.07019994702833507,24,0.299205105239588
ukzn_ISTN2IP_2018,oulad_AAA_2013J,0.021626183506079144,1.0331463396474925,19,0.6413029963943802
ukzn_ISTN2IP_2018,oulad_AAA_2014J,0.054324062543240625,0.9947266284044527,19,0.6004941785763703
ukzn_ISTN2IP_2018,oulad_BBB_2013B,0.29303218946682447,0.6292689596967285,15,0.48263375937399705
ukzn_ISTN2IP_2018,oulad_BBB_2013J,0.2682615154675951,0.42409272727352576,19,0.40391655232960544
ukzn_ISTN2IP_2018,oulad_BBB_2014B,0.29676179025218086,0.3334820194451191,14,0.36153045824465535
ukzn_ISTN2IP_2018,oulad_BBB_2014J,0.24485694642762712,0.5429970339877501,18,0.3917012307064663
ukzn_ISTN2IP_2018,oulad_CCC_2014B,0.4050160697887971,0.7165789493942133,15,0.42941591237045784
ukzn_ISTN2IP_2018,oulad_CCC_2014J,0.3411496874267091,0.7831146699151937,19,0.46730140244952095
ukzn_ISTN2IP_2018,oulad_DDD_2013B,0.356070296208439,0.8936278592941667,15,0.6113674847366328
ukzn_ISTN2IP_2018,oulad_DDD_2013J,0.3197141695593708,0.7922709011559642,18,0.5661948990122364
ukzn_ISTN2IP_2018,oulad_DDD_2014B,0.35740960089494295,0.7680509234793178,15,0.5218318597797426
ukzn_ISTN2IP_2018,oulad_DDD_2014J,0.30820686061950625,0.663083267801638,18,0.5161695394640485
ukzn_ISTN2IP_2018,oulad_EEE_2013J,0.1685774090717057,1.0139988288263742,19,0.5560452433076006
ukzn_ISTN2IP_2018,oulad_EEE_2014B,0.2330655255727302,0.9276534985600312,15,0.5281447658969273
ukzn_ISTN2IP_2018,oulad_EEE_2014J,0.1717171717171717,0.9701704673984018,19,0.5426887926887927
ukzn_ISTN2IP_2018,oulad_FFF_2013B,0.26296421463707714,1.234613270800491,15,0.6498951275902949
ukzn_ISTN2IP_2018,oulad_FFF_2013J,0.26784268439984604,1.107560820197638,19,0.5992912037590093
ukzn_ISTN2IP_2018,oulad_FFF_2014B,0.3114747474747475,1.0538067368625608,15,0.5876594516594517
ukzn_ISTN2IP_2018,oulad_FFF_2014J,0.2751703077284473,1.075421097174318,19,0.5804221618175107
ukzn_ISTN2IP_2018,ku_Accountancy_1819,0.045347087900279415,0.3488417748543334,7,0.5033235086426576
ukzn_ISTN2IP_2018,ku_Globaleconom_1819,0.18489062903598574,0.028963695935316617,5,0.28735344213136943
ukzn_ISTN2IP_2018,ku_Accountancy_1920,0.06520524392864824,0.42126343725466153,7,0.5765251297166191
ukzn_ISTN2IP_2018,ku_Globaleconom_1920,0.00729764606416583,0.6614536430681297,5,0.5336371900248552
ukzn_ISTN2IP_2018,ku_Accountancy_2021,0.046229934196739264,1.007424018079207,7,0.6879644099561112
ukzn_ISTN2IP_2018,ku_Globaleconom_2021,0.23404191165385202,0.694453903171055,5,0.5827485946888932
ukzn_ISTN2IP_2018,ukzn_ISTN101_2019,0.07828282828282829,0.4406919890929875,13,0.5629058441558442
ukzn_ISTN2IP_2018,ukzn_ISTN101_2020,0.20242300303649996,0.5153256073898916,15,0.34831664586265815
ukzn_ISTN2IP_2018,ukzn_ISTN101_2021,0.1675050096102727,0.942435718720982,4,0.6070303965040807
ukzn_ISTN2IP_2018,ukzn_ISTN102_2018,0.012066187163463415,0.09133013562721982,1,0.2097405404798401
ukzn_ISTN2IP_2018,ukzn_ISTN103_2019,0.01701652645048879,0.09133013562721982,1,0.23935543342551427
ukzn_ISTN2IP_2018,ukzn_ISTN103_2020,0.14624059448458704,0.06882279462936856,6,0.25525922013907226
ukzn_ISTN2IP_2018,ukzn_ISTN211_2019,0.18466810966810965,0.41410850636692487,17,0.5450010307153164
ukzn_ISTN2IP_2018,ukzn_ISTN211_2021,0.20053748494115464,0.25776130550700077,1,0.3064988019116459
ukzn_ISTN2IP_2018,ukzn_ISTN212_2018,0.06765130294542054,0.014723256820706347,2,0.1937381013011265
ukzn_ISTN2IP_2018,ukzn_ISTN212_2019,0.09343434343434343,0.06264680913788918,1,0.2294372294372294
ukzn_ISTN2IP_2018,ukzn_ISTN2IP_2019,0.011145942180424862,0.28189498522372014,13,0.5282131661442007
ukzn_ISTN2IP_2018,ukzn_ISTN3ND_2018,0.14330808080808088,0.09133013562721982,2,0.19913419913419908
ukzn_ISTN2IP_2018,ukzn_ISTN3ND_2019,0.05521583548489373,0.41554895373023215,1,0.47354389506855876
ukzn_ISTN2IP_2018,ukzn_ISTN3SA_2018,0.039759295078444,0.3471617167363117,16,0.47683522151607255
ukzn_ISTN2IP_2018,ukzn_ISTN3SA_2019,0.12432012432012429,0.41841559438183523,15,0.46207126207126203
ukzn_ISTN2IP_2018,zambia_ICT1110_2020,0.5013209013209013,0.23220720103461265,23,0.3527805527805528
ukzn_ISTN2IP_2018,zambia_ICT1110_2021,0.3628593628593629,0.38270004211530073,16,0.5125707625707626
ukzn_ISTN2IP_2018,oviedo_C1112_1415,0.2901883153139435,0.2659557841222724,4,0.3951721087399479
ukzn_ISTN2IP_2018,oviedo_C1127_1415,0.11539927577663434,0.28579002910724427,6,0.46309455743418004
ukzn_ISTN2IP_2018,oviedo_C1200_1415,0.34560558859624285,0.569010466352668,23,0.5987646828768325
ukzn_ISTN2IP_2018,oviedo_C1303_1415,0.3724747474747475,0.007553137890445907,4,0.27048546691403835
ukzn_ISTN2IP_2018,oviedo_C174_1415,0.21622474747474751,0.7100589765016311,22,0.45689033189033196
ukzn_ISTN2IP_2018,oviedo_C190_1415,0.29211760461760466,0.4352290933914853,24,0.5187590187590188
ukzn_ISTN2IP_2018,oviedo_C1978_1415,0.02796255235279632,0.04275198042094989,22,0.267192834266005
ukzn_ISTN2IP_2018,oviedo_C2011_1415,0.03585858585858581,0.01108897216561229,22,0.2506132756132756
ukzn_ISTN2IP_2018,oviedo_C2024_1415,0.09350384579742377,0.18105467858723137,6,0.3326316904298556
ukzn_ISTN2IP_2018,oviedo_C2150_1415,0.13426720030493622,0.5916402127859134,21,0.49405102235290915
ukzn_ISTN2IP_2018,oviedo_C2271_1415,0.16190427767608984,0.04275198042094989,3,0.269139138266655
ukzn_ISTN2IP_2018,oviedo_C2335_1415,0.42504484093269146,1.2863067388432747,24,0.6546236733152622
ukzn_ISTN2IP_2018,oviedo_C2406_1415,0.3715348978506874,0.5084136129735617,21,0.44049517733728255
ukzn_ISTN2IP_2018,oviedo_C2468_1415,0.24747474747474751,0.10872827918535556,2,0.2572941963185866
ukzn_ISTN2IP_2018,oviedo_C2607_1415,0.4839368413375634,1.462397997898956,16,0.671527028927751
ukzn_ISTN2IP_2018,oviedo_C3022_1415,0.03318903318903321,1.1613680022349748,13,0.6011919919482944
ukzn_ISTN2IP_2018,oviedo_C3029_1415,0.07647907647907648,0.06908091914329906,25,0.35023706452277875
ukzn_ISTN2IP_2018,oviedo_C4189_1415,0.21622474747474751,1.7634279935629373,23,0.8409992784992786
ukzn_ISTN2IP_2018,oviedo_C4213_1415,0.1689033189033189,0.6906542771681526,21,0.6238095238095239
ukzn_ISTN2IP_2018,oviedo_C836_1415,0.2532218739115291,0.007553137890445907,23,0.200179131213614
ukzn_ISTN2IP_2019,oulad_AAA_2013J,0.032772125686504006,0.7512513544237722,6,0.6065769334653821
ukzn_ISTN2IP_2019,oulad_AAA_2014J,0.06547000472366549,0.7128316431807326,6,0.5821546663067684
ukzn_ISTN2IP_2019,oulad_BBB_2013B,0.30417813164724933,0.3473739744730083,2,0.4497771124139604
ukzn_ISTN2IP_2019,oulad_BBB_2013J,0.27940745764801994,0.14219774204980565,6,0.4480622579061067
ukzn_ISTN2IP_2019,oulad_BBB_2014B,0.3079077324326057,0.05158703422139897,1,0.42794535776129294
ukzn_ISTN2IP_2019,oulad_BBB_2014J,0.256002888608052,0.2611020487640299,5,0.4300694641460122
ukzn_ISTN2IP_2019,oulad_CCC_2014B,0.416162011969222,0.4346839641704932,2,0.4685400806090462
ukzn_ISTN2IP_2019,oulad_CCC_2014J,0.35229562960713395,0.5012196846914736,6,0.4809453474109337
ukzn_ISTN2IP_2019,oulad_DDD_2013B,0.36721623838886386,0.6117328740704464,2,0.5095261408874555
ukzn_ISTN2IP_2019,oulad_DDD_2013J,0.3308601117397957,0.510375915932244,5,0.4848505645452374
ukzn_ISTN2IP_2019,oulad_DDD_2014B,0.3685555430753678,0.48615593825559766,2,0.5201416857880972
ukzn_ISTN2IP_2019,oulad_DDD_2014J,0.3193528027999311,0.38118828257791776,5,0.49610870224502684
ukzn_ISTN2IP_2019,oulad_EEE_2013J,0.17972335125213057,0.7321038436026539,6,0.5846522691940288
ukzn_ISTN2IP_2019,oulad_EEE_2014B,0.24421146775315505,0.6457585133363111,2,0.5398879913686631
ukzn_ISTN2IP_2019,oulad_EEE_2014J,0.18286311389759657,0.6882754821746817,6,0.584610472541507
ukzn_ISTN2IP_2019,oulad_FFF_2013B,0.274110156817502,0.952718285576771,2,0.5670976248466315
ukzn_ISTN2IP_2019,oulad_FFF_2013J,0.2789886265802709,0.8256658349739179,6,0.5661119130691834
ukzn_ISTN2IP_2019,oulad_FFF_2014B,0.3226206896551724,0.7719117516388407,2,0.5319573070607554
ukzn_ISTN2IP_2019,oulad_FFF_2014J,0.28631624990887217,0.793526111950598,6,0.5516611295681063
ukzn_ISTN2IP_2019,ku_Accountancy_1819,0.056493030080704276,0.06694678963061322,20,0.46592993396918564
ukzn_ISTN2IP_2019,ku_Globaleconom_1819,0.1960365712164106,0.2529312892884035,18,0.5188392152702729
ukzn_ISTN2IP_2019,ku_Accountancy_1920,0.0763511861090731,0.1393684520309414,20,0.5492785522132551
ukzn_ISTN2IP_2019,ku_Globaleconom_1920,0.0038482961162590312,0.37955865784440956,18,0.5644101328819542
ukzn_ISTN2IP_2019,ku_Accountancy_2021,0.057375876377164126,0.7255290328554868,20,0.6443663171378152
ukzn_ISTN2IP_2019,ku_Globaleconom_2021,0.24518785383427688,0.4125589179473349,18,0.546889934563635
ukzn_ISTN2IP_2019,ukzn_ISTN101_2019,0.06713688610240343,0.15879700386926737,0,0.29743245260486634
ukzn_ISTN2IP_2019,ukzn_ISTN101_2020,0.1912770608560751,0.2334306221661715,2,0.38031269203259893
ukzn_ISTN2IP_2019,ukzn_ISTN101_2021,0.15635906742984784,0.6605407334972618,9,0.4341972304767223
ukzn_ISTN2IP_2019,ukzn_ISTN102_2018,0.023212129343888277,0.37322512085094,14,0.573489103141592
ukzn_ISTN2IP_2019,ukzn_ISTN103_2019,0.02816246863091365,0.37322512085094,14,0.5753555163119249
ukzn_ISTN2IP_2019,ukzn_ISTN103_2020,0.13509465230416218,0.35071777985308866,19,0.5992278484470467
ukzn_ISTN2IP_2019,ukzn_ISTN211_2019,0.1735221674876848,0.13221352114320475,4,0.17382125263898662
ukzn_ISTN2IP_2019,ukzn_ISTN211_2021,0.18939154276072978,0.02413367971671937,14,0.42865051746734756
ukzn_ISTN2IP_2019,ukzn_ISTN212_2018,0.05650536076499568,0.26717172840301384,15,0.4136999627437182
ukzn_ISTN2IP_2019,ukzn_ISTN212_2019,0.08228840125391856,0.21924817608583097,14,0.44504776832363035
ukzn_ISTN2IP_2019,ukzn_ISTN2IP_2018,0.011145942180424862,0.28189498522372014,13,0.5282131661442007
ukzn_ISTN2IP_2019,ukzn_ISTN3ND_2018,0.15445402298850575,0.37322512085094,15,0.5133415435139573
ukzn_ISTN2IP_2019,ukzn_ISTN3ND_2019,0.044069893304468866,0.133653968506512,14,0.48776756720934855
ukzn_ISTN2IP_2019,ukzn_ISTN3SA_2018,0.02861335289801914,0.06526673151259155,3,0.1534954407294833
ukzn_ISTN2IP_2019,ukzn_ISTN3SA_2019,0.11317418213969943,0.13652060915811512,2,0.24772641151951497
ukzn_ISTN2IP_2019,zambia_ICT1110_2020,0.5124668435013262,0.04968778418910748,10,0.2747442212959454
ukzn_ISTN2IP_2019,zambia_ICT1110_2021,0.37400530503978774,0.10080505689158062,3,0.19259189086775294
ukzn_ISTN2IP_2019,oviedo_C1112_1415,0.3013342574943684,0.015939201101447795,9,0.27554026289080874
ukzn_ISTN2IP_2019,oviedo_C1127_1415,0.1265452179570592,0.0038950438835241635,7,0.2191188772190724
ukzn_ISTN2IP_2019,oviedo_C1200_1415,0.3567515307766677,0.2871154811289479,10,0.4475622669306202
ukzn_ISTN2IP_2019,oviedo_C1303_1415,0.3836206896551724,0.28944812311416607,9,0.4270760028149191
ukzn_ISTN2IP_2019,oviedo_C174_1415,0.22737068965517238,0.42816399127791094,9,0.4142036124794745
ukzn_ISTN2IP_2019,oviedo_C190_1415,0.3032635467980295,0.15333410816776522,11,0.31944933145672066
ukzn_ISTN2IP_2019,oviedo_C1978_1415,0.03910849453322118,0.23914300480277026,9,0.4225639793343746
ukzn_ISTN2IP_2019,oviedo_C2011_1415,0.02471264367816095,0.27080601305810786,9,0.4479064039408867
ukzn_ISTN2IP_2019,oviedo_C2024_1415,0.0823579036169989,0.10084030663648884,7,0.40237417333273073
ukzn_ISTN2IP_2019,oviedo_C2150_1415,0.14541314248536108,0.30974522756219325,8,0.41019146760851377
ukzn_ISTN2IP_2019,oviedo_C2271_1415,0.1730502198565147,0.23914300480277026,10,0.384806757694978
ukzn_ISTN2IP_2019,oviedo_C2335_1415,0.4361907831131163,1.568201724066995,11,0.8867800745822016
ukzn_ISTN2IP_2019,oviedo_C2406_1415,0.38268084003111225,0.2265186277498415,8,0.3225489832956776
ukzn_ISTN2IP_2019,oviedo_C2468_1415,0.2586206896551724,0.17316670603836462,11,0.39390844647362727
ukzn_ISTN2IP_2019,oviedo_C2607_1415,0.49508278351798823,1.7442929831226763,3,0.8953024132595899
ukzn_ISTN2IP_2019,oviedo_C3022_1415,0.044334975369458074,1.443262987458695,0,0.8374901684811855
ukzn_ISTN2IP_2019,oviedo_C3029_1415,0.08762501865950134,0.2128140660804211,12,0.6404527328172648
ukzn_ISTN2IP_2019,oviedo_C4189_1415,0.22737068965517238,2.0453229787866576,10,0.9663254310344828
ukzn_ISTN2IP_2019,oviedo_C4213_1415,0.18004926108374375,0.4087592919444325,8,0.45376495425756513
ukzn_ISTN2IP_2019,oviedo_C836_1415,0.264367816091954,0.28944812311416607,10,0.41871921182266014
ukzn_ISTN3ND_2018,oulad_AAA_2013J,0.12168189730200174,1.1244764752747123,21,0.6649053006755358
ukzn_ISTN3ND_2018,oulad_AAA_2014J,0.08898401826484026,1.0860567640316725,21,0.6453794303109373
ukzn_ISTN3ND_2018,oulad_BBB_2013B,0.14972410865874358,0.7205990953239483,17,0.5114921039157032
ukzn_ISTN3ND_2018,oulad_BBB_2013J,0.1249534346595142,0.5154228629007456,21,0.47276282365129035
ukzn_ISTN3ND_2018,oulad_BBB_2014B,0.15345370944409997,0.42481215507233894,16,0.4257957419380234
ukzn_ISTN3ND_2018,oulad_BBB_2014J,0.10154886561954624,0.6343271696149699,20,0.4437640239341811
ukzn_ISTN3ND_2018,oulad_CCC_2014B,0.26170798898071623,0.8079090850214332,17,0.5167912895185622
ukzn_ISTN3ND_2018,oulad_CCC_2014J,0.1978416066186282,0.8744448055424136,21,0.5606858502675156
ukzn_ISTN3ND_2018,oulad_DDD_2013B,0.2127622154003581,0.9849579949213865,17,0.6150489103290332
ukzn_ISTN3ND_2018,oulad_DDD_2013J,0.17640608875128994,0.883601036783184,20,0.5677091011843334
ukzn_ISTN3ND_2018,oulad_DDD_2014B,0.21410152008686206,0.8593810591065376,17,0.5638475259810765
ukzn_ISTN3ND_2018,oulad_DDD_2014J,0.16489877981142537,0.7544134034288578,20,0.555946768613158
ukzn_ISTN3ND_2018,oulad_EEE_2013J,0.025269328263624824,1.105328964453594,21,0.6241512764801739
ukzn_ISTN3ND_2018,oulad_EEE_2014B,0.08975744476464931,1.0189836341872511,17,0.5832904487443392
ukzn_ISTN3ND_2018,oulad_EEE_2014J,0.02840909090909083,1.0615006030256218,21,0.6247294372294372
ukzn_ISTN3ND_2018,oulad_FFF_2013B,0.11965613382899626,1.325943406427711,17,0.6546365138372573
ukzn_ISTN3ND_2018,oulad_FFF_2013J,0.12453460359176516,1.1988909558248577,21,0.6144679619548213
ukzn_ISTN3ND_2018,oulad_FFF_2014B,0.16816666666666663,1.1451368724897806,17,0.5982539682539683
ukzn_ISTN3ND_2018,oulad_FFF_2014J,0.13186222692036642,1.166751232801538,21,0.5931591664149803
ukzn_ISTN3ND_2018,ku_Accountancy_1819,0.09796099290780147,0.4401719104815532,5,0.4616261398176292
ukzn_ISTN3ND_2018,ku_Globaleconom_1819,0.04158254822790486,0.12029383156253641,3,0.23775609391356362
ukzn_ISTN3ND_2018,ku_Accountancy_1920,0.07810283687943265,0.5125935728818813,5,0.5265366430260047
ukzn_ISTN3ND_2018,ku_Globaleconom_1920,0.15060572687224671,0.7527837786953495,3,0.49947993147332365
ukzn_ISTN3ND_2018,ku_Accountancy_2021,0.09707814661134162,1.0987541537064267,5,0.6445778172956597
ukzn_ISTN3ND_2018,ku_Globaleconom_2021,0.09073383084577114,0.7857840387982749,3,0.5673122482823975
ukzn_ISTN3ND_2018,ukzn_ISTN101_2019,0.22159090909090917,0.5320221247202073,15,0.5340007215007214
ukzn_ISTN3ND_2018,ukzn_ISTN101_2020,0.34573108384458084,0.6066557430171116,17,0.46668979452721787
ukzn_ISTN3ND_2018,ukzn_ISTN101_2021,0.3108130904183536,1.0337658543482018,6,0.6343543152753679
ukzn_ISTN3ND_2018,ukzn_ISTN102_2018,0.13124189364461747,0.0,1,0.14489145204125747
ukzn_ISTN3ND_2018,ukzn_ISTN103_2019,0.1262915543575921,0.0,1,0.1850532665896547
ukzn_ISTN3ND_2018,ukzn_ISTN103_2020,0.2895486752926679,0.022507340997851254,4,0.22564401607839688
ukzn_ISTN3ND_2018,ukzn_ISTN211_2019,0.32797619047619053,0.5054386419941447,19,0.5214002267573696
ukzn_ISTN3ND_2018,ukzn_ISTN211_2021,0.3438455657492355,0.3490914411342206,1,0.23111438765108488
ukzn_ISTN3ND_2018,ukzn_ISTN212_2018,0.21095938375350143,0.10605339244792618,0,0.1645824996665333
ukzn_ISTN3ND_2018,ukzn_ISTN212_2019,0.2367424242424243,0.15397694476510895,1,0.17207792207792208
ukzn_ISTN3ND_2018,ukzn_ISTN2IP_2018,0.14330808080808088,0.09133013562721984,2,0.19913419913419908
ukzn_ISTN3ND_2018,ukzn_ISTN2IP_2019,0.15445402298850575,0.37322512085093995,15,0.5133415435139573
ukzn_ISTN3ND_2018,ukzn_ISTN3ND_2019,0.1985239162929746,0.506879089357452,1,0.47449551569506726
ukzn_ISTN3ND_2018,ukzn_ISTN3SA_2018,0.18306737588652489,0.4384918523635315,18,0.47975768321513
ukzn_ISTN3ND_2018,ukzn_ISTN3SA_2019,0.2676282051282052,0.5097457300090551,17,0.44899267399267406
ukzn_ISTN3ND_2018,zambia_ICT1110_2020,0.35801282051282046,0.32353733666183243,25,0.35795177045177046
ukzn_ISTN3ND_2018,zambia_ICT1110_2021,0.219551282051282,0.4740301777425206,18,0.4817612942612942
ukzn_ISTN3ND_2018,oviedo_C1112_1415,0.14688023450586263,0.3572859197494922,6,0.3824030868628858
ukzn_ISTN3ND_2018,oviedo_C1127_1415,0.02790880503144655,0.37712016473446414,8,0.4403638814016172
ukzn_ISTN3ND_2018,oviedo_C1200_1415,0.20229750778816197,0.6603406019798879,25,0.5293261385551106
ukzn_ISTN3ND_2018,oviedo_C1303_1415,0.22916666666666663,0.08377699773677393,6,0.2233560090702948
ukzn_ISTN3ND_2018,oviedo_C174_1415,0.07291666666666663,0.8013891121288509,24,0.441468253968254
ukzn_ISTN3ND_2018,oviedo_C190_1415,0.14880952380952378,0.5265592290187052,26,0.48157596371882094
ukzn_ISTN3ND_2018,oviedo_C1978_1415,0.11534552845528456,0.13408211604816972,24,0.3869531552458381
ukzn_ISTN3ND_2018,oviedo_C2011_1415,0.1791666666666667,0.10241910779283211,24,0.32956349206349206
ukzn_ISTN3ND_2018,oviedo_C2024_1415,0.23681192660550465,0.2723848142144512,8,0.31179918450560645
ukzn_ISTN3ND_2018,oviedo_C2150_1415,0.009040880503144666,0.6829703484131332,23,0.49612533692722377
ukzn_ISTN3ND_2018,oviedo_C2271_1415,0.018596196868008952,0.13408211604816972,5,0.2417638755726004
ukzn_ISTN3ND_2018,oviedo_C2335_1415,0.2817367601246106,1.194976603216055,26,0.6615209167779261
ukzn_ISTN3ND_2018,oviedo_C2406_1415,0.2282268170426065,0.5997437486007815,23,0.3808255758443728
ukzn_ISTN3ND_2018,oviedo_C2468_1415,0.10416666666666663,0.20005841481257539,4,0.22236740224545107
ukzn_ISTN3ND_2018,oviedo_C2607_1415,0.3406287605294825,1.3710678622717363,18,0.6746819666494758
ukzn_ISTN3ND_2018,oviedo_C3022_1415,0.11011904761904767,1.070037866607755,15,0.5970138055222088
ukzn_ISTN3ND_2018,oviedo_C3029_1415,0.0668290043290044,0.16041105477051887,27,0.41043083900226757
ukzn_ISTN3ND_2018,oviedo_C4189_1415,0.07291666666666663,1.6720978579357175,25,0.8642113095238094
ukzn_ISTN3ND_2018,oviedo_C4213_1415,0.025595238095238004,0.7819844127953726,23,0.5982426303854876
ukzn_ISTN3ND_2018,oviedo_C836_1415,0.10991379310344823,0.08377699773677393,25,0.3133894362342638
ukzn_ISTN3ND_2019,oulad_AAA_2013J,0.07684201899097287,0.6175973859172602,20,0.5966751580211519
ukzn_ISTN3ND_2019,oulad_AAA_2014J,0.10953989802813435,0.5791776746742205,20,0.5797741173992786
ukzn_ISTN3ND_2019,oulad_BBB_2013B,0.3482480249517182,0.2137200059664963,16,0.4765765853952108
ukzn_ISTN3ND_2019,oulad_BBB_2013J,0.3234773509524888,0.008543773543293607,20,0.4339589519573122
ukzn_ISTN3ND_2019,oulad_BBB_2014B,0.3519776257370746,0.08206693428511301,15,0.41538778653421726
ukzn_ISTN3ND_2019,oulad_BBB_2014J,0.30007278191252085,0.12744808025751792,19,0.44182561856240626
ukzn_ISTN3ND_2019,oulad_CCC_2014B,0.46023190527369084,0.3010299956639812,16,0.49479632678776586
ukzn_ISTN3ND_2019,oulad_CCC_2014J,0.3963655229116028,0.3675657161849616,20,0.5269360908329482
ukzn_ISTN3ND_2019,oulad_DDD_2013B,0.4112861316933327,0.4780789055639345,16,0.523797396536746
ukzn_ISTN3ND_2019,oulad_DDD_2013J,0.37493000504426455,0.37672194742573195,19,0.49947111249503345
ukzn_ISTN3ND_2019,oulad_DDD_2014B,0.4126254363798367,0.3525019697490857,16,0.516962212062342
ukzn_ISTN3ND_2019,oulad_DDD_2014J,0.3634226961044,0.24753431407140575,19,0.48773931126960085
ukzn_ISTN3ND_2019,oulad_EEE_2013J,0.22379324455659944,0.598449875096142,20,0.5752296348981715
ukzn_ISTN3ND_2019,oulad_EEE_2014B,0.2882813610576239,0.5121045448297991,16,0.5315415190513729
ukzn_ISTN3ND_2019,oulad_EEE_2014J,0.22693300720206544,0.5546215136681697,20,0.5759053270264032
ukzn_ISTN3ND_2019,oulad_FFF_2013B,0.31818005012197087,0.8190643170702588,16,0.5825710650005914
ukzn_ISTN3ND_2019,oulad_FFF_2013J,0.32305851988473977,0.6920118664674059,20,0.5757751006450204
ukzn_ISTN3ND_2019,oulad_FFF_2014B,0.36669058295964124,0.6382577831323287,16,0.5403104847320094
ukzn_ISTN3ND_2019,oulad_FFF_2014J,0.33038614321334103,0.6598721434440858,20,0.5567369537335123
ukzn_ISTN3ND_2019,ku_Accountancy_1819,0.10056292338517314,0.06670717887589876,6,0.4844463450870281
ukzn_ISTN3ND_2019,ku_Globaleconom_1819,0.24010646452087947,0.3865852577949156,4,0.517845395374984
ukzn_ISTN3ND_2019,ku_Accountancy_1920,0.12042107941354196,0.005714483524429346,6,0.5412324342006625
ukzn_ISTN3ND_2019,ku_Globaleconom_1920,0.0479181894207279,0.2459046893378975,4,0.49014760484308695
ukzn_ISTN3ND_2019,ku_Accountancy_2021,0.10144576968163299,0.5918750643489747,6,0.6431287175384082
ukzn_ISTN3ND_2019,ku_Globaleconom_2021,0.28925774713874575,0.2789049494408229,4,0.49992637708319393
ukzn_ISTN3ND_2019,ukzn_ISTN101_2019,0.02306699279793456,0.025143035362755355,14,0.48716222118688485
ukzn_ISTN3ND_2019,ukzn_ISTN101_2020,0.14720716755160623,0.09977665365965951,16,0.4840704335876142
ukzn_ISTN3ND_2019,ukzn_ISTN101_2021,0.11228917412537898,0.5268867649907498,5,0.5788903095959975
ukzn_ISTN3ND_2019,ukzn_ISTN102_2018,0.06728202264835714,0.506879089357452,0,0.4791825054776321
ukzn_ISTN3ND_2019,ukzn_ISTN103_2019,0.07223236193538252,0.506879089357452,0,0.4539542866812517
ukzn_ISTN3ND_2019,ukzn_ISTN103_2020,0.09102475899969331,0.48437174835960073,5,0.48457965117862495
ukzn_ISTN3ND_2019,ukzn_ISTN211_2019,0.12945227418321592,0.0014404473633072364,18,0.4685961380067723
ukzn_ISTN3ND_2019,ukzn_ISTN211_2021,0.14532164945626092,0.15778764822323135,0,0.348745315380441
ukzn_ISTN3ND_2019,ukzn_ISTN212_2018,0.012435467460526817,0.4008256969095258,1,0.35715093212172766
ukzn_ISTN3ND_2019,ukzn_ISTN212_2019,0.0382185079494497,0.35290214459234304,0,0.40784122454526045
ukzn_ISTN3ND_2019,ukzn_ISTN2IP_2018,0.05521583548489373,0.41554895373023215,1,0.47354389506855876
ukzn_ISTN3ND_2019,ukzn_ISTN2IP_2019,0.044069893304468866,0.13365396850651204,14,0.48776756720934855
ukzn_ISTN3ND_2019,ukzn_ISTN3ND_2018,0.1985239162929746,0.506879089357452,1,0.47449551569506726
ukzn_ISTN3ND_2019,ukzn_ISTN3SA_2018,0.015456540406449726,0.0683872369939205,17,0.4154547230589593
ukzn_ISTN3ND_2019,ukzn_ISTN3SA_2019,0.06910428883523057,0.002866640651603095,16,0.46528031012335946
ukzn_ISTN3ND_2019,zambia_ICT1110_2020,0.5565367368057951,0.18334175269561953,24,0.4458384664662692
ukzn_ISTN3ND_2019,zambia_ICT1110_2021,0.4180751983442566,0.032848911614931385,17,0.44073079386980724
ukzn_ISTN3ND_2019,oviedo_C1112_1415,0.34540415079883724,0.14959316960795982,5,0.4396614719980427
ukzn_ISTN3ND_2019,oviedo_C1127_1415,0.17061511126152806,0.12975892462298785,7,0.4562085262229098
ukzn_ISTN3ND_2019,oviedo_C1200_1415,0.4008214240811366,0.1534615126224359,24,0.5592209642752369
ukzn_ISTN3ND_2019,oviedo_C1303_1415,0.42769058295964124,0.423102091620678,5,0.4300757298435069
ukzn_ISTN3ND_2019,oviedo_C174_1415,0.27144058295964124,0.294510022771399,23,0.5194987187700192
ukzn_ISTN3ND_2019,oviedo_C190_1415,0.3473334401024984,0.019680139661253194,25,0.5026024983984625
ukzn_ISTN3ND_2019,oviedo_C1978_1415,0.08317838783769005,0.37279697330928224,23,0.592818862205278
ukzn_ISTN3ND_2019,oviedo_C2011_1415,0.019357249626307915,0.4044599815646199,23,0.5695013879991458
ukzn_ISTN3ND_2019,oviedo_C2024_1415,0.03828801031253004,0.23449427514300078,7,0.43453091114258685
ukzn_ISTN3ND_2019,oviedo_C2150_1415,0.18948303578982995,0.17609125905568127,22,0.5762936192329542
ukzn_ISTN3ND_2019,oviedo_C2271_1415,0.21712011316098356,0.37279697330928224,4,0.4036186148098148
ukzn_ISTN3ND_2019,oviedo_C2335_1415,0.4802606764175852,1.701855692573507,25,0.7840379100384967
ukzn_ISTN3ND_2019,oviedo_C2406_1415,0.4267507333355811,0.09286465924332953,22,0.5005948567767914
ukzn_ISTN3ND_2019,oviedo_C2468_1415,0.30269058295964124,0.3068206745448766,3,0.40206403024952736
ukzn_ISTN3ND_2019,oviedo_C2607_1415,0.539152676822457,1.8779469516291882,17,0.8075379801432481
ukzn_ISTN3ND_2019,oviedo_C3022_1415,0.08840486867392694,1.576916955965207,14,0.7512448925758645
ukzn_ISTN3ND_2019,oviedo_C3029_1415,0.1316949119639702,0.34646803458693315,26,0.4900981998996093
ukzn_ISTN3ND_2019,oviedo_C4189_1415,0.27144058295964124,2.1789769472931693,24,0.9548866912235746
ukzn_ISTN3ND_2019,oviedo_C4213_1415,0.22411915438821262,0.2751053234379206,22,0.4702342820536286
ukzn_ISTN3ND_2019,oviedo_C836_1415,0.30843770939642284,0.423102091620678,24,0.5320712481683566
ukzn_ISTN3SA_2018,oulad_AAA_2013J,0.061385478584523145,0.6859846229111807,3,0.5398509606609158
ukzn_ISTN3SA_2018,oulad_AAA_2014J,0.09408335762168463,0.647564911668141,3,0.5170337677478453
ukzn_ISTN3SA_2018,oulad_BBB_2013B,0.33279148454526847,0.2821072429604167,1,0.3945347239065405
ukzn_ISTN3SA_2018,oulad_BBB_2013J,0.3080208105460391,0.0769310105372141,3,0.38966963914889996
ukzn_ISTN3SA_2018,oulad_BBB_2014B,0.33652108533062486,0.01367969729119256,2,0.38151267154973745
ukzn_ISTN3SA_2018,oulad_BBB_2014J,0.2846162415060711,0.19583531725143838,2,0.37639841499705595
ukzn_ISTN3SA_2018,oulad_CCC_2014B,0.4447753648672411,0.36941723265790166,1,0.4036011538429333
ukzn_ISTN3SA_2018,oulad_CCC_2014J,0.3809089825051531,0.43595295317888205,3,0.4207073865779554
ukzn_ISTN3SA_2018,oulad_DDD_2013B,0.395829591286883,0.546466142557855,1,0.467052495954702
ukzn_ISTN3SA_2018,oulad_DDD_2013J,0.3594734646378148,0.4451091844196524,2,0.430056681127098
ukzn_ISTN3SA_2018,oulad_DDD_2014B,0.39716889597338695,0.4208892067430062,1,0.4490955714186708
ukzn_ISTN3SA_2018,oulad_DDD_2014J,0.34796615569795025,0.31592155106532627,2,0.4155670977280352
ukzn_ISTN3SA_2018,oulad_EEE_2013J,0.2083367041501497,0.6668371120900625,3,0.5164813680508203
ukzn_ISTN3SA_2018,oulad_EEE_2014B,0.2728248206511742,0.5804917818237195,1,0.4707961423578568
ukzn_ISTN3SA_2018,oulad_EEE_2014J,0.21147646679561571,0.6230087506620902,3,0.5150133554388874
ukzn_ISTN3SA_2018,oulad_FFF_2013B,0.30272350971552114,0.8874515540641794,1,0.5290241541526839
ukzn_ISTN3SA_2018,oulad_FFF_2013J,0.30760197947829004,0.7603991034613263,3,0.5083842914524829
ukzn_ISTN3SA_2018,oulad_FFF_2014B,0.3512340425531915,0.7066450201262492,1,0.4735683890577507
ukzn_ISTN3SA_2018,oulad_FFF_2014J,0.3149296028068913,0.7282593804380063,3,0.49516612366686585
ukzn_ISTN3SA_2018,ku_Accountancy_1819,0.08510638297872342,0.0016800581180216653,23,0.4680217831813577
ukzn_ISTN3SA_2018,ku_Globaleconom_1819,0.22464992411442974,0.3181980208009951,21,0.46993690520508197
ukzn_ISTN3SA_2018,ku_Accountancy_1920,0.10496453900709224,0.07410172051834985,23,0.541033434650456
ukzn_ISTN3SA_2018,ku_Globaleconom_1920,0.03246164901427817,0.314291926331818,21,0.549736887912912
ukzn_ISTN3SA_2018,ku_Accountancy_2021,0.08598922927518327,0.6602623013428952,23,0.6410557160093665
ukzn_ISTN3SA_2018,ku_Globaleconom_2021,0.273801206732296,0.34729218643474336,21,0.5267522569523205
ukzn_ISTN3SA_2018,ukzn_ISTN101_2019,0.038523533204384286,0.09353027235667581,3,0.21051222713456755
ukzn_ISTN3SA_2018,ukzn_ISTN101_2020,0.16266370795805596,0.16816389065358,1,0.31741473511477425
ukzn_ISTN3SA_2018,ukzn_ISTN101_2021,0.1277457145318287,0.5952740019846703,12,0.41813207322725804
ukzn_ISTN3SA_2018,ukzn_ISTN102_2018,0.05182548224190742,0.4384918523635315,17,0.5229027946968173
ukzn_ISTN3SA_2018,ukzn_ISTN103_2019,0.05677582152893279,0.4384918523635315,17,0.5203467175710108
ukzn_ISTN3SA_2018,ukzn_ISTN103_2020,0.10648129940614304,0.4159845113656802,22,0.5528262982543866
ukzn_ISTN3SA_2018,ukzn_ISTN211_2019,0.14490881458966565,0.06694678963061322,1,0.1573454913880446
ukzn_ISTN3SA_2018,ukzn_ISTN211_2021,0.16077818986271064,0.08940041122931092,17,0.4152700705501799
ukzn_ISTN3SA_2018,ukzn_ISTN212_2018,0.027892007866976543,0.33243845991560533,18,0.3718125548091577
ukzn_ISTN3SA_2018,ukzn_ISTN212_2019,0.053675048355899424,0.2845149075984225,17,0.40735239937367596
ukzn_ISTN3SA_2018,ukzn_ISTN2IP_2018,0.039759295078444,0.3471617167363117,16,0.47683522151607255
ukzn_ISTN3SA_2018,ukzn_ISTN2IP_2019,0.02861335289801914,0.06526673151259149,3,0.1534954407294833
ukzn_ISTN3SA_2018,ukzn_ISTN3ND_2018,0.18306737588652489,0.4384918523635315,18,0.47975768321513
ukzn_ISTN3SA_2018,ukzn_ISTN3ND_2019,0.015456540406449726,0.06838723699392045,17,0.4154547230589593
ukzn_ISTN3SA_2018,ukzn_ISTN3SA_2019,0.08456082924168029,0.07125387764552357,1,0.156916842023225
ukzn_ISTN3SA_2018,zambia_ICT1110_2020,0.5410801963993453,0.11495451570169904,7,0.20254072168965784
ukzn_ISTN3SA_2018,zambia_ICT1110_2021,0.4026186579378069,0.035538325378989086,0,0.19037877016600419
ukzn_ISTN3SA_2018,oviedo_C1112_1415,0.3299476103923875,0.08120593261403933,12,0.2351219114824375
ukzn_ISTN3SA_2018,oviedo_C1127_1415,0.15515857085507834,0.06137168762906731,10,0.17349123511307374
ukzn_ISTN3SA_2018,oviedo_C1200_1415,0.38536488367468685,0.2218487496163564,7,0.3702620041852494
ukzn_ISTN3SA_2018,oviedo_C1303_1415,0.4122340425531915,0.35471485462675756,12,0.397760167896946
ukzn_ISTN3SA_2018,oviedo_C174_1415,0.2559840425531915,0.3628972597653194,6,0.37943262411347517
ukzn_ISTN3SA_2018,oviedo_C190_1415,0.33187689969604867,0.08806737665517365,8,0.2564680127370097
ukzn_ISTN3SA_2018,oviedo_C1978_1415,0.06772184743124032,0.3044097363153618,6,0.38334321793065956
ukzn_ISTN3SA_2018,oviedo_C2011_1415,0.0039007092198581894,0.33607274457069936,6,0.41382978723404257
ukzn_ISTN3SA_2018,oviedo_C2024_1415,0.05374455071897977,0.16610703814908032,10,0.35610644804476543
ukzn_ISTN3SA_2018,oviedo_C2150_1415,0.17402649538338022,0.2444784960496017,5,0.35126455238859894
ukzn_ISTN3SA_2018,oviedo_C2271_1415,0.20166357275453384,0.3044097363153618,13,0.3991180650469527
ukzn_ISTN3SA_2018,oviedo_C2335_1415,0.46480413601113546,1.6334684555795864,8,0.8524770616140671
ukzn_ISTN3SA_2018,oviedo_C2406_1415,0.4112941929291314,0.16125189623725003,5,0.2605983042713166
ukzn_ISTN3SA_2018,oviedo_C2468_1415,0.2872340425531915,0.2384334375509561,14,0.3645563051375195
ukzn_ISTN3SA_2018,oviedo_C2607_1415,0.5236961364160073,1.8095597146352678,0,0.8697288578231815
ukzn_ISTN3SA_2018,oviedo_C3022_1415,0.07294832826747721,1.5085297189712865,3,0.8083871846610985
ukzn_ISTN3SA_2018,oviedo_C3029_1415,0.11623837155752048,0.27808079759301263,9,0.6078369452229635
ukzn_ISTN3SA_2018,oviedo_C4189_1415,0.2559840425531915,2.110589710299249,7,0.945787424012158
ukzn_ISTN3SA_2018,oviedo_C4213_1415,0.2086626139817629,0.343492560431841,5,0.3481907656679693
ukzn_ISTN3SA_2018,oviedo_C836_1415,0.2929811689899731,0.35471485462675756,7,0.378786290745205
ukzn_ISTN3SA_2019,oulad_AAA_2013J,0.14594630782620344,0.6147307452656572,4,0.5024990675121224
ukzn_ISTN3SA_2019,oulad_AAA_2014J,0.17864418686336492,0.5763110340226174,4,0.47883988157960766
ukzn_ISTN3SA_2019,oulad_BBB_2013B,0.41735231378694876,0.21085336531489315,0,0.3675155631013017
ukzn_ISTN3SA_2019,oulad_BBB_2013J,0.39258163978771937,0.005677132891690521,4,0.37698906666273674
ukzn_ISTN3SA_2019,oulad_BBB_2014B,0.42108191457230515,0.08493357493671612,1,0.37948309182035167
ukzn_ISTN3SA_2019,oulad_BBB_2014J,0.3691770707477514,0.12458143960591478,3,0.36326448420689267
ukzn_ISTN3SA_2019,oulad_CCC_2014B,0.5293361941089214,0.29816335501237806,0,0.3859507916326098
ukzn_ISTN3SA_2019,oulad_CCC_2014J,0.4654698117468334,0.36469907553335845,4,0.3990192886910261
ukzn_ISTN3SA_2019,oulad_DDD_2013B,0.4803904205285633,0.4752122649123314,0,0.44755551432450896
ukzn_ISTN3SA_2019,oulad_DDD_2013J,0.4440342938794951,0.37385530677412887,3,0.39940235203393104
ukzn_ISTN3SA_2019,oulad_DDD_2014B,0.48172972521506724,0.3496353290974826,0,0.40995633031463646
ukzn_ISTN3SA_2019,oulad_DDD_2014J,0.43252698493963054,0.24466767341980272,3,0.38154358121080245
ukzn_ISTN3SA_2019,oulad_EEE_2013J,0.29289753339183,0.5955832344445389,4,0.4814405493112717
ukzn_ISTN3SA_2019,oulad_EEE_2014B,0.3573856498928545,0.5092379041781959,0,0.4309645205898808
ukzn_ISTN3SA_2019,oulad_EEE_2014J,0.296037296037296,0.5517548730165667,4,0.47382247382247383
ukzn_ISTN3SA_2019,oulad_FFF_2013B,0.38728433895720143,0.8161976764186558,0,0.5067295777332952
ukzn_ISTN3SA_2019,oulad_FFF_2013J,0.39216280871997033,0.6891452258158027,4,0.4816825749808667
ukzn_ISTN3SA_2019,oulad_FFF_2014B,0.4357948717948718,0.6353911424807256,0,0.44679120879120887
ukzn_ISTN3SA_2019,oulad_FFF_2014J,0.3994904320485716,0.6570055027924828,4,0.47318418016092434
ukzn_ISTN3SA_2019,ku_Accountancy_1819,0.1696672122204037,0.06957381952750195,22,0.4514613046527941
ukzn_ISTN3SA_2019,ku_Globaleconom_1819,0.30921075335611004,0.3894518984465187,20,0.45249187779470423
ukzn_ISTN3SA_2019,ku_Accountancy_1920,0.18952536824877253,0.002847842872826246,22,0.49146598082768295
ukzn_ISTN3SA_2019,ku_Globaleconom_1920,0.11702247825595846,0.24303804868629447,20,0.5295412370302238
ukzn_ISTN3SA_2019,ku_Accountancy_2021,0.17055005851686356,0.5890084236973716,22,0.6351526758165763
ukzn_ISTN3SA_2019,ku_Globaleconom_2021,0.3583620359739763,0.2760383087892198,20,0.5261057350609589
ukzn_ISTN3SA_2019,ukzn_ISTN101_2019,0.046037296037296005,0.022276394711152253,2,0.157760989010989
ukzn_ISTN3SA_2019,ukzn_ISTN101_2020,0.07810287871637567,0.09691001300805639,0,0.2946448234791793
ukzn_ISTN3SA_2019,ukzn_ISTN101_2021,0.04318488529014841,0.5240201243391467,11,0.40767302872566036
ukzn_ISTN3SA_2019,ukzn_ISTN102_2018,0.1363863114835877,0.5097457300090551,16,0.4871082225167828
ukzn_ISTN3SA_2019,ukzn_ISTN103_2019,0.14133665077061308,0.5097457300090551,16,0.49044163383786027
ukzn_ISTN3SA_2019,ukzn_ISTN103_2020,0.021920470164462746,0.4872383890112038,21,0.5150453982246957
ukzn_ISTN3SA_2019,ukzn_ISTN211_2019,0.060347985347985356,0.004307088014910365,2,0.12358712715855573
ukzn_ISTN3SA_2019,ukzn_ISTN211_2021,0.07621736062103035,0.16065428887483446,16,0.40995396041267596
ukzn_ISTN3SA_2019,ukzn_ISTN212_2018,0.05666882137470375,0.4036923375611289,17,0.37489149505956226
ukzn_ISTN3SA_2019,ukzn_ISTN212_2019,0.030885780885780867,0.3557687852439461,16,0.3774309024309024
ukzn_ISTN3SA_2019,ukzn_ISTN2IP_2018,0.12432012432012429,0.41841559438183523,15,0.46207126207126203
ukzn_ISTN3SA_2019,ukzn_ISTN2IP_2019,0.11317418213969943,0.13652060915811512,2,0.24772641151951497
ukzn_ISTN3SA_2019,ukzn_ISTN3ND_2018,0.2676282051282052,0.5097457300090551,17,0.44899267399267406
ukzn_ISTN3SA_2019,ukzn_ISTN3ND_2019,0.06910428883523057,0.002866640651603125,16,0.46528031012335946
ukzn_ISTN3SA_2019,ukzn_ISTN3SA_2018,0.08456082924168029,0.07125387764552361,1,0.156916842023225
ukzn_ISTN3SA_2019,zambia_ICT1110_2020,0.6256410256410256,0.1862083933472226,8,0.1772893772893773
ukzn_ISTN3SA_2019,zambia_ICT1110_2021,0.48717948717948717,0.03571555226653449,1,0.16630036630036632
ukzn_ISTN3SA_2019,oviedo_C1112_1415,0.4145084396340678,0.1524598102595629,11,0.2607764095201281
ukzn_ISTN3SA_2019,oviedo_C1127_1415,0.23971940009675863,0.13262556527459096,9,0.23646416476605156
ukzn_ISTN3SA_2019,oviedo_C1200_1415,0.46992571291636714,0.1505948719708328,8,0.29241039334497276
ukzn_ISTN3SA_2019,oviedo_C1303_1415,0.4967948717948718,0.4259687322722811,11,0.42900968079539503
ukzn_ISTN3SA_2019,oviedo_C174_1415,0.3405448717948718,0.29164338211979585,7,0.33115842490842484
ukzn_ISTN3SA_2019,oviedo_C190_1415,0.41643772893772896,0.016813499009650068,9,0.2153584510727368
ukzn_ISTN3SA_2019,oviedo_C1978_1415,0.1522826766729206,0.3756636139608854,7,0.3860493165371214
ukzn_ISTN3SA_2019,oviedo_C2011_1415,0.08846153846153848,0.40732662221622296,7,0.39377289377289376
ukzn_ISTN3SA_2019,oviedo_C2024_1415,0.030816278522700524,0.23736091579460392,9,0.3828746177370031
ukzn_ISTN3SA_2019,oviedo_C2150_1415,0.2585873246250605,0.17322461840407813,6,0.28309489252885484
ukzn_ISTN3SA_2019,oviedo_C2271_1415,0.28622440199621413,0.3756636139608854,12,0.4281682523293262
ukzn_ISTN3SA_2019,oviedo_C2335_1415,0.5493649652528158,1.70472233322511,9,0.8208705624593475
ukzn_ISTN3SA_2019,oviedo_C2406_1415,0.4958550221708117,0.0899980185917264,6,0.191935883665207
ukzn_ISTN3SA_2019,oviedo_C2468_1415,0.3717948717948718,0.30968731519647974,13,0.382497989815063
ukzn_ISTN3SA_2019,oviedo_C2607_1415,0.6082569656576877,1.8808135922807914,1,0.8297457055579799
ukzn_ISTN3SA_2019,oviedo_C3022_1415,0.1575091575091575,1.5797835966168101,2,0.7677409425308585
ukzn_ISTN3SA_2019,oviedo_C3029_1415,0.20079920079920077,0.34933467523853623,10,0.5983825698111412
ukzn_ISTN3SA_2019,oviedo_C4189_1415,0.3405448717948718,2.1818435879447726,8,0.9138335622710623
ukzn_ISTN3SA_2019,oviedo_C4213_1415,0.2932234432234432,0.2722386827863174,6,0.3534013605442176
ukzn_ISTN3SA_2019,oviedo_C836_1415,0.3775419982316534,0.4259687322722811,8,0.3670834912214223
zambia_ICT1110_2020,oulad_AAA_2013J,0.4796947178148222,0.8009391386128798,4,0.46705305138725495
zambia_ICT1110_2020,oulad_AAA_2014J,0.4469968387776607,0.7625194273698401,4,0.4460635255155803
zambia_ICT1110_2020,oulad_BBB_2013B,0.20828871185407688,0.3970617586621158,8,0.3470102054142802
zambia_ICT1110_2020,oulad_BBB_2013J,0.23305938585330627,0.1918855262389131,4,0.34148167433817855
zambia_ICT1110_2020,oulad_BBB_2014B,0.2045591110687205,0.10127481841050648,9,0.3234448130914343
zambia_ICT1110_2020,oulad_BBB_2014J,0.2564639548932742,0.31078983295313745,5,0.3289262221199394
zambia_ICT1110_2020,oulad_CCC_2014B,0.09630483153210423,0.48437174835960073,8,0.3558623194986831
zambia_ICT1110_2020,oulad_CCC_2014J,0.16017121389419225,0.5509074688805811,4,0.3785877053290984
zambia_ICT1110_2020,oulad_DDD_2013B,0.14525060511246235,0.661420658259554,8,0.4394794767780187
zambia_ICT1110_2020,oulad_DDD_2013J,0.18160673176153053,0.5600637001213515,5,0.37533766543054475
zambia_ICT1110_2020,oulad_DDD_2014B,0.1439113004259584,0.5358437224447051,8,0.39855925833124534
zambia_ICT1110_2020,oulad_DDD_2014J,0.1931140407013951,0.4308760667670253,5,0.35955215056712564
zambia_ICT1110_2020,oulad_EEE_2013J,0.33274349224919564,0.7817916277917615,4,0.4464818451510467
zambia_ICT1110_2020,oulad_EEE_2014B,0.26825537574817115,0.6954462975254185,8,0.41499509136396745
zambia_ICT1110_2020,oulad_EEE_2014J,0.32960372960372963,0.7379632663637893,4,0.4373903873903874
zambia_ICT1110_2020,oulad_FFF_2013B,0.2383566866838242,1.0024060697658785,8,0.5021092909568747
zambia_ICT1110_2020,oulad_FFF_2013J,0.2334782169210553,0.8753536191630253,4,0.44950686632684
zambia_ICT1110_2020,oulad_FFF_2014B,0.18984615384615383,0.8215995358279482,8,0.4482710622710623
zambia_ICT1110_2020,oulad_FFF_2014J,0.22615059359245404,0.8432138961397054,4,0.43629393861952004
zambia_ICT1110_2020,ku_Accountancy_1819,0.45597381342062193,0.1166345738197207,30,0.468076338555062
zambia_ICT1110_2020,ku_Globaleconom_1819,0.3164302722849156,0.203243505099296,28,0.36529365654533896
zambia_ICT1110_2020,ku_Accountancy_1920,0.4361156573922531,0.18905623622004886,30,0.5378224612267165
zambia_ICT1110_2020,ku_Globaleconom_1920,0.5086185473850672,0.4292464420335171,28,0.540920753255555
zambia_ICT1110_2020,ku_Accountancy_2021,0.4550909671241621,0.7752168170445943,30,0.651057103339261
zambia_ICT1110_2020,ku_Globaleconom_2021,0.2672789896670493,0.4622467021364424,28,0.547088732163359
zambia_ICT1110_2020,ukzn_ISTN101_2019,0.5796037296037296,0.20848478805837484,10,0.29135656010656014
zambia_ICT1110_2020,ukzn_ISTN101_2020,0.7037439043574013,0.2831184063552791,8,0.3208454122564552
zambia_ICT1110_2020,ukzn_ISTN101_2021,0.668825910931174,0.7102285176863694,19,0.4768459610564873
zambia_ICT1110_2020,ukzn_ISTN102_2018,0.48925471415743793,0.32353733666183243,24,0.39194424252790017
zambia_ICT1110_2020,ukzn_ISTN103_2019,0.48430437487041256,0.32353733666183243,24,0.39516996929395853
zambia_ICT1110_2020,ukzn_ISTN103_2020,0.6475614958054884,0.3010299956639812,29,0.40248420710527916
zambia_ICT1110_2020,ukzn_ISTN211_2019,0.685989010989011,0.18190130533231227,6,0.2532967032967033
zambia_ICT1110_2020,ukzn_ISTN211_2021,0.701858386262056,0.025554104472388168,24,0.3309607823369291
zambia_ICT1110_2020,ukzn_ISTN212_2018,0.5689722042663219,0.21748394421390627,25,0.2816049496721766
zambia_ICT1110_2020,ukzn_ISTN212_2019,0.5947552447552448,0.1695603918967235,24,0.30018315018315017
zambia_ICT1110_2020,ukzn_ISTN2IP_2018,0.5013209013209013,0.23220720103461262,23,0.3527805527805528
zambia_ICT1110_2020,ukzn_ISTN2IP_2019,0.5124668435013262,0.04968778418910752,10,0.2747442212959454
zambia_ICT1110_2020,ukzn_ISTN3ND_2018,0.35801282051282046,0.32353733666183243,25,0.35795177045177046
zambia_ICT1110_2020,ukzn_ISTN3ND_2019,0.5565367368057951,0.1833417526956195,24,0.4458384664662692
zambia_ICT1110_2020,ukzn_ISTN3SA_2018,0.5410801963993453,0.11495451570169903,7,0.20254072168965784
zambia_ICT1110_2020,ukzn_ISTN3SA_2019,0.6256410256410256,0.18620839334722264,8,0.1772893772893773
zambia_ICT1110_2020,zambia_ICT1110_2021,0.13846153846153847,0.15049284108068808,7,0.2181318681318681
zambia_ICT1110_2020,oviedo_C1112_1415,0.21113258600695783,0.03374858308765973,19,0.24493898061737257
zambia_ICT1110_2020,oviedo_C1127_1415,0.385921625544267,0.05358282807263171,17,0.248144308521667
zambia_ICT1110_2020,oviedo_C1200_1415,0.1557153127246585,0.33680326531805543,0,0.32897196261682243
zambia_ICT1110_2020,oviedo_C1303_1415,0.12884615384615383,0.23976033892505855,19,0.3577315541601256
zambia_ICT1110_2020,oviedo_C174_1415,0.28509615384615383,0.47785177546701846,1,0.327930402930403
zambia_ICT1110_2020,oviedo_C190_1415,0.20920329670329668,0.2030218923568727,1,0.22386185243328102
zambia_ICT1110_2020,oviedo_C1978_1415,0.473358348968105,0.18945522061366274,1,0.27913428035379256
zambia_ICT1110_2020,oviedo_C2011_1415,0.5371794871794872,0.22111822886900037,1,0.2976190476190476
zambia_ICT1110_2020,oviedo_C2024_1415,0.5948247471183251,0.05115252244738129,17,0.33348119770138124
zambia_ICT1110_2020,oviedo_C2150_1415,0.36705370101596513,0.35943301175130077,2,0.2617458013684429
zambia_ICT1110_2020,oviedo_C2271_1415,0.3394166236448115,0.18945522061366274,20,0.36689283870491923
zambia_ICT1110_2020,oviedo_C2335_1415,0.07627606038820989,1.5185139398778875,1,0.7237598849748383
zambia_ICT1110_2020,oviedo_C2406_1415,0.12978600347021396,0.27620641193894907,2,0.17351069982648928
zambia_ICT1110_2020,oviedo_C2468_1415,0.25384615384615383,0.1234789218492571,21,0.3283570088448137
zambia_ICT1110_2020,oviedo_C2607_1415,0.017384059983337974,1.6946051989335686,7,0.7347244812948784
zambia_ICT1110_2020,oviedo_C3022_1415,0.46813186813186813,1.3935752032695876,10,0.6733678086619264
zambia_ICT1110_2020,oviedo_C3029_1415,0.42484182484182487,0.1631262818913136,2,0.49165120593692013
zambia_ICT1110_2020,oviedo_C4189_1415,0.28509615384615383,1.99563519459755,0,0.8273179945054946
zambia_ICT1110_2020,oviedo_C4213_1415,0.33241758241758246,0.4584470761335401,2,0.3576923076923077
zambia_ICT1110_2020,oviedo_C836_1415,0.24809902740937223,0.23976033892505855,0,0.27139067828723
zambia_ICT1110_2021,oulad_AAA_2013J,0.34123317935328373,0.6504462975321916,3,0.5417109000659915
zambia_ICT1110_2021,oulad_AAA_2014J,0.30853530031612225,0.612026586289152,3,0.5219554418184555
zambia_ICT1110_2021,oulad_BBB_2013B,0.06982717339253841,0.24656891758142768,1,0.40761177136389365
zambia_ICT1110_2021,oulad_BBB_2013J,0.0945978473917678,0.04139268515822506,3,0.4142162040016309
zambia_ICT1110_2021,oulad_BBB_2014B,0.06609757260718202,0.04921802267018165,2,0.41016670867879795
zambia_ICT1110_2021,oulad_BBB_2014J,0.11800241643173576,0.16029699187244936,2,0.4052509445179603
zambia_ICT1110_2021,oulad_CCC_2014B,0.04215670692943424,0.3338789072789126,1,0.4331123422032513
zambia_ICT1110_2021,oulad_CCC_2014J,0.021709675432653786,0.400414627799893,3,0.44718192136126483
zambia_ICT1110_2021,oulad_DDD_2013B,0.006789066650923881,0.5109278171788659,1,0.44341460534860383
zambia_ICT1110_2021,oulad_DDD_2013J,0.04314519329999206,0.40957085904066337,2,0.42143254062758706
zambia_ICT1110_2021,oulad_DDD_2014B,0.00544976196441993,0.38535088136401713,1,0.45661667322905114
zambia_ICT1110_2021,oulad_DDD_2014J,0.054652502239856626,0.2803832256863372,2,0.42235315987395844
zambia_ICT1110_2021,oulad_EEE_2013J,0.19428195378765717,0.6312987867110733,3,0.5268353319684118
zambia_ICT1110_2021,oulad_EEE_2014B,0.12979383728663269,0.5449534564447305,1,0.4794233144377236
zambia_ICT1110_2021,oulad_EEE_2014J,0.19114219114219116,0.5874704252831012,3,0.5241610241610241
zambia_ICT1110_2021,oulad_FFF_2013B,0.09989514822228573,0.8519132286851904,1,0.5101890055421653
zambia_ICT1110_2021,oulad_FFF_2013J,0.09501667845951683,0.7248607780823373,3,0.513342767613464
zambia_ICT1110_2021,oulad_FFF_2014B,0.05138461538461536,0.6711066947472601,1,0.47004395604395605
zambia_ICT1110_2021,oulad_FFF_2014J,0.08768905513091557,0.6927210550590173,3,0.5039774179309063
zambia_ICT1110_2021,ku_Accountancy_1819,0.31751227495908346,0.03385826726096742,23,0.4554594341828384
zambia_ICT1110_2021,ku_Globaleconom_1819,0.17796873382337713,0.3537363461799842,21,0.4965502196323192
zambia_ICT1110_2021,ku_Accountancy_1920,0.29765411893071464,0.038563395139360794,23,0.5040604785285636
zambia_ICT1110_2021,ku_Globaleconom_1920,0.3701570089235287,0.278753600952829,21,0.5198197544012522
zambia_ICT1110_2021,ku_Accountancy_2021,0.3166294286626236,0.6247239759639062,23,0.6152364233277096
zambia_ICT1110_2021,ku_Globaleconom_2021,0.12881745120551086,0.3117538610557543,21,0.5072412661964901
zambia_ICT1110_2021,ukzn_ISTN101_2019,0.44114219114219116,0.057991946977686754,3,0.24985431235431235
zambia_ICT1110_2021,ukzn_ISTN101_2020,0.5652823658958628,0.13262556527459096,1,0.371558911436212
zambia_ICT1110_2021,ukzn_ISTN101_2021,0.5303643724696356,0.5597356766056812,12,0.4375361480624638
zambia_ICT1110_2021,ukzn_ISTN102_2018,0.35079317569589946,0.47403017774252054,17,0.5322615128062599
zambia_ICT1110_2021,ukzn_ISTN103_2019,0.3458428364088741,0.47403017774252054,17,0.5285956182182596
zambia_ICT1110_2021,ukzn_ISTN103_2020,0.5090999573439499,0.4515228367446693,22,0.5413560561434868
zambia_ICT1110_2021,ukzn_ISTN211_2019,0.5475274725274726,0.03140846425162414,1,0.1317111459968603
zambia_ICT1110_2021,ukzn_ISTN211_2021,0.5633968478005176,0.12493873660829993,17,0.3783731558960917
zambia_ICT1110_2021,ukzn_ISTN212_2018,0.4305106658047834,0.36797678529459443,18,0.3820759072859913
zambia_ICT1110_2021,ukzn_ISTN212_2019,0.4562937062937063,0.32005323297741156,17,0.42286879786879794
zambia_ICT1110_2021,ukzn_ISTN2IP_2018,0.3628593628593629,0.38270004211530073,16,0.5125707625707626
zambia_ICT1110_2021,ukzn_ISTN2IP_2019,0.37400530503978774,0.10080505689158059,3,0.19259189086775294
zambia_ICT1110_2021,ukzn_ISTN3ND_2018,0.219551282051282,0.47403017774252054,18,0.4817612942612942
zambia_ICT1110_2021,ukzn_ISTN3ND_2019,0.4180751983442566,0.03284891161493143,17,0.44073079386980724
zambia_ICT1110_2021,ukzn_ISTN3SA_2018,0.4026186579378069,0.03553832537898904,0,0.19037877016600419
zambia_ICT1110_2021,ukzn_ISTN3SA_2019,0.48717948717948717,0.035715552266534535,1,0.16630036630036632
zambia_ICT1110_2021,zambia_ICT1110_2020,0.13846153846153847,0.1504928410806881,7,0.2181318681318681
zambia_ICT1110_2021,oviedo_C1112_1415,0.07267104754541936,0.11674425799302836,12,0.3203103429234083
zambia_ICT1110_2021,oviedo_C1127_1415,0.24746008708272854,0.09691001300805642,10,0.25305826249222474
zambia_ICT1110_2021,oviedo_C1200_1415,0.017253774263120025,0.18631042423736727,7,0.3284892677416042
zambia_ICT1110_2021,oviedo_C1303_1415,0.009615384615384637,0.39025318000574666,12,0.42445054945054944
zambia_ICT1110_2021,oviedo_C174_1415,0.14663461538461536,0.32735893438633035,6,0.3461538461538462
zambia_ICT1110_2021,oviedo_C190_1415,0.07074175824175821,0.052529051276184624,8,0.2198783359497645
zambia_ICT1110_2021,oviedo_C1978_1415,0.33489681050656656,0.3399480616943509,6,0.4098097024926294
zambia_ICT1110_2021,oviedo_C2011_1415,0.3987179487179487,0.37161106994968846,6,0.43186813186813183
zambia_ICT1110_2021,oviedo_C2024_1415,0.45636320865678665,0.2016453635280694,10,0.4073495312027422
zambia_ICT1110_2021,oviedo_C2150_1415,0.22859216255442666,0.20894017067061263,5,0.3368753887621812
zambia_ICT1110_2021,oviedo_C2271_1415,0.20095508518327304,0.3399480616943509,13,0.3978538240283207
zambia_ICT1110_2021,oviedo_C2335_1415,0.06218547807332858,1.6690067809585756,8,0.8135462668172949
zambia_ICT1110_2021,oviedo_C2406_1415,0.008675534991324507,0.12571357085826096,5,0.22895149962819136
zambia_ICT1110_2021,oviedo_C2468_1415,0.11538461538461536,0.2739717629299452,14,0.3891718038059501
zambia_ICT1110_2021,oviedo_C2607_1415,0.1210774784782005,1.845098040014257,0,0.8205062085928513
zambia_ICT1110_2021,oviedo_C3022_1415,0.32967032967032966,1.5440680443502757,3,0.7606658047834518
zambia_ICT1110_2021,oviedo_C3029_1415,0.2863802863802864,0.3136191229720017,9,0.6348651348651349
zambia_ICT1110_2021,oviedo_C4189_1415,0.14663461538461536,2.146128035678238,7,0.9075377747252747
zambia_ICT1110_2021,oviedo_C4213_1415,0.193956043956044,0.30795423505285197,5,0.3792778649921507
zambia_ICT1110_2021,oviedo_C836_1415,0.10963748894783376,0.39025318000574666,7,0.41597195907540735
oviedo_C1112_1415,oulad_AAA_2013J,0.26856213180786437,0.7671905555252201,15,0.5967734982259302
oviedo_C1112_1415,oulad_AAA_2014J,0.2358642527707029,0.7287708442821803,15,0.5769296580751114
oviedo_C1112_1415,oulad_BBB_2013B,0.002843874152880954,0.3633131755744561,11,0.4318337584925192
oviedo_C1112_1415,oulad_BBB_2013J,0.021926799846348433,0.15813694315125346,15,0.39662711026234054
oviedo_C1112_1415,oulad_BBB_2014B,0.006573474938237345,0.06752623532284678,10,0.3609919226813369
oviedo_C1112_1415,oulad_BBB_2014J,0.04533136888631639,0.27704124986547773,14,0.37927076168676843
oviedo_C1112_1415,oulad_CCC_2014B,0.1148277544748536,0.450623165271941,11,0.43861982581146586
oviedo_C1112_1415,oulad_CCC_2014J,0.05096137211276558,0.5171588857929214,15,0.4714844380888774
oviedo_C1112_1415,oulad_DDD_2013B,0.06588198089449548,0.6276720751718943,11,0.5492653487809621
oviedo_C1112_1415,oulad_DDD_2013J,0.029525854245427308,0.5263151170336917,14,0.49564052015939936
oviedo_C1112_1415,oulad_DDD_2014B,0.06722128558099943,0.5020951393570455,11,0.5039734503134565
oviedo_C1112_1415,oulad_DDD_2014J,0.01801854530556274,0.3971274836793656,14,0.47900026238473886
oviedo_C1112_1415,oulad_EEE_2013J,0.1216109062422378,0.7480430447041018,15,0.573705709427092
oviedo_C1112_1415,oulad_EEE_2014B,0.05712278974121332,0.6616977144377588,11,0.5350600263565667
oviedo_C1112_1415,oulad_EEE_2014J,0.1184711435967718,0.7042146832761296,15,0.5752487787663668
oviedo_C1112_1415,oulad_FFF_2013B,0.02722410067686637,0.9686574866782187,11,0.5998050973579172
oviedo_C1112_1415,oulad_FFF_2013J,0.02234563091409747,0.8416050360753656,15,0.5551045383981418
oviedo_C1112_1415,oulad_FFF_2014B,0.021286432160804003,0.7878509527402885,11,0.5359248624072744
oviedo_C1112_1415,oulad_FFF_2014J,0.015018007585496207,0.8094653130520456,15,0.540472219144651
oviedo_C1112_1415,ku_Accountancy_1819,0.2448412274136641,0.08288599073206099,11,0.47172889523605865
oviedo_C1112_1415,ku_Globaleconom_1819,0.10529768627795777,0.23699208818695577,9,0.39073757559186045
oviedo_C1112_1415,ku_Accountancy_1920,0.22498307138529527,0.1553076531323892,11,0.5462143544470071
oviedo_C1112_1415,ku_Globaleconom_1920,0.29748596137810934,0.3954978589458573,9,0.5372583496462805
oviedo_C1112_1415,ku_Accountancy_2021,0.24395838111720425,0.7414682339569345,11,0.6124308561181724
oviedo_C1112_1415,ku_Globaleconom_2021,0.05614640366009149,0.4284981190487827,9,0.5256688560071144
oviedo_C1112_1415,ukzn_ISTN101_2019,0.3684711435967718,0.17473620497071518,9,0.35523328221192546
oviedo_C1112_1415,ukzn_ISTN101_2020,0.4926113183504435,0.24936982326761933,11,0.29319325226776594
oviedo_C1112_1415,ukzn_ISTN101_2021,0.4576933249242162,0.6764799345987096,0,0.43998380179284696
oviedo_C1112_1415,ukzn_ISTN102_2018,0.2781221281504801,0.3572859197494922,5,0.42356306267300925
oviedo_C1112_1415,ukzn_ISTN103_2019,0.2731717888634547,0.3572859197494922,5,0.4330708864564125
oviedo_C1112_1415,ukzn_ISTN103_2020,0.43642890979853055,0.33477857875164097,10,0.4701577600174095
oviedo_C1112_1415,ukzn_ISTN211_2019,0.47485642498205316,0.14815272224465253,13,0.32188749871808026
oviedo_C1112_1415,ukzn_ISTN211_2021,0.49072580025509815,0.008194478615271538,5,0.3577871884542855
oviedo_C1112_1415,ukzn_ISTN212_2018,0.35783961825936406,0.25123252730156603,6,0.3162511235650039
oviedo_C1112_1415,ukzn_ISTN212_2019,0.38362265874828694,0.2033089749843832,5,0.3184374252213448
oviedo_C1112_1415,ukzn_ISTN2IP_2018,0.2901883153139435,0.2659557841222724,4,0.3951721087399479
oviedo_C1112_1415,ukzn_ISTN2IP_2019,0.3013342574943684,0.015939201101447777,9,0.27554026289080874
oviedo_C1112_1415,ukzn_ISTN3ND_2018,0.14688023450586263,0.3572859197494922,6,0.3824030868628858
oviedo_C1112_1415,ukzn_ISTN3ND_2019,0.34540415079883724,0.14959316960795982,5,0.4396614719980427
oviedo_C1112_1415,ukzn_ISTN3SA_2018,0.3299476103923875,0.0812059326140393,12,0.2351219114824375
oviedo_C1112_1415,ukzn_ISTN3SA_2019,0.4145084396340678,0.1524598102595629,11,0.2607764095201281
oviedo_C1112_1415,zambia_ICT1110_2020,0.21113258600695783,0.03374858308765975,19,0.24493898061737257
oviedo_C1112_1415,zambia_ICT1110_2021,0.07267104754541936,0.11674425799302841,12,0.3203103429234083
oviedo_C1112_1415,oviedo_C1127_1415,0.17478903953730918,0.01983424498497195,2,0.13445935878855192
oviedo_C1112_1415,oviedo_C1200_1415,0.05541727328229934,0.30305468223039567,19,0.44612246814848605
oviedo_C1112_1415,oviedo_C1303_1415,0.082286432160804,0.27350892201271826,0,0.33852297200287146
oviedo_C1112_1415,oviedo_C174_1415,0.073963567839196,0.44410319237935875,18,0.3958856783919598
oviedo_C1112_1415,oviedo_C190_1415,0.0019292893036611525,0.16927330926921302,20,0.32030048200184597
oviedo_C1112_1415,oviedo_C1978_1415,0.2622257629611472,0.22320380370132248,18,0.4010864426662931
oviedo_C1112_1415,oviedo_C2011_1415,0.3260469011725293,0.2548668119566601,18,0.39767288825077773
oviedo_C1112_1415,oviedo_C2024_1415,0.3836921611113673,0.08490110553504099,2,0.2864409421506835
oviedo_C1112_1415,oviedo_C2150_1415,0.1559211150090073,0.325684428663641,17,0.3742296387598369
oviedo_C1112_1415,oviedo_C2271_1415,0.12828403763785368,0.22320380370132248,1,0.345091950644883
oviedo_C1112_1415,oviedo_C2335_1415,0.13485652561874795,1.5522625229655471,20,0.7692031586503949
oviedo_C1112_1415,oviedo_C2406_1415,0.08134658253674387,0.24245782885128936,17,0.30583098089804556
oviedo_C1112_1415,oviedo_C2468_1415,0.042713567839196,0.15722750493691678,2,0.28820058480556093
oviedo_C1112_1415,oviedo_C2607_1415,0.19374852602361986,1.7283537820212285,12,0.7772799013116123
oviedo_C1112_1415,oviedo_C3022_1415,0.2569992821249103,1.4273237863572472,9,0.7112181556039501
oviedo_C1112_1415,oviedo_C3029_1415,0.21370923883486703,0.1968748649789733,21,0.5456410065168141
oviedo_C1112_1415,oviedo_C4189_1415,0.073963567839196,2.0293837776852097,19,0.893042220028715
oviedo_C1112_1415,oviedo_C4213_1415,0.12128499641062462,0.4246984930458803,17,0.46552661265511236
oviedo_C1112_1415,oviedo_C836_1415,0.036966441402414396,0.27350892201271826,19,0.3482519328993077
oviedo_C1127_1415,oulad_AAA_2013J,0.09377309227055519,0.7473563105402481,13,0.6221277613957056
oviedo_C1127_1415,oulad_AAA_2014J,0.06107521323339371,0.7089365992972084,13,0.5971015027877266
oviedo_C1127_1415,oulad_BBB_2013B,0.17763291369019013,0.3434789305894841,9,0.44885341778060484
oviedo_C1127_1415,oulad_BBB_2013J,0.15286223969096074,0.13830269816628143,13,0.41914108108303505
oviedo_C1127_1415,oulad_BBB_2014B,0.18136251447554652,0.047691990337874794,8,0.3985575420730821
oviedo_C1127_1415,oulad_BBB_2014J,0.12945767065099278,0.2572070048805058,12,0.3991452750219914
oviedo_C1127_1415,oulad_CCC_2014B,0.2896167940121628,0.430788920286969,9,0.45319356886681067
oviedo_C1127_1415,oulad_CCC_2014J,0.22575041165007476,0.4973246408079494,13,0.4876990541220038
oviedo_C1127_1415,oulad_DDD_2013B,0.24067102043180466,0.6078378301869223,9,0.5400599487394836
oviedo_C1127_1415,oulad_DDD_2013J,0.20431489378273648,0.5064808720487198,12,0.4920458749537551
oviedo_C1127_1415,oulad_DDD_2014B,0.2420103251183086,0.48226089437207353,9,0.5272834227415999
oviedo_C1127_1415,oulad_DDD_2014J,0.19280758484287192,0.3772932386943936,12,0.4964419887190113
oviedo_C1127_1415,oulad_EEE_2013J,0.05317813329507137,0.7282087997191298,13,0.5997919506420833
oviedo_C1127_1415,oulad_EEE_2014B,0.11766624979609586,0.6418634694527868,9,0.5543472350606274
oviedo_C1127_1415,oulad_EEE_2014J,0.05631789594053738,0.6843804382911576,13,0.5970554602630074
oviedo_C1127_1415,oulad_FFF_2013B,0.1475649388604428,0.9488232416932467,9,0.6010698169988344
oviedo_C1127_1415,oulad_FFF_2013J,0.1524434086232117,0.8217707910903936,13,0.5799256900588317
oviedo_C1127_1415,oulad_FFF_2014B,0.19607547169811318,0.7680167077553166,9,0.5501114106019768
oviedo_C1127_1415,oulad_FFF_2014J,0.15977103195181297,0.7896310680670737,13,0.5646199346945288
oviedo_C1127_1415,ku_Accountancy_1819,0.07005218787635492,0.063051745747089,13,0.4475361300682458
oviedo_C1127_1415,ku_Globaleconom_1819,0.06949135325935141,0.2568263331719277,11,0.4336829274486401
oviedo_C1127_1415,ku_Accountancy_1920,0.0501940318479861,0.1354734081474172,13,0.5263214237923192
oviedo_C1127_1415,ku_Globaleconom_1920,0.12269692184080017,0.3756636139608854,11,0.5256262591479948
oviedo_C1127_1415,ku_Accountancy_2021,0.06916934157989507,0.7216339889719625,13,0.5992924062289129
oviedo_C1127_1415,ku_Globaleconom_2021,0.11864263587721768,0.4086638740638107,11,0.5074063644043931
oviedo_C1127_1415,ukzn_ISTN101_2019,0.19368210405946262,0.1549019599857432,7,0.2825262394837867
oviedo_C1127_1415,ukzn_ISTN101_2020,0.3178222788131343,0.2295355782826474,9,0.3395702765421483
oviedo_C1127_1415,ukzn_ISTN101_2021,0.28290428538690704,0.6566456896137377,2,0.43652491169869523
oviedo_C1127_1415,ukzn_ISTN102_2018,0.10333308861317092,0.37712016473446414,7,0.47481829527934805
oviedo_C1127_1415,ukzn_ISTN103_2019,0.09838274932614555,0.37712016473446414,7,0.4822230779104094
oviedo_C1127_1415,ukzn_ISTN103_2020,0.2616398702612214,0.35461282373661285,12,0.5076278828763744
oviedo_C1127_1415,ukzn_ISTN211_2019,0.300067385444744,0.12831847725968057,11,0.2574990373507894
oviedo_C1127_1415,ukzn_ISTN211_2021,0.315936760717789,0.028028723600243534,7,0.3739747933100884
oviedo_C1127_1415,ukzn_ISTN212_2018,0.18305057872205488,0.27106677228653797,8,0.3610727309791842
oviedo_C1127_1415,ukzn_ISTN212_2019,0.20883361921097776,0.22314321996935516,7,0.36318712733807074
oviedo_C1127_1415,ukzn_ISTN2IP_2018,0.11539927577663434,0.2857900291072443,6,0.46309455743418004
oviedo_C1127_1415,ukzn_ISTN2IP_2019,0.1265452179570592,0.003895043883524138,7,0.2191188772190724
oviedo_C1127_1415,ukzn_ISTN3ND_2018,0.02790880503144655,0.37712016473446414,8,0.4403638814016172
oviedo_C1127_1415,ukzn_ISTN3ND_2019,0.17061511126152806,0.12975892462298783,7,0.4562085262229098
oviedo_C1127_1415,ukzn_ISTN3SA_2018,0.15515857085507834,0.061371687629067355,10,0.17349123511307374
oviedo_C1127_1415,ukzn_ISTN3SA_2019,0.23971940009675863,0.13262556527459096,9,0.23646416476605156
oviedo_C1127_1415,zambia_ICT1110_2020,0.385921625544267,0.05358282807263168,17,0.248144308521667
oviedo_C1127_1415,zambia_ICT1110_2021,0.24746008708272854,0.09691001300805639,10,0.25305826249222474
oviedo_C1127_1415,oviedo_C1112_1415,0.17478903953730918,0.019834244984971928,2,0.13445935878855192
oviedo_C1127_1415,oviedo_C1200_1415,0.23020631281960852,0.28322043724542373,17,0.40868327581429326
oviedo_C1127_1415,oviedo_C1303_1415,0.2570754716981132,0.2933431669976902,2,0.34390643049672703
oviedo_C1127_1415,oviedo_C174_1415,0.10082547169811318,0.42426894739438675,16,0.3769654088050315
oviedo_C1127_1415,oviedo_C190_1415,0.17671832884097033,0.149439064284241,18,0.27543800539083557
oviedo_C1127_1415,oviedo_C1978_1415,0.08743672342383801,0.24303804868629444,16,0.42802905791861157
oviedo_C1127_1415,oviedo_C2011_1415,0.15125786163522015,0.27470105694163205,16,0.4279200359389038
oviedo_C1127_1415,oviedo_C2024_1415,0.2089031215740581,0.10473535052001298,0,0.2982599305950527
oviedo_C1127_1415,oviedo_C2150_1415,0.018867924528301883,0.30585018367866906,15,0.38544474393531
oviedo_C1127_1415,oviedo_C2271_1415,0.0465050018994555,0.24303804868629444,3,0.34840988440456594
oviedo_C1127_1415,oviedo_C2335_1415,0.3096455651560571,1.5720967679505191,18,0.8051364082928181
oviedo_C1127_1415,oviedo_C2406_1415,0.25613562207405305,0.2226235838663174,15,0.2860081470522668
oviedo_C1127_1415,oviedo_C2468_1415,0.13207547169811318,0.17706174992188878,4,0.3014265991716521
oviedo_C1127_1415,oviedo_C2607_1415,0.36853756556092904,1.7481880270062005,10,0.814502710013915
oviedo_C1127_1415,oviedo_C3022_1415,0.08221024258760112,1.4471580313422192,7,0.7539242111939116
oviedo_C1127_1415,oviedo_C3029_1415,0.038920199297557856,0.21670910996394527,19,0.6090710726829325
oviedo_C1127_1415,oviedo_C4189_1415,0.10082547169811318,2.0492180226701815,17,0.8960790094339622
oviedo_C1127_1415,oviedo_C4213_1415,0.05350404312668455,0.40486424806090837,15,0.438929534077782
oviedo_C1127_1415,oviedo_C836_1415,0.13782259813489478,0.2933431669976902,17,0.3769712178950956
oviedo_C1200_1415,oulad_AAA_2013J,0.3239794050901637,0.4641358732948243,4,0.4626115935259197
oviedo_C1200_1415,oulad_AAA_2014J,0.2912815260530022,0.42571616205178464,4,0.47433472941090404
oviedo_C1200_1415,oulad_BBB_2013B,0.052573399129418386,0.0602584933440604,8,0.3990697273784401
oviedo_C1200_1415,oulad_BBB_2013J,0.07734407312864777,0.14491773907914227,4,0.4433871894757008
oviedo_C1200_1415,oulad_BBB_2014B,0.048843798344061995,0.2355284469075489,9,0.47175444506707437
oviedo_C1200_1415,oulad_BBB_2014J,0.10074864216861573,0.026013432364917995,5,0.4165583197608446
oviedo_C1200_1415,oulad_CCC_2014B,0.059410481192554265,0.14756848304154532,8,0.4281700669763541
oviedo_C1200_1415,oulad_CCC_2014J,0.00445590116953376,0.21410420356252566,4,0.4473886185049509
oviedo_C1200_1415,oulad_DDD_2013B,0.010464707612196145,0.32461739294149855,8,0.4368280244726404
oviedo_C1200_1415,oulad_DDD_2013J,0.025891419036872032,0.22326043480329605,5,0.3817239635647668
oviedo_C1200_1415,oulad_DDD_2014B,0.011804012298700095,0.1990404571266498,8,0.4392001496022927
oviedo_C1200_1415,oulad_DDD_2014J,0.0373987279767366,0.09407280144896991,5,0.382454105936775
oviedo_C1200_1415,oulad_EEE_2013J,0.17702817952453714,0.44498836247370605,4,0.4800837111078395
oviedo_C1200_1415,oulad_EEE_2014B,0.11254006302351266,0.35864303220736315,8,0.4760025855800048
oviedo_C1200_1415,oulad_EEE_2014J,0.17388841687907114,0.40116000104573385,4,0.48788283367722624
oviedo_C1200_1415,oulad_FFF_2013B,0.08264137395916571,0.665602804447823,8,0.5065721664408389
oviedo_C1200_1415,oulad_FFF_2013J,0.07776290419639681,0.53855035384497,4,0.4618054032621682
oviedo_C1200_1415,oulad_FFF_2014B,0.03413084112149534,0.4847962705098928,8,0.4624423676012461
oviedo_C1200_1415,oulad_FFF_2014J,0.07043528086779555,0.5064106308216499,4,0.4570875332014216
oviedo_C1200_1415,ku_Accountancy_1819,0.30025850069596344,0.2201686914983347,30,0.4757566826690907
oviedo_C1200_1415,ku_Globaleconom_1819,0.1607149595602571,0.5400467704173515,28,0.5689146767246414
oviedo_C1200_1415,ku_Accountancy_1920,0.2804003446675946,0.1477470290980065,30,0.5082066869300912
oviedo_C1200_1415,ku_Globaleconom_1920,0.3529032346604087,0.09244317671546164,28,0.526462106107213
oviedo_C1200_1415,ku_Accountancy_2021,0.2993756543995036,0.4384135517265389,30,0.6541557484668354
oviedo_C1200_1415,ku_Globaleconom_2021,0.11156367694239083,0.12544343681838702,28,0.5312157503537055
oviedo_C1200_1415,ukzn_ISTN101_2019,0.42388841687907114,0.12831847725968054,10,0.34785016385483675
oviedo_C1200_1415,ukzn_ISTN101_2020,0.5480285916327428,0.053684858962776354,8,0.45581429636243004
oviedo_C1200_1415,ukzn_ISTN101_2021,0.5131105982065156,0.3734252523683139,19,0.4836570217780252
oviedo_C1200_1415,ukzn_ISTN102_2018,0.33353940143277944,0.6603406019798879,24,0.58950195591528
oviedo_C1200_1415,ukzn_ISTN103_2019,0.32858906214575406,0.6603406019798879,24,0.5906695600123315
oviedo_C1200_1415,ukzn_ISTN103_2020,0.4918461830808299,0.6378332609820366,29,0.5724650735793134
oviedo_C1200_1415,ukzn_ISTN211_2019,0.5302736982643526,0.1549019599857432,6,0.3090406255960328
oviedo_C1200_1415,ukzn_ISTN211_2021,0.5461430735373975,0.3112491608456672,24,0.46873507183890456
oviedo_C1200_1415,ukzn_ISTN212_2018,0.4132568915416634,0.5542872095319618,25,0.4881186119307537
oviedo_C1200_1415,ukzn_ISTN212_2019,0.4390399320305863,0.5063636572147789,24,0.49344074928187076
oviedo_C1200_1415,ukzn_ISTN2IP_2018,0.34560558859624285,0.569010466352668,23,0.5987646828768325
oviedo_C1200_1415,ukzn_ISTN2IP_2019,0.3567515307766677,0.2871154811289479,10,0.4475622669306202
oviedo_C1200_1415,ukzn_ISTN3ND_2018,0.20229750778816197,0.6603406019798879,25,0.5293261385551106
oviedo_C1200_1415,ukzn_ISTN3ND_2019,0.4008214240811366,0.15346151262243587,24,0.5592209642752369
oviedo_C1200_1415,ukzn_ISTN3SA_2018,0.38536488367468685,0.2218487496163564,7,0.3702620041852494
oviedo_C1200_1415,ukzn_ISTN3SA_2019,0.46992571291636714,0.1505948719708328,8,0.29241039334497276
oviedo_C1200_1415,zambia_ICT1110_2020,0.1557153127246585,0.33680326531805543,0,0.32897196261682243
oviedo_C1200_1415,zambia_ICT1110_2021,0.017253774263120025,0.18631042423736732,7,0.3284892677416042
oviedo_C1200_1415,oviedo_C1112_1415,0.05541727328229934,0.3030546822303957,19,0.44612246814848605
oviedo_C1200_1415,oviedo_C1127_1415,0.23020631281960852,0.28322043724542373,17,0.40868327581429326
oviedo_C1200_1415,oviedo_C1303_1415,0.026869158878504662,0.5765636042431139,19,0.5144835971771886
oviedo_C1200_1415,oviedo_C174_1415,0.12938084112149534,0.14104851014896305,1,0.24376947040498442
oviedo_C1200_1415,oviedo_C190_1415,0.05348798397863819,0.13378137296118267,1,0.27043200457753197
oviedo_C1200_1415,oviedo_C1978_1415,0.31764303624344653,0.5262584859317182,1,0.5607802272949298
oviedo_C1200_1415,oviedo_C2011_1415,0.38146417445482866,0.5579214941870557,1,0.5417111704494882
oviedo_C1200_1415,oviedo_C2024_1415,0.4391094343936666,0.3879557877654367,17,0.517725979185295
oviedo_C1200_1415,oviedo_C2150_1415,0.21133838829130663,0.022629746433245366,2,0.24980477114139604
oviedo_C1200_1415,oviedo_C2271_1415,0.18370131092015302,0.5262584859317182,20,0.502244603542979
oviedo_C1200_1415,oviedo_C2335_1415,0.07943925233644861,1.855317205195943,1,0.8067423230974633
oviedo_C1200_1415,oviedo_C2406_1415,0.025929309254444532,0.060596853379106336,2,0.288434704919843
oviedo_C1200_1415,oviedo_C2468_1415,0.09813084112149534,0.4602821871673125,21,0.47775896317040617
oviedo_C1200_1415,oviedo_C2607_1415,0.13833125274132052,2.031408464251624,7,0.8168870166238499
oviedo_C1200_1415,oviedo_C3022_1415,0.31241655540720964,1.7303784685876429,10,0.7497728063187891
oviedo_C1200_1415,oviedo_C3029_1415,0.26912651211716637,0.499929547209369,2,0.6946635918598536
oviedo_C1200_1415,oviedo_C4189_1415,0.12938084112149534,2.3324384599156054,0,0.9042890520694259
oviedo_C1200_1415,oviedo_C4213_1415,0.17670226969292396,0.12164381081548466,2,0.28736410452031275
oviedo_C1200_1415,oviedo_C836_1415,0.09238371468471374,0.5765636042431139,0,0.5342142013105596
oviedo_C1303_1415,oulad_AAA_2013J,0.35084856396866837,1.0406994775379383,15,0.7002884051793041
oviedo_C1303_1415,oulad_AAA_2014J,0.3181506849315069,1.0022797662948986,15,0.6861685770198491
oviedo_C1303_1415,oulad_BBB_2013B,0.07944255800792305,0.6368220975871743,11,0.5320407874525023
oviedo_C1303_1415,oulad_BBB_2013J,0.10421323200715243,0.43164586516397163,15,0.4899932033609152
oviedo_C1303_1415,oulad_BBB_2014B,0.07571295722256666,0.341035157335565,10,0.44424051393651076
oviedo_C1303_1415,oulad_BBB_2014J,0.1276178010471204,0.5505501718781959,14,0.4742382555116288
oviedo_C1303_1415,oulad_CCC_2014B,0.0325413223140496,0.7241320872846593,11,0.5555321302074548
oviedo_C1303_1415,oulad_CCC_2014J,0.03132506004803842,0.7906678078056396,15,0.5920634466757079
oviedo_C1303_1415,oulad_DDD_2013B,0.016404451266308517,0.9011809971846125,11,0.6034484783936598
oviedo_C1303_1415,oulad_DDD_2013J,0.052760577915376694,0.79982403904641,14,0.5703821002085044
oviedo_C1303_1415,oulad_DDD_2014B,0.015065146579804567,0.7756040613697638,11,0.602294256464801
oviedo_C1303_1415,oulad_DDD_2014J,0.06426788685524126,0.6706364056920838,14,0.587667804226516
oviedo_C1303_1415,oulad_EEE_2013J,0.2038973384030418,1.02155196671682,15,0.6642692248001862
oviedo_C1303_1415,oulad_EEE_2014B,0.13940922190201732,0.9352066364504771,11,0.632098012115509
oviedo_C1303_1415,oulad_EEE_2014J,0.2007575757575758,0.9777236052888478,15,0.6702913488627774
oviedo_C1303_1415,oulad_FFF_2013B,0.10951053283767037,1.242166408690937,11,0.648295842500569
oviedo_C1303_1415,oulad_FFF_2013J,0.10463206307490147,1.115113958088084,15,0.6384612977911269
oviedo_C1303_1415,oulad_FFF_2014B,0.061,1.0613598747530069,11,0.6106870748299319
oviedo_C1303_1415,oulad_FFF_2014J,0.09730443974630021,1.082974235064764,15,0.6217305949864089
oviedo_C1303_1415,ku_Accountancy_1819,0.3271276595744681,0.35639491274477925,11,0.35130807642205814
oviedo_C1303_1415,ku_Globaleconom_1819,0.18758411843876177,0.03651683382576249,9,0.21023429560249401
oviedo_C1303_1415,ku_Accountancy_1920,0.3072695035460993,0.4288165751451074,11,0.4222771023302938
oviedo_C1303_1415,ku_Globaleconom_1920,0.37977239353891334,0.6690067809585756,9,0.4181163654889268
oviedo_C1303_1415,ku_Accountancy_2021,0.32624481327800825,1.0149771559696528,11,0.5599595647387586
oviedo_C1303_1415,ku_Globaleconom_2021,0.1384328358208955,0.7020070410615009,9,0.44979439537008836
oviedo_C1303_1415,ukzn_ISTN101_2019,0.4507575757575758,0.4482451269834334,9,0.40246212121212127
oviedo_C1303_1415,ukzn_ISTN101_2020,0.5748977505112475,0.5228787452803376,11,0.4818507157464212
oviedo_C1303_1415,ukzn_ISTN101_2021,0.5399797570850202,0.9499888566114278,0,0.5797271337684873
oviedo_C1303_1415,ukzn_ISTN102_2018,0.3604085603112841,0.08377699773677397,5,0.18374295243389183
oviedo_C1303_1415,ukzn_ISTN103_2019,0.3554582210242587,0.08377699773677397,5,0.198538377615197
oviedo_C1303_1415,ukzn_ISTN103_2020,0.5187153419593346,0.06126965673892271,10,0.28190425893092913
oviedo_C1303_1415,ukzn_ISTN211_2019,0.5571428571428572,0.4216616442573708,13,0.4446428571428571
oviedo_C1303_1415,ukzn_ISTN211_2021,0.5730122324159022,0.2653144433974467,5,0.22438837920489293
oviedo_C1303_1415,ukzn_ISTN212_2018,0.44012605042016806,0.022276394711152253,6,0.1889255702280912
oviedo_C1303_1415,ukzn_ISTN212_2019,0.46590909090909094,0.07019994702833503,5,0.17169140383426096
oviedo_C1303_1415,ukzn_ISTN2IP_2018,0.3724747474747475,0.007553137890445899,4,0.27048546691403835
oviedo_C1303_1415,ukzn_ISTN2IP_2019,0.3836206896551724,0.28944812311416607,9,0.4270760028149191
oviedo_C1303_1415,ukzn_ISTN3ND_2018,0.22916666666666663,0.08377699773677397,6,0.2233560090702948
oviedo_C1303_1415,ukzn_ISTN3ND_2019,0.42769058295964124,0.4231020916206781,5,0.4300757298435069
oviedo_C1303_1415,ukzn_ISTN3SA_2018,0.4122340425531915,0.35471485462675756,12,0.397760167896946
oviedo_C1303_1415,ukzn_ISTN3SA_2019,0.4967948717948718,0.42596873227228116,11,0.42900968079539503
oviedo_C1303_1415,zambia_ICT1110_2020,0.12884615384615383,0.2397603389250585,19,0.3577315541601256
oviedo_C1303_1415,zambia_ICT1110_2021,0.009615384615384637,0.39025318000574666,12,0.42445054945054944
oviedo_C1303_1415,oviedo_C1112_1415,0.082286432160804,0.27350892201271826,0,0.33852297200287146
oviedo_C1303_1415,oviedo_C1127_1415,0.2570754716981132,0.29334316699769025,2,0.34390643049672703
oviedo_C1303_1415,oviedo_C1200_1415,0.026869158878504662,0.5765636042431139,19,0.5144835971771886
oviedo_C1303_1415,oviedo_C174_1415,0.15625,0.717612114392077,18,0.4602465986394558
oviedo_C1303_1415,oviedo_C190_1415,0.08035714285714285,0.4427822312819312,20,0.39668367346938777
oviedo_C1303_1415,oviedo_C1978_1415,0.3445121951219512,0.05030511831139577,18,0.4633524141363862
oviedo_C1303_1415,oviedo_C2011_1415,0.4083333333333333,0.018642110056058148,18,0.4343537414965986
oviedo_C1303_1415,oviedo_C2024_1415,0.4659785932721713,0.18860781647767724,2,0.2100808213193534
oviedo_C1303_1415,oviedo_C2150_1415,0.2382075471698113,0.5991933506763593,17,0.5346072391220639
oviedo_C1303_1415,oviedo_C2271_1415,0.21057046979865768,0.05030511831139577,1,0.1712265443089988
oviedo_C1303_1415,oviedo_C2335_1415,0.052570093457943945,1.2787536009528289,20,0.6845436772839977
oviedo_C1303_1415,oviedo_C2406_1415,0.0009398496240601295,0.5159667508640076,17,0.3993018259935553
oviedo_C1303_1415,oviedo_C2468_1415,0.125,0.11628141707580145,2,0.13190642110502737
oviedo_C1303_1415,oviedo_C2607_1415,0.11146209386281586,1.4548448600085102,12,0.7056564503057541
oviedo_C1303_1415,oviedo_C3022_1415,0.3392857142857143,1.153814864344529,9,0.6541116446578632
oviedo_C1303_1415,oviedo_C3029_1415,0.29599567099567103,0.07663405703374492,21,0.47715677179962895
oviedo_C1303_1415,oviedo_C4189_1415,0.15625,1.7558748556724915,19,0.8649553571428571
oviedo_C1303_1415,oviedo_C4213_1415,0.20357142857142863,0.6982074150585986,17,0.550765306122449
oviedo_C1303_1415,oviedo_C836_1415,0.1192528735632184,0.0,19,0.3485954726718274
oviedo_C174_1415,oulad_AAA_2013J,0.19459856396866837,0.32308736314586134,3,0.4200974449832152
oviedo_C174_1415,oulad_AAA_2014J,0.1619006849315069,0.28466765190282156,3,0.4034246575342465
oviedo_C174_1415,oulad_BBB_2013B,0.07680744199207695,0.08079001680490264,7,0.33705230818982945
oviedo_C174_1415,oulad_BBB_2013J,0.052036767992847566,0.2859662492281053,3,0.3371184302956766
oviedo_C174_1415,oulad_BBB_2014B,0.08053704277743334,0.37657695705651195,8,0.3539932246922327
oviedo_C174_1415,oulad_BBB_2014J,0.028632198952879606,0.16706194251388104,4,0.33000654450261785
oviedo_C174_1415,oulad_CCC_2014B,0.1887913223140496,0.006519972892582273,7,0.340650826446281
oviedo_C174_1415,oulad_CCC_2014J,0.12492493995196158,0.07305569341356263,3,0.34202481032445003
oviedo_C174_1415,oulad_DDD_2013B,0.13984554873369148,0.18356888279253553,7,0.3594223952052041
oviedo_C174_1415,oulad_DDD_2013J,0.1034894220846233,0.08221192465433304,4,0.3308777458351762
oviedo_C174_1415,oulad_DDD_2014B,0.14118485342019543,0.057991946977686754,7,0.3661489840235768
oviedo_C174_1415,oulad_DDD_2014J,0.09198211314475874,0.046975708699993124,4,0.32748989778939863
oviedo_C174_1415,oulad_EEE_2013J,0.047647338403041806,0.303939852324743,3,0.4075740086909288
oviedo_C174_1415,oulad_EEE_2014B,0.016840778097982678,0.2175945220584001,7,0.4007564841498558
oviedo_C174_1415,oulad_EEE_2014J,0.0445075757575758,0.2601114908967708,3,0.40754268879268885
oviedo_C174_1415,oulad_FFF_2013B,0.04673946716232963,0.52455429429886,7,0.434424234377766
oviedo_C174_1415,oulad_FFF_2013J,0.05161793692509853,0.39750184369600694,3,0.3899982792065577
oviedo_C174_1415,oulad_FFF_2014B,0.09525,0.3437477603609298,7,0.3845595238095238
oviedo_C174_1415,oulad_FFF_2014J,0.05894556025369979,0.3653621206726869,3,0.3806585371992348
oviedo_C174_1415,ku_Accountancy_1819,0.1708776595744681,0.36121720164729776,29,0.45611702127659576
oviedo_C174_1415,ku_Globaleconom_1819,0.03133411843876177,0.6810952805663145,27,0.48394339229635325
oviedo_C174_1415,ku_Accountancy_1920,0.15101950354609928,0.28879553924696955,29,0.4686043566362716
oviedo_C174_1415,ku_Globaleconom_1920,0.22352239353891334,0.048605333433501395,27,0.45325938745542266
oviedo_C174_1415,ku_Accountancy_2021,0.16999481327800825,0.2973650415775758,29,0.5578936968978463
oviedo_C174_1415,ku_Globaleconom_2021,0.017817164179104505,0.015605073330576057,27,0.4669953802416488
oviedo_C174_1415,ukzn_ISTN101_2019,0.2945075757575758,0.26936698740864357,9,0.38054653679653677
oviedo_C174_1415,ukzn_ISTN101_2020,0.4186477505112475,0.19473336911173944,7,0.3525598889862694
oviedo_C174_1415,ukzn_ISTN101_2021,0.3837297570850202,0.23237674221935092,18,0.39450790437632544
oviedo_C174_1415,ukzn_ISTN102_2018,0.2041585603112841,0.8013891121288509,23,0.4786571243283305
oviedo_C174_1415,ukzn_ISTN103_2019,0.19920822102425872,0.8013891121288509,23,0.49304084841483764
oviedo_C174_1415,ukzn_ISTN103_2020,0.36246534195933455,0.7788817711309997,28,0.4437577017868145
oviedo_C174_1415,ukzn_ISTN211_2019,0.40089285714285716,0.2959504701347062,5,0.3363945578231292
oviedo_C174_1415,ukzn_ISTN211_2021,0.41676223241590216,0.4522976709946303,23,0.38859764089121895
oviedo_C174_1415,ukzn_ISTN212_2018,0.28387605042016806,0.6953357196809247,24,0.4251200480192077
oviedo_C174_1415,ukzn_ISTN212_2019,0.30965909090909094,0.647412167363742,23,0.433982683982684
oviedo_C174_1415,ukzn_ISTN2IP_2018,0.21622474747474751,0.7100589765016311,22,0.45689033189033196
oviedo_C174_1415,ukzn_ISTN2IP_2019,0.22737068965517238,0.42816399127791094,9,0.4142036124794745
oviedo_C174_1415,ukzn_ISTN3ND_2018,0.07291666666666663,0.8013891121288509,24,0.441468253968254
oviedo_C174_1415,ukzn_ISTN3ND_2019,0.27144058295964124,0.2945100227713989,23,0.5194987187700192
oviedo_C174_1415,ukzn_ISTN3SA_2018,0.2559840425531915,0.36289725976531945,6,0.37943262411347517
oviedo_C174_1415,ukzn_ISTN3SA_2019,0.3405448717948718,0.2916433821197958,7,0.33115842490842484
oviedo_C174_1415,zambia_ICT1110_2020,0.28509615384615383,0.47785177546701846,1,0.327930402930403
oviedo_C174_1415,zambia_ICT1110_2021,0.14663461538461536,0.32735893438633035,6,0.3461538461538462
oviedo_C174_1415,oviedo_C1112_1415,0.073963567839196,0.4441031923793587,18,0.3958856783919598
oviedo_C174_1415,oviedo_C1127_1415,0.10082547169811318,0.42426894739438675,16,0.3769654088050315
oviedo_C174_1415,oviedo_C1200_1415,0.12938084112149534,0.14104851014896305,1,0.24376947040498442
oviedo_C174_1415,oviedo_C1303_1415,0.15625,0.717612114392077,18,0.4602465986394558
oviedo_C174_1415,oviedo_C190_1415,0.07589285714285715,0.2748298831101458,2,0.33035714285714285
oviedo_C174_1415,oviedo_C1978_1415,0.1882621951219512,0.6673069960806812,0,0.4385162601626016
oviedo_C174_1415,oviedo_C2011_1415,0.2520833333333333,0.6989700043360189,0,0.4092261904761905
oviedo_C174_1415,oviedo_C2024_1415,0.3097285932721713,0.5290042979143997,16,0.4756034294451726
oviedo_C174_1415,oviedo_C2150_1415,0.0819575471698113,0.1184187637157177,1,0.3230570530098832
oviedo_C174_1415,oviedo_C2271_1415,0.05432046979865768,0.6673069960806812,19,0.4411852828379674
oviedo_C174_1415,oviedo_C2335_1415,0.20882009345794394,1.996365715344906,2,0.6614096573208723
oviedo_C174_1415,oviedo_C2406_1415,0.15531015037593987,0.2016453635280694,1,0.30181480486931617
oviedo_C174_1415,oviedo_C2468_1415,0.03125,0.6013306973162755,20,0.4311120789779327
oviedo_C174_1415,oviedo_C2607_1415,0.26771209386281586,2.1724569744005873,6,0.6702982637098162
oviedo_C174_1415,oviedo_C3022_1415,0.1830357142857143,1.871426978736606,9,0.5996148459383753
oviedo_C174_1415,oviedo_C3029_1415,0.13974567099567103,0.640978057358332,3,0.5292594310451454
oviedo_C174_1415,oviedo_C4189_1415,0.0,2.4734869700645685,1,0.839657738095238
oviedo_C174_1415,oviedo_C4213_1415,0.047321428571428625,0.019404699333478347,1,0.32206632653061223
oviedo_C174_1415,oviedo_C836_1415,0.0369971264367816,0.717612114392077,1,0.39301108374384236
oviedo_C190_1415,oulad_AAA_2013J,0.2704914211115255,0.5979172462560071,5,0.510264027281931
oviedo_C190_1415,oulad_AAA_2014J,0.23779354207436404,0.5594975350129674,5,0.49770408163265306
oviedo_C190_1415,oulad_BBB_2013B,0.0009145848492198017,0.19403986630524309,9,0.4262730559116686
oviedo_C190_1415,oulad_BBB_2013J,0.023856089150009585,0.01113636611795956,5,0.42441932070101174
oviedo_C190_1415,oulad_BBB_2014B,0.004644185634576192,0.10174707394636621,10,0.43206188240950444
oviedo_C190_1415,oulad_BBB_2014J,0.047260658189977545,0.10776794059626475,6,0.4172009117783239
oviedo_C190_1415,oulad_CCC_2014B,0.11289846517119245,0.281349856002728,9,0.4429709900489121
oviedo_C190_1415,oulad_CCC_2014J,0.04903208280910443,0.3478855765237084,5,0.4614099442819562
oviedo_C190_1415,oulad_DDD_2013B,0.06395269159083433,0.4583987659026813,9,0.4870912102369727
oviedo_C190_1415,oulad_DDD_2013J,0.027596564941766155,0.3570418077644788,6,0.4198416208588699
oviedo_C190_1415,oulad_DDD_2014B,0.06529199627733828,0.3328218300878325,9,0.4568071528285581
oviedo_C190_1415,oulad_DDD_2014J,0.016089256001901586,0.2278541744101526,6,0.4182930659784713
oviedo_C190_1415,oulad_EEE_2013J,0.12354019554589896,0.5787697354348887,5,0.4994471172499418
oviedo_C190_1415,oulad_EEE_2014B,0.05905207904487447,0.49242440516854585,9,0.4866494148091513
oviedo_C190_1415,oulad_EEE_2014J,0.12040043290043295,0.5349413740069165,5,0.5010178313749742
oviedo_C190_1415,oulad_FFF_2013B,0.029153389980527522,0.7993841774090057,9,0.5352021849632046
oviedo_C190_1415,oulad_FFF_2013J,0.024274920217758622,0.6723317268061526,5,0.4860850384831988
oviedo_C190_1415,oulad_FFF_2014B,0.01935714285714285,0.6185776434710756,9,0.48040816326530605
oviedo_C190_1415,oulad_FFF_2014J,0.01694729688915736,0.6401920037828327,5,0.4806187168313415
oviedo_C190_1415,ku_Accountancy_1819,0.24677051671732525,0.086387318537152,31,0.4828484585323491
oviedo_C190_1415,ku_Globaleconom_1819,0.10722697558161892,0.40626539745616874,29,0.4338176724256324
oviedo_C190_1415,ku_Accountancy_1920,0.22691236068895643,0.013965656136823865,31,0.5169091040671588
oviedo_C190_1415,ku_Globaleconom_1920,0.2994152506817705,0.22622454967664435,29,0.5396007521951511
oviedo_C190_1415,ku_Accountancy_2021,0.2458876704208654,0.5721949246877216,31,0.63134932396195
oviedo_C190_1415,ku_Globaleconom_2021,0.058075692963752645,0.2592248097795697,29,0.5369821809320744
oviedo_C190_1415,ukzn_ISTN101_2019,0.37040043290043295,0.005462895701502138,11,0.2522031539888682
oviedo_C190_1415,ukzn_ISTN101_2020,0.4945406076541046,0.08009651399840632,9,0.398306101581737
oviedo_C190_1415,ukzn_ISTN101_2021,0.45962261422787737,0.5072066253294967,20,0.5106447437274505
oviedo_C190_1415,ukzn_ISTN102_2018,0.28005141745414125,0.5265592290187052,25,0.48559219407607396
oviedo_C190_1415,ukzn_ISTN103_2019,0.2751010781671159,0.5265592290187052,25,0.484541458092671
oviedo_C190_1415,ukzn_ISTN103_2020,0.4383581991021917,0.5040518880208539,30,0.49461032102304875
oviedo_C190_1415,ukzn_ISTN211_2019,0.4767857142857143,0.021120587024560458,7,0.24413265306122447
oviedo_C190_1415,ukzn_ISTN211_2021,0.4926550895587593,0.17746778788448456,25,0.38094067902390316
oviedo_C190_1415,ukzn_ISTN212_2018,0.3597689075630252,0.420505836570779,26,0.4226440576230492
oviedo_C190_1415,ukzn_ISTN212_2019,0.3855519480519481,0.37258228425359624,25,0.3949056895485467
oviedo_C190_1415,ukzn_ISTN2IP_2018,0.29211760461760466,0.4352290933914853,24,0.5187590187590188
oviedo_C190_1415,ukzn_ISTN2IP_2019,0.3032635467980295,0.15333410816776516,11,0.31944933145672066
oviedo_C190_1415,ukzn_ISTN3ND_2018,0.14880952380952378,0.5265592290187052,26,0.48157596371882094
oviedo_C190_1415,ukzn_ISTN3ND_2019,0.3473334401024984,0.019680139661253194,25,0.5026024983984625
oviedo_C190_1415,ukzn_ISTN3SA_2018,0.33187689969604867,0.08806737665517364,8,0.2564680127370097
oviedo_C190_1415,ukzn_ISTN3SA_2019,0.41643772893772896,0.016813499009650082,9,0.2153584510727368
oviedo_C190_1415,zambia_ICT1110_2020,0.20920329670329668,0.20302189235687274,1,0.22386185243328102
oviedo_C190_1415,zambia_ICT1110_2021,0.07074175824175821,0.05252905127618459,8,0.2198783359497645
oviedo_C190_1415,oviedo_C1112_1415,0.0019292893036611525,0.16927330926921297,20,0.32030048200184597
oviedo_C190_1415,oviedo_C1127_1415,0.17671832884097033,0.14943906428424103,18,0.27543800539083557
oviedo_C190_1415,oviedo_C1200_1415,0.05348798397863819,0.1337813729611827,1,0.27043200457753197
oviedo_C190_1415,oviedo_C1303_1415,0.08035714285714285,0.4427822312819312,20,0.39668367346938777
oviedo_C190_1415,oviedo_C174_1415,0.07589285714285715,0.2748298831101457,2,0.33035714285714285
oviedo_C190_1415,oviedo_C1978_1415,0.26415505226480834,0.39247711297053545,2,0.4500373320059731
oviedo_C190_1415,oviedo_C2011_1415,0.3279761904761905,0.424140121225873,2,0.4529761904761905
oviedo_C190_1415,oviedo_C2024_1415,0.38562145041502843,0.254174414804254,18,0.364039193659115
oviedo_C190_1415,oviedo_C2150_1415,0.15785040431266845,0.15641111939442806,3,0.24788217173661922
oviedo_C190_1415,oviedo_C2271_1415,0.13021332694151483,0.39247711297053545,21,0.41232365429393225
oviedo_C190_1415,oviedo_C2335_1415,0.1329272363150868,1.7215358322347603,0,0.7774771123402632
oviedo_C190_1415,oviedo_C2406_1415,0.07941729323308272,0.07318451958207632,3,0.20884801288936625
oviedo_C190_1415,oviedo_C2468_1415,0.04464285714285715,0.3265008142061298,22,0.35804504728720754
oviedo_C190_1415,oviedo_C2607_1415,0.1918192367199587,1.8976270912904414,8,0.7903972961025565
oviedo_C190_1415,oviedo_C3022_1415,0.25892857142857145,1.5965970956264601,11,0.7285414165666267
oviedo_C190_1415,oviedo_C3029_1415,0.21563852813852818,0.36614817424818635,1,0.6329236239950526
oviedo_C190_1415,oviedo_C4189_1415,0.07589285714285715,2.1986570869544226,1,0.8775510204081632
oviedo_C190_1415,oviedo_C4213_1415,0.12321428571428578,0.25542518377666734,3,0.34209183673469384
oviedo_C190_1415,oviedo_C836_1415,0.03889573070607555,0.4427822312819312,1,0.4377199155524279
oviedo_C1978_1415,oulad_AAA_2013J,0.0063363688467171775,0.9903943592265425,3,0.5734277344638422
oviedo_C1978_1415,oulad_AAA_2014J,0.026361510190444304,0.9519746479835028,3,0.5092692472912986
oviedo_C1978_1415,oulad_BBB_2013B,0.26506963711402814,0.5865169792757785,7,0.41106799256205034
oviedo_C1978_1415,oulad_BBB_2013J,0.24029896311479876,0.38134074685257585,3,0.3684688459375813
oviedo_C1978_1415,oulad_BBB_2014B,0.26879923789938454,0.2907300390241692,8,0.35097023098474717
oviedo_C1978_1415,oulad_BBB_2014J,0.2168943940748308,0.5002450535668002,4,0.3665651166608899
oviedo_C1978_1415,oulad_CCC_2014B,0.3770535174360008,0.6738269689732634,7,0.3644462521956979
oviedo_C1978_1415,oulad_CCC_2014J,0.31318713507391277,0.7403626894942439,3,0.37527094846609
oviedo_C1978_1415,oulad_DDD_2013B,0.3281077438556427,0.8508758788732167,7,0.5459025138985081
oviedo_C1978_1415,oulad_DDD_2013J,0.2917516172065745,0.7495189207350142,4,0.4965543341855356
oviedo_C1978_1415,oulad_DDD_2014B,0.3294470485421466,0.725298943058368,7,0.44734363118410153
oviedo_C1978_1415,oulad_DDD_2014J,0.28024430826670993,0.6203312873806881,4,0.439937019408226
oviedo_C1978_1415,oulad_EEE_2013J,0.1406148567189094,0.9712468484054242,3,0.48013738556722885
oviedo_C1978_1415,oulad_EEE_2014B,0.20510297321993387,0.8849015181390814,7,0.45006978682384596
oviedo_C1978_1415,oulad_EEE_2014J,0.1437546193643754,0.927418486977452,3,0.45511150998955874
oviedo_C1978_1415,oulad_FFF_2013B,0.23500166228428082,1.1918612903795411,7,0.5893628917701818
oviedo_C1978_1415,oulad_FFF_2013J,0.23988013204704972,1.0648088397766882,3,0.5187333739303227
oviedo_C1978_1415,oulad_FFF_2014B,0.2835121951219512,1.011054756441611,7,0.5081672473867596
oviedo_C1978_1415,oulad_FFF_2014J,0.24720775537565098,1.0326691167533681,3,0.4983315040036537
oviedo_C1978_1415,ku_Accountancy_1819,0.017384535547483093,0.30608979443338347,29,0.6506551634665284
oviedo_C1978_1415,ku_Globaleconom_1819,0.15692807668318942,0.013788284485633285,27,0.4686962169564014
oviedo_C1978_1415,ku_Accountancy_1920,0.037242691575851916,0.3785114568337116,29,0.6934242716287345
oviedo_C1978_1415,ku_Globaleconom_1920,0.03526019841696215,0.6187016626471799,27,0.6771388151263514
oviedo_C1978_1415,ku_Accountancy_2021,0.018267381843942943,0.964672037658257,29,0.7338988727765168
oviedo_C1978_1415,ku_Globaleconom_2021,0.2060793593010557,0.6517019227501052,27,0.67962192521712
oviedo_C1978_1415,ukzn_ISTN101_2019,0.10624538063562461,0.3979400086720376,9,0.5123666983423081
oviedo_C1978_1415,ukzn_ISTN101_2020,0.23038555538929628,0.4725736269689418,7,0.29119193689745837
oviedo_C1978_1415,ukzn_ISTN101_2021,0.19546756196306903,0.8996837383000321,18,0.5928822995575241
oviedo_C1978_1415,ukzn_ISTN102_2018,0.015896365189332906,0.1340821160481697,23,0.42177564771756665
oviedo_C1978_1415,ukzn_ISTN103_2019,0.010946025902307532,0.1340821160481697,23,0.4479285041213909
oviedo_C1978_1415,ukzn_ISTN103_2020,0.17420314683738336,0.11157477505031849,28,0.41902980027951847
oviedo_C1978_1415,ukzn_ISTN211_2019,0.21263066202090597,0.37135652594597496,5,0.451543056246889
oviedo_C1978_1415,ukzn_ISTN211_2021,0.22850003729395096,0.21500932508605086,23,0.4597997847606261
oviedo_C1978_1415,ukzn_ISTN212_2018,0.09561385529821687,0.028028723600243534,24,0.3468143354902936
oviedo_C1978_1415,ukzn_ISTN212_2019,0.12139689578713975,0.01989482871693927,23,0.3751319818392989
oviedo_C1978_1415,ukzn_ISTN2IP_2018,0.02796255235279632,0.04275198042094988,22,0.267192834266005
oviedo_C1978_1415,ukzn_ISTN2IP_2019,0.03910849453322118,0.23914300480277026,9,0.4225639793343746
oviedo_C1978_1415,ukzn_ISTN3ND_2018,0.11534552845528456,0.1340821160481697,24,0.3869531552458381
oviedo_C1978_1415,ukzn_ISTN3ND_2019,0.08317838783769005,0.37279697330928224,23,0.592818862205278
oviedo_C1978_1415,ukzn_ISTN3SA_2018,0.06772184743124032,0.3044097363153618,6,0.38334321793065956
oviedo_C1978_1415,ukzn_ISTN3SA_2019,0.1522826766729206,0.3756636139608854,7,0.3860493165371214
oviedo_C1978_1415,zambia_ICT1110_2020,0.473358348968105,0.1894552206136627,1,0.27913428035379256
oviedo_C1978_1415,zambia_ICT1110_2021,0.33489681050656656,0.3399480616943509,6,0.4098097024926294
oviedo_C1978_1415,oviedo_C1112_1415,0.2622257629611472,0.2232038037013225,18,0.4010864426662931
oviedo_C1978_1415,oviedo_C1127_1415,0.08743672342383801,0.24303804868629447,16,0.42802905791861157
oviedo_C1978_1415,oviedo_C1200_1415,0.31764303624344653,0.5262584859317182,1,0.5607802272949298
oviedo_C1978_1415,oviedo_C1303_1415,0.3445121951219512,0.050305118311395745,18,0.4633524141363862
oviedo_C1978_1415,oviedo_C174_1415,0.1882621951219512,0.6673069960806812,0,0.4385162601626016
oviedo_C1978_1415,oviedo_C190_1415,0.26415505226480834,0.39247711297053545,2,0.4500373320059731
oviedo_C1978_1415,oviedo_C2011_1415,0.06382113821138213,0.03166300825533759,0,0.10423925667828106
oviedo_C1978_1415,oviedo_C2024_1415,0.12146639815022009,0.13830269816628143,16,0.42970889407452395
oviedo_C1978_1415,oviedo_C2150_1415,0.1063046479521399,0.5488882323649635,1,0.421997238840313
oviedo_C1978_1415,oviedo_C2271_1415,0.13394172532329351,0.0,19,0.39437130229403927
oviedo_C1978_1415,oviedo_C2335_1415,0.39708228857989514,1.3290587192642247,2,0.699680875313426
oviedo_C1978_1415,oviedo_C2406_1415,0.34357234549789106,0.46566163255261184,1,0.3452817584029761
oviedo_C1978_1415,oviedo_C2468_1415,0.2195121951219512,0.06597629876440568,20,0.41289198606271776
oviedo_C1978_1415,oviedo_C2607_1415,0.45597428898476705,1.505149978319906,6,0.711370583277777
oviedo_C1978_1415,oviedo_C3022_1415,0.005226480836236891,1.2041199826559248,9,0.6365180218428836
oviedo_C1978_1415,oviedo_C3029_1415,0.04851652412628016,0.026328938722349152,3,0.40971688010015533
oviedo_C1978_1415,oviedo_C4189_1415,0.1882621951219512,1.806179973983887,1,0.8464721254355402
oviedo_C1978_1415,oviedo_C4213_1415,0.14094076655052257,0.6479022967472028,1,0.5865355898456943
oviedo_C1978_1415,oviedo_C836_1415,0.2252593215587328,0.050305118311395745,1,0.1505466778805719
oviedo_C2011_1415,oulad_AAA_2013J,0.057484769364664956,1.02205736748188,3,0.5707385303991048
oviedo_C2011_1415,oulad_AAA_2014J,0.09018264840182644,0.9836376562388405,3,0.5084964122635356
oviedo_C2011_1415,oulad_BBB_2013B,0.3288907753254103,0.6181799875311161,7,0.3979383943730293
oviedo_C2011_1415,oulad_BBB_2013J,0.3041201013261809,0.41300375510791354,3,0.35147093258403045
oviedo_C2011_1415,oulad_BBB_2014B,0.33262037611076667,0.32239304727950685,8,0.3348227201605999
oviedo_C2011_1415,oulad_BBB_2014J,0.28071553228621293,0.5319080618221378,4,0.3492894540014958
oviedo_C2011_1415,oulad_CCC_2014B,0.44087465564738293,0.7054899772286011,7,0.3519529712711531
oviedo_C2011_1415,oulad_CCC_2014J,0.3770082732852949,0.7720256977495814,3,0.3654685653284533
oviedo_C2011_1415,oulad_DDD_2013B,0.3919288820670248,0.8825388871285543,7,0.54358166136754
oviedo_C2011_1415,oulad_DDD_2013J,0.35557275541795663,0.7811819289903519,4,0.49342105263157904
oviedo_C2011_1415,oulad_DDD_2014B,0.39326818675352876,0.7569619513137056,7,0.4405692570187684
oviedo_C2011_1415,oulad_DDD_2014J,0.34406544647809206,0.6519942956360257,4,0.43306196022502175
oviedo_C2011_1415,oulad_EEE_2013J,0.20443599493029152,1.0029098566607617,3,0.48039109179793593
oviedo_C2011_1415,oulad_EEE_2014B,0.268924111431316,0.9165645263944189,7,0.4466275559215041
oviedo_C2011_1415,oulad_EEE_2014J,0.20757575757575752,0.9590814952327896,3,0.45447330447330453
oviedo_C2011_1415,oulad_FFF_2013B,0.29882280049566295,1.2235242986348789,7,0.587267657992565
oviedo_C2011_1415,oulad_FFF_2013J,0.30370127025843185,1.0964718480320257,3,0.5143733183154996
oviedo_C2011_1415,oulad_FFF_2014B,0.3473333333333333,1.0427177646969485,7,0.5034761904761905
oviedo_C2011_1415,oulad_FFF_2014J,0.3110288935870331,1.0643321250087057,3,0.49613913218564376
oviedo_C2011_1415,ku_Accountancy_1819,0.08120567375886523,0.33775280268872104,29,0.6139690982776089
oviedo_C2011_1415,ku_Globaleconom_1819,0.22074921489457155,0.017874723769704295,27,0.43927930526180864
oviedo_C2011_1415,ku_Accountancy_1920,0.10106382978723405,0.41017446508904926,29,0.6565096251266465
oviedo_C2011_1415,ku_Globaleconom_1920,0.02856093979441998,0.6503646709025174,27,0.6433343822110341
oviedo_C2011_1415,ku_Accountancy_2021,0.08208852005532508,0.9963350459135946,29,0.7048853981426595
oviedo_C2011_1415,ku_Globaleconom_2021,0.26990049751243783,0.6833649310054428,27,0.6471570717839373
oviedo_C2011_1415,ukzn_ISTN101_2019,0.042424242424242475,0.4296030169273752,9,0.49050324675324675
oviedo_C2011_1415,ukzn_ISTN101_2020,0.16656441717791415,0.5042366352242794,7,0.29375547765118315
oviedo_C2011_1415,ukzn_ISTN101_2021,0.1316464237516869,0.9313467465553696,18,0.6100250626566416
oviedo_C2011_1415,ukzn_ISTN102_2018,0.04792477302204923,0.1024191077928321,23,0.36695386325736523
oviedo_C2011_1415,ukzn_ISTN103_2019,0.0528751123090746,0.1024191077928321,23,0.3990854832499037
oviedo_C2011_1415,ukzn_ISTN103_2020,0.11038200862600123,0.07991176679498083,28,0.35682818413872014
oviedo_C2011_1415,ukzn_ISTN211_2019,0.14880952380952384,0.40301953420131265,5,0.45578231292517
oviedo_C2011_1415,ukzn_ISTN211_2021,0.16467889908256883,0.24667233334138852,23,0.4115443425076453
oviedo_C2011_1415,ukzn_ISTN212_2018,0.03179271708683473,0.0036342846550940556,24,0.3340536214485795
oviedo_C2011_1415,ukzn_ISTN212_2019,0.05757575757575761,0.051557836972276866,23,0.34686147186147187
oviedo_C2011_1415,ukzn_ISTN2IP_2018,0.03585858585858581,0.011088972165612327,22,0.2506132756132756
oviedo_C2011_1415,ukzn_ISTN2IP_2019,0.02471264367816095,0.2708060130581079,9,0.4479064039408867
oviedo_C2011_1415,ukzn_ISTN3ND_2018,0.1791666666666667,0.1024191077928321,24,0.32956349206349206
oviedo_C2011_1415,ukzn_ISTN3ND_2019,0.019357249626307915,0.4044599815646199,23,0.5695013879991458
oviedo_C2011_1415,ukzn_ISTN3SA_2018,0.0039007092198581894,0.3360727445706994,6,0.41382978723404257
oviedo_C2011_1415,ukzn_ISTN3SA_2019,0.08846153846153848,0.40732662221622296,7,0.39377289377289376
oviedo_C2011_1415,zambia_ICT1110_2020,0.5371794871794872,0.22111822886900037,1,0.2976190476190476
oviedo_C2011_1415,zambia_ICT1110_2021,0.3987179487179487,0.37161106994968846,6,0.43186813186813183
oviedo_C2011_1415,oviedo_C1112_1415,0.3260469011725293,0.25486681195666006,18,0.39767288825077773
oviedo_C2011_1415,oviedo_C1127_1415,0.15125786163522015,0.27470105694163205,16,0.4279200359389038
oviedo_C2011_1415,oviedo_C1200_1415,0.38146417445482866,0.5579214941870557,1,0.5417111704494882
oviedo_C2011_1415,oviedo_C1303_1415,0.4083333333333333,0.01864211005605813,18,0.4343537414965986
oviedo_C2011_1415,oviedo_C174_1415,0.2520833333333333,0.6989700043360187,0,0.4092261904761905
oviedo_C2011_1415,oviedo_C190_1415,0.3279761904761905,0.424140121225873,2,0.4529761904761905
oviedo_C2011_1415,oviedo_C1978_1415,0.06382113821138213,0.031663008255337605,0,0.10423925667828106
oviedo_C2011_1415,oviedo_C2024_1415,0.057645259938837956,0.16996570642161907,16,0.4043577981651376
oviedo_C2011_1415,oviedo_C2150_1415,0.17012578616352203,0.5805512406203011,1,0.4560197663971249
oviedo_C2011_1415,oviedo_C2271_1415,0.19776286353467565,0.031663008255337605,19,0.35691115372323423
oviedo_C2011_1415,oviedo_C2335_1415,0.46090342679127727,1.2973957110088872,2,0.6384957721406319
oviedo_C2011_1415,oviedo_C2406_1415,0.4073934837092732,0.4973246408079494,1,0.3470551378446115
oviedo_C2011_1415,oviedo_C2468_1415,0.2833333333333333,0.0976393070197433,20,0.39012775842044134
oviedo_C2011_1415,oviedo_C2607_1415,0.5197954271961491,1.4734869700645683,6,0.6566099363933299
oviedo_C2011_1415,oviedo_C3022_1415,0.06904761904761902,1.1724569744005873,9,0.5807723089235696
oviedo_C2011_1415,oviedo_C3029_1415,0.11233766233766229,0.057991946977686754,3,0.3796536796536797
oviedo_C2011_1415,oviedo_C4189_1415,0.2520833333333333,1.7745169657285496,1,0.7771577380952381
oviedo_C2011_1415,oviedo_C4213_1415,0.2047619047619047,0.6795653050025404,1,0.6071428571428571
oviedo_C2011_1415,oviedo_C836_1415,0.28908045977011493,0.01864211005605813,1,0.13435960591133006
oviedo_C2024_1415,oulad_AAA_2013J,0.11513002930350291,0.852091661060261,13,0.6564885757402585
oviedo_C2024_1415,oulad_AAA_2014J,0.1478279083406644,0.8136719498172214,13,0.6377493312267725
oviedo_C2024_1415,oulad_BBB_2013B,0.38653603526424823,0.4482142811094971,9,0.4962888131841886
oviedo_C2024_1415,oulad_BBB_2013J,0.36176536126501885,0.24303804868629447,13,0.45679605459864897
oviedo_C2024_1415,oulad_BBB_2014B,0.3902656360496046,0.1524273408578878,8,0.4160619388612131
oviedo_C2024_1415,oulad_BBB_2014J,0.3383607922250509,0.3619423554005187,12,0.4384885372564896
oviedo_C2024_1415,oulad_CCC_2014B,0.4985199155862209,0.5355242708069821,9,0.5150100281981016
oviedo_C2024_1415,oulad_CCC_2014J,0.43465353322413286,0.6020599913279624,13,0.5547721707291565
oviedo_C2024_1415,oulad_DDD_2013B,0.44957414200586276,0.7125731807069353,9,0.5826980584174638
oviedo_C2024_1415,oulad_DDD_2013J,0.4132180153567946,0.6112162225687328,12,0.5395822259372122
oviedo_C2024_1415,oulad_DDD_2014B,0.4509134466923667,0.5869962448920865,9,0.5598479059316402
oviedo_C2024_1415,oulad_DDD_2014J,0.40171070641693,0.4820285892144066,12,0.5479007246550638
oviedo_C2024_1415,oulad_EEE_2013J,0.2620812548691295,0.8329441502391428,13,0.6267775956093534
oviedo_C2024_1415,oulad_EEE_2014B,0.32656937137015396,0.7465988199727999,9,0.5879415774981965
oviedo_C2024_1415,oulad_EEE_2014J,0.2652210175145955,0.7891157888111705,13,0.6257143298427702
oviedo_C2024_1415,oulad_FFF_2013B,0.3564680604345009,1.0535585922132598,9,0.6250590751630961
oviedo_C2024_1415,oulad_FFF_2013J,0.3613465301972698,0.9265061416104067,13,0.6066372395200953
oviedo_C2024_1415,oulad_FFF_2014B,0.4049785932721713,0.8727520582753295,9,0.5765137614678899
oviedo_C2024_1415,oulad_FFF_2014J,0.3686741535258711,0.8943664185870867,13,0.593058445714729
oviedo_C2024_1415,ku_Accountancy_1819,0.13885093369770318,0.16778709626710203,13,0.3936495542976121
oviedo_C2024_1415,ku_Globaleconom_1819,0.2783944748334095,0.15209098265191479,11,0.3077883752066028
oviedo_C2024_1415,ku_Accountancy_1920,0.158709089726072,0.24020875866743022,13,0.46274969093630036
oviedo_C2024_1415,ku_Globaleconom_1920,0.08620619973325794,0.48039896448089836,11,0.4312369251139812
oviedo_C2024_1415,ku_Accountancy_2021,0.13973377999416303,0.8263693394919756,13,0.5698043502299469
oviedo_C2024_1415,ku_Globaleconom_2021,0.3275457574512758,0.5133992245838237,11,0.456387785841435
oviedo_C2024_1415,ukzn_ISTN101_2019,0.01522101751459548,0.2596373105057561,7,0.3305519976964931
oviedo_C2024_1415,ukzn_ISTN101_2020,0.10891915723907619,0.33427092880266035,9,0.4338902781239698
oviedo_C2024_1415,ukzn_ISTN101_2021,0.07400116381284894,0.7613810401337506,2,0.5459909477292384
oviedo_C2024_1415,ukzn_ISTN102_2018,0.10557003296088718,0.27238481421445115,7,0.2649603160437416
oviedo_C2024_1415,ukzn_ISTN103_2019,0.11052037224791256,0.27238481421445115,7,0.25452445128994994
oviedo_C2024_1415,ukzn_ISTN103_2020,0.05273674868716327,0.2498774732165999,12,0.3771937474815258
oviedo_C2024_1415,ukzn_ISTN211_2019,0.09116426387068588,0.2330538277796935,11,0.42593303376396424
oviedo_C2024_1415,ukzn_ISTN211_2021,0.10703363914373087,0.07670662691976944,7,0.26649191786806464
oviedo_C2024_1415,ukzn_ISTN212_2018,0.025852542852003224,0.16633142176652496,8,0.2633787459938104
oviedo_C2024_1415,ukzn_ISTN212_2019,6.950236308034263e-05,0.1184078694493422,7,0.238249136184916
oviedo_C2024_1415,ukzn_ISTN2IP_2018,0.09350384579742377,0.18105467858723132,6,0.3326316904298556
oviedo_C2024_1415,ukzn_ISTN2IP_2019,0.0823579036169989,0.10084030663648881,7,0.40237417333273073
oviedo_C2024_1415,ukzn_ISTN3ND_2018,0.23681192660550465,0.27238481421445115,8,0.31179918450560645
oviedo_C2024_1415,ukzn_ISTN3ND_2019,0.03828801031253004,0.23449427514300084,7,0.43453091114258685
oviedo_C2024_1415,ukzn_ISTN3SA_2018,0.05374455071897977,0.16610703814908034,10,0.35610644804476543
oviedo_C2024_1415,ukzn_ISTN3SA_2019,0.030816278522700524,0.23736091579460392,9,0.3828746177370031
oviedo_C2024_1415,zambia_ICT1110_2020,0.5948247471183251,0.05115252244738131,17,0.33348119770138124
oviedo_C2024_1415,zambia_ICT1110_2021,0.45636320865678665,0.20164536352806942,10,0.4073495312027422
oviedo_C2024_1415,oviedo_C1112_1415,0.3836921611113673,0.08490110553504103,2,0.2864409421506835
oviedo_C2024_1415,oviedo_C1127_1415,0.2089031215740581,0.104735350520013,0,0.2982599305950527
oviedo_C2024_1415,oviedo_C1200_1415,0.4391094343936666,0.3879557877654367,17,0.517725979185295
oviedo_C2024_1415,oviedo_C1303_1415,0.4659785932721713,0.18860781647767721,2,0.2100808213193534
oviedo_C2024_1415,oviedo_C174_1415,0.3097285932721713,0.5290042979143997,16,0.4756034294451726
oviedo_C2024_1415,oviedo_C190_1415,0.38562145041502843,0.254174414804254,18,0.364039193659115
oviedo_C2024_1415,oviedo_C1978_1415,0.12146639815022009,0.13830269816628146,16,0.42970889407452395
oviedo_C2024_1415,oviedo_C2011_1415,0.057645259938837956,0.1699657064216191,16,0.4043577981651376
oviedo_C2024_1415,oviedo_C2150_1415,0.22777104610236,0.41058553419868205,15,0.5193377679962412
oviedo_C2024_1415,oviedo_C2271_1415,0.2554081234735136,0.13830269816628146,3,0.2013496119462501
oviedo_C2024_1415,oviedo_C2335_1415,0.5185486867301152,1.467361417430506,18,0.7276113309080813
oviedo_C2024_1415,oviedo_C2406_1415,0.46503874364811115,0.32735893438633035,15,0.38000637241859564
oviedo_C2024_1415,oviedo_C2468_1415,0.3409785932721713,0.07232639940187581,4,0.20043367537214032
oviedo_C2024_1415,oviedo_C2607_1415,0.5774406871349871,1.6434526764861874,10,0.7346641369096905
oviedo_C2024_1415,oviedo_C3022_1415,0.12669287898645698,1.3424226808222062,7,0.7225807754294378
oviedo_C2024_1415,oviedo_C3029_1415,0.16998292227650025,0.11197375944393233,19,0.5486715119742642
oviedo_C2024_1415,oviedo_C4189_1415,0.3097285932721713,1.9444826721501687,17,0.8515147171253822
oviedo_C2024_1415,oviedo_C4213_1415,0.26240716470074266,0.5095995985809214,15,0.5476128065905261
oviedo_C2024_1415,oviedo_C836_1415,0.3467257197089529,0.18860781647767721,17,0.3273828354499028
oviedo_C2150_1415,oulad_AAA_2013J,0.11264101679885707,0.441506126861579,2,0.47948878551371277
oviedo_C2150_1415,oulad_AAA_2014J,0.07994313776169559,0.4030864156185393,2,0.46474171989809104
oviedo_C2150_1415,oulad_BBB_2013B,0.15876498916188825,0.037628746910815025,6,0.41566713497071955
oviedo_C2150_1415,oulad_BBB_2013J,0.13399431516265886,0.1675474855123876,2,0.42985105918954314
oviedo_C2150_1415,oulad_BBB_2014B,0.16249458994724464,0.25815819334079426,7,0.44806349354887764
oviedo_C2150_1415,oulad_BBB_2014J,0.1105897461226909,0.0486431787981633,3,0.41175681968925076
oviedo_C2150_1415,oulad_CCC_2014B,0.2707488694838609,0.12493873660829995,6,0.42645797598627794
oviedo_C2150_1415,oulad_CCC_2014J,0.20688248712177287,0.19147445712928035,2,0.445976187958453
oviedo_C2150_1415,oulad_DDD_2013B,0.22180309590350278,0.30198764650825327,6,0.48028807665495143
oviedo_C2150_1415,oulad_DDD_2013J,0.1854469692544346,0.20063068837005069,3,0.4286896486499267
oviedo_C2150_1415,oulad_DDD_2014B,0.22314240059000673,0.17641071069340447,6,0.4267561919980333
oviedo_C2150_1415,oulad_DDD_2014J,0.17393966031457003,0.07144305501572457,3,0.38999615794580167
oviedo_C2150_1415,oulad_EEE_2013J,0.03431020876676949,0.4223586160404607,2,0.46341200946983285
oviedo_C2150_1415,oulad_EEE_2014B,0.09879832526779397,0.3360132857741178,6,0.4504415979865929
oviedo_C2150_1415,oulad_EEE_2014J,0.037449971412235494,0.37853025461248846,2,0.4665545844791127
oviedo_C2150_1415,oulad_FFF_2013B,0.12869701433214092,0.6429730580145777,6,0.5349051593703344
oviedo_C2150_1415,oulad_FFF_2013J,0.13357548409490982,0.5159206074117246,2,0.47129846409592524
oviedo_C2150_1415,oulad_FFF_2014B,0.1772075471698113,0.4621665240766475,6,0.4862875112309074
oviedo_C2150_1415,oulad_FFF_2014J,0.1409031074235111,0.48378088438840466,2,0.4665506060416108
oviedo_C2150_1415,ku_Accountancy_1819,0.0889201124046568,0.24279843793158007,28,0.617569679417331
oviedo_C2150_1415,ku_Globaleconom_1819,0.050623428731049525,0.5626765168505968,26,0.5093287575321147
oviedo_C2150_1415,ku_Accountancy_1920,0.06906195637628798,0.17037677553125188,28,0.623532335455258
oviedo_C2150_1415,ku_Globaleconom_1920,0.14156484636910205,0.06981343028221633,26,0.6059940392082358
oviedo_C2150_1415,ku_Accountancy_2021,0.08803726610819695,0.4157838052932935,28,0.7048592082256844
oviedo_C2150_1415,ku_Globaleconom_2021,0.0997747113489158,0.10281369038514167,26,0.6111960413565596
oviedo_C2150_1415,ukzn_ISTN101_2019,0.2125500285877645,0.15094822369292588,8,0.4068319652046067
oviedo_C2150_1415,ukzn_ISTN101_2020,0.3366902033414362,0.07631460539602174,6,0.3724334275902744
oviedo_C2150_1415,ukzn_ISTN101_2021,0.3017722099152089,0.3507955059350686,17,0.50063838842389
oviedo_C2150_1415,ukzn_ISTN102_2018,0.1222010131414728,0.6829703484131332,22,0.5272478420925671
oviedo_C2150_1415,ukzn_ISTN103_2019,0.11725067385444743,0.6829703484131332,22,0.5360030804774739
oviedo_C2150_1415,ukzn_ISTN103_2020,0.28050779478952326,0.660463007415282,27,0.5361838663551076
oviedo_C2150_1415,ukzn_ISTN211_2019,0.31893530997304587,0.17753170641898852,4,0.372006160954948
oviedo_C2150_1415,ukzn_ISTN211_2021,0.33480468524609086,0.33387890727891256,22,0.49812474756217184
oviedo_C2150_1415,ukzn_ISTN212_2018,0.20191850325035676,0.5769169559652071,23,0.45490271580330244
oviedo_C2150_1415,ukzn_ISTN212_2019,0.22770154373927964,0.5289934036480243,22,0.46265212774646736
oviedo_C2150_1415,ukzn_ISTN2IP_2018,0.13426720030493622,0.5916402127859134,21,0.49405102235290915
oviedo_C2150_1415,ukzn_ISTN2IP_2019,0.14541314248536108,0.3097452275621932,8,0.41019146760851377
oviedo_C2150_1415,ukzn_ISTN3ND_2018,0.009040880503144666,0.6829703484131332,23,0.49612533692722377
oviedo_C2150_1415,ukzn_ISTN3ND_2019,0.18948303578982995,0.17609125905568124,22,0.5762936192329542
oviedo_C2150_1415,ukzn_ISTN3SA_2018,0.17402649538338022,0.24447849604960173,5,0.35126455238859894
oviedo_C2150_1415,ukzn_ISTN3SA_2019,0.2585873246250605,0.1732246184040781,6,0.28309489252885484
oviedo_C2150_1415,zambia_ICT1110_2020,0.36705370101596513,0.3594330117513008,2,0.2617458013684429
oviedo_C2150_1415,zambia_ICT1110_2021,0.22859216255442666,0.20894017067061266,5,0.3368753887621812
oviedo_C2150_1415,oviedo_C1112_1415,0.1559211150090073,0.325684428663641,17,0.3742296387598369
oviedo_C2150_1415,oviedo_C1127_1415,0.018867924528301883,0.305850183678669,15,0.38544474393531
oviedo_C2150_1415,oviedo_C1200_1415,0.21133838829130663,0.02262974643324535,2,0.24980477114139604
oviedo_C2150_1415,oviedo_C1303_1415,0.2382075471698113,0.5991933506763593,17,0.5346072391220639
oviedo_C2150_1415,oviedo_C174_1415,0.0819575471698113,0.11841876371571772,1,0.3230570530098832
oviedo_C2150_1415,oviedo_C190_1415,0.15785040431266845,0.1564111193944281,3,0.24788217173661922
oviedo_C2150_1415,oviedo_C1978_1415,0.1063046479521399,0.5488882323649635,1,0.421997238840313
oviedo_C2150_1415,oviedo_C2011_1415,0.17012578616352203,0.5805512406203011,1,0.4560197663971249
oviedo_C2150_1415,oviedo_C2024_1415,0.22777104610236,0.41058553419868205,15,0.5193377679962412
oviedo_C2150_1415,oviedo_C2271_1415,0.027637077371153618,0.5488882323649635,18,0.5471517212684744
oviedo_C2150_1415,oviedo_C2335_1415,0.29077764062775524,1.8779469516291882,3,0.8294707408620299
oviedo_C2150_1415,oviedo_C2406_1415,0.23726769754575117,0.0832265998123517,0,0.2024907281681292
oviedo_C2150_1415,oviedo_C2468_1415,0.1132075471698113,0.48291193360055784,19,0.4856682663861679
oviedo_C2150_1415,oviedo_C2607_1415,0.34966964103262715,2.0540382106848694,5,0.8436560374439266
oviedo_C2150_1415,oviedo_C3022_1415,0.101078167115903,1.7530082150208883,8,0.7817617613082969
oviedo_C2150_1415,oviedo_C3029_1415,0.05778812382585974,0.5225592936426143,4,0.6468594298782978
oviedo_C2150_1415,oviedo_C4189_1415,0.0819575471698113,2.3550682063488506,2,0.9135571091644206
oviedo_C2150_1415,oviedo_C4213_1415,0.03463611859838267,0.09901406438223928,0,0.29441663457835965
oviedo_C2150_1415,oviedo_C836_1415,0.1189546736065929,0.5991933506763593,2,0.43368342782786495
oviedo_C2271_1415,oulad_AAA_2013J,0.1402780941700107,0.9903943592265425,16,0.666087981795834
oviedo_C2271_1415,oulad_AAA_2014J,0.10758021513284921,0.9519746479835028,16,0.6532184557191452
oviedo_C2271_1415,oulad_BBB_2013B,0.13112791179073463,0.5865169792757785,12,0.5155675777449686
oviedo_C2271_1415,oulad_BBB_2013J,0.10635723779150524,0.38134074685257585,16,0.4675330909471192
oviedo_C2271_1415,oulad_BBB_2014B,0.13485751257609102,0.2907300390241692,11,0.4332825217447644
oviedo_C2271_1415,oulad_BBB_2014J,0.08295266875153728,0.5002450535668002,15,0.4431822555087603
oviedo_C2271_1415,oulad_CCC_2014B,0.24311179211270728,0.6738269689732634,12,0.529367368446075
oviedo_C2271_1415,oulad_CCC_2014J,0.17924540975061926,0.7403626894942439,16,0.5655346904561042
oviedo_C2271_1415,oulad_DDD_2013B,0.19416601853234916,0.8508758788732167,12,0.5727405375455564
oviedo_C2271_1415,oulad_DDD_2013J,0.15780989188328098,0.7495189207350142,15,0.5457358853113835
oviedo_C2271_1415,oulad_DDD_2014B,0.1955053232188531,0.725298943058368,12,0.5786466937954596
oviedo_C2271_1415,oulad_DDD_2014J,0.14630258294341641,0.6203312873806881,15,0.5584784919562528
oviedo_C2271_1415,oulad_EEE_2013J,0.006673131395615872,0.9712468484054242,16,0.6374617675686908
oviedo_C2271_1415,oulad_EEE_2014B,0.07116124789664036,0.8849015181390814,12,0.6023455394961884
oviedo_C2271_1415,oulad_EEE_2014J,0.009812894041081877,0.927418486977452,16,0.6437699139041421
oviedo_C2271_1415,oulad_FFF_2013B,0.1010599369609873,1.1918612903795411,12,0.6266120629534715
oviedo_C2271_1415,oulad_FFF_2013J,0.1059384067237562,1.0648088397766882,16,0.6166927882901214
oviedo_C2271_1415,oulad_FFF_2014B,0.14957046979865768,1.011054756441611,12,0.5895755832534355
oviedo_C2271_1415,oulad_FFF_2014J,0.11326603005235747,1.0326691167533681,16,0.598119345926432
oviedo_C2271_1415,ku_Accountancy_1819,0.11655718977581042,0.30608979443338347,10,0.40189918606311575
oviedo_C2271_1415,ku_Globaleconom_1819,0.022986351359895907,0.013788284485633285,8,0.32631857064142283
oviedo_C2271_1415,ku_Accountancy_1920,0.0966990337474416,0.3785114568337116,10,0.4923692567131094
oviedo_C2271_1415,ku_Globaleconom_1920,0.16920192374025567,0.6187016626471799,8,0.4501216416555091
oviedo_C2271_1415,ku_Accountancy_2021,0.11567434347935057,0.964672037658257,10,0.5814545763165887
oviedo_C2271_1415,ku_Globaleconom_2021,0.07213763397776218,0.6517019227501052,8,0.4807072022438145
oviedo_C2271_1415,ukzn_ISTN101_2019,0.24018710595891812,0.3979400086720376,10,0.4490588410470961
oviedo_C2271_1415,ukzn_ISTN101_2020,0.3643272807125898,0.4725736269689418,12,0.44984677281790963
oviedo_C2271_1415,ukzn_ISTN101_2021,0.32940928728636254,0.8996837383000321,1,0.5384686548586232
oviedo_C2271_1415,ukzn_ISTN102_2018,0.14983809051262642,0.1340821160481697,4,0.2507125509697781
oviedo_C2271_1415,ukzn_ISTN103_2019,0.14488775122560105,0.1340821160481697,4,0.2638188617222247
oviedo_C2271_1415,ukzn_ISTN103_2020,0.3081448721606769,0.11157477505031849,9,0.3232114280043171
oviedo_C2271_1415,ukzn_ISTN211_2019,0.3465723873441995,0.37135652594597496,14,0.39712368168744006
oviedo_C2271_1415,ukzn_ISTN211_2021,0.3624417626172445,0.21500932508605086,4,0.20221969090573239
oviedo_C2271_1415,ukzn_ISTN212_2018,0.22955558062151038,0.028028723600243534,5,0.19589983644464495
oviedo_C2271_1415,ukzn_ISTN212_2019,0.25533862111043326,0.01989482871693927,4,0.17207065864783985
oviedo_C2271_1415,ukzn_ISTN2IP_2018,0.16190427767608984,0.04275198042094988,3,0.269139138266655
oviedo_C2271_1415,ukzn_ISTN2IP_2019,0.1730502198565147,0.23914300480277026,10,0.384806757694978
oviedo_C2271_1415,ukzn_ISTN3ND_2018,0.018596196868008952,0.1340821160481697,5,0.2417638755726004
oviedo_C2271_1415,ukzn_ISTN3ND_2019,0.21712011316098356,0.37279697330928224,4,0.4036186148098148
oviedo_C2271_1415,ukzn_ISTN3SA_2018,0.20166357275453384,0.3044097363153618,13,0.3991180650469527
oviedo_C2271_1415,ukzn_ISTN3SA_2019,0.28622440199621413,0.3756636139608854,12,0.4281682523293262
oviedo_C2271_1415,zambia_ICT1110_2020,0.3394166236448115,0.1894552206136627,20,0.36689283870491923
oviedo_C2271_1415,zambia_ICT1110_2021,0.20095508518327304,0.3399480616943509,13,0.3978538240283207
oviedo_C2271_1415,oviedo_C1112_1415,0.12828403763785368,0.2232038037013225,1,0.345091950644883
oviedo_C2271_1415,oviedo_C1127_1415,0.0465050018994555,0.24303804868629447,3,0.34840988440456594
oviedo_C2271_1415,oviedo_C1200_1415,0.18370131092015302,0.5262584859317182,20,0.502244603542979
oviedo_C2271_1415,oviedo_C1303_1415,0.21057046979865768,0.050305118311395745,1,0.1712265443089988
oviedo_C2271_1415,oviedo_C174_1415,0.05432046979865768,0.6673069960806812,19,0.4411852828379674
oviedo_C2271_1415,oviedo_C190_1415,0.13021332694151483,0.39247711297053545,21,0.41232365429393225
oviedo_C2271_1415,oviedo_C1978_1415,0.13394172532329351,0.0,19,0.39437130229403927
oviedo_C2271_1415,oviedo_C2011_1415,0.19776286353467565,0.03166300825533759,19,0.35691115372323423
oviedo_C2271_1415,oviedo_C2024_1415,0.2554081234735136,0.13830269816628143,3,0.2013496119462501
oviedo_C2271_1415,oviedo_C2150_1415,0.027637077371153618,0.5488882323649635,18,0.5471517212684744
oviedo_C2271_1415,oviedo_C2335_1415,0.2631405632566016,1.3290587192642247,21,0.7312188062830979
oviedo_C2271_1415,oviedo_C2406_1415,0.20963062017459755,0.46566163255261184,18,0.396699442758382
oviedo_C2271_1415,oviedo_C2468_1415,0.08557046979865768,0.06597629876440568,1,0.15746088908635975
oviedo_C2271_1415,oviedo_C2607_1415,0.32203256366147354,1.505149978319906,13,0.7426430630886328
oviedo_C2271_1415,oviedo_C3022_1415,0.12871524448705662,1.2041199826559248,10,0.672154096537944
oviedo_C2271_1415,oviedo_C3029_1415,0.08542520119701336,0.026328938722349152,22,0.4773360228777295
oviedo_C2271_1415,oviedo_C4189_1415,0.05432046979865768,1.806179973983887,20,0.8943177732502396
oviedo_C2271_1415,oviedo_C4213_1415,0.0069990412272290525,0.6479022967472028,18,0.5584988357759211
oviedo_C2271_1415,oviedo_C836_1415,0.09131759623543928,0.050305118311395745,20,0.31635644306322386
oviedo_C2335_1415,oulad_AAA_2013J,0.4034186574266123,2.3194530784907674,5,0.8160227561901509
oviedo_C2335_1415,oulad_AAA_2014J,0.37072077838945083,2.2810333672477277,5,0.7760008778828391
oviedo_C2335_1415,oulad_BBB_2013B,0.132012651465867,1.9155756985400032,9,0.6449208263347546
oviedo_C2335_1415,oulad_BBB_2013J,0.15678332546509638,1.7103994661168007,5,0.5629322183713287
oviedo_C2335_1415,oulad_BBB_2014B,0.1282830506805106,1.6197887582883939,10,0.5478265296071555
oviedo_C2335_1415,oulad_BBB_2014J,0.18018789450506434,1.8293037728310249,6,0.5675164326140497
oviedo_C2335_1415,oulad_CCC_2014B,0.02002877114389434,2.0028856882374884,9,0.5882305884429929
oviedo_C2335_1415,oulad_CCC_2014J,0.08389515350598237,2.0694214087584686,5,0.6241054258627196
oviedo_C2335_1415,oulad_DDD_2013B,0.06897454472425246,2.1799345981374416,9,0.7477427052903487
oviedo_C2335_1415,oulad_DDD_2013J,0.10533067137332064,2.078577639999239,6,0.712850019496239
oviedo_C2335_1415,oulad_DDD_2014B,0.06763524003774851,2.0543576623225928,9,0.6735473573885702
oviedo_C2335_1415,oulad_DDD_2014J,0.11683798031318521,1.9493900066449128,6,0.6666077972700891
oviedo_C2335_1415,oulad_EEE_2013J,0.25646743186098575,2.300305567669649,5,0.6984750262707692
oviedo_C2335_1415,oulad_EEE_2014B,0.19197931535996127,2.213960237403306,9,0.6815167581751653
oviedo_C2335_1415,oulad_EEE_2014J,0.25332766921551975,2.256477206241677,5,0.6734085402309702
oviedo_C2335_1415,oulad_FFF_2013B,0.16208062629561432,2.520920009643766,9,0.7732006988251994
oviedo_C2335_1415,oulad_FFF_2013J,0.15720215653284542,2.393867559040913,5,0.7085411589814307
oviedo_C2335_1415,oulad_FFF_2014B,0.11357009345794394,2.3401134757058357,9,0.7115469514908767
oviedo_C2335_1415,oulad_FFF_2014J,0.14987453320424415,2.361727836017593,5,0.6716463388817225
oviedo_C2335_1415,ku_Accountancy_1819,0.37969775303241204,1.6351485136976083,31,0.6778577109905406
oviedo_C2335_1415,ku_Globaleconom_1819,0.24015421189670572,1.3152704347785915,29,0.6057412575223672
oviedo_C2335_1415,ku_Accountancy_1920,0.3598395970040432,1.7075701760979363,31,0.6669317955856034
oviedo_C2335_1415,ku_Globaleconom_1920,0.4323424869968573,1.9477603819114047,29,0.7004998343361388
oviedo_C2335_1415,ku_Accountancy_2021,0.3788149067359522,2.2937307569224816,31,0.7801370014791508
oviedo_C2335_1415,ku_Globaleconom_2021,0.19100292927883944,1.9807606420143298,29,0.7488781061315585
oviedo_C2335_1415,ukzn_ISTN101_2019,0.5033276692155197,1.7269987279362624,11,0.7597301452441639
oviedo_C2335_1415,ukzn_ISTN101_2020,0.6274678439691914,1.8016323462331665,9,0.7145928722959856
oviedo_C2335_1415,ukzn_ISTN101_2021,0.5925498505429642,2.2287424575642567,20,0.876322275854986
oviedo_C2335_1415,ukzn_ISTN102_2018,0.41297865376922804,1.1949766032160551,25,0.5778755591112404
oviedo_C2335_1415,ukzn_ISTN103_2019,0.40802831448220267,1.1949766032160551,25,0.609504496561453
oviedo_C2335_1415,ukzn_ISTN103_2020,0.5712854354172785,1.2174839442139063,30,0.5090545866454101
oviedo_C2335_1415,ukzn_ISTN211_2019,0.6097129506008011,1.7004152452101997,7,0.8734360099179858
oviedo_C2335_1415,ukzn_ISTN211_2021,0.6255823258738461,1.5440680443502757,25,0.5803068719556759
oviedo_C2335_1415,ukzn_ISTN212_2018,0.492696143878112,1.3010299956639813,26,0.7220551772110714
oviedo_C2335_1415,ukzn_ISTN212_2019,0.5184791843670349,1.348953547981164,25,0.7254875187118177
oviedo_C2335_1415,ukzn_ISTN2IP_2018,0.42504484093269146,1.286306738843275,24,0.6546236733152622
oviedo_C2335_1415,ukzn_ISTN2IP_2019,0.4361907831131163,1.568201724066995,11,0.8867800745822016
oviedo_C2335_1415,ukzn_ISTN3ND_2018,0.2817367601246106,1.1949766032160551,26,0.6615209167779261
oviedo_C2335_1415,ukzn_ISTN3ND_2019,0.4802606764175852,1.7018556925735069,25,0.7840379100384967
oviedo_C2335_1415,ukzn_ISTN3SA_2018,0.46480413601113546,1.6334684555795866,8,0.8524770616140671
oviedo_C2335_1415,ukzn_ISTN3SA_2019,0.5493649652528158,1.7047223332251102,9,0.8208705624593475
oviedo_C2335_1415,zambia_ICT1110_2020,0.07627606038820989,1.5185139398778875,1,0.7237598849748383
oviedo_C2335_1415,zambia_ICT1110_2021,0.06218547807332858,1.6690067809585756,8,0.8135462668172949
oviedo_C2335_1415,oviedo_C1112_1415,0.13485652561874795,1.5522625229655471,20,0.7692031586503949
oviedo_C2335_1415,oviedo_C1127_1415,0.3096455651560571,1.5720967679505191,18,0.8051364082928181
oviedo_C2335_1415,oviedo_C1200_1415,0.07943925233644861,1.855317205195943,1,0.8067423230974633
oviedo_C2335_1415,oviedo_C1303_1415,0.052570093457943945,1.278753600952829,20,0.6845436772839977
oviedo_C2335_1415,oviedo_C174_1415,0.20882009345794394,1.996365715344906,2,0.6614096573208723
oviedo_C2335_1415,oviedo_C190_1415,0.1329272363150868,1.7215358322347603,0,0.7774771123402632
oviedo_C2335_1415,oviedo_C1978_1415,0.39708228857989514,1.3290587192642247,2,0.699680875313426
oviedo_C2335_1415,oviedo_C2011_1415,0.46090342679127727,1.2973957110088872,2,0.6384957721406319
oviedo_C2335_1415,oviedo_C2024_1415,0.5185486867301152,1.4673614174305063,18,0.7276113309080813
oviedo_C2335_1415,oviedo_C2150_1415,0.29077764062775524,1.8779469516291882,3,0.8294707408620299
oviedo_C2335_1415,oviedo_C2271_1415,0.2631405632566016,1.3290587192642247,21,0.7312188062830979
oviedo_C2335_1415,oviedo_C2406_1415,0.053509943082004074,1.7947203518168364,3,0.790823855366052
oviedo_C2335_1415,oviedo_C2468_1415,0.17757009345794394,1.3950350180286304,22,0.6933309453254746
oviedo_C2335_1415,oviedo_C2607_1415,0.058892000404871914,0.17609125905568124,8,0.12549464267639646
oviedo_C2335_1415,oviedo_C3022_1415,0.39185580774365825,0.12493873660829995,11,0.16607858096509634
oviedo_C2335_1415,oviedo_C3029_1415,0.348565764453615,1.3553876579865738,1,0.4062155023436732
oviedo_C2335_1415,oviedo_C4189_1415,0.20882009345794394,0.47712125471966244,1,0.41517857142857145
oviedo_C2335_1415,oviedo_C4213_1415,0.25614152202937257,1.9769610160114275,3,0.8747091359908449
oviedo_C2335_1415,oviedo_C836_1415,0.17182296702116234,1.278753600952829,1,0.6951836164694688
oviedo_C2406_1415,oulad_AAA_2013J,0.34990871434460824,0.5247327266739307,2,0.47580158901543307
oviedo_C2406_1415,oulad_AAA_2014J,0.31721083530744676,0.486313015430891,2,0.47067374895163544
oviedo_C2406_1415,oulad_BBB_2013B,0.07850270838386292,0.12085534672316674,6,0.3753392698335701
oviedo_C2406_1415,oulad_BBB_2013J,0.1032733823830923,0.08432088570003587,2,0.3879073121849262
oviedo_C2406_1415,oulad_BBB_2014B,0.07477310759850653,0.17493159352844256,7,0.3843416441200424
oviedo_C2406_1415,oulad_BBB_2014J,0.12667795142306026,0.03458342101418837,3,0.3668951736109158
oviedo_C2406_1415,oulad_CCC_2014B,0.03348117193810973,0.20816533642065163,6,0.3970487390258408
oviedo_C2406_1415,oulad_CCC_2014J,0.030385210423978293,0.27470105694163205,2,0.4102702140229907
oviedo_C2406_1415,oulad_DDD_2013B,0.015464601642248388,0.38521424632060497,6,0.4678264568338949
oviedo_C2406_1415,oulad_DDD_2013J,0.051820728291316565,0.28385728818240247,3,0.41507129167456464
oviedo_C2406_1415,oulad_DDD_2014B,0.014125296955744437,0.2596373105057561,6,0.42701011486370655
oviedo_C2406_1415,oulad_DDD_2014J,0.06332803723118113,0.15466965482807624,3,0.3844142088046358
oviedo_C2406_1415,oulad_EEE_2013J,0.20295748877898168,0.5055852158528125,2,0.4746858319073076
oviedo_C2406_1415,oulad_EEE_2014B,0.1384693722779572,0.4192398855864695,6,0.44944545389822854
oviedo_C2406_1415,oulad_EEE_2014J,0.19981772613351567,0.4617568544248402,2,0.47864520608881506
oviedo_C2406_1415,oulad_FFF_2013B,0.10857068321361024,0.7261996578269294,6,0.5191803193592053
oviedo_C2406_1415,oulad_FFF_2013J,0.10369221345084134,0.5991472072240763,2,0.4692720161582857
oviedo_C2406_1415,oulad_FFF_2014B,0.06006015037593987,0.5453931238889992,6,0.4657980665950591
oviedo_C2406_1415,oulad_FFF_2014J,0.09636459012224008,0.5670074842007563,2,0.4663534402299921
oviedo_C2406_1415,ku_Accountancy_1819,0.32618780995040797,0.15957183811922834,28,0.5174814886760976
oviedo_C2406_1415,ku_Globaleconom_1819,0.18664426881470164,0.4794499170382451,26,0.44626178019553786
oviedo_C2406_1415,ku_Accountancy_1920,0.30632965392203915,0.0871501757189002,28,0.5414508916668571
oviedo_C2406_1415,ku_Globaleconom_1920,0.3788325439148532,0.15304003009456799,26,0.5370096102433554
oviedo_C2406_1415,ku_Accountancy_2021,0.3253049636539481,0.4990104051056452,28,0.6341357246108751
oviedo_C2406_1415,ku_Globaleconom_2021,0.13749298619683537,0.18604029019749338,26,0.5405165365439185
oviedo_C2406_1415,ukzn_ISTN101_2019,0.44981772613351567,0.06772162388057418,8,0.2760899814471243
oviedo_C2406_1415,ukzn_ISTN101_2020,0.5739579008871873,0.006911994416330014,6,0.3548891949417804
oviedo_C2406_1415,ukzn_ISTN101_2021,0.5390399074609601,0.4340221057474203,17,0.467294610151753
oviedo_C2406_1415,ukzn_ISTN102_2018,0.35946871068722397,0.5997437486007815,22,0.43996455842218113
oviedo_C2406_1415,ukzn_ISTN103_2019,0.3545183714001986,0.5997437486007815,22,0.43712380682163626
oviedo_C2406_1415,ukzn_ISTN103_2020,0.5177754923352744,0.5772364076029303,27,0.4732603227106583
oviedo_C2406_1415,ukzn_ISTN211_2019,0.556203007518797,0.09430510660663678,4,0.261546723952739
oviedo_C2406_1415,ukzn_ISTN211_2021,0.572072382791842,0.25065230746656086,22,0.3854196434730338
oviedo_C2406_1415,ukzn_ISTN212_2018,0.43918620079610793,0.49369035615285534,23,0.3537941492386428
oviedo_C2406_1415,ukzn_ISTN212_2019,0.4649692412850308,0.4457668038356725,22,0.3334513231129773
oviedo_C2406_1415,ukzn_ISTN2IP_2018,0.3715348978506874,0.5084136129735617,21,0.44049517733728255
oviedo_C2406_1415,ukzn_ISTN2IP_2019,0.38268084003111225,0.2265186277498415,8,0.3225489832956776
oviedo_C2406_1415,ukzn_ISTN3ND_2018,0.2282268170426065,0.5997437486007815,23,0.3808255758443728
oviedo_C2406_1415,ukzn_ISTN3ND_2019,0.4267507333355811,0.09286465924332957,22,0.5005948567767914
oviedo_C2406_1415,ukzn_ISTN3SA_2018,0.4112941929291314,0.16125189623724998,5,0.2605983042713166
oviedo_C2406_1415,ukzn_ISTN3SA_2019,0.4958550221708117,0.08999801859172646,6,0.191935883665207
oviedo_C2406_1415,zambia_ICT1110_2020,0.12978600347021396,0.27620641193894907,2,0.17351069982648928
oviedo_C2406_1415,zambia_ICT1110_2021,0.008675534991324507,0.1257135708582609,5,0.22895149962819136
oviedo_C2406_1415,oviedo_C1112_1415,0.08134658253674387,0.24245782885128936,17,0.30583098089804556
oviedo_C2406_1415,oviedo_C1127_1415,0.25613562207405305,0.22262358386631736,15,0.2860081470522668
oviedo_C2406_1415,oviedo_C1200_1415,0.025929309254444532,0.06059685337910639,2,0.288434704919843
oviedo_C2406_1415,oviedo_C1303_1415,0.0009398496240601295,0.5159667508640076,17,0.3993018259935553
oviedo_C2406_1415,oviedo_C174_1415,0.15531015037593987,0.20164536352806942,1,0.30181480486931617
oviedo_C2406_1415,oviedo_C190_1415,0.07941729323308272,0.07318451958207638,3,0.20884801288936625
oviedo_C2406_1415,oviedo_C1978_1415,0.34357234549789106,0.4656616325526118,1,0.3452817584029761
oviedo_C2406_1415,oviedo_C2011_1415,0.4073934837092732,0.4973246408079494,1,0.3470551378446115
oviedo_C2406_1415,oviedo_C2024_1415,0.46503874364811115,0.32735893438633035,15,0.38000637241859564
oviedo_C2406_1415,oviedo_C2150_1415,0.23726769754575117,0.08322659981235171,0,0.2024907281681292
oviedo_C2406_1415,oviedo_C2271_1415,0.20963062017459755,0.4656616325526118,18,0.396699442758382
oviedo_C2406_1415,oviedo_C2335_1415,0.053509943082004074,1.7947203518168366,3,0.790823855366052
oviedo_C2406_1415,oviedo_C2468_1415,0.12406015037593987,0.39968533378820614,19,0.34586466165413526
oviedo_C2406_1415,oviedo_C2607_1415,0.11240194348687599,1.9708116108725178,5,0.8059111161089935
oviedo_C2406_1415,oviedo_C3022_1415,0.33834586466165417,1.6697816152085365,8,0.7364630062551337
oviedo_C2406_1415,oviedo_C3029_1415,0.2950558213716109,0.43933269383026263,4,0.602935911206588
oviedo_C2406_1415,oviedo_C4189_1415,0.15531015037593987,2.271841606536499,2,0.9083646616541353
oviedo_C2406_1415,oviedo_C4213_1415,0.2026315789473685,0.18224066419459098,0,0.3573576799140709
oviedo_C2406_1415,oviedo_C836_1415,0.11831302393915827,0.5159667508640076,2,0.33083941380544957
oviedo_C2468_1415,oulad_AAA_2013J,0.22584856396866837,0.9244180604621368,17,0.6793014983488141
oviedo_C2468_1415,oulad_AAA_2014J,0.1931506849315069,0.8859983492190971,17,0.6621975084721494
oviedo_C2468_1415,oulad_BBB_2013B,0.04555744199207695,0.5205406805113728,13,0.515501972870808
oviedo_C2468_1415,oulad_BBB_2013J,0.020786767992847566,0.3153644480881702,17,0.46669023813936966
oviedo_C2468_1415,oulad_BBB_2014B,0.04928704277743334,0.22475374025976358,12,0.42377589748796257
oviedo_C2468_1415,oulad_BBB_2014J,0.002617801047120394,0.4342687548023945,16,0.44531653805692883
oviedo_C2468_1415,oulad_CCC_2014B,0.1575413223140496,0.6078506702088577,13,0.5280239439053186
oviedo_C2468_1415,oulad_CCC_2014J,0.09367493995196158,0.6743863907298382,17,0.5638838597010013
oviedo_C2468_1415,oulad_DDD_2013B,0.10859554873369148,0.7848995801088111,13,0.5941194402624872
oviedo_C2468_1415,oulad_DDD_2013J,0.0722394220846233,0.6835426219706086,16,0.5485143993412512
oviedo_C2468_1415,oulad_DDD_2014B,0.10993485342019543,0.6593226442939623,13,0.5794243493854203
oviedo_C2468_1415,oulad_DDD_2014J,0.06073211314475874,0.5543549886162824,16,0.5600518686432407
oviedo_C2468_1415,oulad_EEE_2013J,0.0788973384030418,0.9052705496410185,17,0.6460632477047205
oviedo_C2468_1415,oulad_EEE_2014B,0.014409221902017322,0.8189252193746757,13,0.6110815451505688
oviedo_C2468_1415,oulad_EEE_2014J,0.0757575757575758,0.8614421882130463,17,0.6490309600065699
oviedo_C2468_1415,oulad_FFF_2013B,0.015489467162329629,1.1258849916151354,13,0.6462227288231459
oviedo_C2468_1415,oulad_FFF_2013J,0.02036793692509853,0.9988325410122825,17,0.623958939044994
oviedo_C2468_1415,oulad_FFF_2014B,0.064,0.9450784576772053,13,0.596759581881533
oviedo_C2468_1415,oulad_FFF_2014J,0.02769556025369979,0.9666928179889624,17,0.6075292263040419
oviedo_C2468_1415,ku_Accountancy_1819,0.2021276595744681,0.24011349566897783,9,0.38180183853510263
oviedo_C2468_1415,ku_Globaleconom_1819,0.06258411843876177,0.07976458325003899,7,0.24752510070765002
oviedo_C2468_1415,ku_Accountancy_1920,0.18226950354609928,0.312535158069306,9,0.4632070576024909
oviedo_C2468_1415,ku_Globaleconom_1920,0.25477239353891334,0.5527253638827742,7,0.4425854579502371
oviedo_C2468_1415,ku_Accountancy_2021,0.20124481327800825,0.8986957388938513,9,0.5883899354701905
oviedo_C2468_1415,ku_Globaleconom_2021,0.013432835820895495,0.5857256239856995,7,0.48425815174996095
oviedo_C2468_1415,ukzn_ISTN101_2019,0.3257575757575758,0.3319637099076319,11,0.40169002745222254
oviedo_C2468_1415,ukzn_ISTN101_2020,0.4498977505112475,0.40659732820453615,13,0.4275311201841204
oviedo_C2468_1415,ukzn_ISTN101_2021,0.4149797570850202,0.8337074395356264,2,0.5582506923970338
oviedo_C2468_1415,ukzn_ISTN102_2018,0.2354085603112841,0.20005841481257536,3,0.23279193047628086
oviedo_C2468_1415,ukzn_ISTN103_2019,0.23045822102425872,0.20005841481257536,3,0.22945487444862897
oviedo_C2468_1415,ukzn_ISTN103_2020,0.39371534195933455,0.1775510738147241,8,0.30890659315888114
oviedo_C2468_1415,ukzn_ISTN211_2019,0.43214285714285716,0.3053802271815693,15,0.41280487804878047
oviedo_C2468_1415,ukzn_ISTN211_2021,0.44801223241590216,0.14903302632164522,3,0.19485023814851518
oviedo_C2468_1415,ukzn_ISTN212_2018,0.31512605042016806,0.09400502236464922,4,0.1484057037449126
oviedo_C2468_1415,ukzn_ISTN212_2019,0.34090909090909094,0.046081470047466405,3,0.11267289620948158
oviedo_C2468_1415,ukzn_ISTN2IP_2018,0.24747474747474751,0.10872827918535559,2,0.2572941963185866
oviedo_C2468_1415,ukzn_ISTN2IP_2019,0.2586206896551724,0.17316670603836457,11,0.39390844647362727
oviedo_C2468_1415,ukzn_ISTN3ND_2018,0.10416666666666663,0.20005841481257536,4,0.22236740224545107
oviedo_C2468_1415,ukzn_ISTN3ND_2019,0.30269058295964124,0.30682067454487655,3,0.40206403024952736
oviedo_C2468_1415,ukzn_ISTN3SA_2018,0.2872340425531915,0.2384334375509561,14,0.3645563051375195
oviedo_C2468_1415,ukzn_ISTN3SA_2019,0.3717948717948718,0.3096873151964797,13,0.382497989815063
oviedo_C2468_1415,zambia_ICT1110_2020,0.25384615384615383,0.1234789218492571,21,0.3283570088448137
oviedo_C2468_1415,zambia_ICT1110_2021,0.11538461538461536,0.2739717629299452,14,0.3891718038059501
oviedo_C2468_1415,oviedo_C1112_1415,0.042713567839196,0.15722750493691678,2,0.28820058480556093
oviedo_C2468_1415,oviedo_C1127_1415,0.13207547169811318,0.17706174992188878,4,0.3014265991716521
oviedo_C2468_1415,oviedo_C1200_1415,0.09813084112149534,0.46028218716731245,21,0.47775896317040617
oviedo_C2468_1415,oviedo_C1303_1415,0.125,0.11628141707580146,2,0.13190642110502737
oviedo_C2468_1415,oviedo_C174_1415,0.03125,0.6013306973162755,20,0.4311120789779327
oviedo_C2468_1415,oviedo_C190_1415,0.04464285714285715,0.32650081420612975,22,0.35804504728720754
oviedo_C2468_1415,oviedo_C1978_1415,0.2195121951219512,0.06597629876440567,20,0.41289198606271776
oviedo_C2468_1415,oviedo_C2011_1415,0.2833333333333333,0.09763930701974327,20,0.39012775842044134
oviedo_C2468_1415,oviedo_C2024_1415,0.3409785932721713,0.0723263994018758,4,0.20043367537214032
oviedo_C2468_1415,oviedo_C2150_1415,0.1132075471698113,0.48291193360055784,19,0.4856682663861679
oviedo_C2468_1415,oviedo_C2271_1415,0.08557046979865768,0.06597629876440567,1,0.15746088908635975
oviedo_C2468_1415,oviedo_C2335_1415,0.17757009345794394,1.3950350180286304,22,0.6933309453254746
oviedo_C2468_1415,oviedo_C2406_1415,0.12406015037593987,0.39968533378820614,19,0.34586466165413526
oviedo_C2468_1415,oviedo_C2607_1415,0.23646209386281586,1.5711262770843117,14,0.7017887017446761
oviedo_C2468_1415,oviedo_C3022_1415,0.2142857142857143,1.2700962814203305,11,0.6344977015196323
oviedo_C2468_1415,oviedo_C3029_1415,0.17099567099567103,0.039647360042056566,23,0.4810775751542301
oviedo_C2468_1415,oviedo_C4189_1415,0.03125,1.8721562727482928,21,0.854202961672474
oviedo_C2468_1415,oviedo_C4213_1415,0.07857142857142863,0.5819259979827971,19,0.5274763563962169
oviedo_C2468_1415,oviedo_C836_1415,0.005747126436781602,0.11628141707580146,21,0.31771396531699303
oviedo_C2607_1415,oulad_AAA_2013J,0.46231065783148423,2.4955443375464483,3,0.8258543541461035
oviedo_C2607_1415,oulad_AAA_2014J,0.42961277879432275,2.4571246263034086,3,0.7871745780553455
oviedo_C2607_1415,oulad_BBB_2013B,0.1909046518707389,2.0916669575956846,1,0.6578978014501725
oviedo_C2607_1415,oulad_BBB_2013J,0.2156753258699683,1.8864907251724818,3,0.5762642583600901
oviedo_C2607_1415,oulad_BBB_2014B,0.18717505108538252,1.7958800173440752,2,0.5535331005462003
oviedo_C2607_1415,oulad_BBB_2014J,0.23907989490993625,2.005395031886706,2,0.5838803398956119
oviedo_C2607_1415,oulad_CCC_2014B,0.07892077154876626,2.1789769472931693,1,0.6039776190334116
oviedo_C2607_1415,oulad_CCC_2014J,0.14278715391085428,2.24551266781415,3,0.6375239438585423
oviedo_C2607_1415,oulad_DDD_2013B,0.12786654512912438,2.3560258571931225,1,0.7617447260398407
oviedo_C2607_1415,oulad_DDD_2013J,0.16422267177819255,2.2546688990549204,2,0.7294856380705427
oviedo_C2607_1415,oulad_DDD_2014B,0.12652724044262043,2.230448921378274,1,0.6915243090145194
oviedo_C2607_1415,oulad_DDD_2014J,0.17572998071805712,2.125481265700594,2,0.6884531739977238
oviedo_C2607_1415,oulad_EEE_2013J,0.31535943226585766,2.4763968267253302,3,0.713718509599829
oviedo_C2607_1415,oulad_EEE_2014B,0.2508713157648332,2.3900514964589874,1,0.6975163227725156
oviedo_C2607_1415,oulad_EEE_2014J,0.31221966962039166,2.432568465297358,3,0.6904397247357535
oviedo_C2607_1415,oulad_FFF_2013B,0.22097262670048623,2.697011268699447,1,0.7875858031803975
oviedo_C2607_1415,oulad_FFF_2013J,0.21609415693771733,2.569958818096594,3,0.7224639728992257
oviedo_C2607_1415,oulad_FFF_2014B,0.17246209386281586,2.516204734761517,1,0.7233436479284856
oviedo_C2607_1415,oulad_FFF_2014J,0.20876653360911607,2.537819095073274,3,0.6865616962166369
oviedo_C2607_1415,ku_Accountancy_1819,0.43858975343728396,1.8112397727532894,23,0.6952236017688433
oviedo_C2607_1415,ku_Globaleconom_1819,0.29904621230157763,1.4913616938342726,21,0.6212822166245452
oviedo_C2607_1415,ku_Accountancy_1920,0.41873159740891513,1.8836614351536176,23,0.6761282960069349
oviedo_C2607_1415,ku_Globaleconom_1920,0.4912344874017292,2.123851640967086,21,0.7152611326818932
oviedo_C2607_1415,ku_Accountancy_2021,0.4377069071408241,2.469822015978163,23,0.7736174626238589
oviedo_C2607_1415,ku_Globaleconom_2021,0.24989492968371135,2.156851901070011,21,0.7538337194891965
oviedo_C2607_1415,ukzn_ISTN101_2019,0.5622196696203916,1.9030899869919435,3,0.7775480761717224
oviedo_C2607_1415,ukzn_ISTN101_2020,0.6863598443740633,1.9777236052888478,1,0.7007522904623744
oviedo_C2607_1415,ukzn_ISTN101_2021,0.6514418509478361,2.404833716619938,12,0.8863299598621658
oviedo_C2607_1415,ukzn_ISTN102_2018,0.47187065417409996,1.3710678622717363,17,0.5927340299364067
oviedo_C2607_1415,ukzn_ISTN103_2019,0.4669203148870746,1.3710678622717363,17,0.630651770278304
oviedo_C2607_1415,ukzn_ISTN103_2020,0.6301774358221504,1.3935752032695874,22,0.5388313048916157
oviedo_C2607_1415,ukzn_ISTN211_2019,0.6686049510056731,1.876506504265881,1,0.8821557503867974
oviedo_C2607_1415,ukzn_ISTN211_2021,0.6844743262787181,1.7201593034059568,17,0.5901399409828516
oviedo_C2607_1415,ukzn_ISTN212_2018,0.551588144282984,1.4771212547196624,18,0.7315669950290585
oviedo_C2607_1415,ukzn_ISTN212_2019,0.5773711847719067,1.5250448070368452,17,0.7315997780799225
oviedo_C2607_1415,ukzn_ISTN2IP_2018,0.4839368413375634,1.462397997898956,16,0.671527028927751
oviedo_C2607_1415,ukzn_ISTN2IP_2019,0.49508278351798823,1.7442929831226763,3,0.8953024132595899
oviedo_C2607_1415,ukzn_ISTN3ND_2018,0.3406287605294825,1.3710678622717363,18,0.6746819666494758
oviedo_C2607_1415,ukzn_ISTN3ND_2019,0.539152676822457,1.8779469516291882,17,0.8075379801432481
oviedo_C2607_1415,ukzn_ISTN3SA_2018,0.5236961364160073,1.8095597146352678,0,0.8697288578231815
oviedo_C2607_1415,ukzn_ISTN3SA_2019,0.6082569656576877,1.8808135922807914,1,0.8297457055579799
oviedo_C2607_1415,zambia_ICT1110_2020,0.017384059983337974,1.6946051989335686,7,0.7347244812948784
oviedo_C2607_1415,zambia_ICT1110_2021,0.1210774784782005,1.845098040014257,0,0.8205062085928513
oviedo_C2607_1415,oviedo_C1112_1415,0.19374852602361986,1.7283537820212285,12,0.7772799013116123
oviedo_C2607_1415,oviedo_C1127_1415,0.36853756556092904,1.7481880270062005,10,0.814502710013915
oviedo_C2607_1415,oviedo_C1200_1415,0.13833125274132052,2.031408464251624,7,0.8168870166238499
oviedo_C2607_1415,oviedo_C1303_1415,0.11146209386281586,1.4548448600085102,12,0.7056564503057541
oviedo_C2607_1415,oviedo_C174_1415,0.26771209386281586,2.1724569744005873,6,0.6702982637098162
oviedo_C2607_1415,oviedo_C190_1415,0.1918192367199587,1.8976270912904414,8,0.7903972961025565
oviedo_C2607_1415,oviedo_C1978_1415,0.45597428898476705,1.505149978319906,6,0.711370583277777
oviedo_C2607_1415,oviedo_C2011_1415,0.5197954271961491,1.4734869700645683,6,0.6566099363933299
oviedo_C2607_1415,oviedo_C2024_1415,0.5774406871349871,1.6434526764861874,10,0.7346641369096905
oviedo_C2607_1415,oviedo_C2150_1415,0.34966964103262715,2.0540382106848694,5,0.8436560374439266
oviedo_C2607_1415,oviedo_C2271_1415,0.32203256366147354,1.505149978319906,13,0.7426430630886328
oviedo_C2607_1415,oviedo_C2335_1415,0.058892000404871914,0.17609125905568127,8,0.12549464267639646
oviedo_C2607_1415,oviedo_C2406_1415,0.11240194348687599,1.9708116108725178,5,0.8059111161089935
oviedo_C2607_1415,oviedo_C2468_1415,0.23646209386281586,1.5711262770843117,14,0.7017887017446761
oviedo_C2607_1415,oviedo_C3022_1415,0.45074780814853016,0.3010299956639812,3,0.15421619911502507
oviedo_C2607_1415,oviedo_C3029_1415,0.4074577648584869,1.5314789170422551,9,0.42038226514760807
oviedo_C2607_1415,oviedo_C4189_1415,0.26771209386281586,0.3010299956639812,7,0.414404976792161
oviedo_C2607_1415,oviedo_C4213_1415,0.3150335224342445,2.153052275067109,5,0.8975723863552643
oviedo_C2607_1415,oviedo_C836_1415,0.23071496742603426,1.4548448600085102,7,0.6937572987616558
oviedo_C3022_1415,oulad_AAA_2013J,0.011562849682954068,2.1945143418824675,6,0.7708195549760374
oviedo_C3022_1415,oulad_AAA_2014J,0.021135029354207413,2.1560946306394277,6,0.7285418276899801
oviedo_C3022_1415,oulad_BBB_2013B,0.25984315627779125,1.7906369619317033,2,0.6152977319960241
oviedo_C3022_1415,oulad_BBB_2013J,0.23507248227856187,1.5854607295085006,6,0.5303353348491833
oviedo_C3022_1415,oulad_BBB_2014B,0.26357275706314764,1.494850021680094,1,0.5050992498673369
oviedo_C3022_1415,oulad_BBB_2014J,0.2116679132385939,1.704365036222725,5,0.5314560379125473
oviedo_C3022_1415,oulad_CCC_2014B,0.3718270365997639,1.8779469516291882,2,0.5452437173216393
oviedo_C3022_1415,oulad_CCC_2014J,0.3079606542376759,1.9444826721501687,6,0.5688728653991622
oviedo_C3022_1415,oulad_DDD_2013B,0.3228812630194058,2.0549958615291413,2,0.7252047403765804
oviedo_C3022_1415,oulad_DDD_2013J,0.2865251363703376,1.9536389033909392,5,0.6882647795960489
oviedo_C3022_1415,oulad_DDD_2014B,0.32422056770590973,1.9294189257142926,2,0.6463197656912928
oviedo_C3022_1415,oulad_DDD_2014J,0.27501782743047304,1.824451270036613,5,0.6397717156746225
oviedo_C3022_1415,oulad_EEE_2013J,0.1353883758826725,2.175366831061349,6,0.6561753979158204
oviedo_C3022_1415,oulad_EEE_2014B,0.19987649238369698,2.089021500795006,2,0.6471833690248434
oviedo_C3022_1415,oulad_EEE_2014J,0.1385281385281385,2.131538469633377,6,0.633616072691703
oviedo_C3022_1415,oulad_FFF_2013B,0.22977518144804393,2.3959812730354657,2,0.751948362988318
oviedo_C3022_1415,oulad_FFF_2013J,0.23465365121081283,2.268928822432613,6,0.6834791735353799
oviedo_C3022_1415,oulad_FFF_2014B,0.2782857142857143,2.215174739097536,2,0.6847579031612644
oviedo_C3022_1415,oulad_FFF_2014J,0.2419812745394141,2.2367890994092927,6,0.6493417663048306
oviedo_C3022_1415,ku_Accountancy_1819,0.012158054711246202,1.5102097770893081,20,0.7007643482925084
oviedo_C3022_1415,ku_Globaleconom_1819,0.15170159584695253,1.1903316981702914,18,0.6156815350635544
oviedo_C3022_1415,ku_Accountancy_1920,0.032016210739615025,1.5826314394896364,20,0.6772709083633454
oviedo_C3022_1415,ku_Globaleconom_1920,0.04048667925319904,1.8228216453031045,18,0.7115656835421393
oviedo_C3022_1415,ku_Accountancy_2021,0.013040901007706052,2.1687920203141817,20,0.7831547556782049
oviedo_C3022_1415,ku_Globaleconom_2021,0.2008528784648188,1.8558219054060299,18,0.7631022558277041
oviedo_C3022_1415,ukzn_ISTN101_2019,0.1114718614718615,1.6020599913279623,0,0.775368101786169
oviedo_C3022_1415,ukzn_ISTN101_2020,0.23561203622553317,1.6766936096248666,2,0.6292148761345028
oviedo_C3022_1415,ukzn_ISTN101_2021,0.20069404279930592,2.103803720955957,9,0.8347403738823465
oviedo_C3022_1415,ukzn_ISTN102_2018,0.021122846025569797,1.070037866607755,14,0.5499437128937178
oviedo_C3022_1415,ukzn_ISTN103_2019,0.016172506738544423,1.070037866607755,14,0.6184624793313551
oviedo_C3022_1415,ukzn_ISTN103_2020,0.17942962767362025,1.0925452076056064,19,0.4606748429501191
oviedo_C3022_1415,ukzn_ISTN211_2019,0.21785714285714286,1.5754765086018998,4,0.8152460984393758
oviedo_C3022_1415,ukzn_ISTN211_2021,0.23372651813018785,1.4191293077419755,14,0.5209258015132658
oviedo_C3022_1415,ukzn_ISTN212_2018,0.10084033613445376,1.1760912590556813,15,0.6584633853541416
oviedo_C3022_1415,ukzn_ISTN212_2019,0.12662337662337664,1.224014811372864,14,0.6625604787369495
oviedo_C3022_1415,ukzn_ISTN2IP_2018,0.03318903318903321,1.1613680022349748,13,0.6011919919482944
oviedo_C3022_1415,ukzn_ISTN2IP_2019,0.044334975369458074,1.443262987458695,0,0.8374901684811855
oviedo_C3022_1415,ukzn_ISTN3ND_2018,0.11011904761904767,1.070037866607755,15,0.5970138055222088
oviedo_C3022_1415,ukzn_ISTN3ND_2019,0.08840486867392694,1.576916955965207,14,0.7512448925758645
oviedo_C3022_1415,ukzn_ISTN3SA_2018,0.07294832826747721,1.5085297189712865,3,0.8083871846610985
oviedo_C3022_1415,ukzn_ISTN3SA_2019,0.1575091575091575,1.5797835966168101,2,0.7677409425308585
oviedo_C3022_1415,zambia_ICT1110_2020,0.46813186813186813,1.3935752032695874,10,0.6733678086619264
oviedo_C3022_1415,zambia_ICT1110_2021,0.32967032967032966,1.5440680443502757,3,0.7606658047834518
oviedo_C3022_1415,oviedo_C1112_1415,0.2569992821249103,1.4273237863572472,9,0.7112181556039501
oviedo_C3022_1415,oviedo_C1127_1415,0.08221024258760112,1.4471580313422192,7,0.7539242111939116
oviedo_C3022_1415,oviedo_C1200_1415,0.31241655540720964,1.7303784685876429,10,0.7497728063187891
oviedo_C3022_1415,oviedo_C1303_1415,0.3392857142857143,1.153814864344529,9,0.6541116446578632
oviedo_C3022_1415,oviedo_C174_1415,0.1830357142857143,1.871426978736606,9,0.5996148459383753
oviedo_C3022_1415,oviedo_C190_1415,0.25892857142857145,1.5965970956264603,11,0.7285414165666267
oviedo_C3022_1415,oviedo_C1978_1415,0.005226480836236891,1.2041199826559248,9,0.6365180218428836
oviedo_C3022_1415,oviedo_C2011_1415,0.06904761904761902,1.1724569744005873,9,0.5807723089235696
oviedo_C3022_1415,oviedo_C2024_1415,0.12669287898645698,1.3424226808222062,7,0.7225807754294378
oviedo_C3022_1415,oviedo_C2150_1415,0.101078167115903,1.7530082150208883,8,0.7817617613082969
oviedo_C3022_1415,oviedo_C2271_1415,0.12871524448705662,1.2041199826559248,10,0.672154096537944
oviedo_C3022_1415,oviedo_C2335_1415,0.39185580774365825,0.12493873660829993,11,0.16607858096509634
oviedo_C3022_1415,oviedo_C2406_1415,0.33834586466165417,1.6697816152085365,8,0.7364630062551337
oviedo_C3022_1415,oviedo_C2468_1415,0.2142857142857143,1.2700962814203305,11,0.6344977015196323
oviedo_C3022_1415,oviedo_C2607_1415,0.45074780814853016,0.3010299956639812,3,0.15421619911502507
oviedo_C3022_1415,oviedo_C3029_1415,0.04329004329004327,1.2304489213782739,12,0.34213685474189676
oviedo_C3022_1415,oviedo_C4189_1415,0.1830357142857143,0.6020599913279624,10,0.5100165066026411
oviedo_C3022_1415,oviedo_C4213_1415,0.13571428571428568,1.8520222794031276,8,0.8442376950780313
oviedo_C3022_1415,oviedo_C836_1415,0.2200328407224959,1.153814864344529,10,0.6179575278387217
oviedo_C3029_1415,oulad_AAA_2013J,0.054852892972997336,0.9640654205041934,6,0.6641202885141714
oviedo_C3029_1415,oulad_AAA_2014J,0.022155013935835854,0.9256457092611536,6,0.6122838674697775
oviedo_C3029_1415,oulad_BBB_2013B,0.216553112987748,0.5601880405534294,10,0.4972433177623573
oviedo_C3029_1415,oulad_BBB_2013J,0.1917824389885186,0.35501180813022676,6,0.3908525006296256
oviedo_C3029_1415,oulad_BBB_2014B,0.22028271377310438,0.26440110030182007,11,0.3595232152490146
oviedo_C3029_1415,oulad_BBB_2014J,0.16837786994855064,0.473916114844451,7,0.38824158887734056
oviedo_C3029_1415,oulad_CCC_2014B,0.32853699330972064,0.6474980302509142,10,0.40099862258953156
oviedo_C3029_1415,oulad_CCC_2014J,0.2646706109476326,0.7140337507718947,6,0.4184794960272485
oviedo_C3029_1415,oulad_DDD_2013B,0.2795912197293625,0.8245469401508676,10,0.6367884208033315
oviedo_C3029_1415,oulad_DDD_2013J,0.24323509308029434,0.723189982012665,7,0.5901480209308605
oviedo_C3029_1415,oulad_DDD_2014B,0.28093052441586647,0.6989700043360187,10,0.5298568346497615
oviedo_C3029_1415,oulad_DDD_2014J,0.23172778414042977,0.5940023486583389,7,0.5290615414218932
oviedo_C3029_1415,oulad_EEE_2013J,0.09209833259262923,0.9449179096830751,6,0.5564734016662316
oviedo_C3029_1415,oulad_EEE_2014B,0.1565864490936537,0.8585725794167322,10,0.5356871069098322
oviedo_C3029_1415,oulad_EEE_2014J,0.09523809523809523,0.9010895482551029,6,0.5236377379234523
oviedo_C3029_1415,oulad_FFF_2013B,0.18648513815800066,1.165532351657192,10,0.6770799566869669
oviedo_C3029_1415,oulad_FFF_2013J,0.19136360792076956,1.038479901054339,6,0.6002948306308546
oviedo_C3029_1415,oulad_FFF_2014B,0.23499567099567104,0.9847258177192618,10,0.5996103896103896
oviedo_C3029_1415,oulad_FFF_2014J,0.19869123124937083,1.006340178031019,6,0.5643382088564813
oviedo_C3029_1415,ku_Accountancy_1819,0.031131988578797065,0.2797608557110344,32,0.6013237016276529
oviedo_C3029_1415,ku_Globaleconom_1819,0.10841155255690926,0.04011722320798241,30,0.47948071924230357
oviedo_C3029_1415,ku_Accountancy_1920,0.011273832550428242,0.35218251811136253,32,0.6249213805444808
oviedo_C3029_1415,ku_Globaleconom_1920,0.08377672254324231,0.5923727239248306,30,0.6291604346985089
oviedo_C3029_1415,ku_Accountancy_2021,0.030249142282337216,0.9383430989359078,32,0.7506524299648188
oviedo_C3029_1415,ku_Globaleconom_2021,0.15756283517477554,0.625372984027756,30,0.6726737370660612
oviedo_C3029_1415,ukzn_ISTN101_2019,0.15476190476190477,0.37161106994968846,12,0.668193413729128
oviedo_C3029_1415,ukzn_ISTN101_2020,0.27890207951557644,0.44624468824659264,10,0.4315288859548282
oviedo_C3029_1415,ukzn_ISTN101_2021,0.24398408608934918,0.8733547995776829,21,0.6997789178240306
oviedo_C3029_1415,ukzn_ISTN102_2018,0.06441288931561306,0.16041105477051887,26,0.40060736002926106
oviedo_C3029_1415,ukzn_ISTN103_2019,0.05946255002858769,0.16041105477051887,26,0.4420718544707763
oviedo_C3029_1415,ukzn_ISTN103_2020,0.22271967096366352,0.13790371377266758,31,0.3108212533879288
oviedo_C3029_1415,ukzn_ISTN211_2019,0.26114718614718613,0.3450275872236258,8,0.6649505256648114
oviedo_C3029_1415,ukzn_ISTN211_2021,0.2770165614202311,0.18868038636370174,26,0.4220410432730223
oviedo_C3029_1415,ukzn_ISTN212_2018,0.14413037942449702,0.054357662322592676,27,0.4285168612899706
oviedo_C3029_1415,ukzn_ISTN212_2019,0.1699134199134199,0.006434110005409903,26,0.47657699443413726
oviedo_C3029_1415,ukzn_ISTN2IP_2018,0.07647907647907648,0.069080919143299,25,0.35023706452277875
oviedo_C3029_1415,ukzn_ISTN2IP_2019,0.08762501865950134,0.21281406608042114,12,0.6404527328172648
oviedo_C3029_1415,ukzn_ISTN3ND_2018,0.0668290043290044,0.16041105477051887,27,0.41043083900226757
oviedo_C3029_1415,ukzn_ISTN3ND_2019,0.1316949119639702,0.3464680345869331,26,0.4900981998996093
oviedo_C3029_1415,ukzn_ISTN3SA_2018,0.11623837155752048,0.27808079759301263,9,0.6078369452229635
oviedo_C3029_1415,ukzn_ISTN3SA_2019,0.20079920079920077,0.34933467523853623,10,0.5983825698111412
oviedo_C3029_1415,zambia_ICT1110_2020,0.42484182484182487,0.16312628189131362,2,0.49165120593692013
oviedo_C3029_1415,zambia_ICT1110_2021,0.2863802863802864,0.31361912297200173,9,0.6348651348651349
oviedo_C3029_1415,oviedo_C1112_1415,0.21370923883486703,0.19687486497897336,21,0.5456410065168141
oviedo_C3029_1415,oviedo_C1127_1415,0.038920199297557856,0.21670910996394532,19,0.6090710726829325
oviedo_C3029_1415,oviedo_C1200_1415,0.26912651211716637,0.499929547209369,2,0.6946635918598536
oviedo_C3029_1415,oviedo_C1303_1415,0.29599567099567103,0.0766340570337449,21,0.47715677179962895
oviedo_C3029_1415,oviedo_C174_1415,0.13974567099567103,0.640978057358332,3,0.5292594310451454
oviedo_C3029_1415,oviedo_C190_1415,0.21563852813852818,0.3661481742481863,1,0.6329236239950526
oviedo_C3029_1415,oviedo_C1978_1415,0.04851652412628016,0.02632893872234915,3,0.40971688010015533
oviedo_C3029_1415,oviedo_C2011_1415,0.11233766233766229,0.05799194697768673,3,0.3796536796536797
oviedo_C3029_1415,oviedo_C2024_1415,0.16998292227650025,0.11197375944393231,19,0.5486715119742642
oviedo_C3029_1415,oviedo_C2150_1415,0.05778812382585974,0.5225592936426144,4,0.6468594298782978
oviedo_C3029_1415,oviedo_C2271_1415,0.08542520119701336,0.02632893872234915,22,0.4773360228777295
oviedo_C3029_1415,oviedo_C2335_1415,0.348565764453615,1.355387657986574,1,0.4062155023436732
oviedo_C3029_1415,oviedo_C2406_1415,0.2950558213716109,0.43933269383026263,4,0.602935911206588
oviedo_C3029_1415,oviedo_C2468_1415,0.17099567099567103,0.03964736004205652,23,0.4810775751542301
oviedo_C3029_1415,oviedo_C2607_1415,0.4074577648584869,1.5314789170422551,9,0.42038226514760807
oviedo_C3029_1415,oviedo_C3022_1415,0.04329004329004327,1.2304489213782739,12,0.34213685474189676
oviedo_C3029_1415,oviedo_C4189_1415,0.13974567099567103,1.8325089127062364,2,0.6789772727272727
oviedo_C3029_1415,oviedo_C4213_1415,0.09242424242424241,0.6215733580248537,4,0.7213048855905998
oviedo_C3029_1415,oviedo_C836_1415,0.17674279743245264,0.0766340570337449,2,0.39630648497643567
oviedo_C4189_1415,oulad_AAA_2013J,0.19459856396866837,2.7965743332104296,4,0.9239089891831406
oviedo_C4189_1415,oulad_AAA_2014J,0.1619006849315069,2.75815462196739,4,0.8908604452054795
oviedo_C4189_1415,oulad_BBB_2013B,0.07680744199207695,2.392696953259666,8,0.8036358537472715
oviedo_C4189_1415,oulad_BBB_2013J,0.052036767992847566,2.187520720836463,4,0.7291104556485087
oviedo_C4189_1415,oulad_BBB_2014B,0.08053704277743334,2.0969100130080562,9,0.7290222854485873
oviedo_C4189_1415,oulad_BBB_2014J,0.028632198952879606,2.3064250275506875,5,0.7254094209673398
oviedo_C4189_1415,oulad_CCC_2014B,0.1887913223140496,2.4800069429571505,8,0.7643152302243211
oviedo_C4189_1415,oulad_CCC_2014J,0.12492493995196158,2.546542663478131,4,0.7811025606199246
oviedo_C4189_1415,oulad_DDD_2013B,0.13984554873369148,2.6570558528571038,8,0.8692140732924022
oviedo_C4189_1415,oulad_DDD_2013J,0.1034894220846233,2.555698894718901,5,0.8351980594869527
oviedo_C4189_1415,oulad_DDD_2014B,0.14118485342019543,2.531478917042255,8,0.8238752035830618
oviedo_C4189_1415,oulad_DDD_2014J,0.09198211314475874,2.4265112613645754,5,0.809482954995642
oviedo_C4189_1415,oulad_EEE_2013J,0.047647338403041806,2.7774268223893115,4,0.8127249117327539
oviedo_C4189_1415,oulad_EEE_2014B,0.016840778097982678,2.6910814921229687,8,0.8225382101687938
oviedo_C4189_1415,oulad_EEE_2014J,0.0445075757575758,2.733598460961339,4,0.8045447029822029
oviedo_C4189_1415,oulad_FFF_2013B,0.04673946716232963,2.998041264363428,8,0.8874980638166047
oviedo_C4189_1415,oulad_FFF_2013J,0.05161793692509853,2.8709888137605755,4,0.8353557544897064
oviedo_C4189_1415,oulad_FFF_2014B,0.09525,2.8172347304254983,8,0.8442291666666667
oviedo_C4189_1415,oulad_FFF_2014J,0.05894556025369979,2.838849090737255,4,0.805022085472667
oviedo_C4189_1415,ku_Accountancy_1819,0.1708776595744681,2.1122697684172707,30,0.7996295592705167
oviedo_C4189_1415,ku_Globaleconom_1819,0.03133411843876177,1.792391689498254,28,0.7641964886560276
oviedo_C4189_1415,ku_Accountancy_1920,0.15101950354609928,2.184691430817599,30,0.8155838399189462
oviedo_C4189_1415,ku_Globaleconom_1920,0.22352239353891334,2.424881636631067,28,0.8109922383050137
oviedo_C4189_1415,ku_Accountancy_2021,0.16999481327800825,2.7708520116421442,30,0.8593271463149575
oviedo_C4189_1415,ku_Globaleconom_2021,0.017817164179104505,2.4578818967339924,28,0.8271921641791045
oviedo_C4189_1415,ukzn_ISTN101_2019,0.2945075757575758,2.2041199826559246,10,0.8418222402597403
oviedo_C4189_1415,ukzn_ISTN101_2020,0.4186477505112475,2.278753600952829,8,0.8635927914110431
oviedo_C4189_1415,ukzn_ISTN101_2021,0.3837297570850202,2.7058637122839193,19,0.9618788557933297
oviedo_C4189_1415,ukzn_ISTN102_2018,0.2041585603112841,1.6720978579357175,24,0.7981474082823791
oviedo_C4189_1415,ukzn_ISTN103_2019,0.19920822102425872,1.6720978579357175,24,0.7882512674881273
oviedo_C4189_1415,ukzn_ISTN103_2020,0.36246534195933455,1.6946051989335686,29,0.7654455208608396
oviedo_C4189_1415,ukzn_ISTN211_2019,0.40089285714285716,2.1775364999298623,6,0.9455357142857144
oviedo_C4189_1415,ukzn_ISTN211_2021,0.41676223241590216,2.021189299069938,24,0.7685124508519003
oviedo_C4189_1415,ukzn_ISTN212_2018,0.28387605042016806,1.7781512503836436,25,0.8936543367346939
oviedo_C4189_1415,ukzn_ISTN212_2019,0.30965909090909094,1.8260748027008264,24,0.8801068722943723
oviedo_C4189_1415,ukzn_ISTN2IP_2018,0.21622474747474751,1.7634279935629373,23,0.8409992784992786
oviedo_C4189_1415,ukzn_ISTN2IP_2019,0.22737068965517238,2.0453229787866576,10,0.9663254310344828
oviedo_C4189_1415,ukzn_ISTN3ND_2018,0.07291666666666663,1.6720978579357175,25,0.8642113095238094
oviedo_C4189_1415,ukzn_ISTN3ND_2019,0.27144058295964124,2.1789769472931693,24,0.9548866912235746
oviedo_C4189_1415,ukzn_ISTN3SA_2018,0.2559840425531915,2.110589710299249,7,0.945787424012158
oviedo_C4189_1415,ukzn_ISTN3SA_2019,0.3405448717948718,2.1818435879447726,8,0.9138335622710623
oviedo_C4189_1415,zambia_ICT1110_2020,0.28509615384615383,1.99563519459755,0,0.8273179945054946
oviedo_C4189_1415,zambia_ICT1110_2021,0.14663461538461536,2.146128035678238,7,0.9075377747252747
oviedo_C4189_1415,oviedo_C1112_1415,0.073963567839196,2.0293837776852097,19,0.893042220028715
oviedo_C4189_1415,oviedo_C1127_1415,0.10082547169811318,2.0492180226701815,17,0.8960790094339622
oviedo_C4189_1415,oviedo_C1200_1415,0.12938084112149534,2.3324384599156054,0,0.9042890520694259
oviedo_C4189_1415,oviedo_C1303_1415,0.15625,1.7558748556724915,19,0.8649553571428571
oviedo_C4189_1415,oviedo_C174_1415,0.0,2.4734869700645685,1,0.839657738095238
oviedo_C4189_1415,oviedo_C190_1415,0.07589285714285715,2.1986570869544226,1,0.8775510204081632
oviedo_C4189_1415,oviedo_C1978_1415,0.1882621951219512,1.806179973983887,1,0.8464721254355402
oviedo_C4189_1415,oviedo_C2011_1415,0.2520833333333333,1.7745169657285496,1,0.7771577380952381
oviedo_C4189_1415,oviedo_C2024_1415,0.3097285932721713,1.9444826721501687,17,0.8515147171253822
oviedo_C4189_1415,oviedo_C2150_1415,0.0819575471698113,2.3550682063488506,2,0.9135571091644206
oviedo_C4189_1415,oviedo_C2271_1415,0.05432046979865768,1.806179973983887,20,0.8943177732502396
oviedo_C4189_1415,oviedo_C2335_1415,0.20882009345794394,0.47712125471966244,1,0.41517857142857145
oviedo_C4189_1415,oviedo_C2406_1415,0.15531015037593987,2.271841606536499,2,0.9083646616541353
oviedo_C4189_1415,oviedo_C2468_1415,0.03125,1.8721562727482928,21,0.854202961672474
oviedo_C4189_1415,oviedo_C2607_1415,0.26771209386281586,0.3010299956639812,7,0.414404976792161
oviedo_C4189_1415,oviedo_C3022_1415,0.1830357142857143,0.6020599913279624,10,0.5100165066026411
oviedo_C4189_1415,oviedo_C3029_1415,0.13974567099567103,1.8325089127062364,2,0.6789772727272727
oviedo_C4189_1415,oviedo_C4213_1415,0.047321428571428625,2.45408227073109,2,0.9702168367346939
oviedo_C4189_1415,oviedo_C836_1415,0.0369971264367816,1.7558748556724915,0,0.8545900041050903
oviedo_C4213_1415,oulad_AAA_2013J,0.14727713539723974,0.3424920624793397,2,0.41583630841370495
oviedo_C4213_1415,oulad_AAA_2014J,0.11457925636007826,0.3040723512363,2,0.4204500978473581
oviedo_C4213_1415,oulad_BBB_2013B,0.12412887056350558,0.06138531747142426,6,0.40786817273598747
oviedo_C4213_1415,oulad_BBB_2013J,0.09935819656427619,0.2665615498946269,2,0.4178236158119931
oviedo_C4213_1415,oulad_BBB_2014B,0.12785847134886197,0.3571722577230335,7,0.4389026658400496
oviedo_C4213_1415,oulad_BBB_2014J,0.07595362752430823,0.14765724318040263,3,0.44847383979769917
oviedo_C4213_1415,oulad_CCC_2014B,0.23611275088547823,0.025924672226060663,6,0.42244054646652046
oviedo_C4213_1415,oulad_CCC_2014J,0.1722463685233902,0.09246039274704104,2,0.4168020130390026
oviedo_C4213_1415,oulad_DDD_2013B,0.1871669773051201,0.2029735821260139,6,0.41188857738029977
oviedo_C4213_1415,oulad_DDD_2013J,0.15081085065605193,0.10161662398781143,3,0.35913628609338477
oviedo_C4213_1415,oulad_DDD_2014B,0.18850628199162406,0.07739664631116513,6,0.41641627334973075
oviedo_C4213_1415,oulad_DDD_2014J,0.13930354171618736,0.027571009366514774,3,0.36162914417014724
oviedo_C4213_1415,oulad_EEE_2013J,0.0003259098316131803,0.3233445516582214,2,0.4386164351672228
oviedo_C4213_1415,oulad_EEE_2014B,0.0641622066694113,0.23699922139187846,6,0.43350879256601776
oviedo_C4213_1415,oulad_EEE_2014J,0.002813852813852824,0.2795161902302492,2,0.44393252250395104
oviedo_C4213_1415,oulad_FFF_2013B,0.09406089573375825,0.5439589936323384,6,0.48052120476443366
oviedo_C4213_1415,oulad_FFF_2013J,0.09893936549652715,0.4169065430294853,2,0.4408409092940725
oviedo_C4213_1415,oulad_FFF_2014B,0.14257142857142863,0.3631524596944082,6,0.446421768707483
oviedo_C4213_1415,oulad_FFF_2014J,0.10626698882512842,0.38476682000616536,2,0.44057902230659707
oviedo_C4213_1415,ku_Accountancy_1819,0.12355623100303947,0.3418125023138193,28,0.5639980460269214
oviedo_C4213_1415,ku_Globaleconom_1819,0.015987310132666854,0.6616905812328361,26,0.5701142637404895
oviedo_C4213_1415,ku_Accountancy_1920,0.10369807497467065,0.26939083991349116,28,0.6116225213489652
oviedo_C4213_1415,ku_Globaleconom_1920,0.17620096496748472,0.029200634100022993,26,0.5647067637627738
oviedo_C4213_1415,ku_Accountancy_2021,0.12267338470657962,0.3167697409110542,28,0.6998630987664775
oviedo_C4213_1415,ku_Globaleconom_2021,0.06513859275053313,0.0037996260029023654,26,0.561407249466951
oviedo_C4213_1415,ukzn_ISTN101_2019,0.24718614718614718,0.24996228807516518,8,0.3984346011131725
oviedo_C4213_1415,ukzn_ISTN101_2020,0.37132632193981885,0.17532866977826106,6,0.4808209173239848
oviedo_C4213_1415,ukzn_ISTN101_2021,0.3364083285135916,0.2517814415528293,17,0.42367870225013077
oviedo_C4213_1415,ukzn_ISTN102_2018,0.15683713173985547,0.7819844127953726,22,0.6270269197173033
oviedo_C4213_1415,ukzn_ISTN103_2019,0.1518867924528301,0.7819844127953726,22,0.6094660505711719
oviedo_C4213_1415,ukzn_ISTN103_2020,0.3151439133879059,0.7594770717975212,27,0.6329303255498132
oviedo_C4213_1415,ukzn_ISTN211_2019,0.35357142857142854,0.27654577080122783,4,0.38826530612244897
oviedo_C4213_1415,ukzn_ISTN211_2021,0.36944080384447353,0.4328929716611519,22,0.5210260250889347
oviedo_C4213_1415,ukzn_ISTN212_2018,0.23655462184873943,0.6759310203474463,23,0.5067226890756302
oviedo_C4213_1415,ukzn_ISTN212_2019,0.2623376623376623,0.6280074680302635,22,0.5447588126159555
oviedo_C4213_1415,ukzn_ISTN2IP_2018,0.1689033189033189,0.6906542771681526,21,0.6238095238095239
oviedo_C4213_1415,ukzn_ISTN2IP_2019,0.18004926108374375,0.4087592919444325,8,0.45376495425756513
oviedo_C4213_1415,ukzn_ISTN3ND_2018,0.025595238095238004,0.7819844127953726,23,0.5982426303854876
oviedo_C4213_1415,ukzn_ISTN3ND_2019,0.22411915438821262,0.27510532343792055,22,0.4702342820536286
oviedo_C4213_1415,ukzn_ISTN3SA_2018,0.2086626139817629,0.343492560431841,5,0.3481907656679693
oviedo_C4213_1415,ukzn_ISTN3SA_2019,0.2932234432234432,0.2722386827863174,6,0.3534013605442176
oviedo_C4213_1415,zambia_ICT1110_2020,0.33241758241758246,0.4584470761335401,2,0.3576923076923077
oviedo_C4213_1415,zambia_ICT1110_2021,0.193956043956044,0.3079542350528519,5,0.3792778649921507
oviedo_C4213_1415,oviedo_C1112_1415,0.12128499641062462,0.42469849304588037,17,0.46552661265511236
oviedo_C4213_1415,oviedo_C1127_1415,0.05350404312668455,0.40486424806090837,15,0.438929534077782
oviedo_C4213_1415,oviedo_C1200_1415,0.17670226969292396,0.12164381081548467,2,0.28736410452031275
oviedo_C4213_1415,oviedo_C1303_1415,0.20357142857142863,0.6982074150585985,17,0.550765306122449
oviedo_C4213_1415,oviedo_C174_1415,0.047321428571428625,0.01940469933347837,1,0.32206632653061223
oviedo_C4213_1415,oviedo_C190_1415,0.12321428571428578,0.25542518377666734,3,0.34209183673469384
oviedo_C4213_1415,oviedo_C1978_1415,0.14094076655052257,0.6479022967472028,1,0.5865355898456943
oviedo_C4213_1415,oviedo_C2011_1415,0.2047619047619047,0.6795653050025404,1,0.6071428571428571
oviedo_C4213_1415,oviedo_C2024_1415,0.26240716470074266,0.5095995985809213,15,0.5476128065905261
oviedo_C4213_1415,oviedo_C2150_1415,0.03463611859838267,0.0990140643822393,0,0.29441663457835965
oviedo_C4213_1415,oviedo_C2271_1415,0.0069990412272290525,0.6479022967472028,18,0.5584988357759211
oviedo_C4213_1415,oviedo_C2335_1415,0.25614152202937257,1.9769610160114275,3,0.8747091359908449
oviedo_C4213_1415,oviedo_C2406_1415,0.2026315789473685,0.18224066419459103,0,0.3573576799140709
oviedo_C4213_1415,oviedo_C2468_1415,0.07857142857142863,0.5819259979827971,19,0.5274763563962169
oviedo_C4213_1415,oviedo_C2607_1415,0.3150335224342445,2.153052275067109,5,0.8975723863552643
oviedo_C4213_1415,oviedo_C3022_1415,0.13571428571428568,1.8520222794031276,8,0.8442376950780313
oviedo_C4213_1415,oviedo_C3029_1415,0.09242424242424241,0.6215733580248536,4,0.7213048855905998
oviedo_C4213_1415,oviedo_C4189_1415,0.047321428571428625,2.45408227073109,2,0.9702168367346939
oviedo_C4213_1415,oviedo_C836_1415,0.08431855500821023,0.6982074150585985,2,0.5713581984517945
oviedo_C836_1415,oulad_AAA_2013J,0.23159569040544997,1.0406994775379383,4,0.5540864405544338
oviedo_C836_1415,oulad_AAA_2014J,0.1988978113682885,1.0022797662948986,4,0.5100794025687744
oviedo_C836_1415,oulad_BBB_2013B,0.03981031555529535,0.6368220975871743,8,0.41033339745358954
oviedo_C836_1415,oulad_BBB_2013J,0.015039641556065964,0.43164586516397163,4,0.35158731382121694
oviedo_C836_1415,oulad_BBB_2014B,0.04353991634065174,0.341035157335565,9,0.33869718227415385
oviedo_C836_1415,oulad_BBB_2014J,0.008364927483901996,0.5505501718781959,5,0.34819547967228054
oviedo_C836_1415,oulad_CCC_2014B,0.151794195877268,0.7241320872846593,8,0.3701307182890255
oviedo_C836_1415,oulad_CCC_2014J,0.08792781351517998,0.7906678078056396,4,0.375720609328185
oviedo_C836_1415,oulad_DDD_2013B,0.10284842229690988,0.9011809971846125,8,0.5378014862758292
oviedo_C836_1415,oulad_DDD_2013J,0.0664922956478417,0.79982403904641,5,0.4974403554525258
oviedo_C836_1415,oulad_DDD_2014B,0.10418772698341383,0.7756040613697638,8,0.44979621636366557
oviedo_C836_1415,oulad_DDD_2014J,0.054984986707977135,0.6706364056920838,5,0.44053561524443385
oviedo_C836_1415,oulad_EEE_2013J,0.08464446483982341,1.02155196671682,4,0.4836124170397148
oviedo_C836_1415,oulad_EEE_2014B,0.020156348338798924,0.9352066364504771,8,0.45634881200815813
oviedo_C836_1415,oulad_EEE_2014J,0.0815047021943574,0.9777236052888478,4,0.45966230448989076
oviedo_C836_1415,oulad_FFF_2013B,0.009742340725548027,1.242166408690937,8,0.5777555990990165
oviedo_C836_1415,oulad_FFF_2013J,0.014620810488316927,1.115113958088084,4,0.5235182296218138
oviedo_C836_1415,oulad_FFF_2014B,0.0582528735632184,1.0613598747530069,8,0.5086798029556651
oviedo_C836_1415,oulad_FFF_2014J,0.02194843381691819,1.082974235064764,4,0.507219057339346
oviedo_C836_1415,ku_Accountancy_1819,0.2078747860112497,0.35639491274477925,30,0.5801584390175734
oviedo_C836_1415,ku_Globaleconom_1819,0.06833124487554337,0.03651683382576249,28,0.38104962131508746
oviedo_C836_1415,ku_Accountancy_1920,0.18801662998288088,0.4288165751451074,30,0.626859518568983
oviedo_C836_1415,ku_Globaleconom_1920,0.26051951997569495,0.6690067809585756,28,0.5938311523910794
oviedo_C836_1415,ku_Accountancy_2021,0.20699193971478985,1.0149771559696528,30,0.7013878952639863
oviedo_C836_1415,ku_Globaleconom_2021,0.019179962257677097,0.7020070410615009,28,0.6239492194201406
oviedo_C836_1415,ukzn_ISTN101_2019,0.3315047021943574,0.4482451269834334,10,0.4752201821167339
oviedo_C836_1415,ukzn_ISTN101_2020,0.4556448769480291,0.5228787452803376,8,0.2895675299948623
oviedo_C836_1415,ukzn_ISTN101_2021,0.4207268835218018,0.9499888566114278,19,0.5678054552827693
oviedo_C836_1415,ukzn_ISTN102_2018,0.2411556867480657,0.08377699773677397,24,0.32367918319883976
oviedo_C836_1415,ukzn_ISTN103_2019,0.23620534746104033,0.08377699773677397,24,0.3526261513063261
oviedo_C836_1415,ukzn_ISTN103_2020,0.39946246839611615,0.06126965673892271,29,0.34239033110854133
oviedo_C836_1415,ukzn_ISTN211_2019,0.43788998357963876,0.4216616442573708,6,0.4356849636406287
oviedo_C836_1415,ukzn_ISTN211_2021,0.45375935885268376,0.2653144433974467,24,0.3886955604766425
oviedo_C836_1415,ukzn_ISTN212_2018,0.32087317685694966,0.022276394711152253,25,0.27697285810876077
oviedo_C836_1415,ukzn_ISTN212_2019,0.34665621734587254,0.07019994702833503,24,0.299205105239588
oviedo_C836_1415,ukzn_ISTN2IP_2018,0.2532218739115291,0.007553137890445899,23,0.200179131213614
oviedo_C836_1415,ukzn_ISTN2IP_2019,0.264367816091954,0.28944812311416607,10,0.41871921182266014
oviedo_C836_1415,ukzn_ISTN3ND_2018,0.10991379310344823,0.08377699773677397,25,0.3133894362342638
oviedo_C836_1415,ukzn_ISTN3ND_2019,0.30843770939642284,0.4231020916206781,24,0.5320712481683566
oviedo_C836_1415,ukzn_ISTN3SA_2018,0.2929811689899731,0.35471485462675756,7,0.378786290745205
oviedo_C836_1415,ukzn_ISTN3SA_2019,0.3775419982316534,0.42596873227228116,8,0.3670834912214223
oviedo_C836_1415,zambia_ICT1110_2020,0.24809902740937223,0.2397603389250585,0,0.27139067828723
oviedo_C836_1415,zambia_ICT1110_2021,0.10963748894783376,0.39025318000574666,7,0.41597195907540735
oviedo_C836_1415,oviedo_C1112_1415,0.036966441402414396,0.27350892201271826,19,0.3482519328993077
oviedo_C836_1415,oviedo_C1127_1415,0.13782259813489478,0.29334316699769025,17,0.3769712178950956
oviedo_C836_1415,oviedo_C1200_1415,0.09238371468471374,0.5765636042431139,0,0.5342142013105596
oviedo_C836_1415,oviedo_C1303_1415,0.1192528735632184,0.0,19,0.3485954726718274
oviedo_C836_1415,oviedo_C174_1415,0.0369971264367816,0.717612114392077,1,0.39301108374384236
oviedo_C836_1415,oviedo_C190_1415,0.03889573070607555,0.4427822312819312,1,0.4377199155524279
oviedo_C836_1415,oviedo_C1978_1415,0.2252593215587328,0.05030511831139577,1,0.1505466778805719
oviedo_C836_1415,oviedo_C2011_1415,0.28908045977011493,0.018642110056058148,1,0.13435960591133006
oviedo_C836_1415,oviedo_C2024_1415,0.3467257197089529,0.18860781647767724,17,0.3273828354499028
oviedo_C836_1415,oviedo_C2150_1415,0.1189546736065929,0.5991933506763593,2,0.43368342782786495
oviedo_C836_1415,oviedo_C2271_1415,0.09131759623543928,0.05030511831139577,20,0.31635644306322386
oviedo_C836_1415,oviedo_C2335_1415,0.17182296702116234,1.2787536009528289,1,0.6951836164694688
oviedo_C836_1415,oviedo_C2406_1415,0.11831302393915827,0.5159667508640076,2,0.33083941380544957
oviedo_C836_1415,oviedo_C2468_1415,0.005747126436781602,0.11628141707580145,21,0.31771396531699303
oviedo_C836_1415,oviedo_C2607_1415,0.23071496742603426,1.4548448600085102,7,0.6937572987616558
oviedo_C836_1415,oviedo_C3022_1415,0.2200328407224959,1.153814864344529,10,0.6179575278387217
oviedo_C836_1415,oviedo_C3029_1415,0.17674279743245264,0.07663405703374492,2,0.39630648497643567
oviedo_C836_1415,oviedo_C4189_1415,0.0369971264367816,1.7558748556724915,0,0.8545900041050903
oviedo_C836_1415,oviedo_C4213_1415,0.08431855500821023,0.6982074150585986,2,0.5713581984517945
