target,target_institution,k,seed,auc,f1_pass,f1_fail,f1_fail_baseline,recall_at_flag20,precision_at_flag20,lift_at_flag20,brier,calibration_in_large
oulad_AAA_2013J,OULAD,0,0,0.7228160328879754,0.8437025796661608,0.037383177570093455,0.430327868852459,0.3904761904761905,0.5324675324675324,1.942238713667285,0.17995966820510859,-0.06508575777632636
oulad_AAA_2013J,OULAD,25,0,0.722984496124031,0.8417618270799347,0.05825242718446602,0.43668122270742354,0.39,0.5416666666666666,1.9391666666666667,0.18108657619070334,-0.06503857470628185
oulad_AAA_2013J,OULAD,50,0,0.7278261251758087,0.8374558303886925,0.08,0.44755244755244755,0.375,0.5373134328358209,1.8638059701492538,0.18548548941558105,-0.07381457992110091
oulad_AAA_2013J,OULAD,100,0,0.7409685086155674,0.8305084745762712,0.14893617021276595,0.4619565217391305,0.4117647058823529,0.6140350877192983,2.04437564499484,0.187421457246751,-0.0860270961961325
oulad_AAA_2013J,OULAD,0,1,0.7048646796848237,0.8488549618320611,0.10810810810810811,0.430327868852459,0.3619047619047619,0.4935064935064935,1.8001236858379717,0.18454943386161596,-0.07623591903770896
oulad_AAA_2013J,OULAD,25,1,0.6829497698619171,0.8515497553017944,0.11650485436893204,0.4194260485651214,0.35789473684210527,0.4722222222222222,1.7795321637426897,0.17912171040532435,-0.02881801307409962
oulad_AAA_2013J,OULAD,50,1,0.6693679479824058,0.861646234676007,0.16842105263157894,0.40287769784172656,0.32142857142857145,0.40298507462686567,1.5975479744136463,0.17346303724705223,0.0094815333282674
oulad_AAA_2013J,OULAD,100,1,0.6891683433936955,0.8683127572016461,0.2,0.39660056657223797,0.38571428571428573,0.47368421052631576,1.9150375939849622,0.16774203254029058,0.013131936634326297
oulad_AAA_2013J,OULAD,0,2,0.6803014731072285,0.8424242424242424,0.018867924528301886,0.430327868852459,0.3238095238095238,0.44155844155844154,1.6106369820655535,0.19022645106568126,-0.08606041065292205
oulad_AAA_2013J,OULAD,25,2,0.6904110644527489,0.8366013071895425,0.038461538461538464,0.4400871459694989,0.31683168316831684,0.4444444444444444,1.5753575357535752,0.19140947579713216,-0.08481251929715869
oulad_AAA_2013J,OULAD,50,2,0.6896950899877687,0.8333333333333334,0.0784313725490196,0.4511627906976744,0.3402061855670103,0.4925373134328358,1.6908755193106633,0.19515581032158444,-0.08828894415606803
oulad_AAA_2013J,OULAD,100,2,0.7061845921069222,0.8511530398322851,0.20224719101123595,0.4277777777777778,0.33766233766233766,0.45614035087719296,1.6764638869902027,0.17858891433805116,-0.037001114316857486
oulad_AAA_2013J,OULAD,0,3,0.6762761219595752,0.8411497730711044,0.0,0.430327868852459,0.3142857142857143,0.42857142857142855,1.563265306122449,0.19137801954740677,-0.0772423394454636
oulad_AAA_2013J,OULAD,25,3,0.7015502354788068,0.8414239482200647,0.0,0.4298245614035088,0.3673469387755102,0.5,1.826530612244898,0.18259885646836538,-0.060194886706718326
oulad_AAA_2013J,OULAD,50,3,0.7107606679035251,0.8520499108734403,0.20952380952380953,0.41805225653206646,0.42045454545454547,0.5522388059701493,2.0897218453188606,0.17189861848186305,-0.022224834334423765
oulad_AAA_2013J,OULAD,100,3,0.7132371794871796,0.8486140724946695,0.26804123711340205,0.4189944134078212,0.4266666666666667,0.5614035087719298,2.1183625730994153,0.1703471081081014,-0.010348722227615348
oulad_AAA_2013J,OULAD,0,4,0.7070572113737583,0.8406676783004552,0.018691588785046728,0.430327868852459,0.3523809523809524,0.4805194805194805,1.7527520098948672,0.18472987237106564,-0.07469024475077846
oulad_AAA_2013J,OULAD,25,4,0.7050000000000001,0.8390243902439024,0.019801980198019802,0.43668122270742354,0.36,0.5,1.79,0.18553029141616545,-0.06515712114031236
oulad_AAA_2013J,OULAD,50,4,0.6996019460415744,0.8419182948490231,0.13592233009708737,0.44392523364485986,0.3263157894736842,0.4626865671641791,1.6218381775333857,0.1875921997441779,-0.06951602376675398
oulad_AAA_2013J,OULAD,100,4,0.6964759036144579,0.8312236286919831,0.13043478260869565,0.453551912568306,0.3493975903614458,0.5087719298245614,1.7347283872331434,0.1928243124955204,-0.07702518799802477
oulad_AAA_2014J,OULAD,0,0,0.7262140033879165,0.8187702265372169,0.0,0.469601677148847,0.38392857142857145,0.589041095890411,1.9196428571428572,0.19749823813688389,-0.09457759595035056
oulad_AAA_2014J,OULAD,25,0,0.7393928159499095,0.8454706927175843,0.2564102564102564,0.4615384615384615,0.4117647058823529,0.6176470588235294,2.058823529411765,0.18449318656141186,-0.08290823758172083
oulad_AAA_2014J,OULAD,50,0,0.7358129197011255,0.8416988416988417,0.26785714285714285,0.470873786407767,0.3917525773195876,0.6031746031746031,1.9587628865979378,0.18694688570072968,-0.0808867559660845
oulad_AAA_2014J,OULAD,100,0,0.7462745098039215,0.8317757009345794,0.29411764705882354,0.4857142857142857,0.38823529411764707,0.6226415094339622,1.9411764705882353,0.19017134235854355,-0.08883400362319419
oulad_AAA_2014J,OULAD,0,1,0.6973284867306607,0.8187702265372169,0.0,0.469601677148847,0.32142857142857145,0.4931506849315068,1.607142857142857,0.20322252461677612,-0.10040364137148325
oulad_AAA_2014J,OULAD,25,1,0.706408716185426,0.8366247755834829,0.2601626016260163,0.4580498866213152,0.33663366336633666,0.5,1.683168316831683,0.19094053043444315,-0.0688636774077594
oulad_AAA_2014J,OULAD,50,1,0.7155381187639251,0.8416988416988417,0.26785714285714285,0.45588235294117646,0.3655913978494624,0.5396825396825397,1.8279569892473118,0.18421984268134367,-0.05568556654867299
oulad_AAA_2014J,OULAD,100,1,0.7369718779155005,0.8413793103448276,0.2736842105263158,0.47262247838616717,0.3902439024390244,0.6037735849056604,1.951219512195122,0.18790735411703458,-0.09417144716267828
oulad_AAA_2014J,OULAD,0,2,0.6928994918125354,0.8181818181818182,0.017543859649122806,0.469601677148847,0.32142857142857145,0.4931506849315068,1.607142857142857,0.20414618352522632,-0.10068979389397131
oulad_AAA_2014J,OULAD,25,2,0.7353596757852077,0.8327402135231317,0.2033898305084746,0.4719101123595506,0.37142857142857144,0.5735294117647058,1.857142857142857,0.19163996325031288,-0.09668254920722363
oulad_AAA_2014J,OULAD,50,2,0.7307600837138508,0.8400770712909441,0.25225225225225223,0.4671532846715329,0.375,0.5714285714285714,1.8749999999999998,0.187611345403984,-0.09377935486010347
oulad_AAA_2014J,OULAD,100,2,0.7321061291649528,0.8461538461538461,0.22727272727272727,0.4548104956268222,0.41025641025641024,0.6037735849056604,2.051282051282051,0.17941138023326308,-0.06836662940515051
oulad_AAA_2014J,OULAD,0,3,0.7149209486166008,0.8195121951219512,0.034782608695652174,0.469601677148847,0.33035714285714285,0.5068493150684932,1.6517857142857142,0.20200954688845038,-0.09668978692239844
oulad_AAA_2014J,OULAD,25,3,0.7347880149211825,0.8132635253054101,0.0,0.47874720357941836,0.40186915887850466,0.6323529411764706,2.0093457943925235,0.2047894592764202,-0.11391019676551264
oulad_AAA_2014J,OULAD,50,3,0.7552207363986079,0.8060836501901141,0.019230769230769232,0.49282296650717705,0.4174757281553398,0.6825396825396826,2.087378640776699,0.20849563379889907,-0.131174517970298
oulad_AAA_2014J,OULAD,100,3,0.7503332000533119,0.8272727272727273,0.15555555555555556,0.47262247838616717,0.3780487804878049,0.5849056603773585,1.8902439024390245,0.1920573658075524,-0.08707805659307072
oulad_AAA_2014J,OULAD,0,4,0.7408596837944663,0.8214285714285714,0.03508771929824561,0.469601677148847,0.4017857142857143,0.6164383561643836,2.008928571428571,0.18981258126637046,-0.08786409334100373
oulad_AAA_2014J,OULAD,25,4,0.7355824682814303,0.8464285714285714,0.2833333333333333,0.4615384615384615,0.37254901960784315,0.5588235294117647,1.8627450980392157,0.18084695128440084,-0.06715799677994544
oulad_AAA_2014J,OULAD,50,4,0.7383704337899544,0.8471953578336557,0.3008849557522124,0.4671532846715329,0.375,0.5714285714285714,1.8749999999999998,0.1820385888649752,-0.06937838175104649
oulad_AAA_2014J,OULAD,100,4,0.7327991157778392,0.8564814814814815,0.3673469387755102,0.45029239766081874,0.37662337662337664,0.5471698113207547,1.8831168831168832,0.1704036973401929,-0.02917532715779969
oulad_BBB_2013B,OULAD,0,0,0.8182664334471872,0.6249027237354086,0.0,0.7059685097034054,0.3412863070539419,0.9320113314447592,1.7083651687374373,0.3175159467417211,-0.3314017184700682
oulad_BBB_2013B,OULAD,25,0,0.8372968237572799,0.6851932262266609,0.3861134631668078,0.7062755291496472,0.34279705573080965,0.9367816091954023,1.7159553766754898,0.2696578151213973,-0.2858652091943641
oulad_BBB_2013B,OULAD,50,0,0.8402604618572277,0.6945945945945946,0.4415156507413509,0.7065913370998118,0.35181236673773986,0.9620991253644315,1.76111321775131,0.23354065533288823,-0.23263512885409432
oulad_BBB_2013B,OULAD,100,0,0.8559816793094733,0.7419678714859438,0.61698956780924,0.7077519379844961,0.3548740416210296,0.972972972972973,1.7765015837304994,0.2002023700192967,-0.19260119651818347
oulad_BBB_2013B,OULAD,0,1,0.7931105088284081,0.6251459711950175,0.002072538860103627,0.7059685097034054,0.32468879668049794,0.886685552407932,1.6252835799842487,0.34065768367077776,-0.3507663881032143
oulad_BBB_2013B,OULAD,25,1,0.8152119883040936,0.6857638888888888,0.3864406779661017,0.7057949479940564,0.33157894736842103,0.9051724137931034,1.6598003629764067,0.29013401133311756,-0.3032000392672739
oulad_BBB_2013B,OULAD,50,1,0.8312991506763133,0.6902654867256637,0.403747870528109,0.7051282051282052,0.34545454545454546,0.9416909620991254,1.729287039491121,0.25053977753822615,-0.25379789922754725
oulad_BBB_2013B,OULAD,100,1,0.838395539266287,0.7104761904761905,0.5072933549432739,0.7032283158304161,0.34845132743362833,0.9459459459459459,1.7443494379335085,0.203108808985498,-0.16408764877753929
oulad_BBB_2013B,OULAD,0,2,0.8153087746676106,0.6249027237354086,0.0,0.7059685097034054,0.34854771784232363,0.9518413597733711,1.7447133638169572,0.3095927261006413,-0.324879636179981
oulad_BBB_2013B,OULAD,25,2,0.8311131249858815,0.691131498470948,0.40836820083682007,0.7053140096618358,0.35932560590094836,0.9798850574712644,1.7986931191938278,0.2593047839024187,-0.2714129126663186
oulad_BBB_2013B,OULAD,50,2,0.8236384988078833,0.6972804279982167,0.42989084802686817,0.7041509433962264,0.35262593783494106,0.9591836734693877,1.7651858170921102,0.24086451509300502,-0.23215193019768632
oulad_BBB_2013B,OULAD,100,2,0.8371978747804376,0.703962703962704,0.4659377628259041,0.7062475746992627,0.36153846153846153,0.987987987987988,1.80986370986371,0.22184412239747173,-0.20242421699415175
oulad_BBB_2013B,OULAD,0,3,0.788388847837208,0.6251459711950175,0.002072538860103627,0.7059685097034054,0.28734439834024894,0.7847025495750708,1.4383500052895746,0.33663788099469394,-0.3473100382603791
oulad_BBB_2013B,OULAD,25,3,0.7769976227714313,0.6263823064770933,0.0063025210084033615,0.7053140096618358,0.3066385669125395,0.8362068965517241,1.5349551251771374,0.3072679695227099,-0.3048207939540342
oulad_BBB_2013B,OULAD,50,3,0.8089890793410919,0.6254019292604501,0.014799154334038054,0.7070783132530121,0.3397231096911608,0.9300291545189504,1.7005964412236825,0.28740318907148266,-0.28970460355794747
oulad_BBB_2013B,OULAD,100,3,0.8471421612405619,0.7550908090258668,0.7066578773895847,0.7032283158304161,0.3561946902654867,0.9669669669669669,1.7831127587764755,0.18204468988403466,-0.1309641216179937
oulad_BBB_2013B,OULAD,0,4,0.8278085808921938,0.6268540202966433,0.01646090534979424,0.7059685097034054,0.34647302904564314,0.9461756373937678,1.7343281652228086,0.29227202126027285,-0.3108233733748995
oulad_BBB_2013B,OULAD,25,4,0.8386653859643529,0.7027268663388466,0.4667201283079391,0.7048327137546468,0.3470464135021097,0.9454022988505747,1.7372265871283767,0.22658906634798343,-0.2341639054746517
oulad_BBB_2013B,OULAD,50,4,0.8395484348821891,0.7442099845599588,0.6666666666666666,0.7031722054380665,0.3523093447905478,0.956268221574344,1.7636010058465614,0.19757206402680244,-0.17382725974481866
oulad_BBB_2013B,OULAD,100,4,0.8427685686592026,0.7468834688346884,0.6863666890530558,0.705242718446602,0.3590308370044053,0.978978978978979,1.7973105263854163,0.19297247337110304,-0.17005876140626314
oulad_BBB_2013J,OULAD,0,0,0.8165976715136761,0.6479298881837413,0.0,0.684891240446796,0.3587982832618026,0.9351230425055929,1.7955967777553747,0.3740550266249986,-0.3940055418449987
oulad_BBB_2013J,OULAD,25,0,0.8410796708809952,0.7256392536281963,0.48104575163398694,0.686070686070686,0.3696969696969697,0.9660633484162896,1.8501576854518031,0.26620825253428354,-0.29364802770530973
oulad_BBB_2013J,OULAD,50,0,0.8372379731563866,0.7281690140845071,0.49674054758800523,0.6853020739404869,0.3605263157894737,0.9405034324942791,1.8042815849692881,0.22882487928707346,-0.23787500597392208
oulad_BBB_2013J,OULAD,100,0,0.8401003937836928,0.7619423608369522,0.6536473291211947,0.684923076923077,0.36208445642407905,0.9437939110070258,1.812118228052124,0.19197875579326296,-0.1645362796942395
oulad_BBB_2013J,OULAD,0,1,0.7842050477227596,0.6479298881837413,0.0,0.684891240446796,0.2944206008583691,0.767337807606264,1.4734203224164917,0.37490412147405666,-0.38501673017788157
oulad_BBB_2013J,OULAD,25,1,0.828838133491464,0.7262647262647263,0.48634590377113135,0.6856803327391563,0.35528596187175043,0.9276018099547512,1.778037438145502,0.28544032577314926,-0.3099683228584783
oulad_BBB_2013J,OULAD,50,1,0.8080928191716608,0.7279077890324834,0.48444738583719393,0.6845112781954886,0.36203866432337434,0.9427917620137299,1.8118502491423791,0.25105470634975874,-0.24802963643579112
oulad_BBB_2013J,OULAD,100,1,0.8157324315552164,0.7285765507350305,0.49023569023569025,0.6837080381890976,0.37117117117117115,0.9648711943793911,1.857594362512395,0.2199985404787358,-0.1970907964176845
oulad_BBB_2013J,OULAD,0,2,0.7992245051566205,0.6479298881837413,0.0,0.684891240446796,0.3150214592274678,0.8210290827740492,1.576516788124934,0.35738596871355927,-0.3712854152889884
oulad_BBB_2013J,OULAD,25,2,0.7682312816012157,0.6495726495726496,0.0,0.6833333333333332,0.3606271777003484,0.9366515837104072,1.8047676856859067,0.2976724114947639,-0.2914993303629495
oulad_BBB_2013J,OULAD,50,2,0.8189766047594326,0.7324929971988795,0.49670619235836627,0.6821331726423622,0.3710247349823322,0.9610983981693364,1.8568217286186737,0.21979354793578812,-0.19420039717489612
oulad_BBB_2013J,OULAD,100,2,0.7976758667263049,0.729807005003574,0.4878048780487805,0.6824907521578297,0.36133694670280037,0.936768149882904,1.8083771782292375,0.22630548424303965,-0.19130567097532275
oulad_BBB_2013J,OULAD,0,3,0.7946267855998976,0.6479298881837413,0.0,0.684891240446796,0.3021459227467811,0.7874720357941835,1.5120814970571577,0.373882286215444,-0.39111774231810736
oulad_BBB_2013J,OULAD,25,3,0.8259387091172974,0.6470948012232416,0.0,0.6856803327391563,0.3587521663778163,0.9366515837104072,1.7953841448591166,0.28872403870534585,-0.31084380322342386
oulad_BBB_2013J,OULAD,50,3,0.8457729660882025,0.7398431931575196,0.5344387755102041,0.686091919495344,0.37653239929947463,0.9839816933638444,1.8843852569060662,0.22754981798660534,-0.24001428324467916
oulad_BBB_2013J,OULAD,100,3,0.8327040746474572,0.7300900900900901,0.5003335557038026,0.6861358745773133,0.36200716845878134,0.9461358313817331,1.8117314262211144,0.2170994996670028,-0.20563230451461956
oulad_BBB_2013J,OULAD,0,4,0.7945519185189929,0.6479298881837413,0.0,0.684891240446796,0.3184549356223176,0.8299776286353467,1.5936995324096745,0.38202941472956353,-0.3945012175313475
oulad_BBB_2013J,OULAD,25,4,0.807692276188019,0.7247994419253575,0.4932562620423892,0.686070686070686,0.36103896103896105,0.9434389140271493,1.806828465651995,0.24934757887745393,-0.2549827284614023
oulad_BBB_2013J,OULAD,50,4,0.8145750599038188,0.7399702823179792,0.5838287752675386,0.6853020739404869,0.3631578947368421,0.9473684210526315,1.8174515235457063,0.20485855873138933,-0.18058136247844897
oulad_BBB_2013J,OULAD,100,4,0.833628706790665,0.7531055900621118,0.6254416961130742,0.6845183133271777,0.3723021582733813,0.9695550351288056,1.8632545953869222,0.18310455242098667,-0.13264063796919084
oulad_BBB_2014B,OULAD,0,0,0.7991684805052459,0.6213675213675214,0.0,0.7090836334533814,0.33860045146726864,0.9287925696594427,1.6909056601136354,0.3210170525447459,-0.32951533285933676
oulad_BBB_2014B,OULAD,25,0,0.8175335382448052,0.6227233304423244,0.0,0.707892595606184,0.34942528735632183,0.9559748427672956,1.7449287934649027,0.28678416631674125,-0.2963908076185315
oulad_BBB_2014B,OULAD,50,0,0.8400682281193776,0.7390374331550802,0.6114649681528662,0.7093311312964493,0.36437718277066355,1.0,1.8195576251455179,0.23215748220428642,-0.241841385087479
oulad_BBB_2014B,OULAD,100,0,0.8449853470800084,0.7515777395295468,0.6625097427903351,0.7101449275362319,0.3637454981992797,1.0,1.816326530612245,0.19735166959988154,-0.18718706261971718
oulad_BBB_2014B,OULAD,0,1,0.7865908942715821,0.6213675213675214,0.0,0.7090836334533814,0.3239277652370203,0.8885448916408669,1.6176330815087114,0.3362366865630349,-0.3558620458415077
oulad_BBB_2014B,OULAD,25,1,0.8009572329159957,0.6211396259243149,0.0068415051311288486,0.7094676960585128,0.35738831615120276,0.9811320754716981,1.7846938554972014,0.2868719769430027,-0.2994473192505459
oulad_BBB_2014B,OULAD,50,1,0.8251329369215548,0.7177914110429447,0.5282051282051282,0.7103960396039604,0.3612078977932636,0.9936102236421726,1.8037314512807385,0.2570100014586929,-0.27364761459098835
oulad_BBB_2014B,OULAD,100,1,0.833466586185474,0.7445742904841403,0.6265256305939788,0.7095948827292112,0.3605769230769231,0.9900990099009901,1.8005045696877378,0.2198397261757041,-0.2164001244930278
oulad_BBB_2014B,OULAD,0,2,0.7602635836068323,0.6213675213675214,0.0,0.7090836334533814,0.309255079006772,0.848297213622291,1.5443605029037872,0.32225523137906303,-0.3210453560095
oulad_BBB_2014B,OULAD,25,2,0.8059434982969346,0.6197305519339418,0.0,0.7105156313438895,0.36228571428571427,0.9968553459119497,1.80915004492363,0.2803790910981888,-0.28230037857063
oulad_BBB_2014B,OULAD,50,2,0.8193522075635897,0.7188940092165899,0.5319693094629157,0.7103960396039604,0.3623693379790941,0.9968051118210862,1.80953123086685,0.24406813211802966,-0.24269917962584492
oulad_BBB_2014B,OULAD,100,2,0.8261379895077102,0.7202983484283431,0.5430809399477807,0.711243611584327,0.362874251497006,1.0,1.8119760479041918,0.21869887533649549,-0.20904298733109739
oulad_BBB_2014B,OULAD,0,3,0.8120751969347422,0.6213675213675214,0.0,0.7090836334533814,0.3611738148984199,0.9907120743034056,1.8036327041212112,0.31420781251902374,-0.3455303149867811
oulad_BBB_2014B,OULAD,25,3,0.8358599640531296,0.7255200405885337,0.5510373443983403,0.7073667073667074,0.36478711162255467,0.9968553459119497,1.8216412995491096,0.22357693256670308,-0.2257455377614107
oulad_BBB_2014B,OULAD,50,3,0.8363879573271366,0.7597633136094675,0.7172701949860725,0.7050538525269263,0.36662749706227965,0.9968051118210862,1.8307948175985402,0.1877499436190241,-0.15044606849805808
oulad_BBB_2014B,OULAD,100,3,0.8286050324955225,0.7511520737327189,0.6651162790697674,0.7024013722126929,0.36874236874236876,0.9966996699669967,1.8412779006838411,0.1906806247955025,-0.13956467444951953
oulad_BBB_2014B,OULAD,0,4,0.7962163999987579,0.6213675213675214,0.0,0.7090836334533814,0.3611738148984199,0.9907120743034056,1.8036327041212112,0.29505312021083124,-0.30651295100362097
oulad_BBB_2014B,OULAD,25,4,0.8254262962624919,0.7206030150753768,0.5311973018549747,0.7084180561203742,0.3639494833524684,0.9968553459119497,1.8174584263010058,0.22754587045436792,-0.23152654858305477
oulad_BBB_2014B,OULAD,50,4,0.8391207072176949,0.7449035812672177,0.6468344774980931,0.7093311312964493,0.36437718277066355,1.0,1.8195576251455179,0.19491202549305192,-0.17830973104492404
oulad_BBB_2014B,OULAD,100,4,0.8370604124002543,0.768170426065163,0.7412587412587412,0.7101449275362319,0.3637454981992797,1.0,1.816326530612245,0.17862468450648838,-0.13456146104484462
oulad_BBB_2014J,OULAD,0,0,0.8071606968810916,0.6689895470383276,0.0,0.6643356643356644,0.3894736842105263,0.9694323144104804,1.9490691794989656,0.262970442508936,-0.24070849921179904
oulad_BBB_2014J,OULAD,25,0,0.8264626997173136,0.6676461945342345,0.0,0.6656856974690994,0.3881520778072502,0.9690949227373068,1.9424740847440094,0.2515838222474103,-0.23770098673616252
oulad_BBB_2014J,OULAD,50,0,0.8346894618272045,0.7499160792212152,0.5049833887043189,0.6666666666666666,0.39072256913470116,0.9776785714285714,1.9553571428571428,0.21915938452302267,-0.2059997679072283
oulad_BBB_2014J,OULAD,100,0,0.845688154506652,0.7860394537177542,0.6773455377574371,0.6646360036551934,0.39413382218148485,0.9817351598173516,1.9724688087256046,0.17682108310210443,-0.13412661563404948
oulad_BBB_2014J,OULAD,0,1,0.7748446637426902,0.6689895470383276,0.0,0.6643356643356644,0.35789473684210527,0.8908296943231441,1.7910365433233737,0.30140025243894714,-0.2860293034329277
oulad_BBB_2014J,OULAD,25,1,0.8187724457216334,0.7500823180770497,0.49298597194388777,0.6637194223401119,0.3747779751332149,0.9315673289183223,1.87554452456291,0.2456202819364325,-0.23569387124447078
oulad_BBB_2014J,OULAD,50,1,0.8253373176137291,0.7492447129909365,0.5036544850498339,0.6642835865355973,0.3811659192825112,0.9486607142857143,1.9075312299807816,0.2105566759083133,-0.18526884116550696
oulad_BBB_2014J,OULAD,100,1,0.8338990176490177,0.7759562841530054,0.62477120195241,0.6650426309378806,0.38553113553113555,0.9611872146118722,1.9294160937996556,0.19542612119677688,-0.16162518463118664
oulad_BBB_2014J,OULAD,0,2,0.7388527199074075,0.6684133915574964,0.008703220191470844,0.6643356643356644,0.3175438596491228,0.7903930131004366,1.589105952654562,0.2959782393753686,-0.26727937355125864
oulad_BBB_2014J,OULAD,25,2,0.8019851647752922,0.6690161527165932,0.001771479185119575,0.6641131408367708,0.37710736468500444,0.9381898454746137,1.8872017566024395,0.25210947739975204,-0.22811657051440776
oulad_BBB_2014J,OULAD,50,2,0.822538531263902,0.7489191885600266,0.4888287068381855,0.6634873323397913,0.3836477987421384,0.953125,1.9199517070979335,0.21834029239181083,-0.19154541545878156
oulad_BBB_2014J,OULAD,100,2,0.8378643435925229,0.75,0.4930939226519337,0.6638220054861323,0.39669421487603307,0.9863013698630136,1.9852824634891881,0.19988147646451743,-0.1676014432428568
oulad_BBB_2014J,OULAD,0,3,0.786244745979532,0.6689895470383276,0.0,0.6643356643356644,0.37105263157894736,0.9235807860262009,1.8568834750632037,0.2858565548282904,-0.2708882853580038
oulad_BBB_2014J,OULAD,25,3,0.8213708597724626,0.7505750903713441,0.4909456740442656,0.6625368731563421,0.3784505788067676,0.9381898454746137,1.8939237575164287,0.23854007043545972,-0.2139963412179925
oulad_BBB_2014J,OULAD,50,3,0.8335442332792156,0.747523061154766,0.525369299935774,0.662291169451074,0.36936936936936937,0.9151785714285714,1.8484958172458172,0.20436414789655424,-0.16722719024433536
oulad_BBB_2014J,OULAD,100,3,0.8454861443551307,0.7880373831775701,0.668227033352838,0.6630070143336383,0.39650413983440663,0.9840182648401826,1.9843312203584915,0.18242626451305724,-0.1344564345867315
oulad_BBB_2014J,OULAD,0,4,0.8092261360867447,0.6691838512924775,0.0017528483786152498,0.6643356643356644,0.37894736842105264,0.9432314410480349,1.8963916341071017,0.2534952615232986,-0.23782996798602934
oulad_BBB_2014J,OULAD,25,4,0.8253693668730337,0.7505766062602965,0.494996664442962,0.6637194223401119,0.39342806394316165,0.977924944812362,1.9688773089605904,0.2076392578041252,-0.1751407418168215
oulad_BBB_2014J,OULAD,50,4,0.8343722668805811,0.7879017013232514,0.6949429037520392,0.6634873323397913,0.3917340521114106,0.9732142857142857,1.9604190732896931,0.18408100416658524,-0.14029861511770003
oulad_BBB_2014J,OULAD,100,4,0.8355460788362395,0.7799101674152715,0.7214470284237726,0.6617826617826618,0.39114391143911437,0.9680365296803652,1.9575056024532849,0.1687228266105721,-0.08888220307006228
oulad_CCC_2014B,OULAD,0,0,0.8647545790931033,0.5101962293189688,0.0,0.7933935805546899,0.30243519245875883,0.9948320413436692,1.5129574485792172,0.34145721551247554,-0.41852739451966087
oulad_CCC_2014B,OULAD,25,0,0.8612762365173454,0.6170009551098377,0.5358796296296297,0.7927984838913456,0.30278884462151395,0.9947643979057592,1.5147368640620762,0.2744625529867957,-0.34025527410531436
oulad_CCC_2014B,OULAD,50,0,0.8626566713272745,0.6185567010309279,0.5521613832853026,0.7933461292386436,0.3024193548387097,0.9946949602122016,1.5128989475485584,0.24474839579839233,-0.29462000099979985
oulad_CCC_2014B,OULAD,100,0,0.8699526594263436,0.72552783109405,0.7965860597439545,0.7893175074183977,0.30492898913951544,0.9945504087193461,1.525475814877794,0.17580902947681276,-0.17368723855117973
oulad_CCC_2014B,OULAD,0,1,0.8506094201533414,0.5101962293189688,0.0,0.7933935805546899,0.29772191673212883,0.979328165374677,1.4893788909390218,0.352122363345786,-0.4157063788096248
oulad_CCC_2014B,OULAD,25,1,0.8525504879099064,0.592391304347826,0.4423791821561338,0.7935606060606061,0.3031026252983294,0.9973821989528796,1.5163065888615377,0.2806247446109179,-0.3364251041734708
oulad_CCC_2014B,OULAD,50,1,0.8610066900286715,0.6161274746499276,0.5326278659611993,0.793732011512632,0.3037872683319903,1.0,1.5197421434327156,0.24612864958559888,-0.29138699139800794
oulad_CCC_2014B,OULAD,100,1,0.8641983021088834,0.6781807714450202,0.7111111111111111,0.7925024662939822,0.30456431535269707,1.0,1.5236514522821578,0.18774681883905403,-0.1899453033681019
oulad_CCC_2014B,OULAD,0,2,0.8454216177981254,0.5101962293189688,0.0,0.7933935805546899,0.29615082482325217,0.9741602067183462,1.4815193717256232,0.3616135007758679,-0.41967312879749763
oulad_CCC_2014B,OULAD,25,2,0.864944688946791,0.6049096804075961,0.48707155742633795,0.7935606060606061,0.3038981702466189,1.0,1.5202863961813844,0.2680401572074447,-0.32752529303461647
oulad_CCC_2014B,OULAD,50,2,0.8560627434335364,0.6225490196078431,0.5554272517321016,0.7933461292386436,0.3032258064516129,0.9973474801061007,1.516933344742021,0.2380294270213697,-0.2777562722716067
oulad_CCC_2014B,OULAD,100,2,0.8612907683803206,0.6946107784431138,0.7452547452547452,0.7928994082840237,0.3034825870646766,0.997275204359673,1.5182398633535321,0.18798386013203294,-0.19360263901852487
oulad_CCC_2014B,OULAD,0,3,0.8543748274583265,0.5101962293189688,0.0,0.7933935805546899,0.3016496465043205,0.9922480620155039,1.509027688972518,0.38700778451771756,-0.4604293947753241
oulad_CCC_2014B,OULAD,25,3,0.8684434270765206,0.6760259179265659,0.6954314720812182,0.7912713472485768,0.30455635491606714,0.9973821989528796,1.5235790425251423,0.23132282389156547,-0.2925874851852344
oulad_CCC_2014B,OULAD,50,3,0.8631797413362629,0.7203551046290425,0.7990888382687927,0.7933461292386436,0.2991935483870968,0.9840848806366048,1.496761358774707,0.1965628150066409,-0.22937086931752332
oulad_CCC_2014B,OULAD,100,3,0.8607959937992998,0.7283702213279678,0.8143053645116919,0.7936925098554534,0.30049668874172186,0.989100817438692,1.5033022357760255,0.17606457293363983,-0.17622289662352203
oulad_CCC_2014B,OULAD,0,4,0.8402190049988212,0.5101962293189688,0.0,0.7933935805546899,0.2969363707776905,0.9767441860465116,1.4854491313323224,0.35716612617319216,-0.42872776807472796
oulad_CCC_2014B,OULAD,25,4,0.8674784594521554,0.611189468735308,0.512094395280236,0.7939413064058062,0.3036565977742448,1.0,1.5190779014308426,0.26597109373023287,-0.33629875016697675
oulad_CCC_2014B,OULAD,50,4,0.8684606325201789,0.6916524701873935,0.729985082048732,0.7941176470588235,0.3027375201288245,0.9973474801061007,1.5144906179388937,0.2089894035418129,-0.25059857824156
oulad_CCC_2014B,OULAD,100,4,0.8637939463392068,0.7246006389776358,0.7954437588989084,0.7921052631578948,0.30481727574750833,1.0,1.5249169435215946,0.17265316740363737,-0.16287657069416622
oulad_CCC_2014J,OULAD,0,0,0.6674561284043461,0.577384351798972,0.009370816599732263,0.7450389349409695,0.2933243425488874,0.87,1.4654484153742415,0.32422934303476536,-0.3200223222646011
oulad_CCC_2014J,OULAD,25,0,0.7464166479080275,0.5754222481071637,0.03571428571428571,0.7453069507864029,0.2852280462899932,0.8464646464646465,1.4249877948992993,0.2981296965167917,-0.29314577749403076
oulad_CCC_2014J,OULAD,50,0,0.7803106364853352,0.6396006655574044,0.4272871496562665,0.7446153846153846,0.3009641873278237,0.8918367346938776,1.5035925113847193,0.25339297952059714,-0.23982075995179575
oulad_CCC_2014J,OULAD,100,0,0.7864381585621728,0.6691729323308271,0.5880149812734082,0.7445026178010471,0.31223628691983124,0.925,1.5598804500703236,0.21990468923671405,-0.17149667487426012
oulad_CCC_2014J,OULAD,0,1,0.7343213231068696,0.5775370581527937,0.004032258064516129,0.7450389349409695,0.26972353337828725,0.8,1.3475387727579233,0.3310113427989997,-0.33779580717089175
oulad_CCC_2014J,OULAD,25,1,0.7933217354738507,0.6126070991432069,0.24553039332538737,0.7456251585087497,0.30612244897959184,0.9090909090909091,1.5293753865182436,0.28232502530956105,-0.2861970175541841
oulad_CCC_2014J,OULAD,50,1,0.8184005699441689,0.6421839454013649,0.39472237493128093,0.7459016393442622,0.32211538461538464,0.9571428571428572,1.6092621664050237,0.2518916709654499,-0.2595059319286379
oulad_CCC_2014J,OULAD,100,1,0.8174800856000467,0.6749816581071166,0.5719806763285025,0.7441738675045824,0.3230119634060521,0.95625,1.613713933849402,0.21297471076421493,-0.1791557127826911
oulad_CCC_2014J,OULAD,0,2,0.6274257678982491,0.5734828875467357,0.02369980250164582,0.7450389349409695,0.24072825354012137,0.714,1.2026783546864463,0.3319858444680748,-0.31689524596425234
oulad_CCC_2014J,OULAD,25,2,0.7073926583647401,0.6040561622464898,0.27110855829982766,0.7446700507614213,0.28698023176550785,0.8505050505050505,1.433741642739598,0.26977182319141896,-0.23884060779983796
oulad_CCC_2014J,OULAD,50,2,0.7591090947813293,0.6358004564721226,0.3892837616183707,0.7446153846153846,0.30578512396694213,0.9061224489795918,1.527677517287907,0.26210989313768995,-0.24354209040366592
oulad_CCC_2014J,OULAD,100,2,0.8253082167375348,0.7278538812785388,0.7712970069071374,0.7435158501440923,0.3269908386187456,0.9666666666666667,1.6335917312661499,0.18509022070374773,-0.12029662275033298
oulad_CCC_2014J,OULAD,0,3,0.6340050955160124,0.579097658480868,0.013386880856760375,0.7450389349409695,0.21847606203641268,0.648,1.091506405933918,0.3685352366687321,-0.36879314517059825
oulad_CCC_2014J,OULAD,25,3,0.7119413867241813,0.6110940851976708,0.24598930481283424,0.7456251585087497,0.2857142857142857,0.8484848484848485,1.4274170274170275,0.30446321933121256,-0.2987116050180809
oulad_CCC_2014J,OULAD,50,3,0.7966610267978035,0.6388254486133769,0.3954123429819771,0.7462227912932139,0.3218943033630748,0.9571428571428572,1.608157662515933,0.25037386409483253,-0.24007204686561218
oulad_CCC_2014J,OULAD,100,3,0.8274093779161196,0.7106598984771574,0.6684563758389261,0.7461437908496732,0.3265592151366503,0.9708333333333333,1.6314354122868489,0.20494166190345653,-0.17246708435919283
oulad_CCC_2014J,OULAD,0,4,0.6336174509797409,0.6113458056729029,0.2342449464922711,0.7450389349409695,0.275118004045853,0.816,1.3744895482130817,0.3350971241076024,-0.33332547484988645
oulad_CCC_2014J,OULAD,25,4,0.8118579292807994,0.633816425120773,0.3824008690928843,0.7459432048681541,0.3127124405166553,0.9292929292929293,1.5622987179751286,0.24461474284240045,-0.23278873829735564
oulad_CCC_2014J,OULAD,50,4,0.8329647642404845,0.6807293528780837,0.5745593139590282,0.7465437788018433,0.32373113854595337,0.963265306122449,1.617334341143865,0.2223599548974561,-0.20873684280611465
oulad_CCC_2014J,OULAD,100,4,0.8391692495050762,0.7339614176760879,0.7689910401246591,0.74581589958159,0.32748948106591863,0.9729166666666667,1.6360828658251518,0.1800888177847062,-0.12793032533799853
oulad_DDD_2013B,OULAD,0,0,0.8157740523700022,0.6096832038254633,0.30010718113612006,0.7566793893129771,0.31525851197982346,0.9578544061302682,1.5738767858609577,0.30590620417253284,-0.35009665092619224
oulad_DDD_2013B,OULAD,25,0,0.8049743498845295,0.615288999378496,0.34635691657866946,0.7562043795620438,0.3088803088803089,0.9375,1.541988416988417,0.27489089735294053,-0.29814938875746844
oulad_DDD_2013B,OULAD,50,0,0.8103906926060063,0.6514131897711979,0.492156862745098,0.7557100297914597,0.32457293035479634,0.9840637450199203,1.620278413285099,0.2491739697802687,-0.2616674105071176
oulad_DDD_2013B,OULAD,100,0,0.815790543090186,0.6918429003021148,0.6229205175600739,0.7572314049586777,0.3274215552523875,0.995850622406639,1.634390584932042,0.21939906604763623,-0.21475946945425678
oulad_DDD_2013B,OULAD,0,1,0.8152214227431199,0.6140878988561108,0.3216931216931217,0.7566793893129771,0.31778058007566207,0.9655172413793104,1.5864678001478454,0.2811060032861313,-0.3148608986771857
oulad_DDD_2013B,OULAD,25,1,0.7915695465560438,0.6354900704676489,0.42814070351758793,0.7555988315481987,0.3131443298969072,0.94921875,1.5632752094072164,0.25386988599003474,-0.24814189079527899
oulad_DDD_2013B,OULAD,50,1,0.815529251628056,0.6927453769559033,0.6072727272727273,0.7550919026328862,0.32763157894736844,0.9920318725099602,1.6355472845460266,0.22353728107412976,-0.21776170155062075
oulad_DDD_2013B,OULAD,100,1,0.815718141585281,0.7185725871857259,0.7041773231031543,0.7494802494802495,0.3314840499306519,0.991701244813278,1.6546693446745817,0.18462642638019913,-0.11415138782398304
oulad_DDD_2013B,OULAD,0,2,0.8111242983952723,0.6234718826405868,0.3649484536082474,0.7566793893129771,0.31778058007566207,0.9655172413793104,1.5864678001478454,0.28283811442484685,-0.3170155198342642
oulad_DDD_2013B,OULAD,25,2,0.8226745081529552,0.65234375,0.4764705882352941,0.7555988315481987,0.327319587628866,0.9921875,1.6340407538659794,0.25540932648671566,-0.2837198687981177
oulad_DDD_2013B,OULAD,50,2,0.8244822248318565,0.690677966101695,0.5981651376146789,0.7550919026328862,0.33026315789473687,1.0,1.648684210526316,0.22824988913352587,-0.2368127616141915
oulad_DDD_2013B,OULAD,100,2,0.8282500737962528,0.6984363365599404,0.6190028222013171,0.7546583850931677,0.3292181069958848,0.995850622406639,1.643358434506429,0.20515266805717064,-0.18319012206685603
oulad_DDD_2013B,OULAD,0,3,0.797981109215439,0.5744920993227991,0.09592326139088729,0.7566793893129771,0.31651954602774274,0.9616858237547893,1.5801722930044015,0.3139479833581625,-0.35255519967755095
oulad_DDD_2013B,OULAD,25,3,0.8075920231608855,0.6113483831604637,0.3053435114503817,0.7562043795620438,0.32175032175032175,0.9765625,1.6062379343629343,0.29314918152425384,-0.3260761298287988
oulad_DDD_2013B,OULAD,50,3,0.7989556135770235,0.6228239845261122,0.387434554973822,0.758791480931154,0.3224543080939948,0.9840637450199203,1.6097021834333685,0.27178678050783095,-0.289403872069597
oulad_DDD_2013B,OULAD,100,3,0.8180220649846384,0.6968325791855203,0.6277777777777778,0.7591542031975246,0.32608695652173914,0.995850622406639,1.6277286667869384,0.2200959768712685,-0.22176947255271068
oulad_DDD_2013B,OULAD,0,4,0.8053754667062285,0.6092160383004189,0.3016042780748663,0.7566793893129771,0.31778058007566207,0.9655172413793104,1.5864678001478454,0.2996905741980731,-0.3380561289192538
oulad_DDD_2013B,OULAD,25,4,0.8066728452270622,0.6189290161892902,0.35578947368421054,0.7580174927113703,0.32051282051282054,0.9765625,1.600060096153846,0.2781760798066545,-0.30836069034486613
oulad_DDD_2013B,OULAD,50,4,0.8176318191580757,0.6505050505050505,0.49167482859941236,0.760019792182088,0.32421875,0.9920318725099602,1.6185103336653386,0.2624969969986251,-0.2895948911975401
oulad_DDD_2013B,OULAD,100,4,0.8052845929945446,0.6917293233082706,0.6189591078066915,0.7578729994837377,0.32697547683923706,0.995850622406639,1.6321638947618349,0.2218458599165833,-0.20965233689526813
oulad_DDD_2013J,OULAD,0,0,0.7936055586434492,0.5988414192614048,0.005385996409335727,0.7279291106005907,0.31199278629395855,0.8917525773195877,1.558355721231164,0.32993702976450673,-0.35382538920990697
oulad_DDD_2013J,OULAD,25,0,0.813365278651515,0.638747553816047,0.2738001573564123,0.7267886855241265,0.3250915750915751,0.9268929503916449,1.623760269321627,0.26967227420616446,-0.2771548264519372
oulad_DDD_2013J,OULAD,50,0,0.8265367161716173,0.6483427647534358,0.3317972350230415,0.7277628032345014,0.3351851851851852,0.9576719576719577,1.6741524593376444,0.2521109469933776,-0.2573492644783053
oulad_DDD_2013J,OULAD,100,0,0.8484687365791399,0.7436399217221135,0.678921568627451,0.7284676582497405,0.3409306742640076,0.9755434782608695,1.7028004872207771,0.19553851044539686,-0.18058383694024638
oulad_DDD_2013J,OULAD,0,1,0.7121027539780348,0.5986984815618221,0.0,0.7279291106005907,0.26871055004508565,0.7680412371134021,1.342167644297361,0.34290212753591326,-0.34523399611213396
oulad_DDD_2013J,OULAD,25,1,0.7975567628082899,0.6400313356835096,0.27808326787117044,0.7263648468708388,0.31805682859761686,0.9060052219321149,1.588623271820473,0.26478161065169636,-0.2638126839816371
oulad_DDD_2013J,OULAD,50,1,0.842206135562503,0.6969829470922606,0.5345869711215581,0.7273340074148972,0.3410565338276182,0.9735449735449735,1.703478137213077,0.2174031738268829,-0.20572573989446735
oulad_DDD_2013J,OULAD,100,1,0.8475366716882013,0.7536656891495601,0.69079754601227,0.7253814147018031,0.3441682600382409,0.9782608695652174,1.718970820517084,0.18069381615933647,-0.13222840020470417
oulad_DDD_2013J,OULAD,0,2,0.7540443851762257,0.634184068058778,0.26666666666666666,0.7279291106005907,0.2813345356176736,0.8041237113402062,1.4052225000697203,0.29995857149099653,-0.3038459363310599
oulad_DDD_2013J,OULAD,25,2,0.8322303798317074,0.6677672307057367,0.4262295081967213,0.7293258053802723,0.3333333333333333,0.9556135770234987,1.6649260226283726,0.2522387363450788,-0.27103178955973656
oulad_DDD_2013J,OULAD,50,2,0.8426544737807115,0.6884400515685432,0.4996549344375431,0.7277628032345014,0.3425925925925926,0.9788359788359788,1.7111503037428963,0.22773712706216667,-0.23508833638689985
oulad_DDD_2013J,OULAD,100,2,0.8423443974363939,0.7200374531835206,0.6116883116883117,0.7289073305670816,0.34345351043643263,0.9836956521739131,1.7154009570167479,0.20603390043222686,-0.19231976668729567
oulad_DDD_2013J,OULAD,0,3,0.7499089041192741,0.5992049150704735,0.0,0.7279291106005907,0.25247971145175835,0.7216494845360825,1.2610971154471846,0.35220986496154333,-0.3682636969674644
oulad_DDD_2013J,OULAD,25,3,0.82168670663496,0.6014705882352941,0.019891500904159132,0.7280585106382979,0.3223744292237443,0.9216710182767625,1.610188728733741,0.29483019901557994,-0.3134418696447596
oulad_DDD_2013J,OULAD,50,3,0.8496791177027236,0.6697440201426773,0.43503230437903806,0.7290474587680916,0.3397968605724838,0.9735449735449735,1.697186435875263,0.24311146780330806,-0.26521752800218407
oulad_DDD_2013J,OULAD,100,3,0.8457381147936999,0.7292452830188679,0.6311053984575835,0.7262647262647263,0.3435114503816794,0.9782608695652174,1.7156903418519747,0.2106327013693371,-0.19963041235816137
oulad_DDD_2013J,OULAD,0,4,0.7702447678333102,0.5992049150704735,0.0,0.7279291106005907,0.29305680793507666,0.8376288659793815,1.4637734375726252,0.3315396224584306,-0.3481732341123713
oulad_DDD_2013J,OULAD,25,4,0.7820165008763997,0.5973548861131521,0.007246376811594203,0.7280585106382979,0.2958904109589041,0.8459530026109661,1.4779069351550485,0.3002101213116748,-0.3111984360751968
oulad_DDD_2013J,OULAD,50,4,0.7922437673130194,0.6347305389221557,0.2800944138473643,0.7290474587680916,0.30009233610341646,0.8597883597883598,1.498873890378969,0.28525947165069987,-0.291919898228114
oulad_DDD_2013J,OULAD,100,4,0.8336290260161185,0.7475247524752475,0.6920289855072463,0.7280276816608996,0.33935361216730037,0.970108695652174,1.694923747726897,0.19879015098702932,-0.17664399474704018
oulad_DDD_2014B,OULAD,0,0,0.811371320424449,0.5615474794841735,0.0026666666666666666,0.7577137076378352,0.29506008010680906,0.8983739837398373,1.4729015380941524,0.3619373481202904,-0.39991047237158656
oulad_DDD_2014B,OULAD,25,0,0.8359061573347288,0.6177248677248677,0.3534675615212528,0.7585139318885449,0.3197278911564626,0.975103734439834,1.5959861122872385,0.2798049157632166,-0.31727863381617516
oulad_DDD_2014B,OULAD,50,0,0.842345948568656,0.6439232409381663,0.4720758693361433,0.7586933614330874,0.31805555555555554,0.9703389830508474,1.5875823917137477,0.23806371726278588,-0.26367310977631714
oulad_DDD_2014B,OULAD,100,0,0.8491095014067465,0.6875502008032128,0.6152324431256182,0.7583929554210237,0.32075471698113206,0.9778761061946902,1.6009350475872433,0.21340135358046183,-0.2246154742930953
oulad_DDD_2014B,OULAD,0,1,0.7734404397233889,0.5612185120093731,0.0,0.7577137076378352,0.28437917222963954,0.8658536585365854,1.4195838353577126,0.3881447953025393,-0.42039372749477305
oulad_DDD_2014B,OULAD,25,1,0.8159869309189088,0.5987179487179487,0.26004728132387706,0.7591542031975246,0.30434782608695654,0.9294605809128631,1.5192134223344758,0.3345109517550243,-0.37660990360671254
oulad_DDD_2014B,OULAD,50,1,0.8087139131489568,0.6221009549795361,0.3775280898876405,0.7586933614330874,0.31666666666666665,0.9661016949152542,1.5806497175141243,0.29133829293160113,-0.3210852743149227
oulad_DDD_2014B,OULAD,100,1,0.8237520282838411,0.654572940287226,0.5101822079314041,0.7563395810363837,0.32215743440233235,0.9778761061946902,1.6079362212647383,0.23659497277243963,-0.24246582460033977
oulad_DDD_2014B,OULAD,0,2,0.7931772634911963,0.5612185120093731,0.0,0.7577137076378352,0.30574098798397864,0.9308943089430894,1.5262192408305923,0.3514510456541736,-0.3879572525668724
oulad_DDD_2014B,OULAD,25,2,0.8039541490678179,0.5996156310057655,0.2603550295857988,0.7578729994837377,0.3106267029972752,0.946058091286307,1.5505557000237429,0.30490752952955574,-0.33773286500522876
oulad_DDD_2014B,OULAD,50,2,0.8241104676789325,0.6101010101010101,0.33524684270952926,0.760652288269332,0.318118948824343,0.9745762711864406,1.5878988208265936,0.29392362307539066,-0.32495500933615007
oulad_DDD_2014B,OULAD,100,2,0.8523602978625665,0.6373134328358209,0.46943231441048033,0.7638356164383561,0.31850789096126253,0.9823008849557522,1.5897208009040007,0.2435498075859371,-0.27028677748155017
oulad_DDD_2014B,OULAD,0,3,0.7518110438134632,0.5612185120093731,0.0,0.7577137076378352,0.24699599465954605,0.7520325203252033,1.232971875780173,0.39350401438701343,-0.4230746917637058
oulad_DDD_2014B,OULAD,25,3,0.7694814263103994,0.5596165368484122,0.0027137042062415195,0.7591542031975246,0.26902173913043476,0.8215767634854771,1.3428761500992241,0.3460430205296742,-0.3758810220458252
oulad_DDD_2014B,OULAD,50,3,0.8090903554845094,0.5960526315789474,0.26555023923444976,0.7619548081975828,0.2993103448275862,0.9194915254237288,1.4940151957919345,0.3014774258453096,-0.3367129615953269
oulad_DDD_2014B,OULAD,100,3,0.8418362769368801,0.6245461147421931,0.4118316268486917,0.7624794295117937,0.3194244604316547,0.9823008849557522,1.59429553702171,0.24690665075362297,-0.26613792184408835
oulad_DDD_2014B,OULAD,0,4,0.8136847738529592,0.5618768328445748,0.005326231691078562,0.7577137076378352,0.30707610146862485,0.9349593495934959,1.5328839536726473,0.34820645305477826,-0.388911224937338
oulad_DDD_2014B,OULAD,25,4,0.842323681609396,0.6141732283464567,0.3333333333333333,0.7585139318885449,0.3224489795918367,0.983402489626556,1.6095689728173426,0.29160776411185413,-0.3381955286556115
oulad_DDD_2014B,OULAD,50,4,0.8303677235241481,0.6799693016116654,0.603988603988604,0.7560718057022175,0.3198324022346369,0.9703389830508474,1.59645156708645,0.22945854326219223,-0.25022084184939836
oulad_DDD_2014B,OULAD,100,4,0.8349088630929148,0.7386046511627907,0.7620660457239627,0.7515218594355285,0.32547864506627394,0.9778761061946902,1.6245128833396327,0.18441690321165316,-0.15386746402753254
oulad_DDD_2014J,OULAD,0,0,0.8030515341346203,0.6108754338603933,0.003948667324777887,0.718550106609808,0.3165182987141444,0.8864265927977839,1.5808379295889263,0.3249024751595577,-0.33803546606266
oulad_DDD_2014J,OULAD,25,0,0.8441280043104278,0.6963963963963964,0.49550898203592814,0.7167087693973295,0.3464249748237664,0.9662921348314607,1.7301786663951029,0.225188007024041,-0.22970305090783322
oulad_DDD_2014J,OULAD,50,0,0.8436260791509358,0.7344064386317908,0.6521739130434783,0.7171606293450422,0.3408163265306122,0.9515669515669516,1.7021396592825164,0.20632694540383242,-0.19551238412341765
oulad_DDD_2014J,OULAD,100,0,0.8416090025861467,0.7370666666666666,0.6779882429784455,0.7161703731624576,0.34,0.9472140762463344,1.6980058651026395,0.19055265707263158,-0.14081433344760358
oulad_DDD_2014J,OULAD,0,1,0.742570362377484,0.6097372488408037,0.007858546168958742,0.718550106609808,0.2838773491592483,0.7950138504155124,1.4178140181000682,0.34451401629749645,-0.3476801827375746
oulad_DDD_2014J,OULAD,25,1,0.749068245711237,0.6115702479338843,0.027586206896551724,0.7162454873646209,0.2923387096774194,0.8146067415730337,1.460051196085538,0.29644467863880386,-0.28061441952052674
oulad_DDD_2014J,OULAD,50,1,0.8019972542704016,0.6537467700258398,0.32094594594594594,0.7171606293450422,0.3183673469387755,0.8888888888888888,1.5900226757369613,0.2533104918084748,-0.24054354455653387
oulad_DDD_2014J,OULAD,100,1,0.8183174057618688,0.6976511744127936,0.5693950177935944,0.7152018106374952,0.33438818565400846,0.9296187683284457,1.6699797072398133,0.2075451773643396,-0.16041474091422203
oulad_DDD_2014J,OULAD,0,2,0.7053278831839663,0.608662026295437,0.00784313725490196,0.718550106609808,0.2898120672601385,0.8116343490304709,1.4474547292798607,0.3327878588492753,-0.3253900400569788
oulad_DDD_2014J,OULAD,25,2,0.8065104568110579,0.6629261976694001,0.3696529459241324,0.7190201729106629,0.3196392785571142,0.8960674157303371,1.5964006665015422,0.2744434861462796,-0.2756056931942533
oulad_DDD_2014J,OULAD,50,2,0.7849202887055838,0.6687956204379562,0.4474885844748858,0.7195032870708545,0.31675126903553297,0.8888888888888888,1.58195149464185,0.25430747220266536,-0.23699897987870466
oulad_DDD_2014J,OULAD,100,2,0.8183723080803128,0.6813289658399626,0.46335697399527187,0.7200300638857572,0.3267223382045929,0.9178885630498533,1.6316954309748437,0.23582898053908907,-0.2176285222916649
oulad_DDD_2014J,OULAD,0,3,0.7368872953071766,0.6104046242774567,0.0,0.718550106609808,0.26112759643916916,0.7313019390581718,1.3041912919108642,0.35756871828570774,-0.3636128533808715
oulad_DDD_2014J,OULAD,25,3,0.7739992881199557,0.6093077825576848,0.0,0.719481454807346,0.3003003003003003,0.8426966292134831,1.4998144211627356,0.3156687439258338,-0.3227591295197091
oulad_DDD_2014J,OULAD,50,3,0.8134241049449706,0.6479113384484229,0.28793103448275864,0.7213712618526623,0.3114256825075834,0.8774928774928775,1.5553539072244835,0.2734599796319058,-0.28118308180825835
oulad_DDD_2014J,OULAD,100,3,0.8291954071332436,0.6790123456790124,0.48,0.7209913631242959,0.3260416666666667,0.9178885630498533,1.6282960654936462,0.22349535415093055,-0.21016300592241194
oulad_DDD_2014J,OULAD,0,4,0.794941252285466,0.6108754338603933,0.003948667324777887,0.718550106609808,0.3105835806132542,0.8698060941828255,1.551197218409134,0.3141748016751933,-0.32896200500101097
oulad_DDD_2014J,OULAD,25,4,0.8166806087216871,0.6521008403361345,0.29591836734693877,0.719481454807346,0.3253253253253253,0.9129213483146067,1.6247989562596303,0.26294618680457665,-0.27677801947099306
oulad_DDD_2014J,OULAD,50,4,0.8243964551153964,0.6829048263419035,0.4546159813809154,0.7190354402630618,0.3363821138211382,0.9430199430199431,1.6799938619044312,0.23396282344151603,-0.2319794308749914
oulad_DDD_2014J,OULAD,100,4,0.8387674003602634,0.7366737739872068,0.677124183006536,0.7195488721804512,0.3448275862068966,0.967741935483871,1.7221154818485187,0.20546110319500918,-0.1887186868582158
oulad_EEE_2013J,OULAD,0,0,0.8201655379984951,0.7332931968693558,0.0,0.5926421404682275,0.417607223476298,0.8809523809523809,2.092013329033645,0.25530940957331283,-0.22128223960868199
oulad_EEE_2013J,OULAD,25,0,0.8428245040060304,0.7339108910891089,0.0182648401826484,0.594113620807666,0.41935483870967744,0.8878048780487805,2.100865460267506,0.2178165612597372,-0.18317535833767984
oulad_EEE_2013J,OULAD,50,0,0.8557275365153886,0.782608695652174,0.39849624060150374,0.596638655462185,0.42488262910798125,0.905,2.128661971830986,0.19708646029731172,-0.16086708264500355
oulad_EEE_2013J,OULAD,100,0,0.8663613749434644,0.8439661798616449,0.6633499170812603,0.5937961595273265,0.472636815920398,1.0,2.3681592039800994,0.1630627244551602,-0.11412649097567329
oulad_EEE_2013J,OULAD,0,1,0.8200932587559816,0.7332931968693558,0.0,0.5926421404682275,0.3860045146726862,0.8142857142857143,1.9336988068365042,0.26142048102148274,-0.23234117821798006
oulad_EEE_2013J,OULAD,25,1,0.8462881315075311,0.7749510763209393,0.3378119001919386,0.5931506849315069,0.4387990762124711,0.926829268292683,2.1982763476595504,0.23032990134481424,-0.2131917105989478
oulad_EEE_2013J,OULAD,50,1,0.8527458707478535,0.79890560875513,0.4575645756457565,0.5887323943661972,0.4569377990430622,0.955,2.2892583732057417,0.19782576575315328,-0.16294437919881682
oulad_EEE_2013J,OULAD,100,1,0.8528064928739523,0.8078034682080925,0.48846153846153845,0.5843866171003718,0.46564885496183206,0.9631578947368421,2.3331458417034954,0.18161418734659054,-0.1319147474023032
oulad_EEE_2013J,OULAD,0,2,0.8434691071104242,0.7332931968693558,0.0,0.5926421404682275,0.43792325056433407,0.9238095238095239,2.1937869504460927,0.23444216082771113,-0.20629514252515946
oulad_EEE_2013J,OULAD,25,2,0.8455106077648064,0.7788778877887789,0.3784786641929499,0.5969945355191257,0.43935926773455375,0.9365853658536586,2.201082770553106,0.20933750722736094,-0.17605017869358666
oulad_EEE_2013J,OULAD,50,2,0.8501240039030736,0.7703703703703704,0.34296724470134876,0.6005586592178771,0.43023255813953487,0.925,2.15546511627907,0.20704427168834416,-0.1785193344482024
oulad_EEE_2013J,OULAD,100,2,0.8643687824015692,0.8167539267015707,0.5679012345679012,0.5948339483394833,0.4491315136476427,0.9526315789473684,2.250385268381873,0.1699850943820377,-0.11898580690978822
oulad_EEE_2013J,OULAD,0,3,0.7909332176865453,0.7332931968693558,0.0,0.5926421404682275,0.3544018058690745,0.7476190476190476,1.7753842846393635,0.26439569167780613,-0.2286441681926504
oulad_EEE_2013J,OULAD,25,3,0.8308204877442991,0.73053152039555,0.0,0.5960355434039645,0.41743119266055045,0.8878048780487805,2.0912284627433433,0.2534923330822526,-0.22768386112880942
oulad_EEE_2013J,OULAD,50,3,0.8556040371087777,0.7877133105802048,0.4230055658627087,0.5956552207428171,0.4541176470588235,0.965,2.2751294117647056,0.2086313838828609,-0.18491017418100592
oulad_EEE_2013J,OULAD,100,3,0.8586408468187872,0.8484848484848485,0.6839546191247974,0.5969049373618275,0.4691358024691358,1.0,2.3506172839506174,0.1593987119608723,-0.11322869646258893
oulad_EEE_2013J,OULAD,0,4,0.825794052344998,0.7346200241254524,0.013452914798206279,0.5926421404682275,0.4040632054176072,0.8523809523809524,2.024164248092013,0.23403729048320454,-0.20139153202670682
oulad_EEE_2013J,OULAD,25,4,0.8466679085363015,0.7760998030203545,0.3578154425612053,0.5960355434039645,0.4334862385321101,0.9219512195121952,2.1716603266950103,0.21209517696207866,-0.17744435682544146
oulad_EEE_2013J,OULAD,50,4,0.853755053468962,0.7917525773195876,0.44808743169398907,0.596638655462185,0.44835680751173707,0.955,2.2462676056338027,0.19361581182501,-0.1582984711003531
oulad_EEE_2013J,OULAD,100,4,0.8557015644454068,0.8372093023255814,0.6579804560260586,0.5979381443298969,0.4605911330049261,0.9842105263157894,2.307803992740472,0.1646317943491597,-0.12200232736438521
oulad_EEE_2014B,OULAD,0,0,0.8387610236973128,0.68,0.005917159763313609,0.6537342386032978,0.3798219584569733,0.920863309352518,1.8963772602096365,0.27795537549503985,-0.2712834961038596
oulad_EEE_2014B,OULAD,25,0,0.8462632115456837,0.679920477137177,0.030120481927710843,0.6566265060240963,0.37920489296636084,0.9253731343283582,1.8931945775708612,0.24452177223818672,-0.23892932851606086
oulad_EEE_2014B,OULAD,50,0,0.8541112011421076,0.748564867967853,0.4748201438848921,0.661122661122661,0.3805031446540881,0.937984496124031,1.899566086490176,0.21553969817866858,-0.20563602377906048
oulad_EEE_2014B,OULAD,100,0,0.8674734992347372,0.8160442600276625,0.7139784946236559,0.6636670416197976,0.4033898305084746,1.0,2.013559322033898,0.17134259669036767,-0.14655117247733518
oulad_EEE_2014B,OULAD,0,1,0.8052182297251245,0.6793529971455756,0.0,0.6537342386032978,0.3590504451038576,0.8705035971223022,1.7926691287919219,0.30220181231413923,-0.2923264936311716
oulad_EEE_2014B,OULAD,25,1,0.8341112720639521,0.7238095238095238,0.33587786259541985,0.6566265060240963,0.3730886850152905,0.9104477611940298,1.8626591811584279,0.2658369548196195,-0.2628234187880634
oulad_EEE_2014B,OULAD,50,1,0.8347200370645637,0.7258771929824561,0.3351063829787234,0.6541274817136886,0.3865814696485623,0.937984496124031,1.9299105926641404,0.23780215561201107,-0.22270081785359058
oulad_EEE_2014B,OULAD,100,1,0.8456563180827886,0.7536945812807881,0.46808510638297873,0.653061224489796,0.40625,0.9831932773109243,2.027836134453781,0.21190819736511493,-0.18932560449911856
oulad_EEE_2014B,OULAD,0,2,0.8335702233415622,0.6793529971455756,0.0,0.6537342386032978,0.37388724035608306,0.9064748201438849,1.8667463655188608,0.2713110119563787,-0.26459865595176224
oulad_EEE_2014B,OULAD,25,2,0.8569101616338805,0.7478448275862069,0.4292682926829268,0.649848637739657,0.40993788819875776,0.9850746268656716,2.046630203022156,0.22133459316700496,-0.21212681630269847
oulad_EEE_2014B,OULAD,50,2,0.851805181387175,0.75,0.445,0.6513089005235602,0.4115755627009646,0.9922480620155039,2.0546873052668313,0.21430314579472023,-0.19951709563786063
oulad_EEE_2014B,OULAD,100,2,0.857355075750703,0.7466007416563659,0.45910290237467016,0.6591422121896162,0.4075342465753425,1.0,2.0342465753424657,0.20871919752664564,-0.191940315134013
oulad_EEE_2014B,OULAD,0,3,0.7776475575393361,0.6793529971455756,0.0,0.6537342386032978,0.2818991097922849,0.6834532374100719,1.4074674978118393,0.30486539847446004,-0.2914697025696918
oulad_EEE_2014B,OULAD,25,3,0.8171332737030411,0.6791707798617966,0.0,0.6539235412474849,0.36923076923076925,0.8955223880597015,1.8433983926521242,0.27563335602034295,-0.2584614450202889
oulad_EEE_2014B,OULAD,50,3,0.8504167953071935,0.6755921730175077,0.006309148264984227,0.6583333333333333,0.39556962025316456,0.9689922480620154,1.9747816701010694,0.23735893111898598,-0.22687012908566034
oulad_EEE_2014B,OULAD,100,3,0.8544590003749446,0.770573566084788,0.5233160621761658,0.645381984036488,0.4028268551236749,0.957983193277311,2.0107491759954867,0.19686012382334217,-0.15633272901446238
oulad_EEE_2014B,OULAD,0,4,0.8345842788153837,0.68,0.005917159763313609,0.6537342386032978,0.3827893175074184,0.9280575539568345,1.9111927075550241,0.26208299239279215,-0.256922295727801
oulad_EEE_2014B,OULAD,25,4,0.8495810505961972,0.7372881355932204,0.37055837563451777,0.6484848484848484,0.3987538940809969,0.9552238805970149,1.9907936950760217,0.21822313414256286,-0.2023122321138317
oulad_EEE_2014B,OULAD,50,4,0.8581032099672334,0.7800925925925926,0.5518867924528302,0.6456361724500526,0.41368078175895767,0.9844961240310077,2.065197081029215,0.18854385772672705,-0.15467768946477262
oulad_EEE_2014B,OULAD,100,4,0.8537192902638763,0.8047493403693932,0.6558139534883721,0.6407322654462243,0.4142857142857143,0.9747899159663865,2.0679471788715484,0.1754906765888579,-0.1028716803252227
oulad_EEE_2014J,OULAD,0,0,0.8061603661932609,0.7307692307692307,0.0,0.5957446808510638,0.4027777777777778,0.8529411764705882,2.0105042016806722,0.24160274626993664,-0.2145660329252825
oulad_EEE_2014J,OULAD,25,0,0.8479789796896713,0.7841306884480747,0.3954248366013072,0.5920096852300243,0.44171779141104295,0.927038626609442,2.204797388030227,0.19373822897300283,-0.15450580854453239
oulad_EEE_2014J,OULAD,50,0,0.8401294959473151,0.7946698970321018,0.4576,0.5933250927070457,0.4395833333333333,0.9254385964912281,2.19406067251462,0.18780964582401277,-0.14078810460624486
oulad_EEE_2014J,OULAD,100,0,0.8506251469510256,0.8160843770599868,0.5766312594840668,0.5961290322580646,0.44372294372294374,0.9403669724770642,2.214543865920013,0.17261870689387263,-0.11212946905298204
oulad_EEE_2014J,OULAD,0,1,0.8242510210711966,0.7307692307692307,0.0,0.5957446808510638,0.41865079365079366,0.8865546218487395,2.089735894357743,0.24593735803070998,-0.2093757642149874
oulad_EEE_2014J,OULAD,25,1,0.8427078990459271,0.7687861271676301,0.3288590604026846,0.5987951807228915,0.4386317907444668,0.9356223175965666,2.1893938739734544,0.22037225311230513,-0.20407374408664705
oulad_EEE_2014J,OULAD,50,1,0.8520411876576258,0.8022045315370484,0.4976671850699845,0.5941939468807905,0.4365904365904366,0.9210526315789473,2.179122442280337,0.18735072249815196,-0.13604617930279234
oulad_EEE_2014J,OULAD,100,1,0.856756428918001,0.8192612137203166,0.5848484848484848,0.592496765847348,0.44541484716157204,0.9357798165137615,2.2229878610632587,0.16987914271847573,-0.09461239884987716
oulad_EEE_2014J,OULAD,0,2,0.8298088972431078,0.7667228780213603,0.304857621440536,0.5957446808510638,0.42063492063492064,0.8907563025210085,2.0996398559423772,0.23008196491358357,-0.18698903549767762
oulad_EEE_2014J,OULAD,25,2,0.8129772032333263,0.7769365171811299,0.37110016420361247,0.5954106280193237,0.39553752535496955,0.8369098712446352,1.974292454883389,0.21183656639251103,-0.15000590223383609
oulad_EEE_2014J,OULAD,50,2,0.8472273175791923,0.7948874010955569,0.4676145339652449,0.5950617283950618,0.44398340248962653,0.9385964912280702,2.216022421198224,0.1876299433840363,-0.11047147134953933
oulad_EEE_2014J,OULAD,100,2,0.8576172299289326,0.7987096774193548,0.5015974440894568,0.6006430868167202,0.4475374732334047,0.9587155963302753,2.2335815177887355,0.18473226184626684,-0.12563655420056946
oulad_EEE_2014J,OULAD,0,3,0.7826293163464215,0.7307692307692307,0.0,0.5957446808510638,0.37103174603174605,0.7857142857142857,1.8520408163265305,0.2731926050221519,-0.25325412318153084
oulad_EEE_2014J,OULAD,25,3,0.8237162039557249,0.7864768683274022,0.4375,0.5971049457177322,0.4080808080808081,0.8669527896995708,2.0369012008496985,0.2021515133544809,-0.1639873503508245
oulad_EEE_2014J,OULAD,50,3,0.8472048120490677,0.8039579468150897,0.5189681335356601,0.5976586568083796,0.44742268041237115,0.9517543859649122,2.233188641707361,0.18862116558035927,-0.15320347290744357
oulad_EEE_2014J,OULAD,100,3,0.8486958443854995,0.8421807747489239,0.7186700767263428,0.5979381443298969,0.4525862068965517,0.963302752293578,2.2587788674470106,0.16316394104532814,-0.08360684963595533
oulad_EEE_2014J,OULAD,0,4,0.8043111250348093,0.7315508021390374,0.007905138339920948,0.5957446808510638,0.39880952380952384,0.8445378151260504,1.9906962785114044,0.2509660111508152,-0.23071688657492248
oulad_EEE_2014J,OULAD,25,4,0.8116968528755697,0.7736720554272517,0.3400673400673401,0.5937122128174124,0.3971486761710794,0.8369098712446352,1.9823343793431991,0.20910233008685816,-0.1671868251581065
oulad_EEE_2014J,OULAD,50,4,0.8269029116678969,0.783816425120773,0.42258064516129035,0.5924551638837353,0.4175365344467641,0.8771929824561403,2.0840200710544625,0.1858286176445138,-0.12195740628591933
oulad_EEE_2014J,OULAD,100,4,0.8358818117111956,0.8347457627118644,0.6921052631578948,0.5897602073882048,0.45494505494505494,0.9495412844036697,2.270551466881742,0.16647453504124965,-0.07519757859065246
oulad_FFF_2013B,OULAD,0,0,0.8197853137910682,0.6991429860171403,0.34025717111770526,0.6802943581357318,0.35216346153846156,0.9071207430340558,1.7597270183376996,0.25417220808914254,-0.25851294707838385
oulad_FFF_2013B,OULAD,25,0,0.820335246915538,0.7581493165089379,0.6394984326018809,0.680780406807804,0.36341463414634145,0.9371069182389937,1.8159303574167815,0.20371245447630693,-0.16534019896072155
oulad_FFF_2013B,OULAD,50,0,0.8208558206839429,0.7580645161290323,0.6451104100946372,0.6807254323070434,0.3643122676579926,0.939297124600639,1.820397401332589,0.193417104692212,-0.1396791359717251
oulad_FFF_2013B,OULAD,100,0,0.8198238170184445,0.7511261261261262,0.646964856230032,0.6806100217864923,0.3649167733674776,0.9405940594059405,1.8233795210506965,0.19031525410442646,-0.1277990510048539
oulad_FFF_2013B,OULAD,0,1,0.8260615962522133,0.7296912114014252,0.4933214603739982,0.6802943581357318,0.36538461538461536,0.9411764705882353,1.82579185520362,0.2224191865932563,-0.20493836877997534
oulad_FFF_2013B,OULAD,25,1,0.8296792529435648,0.7560849300880372,0.6222935044105854,0.6813278008298755,0.3690621193666261,0.9528301886792453,1.8441500241307194,0.19911064575676982,-0.15989176222562934
oulad_FFF_2013B,OULAD,50,1,0.832679324480067,0.7596153846153846,0.64171974522293,0.6812816188870152,0.3725247524752475,0.9616613418530351,1.8614335874482015,0.1946383377970637,-0.15697698766965723
oulad_FFF_2013B,OULAD,100,1,0.832070283566028,0.7621681415929203,0.6475409836065574,0.681184668989547,0.3721227621483376,0.9603960396039604,1.8593856828138058,0.19032100634553573,-0.1435770936515175
oulad_FFF_2013B,OULAD,0,2,0.812189528821562,0.696236559139785,0.3192771084337349,0.6802943581357318,0.35096153846153844,0.9040247678018576,1.7537211240771613,0.25495222275034846,-0.24603261366645246
oulad_FFF_2013B,OULAD,25,2,0.8294909861469307,0.7223282442748091,0.46210720887245843,0.681874740771464,0.36496350364963503,0.9433962264150944,1.8236698342744344,0.2302291552334756,-0.21423511146570928
oulad_FFF_2013B,OULAD,50,2,0.8263664568308515,0.7329070339399901,0.5041095890410959,0.6818373367045933,0.3695920889987639,0.9552715654952076,1.8467796395976572,0.21808540697344742,-0.19177611308752185
oulad_FFF_2013B,OULAD,100,2,0.837265733092952,0.7516268980477223,0.6131756756756757,0.681184668989547,0.3695652173913043,0.9537953795379538,1.8466063997704119,0.19638957894895145,-0.14455147529889645
oulad_FFF_2013B,OULAD,0,3,0.8214122135058037,0.6652415562206071,0.11923509561304838,0.6802943581357318,0.3545673076923077,0.913312693498452,1.771738806858776,0.25894717532411715,-0.2583010864744791
oulad_FFF_2013B,OULAD,25,3,0.8299659908187901,0.7423096318709027,0.5723849372384937,0.6824212271973467,0.35844471445929527,0.9276729559748428,1.791096387659812,0.22166658406421774,-0.20973933315476728
oulad_FFF_2013B,OULAD,50,3,0.8311317000800744,0.7451181911613566,0.5803722504230119,0.6829473684210525,0.36128236744759556,0.9361022364217252,1.8052575804729696,0.2182000776039688,-0.20005216782936847
oulad_FFF_2013B,OULAD,100,3,0.8339335342359375,0.7452677122769065,0.6005089058524173,0.6874729085392284,0.3593947036569987,0.9405940594059405,1.7957873971508118,0.20792394538677716,-0.1793805576403566
oulad_FFF_2013B,OULAD,0,4,0.8158529350285265,0.7022141888838681,0.35073891625615766,0.6802943581357318,0.34375,0.8854489164086687,1.717685758513932,0.2473683380785624,-0.23965027796356225
oulad_FFF_2013B,OULAD,25,4,0.8209936141338812,0.7588357588357588,0.6299840510366826,0.6785862785862785,0.36519607843137253,0.9371069182389937,1.8248319768158838,0.19895909668915787,-0.14389489932341148
oulad_FFF_2013B,OULAD,50,4,0.8212278295370472,0.7619559376679205,0.6503551696921863,0.680168776371308,0.36228287841191065,0.9329073482428115,1.8102569387738923,0.1954377723707251,-0.1373025161680302
oulad_FFF_2013B,OULAD,100,4,0.8228113838603477,0.7603399433427762,0.665083135391924,0.6794592237243785,0.36585365853658536,0.9405940594059405,1.8280608548659745,0.19039540000958255,-0.12825951794631485
oulad_FFF_2013J,OULAD,0,0,0.7939336285226697,0.6517857142857143,0.029850746268656716,0.6845289541918754,0.3265993265993266,0.849015317286652,1.6315673142806622,0.30236183203340916,-0.29894622805311316
oulad_FFF_2013J,OULAD,25,0,0.8363602141411093,0.696969696969697,0.3352192362093352,0.6849155503785672,0.3358843537414966,0.8738938053097345,1.6779355547528745,0.24665359040688406,-0.24368056063495136
oulad_FFF_2013J,OULAD,50,0,0.8481344602628789,0.7350069735006973,0.5244055068836045,0.6837606837606837,0.36637931034482757,0.9507829977628636,1.8302572706935125,0.2140328122534169,-0.2003370391359544
oulad_FFF_2013J,OULAD,100,0,0.8571959903574922,0.7727272727272727,0.6932185145317545,0.6829562594268477,0.3710247349823322,0.9610983981693364,1.853425621204648,0.17619530609445477,-0.1326842946846985
oulad_FFF_2013J,OULAD,0,1,0.7702539089525391,0.6472856719074459,0.00502092050209205,0.6845289541918754,0.3047138047138047,0.7921225382932167,1.5222354839422674,0.3109243220471249,-0.3052834020877609
oulad_FFF_2013J,OULAD,25,1,0.7774562385807744,0.6994106090373281,0.37209302325581395,0.6845324788814448,0.33361702127659576,0.8672566371681416,1.6666089248729055,0.26135817520287813,-0.24677846627924932
oulad_FFF_2013J,OULAD,50,1,0.820552635386025,0.7058823529411765,0.4131455399061033,0.6856974690994703,0.3407725321888412,0.8881431767337807,1.702337951627925,0.23611486043839197,-0.22018054699504713
oulad_FFF_2013J,OULAD,100,1,0.8256687865939835,0.7107553080403759,0.4434025452109846,0.6873120865904991,0.3455818022747157,0.9038901601830663,1.7263274012945178,0.22295192484869233,-0.204047920249466
oulad_FFF_2013J,OULAD,0,2,0.7225377826976,0.6450653983353151,0.0066555740432612314,0.6845289541918754,0.3055555555555556,0.7943107221006565,1.526440554339898,0.30019981418455266,-0.2820198296437762
oulad_FFF_2013J,OULAD,25,2,0.8170931727589372,0.6846961501749921,0.27822286962855064,0.6849155503785672,0.32653061224489793,0.8495575221238938,1.631208235506592,0.27720971933960076,-0.27637905578977456
oulad_FFF_2013J,OULAD,50,2,0.8095193900853515,0.684789644012945,0.2921511627906977,0.6845360824742268,0.33562822719449226,0.87248322147651,1.676639443680763,0.2582734503661552,-0.2449020904624804
oulad_FFF_2013J,OULAD,100,2,0.8425858238552337,0.7440119760479041,0.5962219598583235,0.6809667673716012,0.3566992014196983,0.919908466819222,1.7818635164741452,0.18973139312288392,-0.12982694907921616
oulad_FFF_2013J,OULAD,0,3,0.7662607813292746,0.6478956727919384,0.003355704697986577,0.6845289541918754,0.2601010101010101,0.6761487964989059,1.299366752867847,0.3162016911242325,-0.30930771619795727
oulad_FFF_2013J,OULAD,25,3,0.7990817469204927,0.6861313868613139,0.2754578754578755,0.6845324788814448,0.3251063829787234,0.8451327433628318,1.6240933910751272,0.2793606349258596,-0.2723635280551672
oulad_FFF_2013J,OULAD,50,3,0.8288938065185913,0.7041694242223693,0.3808864265927978,0.6845360824742268,0.3442340791738382,0.8948545861297539,1.7196301986469364,0.23931136212699128,-0.22943265285796283
oulad_FFF_2013J,OULAD,100,3,0.8469738877492685,0.7305773342836779,0.5153846153846153,0.6841470765521398,0.36387665198237884,0.9450800915331807,1.8177179205435536,0.20109164036124574,-0.1814170237084124
oulad_FFF_2013J,OULAD,0,4,0.8233564718724535,0.649598094671033,0.024855012427506214,0.6845289541918754,0.32575757575757575,0.8468271334792122,1.6273622438830317,0.27915871155721306,-0.2811300398525366
oulad_FFF_2013J,OULAD,25,4,0.8368444633088097,0.6960752513785274,0.34612700628053034,0.6856810244470314,0.33276740237691,0.8672566371681416,1.6623645897501391,0.25297185025439456,-0.2590953509840299
oulad_FFF_2013J,OULAD,50,4,0.8389152281872829,0.7000331455087836,0.3754313319530711,0.686470588235294,0.3444730077120823,0.8993288590604027,1.7208237723066662,0.23856278195970398,-0.23738831570004942
oulad_FFF_2013J,OULAD,100,4,0.8565563009765276,0.7420058139534884,0.5600991325898389,0.688888888888889,0.3714036617262424,0.9748283752860412,1.855318520705691,0.20648663522577254,-0.2022311284898891
oulad_FFF_2014B,OULAD,0,0,0.8285672457544409,0.6072423398328691,0.0,0.7212276214833758,0.31560283687943264,0.89,1.5780141843971633,0.3309060610412873,-0.3599046509710314
oulad_FFF_2014B,OULAD,25,0,0.8475473666108385,0.6573787409700722,0.3438735177865613,0.7212830515821413,0.3293269230769231,0.9288135593220339,1.6466346153846154,0.25174878937393436,-0.26177456370167057
oulad_FFF_2014B,OULAD,50,0,0.8599777390631049,0.707163323782235,0.5575757575757576,0.722466960352423,0.3426829268292683,0.9689655172413794,1.7134146341463414,0.21369168276744105,-0.2091826537667802
oulad_FFF_2014B,OULAD,100,0,0.8598734177215189,0.7482108002602472,0.6935866983372921,0.7214611872146118,0.3430379746835443,0.9678571428571429,1.7151898734177216,0.18606985305794715,-0.16191755163291127
oulad_FFF_2014B,OULAD,0,1,0.8287000889235907,0.6072423398328691,0.0,0.7212276214833758,0.3203309692671395,0.9033333333333333,1.6016548463356974,0.3386435546942981,-0.36782332505198073
oulad_FFF_2014B,OULAD,25,1,0.8374348797751718,0.6677099634846114,0.38334946757018395,0.7207285342584562,0.3309265944645006,0.9322033898305084,1.6546329723225028,0.25416781387375975,-0.26594569609575225
oulad_FFF_2014B,OULAD,50,1,0.8608900606604563,0.6834061135371179,0.45692883895131087,0.7213403880070547,0.3410757946210269,0.9620689655172414,1.7053789731051345,0.22536976913813853,-0.23471092507518287
oulad_FFF_2014B,OULAD,100,1,0.8589345404912424,0.7148884870403858,0.5854513584574934,0.7232102143182855,0.3442622950819672,0.975,1.7213114754098362,0.20552013211736406,-0.1916462633676616
oulad_FFF_2014B,OULAD,0,2,0.8058718488154365,0.6072423398328691,0.0,0.7212276214833758,0.31678486997635935,0.8933333333333333,1.5839243498817968,0.33269878993471497,-0.3600853766302806
oulad_FFF_2014B,OULAD,25,2,0.8359250197346024,0.6503318019397651,0.3087790110998991,0.7223906453009961,0.3261390887290168,0.9220338983050848,1.630695443645084,0.2735038513662477,-0.2960360807541744
oulad_FFF_2014B,OULAD,50,2,0.8605022283432885,0.6866666666666666,0.48727272727272725,0.7213403880070547,0.33618581907090467,0.9482758620689655,1.6809290953545233,0.21924421101452227,-0.22685787542345742
oulad_FFF_2014B,OULAD,100,2,0.8616614334130781,0.7339682539682539,0.6579591836734694,0.7226277372262774,0.3409090909090909,0.9642857142857143,1.7045454545454546,0.19841128447728965,-0.19393115409676887
oulad_FFF_2014B,OULAD,0,3,0.7868445499960238,0.6075243845796563,0.0023612750885478157,0.7212276214833758,0.26713947990543735,0.7533333333333333,1.3356973995271868,0.3551395969059058,-0.3771138436110055
oulad_FFF_2014B,OULAD,25,3,0.8622088353413654,0.6916395222584147,0.48736462093862815,0.720173535791757,0.3457831325301205,0.9728813559322034,1.7289156626506024,0.23155095985305815,-0.252297236741662
oulad_FFF_2014B,OULAD,50,3,0.8595273518077914,0.7342995169082126,0.6463022508038585,0.7173816895179125,0.34525277435265106,0.9655172413793104,1.7262638717632552,0.18745301600593542,-0.1382939054239049
oulad_FFF_2014B,OULAD,100,3,0.8581041599323669,0.7598944591029023,0.7165109034267912,0.7191216834400732,0.3473282442748092,0.975,1.7366412213740459,0.17770487922499134,-0.11355774263380758
oulad_FFF_2014B,OULAD,0,4,0.8299363437222114,0.6072423398328691,0.0,0.7212276214833758,0.31678486997635935,0.8933333333333333,1.5839243498817968,0.3305648789238716,-0.3591450939563807
oulad_FFF_2014B,OULAD,25,4,0.829324683778718,0.6500508646998983,0.3008130081300813,0.7223906453009961,0.3225419664268585,0.911864406779661,1.6127098321342925,0.27362971954688764,-0.2860242364439186
oulad_FFF_2014B,OULAD,50,4,0.850099740211542,0.6874657909140668,0.4678471575023299,0.7202118270079435,0.34191176470588236,0.9620689655172414,1.7095588235294117,0.220039702467292,-0.20358743488552045
oulad_FFF_2014B,OULAD,100,4,0.855580564206202,0.7549148099606815,0.706436420722135,0.717948717948718,0.3482142857142857,0.975,1.7410714285714284,0.18573829899024125,-0.13724105293981864
oulad_FFF_2014J,OULAD,0,0,0.8502947598879785,0.6456099681251811,0.0437842064112588,0.6908386382507611,0.3605769230769231,0.9513742071881607,1.8028846153846154,0.2917597135261756,-0.3013960079829286
oulad_FFF_2014J,OULAD,25,0,0.8752006538092002,0.7601554221123278,0.6327744726879394,0.688340807174888,0.36644951140065146,0.9615384615384616,1.8322475570032573,0.1955021788026101,-0.18610923464437168
oulad_FFF_2014J,OULAD,50,0,0.8776063298774346,0.7702503681885126,0.6739811912225705,0.689127972819932,0.3689400164338537,0.9697624190064795,1.8447000821692687,0.18519335872374368,-0.174583550994022
oulad_FFF_2014J,OULAD,100,0,0.8852444791870236,0.7913779830638953,0.7194616977225673,0.6888567293777135,0.3739495798319328,0.9823399558498896,1.8697478991596639,0.17029037492744173,-0.15636121762857746
oulad_FFF_2014J,OULAD,0,1,0.8071098179647866,0.6409444284480277,0.007955449482895784,0.6908386382507611,0.32211538461538464,0.8498942917547568,1.610576923076923,0.32322859775564877,-0.32690990061938596
oulad_FFF_2014J,OULAD,25,1,0.8166445776379906,0.6920415224913494,0.34776815456362425,0.6901763224181361,0.33495539334955393,0.8824786324786325,1.6747769667477697,0.27339322538244204,-0.2724974899095039
oulad_FFF_2014J,OULAD,50,1,0.8413468013468013,0.6949044585987261,0.35704697986577183,0.6883852691218131,0.3440329218106996,0.9028077753779697,1.7201646090534979,0.2377300853957374,-0.22125781026021968
oulad_FFF_2014J,OULAD,100,1,0.865512214188001,0.7249829816201497,0.49246231155778897,0.6888567293777135,0.3680672268907563,0.9668874172185431,1.8403361344537816,0.2125646058917902,-0.1978302795324292
oulad_FFF_2014J,OULAD,0,2,0.8386535735601313,0.6409666283084005,0.004784688995215311,0.6908386382507611,0.3501602564102564,0.9238900634249472,1.7508012820512822,0.28799862506941926,-0.2949058755619498
oulad_FFF_2014J,OULAD,25,2,0.8479366356248045,0.70464,0.4064308681672026,0.6901763224181361,0.3544201135442011,0.9337606837606838,1.7721005677210055,0.2427952053598161,-0.23965188060140363
oulad_FFF_2014J,OULAD,50,2,0.8476674071723262,0.712696335078534,0.44218551461245237,0.6898698358800227,0.3584905660377358,0.9438444924406048,1.7924528301886793,0.22906248742018628,-0.21788573703598052
oulad_FFF_2014J,OULAD,100,2,0.8797891574273483,0.7341859661251297,0.5302382406841784,0.6903729401561146,0.37018425460636517,0.9757174392935982,1.8509212730318256,0.19216696598371985,-0.16463517320458687
oulad_FFF_2014J,OULAD,0,3,0.798506616853752,0.6417696064349325,0.0016012810248198558,0.6908386382507611,0.28125,0.7420718816067653,1.40625,0.3248032615360584,-0.3285402488995165
oulad_FFF_2014J,OULAD,25,3,0.8467050946509536,0.6427947598253275,0.014457831325301205,0.6905428091773923,0.34035656401944897,0.8974358974358975,1.7017828200972447,0.27202148620286953,-0.28542691676651
oulad_FFF_2014J,OULAD,50,3,0.8691084662025601,0.7081838930551027,0.4273832373640435,0.6902404526166902,0.3540983606557377,0.9330453563714903,1.7704918032786887,0.22276923555720674,-0.23341447197074205
oulad_FFF_2014J,OULAD,100,3,0.8875694283730619,0.8007905138339921,0.748,0.6896152733584032,0.37416107382550334,0.9845474613686535,1.8708053691275168,0.16499359785470447,-0.14520441956963792
oulad_FFF_2014J,OULAD,0,4,0.8676191664945023,0.6439896223695589,0.020618556701030927,0.6908386382507611,0.35176282051282054,0.9281183932346723,1.7588141025641024,0.2775360977850122,-0.29289829089980424
oulad_FFF_2014J,OULAD,25,4,0.8827494752825852,0.6978804175893705,0.37129690585911784,0.691275167785235,0.3673139158576052,0.9700854700854701,1.8365695792880259,0.24216649336570048,-0.2601219999706044
oulad_FFF_2014J,OULAD,50,4,0.8841705652101618,0.7037876335383619,0.4062297209604153,0.692459757130754,0.36541598694942906,0.9676025917926566,1.8270799347471451,0.21646987649966604,-0.23244758952650513
oulad_FFF_2014J,OULAD,100,4,0.8924124556234775,0.7576964867801521,0.6218202374222724,0.6918856482818366,0.3731218697829716,0.9867549668874173,1.8656093489148582,0.1846209908266151,-0.1798454430143454
ku_Accountancy_1819,KU Leuven,0,0,0.6185403138528138,0.807914262159934,0.19931271477663232,0.45901639344262296,0.3080357142857143,0.46,1.5442857142857145,0.20410793172183492,-0.025132512689366004
ku_Accountancy_1819,KU Leuven,25,0,0.6226771327120997,0.802065404475043,0.21232876712328766,0.46137566137566133,0.2981651376146789,0.4482758620689655,1.4949383106611833,0.20652169683997687,-0.020289316883519537
ku_Accountancy_1819,KU Leuven,50,0,0.6202782056218714,0.8017699115044248,0.18248175182481752,0.4638949671772428,0.29245283018867924,0.44285714285714284,1.4664420485175202,0.20847274552766568,-0.03328050411638689
ku_Accountancy_1819,KU Leuven,100,0,0.6155519607296257,0.8170055452865065,0.10810810810810811,0.46407538280329796,0.27918781725888325,0.4230769230769231,1.4002342834830146,0.20616507244499446,-0.02761048636260932
ku_Accountancy_1819,KU Leuven,0,1,0.5814774418290043,0.8090982940698619,0.1391941391941392,0.45901639344262296,0.26339285714285715,0.3933333333333333,1.3204761904761904,0.21261336567435463,0.019750368545490893
ku_Accountancy_1819,KU Leuven,25,1,0.5959518459655468,0.8129251700680272,0.20863309352517986,0.4531914893617021,0.26291079812206575,0.38620689655172413,1.318180346446495,0.20526680031335418,0.028978497874972864
ku_Accountancy_1819,KU Leuven,50,1,0.622957255729499,0.8165057067603161,0.21132075471698114,0.4520396912899669,0.3121951219512195,0.45714285714285713,1.5654355400696864,0.20020694027267646,0.03317453587929403
ku_Accountancy_1819,KU Leuven,100,1,0.6223154762580778,0.815515610217597,0.21052631578947367,0.4531435349940688,0.2774869109947644,0.4076923076923077,1.3917035843737415,0.20013109780649677,0.026784256680871976
ku_Accountancy_1819,KU Leuven,0,2,0.6123385078463203,0.810064935064935,0.13970588235294118,0.45901639344262296,0.28125,0.42,1.41,0.2045886530611275,-0.015734277468916535
ku_Accountancy_1819,KU Leuven,25,2,0.6109480321809089,0.8108108108108109,0.17037037037037037,0.45811240721102864,0.2777777777777778,0.41379310344827586,1.39272030651341,0.20626771700496635,-0.009689247201176865
ku_Accountancy_1819,KU Leuven,50,2,0.6057141462938564,0.8073234524847428,0.14007782101167315,0.45544554455445546,0.2560386473429952,0.37857142857142856,1.2838509316770186,0.20699716993965775,-0.0035248176519766528
ku_Accountancy_1819,KU Leuven,100,2,0.6123722594876875,0.8226691042047533,0.0761904761904762,0.458628841607565,0.25773195876288657,0.38461538461538464,1.2926249008723236,0.20353173213504988,-0.011003610174656286
ku_Accountancy_1819,KU Leuven,0,3,0.6107489515692641,0.8092485549132948,0.21160409556313994,0.45901639344262296,0.29910714285714285,0.44666666666666666,1.4995238095238095,0.21147389284935272,-0.02003005139101116
ku_Accountancy_1819,KU Leuven,25,3,0.603070413858085,0.8080808080808081,0.14285714285714285,0.45811240721102864,0.28703703703703703,0.42758620689655175,1.4391443167305236,0.20851070275520153,-0.03000780380117052
ku_Accountancy_1819,KU Leuven,50,3,0.603644691512684,0.8091468777484608,0.18726591760299627,0.45374449339207046,0.28640776699029125,0.42142857142857143,1.4361303744798892,0.20392351994496244,0.02379662283987377
ku_Accountancy_1819,KU Leuven,100,3,0.5976286408859677,0.8079847908745247,0.1984126984126984,0.458628841607565,0.28865979381443296,0.4307692307692308,1.4477398889770023,0.2062820923485192,-0.004211219966227031
ku_Accountancy_1819,KU Leuven,0,4,0.5968995197510824,0.8107229894394801,0.14652014652014653,0.45901639344262296,0.28125,0.42,1.41,0.20950909242895646,-0.01477853015914321
ku_Accountancy_1819,KU Leuven,25,4,0.6042242703533025,0.8097643097643098,0.15037593984962405,0.4597457627118644,0.2857142857142857,0.42758620689655175,1.432512315270936,0.20669886778472402,-0.014830295077435829
ku_Accountancy_1819,KU Leuven,50,4,0.5949622531939606,0.8090671316477768,0.14785992217898833,0.4605263157894737,0.29523809523809524,0.44285714285714284,1.480408163265306,0.20804346750026873,-0.013688888172550873
ku_Accountancy_1819,KU Leuven,100,4,0.603462765897037,0.8105560791705938,0.1728395061728395,0.4531435349940688,0.3036649214659686,0.4461538461538462,1.5229963753523965,0.20393397472777036,0.01997180637986734
ku_Globaleconom_1819,KU Leuven,0,0,0.6054251012145749,0.670926517571885,0.4351005484460695,0.6086142322097378,0.2676923076923077,0.5838926174496645,1.3348683531233867,0.2535222300602682,-0.03879268972576411
ku_Globaleconom_1819,KU Leuven,25,0,0.5957816377171216,0.6817248459958932,0.329004329004329,0.6098741529525653,0.24126984126984127,0.5277777777777778,1.2029982363315697,0.2528094124957805,-0.08137758714112092
ku_Globaleconom_1819,KU Leuven,50,0,0.6009318603474447,0.6896551724137931,0.3076923076923077,0.6153846153846153,0.2532467532467532,0.5611510791366906,1.2625899280575539,0.25334034240386777,-0.08790408868404759
ku_Globaleconom_1819,KU Leuven,100,0,0.605476524997073,0.6837988826815642,0.27621483375959077,0.6245989304812833,0.23972602739726026,0.5426356589147286,1.194913454390995,0.25391807317203613,-0.10493347246433493
ku_Globaleconom_1819,KU Leuven,0,1,0.604423997055576,0.6616541353383458,0.43243243243243246,0.6086142322097378,0.23384615384615384,0.5100671140939598,1.1660918946824987,0.2518900587922884,-0.04018013592459341
ku_Globaleconom_1819,KU Leuven,25,1,0.6043956043956044,0.6560364464692483,0.45878136200716846,0.6058252427184465,0.2532051282051282,0.5486111111111112,1.2625089031339032,0.256036740254657,0.0023003182759101515
ku_Globaleconom_1819,KU Leuven,50,1,0.606290543859352,0.6704805491990846,0.4375,0.6070351758793969,0.24834437086092714,0.539568345323741,1.2381485540044785,0.25391373793000654,-0.014759114827785691
ku_Globaleconom_1819,KU Leuven,100,1,0.5963291487397104,0.6666666666666666,0.44398340248962653,0.6097297297297297,0.24822695035460993,0.5426356589147286,1.2372862719225906,0.25331601488025807,-0.022462235625891447
ku_Globaleconom_1819,KU Leuven,0,2,0.5931210894368788,0.685274302213667,0.2684563758389262,0.6086142322097378,0.23384615384615384,0.5100671140939598,1.1660918946824987,0.25068855940076773,-0.08676860831531275
ku_Globaleconom_1819,KU Leuven,25,2,0.5997377090624678,0.6761177753544165,0.4277456647398844,0.6044703595724004,0.2315112540192926,0.5,1.1543408360128617,0.24316169958054099,-0.044904220401111805
ku_Globaleconom_1819,KU Leuven,50,2,0.6025770227469047,0.6765039727582293,0.43564356435643564,0.6070351758793969,0.22185430463576158,0.48201438848920863,1.1060793749106674,0.24361925709527926,-0.04380309273131311
ku_Globaleconom_1819,KU Leuven,100,2,0.6067489857812438,0.6666666666666666,0.427061310782241,0.6052060737527114,0.23655913978494625,0.5116279069767442,1.179128115362174,0.24180647516666046,-0.02729904189702481
ku_Globaleconom_1819,KU Leuven,0,3,0.5987338976812662,0.6550976138828634,0.43617021276595747,0.6086142322097378,0.2523076923076923,0.5503355704697986,1.258151781104801,0.24174198392157858,-0.015895508175999662
ku_Globaleconom_1819,KU Leuven,25,3,0.6059874571056679,0.6535796766743649,0.47368421052631576,0.6071774975751697,0.25559105431309903,0.5555555555555556,1.2744053958111465,0.24167611467482242,-0.0017470967553538386
ku_Globaleconom_1819,KU Leuven,50,3,0.6195482800088074,0.667447306791569,0.46616541353383456,0.6070351758793969,0.2682119205298013,0.5827338129496403,1.337200438324837,0.2395936222497271,-0.001091989682224126
ku_Globaleconom_1819,KU Leuven,100,3,0.6008608815426997,0.6565272496831432,0.45472837022132795,0.6067172264355364,0.2392857142857143,0.5193798449612403,1.192718715393134,0.2454971373631867,0.0073269222022475655
ku_Globaleconom_1819,KU Leuven,0,4,0.6070592565329408,0.6715481171548117,0.4075471698113208,0.6086142322097378,0.24615384615384617,0.5369127516778524,1.227465152297367,0.2461164400381772,-0.03945964448279354
ku_Globaleconom_1819,KU Leuven,25,4,0.5887646813565455,0.6905916585838991,0.2123456790123457,0.6125603864734299,0.24605678233438485,0.5416666666666666,1.2268664563617244,0.2505628871497674,-0.07755348438063497
ku_Globaleconom_1819,KU Leuven,50,4,0.5851104341203351,0.6695652173913044,0.34763948497854075,0.608433734939759,0.22442244224422442,0.4892086330935252,1.118883111332716,0.2443346310962227,-0.03647794734334908
ku_Globaleconom_1819,KU Leuven,100,4,0.6015987800078709,0.6625155666251556,0.4389233954451346,0.6067172264355364,0.2571428571428571,0.5581395348837209,1.2817275747508305,0.24353824579679356,-0.028391908842542946
ku_Accountancy_1920,KU Leuven,0,0,0.6272182209682211,0.8111011638316921,0.27986348122866894,0.4822389666307858,0.29464285714285715,0.46808510638297873,1.4732142857142856,0.2061868946500669,0.012435162277887712
ku_Accountancy_1920,KU Leuven,25,0,0.6353912195514271,0.8063610851262862,0.28865979381443296,0.47704367301231804,0.3004694835680751,0.47058823529411764,1.5023474178403755,0.20479904394259563,0.01856305096447347
ku_Accountancy_1920,KU Leuven,50,0,0.6358466495124008,0.8069835111542192,0.2867383512544803,0.478513356562137,0.28640776699029125,0.45038167938931295,1.4320388349514563,0.20463807642688278,0.0020594746186149426
ku_Accountancy_1920,KU Leuven,100,0,0.6296766011414077,0.8074921956295525,0.2570281124497992,0.4779874213836478,0.28421052631578947,0.4462809917355372,1.4210526315789473,0.20639056728875665,-0.00225140902669424
ku_Accountancy_1920,KU Leuven,0,1,0.6257981882981883,0.8159031979256698,0.15810276679841898,0.4822389666307858,0.2857142857142857,0.45390070921985815,1.4285714285714284,0.2054673241206323,-0.009311288059192235
ku_Accountancy_1920,KU Leuven,25,1,0.6330719189016603,0.8137082601054482,0.04504504504504504,0.4821428571428571,0.2824074074074074,0.4485294117647059,1.4120370370370372,0.20604600540561518,-0.004982006092842939
ku_Accountancy_1920,KU Leuven,50,1,0.6439354727398205,0.8163265306122449,0.14655172413793102,0.48027842227378187,0.2995169082125604,0.4732824427480916,1.497584541062802,0.20369927754748252,0.0034785212835953816
ku_Accountancy_1920,KU Leuven,100,1,0.6324783091202582,0.8110316649642493,0.19913419913419914,0.4818067754077792,0.2604166666666667,0.4132231404958678,1.3020833333333333,0.2052684395838532,-0.004490148210081646
ku_Accountancy_1920,KU Leuven,0,2,0.6590482996732997,0.8085836909871245,0.08979591836734693,0.4822389666307858,0.29464285714285715,0.46808510638297873,1.4732142857142856,0.20253068185857603,-0.018725747344065735
ku_Accountancy_1920,KU Leuven,25,2,0.662343129389158,0.8084730803177406,0.04405286343612335,0.48720800889877647,0.2968036529680365,0.47794117647058826,1.4840182648401825,0.20544277454655507,-0.04402003458647419
ku_Accountancy_1920,KU Leuven,50,2,0.6561935716865294,0.8073394495412844,0.045454545454545456,0.49078341013824883,0.29107981220657275,0.4732824427480916,1.4553990610328638,0.2089100444988393,-0.05712386052246482
ku_Accountancy_1920,KU Leuven,100,2,0.6728581408113368,0.8097165991902834,0.15315315315315314,0.4893882646691635,0.3010204081632653,0.48760330578512395,1.5051020408163265,0.2041385668850857,-0.04411871064852457
ku_Accountancy_1920,KU Leuven,0,3,0.6511035417285417,0.8096514745308311,0.26804123711340205,0.4822389666307858,0.3169642857142857,0.5035460992907801,1.5848214285714284,0.2045228512683894,-0.04098585560823298
ku_Accountancy_1920,KU Leuven,25,3,0.6411402295189657,0.8085106382978723,0.25806451612903225,0.483835005574136,0.29493087557603687,0.47058823529411764,1.4746543778801844,0.20777509618127665,-0.043693996733812246
ku_Accountancy_1920,KU Leuven,50,3,0.6330061818877063,0.8046198267564967,0.25092250922509224,0.49078341013824883,0.29577464788732394,0.48091603053435117,1.4788732394366197,0.21161819542018334,-0.05597758085066734
ku_Accountancy_1920,KU Leuven,100,3,0.6416159373284767,0.8048533872598584,0.12669683257918551,0.4893882646691635,0.29081632653061223,0.47107438016528924,1.4540816326530612,0.20984834769919092,-0.04735779356274855
ku_Accountancy_1920,KU Leuven,0,4,0.636880011880012,0.8070175438596491,0.18518518518518517,0.4822389666307858,0.29017857142857145,0.46099290780141844,1.450892857142857,0.20484593751731842,0.004723943069851966
ku_Accountancy_1920,KU Leuven,25,4,0.6508670577905491,0.8102189781021898,0.21212121212121213,0.4821428571428571,0.30092592592592593,0.47794117647058826,1.5046296296296298,0.20250656918556478,-0.005896580520243999
ku_Accountancy_1920,KU Leuven,50,4,0.650105674394774,0.8102955195424214,0.23754789272030652,0.48729792147806006,0.3033175355450237,0.48854961832061067,1.5165876777251184,0.2042192390116716,-0.007515184488850857
ku_Accountancy_1920,KU Leuven,100,4,0.6484887491645419,0.804503582395087,0.18025751072961374,0.4950248756218905,0.2914572864321608,0.4793388429752066,1.4572864321608041,0.2081162421209301,-0.0319171776571438
ku_Globaleconom_1920,KU Leuven,0,0,0.6511102309000676,0.8388245770258237,0.24267782426778242,0.3938679245283019,0.32934131736526945,0.40441176470588236,1.6491282141599155,0.18303821965114825,0.02952596517055525
ku_Globaleconom_1920,KU Leuven,25,0,0.6469612627726095,0.8440366972477065,0.23423423423423423,0.38820638820638825,0.31645569620253167,0.3816793893129771,1.5846941733500823,0.18328500707372872,0.05002808044912749
ku_Globaleconom_1920,KU Leuven,50,0,0.6459437086092714,0.8411934552454283,0.2600896860986547,0.38618925831202044,0.31125827814569534,0.373015873015873,1.558761694523284,0.18411041977369721,0.0492172323985173
ku_Globaleconom_1920,KU Leuven,100,0,0.6415166509326475,0.8539778449144008,0.14201183431952663,0.38611111111111107,0.31654676258992803,0.3793103448275862,1.5854626643512775,0.17656499948637433,0.028564579507527416
ku_Globaleconom_1920,KU Leuven,0,1,0.6163936718003682,0.8532423208191127,0.09473684210526316,0.3938679245283019,0.281437125748503,0.34558823529411764,1.4092550193730187,0.18230384524531934,0.031101550857556698
ku_Globaleconom_1920,KU Leuven,25,1,0.6134596000447989,0.8518189884649512,0.0972972972972973,0.398046398046398,0.27607361963190186,0.3435114503816794,1.38247553037044,0.18375737363730515,0.023137888662671025
ku_Globaleconom_1920,KU Leuven,50,1,0.614071986713496,0.85451197053407,0.10227272727272728,0.3923566878980892,0.2987012987012987,0.36507936507936506,1.4958771387342815,0.1823490334452565,0.04192843067448404
ku_Globaleconom_1920,KU Leuven,100,1,0.6191327921973756,0.8560079443892751,0.06451612903225806,0.39280774550484093,0.2887323943661972,0.35344827586206895,1.4461510441962118,0.1809911718812534,0.027584914287473283
ku_Globaleconom_1920,KU Leuven,0,2,0.6416447261119784,0.8493150684931506,0.09278350515463918,0.3938679245283019,0.2874251497005988,0.35294117647058826,1.439239168721381,0.18158698927007294,0.03392673497953999
ku_Globaleconom_1920,KU Leuven,25,2,0.6419069425951045,0.8505747126436781,0.06629834254143646,0.398046398046398,0.2883435582822086,0.35877862595419846,1.4439188872757927,0.18242602880645148,0.018918858831795393
ku_Globaleconom_1920,KU Leuven,50,2,0.6458719664597274,0.8521897810218978,0.024096385542168676,0.39847715736040606,0.3057324840764331,0.38095238095238093,1.5310888686684865,0.1792831946608753,0.010690442698722574
ku_Globaleconom_1920,KU Leuven,100,2,0.6389117367921544,0.8511904761904762,0.025974025974025976,0.39944903581267216,0.2827586206896552,0.35344827586206895,1.416230677764566,0.18032272338998562,0.01344050343851702
ku_Globaleconom_1920,KU Leuven,0,3,0.6464735897854097,0.8490230905861457,0.2796610169491525,0.3938679245283019,0.32335329341317365,0.39705882352941174,1.6191440648115534,0.17844328854706934,0.02779856504321379
ku_Globaleconom_1920,KU Leuven,25,3,0.6483555947580646,0.8634361233480177,0.12429378531073447,0.39215686274509803,0.33125,0.40458015267175573,1.6587786259541986,0.1743101175333229,0.02101559386353863
ku_Globaleconom_1920,KU Leuven,50,3,0.6448094248094249,0.8667883211678832,0.12048192771084337,0.38412291933418696,0.32666666666666666,0.3888888888888889,1.635925925925926,0.17465194946911514,0.04899688836548363
ku_Globaleconom_1920,KU Leuven,100,3,0.6424967762733721,0.8659384309831182,0.12903225806451613,0.39058171745152354,0.2907801418439716,0.35344827586206895,1.456407434580582,0.17466764384185862,0.021985163777369338
ku_Globaleconom_1920,KU Leuven,0,4,0.6349635359630933,0.8507333908541846,0.1477832512315271,0.3938679245283019,0.2934131736526946,0.3602941176470588,1.469223318069743,0.18083038687136743,0.025968529979986527
ku_Globaleconom_1920,KU Leuven,25,4,0.6433074068425602,0.8530465949820788,0.16326530612244897,0.38820638820638825,0.3037974683544304,0.366412213740458,1.5213064064160788,0.18093984188530887,0.03905709252749395
ku_Globaleconom_1920,KU Leuven,50,4,0.6374103200883002,0.8528864059590316,0.1595744680851064,0.38618925831202044,0.2980132450331126,0.35714285714285715,1.4924314096499527,0.18042111991526172,0.04464958932575594
ku_Globaleconom_1920,KU Leuven,100,4,0.6375806089383682,0.8521916411824668,0.19889502762430938,0.39280774550484093,0.30985915492957744,0.3793103448275862,1.5519669742593492,0.17971772917025158,0.020843611519426153
ku_Accountancy_2021,KU Leuven,0,0,0.5791420118343196,0.8184059161873459,0.034934497816593885,0.46006389776357826,0.25462962962962965,0.3793103448275862,1.2696360153256705,0.2091533165484573,-0.048078314625353336
ku_Accountancy_2021,KU Leuven,25,0,0.5784543325526932,0.8167092924126172,0.03587443946188341,0.46255506607929514,0.2571428571428571,0.38571428571428573,1.2820408163265307,0.2104469908447488,-0.05171480779889162
ku_Accountancy_2021,KU Leuven,50,0,0.6240041201572386,0.8158131176999102,0.12017167381974249,0.4617142857142857,0.28217821782178215,0.4222222222222222,1.4067106710671067,0.20471192370804522,-0.014802913932933093
ku_Accountancy_2021,KU Leuven,100,0,0.6223991114402073,0.8260038240917782,0.09,0.4579207920792079,0.31891891891891894,0.472,1.5894918918918917,0.19988748339528842,0.0007778155730054914
ku_Accountancy_2021,KU Leuven,0,1,0.6386332091460296,0.8214876033057851,0.0847457627118644,0.46006389776357826,0.2824074074074074,0.4206896551724138,1.4081417624521073,0.20188767351868714,-0.01764236075990483
ku_Accountancy_2021,KU Leuven,25,1,0.6395334204539954,0.8143712574850299,0.04405286343612335,0.4676180021953897,0.27699530516431925,0.42142857142857143,1.3810194500335344,0.20881943825022975,-0.06348166769838243
ku_Accountancy_2021,KU Leuven,50,1,0.6429070252240985,0.8167259786476868,0.07207207207207207,0.4669703872437357,0.2926829268292683,0.4444444444444444,1.4590785907859078,0.20556453942321254,-0.03830564476335946
ku_Accountancy_2021,KU Leuven,100,1,0.6451993088979391,0.8234165067178503,0.09803921568627451,0.4579207920792079,0.2918918918918919,0.432,1.454789189189189,0.2002446769400016,-0.006037279674011853
ku_Accountancy_2021,KU Leuven,0,2,0.6074311490978158,0.8196176226101413,0.10699588477366255,0.46006389776357826,0.2824074074074074,0.4206896551724138,1.4081417624521073,0.20591566087913737,-0.019569544073786582
ku_Accountancy_2021,KU Leuven,25,2,0.5968384074941452,0.8196443691786621,0.009302325581395349,0.46255506607929514,0.24761904761904763,0.37142857142857144,1.2345578231292518,0.2067571479234642,-0.025948560876639548
ku_Accountancy_2021,KU Leuven,50,2,0.6247293519160835,0.818342151675485,0.02830188679245283,0.4617142857142857,0.30198019801980197,0.45185185185185184,1.5054272093876055,0.2027599820721181,-0.02200317468995122
ku_Accountancy_2021,KU Leuven,100,2,0.6122753761002608,0.8201712654614652,0.03076923076923077,0.46551724137931033,0.2698412698412698,0.408,1.3448888888888888,0.20595442398242528,-0.029616562776089483
ku_Accountancy_2021,KU Leuven,0,3,0.6280635912046169,0.8240200166805671,0.145748987854251,0.46006389776357826,0.32407407407407407,0.4827586206896552,1.6159003831417627,0.20543352169164783,-0.06550394949169172
ku_Accountancy_2021,KU Leuven,25,3,0.6231788338665962,0.8224137931034483,0.1271186440677966,0.4608599779492834,0.3253588516746411,0.4857142857142857,1.6221462747778537,0.20402722242351906,-0.035874853517160576
ku_Accountancy_2021,KU Leuven,50,3,0.631312972950374,0.8189964157706093,0.12173913043478261,0.4652223489167616,0.3088235294117647,0.4666666666666667,1.5395424836601308,0.20500226957040987,-0.04792878834988945
ku_Accountancy_2021,KU Leuven,100,3,0.6365370506236243,0.8223938223938224,0.12380952380952381,0.4636251541307028,0.3191489361702128,0.48,1.5906382978723406,0.20142653925016152,-0.032978118989696326
ku_Accountancy_2021,KU Leuven,0,4,0.5953365841186353,0.8206839032527106,0.12955465587044535,0.46006389776357826,0.25925925925925924,0.38620689655172413,1.29272030651341,0.2034950987157407,-0.016966841821903278
ku_Accountancy_2021,KU Leuven,25,4,0.6024252111453152,0.8245462402765773,0.1506276150627615,0.4557522123893805,0.2669902912621359,0.39285714285714285,1.331137309292649,0.20251281384666653,0.022609665104188215
ku_Accountancy_2021,KU Leuven,50,4,0.6106852829548586,0.8219424460431655,0.15384615384615385,0.45642201834862384,0.2864321608040201,0.4222222222222222,1.4279173646007817,0.20200744250921174,0.026192870041547633
ku_Accountancy_2021,KU Leuven,100,4,0.6256759113901972,0.8247821878025169,0.15023474178403756,0.45217391304347826,0.2802197802197802,0.408,1.3966153846153846,0.19920692226363074,0.02674120483107778
ku_Globaleconom_2021,KU Leuven,0,0,0.6205236124982165,0.6792452830188679,0.20725388601036268,0.6546184738955823,0.26380368098159507,0.6417910447761194,1.3190184049079754,0.27636545263040824,-0.1861892403733051
ku_Globaleconom_2021,KU Leuven,25,0,0.6490474800950436,0.6936936936936937,0.22727272727272727,0.6492374727668845,0.2751677852348993,0.6612903225806451,1.3758389261744965,0.25945177629166116,-0.15633969983471008
ku_Globaleconom_2021,KU Leuven,50,0,0.646054964539007,0.6748166259168704,0.17391304347826086,0.6619718309859155,0.2765957446808511,0.6842105263157895,1.3829787234042554,0.26753311229526866,-0.17982544692298974
ku_Globaleconom_2021,KU Leuven,100,0,0.6734538327526132,0.6993865030674846,0.3194444444444444,0.6455331412103746,0.32142857142857145,0.7659574468085106,1.607142857142857,0.23629267412558735,-0.0843926284279935
ku_Globaleconom_2021,KU Leuven,0,1,0.5997645883863604,0.6747967479674797,0.10112359550561797,0.6546184738955823,0.26993865030674846,0.6567164179104478,1.3496932515337425,0.27297401194666204,-0.16656700245916362
ku_Globaleconom_2021,KU Leuven,25,1,0.5907082412772521,0.6801801801801802,0.19318181818181818,0.6492374727668845,0.2684563758389262,0.6451612903225806,1.3422818791946307,0.2628263305029149,-0.13052688585396782
ku_Globaleconom_2021,KU Leuven,50,1,0.6049078545382871,0.6748768472906403,0.1951219512195122,0.6556603773584906,0.26618705035971224,0.6491228070175439,1.330935251798561,0.2594398409872127,-0.11852251161658789
ku_Globaleconom_2021,KU Leuven,100,1,0.6184668989547037,0.6483180428134556,0.1958041958041958,0.6871508379888268,0.2682926829268293,0.7021276595744681,1.3414634146341464,0.2732861016427179,-0.1786292812995594
ku_Globaleconom_2021,KU Leuven,0,2,0.6017263518333571,0.6829268292682927,0.12359550561797752,0.6546184738955823,0.27607361963190186,0.6716417910447762,1.3803680981595094,0.2748621894743735,-0.18002467471249195
ku_Globaleconom_2021,KU Leuven,25,2,0.6126141148026178,0.6933333333333334,0.18823529411764706,0.6492374727668845,0.28187919463087246,0.6774193548387096,1.4093959731543624,0.253599094036596,-0.11440640674356706
ku_Globaleconom_2021,KU Leuven,50,2,0.6241496598639455,0.6941747572815534,0.20253164556962025,0.6524822695035462,0.2826086956521739,0.6842105263157895,1.4130434782608696,0.24896262344847483,-0.104886870577729
ku_Globaleconom_2021,KU Leuven,100,2,0.6091666666666667,0.6850152905198776,0.27972027972027974,0.6571428571428571,0.2782608695652174,0.6808510638297872,1.391304347826087,0.252706611458647,-0.11066349632759243
ku_Globaleconom_2021,KU Leuven,0,3,0.6068269367955486,0.6847599164926931,0.2094240837696335,0.6546184738955823,0.2822085889570552,0.6865671641791045,1.4110429447852761,0.2716348840230775,-0.16784976597627393
ku_Globaleconom_2021,KU Leuven,25,3,0.5933127914723517,0.6770601336302895,0.15204678362573099,0.658008658008658,0.26973684210526316,0.6612903225806451,1.3486842105263157,0.2744710861652159,-0.17211172519639195
ku_Globaleconom_2021,KU Leuven,50,3,0.6002661934338953,0.6876513317191283,0.17834394904458598,0.6524822695035462,0.26811594202898553,0.6491228070175439,1.3405797101449275,0.25698015806613617,-0.12032514950227569
ku_Globaleconom_2021,KU Leuven,100,3,0.5927173913043478,0.6746268656716418,0.1925925925925926,0.6571428571428571,0.26956521739130435,0.6595744680851063,1.3478260869565217,0.2573337100524093,-0.11031373357571206
ku_Globaleconom_2021,KU Leuven,0,4,0.6126943929233842,0.680327868852459,0.14285714285714285,0.6546184738955823,0.25766871165644173,0.6268656716417911,1.2883435582822087,0.27649356705120165,-0.18902826868434314
ku_Globaleconom_2021,KU Leuven,25,4,0.6266447368421052,0.6755555555555556,0.1411764705882353,0.658008658008658,0.2565789473684211,0.6290322580645161,1.2828947368421053,0.26852624925318463,-0.1724930970470243
ku_Globaleconom_2021,KU Leuven,50,4,0.6417454688731284,0.6831683168316832,0.2289156626506024,0.6619718309859155,0.2978723404255319,0.7368421052631579,1.4893617021276595,0.26023264622323006,-0.1481250529634005
ku_Globaleconom_2021,KU Leuven,100,4,0.6449579831932774,0.6645569620253164,0.3116883116883117,0.6609686609686609,0.27586206896551724,0.6808510638297872,1.3793103448275863,0.253962819717647,-0.11182011010075149
ukzn_ISTN101_2019,UKZN,0,0,0.6555737684483446,0.8177399756986634,0.3562231759656652,0.2967741935483871,0.33695652173913043,0.2938388625592417,1.6863795590356478,0.19111583622544617,0.21814093958012942
ukzn_ISTN101_2019,UKZN,25,0,0.6495593673774491,0.8757062146892656,0.2465753424657534,0.2958677685950413,0.31843575418994413,0.2766990291262136,1.5937245755817107,0.1700684626979757,0.17026617241662684
ukzn_ISTN101_2019,UKZN,50,0,0.6573470180531986,0.8820160366552119,0.22556390977443608,0.2992392223161454,0.327683615819209,0.2885572139303483,1.6400483458414146,0.1606943170880085,0.14234564594921975
ukzn_ISTN101_2019,UKZN,100,0,0.6578885160896751,0.8916518650088809,0.17937219730941703,0.2959001782531195,0.3373493975903614,0.2931937172774869,1.688513215164322,0.153030719766512,0.1189134345455001
ukzn_ISTN101_2019,UKZN,0,1,0.6404629537295573,0.7665816326530612,0.3272058823529412,0.2967741935483871,0.31521739130434784,0.27488151658767773,1.5775808778075417,0.21305511055071863,0.25914428979904525
ukzn_ISTN101_2019,UKZN,25,1,0.6351706468906833,0.8097014925373134,0.32599118942731276,0.2944582299421009,0.28651685393258425,0.24757281553398058,1.433975128177157,0.19333014471024987,0.22286916826579667
ukzn_ISTN101_2019,UKZN,50,1,0.6339073552166226,0.8750719631548647,0.2109090909090909,0.2949152542372881,0.28735632183908044,0.24875621890547264,1.4382112426373879,0.16862534113941882,0.16465297886836688
ukzn_ISTN101_2019,UKZN,100,1,0.6317392605897321,0.8991793669402111,0.1650485436893204,0.3019538188277087,0.32941176470588235,0.2931937172774869,1.6487834924545735,0.15654593915116782,0.12307410259486018
ukzn_ISTN101_2019,UKZN,0,2,0.638054073593937,0.759020618556701,0.33214285714285713,0.2967741935483871,0.31521739130434784,0.27488151658767773,1.5775808778075417,0.2102145195422902,0.25214215267966905
ukzn_ISTN101_2019,UKZN,25,2,0.6250786843968841,0.8447568834212068,0.2535211267605634,0.2958677685950413,0.29608938547486036,0.25728155339805825,1.4818842544882573,0.18428023782423822,0.18395260285296405
ukzn_ISTN101_2019,UKZN,50,2,0.629281900328587,0.8679464805119256,0.22525597269624573,0.2978003384094755,0.3068181818181818,0.26865671641791045,1.5356173677069198,0.16922406107826454,0.14649271152056542
ukzn_ISTN101_2019,UKZN,100,2,0.6362827974870658,0.8790419161676647,0.1652892561983471,0.29285714285714287,0.3231707317073171,0.2774869109947644,1.6175456518963096,0.15730495415824663,0.12247526230103911
ukzn_ISTN101_2019,UKZN,0,3,0.6155732698444356,0.8355452971725332,0.24802110817941952,0.2967741935483871,0.2826086956521739,0.24644549763033174,1.4143828559653822,0.17905825695656236,0.17206900376635087
ukzn_ISTN101_2019,UKZN,25,3,0.6290751742034063,0.8563151796060255,0.2619047619047619,0.2944582299421009,0.28651685393258425,0.24757281553398058,1.433975128177157,0.1718771556075737,0.1631514275720835
ukzn_ISTN101_2019,UKZN,50,3,0.6285470545977012,0.8683440608543007,0.25742574257425743,0.2949152542372881,0.3103448275862069,0.26865671641791045,1.553268142048379,0.1664120991636089,0.1453696989102624
ukzn_ISTN101_2019,UKZN,100,3,0.6246983105390186,0.8855421686746988,0.24603174603174602,0.2943800178412132,0.3212121212121212,0.2774869109947644,1.60774234491512,0.1571691536570029,0.11495229821629371
ukzn_ISTN101_2019,UKZN,0,4,0.631369664938173,0.709501025290499,0.34514637904468415,0.2967741935483871,0.29347826086956524,0.2559241706161137,1.4687821965794352,0.23113549513901685,0.28810368389283564
ukzn_ISTN101_2019,UKZN,25,4,0.6589796318057187,0.8829728230726567,0.18532818532818532,0.29727497935590425,0.31666666666666665,0.2766990291262136,1.584870550161812,0.16342341414667705,0.1511995424134556
ukzn_ISTN101_2019,UKZN,50,4,0.6478837888946192,0.8800917957544464,0.22304832713754646,0.29635901778154106,0.32,0.27860696517412936,1.601592039800995,0.1632029685476752,0.15077381815769536
ukzn_ISTN101_2019,UKZN,100,4,0.667176680225258,0.8993525603296056,0.19718309859154928,0.30044444444444446,0.35502958579881655,0.31413612565445026,1.7770067226370085,0.1535294084605073,0.11917205779787898
ukzn_ISTN101_2020,UKZN,0,0,0.7047077173172822,0.6807017543859649,0.1431261770244821,0.09542356377799414,0.3673469387755102,0.09183673469387756,1.8329862557267806,0.3557856697717572,0.4960565060676825
ukzn_ISTN101_2020,UKZN,25,0,0.6880982481488169,0.713384723195515,0.14613778705636743,0.09780439121756487,0.3877551020408163,0.09947643979057591,1.9347152473554867,0.32724353392303435,0.4682126864956113
ukzn_ISTN101_2020,UKZN,50,0,0.6763711449754872,0.7697547683923706,0.12886597938144329,0.09641025641025641,0.425531914893617,0.10752688172043011,2.1230839624799818,0.2578305475013174,0.40496617145307956
ukzn_ISTN101_2020,UKZN,100,0,0.6904158491388708,0.8632138114209827,0.176,0.09544468546637744,0.45454545454545453,0.11363636363636363,2.2675619834710745,0.17098454304452582,0.30852804331605166
ukzn_ISTN101_2020,UKZN,0,1,0.7043452472485228,0.7095890410958904,0.14516129032258066,0.09542356377799414,0.40816326530612246,0.10204081632653061,2.0366513952519787,0.3320055732395603,0.47305222766585353
ukzn_ISTN101_2020,UKZN,25,1,0.7024976979742172,0.7697456492637216,0.1650485436893204,0.0959040959040959,0.3541666666666667,0.08900523560209424,1.7671247818499127,0.2856501735559507,0.42554697372842765
ukzn_ISTN101_2020,UKZN,50,1,0.6938210227272728,0.8126649076517151,0.16470588235294117,0.09836065573770492,0.3333333333333333,0.08602150537634409,1.6630824372759858,0.2300440953944588,0.37142898147681047
ukzn_ISTN101_2020,UKZN,100,1,0.6894154696981335,0.8294360385144429,0.17880794701986755,0.10162162162162162,0.3617021276595745,0.09659090909090909,1.8044003868471952,0.20427347147206754,0.33608349427981055
ukzn_ISTN101_2020,UKZN,0,2,0.6978317699523298,0.6952908587257618,0.140625,0.09542356377799414,0.3877551020408163,0.09693877551020408,1.9348188254893794,0.3412211091240114,0.48045372768113104
ukzn_ISTN101_2020,UKZN,25,2,0.7186503580576028,0.7154811715481172,0.13559322033898305,0.08442211055276383,0.42857142857142855,0.09424083769633508,2.138369483919222,0.3248766364968406,0.47330378929257844
ukzn_ISTN101_2020,UKZN,50,2,0.72763769351335,0.7392832044975404,0.14318706697459585,0.08462332301341588,0.43902439024390244,0.0967741935483871,2.190401258851298,0.3109639683311859,0.45862385589846216
ukzn_ISTN101_2020,UKZN,100,2,0.743788392775282,0.8336755646817249,0.17627118644067796,0.08505997818974917,0.46153846153846156,0.10227272727272728,2.302447552447553,0.2263420574037787,0.37312245386595255
ukzn_ISTN101_2020,UKZN,0,3,0.7119681026339493,0.7254237288135593,0.158004158004158,0.09542356377799414,0.42857142857142855,0.10714285714285714,2.138483965014577,0.3337472925832383,0.4726114677648625
ukzn_ISTN101_2020,UKZN,25,3,0.7040400552486188,0.7467576791808874,0.15873015873015872,0.0959040959040959,0.3958333333333333,0.09947643979057591,1.9750218150087258,0.30202870822272687,0.44069517297375754
ukzn_ISTN101_2020,UKZN,50,3,0.7142753640688773,0.7676490747087046,0.14609571788413098,0.09641025641025641,0.425531914893617,0.10752688172043011,2.1230839624799818,0.27749160511173204,0.4145324436051748
ukzn_ISTN101_2020,UKZN,100,3,0.6922155688622754,0.8535117056856187,0.16091954022988506,0.09337676438653637,0.4186046511627907,0.10227272727272728,2.088266384778013,0.16969862892362636,0.2975419627022947
ukzn_ISTN101_2020,UKZN,0,4,0.7119241668680389,0.6889818688981869,0.14559386973180077,0.09542356377799414,0.40816326530612246,0.10204081632653061,2.0366513952519787,0.33953559692268076,0.482863516825513
ukzn_ISTN101_2020,UKZN,25,4,0.7091620626151014,0.7129824561403508,0.1496881496881497,0.0959040959040959,0.375,0.09424083769633508,1.8710732984293195,0.317816751486582,0.46366079166808416
ukzn_ISTN101_2020,UKZN,50,4,0.7263989180573334,0.7631578947368421,0.16990291262135923,0.09641025641025641,0.44680851063829785,0.11290322580645161,2.229238160603981,0.27302341294601973,0.4242754732166858
ukzn_ISTN101_2020,UKZN,100,4,0.709937308256636,0.8624338624338624,0.14754098360655737,0.09750812567713976,0.37777777777777777,0.09659090909090909,1.8845959595959596,0.1756235787029806,0.3084109351644565
ukzn_ISTN101_2021,UKZN,0,0,0.7455049866554292,0.8270676691729323,0.2736842105263158,0.15671641791044774,0.4126984126984127,0.17567567567567569,2.0662805662805663,0.1851459019426485,0.3178309854361091
ukzn_ISTN101_2021,UKZN,25,0,0.7285399853264856,0.8234280792420328,0.24354243542435425,0.1498708010335917,0.41379310344827586,0.16783216783216784,2.071859175307451,0.176663310466386,0.30530431932936036
ukzn_ISTN101_2021,UKZN,50,0,0.7413104611923509,0.8559102674719585,0.25112107623318386,0.1499330655957162,0.44642857142857145,0.18115942028985507,2.2353778467908905,0.1629980200013572,0.28297199365517745
ukzn_ISTN101_2021,UKZN,100,0,0.7396836092927738,0.93929173693086,0.25,0.1527377521613833,0.4716981132075472,0.1953125,2.36217570754717,0.11679943397747164,0.20032792526103538
ukzn_ISTN101_2021,UKZN,0,1,0.7905253546846467,0.8458367683429514,0.3048327137546468,0.15671641791044774,0.5396825396825397,0.22972972972972974,2.7020592020592025,0.19635378776772436,0.33999701376503455
ukzn_ISTN101_2021,UKZN,25,1,0.743698888114955,0.8623853211009175,0.2918454935622318,0.15225806451612903,0.4576271186440678,0.1888111888111888,2.2913357828612066,0.1804639356511896,0.3153973829154401
ukzn_ISTN101_2021,UKZN,50,1,0.7014898948629951,0.8960396039603961,0.25882352941176473,0.15487316421895864,0.3793103448275862,0.15942028985507245,1.899300349825087,0.15141989880034443,0.25633471654166573
ukzn_ISTN101_2021,UKZN,100,1,0.7337730181533236,0.9178910976663786,0.24,0.15007215007215008,0.4423076923076923,0.1796875,2.2149939903846154,0.12132941511080943,0.21126174564572006
ukzn_ISTN101_2021,UKZN,0,2,0.7498361193051459,0.8272425249169435,0.2517985611510791,0.15671641791044774,0.4444444444444444,0.1891891891891892,2.2252252252252256,0.18004936880436065,0.3082533859575124
ukzn_ISTN101_2021,UKZN,25,2,0.7323221274216681,0.8681408681408681,0.23696682464454977,0.16174582798459566,0.3968253968253968,0.17482517482517482,1.9869019869019866,0.1578997416179749,0.2705433835434643
ukzn_ISTN101_2021,UKZN,50,2,0.7218058808222743,0.9180064308681672,0.2608695652173913,0.1622340425531915,0.4098360655737705,0.18115942028985507,2.052150154430981,0.13697955338821977,0.23473343311939154
ukzn_ISTN101_2021,UKZN,100,2,0.7485172566092496,0.9423728813559322,0.3333333333333333,0.15539568345323743,0.48148148148148145,0.203125,2.4111689814814814,0.11060072434123812,0.19027667734070985
ukzn_ISTN101_2021,UKZN,0,3,0.6999929765416493,0.8552950687146321,0.2693877551020408,0.15671641791044774,0.47619047619047616,0.20270270270270271,2.3841698841698844,0.17919374393176785,0.3092465371409924
ukzn_ISTN101_2021,UKZN,25,3,0.6875184965966262,0.8843977364591754,0.26666666666666666,0.15938303341902313,0.43548387096774194,0.1888111888111888,2.1804646965937287,0.1633794573811413,0.27881538766145353
ukzn_ISTN101_2021,UKZN,50,3,0.6229215833512122,0.8899835796387521,0.18292682926829268,0.15733333333333333,0.3050847457627119,0.13043478260869565,1.5276344878408255,0.1513850161830289,0.24937460449676851
ukzn_ISTN101_2021,UKZN,100,3,0.6352138908916125,0.9410788381742738,0.07792207792207792,0.163323782234957,0.3333333333333333,0.1484375,1.6692708333333335,0.1134158330032012,0.166367029540855
ukzn_ISTN101_2021,UKZN,0,4,0.7057873296811349,0.7495527728085868,0.23076923076923078,0.15671641791044774,0.38095238095238093,0.16216216216216217,1.9073359073359075,0.23473681386331985,0.3902989763330369
ukzn_ISTN101_2021,UKZN,25,4,0.7143385617046464,0.8406779661016949,0.25396825396825395,0.15938303341902313,0.4032258064516129,0.17482517482517482,2.018948793142341,0.1763712346463403,0.3030741469378867
ukzn_ISTN101_2021,UKZN,50,4,0.7055165235493104,0.8683092608326253,0.24390243902439024,0.1622340425531915,0.39344262295081966,0.17391304347826086,1.970064148253742,0.15637382033953343,0.2637020238379095
ukzn_ISTN101_2021,UKZN,100,4,0.6772560682528238,0.890652557319224,0.16216216216216217,0.163323782234957,0.3508771929824561,0.15625,1.7571271929824561,0.13704846948560023,0.21967193791185105
ukzn_ISTN102_2018,UKZN,0,0,0.6548008092125739,0.683076923076923,0.455026455026455,0.4184615384615385,0.38235294117647056,0.5098039215686274,1.9267589388696653,0.2845064991704643,0.26728488884783913
ukzn_ISTN102_2018,UKZN,25,0,0.6564087815166331,0.7023411371237458,0.46060606060606063,0.41638225255972694,0.36065573770491804,0.4782608695652174,1.81895937277263,0.23223276345311505,0.19902533051978416
ukzn_ISTN102_2018,UKZN,50,0,0.6660233918128654,0.7482014388489209,0.4852941176470588,0.4318181818181819,0.3684210526315789,0.5121951219512195,1.8600770218228497,0.2112742903107342,0.14354594380040753
ukzn_ISTN102_2018,UKZN,100,0,0.644659377628259,0.7652173913043478,0.35714285714285715,0.41414141414141414,0.2926829268292683,0.3870967741935484,1.4822974036191974,0.20231795500966915,0.11720809958778589
ukzn_ISTN102_2018,UKZN,0,1,0.6487317149081855,0.7125748502994012,0.4666666666666667,0.4184615384615385,0.39705882352941174,0.5294117647058824,2.0008650519031144,0.2400671558950952,0.216546031271523
ukzn_ISTN102_2018,UKZN,25,1,0.6274686716791981,0.7161290322580646,0.42857142857142855,0.3944636678200692,0.3508771929824561,0.43478260869565216,1.7696414950419528,0.26636223392525255,0.2553652745849053
ukzn_ISTN102_2018,UKZN,50,1,0.642752659574468,0.7101449275362319,0.42028985507246375,0.37007874015748027,0.3404255319148936,0.3902439024390244,1.7187337830825116,0.2405777517504015,0.24901916529605916
ukzn_ISTN102_2018,UKZN,100,1,0.6233859397417504,0.7577092511013216,0.367816091954023,0.356020942408377,0.3235294117647059,0.3548387096774194,1.6385199240986716,0.2149300490642185,0.20971761161675823
ukzn_ISTN102_2018,UKZN,0,2,0.6502878929349517,0.7443181818181818,0.4444444444444444,0.4184615384615385,0.39705882352941174,0.5294117647058824,2.0008650519031144,0.22989001249115956,0.19300833734912476
ukzn_ISTN102_2018,UKZN,25,2,0.6458626843242228,0.7682926829268293,0.4411764705882353,0.42711864406779665,0.36507936507936506,0.5,1.8412698412698412,0.21151530243278413,0.13964343910161042
ukzn_ISTN102_2018,UKZN,50,2,0.6563386944181647,0.7905405405405406,0.4745762711864407,0.4258555133079848,0.375,0.5121951219512195,1.8932926829268295,0.2050448348111902,0.12774906988350127
ukzn_ISTN102_2018,UKZN,100,2,0.639126886984904,0.7829787234042553,0.35443037974683544,0.43,0.2558139534883721,0.3548387096774194,1.2955738934733685,0.20453780552840237,0.10594796129587747
ukzn_ISTN102_2018,UKZN,0,3,0.6634375972611266,0.7420289855072464,0.47337278106508873,0.4184615384615385,0.38235294117647056,0.5098039215686274,1.9267589388696653,0.24290998269734337,0.21890875117220193
ukzn_ISTN102_2018,UKZN,25,3,0.6561046511627906,0.7554179566563467,0.4397163120567376,0.4109589041095891,0.35,0.45652173913043476,1.7652173913043476,0.22394924489781956,0.181668680335426
ukzn_ISTN102_2018,UKZN,50,3,0.6480769230769231,0.7868852459016393,0.4036697247706422,0.4015444015444016,0.34615384615384615,0.43902439024390244,1.74765478424015,0.20563869306281438,0.15155032543470803
ukzn_ISTN102_2018,UKZN,100,3,0.6347222222222222,0.8148148148148148,0.36619718309859156,0.40609137055837563,0.325,0.41935483870967744,1.645967741935484,0.1942880344032539,0.10049993132469298
ukzn_ISTN102_2018,UKZN,0,4,0.6404061624649859,0.7038123167155426,0.4161849710982659,0.4184615384615385,0.36764705882352944,0.49019607843137253,1.8526528258362167,0.272396297346911,0.25746365768667673
ukzn_ISTN102_2018,UKZN,25,4,0.6146110056925996,0.7492260061919505,0.425531914893617,0.42176870748299317,0.3225806451612903,0.43478260869565216,1.626928471248247,0.2370603968728495,0.18661186247890754
ukzn_ISTN102_2018,UKZN,50,4,0.6230994152046784,0.740484429065744,0.4,0.4318181818181819,0.3508771929824561,0.4878048780487805,1.7715019255455713,0.23538455046040574,0.17370396641378194
ukzn_ISTN102_2018,UKZN,100,4,0.6525543041029767,0.7522935779816514,0.4375,0.43781094527363185,0.3409090909090909,0.4838709677419355,1.7265395894428153,0.21036972632961512,0.1293451772125389
ukzn_ISTN103_2019,UKZN,0,0,0.6579930299302993,0.6983676366217175,0.47980416156670747,0.4246284501061571,0.31666666666666665,0.4260089686098655,1.580493273542601,0.22979172555857708,0.19030206007045652
ukzn_ISTN103_2019,UKZN,25,0,0.6479378915123563,0.7580751483190508,0.44309559939301973,0.42318840579710143,0.2808219178082192,0.3761467889908257,1.4015332411712957,0.21576747516189979,0.14726629200375296
ukzn_ISTN103_2019,UKZN,50,0,0.643658626387442,0.759493670886076,0.4224,0.4251851851851852,0.2857142857142857,0.38497652582159625,1.425888665325285,0.21241775281173952,0.1311699884823898
ukzn_ISTN103_2019,UKZN,100,0,0.6385381490725786,0.7677725118483413,0.37522768670309653,0.4306738962044927,0.2841726618705036,0.3891625615763547,1.4180635786936953,0.204480604592669,0.08683253180591088
ukzn_ISTN103_2019,UKZN,0,1,0.6482615826158261,0.705226480836237,0.46523388116308473,0.4246284501061571,0.2833333333333333,0.3811659192825112,1.4141255605381167,0.22720582437377468,0.1920886583345377
ukzn_ISTN103_2019,UKZN,25,1,0.6512506825006824,0.7158931082981715,0.46419098143236076,0.4277456647398844,0.2905405405405405,0.3944954128440367,1.4500371931564595,0.22107219980777157,0.1704027356837614
ukzn_ISTN103_2019,UKZN,50,1,0.6482780925190703,0.7356797791580401,0.4342688330871492,0.4286770140428677,0.29310344827586204,0.39906103286384975,1.462765096325077,0.21208033309403873,0.133625902823864
ukzn_ISTN103_2019,UKZN,100,1,0.6508439343153539,0.7366136034732272,0.43478260869565216,0.42211838006230534,0.31365313653136534,0.4187192118226601,1.5651755039717883,0.21183251972640293,0.14751929933995928
ukzn_ISTN103_2019,UKZN,0,2,0.6647539975399752,0.7504885993485342,0.44573082489146165,0.4246284501061571,0.30666666666666664,0.4125560538116592,1.530582959641256,0.21735968098474837,0.16676555340833676
ukzn_ISTN103_2019,UKZN,25,2,0.6614075861863472,0.77177368086459,0.4046434494195688,0.42888086642599277,0.31313131313131315,0.42660550458715596,1.5627838013159114,0.20397972771345393,0.12212278451564612
ukzn_ISTN103_2019,UKZN,50,2,0.6668544298704433,0.7764705882352941,0.4261744966442953,0.4275147928994083,0.31141868512110726,0.4225352112676056,1.554169306496418,0.20238760773114725,0.12244212439615304
ukzn_ISTN103_2019,UKZN,100,2,0.650844466483869,0.8106765983860956,0.26506024096385544,0.43431221020092736,0.302491103202847,0.4187192118226601,1.5094753081009062,0.19525468095860565,0.07005739406695383
ukzn_ISTN103_2019,UKZN,0,3,0.6620582205822058,0.7268993839835729,0.47843137254901963,0.4246284501061571,0.3,0.40358744394618834,1.497309417040359,0.23063704707397326,0.1961464437272779
ukzn_ISTN103_2019,UKZN,25,3,0.6608887084019065,0.7572944297082228,0.45209580838323354,0.42660882140274764,0.3016949152542373,0.40825688073394495,1.5057067330119733,0.20786359935755047,0.14359553544614534
ukzn_ISTN103_2019,UKZN,50,3,0.6569538237724055,0.7523939808481532,0.45481927710843373,0.4251851851851852,0.30662020905923343,0.4131455399061033,1.5302219823003058,0.20911187257331115,0.14356698604280427
ukzn_ISTN103_2019,UKZN,100,3,0.662657522801643,0.7626404494382022,0.43853820598006643,0.42211838006230534,0.3210332103321033,0.42857142857142855,1.6020031628887714,0.20350684368881253,0.12859345132922434
ukzn_ISTN103_2019,UKZN,0,4,0.6608118081180812,0.7463479415670651,0.46944444444444444,0.4246284501061571,0.31,0.4170403587443946,1.5472197309417042,0.22937303188486766,0.18458211639795086
ukzn_ISTN103_2019,UKZN,25,4,0.6612450518700519,0.7506738544474394,0.4653179190751445,0.4277456647398844,0.30405405405405406,0.41284403669724773,1.5174807835358297,0.2168059417048006,0.15999297080707714
ukzn_ISTN103_2019,UKZN,50,4,0.6635795888634224,0.7544338335607094,0.45454545454545453,0.4309963099630997,0.3116438356164384,0.4272300469483568,1.5552929448839152,0.20645236061887767,0.11938393069926412
ukzn_ISTN103_2019,UKZN,100,4,0.6594738735585245,0.8050793650793651,0.31929046563192903,0.43431221020092736,0.31316725978647686,0.43349753694581283,1.5627509072103503,0.19547700142540375,0.07526670427078602
ukzn_ISTN103_2020,UKZN,0,0,0.633150487837777,0.6657824933687002,0.23170731707317074,0.19214703425229743,0.2608695652173913,0.1388888888888889,1.3067632850241546,0.3357451712196846,0.4219492863837033
ukzn_ISTN103_2020,UKZN,25,0,0.6226299270746792,0.6734006734006734,0.2289348171701113,0.1962457337883959,0.2782608695652174,0.15165876777251186,1.393941891613435,0.2959412881655071,0.38193235791681607
ukzn_ISTN103_2020,UKZN,50,0,0.638545167409747,0.7482200647249191,0.2504816955684008,0.19737991266375546,0.26548672566371684,0.14563106796116504,1.3300111693444454,0.2627693990544693,0.3440841921885175
ukzn_ISTN103_2020,UKZN,100,0,0.6304188914314772,0.817783343769568,0.20708446866485014,0.1981651376146789,0.26851851851851855,0.14795918367346939,1.3453325774754346,0.20113278295653597,0.2630990807816489
ukzn_ISTN103_2020,UKZN,0,1,0.6577222247201115,0.6763732627399074,0.25114854517611024,0.19214703425229743,0.34782608695652173,0.18518518518518517,1.7423510466988728,0.314836276608074,0.4125246504836416
ukzn_ISTN103_2020,UKZN,25,1,0.6477106987907321,0.842344906089926,0.22408963585434175,0.1962457337883959,0.3217391304347826,0.17535545023696683,1.6117453121780343,0.1792859879779901,0.23548686348638231
ukzn_ISTN103_2020,UKZN,50,1,0.6485165676427821,0.8646188850967008,0.2222222222222222,0.19737991266375546,0.3274336283185841,0.1796116504854369,1.6403471088581494,0.16993048220841836,0.22503581044276896
ukzn_ISTN103_2020,UKZN,100,1,0.642551084236864,0.8864426419466975,0.17647058823529413,0.20146520146520144,0.2909090909090909,0.16326530612244897,1.4575139146567717,0.14250150575907458,0.16470090190779463
ukzn_ISTN103_2020,UKZN,0,2,0.6478980261678882,0.6631087391594396,0.24060150375939848,0.19214703425229743,0.2782608695652174,0.14814814814814814,1.393880837359098,0.3325687022749259,0.42425146406850367
ukzn_ISTN103_2020,UKZN,25,2,0.6427013694455556,0.674278038952317,0.224,0.19006849315068494,0.2702702702702703,0.14218009478672985,1.3539131548610222,0.31300218266659413,0.4030095035086937
ukzn_ISTN103_2020,UKZN,50,2,0.6492654308814829,0.7248677248677249,0.2463768115942029,0.19264448336252188,0.3,0.16019417475728157,1.5029126213592234,0.2596334777494,0.35284000534211746
ukzn_ISTN103_2020,UKZN,100,2,0.6333893340225725,0.8986834573554665,0.18433179723502305,0.1948529411764706,0.27358490566037735,0.14795918367346939,1.370716211012707,0.14493456538735186,0.20379865475705344
ukzn_ISTN103_2020,UKZN,0,3,0.6485274942673441,0.6558922558922559,0.24742268041237114,0.19214703425229743,0.30434782608695654,0.16203703703703703,1.5245571658615136,0.35081336011017944,0.45585561023882315
ukzn_ISTN103_2020,UKZN,25,3,0.645708937314006,0.7548834278512917,0.2618595825426945,0.18851756640959727,0.2818181818181818,0.14691943127962084,1.4117621714778112,0.3006235585679233,0.3990712107514371
ukzn_ISTN103_2020,UKZN,50,3,0.6587101170434504,0.7938271604938272,0.24774774774774774,0.18947368421052632,0.2962962962962963,0.1553398058252427,1.484358144552319,0.24283824959892705,0.33951193260695983
ukzn_ISTN103_2020,UKZN,100,3,0.6505240951213316,0.852142426071213,0.20195439739413681,0.18986175115207374,0.2912621359223301,0.15306122448979592,1.459282742223103,0.1678018818347871,0.23935375932007658
ukzn_ISTN103_2020,UKZN,0,4,0.6491209927611168,0.6486120514556534,0.2445414847161572,0.19214703425229743,0.2956521739130435,0.1574074074074074,1.480998389694042,0.33602211586195846,0.4389007208744915
ukzn_ISTN103_2020,UKZN,25,4,0.652605565396263,0.6514837819185645,0.24060150375939848,0.19006849315068494,0.27927927927927926,0.14691943127962084,1.3990435933563894,0.3004832943009096,0.4021710655317403
ukzn_ISTN103_2020,UKZN,50,4,0.6449315765276677,0.7003367003367004,0.231433506044905,0.1942257217847769,0.2972972972972973,0.16019417475728157,1.4893728680136449,0.2617978756819894,0.35713864007305796
ukzn_ISTN103_2020,UKZN,100,4,0.6423948220064725,0.8237476808905381,0.1786743515850144,0.18986175115207374,0.2815533980582524,0.14795918367346939,1.4106399841489994,0.19172902483705023,0.2688153283258403
ukzn_ISTN211_2019,UKZN,0,0,0.7973381730187539,0.843956043956044,0.3238095238095238,0.12709030100334448,0.47368421052631576,0.16071428571428573,2.368421052631579,0.1882473613604025,0.34752788179800936
ukzn_ISTN211_2019,UKZN,25,0,0.7669979079497908,0.8591549295774648,0.2857142857142857,0.11808118081180811,0.5625,0.17647058823529413,2.8125,0.17371396898035893,0.3275986243196923
ukzn_ISTN211_2019,UKZN,50,0,0.736857476635514,0.9419953596287703,0.13793103448275862,0.13008130081300812,0.625,0.21739130434782608,3.125,0.12711551811563812,0.2432819765109297
ukzn_ISTN211_2019,UKZN,100,0,0.6860119047619048,0.9532163742690059,0.1111111111111111,0.125,0.5833333333333334,0.19444444444444445,2.916666666666667,0.10156624337627361,0.18985346758223498
ukzn_ISTN211_2019,UKZN,0,1,0.6569872958257713,0.8175824175824176,0.20952380952380953,0.12709030100334448,0.42105263157894735,0.14285714285714285,2.1052631578947367,0.21136617534221458,0.362870598441803
ukzn_ISTN211_2019,UKZN,25,1,0.6678387248007501,0.8735632183908046,0.26666666666666666,0.13186813186813187,0.5,0.17647058823529413,2.5,0.18529514447861942,0.32863287934268537
ukzn_ISTN211_2019,UKZN,50,1,0.6883761682242991,0.8916256157635468,0.18518518518518517,0.13008130081300812,0.4375,0.15217391304347827,2.1875,0.15048353278140486,0.27431983459697934
ukzn_ISTN211_2019,UKZN,100,1,0.7252906976744187,0.9179331306990881,0.12903225806451613,0.0851063829787234,0.5,0.1111111111111111,2.4999999999999996,0.12904678497119274,0.27093691460918123
ukzn_ISTN211_2019,UKZN,0,2,0.6294615849969751,0.8418803418803419,0.1956521739130435,0.12709030100334448,0.3684210526315789,0.125,1.842105263157895,0.1857278765081415,0.3282885024632079
ukzn_ISTN211_2019,UKZN,25,2,0.6447491795593062,0.8828828828828829,0.21212121212121213,0.13186813186813187,0.3888888888888889,0.13725490196078433,1.9444444444444446,0.16759435558579944,0.3013847946837257
ukzn_ISTN211_2019,UKZN,50,2,0.682015503875969,0.9447004608294931,0.07692307692307693,0.12244897959183672,0.5333333333333333,0.17391304347826086,2.6666666666666665,0.13047615196394266,0.25256070288143745
ukzn_ISTN211_2019,UKZN,100,2,0.6167664670658682,0.9623188405797102,0.13333333333333333,0.13471502590673573,0.38461538461538464,0.1388888888888889,1.9230769230769234,0.10548334375286479,0.1819194532991196
ukzn_ISTN211_2019,UKZN,0,3,0.6802782819116757,0.8,0.22608695652173913,0.12709030100334448,0.3157894736842105,0.10714285714285714,1.5789473684210527,0.20322951306742573,0.35629826739742093
ukzn_ISTN211_2019,UKZN,25,3,0.7042818911685994,0.8787185354691075,0.273972602739726,0.1386861313868613,0.5263157894736842,0.19607843137254902,2.6315789473684212,0.16069886896951402,0.2884419319436582
ukzn_ISTN211_2019,UKZN,50,3,0.6650096658381662,0.9086538461538461,0.13636363636363635,0.13765182186234817,0.47058823529411764,0.17391304347826086,2.352941176470588,0.13121669586387352,0.23127675801982361
ukzn_ISTN211_2019,UKZN,100,3,0.6234343434343435,0.9349112426035503,0.0,0.15384615384615385,0.4,0.16666666666666666,2.0,0.10816417539930509,0.14990535891809237
ukzn_ISTN211_2019,UKZN,0,4,0.7410768300060496,0.6995073891625616,0.2077922077922078,0.12709030100334448,0.47368421052631576,0.16071428571428573,2.368421052631579,0.2527175723163281,0.430752315445581
ukzn_ISTN211_2019,UKZN,25,4,0.7407315867523481,0.851063829787234,0.27586206896551724,0.125,0.5294117647058824,0.17647058823529413,2.647058823529412,0.18191817853089287,0.3358092669167402
ukzn_ISTN211_2019,UKZN,50,4,0.7670533001933167,0.8883248730964467,0.3333333333333333,0.13765182186234817,0.5882352941176471,0.21739130434782608,2.941176470588235,0.14166253760597766,0.266259424051572
ukzn_ISTN211_2019,UKZN,100,4,0.6941964285714286,0.9309309309309309,0.14814814814814814,0.125,0.6666666666666666,0.2222222222222222,3.333333333333333,0.12202418094762718,0.23179098130797549
ukzn_ISTN211_2021,UKZN,0,0,0.7970588235294118,0.7254098360655737,0.1927710843373494,0.09883720930232558,0.5294117647058824,0.13846153846153847,2.663348416289593,0.25948119629315847,0.44056388169516375
ukzn_ISTN211_2021,UKZN,25,0,0.7823461091753774,0.8130081300813008,0.17857142857142858,0.0946372239747634,0.4666666666666667,0.11666666666666667,2.3488888888888892,0.1892601813112676,0.3599909361325228
ukzn_ISTN211_2021,UKZN,50,0,0.7594147582697202,0.9375,0.23809523809523808,0.10273972602739725,0.3333333333333333,0.09090909090909091,1.678787878787879,0.11635486943344137,0.24401204370392016
ukzn_ISTN211_2021,UKZN,100,0,0.7650970524802301,0.9681818181818181,0.0,0.10833333333333334,0.38461538461538464,0.1111111111111111,1.94017094017094,0.083635317898209,0.1707937914575774
ukzn_ISTN211_2021,UKZN,0,1,0.802371916508539,0.7213114754098361,0.18072289156626506,0.09883720930232558,0.5882352941176471,0.15384615384615385,2.9592760180995477,0.26916593928542554,0.44432323721503186
ukzn_ISTN211_2021,UKZN,25,1,0.8304811507936507,0.7789473684210526,0.18604651162790697,0.08860759493670886,0.5714285714285714,0.13333333333333333,2.876190476190476,0.24420682463343338,0.41723258819923614
ukzn_ISTN211_2021,UKZN,50,1,0.8035035306898425,0.8571428571428571,0.21176470588235294,0.09621993127147765,0.42857142857142855,0.10909090909090909,2.1584415584415586,0.16806575116496736,0.32157871469750926
ukzn_ISTN211_2021,UKZN,100,1,0.8039383561643835,0.9820627802690582,0.0,0.06808510638297872,0.75,0.13333333333333333,3.7833333333333328,0.08626793945966056,0.22196630882661073
ukzn_ISTN211_2021,UKZN,0,2,0.8127134724857685,0.749498997995992,0.1935483870967742,0.09883720930232558,0.6470588235294118,0.16923076923076924,3.2552036199095027,0.24935502228555245,0.4275824111755496
ukzn_ISTN211_2021,UKZN,25,2,0.8205856643356644,0.9046728971962616,0.2608695652173913,0.10062893081761005,0.625,0.16666666666666666,3.145833333333333,0.14766627837198987,0.2988726120113955
ukzn_ISTN211_2021,UKZN,50,2,0.7967137425312332,0.9291338582677166,0.21739130434782608,0.09621993127147765,0.5,0.12727272727272726,2.518181818181818,0.11461065481318786,0.2402059787589242
ukzn_ISTN211_2021,UKZN,100,2,0.81036866359447,0.9304556354916067,0.21621621621621623,0.08438818565400845,0.5,0.1111111111111111,2.522222222222222,0.09474715405663044,0.21162684849146102
ukzn_ISTN211_2021,UKZN,0,3,0.8004743833017077,0.7749510763209393,0.1958041958041958,0.09883720930232558,0.5882352941176471,0.15384615384615385,2.9592760180995477,0.2486467705064935,0.42614424970717196
ukzn_ISTN211_2021,UKZN,25,3,0.7851335656213706,0.9097605893186004,0.19672131147540983,0.0946372239747634,0.5333333333333333,0.13333333333333333,2.6844444444444444,0.14007910189316697,0.275549513279795
ukzn_ISTN211_2021,UKZN,50,3,0.7115776081424936,0.93359375,0.19047619047619047,0.10273972602739725,0.4,0.10909090909090909,2.0145454545454546,0.09680633287304903,0.19449845505961405
ukzn_ISTN211_2021,UKZN,100,3,0.7744186046511629,0.9728506787330317,0.0,0.10041841004184102,0.5,0.13333333333333333,2.522222222222222,0.06809892513496382,0.14080189029382106
ukzn_ISTN211_2021,UKZN,0,4,0.8089184060721063,0.7119341563786008,0.16666666666666666,0.09883720930232558,0.7058823529411765,0.18461538461538463,3.5511312217194573,0.2493731475588034,0.42989830155911274
ukzn_ISTN211_2021,UKZN,25,4,0.7829268292682927,0.7849686847599165,0.176,0.0946372239747634,0.6,0.15,3.02,0.22034303977771366,0.39108090290557285
ukzn_ISTN211_2021,UKZN,50,4,0.6928753180661578,0.9681050656660413,0.19047619047619047,0.10273972602739725,0.26666666666666666,0.07272727272727272,1.343030303030303,0.11688309586867598,0.24467050851940847
ukzn_ISTN211_2021,UKZN,100,4,0.79638124362895,0.9797752808988764,0.0,0.07627118644067797,0.6666666666666666,0.13333333333333333,3.3629629629629627,0.08535866032487198,0.21382152970420257
ukzn_ISTN212_2018,UKZN,0,0,0.7621251171508903,0.7192429022082019,0.44025157232704404,0.3120567375886525,0.38636363636363635,0.3541666666666667,1.915719696969697,0.23358039431062497,0.30983712546703773
ukzn_ISTN212_2018,UKZN,25,0,0.7623308270676692,0.752542372881356,0.44274809160305345,0.30278884462151395,0.42105263157894735,0.37209302325581395,2.0856793145654837,0.21329604963697057,0.2786006477672338
ukzn_ISTN212_2018,UKZN,50,0,0.759628543499511,0.782608695652174,0.4,0.2986425339366516,0.36363636363636365,0.3157894736842105,1.7990430622009568,0.18809193567175864,0.22615783328767808
ukzn_ISTN212_2018,UKZN,100,0,0.7546662448592218,0.8387096774193549,0.4067796610169492,0.34730538922155685,0.3448275862068966,0.35714285714285715,1.6995073891625616,0.1711633463926896,0.15743777498441652
ukzn_ISTN212_2018,UKZN,0,1,0.7553889409559512,0.7537993920972644,0.4489795918367347,0.3120567375886525,0.38636363636363635,0.3541666666666667,1.915719696969697,0.22509877216355068,0.296182645495791
ukzn_ISTN212_2018,UKZN,25,1,0.738796992481203,0.7682119205298014,0.43548387096774194,0.30278884462151395,0.39473684210526316,0.3488372093023256,1.9553243574051409,0.2206306036195371,0.28423323010011303
ukzn_ISTN212_2018,UKZN,50,1,0.7271708683473389,0.7870036101083032,0.40404040404040403,0.3139013452914798,0.4,0.3684210526315789,1.9789473684210526,0.20494376962246266,0.23901739158557386
ukzn_ISTN212_2018,UKZN,100,1,0.686716300940439,0.8363636363636363,0.35714285714285715,0.27499999999999997,0.45454545454545453,0.35714285714285715,2.2402597402597406,0.18862489105609911,0.23047163445308277
ukzn_ISTN212_2018,UKZN,0,2,0.7475984067478914,0.7414330218068536,0.4645161290322581,0.3120567375886525,0.3409090909090909,0.3125,1.690340909090909,0.2314874964894331,0.30339726371562675
ukzn_ISTN212_2018,UKZN,25,2,0.7639994105511347,0.7774086378737541,0.464,0.30952380952380953,0.38461538461538464,0.3488372093023256,1.9051878354203935,0.21106516835557756,0.27629512356752073
ukzn_ISTN212_2018,UKZN,50,2,0.7583566760037348,0.8206896551724138,0.3953488372093023,0.3139013452914798,0.4,0.3684210526315789,1.9789473684210526,0.18768103598870836,0.2249838753698916
ukzn_ISTN212_2018,UKZN,100,2,0.7043269230769231,0.8482142857142857,0.34615384615384615,0.3170731707317073,0.34615384615384615,0.32142857142857145,1.7060439560439562,0.17672043328242212,0.17150799898644975
ukzn_ISTN212_2018,UKZN,0,3,0.7600749765698219,0.7567567567567568,0.43356643356643354,0.3120567375886525,0.4090909090909091,0.375,2.028409090909091,0.22837536849873127,0.3027158985908512
ukzn_ISTN212_2018,UKZN,25,3,0.7516891891891891,0.7766990291262136,0.41025641025641024,0.296,0.43243243243243246,0.37209302325581395,2.142049025769956,0.22094117052747636,0.2889892504239219
ukzn_ISTN212_2018,UKZN,50,3,0.7469951923076923,0.8098591549295775,0.41304347826086957,0.2909090909090909,0.4375,0.3684210526315789,2.164473684210526,0.19493722646580555,0.2500051462751206
ukzn_ISTN212_2018,UKZN,100,3,0.7417582417582418,0.8722466960352423,0.40816326530612246,0.3170731707317073,0.46153846153846156,0.42857142857142855,2.2747252747252746,0.15593394664677804,0.13569680207505325
ukzn_ISTN212_2018,UKZN,0,4,0.7680998125585755,0.725,0.4358974358974359,0.3120567375886525,0.4318181818181818,0.3958333333333333,2.141098484848485,0.2426491014164385,0.3260623446783576
ukzn_ISTN212_2018,UKZN,25,4,0.7905982905982906,0.7619047619047619,0.4696969696969697,0.30952380952380953,0.46153846153846156,0.4186046511627907,2.2862254025044724,0.21122227643733146,0.28666402127796264
ukzn_ISTN212_2018,UKZN,50,4,0.7730445677465545,0.823943661971831,0.45652173913043476,0.3288888888888889,0.4594594594594595,0.4473684210526316,2.2731152204836413,0.16926357705675524,0.17981772625535183
ukzn_ISTN212_2018,UKZN,100,4,0.8013013013013013,0.8841201716738197,0.37209302325581395,0.32727272727272727,0.4444444444444444,0.42857142857142855,2.1904761904761902,0.14533832826197274,0.11650055308024868
ukzn_ISTN212_2019,UKZN,0,0,0.7348777348777349,0.7226890756302521,0.42105263157894735,0.2745098039215686,0.38095238095238093,0.3018867924528302,1.8975741239892183,0.24428605076409102,0.33763094953753103
ukzn_ISTN212_2019,UKZN,25,0,0.7628851540616246,0.75,0.4084507042253521,0.2554744525547445,0.4,0.2916666666666667,1.991666666666667,0.22138046211640725,0.3173945906476874
ukzn_ISTN212_2019,UKZN,50,0,0.7826887661141804,0.8148148148148148,0.4230769230769231,0.2672064777327935,0.3939393939393939,0.3023255813953488,1.9605355884425653,0.18471079813241054,0.25741808890192763
ukzn_ISTN212_2019,UKZN,100,0,0.7628205128205129,0.8602941176470589,0.32142857142857145,0.2736842105263158,0.38461538461538464,0.30303030303030304,1.9114219114219115,0.15830799128825152,0.19261688398203328
ukzn_ISTN212_2019,UKZN,0,1,0.7336443586443587,0.7696335078534031,0.3972602739726027,0.2745098039215686,0.42857142857142855,0.33962264150943394,2.1347708894878705,0.22969297806049582,0.32067616482691375
ukzn_ISTN212_2019,UKZN,25,1,0.7346802247792347,0.7719298245614035,0.4264705882352941,0.26811594202898553,0.35135135135135137,0.2708333333333333,1.749436936936937,0.22383489211242172,0.31291946822080274
ukzn_ISTN212_2019,UKZN,50,1,0.7306211284111837,0.7974683544303798,0.42857142857142855,0.2672064777327935,0.42424242424242425,0.32558139534883723,2.1113460183227626,0.2025727539818364,0.2771551315052887
ukzn_ISTN212_2019,UKZN,100,1,0.7184873949579832,0.8644688644688645,0.32727272727272727,0.2916666666666667,0.39285714285714285,0.3333333333333333,1.952380952380952,0.1612950866198486,0.16391786664709582
ukzn_ISTN212_2019,UKZN,0,2,0.7444766194766196,0.7425474254742548,0.4025157232704403,0.2745098039215686,0.42857142857142855,0.33962264150943394,2.1347708894878705,0.22298308076357184,0.31148175152045154
ukzn_ISTN212_2019,UKZN,25,2,0.7303846153846153,0.844559585492228,0.34782608695652173,0.28057553956834536,0.358974358974359,0.2916666666666667,1.7873931623931625,0.17389170779526342,0.20719371142401719
ukzn_ISTN212_2019,UKZN,50,2,0.7448501872659176,0.8563218390804598,0.375,0.288,0.4166666666666667,0.3488372093023256,2.0736434108527133,0.16520153592471637,0.19447266688641748
ukzn_ISTN212_2019,UKZN,100,2,0.7788690476190476,0.862453531598513,0.3728813559322034,0.2553191489361702,0.4583333333333333,0.3333333333333333,2.2777777777777777,0.1588324528744453,0.22117474564224524
ukzn_ISTN212_2019,UKZN,0,3,0.7106392106392108,0.7466666666666667,0.3790849673202614,0.2745098039215686,0.40476190476190477,0.32075471698113206,2.0161725067385445,0.2366832291254279,0.32325279621547487
ukzn_ISTN212_2019,UKZN,25,3,0.7126865671641791,0.8086253369272237,0.3364485981308411,0.27436823104693137,0.34210526315789475,0.2708333333333333,1.7033991228070176,0.18858104523334088,0.22925385736479134
ukzn_ISTN212_2019,UKZN,50,3,0.7014705882352942,0.8235294117647058,0.3181818181818182,0.27419354838709675,0.38235294117647056,0.3023255813953488,1.9028727770177838,0.17885670322647843,0.2035878658832486
ukzn_ISTN212_2019,UKZN,100,3,0.6390746934225194,0.8226415094339623,0.25396825396825395,0.2736842105263158,0.3076923076923077,0.24242424242424243,1.529137529137529,0.19163929394999205,0.2015126789881779
ukzn_ISTN212_2019,UKZN,0,4,0.7436186186186187,0.7178082191780822,0.36809815950920244,0.2745098039215686,0.4523809523809524,0.3584905660377358,2.2533692722371965,0.24739040255983008,0.3426614049254374
ukzn_ISTN212_2019,UKZN,25,4,0.7395100502512563,0.7758620689655172,0.4,0.2867383512544803,0.425,0.3541666666666667,2.1161458333333334,0.207588448020984,0.2745718916053224
ukzn_ISTN212_2019,UKZN,50,4,0.733623453962437,0.7731629392971247,0.3826086956521739,0.29482071713147406,0.43243243243243246,0.37209302325581395,2.152105593966059,0.18030066038358397,0.20982450548411777
ukzn_ISTN212_2019,UKZN,100,4,0.7422619047619048,0.8307692307692308,0.35294117647058826,0.2553191489361702,0.4166666666666667,0.30303030303030304,2.070707070707071,0.16701196513300107,0.21423986528728536
ukzn_ISTN2IP_2018,UKZN,0,0,0.648108108108108,0.6153846153846154,0.4444444444444444,0.40322580645161293,0.24,0.3,1.188,0.2922007450043291,0.27983653445654494
ukzn_ISTN2IP_2018,UKZN,25,0,0.6557539682539683,0.6739130434782609,0.4642857142857143,0.391304347826087,0.2777777777777778,0.3333333333333333,1.3703703703703702,0.26763108151403636,0.25800517522886507
ukzn_ISTN2IP_2018,UKZN,50,0,0.6602870813397129,0.696969696969697,0.375,0.36666666666666664,0.2727272727272727,0.3,1.3363636363636364,0.25840866166046206,0.2402965398182165
ukzn_ISTN2IP_2018,UKZN,0,1,0.6645945945945946,0.6611570247933884,0.4675324675324675,0.40322580645161293,0.32,0.4,1.584,0.27632366523175766,0.27478495097650985
ukzn_ISTN2IP_2018,UKZN,25,1,0.6702786377708978,0.6736842105263158,0.41509433962264153,0.37362637362637363,0.35294117647058826,0.4,1.7411764705882353,0.27667685563058875,0.2847780017028545
ukzn_ISTN2IP_2018,UKZN,50,1,0.597972972972973,0.6,0.3684210526315789,0.39344262295081966,0.25,0.3,1.225,0.3052623243759352,0.2935510980635658
ukzn_ISTN2IP_2018,UKZN,0,2,0.668918918918919,0.631578947368421,0.5,0.40322580645161293,0.32,0.4,1.584,0.2968965329828608,0.30256518979974606
ukzn_ISTN2IP_2018,UKZN,25,2,0.6210526315789474,0.6046511627906976,0.45161290322580644,0.4086021505376344,0.21052631578947367,0.26666666666666666,1.0385964912280703,0.28919088694813455,0.2765541173643961
ukzn_ISTN2IP_2018,UKZN,50,2,0.6019607843137256,0.6071428571428571,0.47619047619047616,0.46874999999999994,0.26666666666666666,0.4,1.3066666666666666,0.27797526407264395,0.20939710936031009
ukzn_ISTN2IP_2018,UKZN,0,3,0.6872972972972973,0.6774193548387096,0.4594594594594595,0.40322580645161293,0.32,0.4,1.584,0.27036239000023604,0.2664818047334561
ukzn_ISTN2IP_2018,UKZN,25,3,0.6601851851851852,0.6881720430107527,0.4727272727272727,0.4255319148936171,0.25,0.3333333333333333,1.2333333333333332,0.26836613305928225,0.21668302340570128
ukzn_ISTN2IP_2018,UKZN,50,3,0.7585470085470085,0.7692307692307693,0.5454545454545454,0.41935483870967744,0.3076923076923077,0.4,1.5076923076923077,0.2022939836049507,0.16559004928491755
ukzn_ISTN2IP_2018,UKZN,0,4,0.6686486486486486,0.6774193548387096,0.4594594594594595,0.40322580645161293,0.32,0.4,1.584,0.26604570009764666,0.24770260203338862
ukzn_ISTN2IP_2018,UKZN,25,4,0.687780772686433,0.7070707070707071,0.40816326530612246,0.4421052631578947,0.23809523809523808,0.3333333333333333,1.1746031746031746,0.24217066871470813,0.1694538429507088
ukzn_ISTN2IP_2018,UKZN,50,4,0.7647058823529412,0.7605633802816901,0.37037037037037035,0.46874999999999994,0.26666666666666666,0.4,1.3066666666666666,0.21041294735143054,0.07205300893687822
ukzn_ISTN2IP_2019,UKZN,0,0,0.7398538961038961,0.7857142857142857,0.4375,0.3888888888888889,0.39285714285714285,0.4782608695652174,1.9813664596273293,0.18714508023726623,0.15930745743183208
ukzn_ISTN2IP_2019,UKZN,25,0,0.7257033248081841,0.8,0.425531914893617,0.40350877192982454,0.34782608695652173,0.4444444444444444,1.7584541062801933,0.18877689540898768,0.1477476430577882
ukzn_ISTN2IP_2019,UKZN,50,0,0.7805151175811871,0.8080808080808081,0.42424242424242425,0.4470588235294118,0.3684210526315789,0.5384615384615384,1.8704453441295543,0.17195400194264426,0.07186903635199082
ukzn_ISTN2IP_2019,UKZN,0,1,0.7051542207792209,0.8023255813953488,0.43333333333333335,0.3888888888888889,0.39285714285714285,0.4782608695652174,1.9813664596273293,0.20206490018422182,0.17555268898926532
ukzn_ISTN2IP_2019,UKZN,25,1,0.6665492957746478,0.7669172932330827,0.3673469387755102,0.36036036036036034,0.4,0.4444444444444444,2.022222222222222,0.218011609663858,0.21698510843404756
ukzn_ISTN2IP_2019,UKZN,50,1,0.5863570391872278,0.7628865979381443,0.34285714285714286,0.3291139240506329,0.38461538461538464,0.38461538461538464,1.9526627218934913,0.23855703334513367,0.2507136735389174
ukzn_ISTN2IP_2019,UKZN,0,2,0.6647727272727272,0.7909604519774012,0.32727272727272727,0.3888888888888889,0.2857142857142857,0.34782608695652173,1.4409937888198756,0.19871580904394442,0.1481202346556503
ukzn_ISTN2IP_2019,UKZN,25,2,0.6909203980099502,0.8333333333333334,0.3684210526315789,0.4173913043478261,0.3333333333333333,0.4444444444444444,1.6851851851851851,0.18097548466208394,0.08117382090536823
ukzn_ISTN2IP_2019,UKZN,50,2,0.66625,0.8490566037735849,0.38461538461538464,0.3902439024390244,0.3125,0.38461538461538464,1.5865384615384617,0.18125774543174422,0.11825013825935388
ukzn_ISTN2IP_2019,UKZN,0,3,0.5864448051948052,0.7012987012987013,0.41025641025641024,0.3888888888888889,0.32142857142857145,0.391304347826087,1.6211180124223603,0.23559208238618845,0.21355219454703225
ukzn_ISTN2IP_2019,UKZN,25,3,0.672514619883041,0.8,0.425531914893617,0.3454545454545455,0.42105263157894735,0.4444444444444444,2.1286549707602336,0.1995439531992071,0.20157234602152777
ukzn_ISTN2IP_2019,UKZN,50,3,0.6842737094837934,0.8,0.4864864864864865,0.40963855421686746,0.35294117647058826,0.46153846153846156,1.7918552036199096,0.1946289428230079,0.13431658131121388
ukzn_ISTN2IP_2019,UKZN,0,4,0.6359577922077922,0.6622516556291391,0.37037037037037035,0.3888888888888889,0.25,0.30434782608695654,1.2608695652173914,0.2332006123653769,0.24226270112661166
ukzn_ISTN2IP_2019,UKZN,25,4,0.6514084507042253,0.7445255474452555,0.2222222222222222,0.36036036036036034,0.15,0.16666666666666666,0.7583333333333333,0.20147322631127898,0.184991338328306
ukzn_ISTN2IP_2019,UKZN,50,4,0.6522875816993464,0.7474747474747475,0.24242424242424243,0.37037037037037035,0.13333333333333333,0.15384615384615385,0.676923076923077,0.2038153469434131,0.17854761093676227
ukzn_ISTN3ND_2018,UKZN,0,0,0.5555555555555556,0.5569620253164557,0.46153846153846156,0.5671641791044776,0.22807017543859648,0.4482758620689655,1.1324863883847551,0.274503125827649,0.08701819769085006
ukzn_ISTN3ND_2018,UKZN,25,0,0.602699530516432,0.6573426573426573,0.4842105263157895,0.5748502994011977,0.2708333333333333,0.5416666666666666,1.3428819444444444,0.24557896633293133,0.02905887114335598
ukzn_ISTN3ND_2018,UKZN,50,0,0.587183308494784,0.6434782608695652,0.4383561643835616,0.5196850393700788,0.2727272727272727,0.47368421052631576,1.3492822966507176,0.24965862101487574,0.11064542307332564
ukzn_ISTN3ND_2018,UKZN,100,0,0.5904139433551198,0.6,0.47368421052631576,0.5573770491803279,0.23529411764705882,0.4444444444444444,1.1503267973856208,0.2545947706958388,0.07557324243836089
ukzn_ISTN3ND_2018,UKZN,0,1,0.5211736237144585,0.6358381502890174,0.45217391304347826,0.5671641791044776,0.21052631578947367,0.41379310344827586,1.045372050816697,0.28129973636047606,0.0807854368113316
ukzn_ISTN3ND_2018,UKZN,25,1,0.5333924349881797,0.6438356164383562,0.43478260869565216,0.5662650602409639,0.2553191489361702,0.5,1.2659574468085106,0.2638529276140131,0.05857802393618966
ukzn_ISTN3ND_2018,UKZN,50,1,0.5702930948832589,0.7096774193548387,0.4375,0.5196850393700788,0.2727272727272727,0.47368421052631576,1.3492822966507176,0.24780718204323016,0.09546402040039836
ukzn_ISTN3ND_2018,UKZN,100,1,0.6239583333333334,0.6545454545454545,0.42424242424242425,0.625,0.25,0.5555555555555556,1.2222222222222223,0.2486515733928523,-0.04528233873553539
ukzn_ISTN3ND_2018,UKZN,0,2,0.5258116555757208,0.5813953488372093,0.3793103448275862,0.5671641791044776,0.21052631578947367,0.41379310344827586,1.045372050816697,0.267130299299105,0.06715284432441632
ukzn_ISTN3ND_2018,UKZN,25,2,0.5398936170212766,0.6666666666666666,0.36585365853658536,0.5662650602409639,0.2127659574468085,0.4166666666666667,1.0549645390070923,0.25916212273081357,0.04744911194398843
ukzn_ISTN3ND_2018,UKZN,50,2,0.5871975806451613,0.6885245901639344,0.42424242424242425,0.5079365079365079,0.21875,0.3684210526315789,1.082236842105263,0.24544382227289976,0.12740913679017535
ukzn_ISTN3ND_2018,UKZN,100,2,0.4071428571428571,0.5862068965517241,0.2,0.4827586206896552,0.0,0.0,0.0,0.2868861638992182,0.1294424296997393
ukzn_ISTN3ND_2018,UKZN,0,3,0.5624117765678563,0.631578947368421,0.46153846153846156,0.5671641791044776,0.24561403508771928,0.4827586206896552,1.2196007259528132,0.26828577124215347,0.055688177038648035
ukzn_ISTN3ND_2018,UKZN,25,3,0.5790484633569739,0.6486486486486487,0.4222222222222222,0.5662650602409639,0.23404255319148937,0.4583333333333333,1.1604609929078014,0.2577188220504166,0.041736507638936104
ukzn_ISTN3ND_2018,UKZN,50,3,0.5931721194879089,0.6666666666666666,0.36923076923076925,0.5648854961832062,0.24324324324324326,0.47368421052631576,1.2034139402560453,0.24557628481914312,0.007164592710142914
ukzn_ISTN3ND_2018,UKZN,100,3,0.6020833333333333,0.6153846153846154,0.4444444444444444,0.625,0.3,0.6666666666666666,1.4666666666666666,0.24800309143495688,-0.0321652402163603
ukzn_ISTN3ND_2018,UKZN,0,4,0.5526315789473685,0.593939393939394,0.45528455284552843,0.5671641791044776,0.21052631578947367,0.41379310344827586,1.045372050816697,0.28018136496318696,0.09215412853654376
ukzn_ISTN3ND_2018,UKZN,25,4,0.5303206997084547,0.5899280575539568,0.42424242424242425,0.5833333333333334,0.20408163265306123,0.4166666666666667,1.011904761904762,0.27425094311527,0.05736934129249305
ukzn_ISTN3ND_2018,UKZN,50,4,0.5248933143669986,0.5688073394495413,0.4050632911392405,0.5648854961832062,0.21621621621621623,0.42105263157894735,1.069701280227596,0.26848911912283036,0.06810576545318164
ukzn_ISTN3ND_2018,UKZN,100,4,0.5662393162393162,0.6037735849056604,0.4,0.5806451612903226,0.16666666666666666,0.3333333333333333,0.8148148148148148,0.2557976762020698,0.025693952729484715
ukzn_ISTN3ND_2019,UKZN,0,0,0.6788344337227018,0.848314606741573,0.4,0.32958801498127344,0.4090909090909091,0.4,2.0272727272727273,0.18199450041223447,0.1639540617199252
ukzn_ISTN3ND_2019,UKZN,25,0,0.690552503052503,0.8338762214983714,0.42696629213483145,0.35,0.35714285714285715,0.375,1.7678571428571428,0.17902454985628713,0.1341867225639389
ukzn_ISTN3ND_2019,UKZN,50,0,0.6652255639097744,0.8115942028985508,0.2571428571428571,0.37558685446009393,0.325,0.37142857142857144,1.6064285714285715,0.18213080175352053,0.09501748017834971
ukzn_ISTN3ND_2019,UKZN,100,0,0.6510204081632653,0.8653846153846154,0.2631578947368421,0.3378378378378379,0.36,0.36,1.7711999999999999,0.1752186082715754,0.10594308310519057
ukzn_ISTN3ND_2019,UKZN,0,1,0.678453529710513,0.8092485549132948,0.34,0.32958801498127344,0.3409090909090909,0.3333333333333333,1.6893939393939394,0.19316120221491212,0.18866464782866801
ukzn_ISTN3ND_2019,UKZN,25,1,0.6980023501762632,0.8295819935691319,0.3764705882352941,0.3148936170212766,0.3783783783783784,0.35,1.8729729729729727,0.1835649561352377,0.1865423979133455
ukzn_ISTN3ND_2019,UKZN,50,1,0.6721743295019156,0.852112676056338,0.3225806451612903,0.28712871287128716,0.3793103448275862,0.3142857142857143,1.8748768472906403,0.17539542647702128,0.18730929730232734
ukzn_ISTN3ND_2019,UKZN,100,1,0.6525652565256526,0.8682926829268293,0.34146341463414637,0.30344827586206896,0.4090909090909091,0.36,2.0127272727272727,0.16620152046486739,0.14514245393308664
ukzn_ISTN3ND_2019,UKZN,0,2,0.7167343829355002,0.8059701492537313,0.4144144144144144,0.32958801498127344,0.4090909090909091,0.4,2.0272727272727273,0.18149644251242916,0.1815450032238787
ukzn_ISTN3ND_2019,UKZN,25,2,0.6925632911392404,0.8220064724919094,0.367816091954023,0.33613445378151263,0.35,0.35,1.7325,0.1770264373648519,0.15046404395870824
ukzn_ISTN3ND_2019,UKZN,50,2,0.7018620397799408,0.8401486988847584,0.44155844155844154,0.3285024154589372,0.35294117647058826,0.34285714285714286,1.7445378151260502,0.17130448386726116,0.15237657485083062
ukzn_ISTN3ND_2019,UKZN,100,2,0.7292250233426705,0.8484848484848485,0.375,0.2916666666666667,0.38095238095238093,0.32,1.874285714285714,0.16348195136153645,0.16575491490337316
ukzn_ISTN3ND_2019,UKZN,0,3,0.5890045708481463,0.8563829787234043,0.22857142857142856,0.32958801498127344,0.3181818181818182,0.3111111111111111,1.5767676767676768,0.18561752914583105,0.12066312945366733
ukzn_ISTN3ND_2019,UKZN,25,3,0.5995253164556962,0.8545454545454545,0.2727272727272727,0.33613445378151263,0.325,0.325,1.6087500000000001,0.18520531425165085,0.11832413406838252
ukzn_ISTN3ND_2019,UKZN,50,3,0.5962962962962963,0.8350877192982457,0.22950819672131148,0.36018957345971564,0.34210526315789475,0.37142857142857144,1.6909774436090226,0.18733799417084818,0.09099086775919552
ukzn_ISTN3ND_2019,UKZN,100,3,0.6161776367961935,0.8275862068965517,0.18604651162790697,0.348993288590604,0.34615384615384615,0.36,1.703076923076923,0.177040540431632,0.07837997872319383
ukzn_ISTN3ND_2019,UKZN,0,4,0.6899441340782123,0.8394366197183099,0.37362637362637363,0.32958801498127344,0.36363636363636365,0.35555555555555557,1.8020202020202023,0.17847158891073595,0.16578589205102726
ukzn_ISTN3ND_2019,UKZN,25,4,0.6675632911392405,0.8535825545171339,0.37333333333333335,0.33613445378151263,0.375,0.375,1.85625,0.17641843190653866,0.1393558113088246
ukzn_ISTN3ND_2019,UKZN,50,4,0.6532091097308489,0.8621908127208481,0.38095238095238093,0.33653846153846156,0.4,0.4,1.977142857142857,0.17574438422988173,0.12976761727978092
ukzn_ISTN3ND_2019,UKZN,100,4,0.6785714285714286,0.835820895522388,0.26666666666666666,0.3708609271523179,0.35714285714285715,0.4,1.7571428571428573,0.17187405999104766,0.06414392669086957
ukzn_ISTN3SA_2018,UKZN,0,0,0.6382882882882882,0.7735849056603774,0.3142857142857143,0.3508771929824561,0.16666666666666666,0.17857142857142858,0.8392857142857143,0.2044679929170069,0.1820651448576018
ukzn_ISTN3SA_2018,UKZN,25,0,0.6382417582417583,0.7796610169491526,0.2909090909090909,0.3546099290780142,0.24,0.2608695652173913,1.2104347826086956,0.20040637511682444,0.16118213426830136
ukzn_ISTN3SA_2018,UKZN,50,0,0.6331811263318112,0.8085106382978723,0.34146341463414637,0.3302752293577982,0.2222222222222222,0.2222222222222222,1.1234567901234567,0.19587786609445335,0.1780358892558617
ukzn_ISTN3SA_2018,UKZN,100,0,0.7095238095238096,0.8695652173913043,0.3076923076923077,0.2553191489361702,0.3333333333333333,0.25,1.7083333333333335,0.16114255247278886,0.20278909858188385
ukzn_ISTN3SA_2018,UKZN,0,1,0.6399399399399399,0.780952380952381,0.3611111111111111,0.3508771929824561,0.26666666666666666,0.2857142857142857,1.3428571428571427,0.2119206101315973,0.19571410622393717
ukzn_ISTN3SA_2018,UKZN,25,1,0.7006769825918763,0.8478260869565217,0.4166666666666667,0.3188405797101449,0.3181818181818182,0.30434782608695654,1.6047430830039529,0.18540370961497676,0.19590107109250904
ukzn_ISTN3SA_2018,UKZN,50,1,0.6343402225755167,0.8609271523178808,0.3225806451612903,0.3148148148148148,0.4117647058823529,0.3888888888888889,2.081699346405229,0.17730517376887284,0.16467469308023175
ukzn_ISTN3SA_2018,UKZN,100,1,0.8298611111111112,0.84375,0.4444444444444444,0.36,0.4444444444444444,0.5,2.2777777777777777,0.14842286353738005,0.1313856191055299
ukzn_ISTN3SA_2018,UKZN,0,2,0.6451951951951953,0.7751196172248804,0.3561643835616438,0.3508771929824561,0.2,0.21428571428571427,1.0071428571428571,0.2103986817692321,0.19777793402564156
ukzn_ISTN3SA_2018,UKZN,25,2,0.6606593406593406,0.7745664739884393,0.3389830508474576,0.3546099290780142,0.28,0.30434782608695654,1.4121739130434785,0.20113050816689992,0.18360632185983544
ukzn_ISTN3SA_2018,UKZN,50,2,0.6952380952380952,0.7971014492753623,0.36363636363636365,0.375,0.2857142857142857,0.3333333333333333,1.4444444444444442,0.18552494256789864,0.14089055668856654
ukzn_ISTN3SA_2018,UKZN,100,2,0.7361111111111112,0.8307692307692308,0.35294117647058826,0.36,0.3333333333333333,0.375,1.7083333333333333,0.17366363373490154,0.14013078059464748
ukzn_ISTN3SA_2018,UKZN,0,3,0.6423423423423423,0.7926267281105991,0.3076923076923077,0.3508771929824561,0.3333333333333333,0.35714285714285715,1.6785714285714286,0.1980337642804136,0.16307913315099812
ukzn_ISTN3SA_2018,UKZN,25,3,0.6304347826086957,0.8131868131868132,0.32,0.34285714285714286,0.25,0.2608695652173913,1.2608695652173914,0.1901889736237739,0.15417300367412076
ukzn_ISTN3SA_2018,UKZN,50,3,0.6710526315789475,0.821917808219178,0.2777777777777778,0.3454545454545455,0.3157894736842105,0.3333333333333333,1.5964912280701753,0.17551288936014722,0.12568877160044076
ukzn_ISTN3SA_2018,UKZN,100,3,0.695054945054945,0.8307692307692308,0.35294117647058826,0.48148148148148145,0.3076923076923077,0.5,1.5769230769230769,0.19478142314841923,-0.030563294919798922
ukzn_ISTN3SA_2018,UKZN,0,4,0.6698198198198198,0.832579185520362,0.39344262295081966,0.3508771929824561,0.3333333333333333,0.35714285714285715,1.6785714285714286,0.1876592990771457,0.16565083434077868
ukzn_ISTN3SA_2018,UKZN,25,4,0.6532882011605416,0.8297872340425532,0.2727272727272727,0.3188405797101449,0.2727272727272727,0.2608695652173913,1.3754940711462451,0.18026502796421853,0.17294173577471306
ukzn_ISTN3SA_2018,UKZN,50,4,0.6584507042253521,0.84,0.25,0.36036036036036034,0.3,0.3333333333333333,1.5166666666666666,0.1781671710834296,0.12618981042080446
ukzn_ISTN3SA_2018,UKZN,100,4,0.7555555555555555,0.9333333333333333,0.2857142857142857,0.21739130434782605,0.4,0.25,2.0500000000000003,0.1320107412965815,0.19866895997559308
ukzn_ISTN3SA_2019,UKZN,0,0,0.5738823529411765,0.654275092936803,0.23140495867768596,0.22727272727272727,0.28,0.1794871794871795,1.4000000000000001,0.2630249189694831,0.3539561730728325
ukzn_ISTN3SA_2019,UKZN,25,0,0.5870433789954337,0.7529411764705882,0.25882352941176473,0.24742268041237114,0.3333333333333333,0.23529411764705882,1.6666666666666667,0.21416115519852172,0.26713017479231443
ukzn_ISTN3SA_2019,UKZN,50,0,0.5652173913043478,0.8103448275862069,0.2413793103448276,0.2738095238095238,0.30434782608695654,0.2413793103448276,1.5217391304347825,0.19231153258205516,0.19758311894536
ukzn_ISTN3SA_2019,UKZN,100,0,0.5682730923694779,0.8819875776397516,0.3448275862068966,0.22429906542056077,0.4166666666666667,0.2631578947368421,2.083333333333333,0.1724854193979039,0.22406256963974897
ukzn_ISTN3SA_2019,UKZN,0,1,0.5392941176470589,0.6928571428571428,0.21818181818181817,0.22727272727272727,0.24,0.15384615384615385,1.2000000000000002,0.24929978521992885,0.3343109926449946
ukzn_ISTN3SA_2019,UKZN,25,1,0.5641891891891891,0.7662835249042146,0.22784810126582278,0.22916666666666669,0.22727272727272727,0.14705882352941177,1.1363636363636362,0.22497860237267794,0.28518378518446674
ukzn_ISTN3SA_2019,UKZN,50,1,0.6084864391951006,0.8305084745762712,0.25925925925925924,0.22085889570552147,0.3333333333333333,0.20689655172413793,1.6666666666666667,0.18954508218083252,0.2540436814640653
ukzn_ISTN3SA_2019,UKZN,100,1,0.6385281385281385,0.9156626506024096,0.4166666666666667,0.20754716981132076,0.45454545454545453,0.2631578947368421,2.2727272727272725,0.15537644800995895,0.2201420499652216
ukzn_ISTN3SA_2019,UKZN,0,2,0.5623529411764706,0.6906474820143885,0.23214285714285715,0.22727272727272727,0.24,0.15384615384615385,1.2000000000000002,0.24991875551741466,0.3362746468683274
ukzn_ISTN3SA_2019,UKZN,25,2,0.5759132420091324,0.8118081180811808,0.2608695652173913,0.24742268041237114,0.2916666666666667,0.20588235294117646,1.4583333333333333,0.19378391390357236,0.24486213631939124
ukzn_ISTN3SA_2019,UKZN,50,2,0.5752688172043011,0.8617886178861789,0.22727272727272727,0.25301204819277107,0.2857142857142857,0.20689655172413793,1.4285714285714284,0.17712551325223763,0.21472958390116187
ukzn_ISTN3SA_2019,UKZN,100,2,0.5382395382395382,0.9101796407185628,0.34782608695652173,0.31858407079646023,0.3333333333333333,0.3157894736842105,1.6666666666666665,0.15285310034956343,0.06446665291143758
ukzn_ISTN3SA_2019,UKZN,0,3,0.5903529411764705,0.7379310344827587,0.24,0.22727272727272727,0.4,0.2564102564102564,2.0,0.24304503120786472,0.3336294325739496
ukzn_ISTN3SA_2019,UKZN,25,3,0.5755693581780539,0.8491228070175438,0.21818181818181817,0.23834196891191708,0.30434782608695654,0.20588235294117646,1.5217391304347827,0.1801001194472984,0.22554650264637946
ukzn_ISTN3SA_2019,UKZN,50,3,0.5532,0.8984375,0.23529411764705882,0.2424242424242424,0.3,0.20689655172413793,1.5,0.1559472557348122,0.16284345071494782
ukzn_ISTN3SA_2019,UKZN,100,3,0.46158008658008653,0.9257142857142857,0.13333333333333333,0.20754716981132076,0.18181818181818182,0.10526315789473684,0.9090909090909091,0.13763591089324326,0.14525571647895805
ukzn_ISTN3SA_2019,UKZN,0,4,0.568,0.6666666666666666,0.2222222222222222,0.22727272727272727,0.36,0.23076923076923078,1.8000000000000003,0.26940129309128696,0.3595259239756462
ukzn_ISTN3SA_2019,UKZN,25,4,0.5515970515970516,0.7692307692307693,0.25,0.22916666666666669,0.22727272727272727,0.14705882352941177,1.1363636363636362,0.2155504656140537,0.28225032400766514
ukzn_ISTN3SA_2019,UKZN,50,4,0.562992125984252,0.8368200836820083,0.23529411764705882,0.22085889570552147,0.3333333333333333,0.20689655172413793,1.6666666666666667,0.1856778969470228,0.2501813506534736
ukzn_ISTN3SA_2019,UKZN,100,4,0.48092369477911645,0.9122807017543859,0.21052631578947367,0.22429906542056077,0.16666666666666666,0.10526315789473684,0.8333333333333333,0.14633991378798344,0.15411709618673713
zambia_ICT1110_2020,Zambia,0,0,0.5701530612244898,0.4,0.4,0.8596491228070176,0.20408163265306123,0.7692307692307693,1.0204081632653061,0.3448236704933681,-0.37110847390789786
zambia_ICT1110_2020,Zambia,25,0,0.5033333333333334,0.3870967741935484,0.6122448979591837,0.8571428571428571,0.2,0.75,1.0,0.2993551471975,-0.23787270969543217
zambia_ICT1110_2020,Zambia,0,1,0.552295918367347,0.4117647058823529,0.3548387096774194,0.8596491228070176,0.22448979591836735,0.8461538461538461,1.1224489795918366,0.33715231416413693,-0.3531034158154724
zambia_ICT1110_2020,Zambia,25,1,0.446078431372549,0.2777777777777778,0.4090909090909091,0.9189189189189189,0.20588235294117646,0.875,1.0294117647058825,0.36068069452836304,-0.4339572822214499
zambia_ICT1110_2020,Zambia,0,2,0.5752551020408163,0.39285714285714285,0.5405405405405406,0.8596491228070176,0.22448979591836735,0.8461538461538461,1.1224489795918366,0.3169876754686198,-0.30499003111217926
zambia_ICT1110_2020,Zambia,25,2,0.5714285714285714,0.36363636363636365,0.5531914893617021,0.9041095890410958,0.21212121212121213,0.875,1.0606060606060606,0.3065943588055446,-0.3571293056244365
zambia_ICT1110_2020,Zambia,0,3,0.5586734693877551,0.3870967741935484,0.4411764705882353,0.8596491228070176,0.20408163265306123,0.7692307692307693,1.0204081632653061,0.3339157935449749,-0.3465893330554902
zambia_ICT1110_2020,Zambia,25,3,0.5399999999999999,0.375,0.5833333333333334,0.8571428571428571,0.2,0.75,1.0,0.28155592019535636,-0.2725384898506048
zambia_ICT1110_2020,Zambia,0,4,0.6198979591836735,0.3939393939393939,0.375,0.8596491228070176,0.22448979591836735,0.8461538461538461,1.1224489795918366,0.34455998624055756,-0.3734193540691108
zambia_ICT1110_2020,Zambia,25,4,0.703125,0.42105263157894735,0.47619047619047616,0.888888888888889,0.25,1.0,1.25,0.3107375463164197,-0.3912911674950077
zambia_ICT1110_2021,Zambia,0,0,0.6046874999999999,0.5671641791044776,0.21621621621621623,0.761904761904762,0.28125,0.9,1.4625,0.3306688890455887,-0.30913673173530587
zambia_ICT1110_2021,Zambia,0,1,0.60625,0.5588235294117647,0.16666666666666666,0.761904761904762,0.28125,0.9,1.4625,0.3392830961434914,-0.31519893598916304
zambia_ICT1110_2021,Zambia,0,2,0.6234375,0.5806451612903226,0.38095238095238093,0.761904761904762,0.25,0.8,1.3,0.31466117764719953,-0.27459427137046233
zambia_ICT1110_2021,Zambia,0,3,0.6734374999999999,0.5757575757575758,0.2631578947368421,0.761904761904762,0.25,0.8,1.3,0.3199247862682053,-0.2974369562594561
zambia_ICT1110_2021,Zambia,0,4,0.58125,0.5294117647058824,0.1111111111111111,0.761904761904762,0.25,0.8,1.3,0.37692264230866923,-0.3578006320818806
oviedo_C1112_1415,Oviedo,0,0,0.738960113960114,0.6765799256505576,0.32558139534883723,0.7035830618892508,0.35185185185185186,0.95,1.7504629629629629,0.2839996016146209,-0.277231718639971
oviedo_C1112_1415,Oviedo,25,0,0.7408071153590866,0.6893617021276596,0.35398230088495575,0.6966292134831461,0.3333333333333333,0.8857142857142857,1.6571428571428573,0.2649601033685935,-0.24387711804253787
oviedo_C1112_1415,Oviedo,50,0,0.7518987341772152,0.700507614213198,0.4158415841584158,0.6929824561403509,0.3670886075949367,0.9666666666666667,1.8232067510548522,0.2504507861898392,-0.2176458686661581
oviedo_C1112_1415,Oviedo,100,0,0.7214285714285714,0.7131782945736435,0.463768115942029,0.6711409395973155,0.34,0.85,1.6829999999999998,0.2257793408632192,-0.13520619319806126
oviedo_C1112_1415,Oviedo,0,1,0.7272588522588523,0.6870229007633588,0.39705882352941174,0.7035830618892508,0.3333333333333333,0.9,1.6583333333333332,0.26897318690795685,-0.24769127690786125
oviedo_C1112_1415,Oviedo,25,1,0.7391159188034188,0.6784140969162996,0.39669421487603307,0.7111111111111111,0.3333333333333333,0.9142857142857143,1.657142857142857,0.2655498104736517,-0.24541346188398838
oviedo_C1112_1415,Oviedo,50,1,0.7268382352941177,0.6666666666666666,0.39622641509433965,0.7264957264957265,0.3411764705882353,0.9666666666666667,1.6945098039215687,0.2713284707832339,-0.2581810858685855
oviedo_C1112_1415,Oviedo,100,1,0.7078111946532999,0.6511627906976745,0.34782608695652173,0.7307692307692308,0.3333333333333333,0.95,1.6499999999999997,0.2689464537345163,-0.24516953268342928
oviedo_C1112_1415,Oviedo,0,2,0.7326007326007326,0.6818181818181818,0.373134328358209,0.7035830618892508,0.3333333333333333,0.9,1.6583333333333332,0.2895223679217832,-0.28654378842109396
oviedo_C1112_1415,Oviedo,25,2,0.7387820512820513,0.6785714285714286,0.41935483870967744,0.7111111111111111,0.3333333333333333,0.9142857142857143,1.657142857142857,0.26649454833839964,-0.24419039305218848
oviedo_C1112_1415,Oviedo,50,2,0.7568256279577721,0.694300518134715,0.4380952380952381,0.70995670995671,0.35365853658536583,0.9666666666666667,1.7565040650406505,0.2368752787019039,-0.1922583914351677
oviedo_C1112_1415,Oviedo,100,2,0.7727645611156686,0.7339449541284404,0.6741573033707865,0.6973684210526315,0.3584905660377358,0.95,1.7745283018867923,0.20709232404036154,-0.08212575916736536
oviedo_C1112_1415,Oviedo,0,3,0.7286833536833537,0.6408450704225352,0.10526315789473684,0.7035830618892508,0.3148148148148148,0.85,1.5662037037037035,0.2951431538502953,-0.28363310988604395
oviedo_C1112_1415,Oviedo,25,3,0.7323038176033935,0.7090909090909091,0.5,0.6917293233082707,0.33695652173913043,0.8857142857142857,1.6751552795031055,0.23695843217685356,-0.16347938137935214
oviedo_C1112_1415,Oviedo,50,3,0.7176778620440593,0.6907216494845361,0.4230769230769231,0.6872246696035244,0.3333333333333333,0.8666666666666667,1.6555555555555554,0.2401264008790085,-0.16541734534869296
oviedo_C1112_1415,Oviedo,100,3,0.6950571895424837,0.7049180327868853,0.5263157894736842,0.6799999999999999,0.35294117647058826,0.9,1.7470588235294118,0.22866786814445073,-0.1130501284628167
oviedo_C1112_1415,Oviedo,0,4,0.7403337403337402,0.6893939393939394,0.3880597014925373,0.7035830618892508,0.35185185185185186,0.95,1.7504629629629629,0.2695630743918932,-0.25563559629495247
oviedo_C1112_1415,Oviedo,25,4,0.7321428571428572,0.7058823529411765,0.4881889763779528,0.6818181818181819,0.3333333333333333,0.8571428571428571,1.657142857142857,0.2240327495894031,-0.12218604834444652
oviedo_C1112_1415,Oviedo,50,4,0.7399783315276273,0.7263157894736842,0.5185185185185185,0.6872246696035244,0.358974358974359,0.9333333333333333,1.7829059829059828,0.22418651734049821,-0.14202134980175035
oviedo_C1112_1415,Oviedo,100,4,0.689640768588137,0.6890756302521008,0.5316455696202531,0.7307692307692308,0.3508771929824561,1.0,1.7368421052631577,0.24621298230275124,-0.18221163413281272
oviedo_C1127_1415,Oviedo,0,0,0.6188289322617682,0.8,0.2978723404255319,0.5379310344827586,0.3076923076923077,0.5714285714285714,1.5531135531135531,0.2235834670050718,-0.08637132026675359
oviedo_C1127_1415,Oviedo,25,0,0.6163398692810458,0.8,0.32432432432432434,0.5405405405405406,0.26666666666666666,0.5,1.35,0.22163980843799896,-0.07933963425092322
oviedo_C1127_1415,Oviedo,50,0,0.5647226173541964,0.7912087912087912,0.09523809523809523,0.5066666666666666,0.21052631578947367,0.36363636363636365,1.0717703349282297,0.22852791097005035,-0.05850438634107075
oviedo_C1127_1415,Oviedo,0,1,0.5996938384998086,0.8072289156626506,0.30434782608695654,0.5379310344827586,0.3333333333333333,0.6190476190476191,1.6825396825396828,0.2278218799867837,-0.09575009005783702
oviedo_C1127_1415,Oviedo,25,1,0.5746173469387755,0.784,0.2702702702702703,0.5663716814159292,0.3125,0.625,1.58203125,0.23682681089424376,-0.10918130691702099
oviedo_C1127_1415,Oviedo,50,1,0.6258890469416785,0.8314606741573034,0.34782608695652173,0.5066666666666666,0.3157894736842105,0.5454545454545454,1.6076555023923442,0.20178315261956634,-0.027786662403632423
oviedo_C1127_1415,Oviedo,0,2,0.5752009184845006,0.8121212121212121,0.3404255319148936,0.5379310344827586,0.28205128205128205,0.5238095238095238,1.423687423687424,0.23067773658036025,-0.07712292554624894
oviedo_C1127_1415,Oviedo,25,2,0.6120689655172414,0.8253968253968254,0.3888888888888889,0.5272727272727272,0.27586206896551724,0.5,1.396551724137931,0.21268634213961687,-0.048584106361450996
oviedo_C1127_1415,Oviedo,50,2,0.6666666666666667,0.8045977011494253,0.32,0.5454545454545454,0.3333333333333333,0.6363636363636364,1.696969696969697,0.2079616288241504,-0.06681944595636591
oviedo_C1127_1415,Oviedo,0,3,0.4508228090317643,0.757396449704142,0.046511627906976744,0.5379310344827586,0.1794871794871795,0.3333333333333333,0.905982905982906,0.2694124049604224,-0.09610979918893015
oviedo_C1127_1415,Oviedo,25,3,0.49150326797385624,0.765625,0.11764705882352941,0.5405405405405406,0.2,0.375,1.0125,0.2542224106301843,-0.074891500294886
oviedo_C1127_1415,Oviedo,50,3,0.564625850340136,0.7777777777777778,0.09090909090909091,0.5454545454545454,0.23809523809523808,0.45454545454545453,1.2121212121212122,0.24503105370139872,-0.08579353305415527
oviedo_C1127_1415,Oviedo,0,4,0.574052812858783,0.8024691358024691,0.36,0.5379310344827586,0.2564102564102564,0.47619047619047616,1.2942612942612943,0.23680000409143065,-0.08198422367403319
oviedo_C1127_1415,Oviedo,25,4,0.5357142857142857,0.8188976377952756,0.34285714285714286,0.5137614678899083,0.21428571428571427,0.375,1.0848214285714286,0.22709853583140602,-0.04235330559485012
oviedo_C1127_1415,Oviedo,50,4,0.625,0.8372093023255814,0.46153846153846156,0.5263157894736842,0.3,0.5454545454545454,1.5272727272727271,0.20566489600694612,-0.021550915639072188
oviedo_C1200_1415,Oviedo,0,0,0.6849563953488372,0.6099290780141844,0.2465753424657534,0.7485380116959064,0.3125,0.9523809523809523,1.5922619047619049,0.318049810289876,-0.3250423728208812
oviedo_C1200_1415,Oviedo,25,0,0.6785946649316852,0.58,0.34375,0.7851851851851851,0.2830188679245283,0.9375,1.4504716981132075,0.3283248203298308,-0.35210329473155233
oviedo_C1200_1415,Oviedo,50,0,0.7103174603174602,0.5915492957746479,0.32558139534883723,0.7741935483870968,0.2777777777777778,0.9090909090909091,1.4393939393939394,0.30193210317929386,-0.31543039770645304
oviedo_C1200_1415,Oviedo,0,1,0.644077034883721,0.6142857142857143,0.2702702702702703,0.7485380116959064,0.296875,0.9047619047619048,1.5126488095238098,0.312821627953553,-0.3066372993208036
oviedo_C1200_1415,Oviedo,25,1,0.6803125,0.6213592233009708,0.36065573770491804,0.7575757575757575,0.3,0.9375,1.5375,0.3025949562629527,-0.3018818870762699
oviedo_C1200_1415,Oviedo,50,1,0.7017195767195766,0.6086956521739131,0.4,0.7741935483870968,0.3055555555555556,1.0,1.5833333333333335,0.27859423971005215,-0.27488195731224674
oviedo_C1200_1415,Oviedo,0,2,0.6720566860465116,0.6231884057971014,0.3157894736842105,0.7485380116959064,0.28125,0.8571428571428571,1.4330357142857144,0.3241724243289369,-0.3321702119766059
oviedo_C1200_1415,Oviedo,25,2,0.6363061353573688,0.6078431372549019,0.3548387096774194,0.7669172932330827,0.27450980392156865,0.875,1.4068627450980393,0.31581737488978284,-0.3154714650830188
oviedo_C1200_1415,Oviedo,50,2,0.6706349206349206,0.6,0.36363636363636365,0.7741935483870968,0.2777777777777778,0.9090909090909091,1.4393939393939394,0.2825608411945526,-0.2743689497435283
oviedo_C1200_1415,Oviedo,0,3,0.6297238372093023,0.589041095890411,0.11764705882352941,0.7485380116959064,0.25,0.7619047619047619,1.2738095238095237,0.3347539600296105,-0.3287318843051205
oviedo_C1200_1415,Oviedo,25,3,0.6733897202342225,0.5436893203883495,0.22950819672131148,0.7851851851851851,0.2641509433962264,0.875,1.3537735849056602,0.33690024010626446,-0.35637189041810224
oviedo_C1200_1415,Oviedo,50,3,0.6800554016620498,0.5294117647058824,0.30434782608695654,0.8,0.2631578947368421,0.9090909090909091,1.3636363636363638,0.2982662760944225,-0.3124467599454991
oviedo_C1200_1415,Oviedo,0,4,0.6660610465116279,0.6086956521739131,0.2894736842105263,0.7485380116959064,0.265625,0.8095238095238095,1.353422619047619,0.3310143688050846,-0.3346520829185108
oviedo_C1200_1415,Oviedo,25,4,0.6883116883116883,0.6095238095238096,0.3050847457627119,0.748091603053435,0.2857142857142857,0.875,1.4642857142857144,0.30041889924743226,-0.2947685429648778
oviedo_C1200_1415,Oviedo,50,4,0.7077562326869806,0.5507246376811594,0.3111111111111111,0.8,0.2631578947368421,0.9090909090909091,1.3636363636363638,0.3226927934136883,-0.3558442415009215
oviedo_C1303_1415,Oviedo,0,0,0.6879251700680271,0.56,0.10810810810810811,0.7692307692307693,0.24285714285714285,0.7727272727272727,1.2363636363636363,0.3337263484021689,-0.3458690231944646
oviedo_C1303_1415,Oviedo,25,0,0.722972972972973,0.6271186440677966,0.21428571428571427,0.7299270072992701,0.26,0.7647058823529411,1.3305882352941176,0.29508896771792786,-0.2828433443904497
oviedo_C1303_1415,Oviedo,50,0,0.6901709401709402,0.6265060240963856,0.24390243902439024,0.7346938775510204,0.25,0.75,1.2916666666666665,0.2812621087855654,-0.25028203387485637
oviedo_C1303_1415,Oviedo,0,1,0.6406462585034014,0.5526315789473685,0.05555555555555555,0.7692307692307693,0.22857142857142856,0.7272727272727273,1.1636363636363636,0.36240515559318204,-0.37368534343394477
oviedo_C1303_1415,Oviedo,25,1,0.6465909090909091,0.5299145299145299,0.03508771929824561,0.7746478873239436,0.23636363636363636,0.7647058823529411,1.2096256684491977,0.3467795701646657,-0.35084625215250836
oviedo_C1303_1415,Oviedo,50,1,0.5648809523809525,0.46153846153846156,0.08695652173913043,0.8076923076923077,0.19047619047619047,0.6666666666666666,0.9841269841269842,0.3664015821020862,-0.37498344330905903
oviedo_C1303_1415,Oviedo,0,2,0.6653061224489796,0.5562913907284768,0.0821917808219178,0.7692307692307693,0.2857142857142857,0.9090909090909091,1.4545454545454546,0.32836783005538933,-0.33309841374346905
oviedo_C1303_1415,Oviedo,25,2,0.649715909090909,0.5471698113207547,0.29411764705882354,0.7746478873239436,0.2545454545454545,0.8235294117647058,1.3026737967914437,0.30058360879734236,-0.28220002531566346
oviedo_C1303_1415,Oviedo,50,2,0.5900116144018583,0.5066666666666667,0.24489795918367346,0.7961165048543689,0.21951219512195122,0.75,1.1341463414634148,0.30786618728637616,-0.29309051521800294
oviedo_C1303_1415,Oviedo,0,3,0.5874149659863945,0.5503355704697986,0.10666666666666667,0.7692307692307693,0.21428571428571427,0.6818181818181818,1.0909090909090908,0.3394890974285446,-0.3271589645600326
oviedo_C1303_1415,Oviedo,25,3,0.6872770511296076,0.48148148148148145,0.15151515151515152,0.8,0.22413793103448276,0.7647058823529411,1.1470588235294117,0.33204575323543456,-0.35432538826519616
oviedo_C1303_1415,Oviedo,50,3,0.667828106852497,0.4722222222222222,0.2692307692307692,0.7961165048543689,0.1951219512195122,0.6666666666666666,1.008130081300813,0.29649057496946457,-0.2924527612053761
oviedo_C1303_1415,Oviedo,0,4,0.6335034013605443,0.5503355704697986,0.10666666666666667,0.7692307692307693,0.22857142857142856,0.7272727272727273,1.1636363636363636,0.328090703603935,-0.3235703044411646
oviedo_C1303_1415,Oviedo,25,4,0.6244318181818181,0.5535714285714286,0.1935483870967742,0.7746478873239436,0.21818181818181817,0.7058823529411765,1.116577540106952,0.3114651511058034,-0.29692259468499355
oviedo_C1303_1415,Oviedo,50,4,0.5892857142857142,0.4533333333333333,0.16326530612244897,0.8076923076923077,0.14285714285714285,0.5,0.7380952380952381,0.30946951743807843,-0.3105581763381052
oviedo_C174_1415,Oviedo,0,0,0.9708061002178648,0.9444444444444444,0.9285714285714286,0.6382978723404256,0.4222222222222222,1.0,2.1333333333333333,0.0844874374672067,0.020778367498152484
oviedo_C174_1415,Oviedo,25,0,0.9951923076923077,0.9629629629629629,0.9508196721311475,0.6213592233009708,0.4375,1.0,2.21875,0.06904612915152905,0.03771444999194079
oviedo_C174_1415,Oviedo,50,0,0.9961538461538462,0.9454545454545454,0.918918918918919,0.6060606060606061,0.45,1.0,2.3000000000000003,0.06610797469232374,0.035741105827641007
oviedo_C174_1415,Oviedo,0,1,0.9712418300653596,0.9333333333333333,0.9195402298850575,0.6382978723404256,0.4222222222222222,1.0,2.1333333333333333,0.08663790395420916,0.027093923179780433
oviedo_C174_1415,Oviedo,25,1,0.9674085850556439,0.9014084507042254,0.9014084507042254,0.6851851851851851,0.3783783783783784,1.0,1.918918918918919,0.09283571043911165,-0.013760840802079621
oviedo_C174_1415,Oviedo,50,1,0.9638095238095238,0.9047619047619048,0.92,0.704225352112676,0.36,1.0,1.84,0.08832569177476979,-0.011915039140666162
oviedo_C174_1415,Oviedo,0,2,0.9712418300653595,0.9230769230769231,0.9090909090909091,0.6382978723404256,0.4222222222222222,1.0,2.1333333333333333,0.09108622024234546,0.02341799965935304
oviedo_C174_1415,Oviedo,25,2,0.9840510366826156,0.9367088607594937,0.9206349206349206,0.6346153846153846,0.42424242424242425,1.0,2.1515151515151514,0.08459668390589788,0.008668459817219143
oviedo_C174_1415,Oviedo,50,2,0.9673076923076923,0.9056603773584906,0.8717948717948718,0.6060606060606061,0.45,1.0,2.3000000000000003,0.09648374561730182,0.005849340451674734
oviedo_C174_1415,Oviedo,0,3,0.9825708061002179,0.9158878504672897,0.8941176470588236,0.6382978723404256,0.4222222222222222,1.0,2.1333333333333333,0.08712157714501445,0.041491140341031296
oviedo_C174_1415,Oviedo,25,3,0.9721780604133545,0.925,0.9032258064516129,0.6476190476190475,0.4117647058823529,1.0,2.088235294117647,0.0862492108024766,0.02836313162221854
oviedo_C174_1415,Oviedo,50,3,0.9649122807017544,0.9122807017543859,0.8571428571428571,0.5846153846153846,0.47368421052631576,1.0,2.4210526315789473,0.09013080138060352,0.06444541296076994
oviedo_C174_1415,Oviedo,0,4,0.9681917211328975,0.9074074074074074,0.8809523809523809,0.6382978723404256,0.4222222222222222,1.0,2.1333333333333333,0.10130270787973494,0.01240634684997649
oviedo_C174_1415,Oviedo,25,4,0.9607371794871794,0.9024390243902439,0.8666666666666667,0.6213592233009708,0.4375,1.0,2.21875,0.09913530065851503,0.023786024984612852
oviedo_C174_1415,Oviedo,50,4,0.9810964083175803,0.9361702127659575,0.9333333333333333,0.6666666666666666,0.391304347826087,1.0,2.0,0.08238844842013755,0.01453011152256567
oviedo_C190_1415,Oviedo,0,0,0.3584056573449052,0.6,0.0,0.7052023121387282,0.11475409836065574,0.3181818181818182,0.5842026825633383,0.3841330259833685,-0.299729387315836
oviedo_C190_1415,Oviedo,25,0,0.3492021276595745,0.6065573770491803,0.07692307692307693,0.7014925373134328,0.1276595744680851,0.35294117647058826,0.6533166458072591,0.35319996662451497,-0.24918313221101124
oviedo_C190_1415,Oviedo,50,0,0.3301282051282051,0.5647058823529412,0.05128205128205128,0.7346938775510204,0.1388888888888889,0.4166666666666667,0.7175925925925926,0.3743523923657876,-0.2985536598919852
oviedo_C190_1415,Oviedo,0,1,0.41353262616522024,0.6103896103896104,0.14285714285714285,0.7052023121387282,0.14754098360655737,0.4090909090909091,0.7511177347242922,0.35968173155479427,-0.2764657941719237
oviedo_C190_1415,Oviedo,25,1,0.5046296296296297,0.5982905982905983,0.17543859649122806,0.7391304347826086,0.21568627450980393,0.6470588235294118,1.1038062283737027,0.3411932603543338,-0.3104446592688488
oviedo_C190_1415,Oviedo,50,1,0.5871848739495799,0.625,0.3181818181818182,0.7083333333333333,0.23529411764705882,0.6666666666666666,1.215686274509804,0.26800421677968594,-0.15872648241748205
oviedo_C190_1415,Oviedo,0,2,0.4146576663452266,0.6257668711656442,0.0,0.7052023121387282,0.13114754098360656,0.36363636363636365,0.6676602086438153,0.3787671026497651,-0.31775343220049596
oviedo_C190_1415,Oviedo,25,2,0.42040598290598297,0.6178861788617886,0.0784313725490196,0.7111111111111111,0.10416666666666667,0.29411764705882354,0.5330882352941176,0.3614484517813869,-0.29171482479435035
oviedo_C190_1415,Oviedo,50,2,0.4841269841269842,0.6046511627906976,0.10526315789473684,0.7216494845360826,0.17142857142857143,0.5,0.8857142857142857,0.32670896223384344,-0.2558481839048787
oviedo_C190_1415,Oviedo,0,3,0.37238829958212794,0.5769230769230769,0.029411764705882353,0.7052023121387282,0.13114754098360656,0.36363636363636365,0.6676602086438153,0.3807038811733933,-0.2780535017543902
oviedo_C190_1415,Oviedo,25,3,0.38653234358430544,0.5565217391304348,0.13559322033898305,0.6917293233082707,0.10869565217391304,0.29411764705882354,0.5562659846547314,0.31693273668453303,-0.1532386139217542
oviedo_C190_1415,Oviedo,50,3,0.34273772204806685,0.5066666666666667,0.24489795918367346,0.6947368421052631,0.12121212121212122,0.3333333333333333,0.6262626262626263,0.31169755476036876,-0.1279538824197723
oviedo_C190_1415,Oviedo,0,4,0.41803278688524587,0.5620915032679739,0.056338028169014086,0.7052023121387282,0.19672131147540983,0.5454545454545454,1.0014903129657229,0.37244151327855635,-0.2804248712075583
oviedo_C190_1415,Oviedo,25,4,0.4233828207847296,0.5585585585585585,0.2222222222222222,0.6917293233082707,0.15217391304347827,0.4117647058823529,0.778772378516624,0.3114365356357045,-0.15880073714077036
oviedo_C190_1415,Oviedo,50,4,0.4148380355276907,0.5432098765432098,0.13953488372093023,0.6947368421052631,0.09090909090909091,0.25,0.4696969696969697,0.3068207137430343,-0.15813248487136028
oviedo_C1978_1415,Oviedo,0,0,0.6156963890935888,0.7232142857142857,0.40384615384615385,0.43809523809523815,0.34782608695652173,0.48484848484848486,1.7285902503293806,0.2661676424538354,0.19121873790824118
oviedo_C1978_1415,Oviedo,25,0,0.6727272727272728,0.6818181818181818,0.45098039215686275,0.44692737430167595,0.375,0.5357142857142857,1.8616071428571428,0.24910703869898376,0.2197622746859852
oviedo_C1978_1415,Oviedo,50,0,0.7001808318264015,0.8024691358024691,0.5151515151515151,0.4697986577181208,0.34285714285714286,0.5217391304347826,1.6993788819875775,0.22693183726076271,0.1505310442061341
oviedo_C1978_1415,Oviedo,100,0,0.6998939554612937,0.735632183908046,0.43902439024390244,0.5287356321839081,0.34782608695652173,0.6153846153846154,1.7123745819397995,0.23446500453505265,0.06233454282633888
oviedo_C1978_1415,Oviedo,0,1,0.6198415622697127,0.6326530612244898,0.45454545454545453,0.43809523809523815,0.2826086956521739,0.3939393939393939,1.4044795783926216,0.28909914544851006,0.2507062254219732
oviedo_C1978_1415,Oviedo,25,1,0.6248737373737374,0.6951871657754011,0.37362637362637363,0.44692737430167595,0.3,0.42857142857142855,1.4892857142857143,0.262414845975356,0.1891414443418542
oviedo_C1978_1415,Oviedo,50,1,0.6640478862701085,0.7777777777777778,0.45454545454545453,0.4489795918367347,0.42424242424242425,0.6086956521739131,2.102766798418972,0.2166045181096775,0.15176216366925493
oviedo_C1978_1415,Oviedo,100,1,0.6164772727272727,0.7956989247311828,0.45714285714285713,0.47619047619047616,0.3,0.46153846153846156,1.476923076923077,0.22449210929656843,0.08561824762290915
oviedo_C1978_1415,Oviedo,0,2,0.6439756816507001,0.65,0.453125,0.43809523809523815,0.2608695652173913,0.36363636363636365,1.2964426877470354,0.2784105730747902,0.24153750447205247
oviedo_C1978_1415,Oviedo,25,2,0.6641494435612083,0.7111111111111111,0.46938775510204084,0.4204545454545454,0.32432432432432434,0.42857142857142855,1.61003861003861,0.2703409917153096,0.24384092914302757
oviedo_C1978_1415,Oviedo,50,2,0.6389452332657202,0.7402597402597403,0.4594594594594595,0.40559440559440557,0.3103448275862069,0.391304347826087,1.538230884557721,0.2696487157800593,0.23965095149081267
oviedo_C1978_1415,Oviedo,100,2,0.5625,0.7291666666666666,0.1875,0.3157894736842105,0.16666666666666666,0.15384615384615385,0.8205128205128206,0.271807644156653,0.2641120568865176
oviedo_C1978_1415,Oviedo,0,3,0.6211311717022844,0.6435643564356436,0.42857142857142855,0.43809523809523815,0.32608695652173914,0.45454545454545453,1.6205533596837942,0.2818264531224957,0.2354446918249985
oviedo_C1978_1415,Oviedo,25,3,0.6503235440517671,0.7243243243243244,0.45161290322580644,0.45555555555555555,0.34146341463414637,0.5,1.6951219512195121,0.2549496233301683,0.1847755242300103
oviedo_C1978_1415,Oviedo,50,3,0.6458333333333334,0.7402597402597403,0.4594594594594595,0.4799999999999999,0.3888888888888889,0.6086956521739131,1.927536231884058,0.24236203516508814,0.15194768092254163
oviedo_C1978_1415,Oviedo,100,3,0.6190476190476191,0.7209302325581395,0.42857142857142855,0.5116279069767442,0.3181818181818182,0.5384615384615384,1.5664335664335665,0.24788038266471912,0.1066327829128274
oviedo_C1978_1415,Oviedo,0,4,0.6090641120117908,0.7037037037037037,0.42857142857142855,0.43809523809523815,0.34782608695652173,0.48484848484848486,1.7285902503293806,0.28735159631449425,0.23331115235881905
oviedo_C1978_1415,Oviedo,25,4,0.6340909090909091,0.6589595375722543,0.4380952380952381,0.44692737430167595,0.375,0.5357142857142857,1.8616071428571428,0.25946358362971433,0.22008117226565715
oviedo_C1978_1415,Oviedo,50,4,0.5926977687626775,0.7012987012987013,0.3783783783783784,0.40559440559440557,0.3448275862068966,0.43478260869565216,1.7091454272863567,0.2586162638859474,0.21995210038157142
oviedo_C1978_1415,Oviedo,100,4,0.527485380116959,0.75,0.25,0.4578313253012048,0.21052631578947367,0.3076923076923077,1.0364372469635628,0.2624569360213885,0.11027576552779561
oviedo_C2011_1415,Oviedo,0,0,0.7260638297872342,0.6388888888888888,0.4583333333333333,0.3561643835616438,0.46153846153846156,0.5,2.3076923076923075,0.28330260298645393,0.3446691199041718
oviedo_C2011_1415,Oviedo,25,0,0.7323232323232323,0.8493150684931506,0.5,0.31858407079646023,0.5555555555555556,0.5263157894736842,2.7777777777777777,0.21485876326156234,0.2684596246752058
oviedo_C2011_1415,Oviedo,50,0,0.7767857142857143,0.8807339449541285,0.5806451612903226,0.33333333333333337,0.6428571428571429,0.6428571428571429,3.2142857142857144,0.16568566877779922,0.20696771467269265
oviedo_C2011_1415,Oviedo,0,1,0.738543371522095,0.6573426573426573,0.4948453608247423,0.3561643835616438,0.4230769230769231,0.4583333333333333,2.1153846153846154,0.28841083928222633,0.35234876292869366
oviedo_C2011_1415,Oviedo,25,1,0.7462640099626401,0.7878787878787878,0.5172413793103449,0.37606837606837606,0.4090909090909091,0.47368421052631576,2.0454545454545454,0.23344507805794765,0.25622271283906445
oviedo_C2011_1415,Oviedo,50,1,0.8055555555555555,0.8514851485148515,0.6153846153846154,0.40909090909090906,0.4444444444444444,0.5714285714285714,2.2222222222222223,0.183162812716087,0.19062338383741623
oviedo_C2011_1415,Oviedo,0,2,0.6914893617021277,0.6962025316455697,0.4146341463414634,0.3561643835616438,0.38461538461538464,0.4166666666666667,1.9230769230769231,0.29451095488393125,0.3314777551427672
oviedo_C2011_1415,Oviedo,25,2,0.64993564993565,0.704,0.4307692307692308,0.3620689655172414,0.2857142857142857,0.3157894736842105,1.4285714285714286,0.3043595100026879,0.32249878651968067
oviedo_C2011_1415,Oviedo,50,2,0.6187878787878787,0.7272727272727273,0.34146341463414637,0.35294117647058826,0.4666666666666667,0.5,2.3333333333333335,0.2687532668828563,0.2679354146614572
oviedo_C2011_1415,Oviedo,0,3,0.7004909983633387,0.6838709677419355,0.4235294117647059,0.3561643835616438,0.4230769230769231,0.4583333333333333,2.1153846153846154,0.26351030668313297,0.30102490278012084
oviedo_C2011_1415,Oviedo,25,3,0.7680180180180181,0.736,0.49230769230769234,0.3620689655172414,0.5714285714285714,0.631578947368421,2.857142857142857,0.21272318184723082,0.26457195799910527
oviedo_C2011_1415,Oviedo,50,3,0.6957908163265306,0.8,0.4,0.33333333333333337,0.42857142857142855,0.42857142857142855,2.142857142857143,0.21188953977215794,0.21823771363432787
oviedo_C2011_1415,Oviedo,0,4,0.7123567921440261,0.5957446808510638,0.42424242424242425,0.3561643835616438,0.38461538461538464,0.4166666666666667,1.9230769230769231,0.3069250028609768,0.37268393079262696
oviedo_C2011_1415,Oviedo,25,4,0.6781400966183575,0.7401574803149606,0.47619047619047616,0.38983050847457623,0.30434782608695654,0.3684210526315789,1.5217391304347825,0.2273965701635244,0.20744128378673946
oviedo_C2011_1415,Oviedo,50,4,0.648,0.780952380952381,0.34285714285714286,0.4444444444444445,0.3,0.42857142857142855,1.5,0.20840277975197802,0.10143450776823615
oviedo_C2024_1415,Oviedo,0,0,0.5122727272727273,0.9090909090909091,0.1,0.27440633245382584,0.23076923076923078,0.18461538461538463,1.1609467455621303,0.15057665700076472,0.08679432341804222
oviedo_C2024_1415,Oviedo,25,0,0.5456982274102896,0.9090909090909091,0.07407407407407407,0.25936599423631124,0.17777777777777778,0.13333333333333333,0.8948148148148147,0.15450147655290825,0.13857314034598342
oviedo_C2024_1415,Oviedo,50,0,0.5790780141843971,0.9065606361829026,0.0784313725490196,0.26332288401253917,0.21428571428571427,0.16363636363636364,1.0792207792207793,0.1491411489276349,0.12561194825609462
oviedo_C2024_1415,Oviedo,100,0,0.5624659028914348,0.8970588235294118,0.08695652173913043,0.2932330827067669,0.23076923076923078,0.2,1.1641025641025642,0.15359974584472436,0.08043068761493083
oviedo_C2024_1415,Oviedo,0,1,0.567972027972028,0.8991452991452992,0.14492753623188406,0.27440633245382584,0.2692307692307692,0.2153846153846154,1.3544378698224853,0.14594467966842042,0.08722803243699598
oviedo_C2024_1415,Oviedo,25,1,0.5625365039632875,0.9007352941176471,0.1,0.26934097421203435,0.2553191489361702,0.2,1.2851063829787235,0.14201582966771914,0.08099826255051429
oviedo_C2024_1415,Oviedo,50,1,0.5464034725093013,0.904,0.1111111111111111,0.2578616352201258,0.21951219512195122,0.16363636363636364,1.1055432372505543,0.1423736751070118,0.09735310886269694
oviedo_C2024_1415,Oviedo,100,1,0.5255499860763018,0.9033816425120773,0.0,0.28679245283018867,0.21052631578947367,0.17777777777777778,1.0619883040935674,0.15020349815030293,0.059017686468270936
oviedo_C2024_1415,Oviedo,0,2,0.5596503496503498,0.9005059021922428,0.03278688524590164,0.27440633245382584,0.3076923076923077,0.24615384615384617,1.5479289940828402,0.1445237904544733,0.05593342086453007
oviedo_C2024_1415,Oviedo,25,2,0.5853004755728491,0.9094202898550725,0.038461538461538464,0.25936599423631124,0.26666666666666666,0.2,1.3422222222222222,0.13970783633246397,0.09869334362745935
oviedo_C2024_1415,Oviedo,50,2,0.5809735427862752,0.9133858267716536,0.043478260869565216,0.2578616352201258,0.34146341463414637,0.2545454545454545,1.7197339246119734,0.13780713398674435,0.09905087139554702
oviedo_C2024_1415,Oviedo,100,2,0.5599812558575445,0.920863309352518,0.10810810810810811,0.25384615384615383,0.2727272727272727,0.2,1.375757575757576,0.13335051160628314,0.0802593142483109
oviedo_C2024_1415,Oviedo,0,3,0.531993006993007,0.9023569023569024,0.03333333333333333,0.27440633245382584,0.21153846153846154,0.16923076923076924,1.0642011834319527,0.1502713389641255,0.074984121060721
oviedo_C2024_1415,Oviedo,25,3,0.4952777777777777,0.9057971014492754,0.0,0.2840909090909091,0.22,0.18333333333333332,1.107333333333333,0.15403561308246863,0.056708125684700156
oviedo_C2024_1415,Oviedo,50,3,0.5024563318777293,0.902970297029703,0.0,0.29538461538461536,0.20833333333333334,0.18181818181818182,1.0492424242424243,0.1548131986159866,0.032802410385373765
oviedo_C2024_1415,Oviedo,100,3,0.4542822310271259,0.9138755980861244,0.0,0.26053639846743293,0.17647058823529413,0.13333333333333333,0.8901960784313725,0.15242923883837958,0.08553402561254886
oviedo_C2024_1415,Oviedo,0,4,0.551048951048951,0.9001692047377327,0.06349206349206349,0.27440633245382584,0.19230769230769232,0.15384615384615385,0.9674556213017752,0.14930598461079003,0.08355812792103326
oviedo_C2024_1415,Oviedo,25,4,0.5346128608923886,0.9007352941176471,0.1,0.2742857142857143,0.22916666666666666,0.18333333333333332,1.153472222222222,0.14989213159221335,0.08024600916960578
oviedo_C2024_1415,Oviedo,50,4,0.5193965517241379,0.8929292929292929,0.1016949152542373,0.2795031055900621,0.17777777777777778,0.14545454545454545,0.8953535353535352,0.15244487118806516,0.07154062884216741
oviedo_C2024_1415,Oviedo,100,4,0.5204125177809389,0.8997555012224939,0.08888888888888889,0.2803030303030303,0.21621621621621623,0.17777777777777778,1.0906906906906908,0.15054647491271425,0.0564761991978385
oviedo_C2150_1415,Oviedo,0,0,0.7185741088180113,0.7901234567901234,0.32,0.5578231292517007,0.3902439024390244,0.7619047619047619,1.9698025551684086,0.21127346473914688,-0.10242331745375638
oviedo_C2150_1415,Oviedo,25,0,0.7340561224489796,0.7899159663865546,0.4186046511627907,0.5663716814159292,0.375,0.75,1.8984375,0.20395618546628969,-0.0886445662605419
oviedo_C2150_1415,Oviedo,50,0,0.7174479166666667,0.7435897435897436,0.4117647058823529,0.6,0.3333333333333333,0.7272727272727273,1.696969696969697,0.22023650294555758,-0.10637232015848597
oviedo_C2150_1415,Oviedo,0,1,0.7545966228893057,0.7792207792207793,0.41379310344827586,0.5578231292517007,0.36585365853658536,0.7142857142857143,1.8466898954703832,0.20206843738627556,-0.08811680283911955
oviedo_C2150_1415,Oviedo,25,1,0.829032258064516,0.8035714285714286,0.56,0.5535714285714286,0.3548387096774194,0.6875,1.7963709677419355,0.17571500952007063,-0.014621332733582515
oviedo_C2150_1415,Oviedo,50,1,0.7633689839572192,0.7714285714285715,0.6190476190476191,0.5641025641025641,0.3181818181818182,0.6363636363636364,1.6198347107438016,0.20061638516944938,0.041155372302180804
oviedo_C2150_1415,Oviedo,0,2,0.7189493433395873,0.782608695652174,0.3137254901960784,0.5578231292517007,0.4146341463414634,0.8095238095238095,2.092915214866434,0.20925848294067748,-0.06424445030060627
oviedo_C2150_1415,Oviedo,25,2,0.7838010204081632,0.7704918032786885,0.3,0.5663716814159292,0.375,0.75,1.8984375,0.19803559303897944,-0.05820495764480982
oviedo_C2150_1415,Oviedo,50,2,0.8508771929824562,0.8705882352941177,0.5925925925925926,0.4864864864864865,0.5555555555555556,0.9090909090909091,2.828282828282828,0.16069685374401946,0.05079025581137209
oviedo_C2150_1415,Oviedo,0,3,0.7733583489681051,0.7950310559006211,0.35294117647058826,0.5578231292517007,0.43902439024390244,0.8571428571428571,2.2160278745644595,0.19819471291154253,-0.09098143033458456
oviedo_C2150_1415,Oviedo,25,3,0.7283216783216783,0.8429752066115702,0.5365853658536586,0.4859813084112149,0.4230769230769231,0.6875,2.1418269230769234,0.18485803247257995,0.002415046553209177
oviedo_C2150_1415,Oviedo,50,3,0.7134238310708898,0.8095238095238095,0.42857142857142855,0.4657534246575342,0.35294117647058826,0.5454545454545454,1.7967914438502675,0.18772805289898367,0.03158776045441114
oviedo_C2150_1415,Oviedo,0,4,0.7789868667917449,0.7901234567901234,0.32,0.5578231292517007,0.4146341463414634,0.8095238095238095,2.092915214866434,0.20051688306764678,-0.11327899291959903
oviedo_C2150_1415,Oviedo,25,4,0.7970822281167109,0.8225806451612904,0.42105263157894735,0.5272727272727272,0.4827586206896552,0.875,2.4439655172413794,0.1791291837119963,-0.05654943130182111
oviedo_C2150_1415,Oviedo,50,4,0.7884353741496598,0.8095238095238095,0.42857142857142855,0.5454545454545454,0.38095238095238093,0.7272727272727273,1.9393939393939394,0.18622226606525358,-0.05319035590711463
oviedo_C2271_1415,Oviedo,0,0,0.634989501525469,0.7502799552071668,0.25418060200668896,0.5860023724792408,0.2793522267206478,0.5798319327731093,1.399108631306774,0.24217684433967562,-0.12050955926162327
oviedo_C2271_1415,Oviedo,25,0,0.6342945783745295,0.7576470588235295,0.2945205479452055,0.5778331257783312,0.28448275862068967,0.5789473684210527,1.4249092558983667,0.23509519439391244,-0.09474778064488953
oviedo_C2271_1415,Oviedo,50,0,0.6438955092132848,0.7542168674698795,0.22137404580152673,0.5891472868217055,0.3026315789473684,0.6330275229357798,1.5159343312409463,0.240562612984664,-0.12373316275488805
oviedo_C2271_1415,Oviedo,100,0,0.6489383012820512,0.752,0.23140495867768596,0.5909090909090909,0.30288461538461536,0.6363636363636364,1.5174825174825175,0.23665541537904897,-0.11065588829697909
oviedo_C2271_1415,Oviedo,0,1,0.6105935988306672,0.7483588621444202,0.17266187050359713,0.5860023724792408,0.291497975708502,0.6050420168067226,1.45993944136359,0.25088404400531356,-0.1443297015745595
oviedo_C2271_1415,Oviedo,25,1,0.6076664900194312,0.7477064220183486,0.18518518518518517,0.588380716934487,0.2815126050420168,0.5877192982456141,1.4100324340262422,0.2502248304607022,-0.13949083309436483
oviedo_C2271_1415,Oviedo,50,1,0.5979451203513182,0.751207729468599,0.2196969696969697,0.5873221216041398,0.2775330396475771,0.5779816513761468,1.3902113729135512,0.24855066757027464,-0.1295508267936123
oviedo_C2271_1415,Oviedo,100,1,0.6262087026591459,0.7526881720430108,0.25806451612903225,0.5828571428571429,0.29411764705882354,0.6060606060606061,1.4735591206179441,0.24057756794581456,-0.09922468627288455
oviedo_C2271_1415,Oviedo,0,2,0.613076111040219,0.7426067907995619,0.15770609318996415,0.5860023724792408,0.29959514170040485,0.6218487394957983,1.500493314734801,0.23950998660488923,-0.08288654518315686
oviedo_C2271_1415,Oviedo,25,2,0.6079218341829618,0.7408312958435208,0.345679012345679,0.5813664596273292,0.2692307692307692,0.5526315789473685,1.3485155195681513,0.23650084079723496,-0.04704930838915411
oviedo_C2271_1415,Oviedo,50,2,0.6163906204445432,0.7474747474747475,0.3333333333333333,0.5799739921976593,0.3004484304932735,0.6146788990825688,1.504998560085572,0.2343867498394799,-0.04909253311838485
oviedo_C2271_1415,Oviedo,100,2,0.6347534013605443,0.7484848484848485,0.5,0.5664739884393064,0.32653061224489793,0.6464646464646465,1.6359513502370648,0.22715995588568302,0.002046930375721956
oviedo_C2271_1415,Oviedo,0,3,0.6147175852348526,0.737417943107221,0.1366906474820144,0.5860023724792408,0.2631578947368421,0.5462184873949579,1.318000884564352,0.24739766059957438,-0.11577179977048663
oviedo_C2271_1415,Oviedo,25,3,0.6394341874698427,0.7422680412371134,0.16356877323420074,0.5796019900497512,0.2832618025751073,0.5789473684210527,1.4187937655297043,0.23780558378814137,-0.09807204766278016
oviedo_C2271_1415,Oviedo,50,3,0.6525095718760877,0.7560386473429952,0.23484848484848486,0.576271186440678,0.2895927601809955,0.5871559633027523,1.4506206152185646,0.23093176202856,-0.07965116024600538
oviedo_C2271_1415,Oviedo,100,3,0.6508412135205337,0.7561643835616438,0.32061068702290074,0.5685425685425685,0.29949238578680204,0.5959595959595959,1.5004871045480181,0.22463162298456035,-0.04404244444674155
oviedo_C2271_1415,Oviedo,0,4,0.6334118302147256,0.7428571428571429,0.1702127659574468,0.5860023724792408,0.29959514170040485,0.6218487394957983,1.500493314734801,0.24502063189636739,-0.12585390025194254
oviedo_C2271_1415,Oviedo,25,4,0.6322413356944092,0.7390300230946882,0.18115942028985507,0.5848822800495662,0.288135593220339,0.5964912280701754,1.4432054713053821,0.24229406494507333,-0.11369918942309731
oviedo_C2271_1415,Oviedo,50,4,0.6458893143056039,0.7585365853658537,0.27205882352941174,0.576271186440678,0.29411764705882354,0.5963302752293578,1.4732865623313545,0.23428896844520736,-0.09614060487902104
oviedo_C2271_1415,Oviedo,100,4,0.6413255691560701,0.7690217391304348,0.3359375,0.5685425685425685,0.28426395939086296,0.5656565656565656,1.424191150079475,0.22624497313180994,-0.060096308762185524
oviedo_C2335_1415,Oviedo,0,0,0.545264867566217,0.432,0.5571725571725572,0.807799442896936,0.2206896551724138,0.7441860465116279,1.0983159582999198,0.3053665983818124,-0.14604784636921098
oviedo_C2335_1415,Oviedo,25,0,0.5294678940278401,0.37209302325581395,0.6257425742574257,0.8059259259259259,0.21323529411764705,0.7160493827160493,1.060911401597676,0.2792359214306779,-0.08371679113293107
oviedo_C2335_1415,Oviedo,50,0,0.5273675889328062,0.39285714285714285,0.6428571428571429,0.8019017432646592,0.21739130434782608,0.7236842105263158,1.0812356979405036,0.2824132273526485,-0.07000347314486932
oviedo_C2335_1415,Oviedo,100,0,0.5085858585858586,0.3786008230452675,0.6343825665859564,0.8029197080291971,0.21363636363636362,0.7121212121212122,1.0617079889807162,0.2758437302926486,-0.09554882527407438
oviedo_C2335_1415,Oviedo,0,1,0.5403923038480759,0.42011834319526625,0.6216216216216216,0.807799442896936,0.2,0.6744186046511628,0.9953488372093022,0.2907051256542704,-0.13314287456488227
oviedo_C2335_1415,Oviedo,25,1,0.5440056818181818,0.3987138263665595,0.6222222222222222,0.8112094395280235,0.20363636363636364,0.691358024691358,1.0131537598204263,0.2778666776345018,-0.1411502483544267
oviedo_C2335_1415,Oviedo,50,1,0.5408399524069846,0.40418118466898956,0.6353944562899787,0.8094488188976378,0.19066147859922178,0.6447368421052632,0.9482899856645505,0.2832877867680573,-0.1375598720101321
oviedo_C2335_1415,Oviedo,100,1,0.5352693602693602,0.35185185185185186,0.6818181818181818,0.8029197080291971,0.20909090909090908,0.696969696969697,1.0391184573002754,0.2621933160170193,-0.07748832320439791
oviedo_C2335_1415,Oviedo,0,2,0.5560219890054973,0.42276422764227645,0.5626283367556468,0.807799442896936,0.21379310344827587,0.7209302325581395,1.0639935846030473,0.30950708532662263,-0.16193927731697366
oviedo_C2335_1415,Oviedo,25,2,0.5155806182121971,0.4036697247706422,0.592901878914405,0.8023774145616642,0.2074074074074074,0.691358024691358,1.0319158664837678,0.29426607638321906,-0.10614361704926756
oviedo_C2335_1415,Oviedo,50,2,0.5100430416068866,0.4064516129032258,0.5874439461883408,0.8056872037914692,0.2196078431372549,0.7368421052631579,1.0922600619195044,0.29501902400781777,-0.10756167269346684
oviedo_C2335_1415,Oviedo,100,2,0.5257714762301918,0.3951612903225806,0.6323529411764706,0.7985347985347986,0.2018348623853211,0.6666666666666666,1.003058103975535,0.27268496094618605,-0.07053169638617374
oviedo_C2335_1415,Oviedo,0,3,0.5424162918540729,0.42216358839050133,0.5408805031446541,0.807799442896936,0.20344827586206896,0.686046511627907,1.0125100240577385,0.31003934940174677,-0.1660217960358651
oviedo_C2335_1415,Oviedo,25,3,0.5223443223443223,0.3951367781155015,0.5828092243186582,0.8076923076923077,0.2087912087912088,0.7037037037037037,1.0388007054673722,0.29643453858545127,-0.1420328109104375
oviedo_C2335_1415,Oviedo,50,3,0.5326908299180327,0.4028268551236749,0.642706131078224,0.807570977917981,0.2109375,0.7105263157894737,1.0491365131578947,0.2768486602485646,-0.10870963800928934
oviedo_C2335_1415,Oviedo,100,3,0.5472493345164153,0.3904382470119522,0.6222222222222222,0.8243727598566308,0.21739130434782608,0.7575757575757576,1.080368906455863,0.2677597971544437,-0.16972640478591716
oviedo_C2335_1415,Oviedo,0,4,0.5394302848575712,0.4269005847953216,0.6186770428015564,0.807799442896936,0.21379310344827587,0.7209302325581395,1.0639935846030473,0.2880610567081624,-0.1432841486985038
oviedo_C2335_1415,Oviedo,25,4,0.4932528409090909,0.3411371237458194,0.611439842209073,0.8112094395280235,0.2109090909090909,0.7160493827160493,1.049337822671156,0.2903016333481578,-0.14811509254837762
oviedo_C2335_1415,Oviedo,50,4,0.5279354985237337,0.42857142857142855,0.6071428571428571,0.8131868131868133,0.21621621621621623,0.7368421052631579,1.0753911806543384,0.27589221737112946,-0.16400955900852965
oviedo_C2335_1415,Oviedo,100,4,0.5387970515113186,0.4,0.6060606060606061,0.818018018018018,0.22026431718061673,0.7575757575757576,1.0946469096248832,0.2661296492162048,-0.1666642129412278
oviedo_C2406_1415,Oviedo,0,0,0.641566265060241,0.5423728813559322,0.0898876404494382,0.7685185185185186,0.2289156626506024,0.7037037037037037,1.1276215975011155,0.3628972413955702,-0.36756499160046235
oviedo_C2406_1415,Oviedo,25,0,0.6195887445887447,0.5390070921985816,0.13333333333333333,0.7586206896551725,0.21212121212121213,0.6363636363636364,1.0413223140495866,0.33294795315844766,-0.3134013261754107
oviedo_C2406_1415,Oviedo,50,0,0.6684523809523809,0.5765765765765766,0.14545454545454545,0.7328244274809159,0.25,0.7058823529411765,1.2205882352941178,0.29103892736012393,-0.2518130014749362
oviedo_C2406_1415,Oviedo,100,0,0.7769230769230769,0.6341463414634146,0.4,0.7547169811320755,0.35,1.0,1.65,0.2604122613508734,-0.23289320461052382
oviedo_C2406_1415,Oviedo,0,1,0.5901204819277108,0.5263157894736842,0.14736842105263157,0.7685185185185186,0.2289156626506024,0.7037037037037037,1.1276215975011155,0.37790989599766395,-0.36410697680068105
oviedo_C2406_1415,Oviedo,25,1,0.6590909090909091,0.5522388059701493,0.2682926829268293,0.7586206896551725,0.24242424242424243,0.7272727272727273,1.1900826446280992,0.31077025356388577,-0.28453535830461685
oviedo_C2406_1415,Oviedo,50,1,0.6421383647798742,0.5306122448979592,0.3235294117647059,0.7794117647058824,0.24528301886792453,0.7647058823529411,1.197558268590455,0.2979156060173836,-0.2799437836155055
oviedo_C2406_1415,Oviedo,100,1,0.7182539682539683,0.5806451612903226,0.6285714285714286,0.7777777777777778,0.2857142857142857,0.8571428571428571,1.346938775510204,0.23271518534334684,-0.1751866007614914
oviedo_C2406_1415,Oviedo,0,2,0.6548192771084338,0.5348837209302325,0.14893617021276595,0.7685185185185186,0.20481927710843373,0.6296296296296297,1.0089245872378403,0.38171352075413656,-0.3878832281862312
oviedo_C2406_1415,Oviedo,25,2,0.6825396825396826,0.5588235294117647,0.25,0.7586206896551725,0.22727272727272727,0.6818181818181818,1.1157024793388428,0.32680132359565667,-0.3178964204075953
oviedo_C2406_1415,Oviedo,50,2,0.7016129032258065,0.5333333333333333,0.19672131147540983,0.7703703703703704,0.25,0.7647058823529411,1.2205882352941175,0.30568952332666177,-0.3039683031429061
oviedo_C2406_1415,Oviedo,100,2,0.7103174603174602,0.5128205128205128,0.2962962962962963,0.7777777777777778,0.23809523809523808,0.7142857142857143,1.1224489795918369,0.273373616037948,-0.2582298724687191
oviedo_C2406_1415,Oviedo,0,3,0.6501204819277109,0.5555555555555556,0.06976744186046512,0.7685185185185186,0.26506024096385544,0.8148148148148148,1.3056671128960284,0.3691642726176434,-0.3868034164900046
oviedo_C2406_1415,Oviedo,25,3,0.6222943722943722,0.5857142857142857,0.23684210526315788,0.7586206896551725,0.25757575757575757,0.7727272727272727,1.2644628099173552,0.3407493690137912,-0.3375541850650992
oviedo_C2406_1415,Oviedo,50,3,0.6271712158808932,0.5555555555555556,0.1724137931034483,0.7703703703703704,0.23076923076923078,0.7058823529411765,1.1266968325791855,0.3436222586470407,-0.3488525966631268
oviedo_C2406_1415,Oviedo,100,3,0.680451127819549,0.6046511627906976,0.2608695652173913,0.7307692307692308,0.2631578947368421,0.7142857142857143,1.2406015037593985,0.26738411953696356,-0.21494755143902705
oviedo_C2406_1415,Oviedo,0,4,0.6701204819277108,0.5664739884393064,0.1935483870967742,0.7685185185185186,0.24096385542168675,0.7407407407407407,1.186970102632753,0.35549705476325666,-0.36458751644394666
oviedo_C2406_1415,Oviedo,25,4,0.6443392792136877,0.5428571428571428,0.15789473684210525,0.7657142857142858,0.23880597014925373,0.7272727272727273,1.1723202170963365,0.3476800394399848,-0.3456372379846406
oviedo_C2406_1415,Oviedo,50,4,0.6716686674669867,0.5714285714285714,0.26229508196721313,0.7424242424242424,0.22448979591836735,0.6470588235294118,1.0960384153661464,0.3077897347714283,-0.27331744546744396
oviedo_C2406_1415,Oviedo,100,4,0.6390977443609023,0.6153846153846154,0.4444444444444444,0.7307692307692308,0.2631578947368421,0.7142857142857143,1.2406015037593985,0.2761254510258455,-0.20844483206796893
oviedo_C2468_1415,Oviedo,0,0,0.619274241522903,0.7008547008547008,0.2553191489361702,0.6666666666666666,0.2926829268292683,0.75,1.5,0.2794414761410302,-0.2107705832903251
oviedo_C2468_1415,Oviedo,25,0,0.6777777777777778,0.7228915662650602,0.25806451612903225,0.6428571428571429,0.3333333333333333,0.8181818181818182,1.7272727272727275,0.25086330607198315,-0.17892542482038654
oviedo_C2468_1415,Oviedo,50,0,0.7578125,0.6956521739130435,0.2222222222222222,0.6666666666666666,0.375,1.0,2.0,0.2395051983526207,-0.19709077700938277
oviedo_C2468_1415,Oviedo,0,1,0.6665675193337299,0.7008547008547008,0.2553191489361702,0.6666666666666666,0.3170731707317073,0.8125,1.625,0.27050960801116974,-0.21895118282836273
oviedo_C2468_1415,Oviedo,25,1,0.6379310344827586,0.717948717948718,0.3888888888888889,0.6744186046511628,0.3103448275862069,0.8181818181818182,1.6081504702194358,0.26992909305395085,-0.20408808641677556
oviedo_C2468_1415,Oviedo,50,1,0.671875,0.7441860465116279,0.47619047619047616,0.6666666666666666,0.3125,0.8333333333333334,1.6666666666666667,0.23502207900810154,-0.1432974177292028
oviedo_C2468_1415,Oviedo,0,2,0.627007733491969,0.6956521739130435,0.2857142857142857,0.6666666666666666,0.2926829268292683,0.75,1.5,0.2662113503241953,-0.1760756237173629
oviedo_C2468_1415,Oviedo,25,2,0.7,0.7407407407407407,0.36363636363636365,0.6428571428571429,0.37037037037037035,0.9090909090909091,1.9191919191919193,0.23748813869369415,-0.14554872425476129
oviedo_C2468_1415,Oviedo,50,2,0.69921875,0.7619047619047619,0.5454545454545454,0.6666666666666666,0.375,1.0,2.0,0.234572685198219,-0.14626163368859868
oviedo_C2468_1415,Oviedo,0,3,0.6097560975609757,0.6782608695652174,0.24489795918367346,0.6666666666666666,0.2682926829268293,0.6875,1.375,0.2842265788368379,-0.204865183549101
oviedo_C2468_1415,Oviedo,25,3,0.6839506172839507,0.717948717948718,0.3888888888888889,0.6428571428571429,0.25925925925925924,0.6363636363636364,1.3434343434343434,0.24808971807894914,-0.14934115934353415
oviedo_C2468_1415,Oviedo,50,3,0.81640625,0.8205128205128205,0.72,0.6666666666666666,0.375,1.0,2.0,0.19811975416315067,-0.11491015440730223
oviedo_C2468_1415,Oviedo,0,4,0.6668649613325401,0.7142857142857143,0.38461538461538464,0.6666666666666666,0.34146341463414637,0.875,1.75,0.2576445625855375,-0.18894110738859038
oviedo_C2468_1415,Oviedo,25,4,0.6240694789081885,0.759493670886076,0.45714285714285713,0.6265060240963854,0.34615384615384615,0.8181818181818182,1.793706293706294,0.24489092371418186,-0.12103041100601725
oviedo_C2468_1415,Oviedo,50,4,0.5714285714285714,0.75,0.25,0.6086956521739131,0.2857142857142857,0.6666666666666666,1.5238095238095237,0.2593705962893808,-0.131528808869603
oviedo_C2607_1415,Oviedo,0,0,0.5078565672844481,0.35555555555555557,0.5592705167173252,0.8482328482328483,0.19117647058823528,0.7090909090909091,0.9628342245989304,0.315364211729022,-0.2009702597592442
oviedo_C2607_1415,Oviedo,25,0,0.5191815856777493,0.37714285714285717,0.668693009118541,0.8440366972477064,0.1956521739130435,0.72,0.9860869565217392,0.28406555322335625,-0.1430866882715206
oviedo_C2607_1415,Oviedo,50,0,0.5340818363273453,0.35374149659863946,0.6905537459283387,0.8477157360406091,0.20359281437125748,0.7555555555555555,1.0270126413838987,0.25980705086831446,-0.17544415265315016
oviedo_C2607_1415,Oviedo,100,0,0.46309328968903435,0.25925925925925924,0.6747967479674797,0.8469055374592833,0.18461538461538463,0.6857142857142857,0.9336263736263737,0.26376872110155325,-0.11651025597181952
oviedo_C2607_1415,Oviedo,0,1,0.521286596830513,0.35175879396984927,0.6366197183098592,0.8482328482328483,0.20588235294117646,0.7636363636363637,1.036898395721925,0.2820114453483056,-0.17056899381614876
oviedo_C2607_1415,Oviedo,25,1,0.5127077223851417,0.3132530120481928,0.6627218934911243,0.8493150684931507,0.1989247311827957,0.74,1.0025806451612902,0.2682551752141848,-0.15044143630065254
oviedo_C2607_1415,Oviedo,50,1,0.5148203592814372,0.3283582089552239,0.71875,0.8477157360406091,0.19161676646706588,0.7111111111111111,0.9666001330671989,0.2520781071046189,-0.12852170101322857
oviedo_C2607_1415,Oviedo,100,1,0.5192990956072351,0.27184466019417475,0.701195219123506,0.8431372549019608,0.1937984496124031,0.7142857142857143,0.9800664451827243,0.23884960868982752,-0.10218116192084148
oviedo_C2607_1415,Oviedo,0,2,0.5017459038409884,0.3524229074889868,0.5504587155963303,0.8482328482328483,0.20588235294117646,0.7636363636363637,1.036898395721925,0.3162397565942749,-0.20744114283905601
oviedo_C2607_1415,Oviedo,25,2,0.5039901275195393,0.2875816993464052,0.6894586894586895,0.8519362186788155,0.19786096256684493,0.74,0.9972192513368984,0.2668480404215019,-0.21828034349541248
oviedo_C2607_1415,Oviedo,50,2,0.5268822689247092,0.3142857142857143,0.6942675159235668,0.8535353535353536,0.21301775147928995,0.8,1.0745562130177515,0.2579343040742514,-0.19486293819933864
oviedo_C2607_1415,Oviedo,100,2,0.5776094276094277,0.34234234234234234,0.6995884773662552,0.8543689320388349,0.25,0.9428571428571428,1.2642857142857142,0.23722503019575428,-0.17687784710372334
oviedo_C2607_1415,Oviedo,0,3,0.5089309696481332,0.3813559322033898,0.5408805031446541,0.8482328482328483,0.1715686274509804,0.6363636363636364,0.8640819964349375,0.30931216874999934,-0.20251561032778154
oviedo_C2607_1415,Oviedo,25,3,0.516454871293581,0.37185929648241206,0.5901639344262295,0.8493150684931507,0.1774193548387097,0.66,0.8941935483870967,0.27861818861369664,-0.16186872920623763
oviedo_C2607_1415,Oviedo,50,3,0.49597523219814244,0.33532934131736525,0.6132404181184669,0.8564231738035265,0.2,0.7555555555555555,1.0088888888888887,0.2744087037246442,-0.17886140478405466
oviedo_C2607_1415,Oviedo,100,3,0.4859496124031008,0.24489795918367346,0.7109375,0.8431372549019608,0.1937984496124031,0.7142857142857143,0.9800664451827243,0.24477255362070316,-0.0875203101966876
oviedo_C2607_1415,Oviedo,0,4,0.5061442385173247,0.3425925925925926,0.5798816568047337,0.8482328482328483,0.21568627450980393,0.8,1.0862745098039215,0.3059844208471354,-0.20419066930277352
oviedo_C2607_1415,Oviedo,25,4,0.5019550342130987,0.328042328042328,0.5968253968253968,0.8493150684931507,0.1935483870967742,0.72,0.9754838709677418,0.2863341953338728,-0.16891008838959243
oviedo_C2607_1415,Oviedo,50,4,0.5179045092838197,0.3393939393939394,0.6228373702422145,0.8535353535353536,0.20710059171597633,0.7777777777777778,1.044707429322814,0.26873985687462604,-0.1650040460219494
oviedo_C2607_1415,Oviedo,100,4,0.544973544973545,0.3146067415730337,0.769811320754717,0.8316831683168318,0.19047619047619047,0.6857142857142857,0.963265306122449,0.22790253704582403,-0.05716097670209952
oviedo_C3022_1415,Oviedo,0,0,0.5481833910034603,0.6514657980456026,0.3668639053254438,0.4444444444444445,0.22058823529411764,0.3125,1.09375,0.3032700937551045,0.22639502844361525
oviedo_C3022_1415,Oviedo,25,0,0.5093291630716135,0.6872852233676976,0.32592592592592595,0.4452554744525548,0.19672131147540983,0.27906976744186046,0.9744567289363324,0.25581544922392147,0.1356123799951463
oviedo_C3022_1415,Oviedo,50,0,0.500138197899392,0.7306273062730627,0.3047619047619048,0.44628099173553726,0.2222222222222222,0.3157894736842105,1.0994152046783625,0.23356629299218043,0.08473856007954528
oviedo_C3022_1415,Oviedo,100,0,0.4987244897959184,0.73,0.2894736842105263,0.44943820224719105,0.2,0.2857142857142857,0.9857142857142857,0.22413883798859677,0.05261092527665395
oviedo_C3022_1415,Oviedo,0,1,0.5358564013840831,0.6033898305084746,0.35359116022099446,0.4444444444444445,0.23529411764705882,0.3333333333333333,1.1666666666666667,0.30904044712041207,0.23771357378080038
oviedo_C3022_1415,Oviedo,25,1,0.5126041444135868,0.6983050847457627,0.32061068702290074,0.45090909090909087,0.22580645161290322,0.32558139534883723,1.1185296324081022,0.25209146542258803,0.1231178547061586
oviedo_C3022_1415,Oviedo,50,1,0.543466107617051,0.7908496732026143,0.08571428571428572,0.43983402489626555,0.24528301886792453,0.34210526315789475,1.2135054617676266,0.2164751733565958,0.06810145533345113
oviedo_C3022_1415,Oviedo,100,1,0.44771151178918167,0.6907216494845361,0.2682926829268293,0.4046242774566474,0.14285714285714285,0.17857142857142858,0.7040816326530612,0.24385610943978264,0.12027805600850244
oviedo_C3022_1415,Oviedo,0,2,0.544939446366782,0.6709677419354839,0.3855421686746988,0.4444444444444445,0.2647058823529412,0.375,1.3125,0.30056265995200143,0.20199742688637706
oviedo_C3022_1415,Oviedo,25,2,0.554259300022012,0.696551724137931,0.35294117647058826,0.4338235294117647,0.23728813559322035,0.32558139534883723,1.1754040204966496,0.2850985467806575,0.18436533142300343
oviedo_C3022_1415,Oviedo,50,2,0.5691125087351503,0.8242811501597445,0.12698412698412698,0.43983402489626555,0.22641509433962265,0.3157894736842105,1.1201588877855015,0.2086296347999509,0.060420058412399835
oviedo_C3022_1415,Oviedo,100,2,0.5454081632653061,0.8245614035087719,0.16666666666666666,0.44943820224719105,0.225,0.32142857142857145,1.1089285714285715,0.21498429875351835,0.05161900202246372
oviedo_C3022_1415,Oviedo,0,3,0.5372404844290658,0.5862068965517241,0.3548387096774194,0.4444444444444445,0.23529411764705882,0.3333333333333333,1.1666666666666667,0.3190828172669904,0.22831500634553026
oviedo_C3022_1415,Oviedo,25,3,0.5317239906002991,0.7133333333333334,0.31746031746031744,0.45090909090909087,0.20967741935483872,0.3023255813953488,1.0386346586646662,0.23740963734846335,0.08150110250420278
oviedo_C3022_1415,Oviedo,50,3,0.5140461215932914,0.7116104868913857,0.29357798165137616,0.43983402489626555,0.22641509433962265,0.3157894736842105,1.1201588877855015,0.25739393176553405,0.10939793948324927
oviedo_C3022_1415,Oviedo,100,3,0.5071924603174603,0.808695652173913,0.043478260869565216,0.4666666666666667,0.19047619047619047,0.2857142857142857,0.9387755102040816,0.2295770525963722,0.014423937034106882
oviedo_C3022_1415,Oviedo,0,4,0.5280276816608996,0.5972222222222222,0.3829787234042553,0.4444444444444445,0.2647058823529412,0.375,1.3125,0.3127914180448371,0.23709073294249194
oviedo_C3022_1415,Oviedo,25,4,0.4455888697152718,0.7165109034267912,0.13333333333333333,0.4452554744525548,0.11475409836065574,0.16279069767441862,0.5684330918795273,0.2514279147487166,0.11429660961800858
oviedo_C3022_1415,Oviedo,50,4,0.5002898550724638,0.7508532423208191,0.12048192771084337,0.42016806722689076,0.1,0.13157894736842105,0.49473684210526314,0.23079278930310032,0.12116183961772281
oviedo_C3022_1415,Oviedo,100,4,0.5586821266968326,0.801762114537445,0.08163265306122448,0.39534883720930236,0.23529411764705882,0.2857142857142857,1.1596638655462184,0.20744388063477456,0.11805731732494615
oviedo_C3029_1415,Oviedo,0,0,0.5101867572156198,0.5936395759717314,0.3575418994413408,0.49511400651465803,0.2236842105263158,0.3695652173913043,1.1232837528604118,0.3221055460547684,0.16917808809160734
oviedo_C3029_1415,Oviedo,25,0,0.507033179426608,0.6761565836298933,0.3053435114503817,0.4908424908424908,0.11940298507462686,0.1951219512195122,0.5999271933017838,0.306287192485352,0.12116807496996285
oviedo_C3029_1415,Oviedo,50,0,0.5391873278236915,0.7428571428571429,0.12195121951219512,0.49792531120331945,0.21666666666666667,0.3611111111111111,1.089351851851852,0.2419748265350991,0.02190598724792553
oviedo_C3029_1415,Oviedo,100,0,0.6190476190476191,0.7830188679245284,0.08,0.5280898876404494,0.2978723404255319,0.5384615384615384,1.5008183306055647,0.2243557770444972,-0.0662572672493541
oviedo_C3029_1415,Oviedo,0,1,0.482597623089983,0.5468164794007491,0.37948717948717947,0.49511400651465803,0.17105263157894737,0.2826086956521739,0.8589816933638443,0.3318528004847024,0.20902384785286127
oviedo_C3029_1415,Oviedo,25,1,0.5385230179028133,0.6738351254480287,0.3157894736842105,0.49635036496350365,0.19117647058823528,0.3170731707317073,0.9605451936872309,0.25272576080003745,0.0790934536490091
oviedo_C3029_1415,Oviedo,50,1,0.5563808715336729,0.7320754716981132,0.26804123711340205,0.4789915966386554,0.21052631578947367,0.3333333333333333,1.0584795321637428,0.23708032153840455,0.06601099967076784
oviedo_C3029_1415,Oviedo,100,1,0.589218833600856,0.7291666666666666,0.2571428571428571,0.4855491329479769,0.19047619047619047,0.3076923076923077,0.9597069597069599,0.2237745178246547,0.03665161348974583
oviedo_C3029_1415,Oviedo,0,2,0.5112054329371816,0.6111111111111112,0.3563218390804598,0.49511400651465803,0.23684210526315788,0.391304347826087,1.1893592677345537,0.3210691352415256,0.18165637826095166
oviedo_C3029_1415,Oviedo,25,2,0.5515771526001705,0.6901408450704225,0.3125,0.49635036496350365,0.22058823529411764,0.36585365853658536,1.1083213773314202,0.2480796112248648,0.0637072393753299
oviedo_C3029_1415,Oviedo,50,2,0.5365379272020006,0.688,0.30357142857142855,0.4916666666666667,0.1864406779661017,0.3055555555555556,0.9373822975517891,0.2491482734426572,0.06253094229632122
oviedo_C3029_1415,Oviedo,100,2,0.5592032967032967,0.723404255319149,0.2972972972972973,0.4678362573099415,0.2,0.3076923076923077,1.0076923076923077,0.22769515570397153,0.06279942174920095
oviedo_C3029_1415,Oviedo,0,3,0.5018675721561969,0.6301369863013698,0.36470588235294116,0.49511400651465803,0.15789473684210525,0.2608695652173913,0.7929061784897025,0.3226101479896981,0.16622282332020294
oviedo_C3029_1415,Oviedo,25,3,0.5297268907563025,0.726027397260274,0.3333333333333333,0.5072463768115942,0.2,0.34146341463414637,1.0048780487804878,0.24700781502593164,0.019945167477239956
oviedo_C3029_1415,Oviedo,50,3,0.533948087431694,0.7068273092369478,0.35398230088495575,0.5041322314049588,0.2459016393442623,0.4166666666666667,1.2363387978142075,0.24234190453520954,0.023179195700234634
oviedo_C3029_1415,Oviedo,100,3,0.5184989429175476,0.7407407407407407,0.3287671232876712,0.4942528735632184,0.23255813953488372,0.38461538461538464,1.1717352415026834,0.24012691357782584,0.040280889620345095
oviedo_C3029_1415,Oviedo,0,4,0.49329371816638373,0.56,0.35294117647058826,0.49511400651465803,0.15789473684210525,0.2608695652173913,0.7929061784897025,0.3292947309677259,0.19012666120355842
oviedo_C3029_1415,Oviedo,25,4,0.5565875657682808,0.7672955974842768,0.2127659574468085,0.4908424908424908,0.19402985074626866,0.3170731707317073,0.9748816891153985,0.22745429007669157,0.016484718157992517
oviedo_C3029_1415,Oviedo,50,4,0.5601092896174864,0.759581881533101,0.08,0.5041322314049588,0.18032786885245902,0.3055555555555556,0.906648451730419,0.22819937027173487,-0.012125743433770986
oviedo_C3029_1415,Oviedo,100,4,0.536727456940223,0.7254901960784313,0.034482758620689655,0.5280898876404494,0.1702127659574468,0.3076923076923077,0.8576104746317513,0.2401502005111605,-0.040679258682706054
oviedo_C4189_1415,Oviedo,0,0,0.4922794117647059,0.24444444444444444,0.5903614457831325,0.6382978723404256,0.16666666666666666,0.38461538461538464,0.8205128205128206,0.2653249702765645,0.034697632237735365
oviedo_C4189_1415,Oviedo,25,0,0.4916855631141345,0.6382978723404256,0.2153846153846154,0.6447368421052632,0.20408163265306123,0.47619047619047616,1.0009718172983477,0.2502230757693837,-0.008923487153922494
oviedo_C4189_1415,Oviedo,50,0,0.46329365079365076,0.21428571428571427,0.56,0.631578947368421,0.16666666666666666,0.375,0.8125,0.2622847186638475,0.006474000221955267
oviedo_C4189_1415,Oviedo,0,1,0.5069852941176471,0.24719101123595505,0.5988023952095808,0.6382978723404256,0.18333333333333332,0.4230769230769231,0.9025641025641026,0.2704654298443212,0.08550905456501323
oviedo_C4189_1415,Oviedo,25,1,0.5668560606060605,0.7058823529411765,0.1509433962264151,0.6357615894039735,0.2708333333333333,0.6190476190476191,1.3283730158730158,0.24849306416714836,0.032628811297987115
oviedo_C4189_1415,Oviedo,50,1,0.5850498338870432,0.7241379310344828,0.2,0.6194690265486726,0.2571428571428571,0.5625,1.2535714285714286,0.2449207790288027,0.03891005223762534
oviedo_C4189_1415,Oviedo,0,2,0.4905637254901961,0.6938775510204082,0.0,0.6382978723404256,0.21666666666666667,0.5,1.0666666666666667,0.2547816933289032,-0.027431326867412897
oviedo_C4189_1415,Oviedo,25,2,0.5237462006079028,0.7133757961783439,0.08163265306122448,0.6266666666666667,0.1702127659574468,0.38095238095238093,0.8348530901722391,0.25278487950432993,0.0002078642517904239
oviedo_C4189_1415,Oviedo,50,2,0.4480263157894737,0.5904761904761905,0.1568627450980392,0.6551724137931034,0.15789473684210525,0.375,0.7697368421052632,0.262720422418683,-0.05470002365133142
oviedo_C4189_1415,Oviedo,0,3,0.5041666666666668,0.6974358974358974,0.03278688524590164,0.6382978723404256,0.23333333333333334,0.5384615384615384,1.1487179487179486,0.2567681179746808,-0.02513705388829479
oviedo_C4189_1415,Oviedo,25,3,0.5264057750759878,0.7088607594936709,0.041666666666666664,0.6266666666666667,0.1276595744680851,0.2857142857142857,0.6261398176291793,0.2506449791950537,-0.03461941657245815
oviedo_C4189_1415,Oviedo,50,3,0.571663379355687,0.6724137931034483,0.05,0.6666666666666666,0.2564102564102564,0.625,1.25,0.25243384685815723,-0.10096651495179926
oviedo_C4189_1415,Oviedo,0,4,0.4903186274509804,0.24444444444444444,0.5903614457831325,0.6382978723404256,0.21666666666666667,0.5,1.0666666666666667,0.2632022717976999,0.014187184357718485
oviedo_C4189_1415,Oviedo,25,4,0.488031914893617,0.06557377049180328,0.6068965517241379,0.6266666666666667,0.1702127659574468,0.38095238095238093,0.8348530901722391,0.2510203492296711,0.061970315650687446
oviedo_C4189_1415,Oviedo,50,4,0.48355263157894735,0.6551724137931034,0.0,0.6779661016949152,0.2,0.5,0.9750000000000001,0.26815842863439204,-0.11687236196638112
oviedo_C4213_1415,Oviedo,0,0,0.6633186859175559,0.7488151658767772,0.2318840579710145,0.592964824120603,0.2711864406779661,0.5714285714285714,1.3559322033898304,0.2476583470830041,-0.16189056430807297
oviedo_C4213_1415,Oviedo,25,0,0.7271589486858574,0.7657142857142857,0.2545454545454545,0.5802469135802469,0.3191489361702128,0.6521739130434783,1.5957446808510638,0.22132134874624051,-0.11915606165814135
oviedo_C4213_1415,Oviedo,50,0,0.7027310924369748,0.7769784172661871,0.24390243902439024,0.5483870967741935,0.35294117647058826,0.6666666666666666,1.7647058823529411,0.20936189718187986,-0.0718433526828483
oviedo_C4213_1415,Oviedo,100,0,0.7057291666666667,0.7540983606557377,0.21052631578947367,0.5714285714285715,0.3125,0.625,1.5625,0.22460074023800267,-0.10896170501972524
oviedo_C4213_1415,Oviedo,0,1,0.6712701401966938,0.7536231884057971,0.3013698630136986,0.592964824120603,0.3050847457627119,0.6428571428571429,1.5254237288135595,0.2363356745321927,-0.14129569586747842
oviedo_C4213_1415,Oviedo,25,1,0.65059861373661,0.7602339181286549,0.3050847457627119,0.5714285714285715,0.32608695652173914,0.6521739130434783,1.6304347826086956,0.22457741663585715,-0.098432708316461
oviedo_C4213_1415,Oviedo,50,1,0.6801470588235294,0.7969924812030075,0.425531914893617,0.5483870967741935,0.35294117647058826,0.6666666666666666,1.7647058823529411,0.20419453376177532,-0.061095392364375056
oviedo_C4213_1415,Oviedo,100,1,0.5922619047619048,0.8615384615384616,0.4,0.4615384615384615,0.3333333333333333,0.5,1.6666666666666667,0.19010499687643062,0.01348095139649541
oviedo_C4213_1415,Oviedo,0,2,0.7227453442142707,0.7547169811320755,0.23529411764705882,0.592964824120603,0.3559322033898305,0.75,1.7796610169491525,0.235785292395311,-0.16326476629957282
oviedo_C4213_1415,Oviedo,25,2,0.7444029850746268,0.7542857142857143,0.21818181818181817,0.5889570552147239,0.375,0.782608695652174,1.8750000000000002,0.22799600494023986,-0.1433368220383115
oviedo_C4213_1415,Oviedo,50,2,0.7566872427983539,0.7769784172661871,0.24390243902439024,0.5714285714285715,0.3611111111111111,0.7222222222222222,1.8055555555555554,0.21087887343348022,-0.09374806557178739
oviedo_C4213_1415,Oviedo,100,2,0.7760416666666666,0.8,0.4,0.5714285714285715,0.375,0.75,1.875,0.19536648914391064,-0.07146639724464648
oviedo_C4213_1415,Oviedo,0,3,0.6834065704122201,0.7383177570093458,0.15151515151515152,0.592964824120603,0.3389830508474576,0.7142857142857143,1.694915254237288,0.24722930604115492,-0.16467889949671277
oviedo_C4213_1415,Oviedo,25,3,0.6914285714285714,0.7790697674418605,0.3448275862068966,0.5625,0.35555555555555557,0.6956521739130435,1.7777777777777777,0.21736553604144973,-0.0735367737897788
oviedo_C4213_1415,Oviedo,50,3,0.6675420168067226,0.782608695652174,0.2857142857142857,0.5483870967741935,0.35294117647058826,0.6666666666666666,1.7647058823529411,0.21877287432834278,-0.09057044428625421
oviedo_C4213_1415,Oviedo,100,3,0.547008547008547,0.8307692307692308,0.26666666666666666,0.4905660377358491,0.23076923076923078,0.375,1.1538461538461537,0.2191201725139611,-0.04973357282775365
oviedo_C4213_1415,Oviedo,0,4,0.6781753504917347,0.7677725118483413,0.2898550724637681,0.592964824120603,0.3389830508474576,0.7142857142857143,1.694915254237288,0.2433281362427479,-0.16636648154398903
oviedo_C4213_1415,Oviedo,25,4,0.7072649572649573,0.7455621301775148,0.29508196721311475,0.6227544910179641,0.3076923076923077,0.6956521739130435,1.5384615384615383,0.252469776489202,-0.19411691924061852
oviedo_C4213_1415,Oviedo,50,4,0.7388663967611336,0.7703703703703704,0.3111111111111111,0.59375,0.34210526315789475,0.7222222222222222,1.7105263157894737,0.22052010220879273,-0.1200230054065956
oviedo_C4213_1415,Oviedo,100,4,0.7092731829573935,0.6909090909090909,0.32,0.6885245901639345,0.3333333333333333,0.875,1.6666666666666665,0.2591516723172041,-0.21154115364443538
oviedo_C836_1415,Oviedo,0,0,0.544661733615222,0.5287356321839081,0.5287356321839081,0.6717557251908397,0.18181818181818182,0.47058823529411764,0.9304812834224598,0.3018031028653749,-0.004977004611931846
oviedo_C836_1415,Oviedo,25,0,0.5276041666666667,0.53125,0.5,0.6808510638297872,0.21875,0.5833333333333334,1.1302083333333335,0.30611433991659875,-0.031107772023802382
oviedo_C836_1415,Oviedo,50,0,0.5233918128654971,0.5853658536585366,0.48484848484848486,0.6545454545454547,0.2222222222222222,0.5714285714285714,1.1746031746031744,0.2954366848950558,-0.013735440700833823
oviedo_C836_1415,Oviedo,0,1,0.540169133192389,0.5806451612903226,0.5185185185185185,0.6717557251908397,0.20454545454545456,0.5294117647058824,1.0467914438502672,0.3005686520508705,-0.03256415047817812
oviedo_C836_1415,Oviedo,25,1,0.5744016649323621,0.647887323943662,0.5283018867924528,0.6666666666666666,0.1935483870967742,0.5,1.0,0.28495085206388154,-0.050322608413126135
oviedo_C836_1415,Oviedo,50,1,0.5760233918128654,0.6190476190476191,0.5,0.6785714285714285,0.21052631578947367,0.5714285714285714,1.112781954887218,0.2814854237285828,-0.048790587449928646
oviedo_C836_1415,Oviedo,0,2,0.5393763213530656,0.6021505376344086,0.5432098765432098,0.6717557251908397,0.18181818181818182,0.47058823529411764,0.9304812834224598,0.30533126011704637,-0.018756988407455433
oviedo_C836_1415,Oviedo,25,2,0.5220588235294117,0.5757575757575758,0.5172413793103449,0.7083333333333333,0.17647058823529413,0.5,0.911764705882353,0.31350540798909304,-0.06509588389631027
oviedo_C836_1415,Oviedo,50,2,0.4851190476190476,0.5714285714285714,0.4375,0.7241379310344828,0.14285714285714285,0.42857142857142855,0.7551020408163265,0.3225156435993179,-0.12006451735931989
oviedo_C836_1415,Oviedo,0,3,0.5436046511627907,0.6170212765957447,0.55,0.6717557251908397,0.20454545454545456,0.5294117647058824,1.0467914438502672,0.3017027713405032,-0.0500167267185298
oviedo_C836_1415,Oviedo,25,3,0.5677083333333334,0.6176470588235294,0.5357142857142857,0.6808510638297872,0.21875,0.5833333333333334,1.1302083333333335,0.2898482061197551,-0.06486788345267963
oviedo_C836_1415,Oviedo,50,3,0.6432748538011696,0.6521739130434783,0.42857142857142855,0.6545454545454547,0.2222222222222222,0.5714285714285714,1.1746031746031744,0.27278803517136563,-0.08233898468763456
oviedo_C836_1415,Oviedo,0,4,0.5515327695560254,0.5681818181818182,0.5581395348837209,0.6717557251908397,0.20454545454545456,0.5294117647058824,1.0467914438502672,0.29611939449442753,-0.016678433354820665
oviedo_C836_1415,Oviedo,25,4,0.5161458333333333,0.5084745762711864,0.5538461538461539,0.6808510638297872,0.21875,0.5833333333333334,1.1302083333333335,0.3099080925013173,-0.020944932799263627
oviedo_C836_1415,Oviedo,50,4,0.4794117647058823,0.4444444444444444,0.47368421052631576,0.7017543859649124,0.25,0.7142857142857143,1.3214285714285714,0.31966471507304584,-0.06079977949023618
