target,target_institution,pool,n_source_cohorts,representation,model,n_target,auc,f1_pass,f1_fail,f1_fail_baseline,recall_at_flag20,precision_at_flag20,lift_at_flag20,brier,calibration_in_large
oulad_AAA_2013J,OULAD,P_in_leave_one_cohort_out,18,raw,gradient_boosting,383,0.7683281945871875,0.8127340823970037,0.5689655172413793,0.430327868852459,0.47619047619047616,0.6493506493506493,2.368583797155226,0.1813227805564203,0.1465953553462011
oulad_AAA_2013J,OULAD,P_out_other_institutions,44,raw,gradient_boosting,383,0.49011647824597465,0.6641074856046065,0.2857142857142857,0.430327868852459,0.13333333333333333,0.18181818181818182,0.6632034632034632,0.2732696368074542,0.12839353336841625
oulad_AAA_2014J,OULAD,P_in_leave_one_cohort_out,18,raw,gradient_boosting,365,0.7818146527385659,0.7741935483870968,0.6037735849056604,0.469601677148847,0.45535714285714285,0.6986301369863014,2.2767857142857144,0.19096805545692083,0.15851159687996885
oulad_AAA_2014J,OULAD,P_out_other_institutions,44,raw,gradient_boosting,365,0.5180335968379447,0.6748466257668712,0.34024896265560167,0.469601677148847,0.16071428571428573,0.2465753424657534,0.8035714285714285,0.27081340681281435,0.09723533120085082
oulad_BBB_2013B,OULAD,P_in_leave_one_cohort_out,18,raw,gradient_boosting,1767,0.8624691897087169,0.7841359773371105,0.784624081401922,0.7059685097034054,0.3630705394190871,0.9915014164305949,1.8174097539759968,0.14769716907550262,-0.01343574568743966
oulad_BBB_2013B,OULAD,P_out_other_institutions,44,raw,gradient_boosting,1767,0.759137802741793,0.7377521613832853,0.6239669421487604,0.7059685097034054,0.34647302904564314,0.9461756373937678,1.7343281652228086,0.24269399825003268,-0.22828970670947568
oulad_BBB_2013J,OULAD,P_in_leave_one_cohort_out,18,raw,gradient_boosting,2237,0.8684605406444174,0.7347357619291944,0.7952475247524753,0.684891240446796,0.37939914163090127,0.9888143176733781,1.8986932434638173,0.1588509287941733,0.10506830445104254
oulad_BBB_2013J,OULAD,P_out_other_institutions,44,raw,gradient_boosting,2237,0.771064874127218,0.7666795217894331,0.6783625730994152,0.684891240446796,0.34678111587982835,0.9038031319910514,1.735457172758783,0.2206779365954543,-0.16192757652548057
oulad_BBB_2014B,OULAD,P_in_leave_one_cohort_out,18,raw,gradient_boosting,1613,0.8692615684606333,0.6984848484848485,0.7911857292759706,0.7090836334533814,0.36455981941309257,1.0,1.8205417607223477,0.15261242722312932,0.08336730605614928
oulad_BBB_2014B,OULAD,P_out_other_institutions,44,raw,gradient_boosting,1613,0.8158190529123367,0.7630121816168328,0.6985915492957746,0.7090836334533814,0.34198645598194133,0.9380804953560371,1.707814716714772,0.2232673201173313,-0.21635168577260877
oulad_BBB_2014J,OULAD,P_in_leave_one_cohort_out,18,raw,gradient_boosting,2292,0.8661332693713449,0.6863844977052524,0.7655356462066336,0.6643356643356644,0.38859649122807016,0.9672489082969432,1.9446793840496437,0.17205803453695157,0.15235454204063925
oulad_BBB_2014J,OULAD,P_out_other_institutions,44,raw,gradient_boosting,2292,0.7605956079434699,0.7741219963031424,0.6748270356572645,0.6643356643356644,0.34035087719298246,0.8471615720524017,1.703240634336934,0.2154688650010761,-0.129313007118954
oulad_CCC_2014B,OULAD,P_in_leave_one_cohort_out,18,raw,gradient_boosting,1936,0.8856177554712742,0.7469095640858816,0.8334047109207708,0.7933935805546899,0.3040062843676355,1.0,1.5208169677926158,0.13326443973278537,-0.050253015490300035
oulad_CCC_2014B,OULAD,P_out_other_institutions,44,raw,gradient_boosting,1936,0.7022010689586125,0.584688995215311,0.5129068462401796,0.7933935805546899,0.27336999214454044,0.8992248062015504,1.3675563431313444,0.32817286680237695,-0.35421667960968234
oulad_CCC_2014J,OULAD,P_in_leave_one_cohort_out,18,raw,gradient_boosting,2498,0.8608595278509479,0.7225929456625357,0.7991718426501035,0.7450389349409695,0.3351314902225219,0.994,1.6743169251517196,0.14693783163854188,-0.0024578729766345786
oulad_CCC_2014J,OULAD,P_out_other_institutions,44,raw,gradient_boosting,2498,0.6611591468498483,0.6230172122848464,0.45056566650270535,0.7450389349409695,0.28118678354686444,0.834,1.4048091706001349,0.3165181122125999,-0.29570528993376527
oulad_DDD_2013B,OULAD,P_in_leave_one_cohort_out,18,raw,gradient_boosting,1303,0.8425883341987488,0.7249097472924187,0.687960687960688,0.7566793893129771,0.3291298865069357,1.0,1.6431273644388398,0.18552828342363634,-0.15389558220301003
oulad_DDD_2013B,OULAD,P_out_other_institutions,44,raw,gradient_boosting,1303,0.5852483742551245,0.5737704918032787,0.45359019264448336,0.7566793893129771,0.2459016393442623,0.7471264367816092,1.227623892971547,0.32361912746797855,-0.2722392899806784
oulad_DDD_2013J,OULAD,P_in_leave_one_cohort_out,18,raw,gradient_boosting,1938,0.8657447944822545,0.7754901960784314,0.7505446623093682,0.7279291106005907,0.345356176735798,0.9871134020618557,1.7250006972009706,0.15329390958631087,-0.0783043021104951
oulad_DDD_2013J,OULAD,P_out_other_institutions,44,raw,gradient_boosting,1938,0.6226362658411658,0.6115627822944896,0.4825511432009627,0.7279291106005907,0.23985572587917042,0.6855670103092784,1.1980422596748255,0.29675317180318433,-0.22691265594699134
oulad_DDD_2014B,OULAD,P_in_leave_one_cohort_out,18,raw,gradient_boosting,1228,0.8668077966167834,0.7660311958405546,0.7926267281105991,0.7577137076378352,0.32710280373831774,0.9959349593495935,1.6328546463034723,0.1502329216391329,-0.06795495602448087
oulad_DDD_2014B,OULAD,P_out_other_institutions,44,raw,gradient_boosting,1228,0.6332186826694465,0.5876211782252051,0.5040358744394619,0.7577137076378352,0.24299065420560748,0.7398373983739838,1.212977737254008,0.30310755853333343,-0.26485649874896333
oulad_DDD_2014J,OULAD,P_in_leave_one_cohort_out,18,raw,gradient_boosting,1803,0.8553256351846856,0.7599309153713298,0.7768860353130016,0.718550106609808,0.35311572700296734,0.9889196675900277,1.763622315197646,0.151649752551013,-0.018583022990380837
oulad_DDD_2014J,OULAD,P_out_other_institutions,44,raw,gradient_boosting,1803,0.64503716692144,0.6584789796882381,0.5144392209536601,0.718550106609808,0.29080118694362017,0.814404432132964,1.452394847809826,0.28507723614242675,-0.2297791276919482
oulad_EEE_2013J,OULAD,P_in_leave_one_cohort_out,18,raw,gradient_boosting,1052,0.8697694848157992,0.8134206219312602,0.7414965986394558,0.5926421404682275,0.47404063205417607,1.0,2.3747178329571104,0.13999393796542556,0.07619278045932959
oulad_EEE_2013J,OULAD,P_out_other_institutions,44,raw,gradient_boosting,1052,0.5779911559860187,0.6588050314465409,0.47836538461538464,0.5926421404682275,0.16478555304740405,0.3476190476190476,0.8254971514565194,0.26768712229553404,-0.04115107970658716
oulad_EEE_2014B,OULAD,P_in_leave_one_cohort_out,18,raw,gradient_boosting,694,0.8799591053038426,0.8175765645805593,0.7849293563579278,0.6537342386032978,0.4124629080118694,1.0,2.059347181008902,0.13647489904927793,0.04372046550006864
oulad_EEE_2014B,OULAD,P_out_other_institutions,44,raw,gradient_boosting,694,0.6360372041991871,0.6602409638554216,0.4946236559139785,0.6537342386032978,0.228486646884273,0.5539568345323741,1.1407894455948593,0.2688801988101586,-0.13610318963799617
oulad_EEE_2014J,OULAD,P_in_leave_one_cohort_out,18,raw,gradient_boosting,1188,0.8778442054209599,0.8149812734082397,0.7627281460134486,0.5957446808510638,0.47023809523809523,0.9957983193277311,2.347238895558223,0.1405985984839475,0.10229898232166174
oulad_EEE_2014J,OULAD,P_out_other_institutions,44,raw,gradient_boosting,1188,0.5793926366843034,0.6506704304869443,0.48383733055265904,0.5957446808510638,0.18452380952380953,0.3907563025210084,0.9210684273709484,0.2700687789584964,-0.03751948733851529
oulad_FFF_2013B,OULAD,P_in_leave_one_cohort_out,18,raw,gradient_boosting,1614,0.8479797855597089,0.7746031746031746,0.6816143497757847,0.6802943581357318,0.38100961538461536,0.9814241486068112,1.903868480590617,0.16999400488615354,-0.09269086407236465
oulad_FFF_2013B,OULAD,P_out_other_institutions,44,raw,gradient_boosting,1614,0.4845079492917568,0.5866957470010905,0.4562410329985653,0.6802943581357318,0.17307692307692307,0.4458204334365325,0.8648487735175042,0.3097661839667818,-0.1056149509960505
oulad_FFF_2013J,OULAD,P_in_leave_one_cohort_out,18,raw,gradient_boosting,2283,0.8752498347247206,0.8065173116089613,0.7749881572714353,0.6845289541918754,0.3846801346801347,1.0,1.9217171717171717,0.14224275907613143,-0.03494068860098215
oulad_FFF_2013J,OULAD,P_out_other_institutions,44,raw,gradient_boosting,2283,0.46509347662315703,0.5056179775280899,0.4920071047957371,0.6845289541918754,0.15235690235690236,0.39606126914660833,0.7611177419711337,0.32086952223058957,-0.07734634965855941
oulad_FFF_2014B,OULAD,P_in_leave_one_cohort_out,18,raw,gradient_boosting,1500,0.8749385487380803,0.7734524569240587,0.7522679692951849,0.7212276214833758,0.34988179669030733,0.9866666666666667,1.749408983451537,0.15352717212204947,-0.07488608126509594
oulad_FFF_2014B,OULAD,P_out_other_institutions,44,raw,gradient_boosting,1500,0.5098421425524684,0.5609452736318408,0.492816091954023,0.7212276214833758,0.16312056737588654,0.46,0.8156028368794327,0.3143926233979759,-0.16463549460508126
oulad_FFF_2014J,OULAD,P_in_leave_one_cohort_out,18,raw,gradient_boosting,2365,0.9042693914560522,0.8334012219959267,0.8202197802197803,0.6908386382507611,0.3782051282051282,0.9978858350951374,1.891025641025641,0.12033580738842214,-0.0141886863183599
oulad_FFF_2014J,OULAD,P_out_other_institutions,44,raw,gradient_boosting,2365,0.47423236175194544,0.4879544459045116,0.5222721700040867,0.6908386382507611,0.1482371794871795,0.39112050739957716,0.7411858974358974,0.3114360605897717,-0.0678439434589943
ku_Accountancy_1819,KU Leuven,P_in_leave_one_cohort_out,5,raw,gradient_boosting,752,0.6340680803571428,0.8141295206055509,0.2984126984126984,0.45901639344262296,0.29464285714285715,0.44,1.4771428571428573,0.20673487634792295,0.08838999844982481
ku_Accountancy_1819,KU Leuven,P_out_other_institutions,57,raw,gradient_boosting,752,0.6060944264069265,0.8241758241758241,0.02608695652173913,0.45901639344262296,0.24107142857142858,0.36,1.2085714285714286,0.20343021985720106,0.026748811131999728
ku_Globaleconom_1819,KU Leuven,P_in_leave_one_cohort_out,5,raw,gradient_boosting,743,0.5542436510857564,0.5294924554183813,0.5468956406869221,0.6086142322097378,0.23384615384615384,0.5100671140939598,1.1660918946824987,0.2536045579597383,0.07134069778038665
ku_Globaleconom_1819,KU Leuven,P_out_other_institutions,57,raw,gradient_boosting,743,0.6007397865292602,0.7161803713527851,0.09577464788732394,0.6086142322097378,0.24307692307692308,0.5302013422818792,1.21212183789365,0.2457471671915112,-0.08710146247054473
ku_Accountancy_1920,KU Leuven,P_in_leave_one_cohort_out,5,raw,gradient_boosting,705,0.6548902955152955,0.8094405594405595,0.18045112781954886,0.4822389666307858,0.33482142857142855,0.5319148936170213,1.6741071428571428,0.20377272313840644,0.012918421137278924
ku_Accountancy_1920,KU Leuven,P_out_other_institutions,57,raw,gradient_boosting,705,0.6194219631719632,0.8044596912521441,0.06557377049180328,0.4822389666307858,0.29910714285714285,0.475177304964539,1.4955357142857142,0.20921434948533416,0.008745316873945752
ku_Globaleconom_1920,KU Leuven,P_in_leave_one_cohort_out,5,raw,gradient_boosting,681,0.6337752510543115,0.7637474541751528,0.3894736842105263,0.3938679245283019,0.2874251497005988,0.35294117647058826,1.439239168721381,0.21490902524006866,0.18251303331859312
ku_Globaleconom_1920,KU Leuven,P_out_other_institutions,57,raw,gradient_boosting,681,0.6513607027190754,0.856396866840731,0.22535211267605634,0.3938679245283019,0.3413173652694611,0.41911764705882354,1.7090965128566398,0.18204010907189067,0.08119673562338683
ku_Accountancy_2021,KU Leuven,P_in_leave_one_cohort_out,5,raw,gradient_boosting,723,0.6611010665497845,0.8196176226101413,0.10699588477366255,0.46006389776357826,0.3055555555555556,0.45517241379310347,1.5235632183908048,0.209532095756073,-0.1131426444233612
ku_Accountancy_2021,KU Leuven,P_out_other_institutions,57,raw,gradient_boosting,723,0.5816714150047484,0.8234336859235151,0.0,0.46006389776357826,0.3287037037037037,0.4896551724137931,1.6389846743295018,0.20604930990538056,-0.05413239550343393
ku_Globaleconom_2021,KU Leuven,P_in_leave_one_cohort_out,5,raw,gradient_boosting,335,0.6645741189898702,0.6735966735966736,0.1693121693121693,0.6546184738955823,0.2822085889570552,0.6865671641791045,1.4110429447852761,0.2944621104934061,-0.24833322842155953
ku_Globaleconom_2021,KU Leuven,P_out_other_institutions,57,raw,gradient_boosting,335,0.6216650021401057,0.6800804828973843,0.08092485549132948,0.6546184738955823,0.3006134969325153,0.7313432835820896,1.5030674846625767,0.277089192073055,-0.1925998955028409
ukzn_ISTN101_2019,UKZN,P_in_leave_one_cohort_out,15,raw,gradient_boosting,1056,0.6479388960909453,0.905974025974026,0.03208556149732621,0.2967741935483871,0.34782608695652173,0.3033175355450237,1.7407788996497013,0.1453923089507313,-0.09370292012043702
ukzn_ISTN101_2019,UKZN,P_out_other_institutions,47,raw,gradient_boosting,1056,0.579863881132828,0.8665183537263627,0.2356687898089172,0.2967741935483871,0.29891304347826086,0.26066350710900477,1.495981866886462,0.20124995776277954,0.2433633506913968
ukzn_ISTN101_2020,UKZN,P_in_leave_one_cohort_out,15,raw,gradient_boosting,978,0.687045539421366,0.801762114537445,0.14168937329700274,0.09542356377799414,0.3469387755102041,0.08673469387755102,1.7311536859641816,0.2509164703807571,0.3317117687121468
ukzn_ISTN101_2020,UKZN,P_out_other_institutions,47,raw,gradient_boosting,978,0.6999077348915885,0.5403288958496476,0.13549337260677466,0.09542356377799414,0.3469387755102041,0.08673469387755102,1.7311536859641816,0.3465136520694129,0.5269105219935837
ukzn_ISTN101_2021,UKZN,P_in_leave_one_cohort_out,15,raw,gradient_boosting,741,0.7000046823055673,0.9541284403669725,0.0,0.15671641791044774,0.4444444444444444,0.1891891891891892,2.2252252252252256,0.07611002476625184,-0.015352146509698655
ukzn_ISTN101_2021,UKZN,P_out_other_institutions,47,raw,gradient_boosting,741,0.7243409654914079,0.9525179856115108,0.2826086956521739,0.15671641791044774,0.5238095238095238,0.22297297297297297,2.6225868725868726,0.11342946849479525,0.2090145649494943
ukzn_ISTN102_2018,UKZN,P_in_leave_one_cohort_out,15,raw,gradient_boosting,257,0.6245331465919701,0.8449438202247191,0.0,0.4184615384615385,0.25,0.3333333333333333,1.2598039215686274,0.19067805088114786,-0.05403440039215668
ukzn_ISTN102_2018,UKZN,P_out_other_institutions,47,raw,gradient_boosting,257,0.646630874572051,0.6987951807228916,0.45054945054945056,0.4184615384615385,0.3235294117647059,0.43137254901960786,1.630334486735871,0.2365455124005273,0.22512665825026157
ukzn_ISTN103_2019,UKZN,P_in_leave_one_cohort_out,15,raw,gradient_boosting,1113,0.6209778597785978,0.8442367601246106,0.0,0.4246284501061571,0.25,0.336322869955157,1.2477578475336324,0.1975824133675219,-0.08635578449416623
ukzn_ISTN103_2019,UKZN,P_out_other_institutions,47,raw,gradient_boosting,1113,0.6529192291922918,0.6994301994301995,0.48661800486618007,0.4246284501061571,0.29,0.3901345291479821,1.4473991031390137,0.23379316336648404,0.21659232567692394
ukzn_ISTN103_2020,UKZN,P_in_leave_one_cohort_out,15,raw,gradient_boosting,1082,0.6459062092531811,0.9400196656833825,0.06153846153846154,0.19214703425229743,0.2608695652173913,0.1388888888888889,1.3067632850241546,0.12307745620515302,0.1509643520452072
ukzn_ISTN103_2020,UKZN,P_out_other_institutions,47,raw,gradient_boosting,1082,0.6079717638595388,0.684931506849315,0.23454833597464342,0.19214703425229743,0.23478260869565218,0.125,1.1760869565217391,0.23155122095310715,0.36354583722319234
ukzn_ISTN211_2019,UKZN,P_in_leave_one_cohort_out,15,raw,gradient_boosting,280,0.7122403710425489,0.9629629629629629,0.0,0.12709030100334448,0.47368421052631576,0.16071428571428573,2.368421052631579,0.06529857442413382,0.05850052947985558
ukzn_ISTN211_2019,UKZN,P_out_other_institutions,47,raw,gradient_boosting,280,0.5543456342004437,0.9511278195488722,0.07142857142857142,0.12709030100334448,0.2631578947368421,0.08928571428571429,1.3157894736842106,0.16344690225381853,0.31311160269195326
ukzn_ISTN211_2021,UKZN,P_in_leave_one_cohort_out,15,raw,gradient_boosting,327,0.7588235294117648,0.9667194928684627,0.08695652173913043,0.09883720930232558,0.5294117647058824,0.13846153846153847,2.663348416289593,0.07717048488988996,0.14920825480526145
ukzn_ISTN211_2021,UKZN,P_out_other_institutions,47,raw,gradient_boosting,327,0.7992409867172676,0.8912280701754386,0.2619047619047619,0.09883720930232558,0.6470588235294118,0.16923076923076924,3.2552036199095027,0.17624460430006747,0.3545356823611828
ukzn_ISTN212_2018,UKZN,P_in_leave_one_cohort_out,15,raw,gradient_boosting,238,0.7190135895032802,0.8967136150234741,0.12,0.3120567375886525,0.3409090909090909,0.3125,1.690340909090909,0.13836174457238792,0.032850702703819706
ukzn_ISTN212_2018,UKZN,P_out_other_institutions,47,raw,gradient_boosting,238,0.7125117150890347,0.8142076502732241,0.38181818181818183,0.3120567375886525,0.38636363636363635,0.3541666666666667,1.915719696969697,0.20832620790050121,0.26377417067141695
ukzn_ISTN212_2019,UKZN,P_in_leave_one_cohort_out,15,raw,gradient_boosting,264,0.7850707850707851,0.9135802469135802,0.0,0.2745098039215686,0.4523809523809524,0.3584905660377358,2.2533692722371965,0.11763347999698541,0.03280242796890903
ukzn_ISTN212_2019,UKZN,P_out_other_institutions,47,raw,gradient_boosting,264,0.6705276705276705,0.8068459657701712,0.33613445378151263,0.2745098039215686,0.35714285714285715,0.2830188679245283,1.778975741239892,0.21033375827928352,0.28997056528405296
ukzn_ISTN2IP_2018,UKZN,P_in_leave_one_cohort_out,15,raw,gradient_boosting,99,0.7194594594594594,0.8284023668639053,0.0,0.40322580645161293,0.24,0.3,1.188,0.17621278043083824,-0.014463090772073778
ukzn_ISTN2IP_2018,UKZN,P_out_other_institutions,47,raw,gradient_boosting,99,0.6805405405405405,0.5964912280701754,0.4523809523809524,0.40322580645161293,0.4,0.5,1.98,0.2564895184735583,0.2718893176354434
ukzn_ISTN2IP_2019,UKZN,P_in_leave_one_cohort_out,15,raw,gradient_boosting,116,0.6881087662337663,0.8627450980392157,0.0,0.3888888888888889,0.35714285714285715,0.43478260869565216,1.8012422360248446,0.17886949485529743,-0.10567088078391054
ukzn_ISTN2IP_2019,UKZN,P_out_other_institutions,47,raw,gradient_boosting,116,0.6448863636363636,0.8844221105527639,0.30303030303030304,0.3888888888888889,0.35714285714285715,0.43478260869565216,1.8012422360248446,0.18506415232658552,0.13314681805186487
ukzn_ISTN3ND_2018,UKZN,P_in_leave_one_cohort_out,15,raw,gradient_boosting,144,0.5751159507965314,0.7532467532467533,0.0,0.5671641791044776,0.24561403508771928,0.4827586206896552,1.2196007259528132,0.2673344246481121,-0.17525532716614964
ukzn_ISTN3ND_2018,UKZN,P_out_other_institutions,47,raw,gradient_boosting,144,0.47943133696309737,0.5714285714285714,0.336283185840708,0.5671641791044776,0.19298245614035087,0.3793103448275862,0.9582577132486388,0.26033130157143336,0.08537600676284918
ukzn_ISTN3ND_2019,UKZN,P_in_leave_one_cohort_out,15,raw,gradient_boosting,223,0.3312595226003047,0.4296875,0.23157894736842105,0.32958801498127344,0.022727272727272728,0.022222222222222223,0.11262626262626264,0.42398399396895475,0.3896192664941984
ukzn_ISTN3ND_2019,UKZN,P_out_other_institutions,47,raw,gradient_boosting,223,0.5969400711020822,0.8951406649616368,0.2545454545454545,0.32958801498127344,0.2727272727272727,0.26666666666666666,1.3515151515151516,0.16653929636236703,0.10698359933712767
ukzn_ISTN3SA_2018,UKZN,P_in_leave_one_cohort_out,15,raw,gradient_boosting,141,0.6165165165165165,0.8809523809523809,0.0,0.3508771929824561,0.3333333333333333,0.35714285714285715,1.6785714285714286,0.17004915261600667,-0.08621513467284539
ukzn_ISTN3SA_2018,UKZN,P_out_other_institutions,47,raw,gradient_boosting,141,0.5518018018018018,0.8403361344537815,0.13636363636363635,0.3508771929824561,0.2,0.21428571428571427,1.0071428571428571,0.20765134248069517,0.19992358999807616
ukzn_ISTN3SA_2019,UKZN,P_in_leave_one_cohort_out,15,raw,gradient_boosting,195,0.5630588235294118,0.9315068493150684,0.0,0.22727272727272727,0.32,0.20512820512820512,1.6,0.11439409004182295,-0.008668253766069015
ukzn_ISTN3SA_2019,UKZN,P_out_other_institutions,47,raw,gradient_boosting,195,0.5752941176470587,0.8862275449101796,0.32142857142857145,0.22727272727272727,0.36,0.23076923076923078,1.8000000000000003,0.19744692718503387,0.2940187195070137
zambia_ICT1110_2020,Zambia,P_in_leave_one_cohort_out,1,raw,gradient_boosting,65,0.4387755102040817,0.20512820512820512,0.6593406593406593,0.8596491228070176,0.20408163265306123,0.7692307692307693,1.0204081632653061,0.38718836379228955,-0.1257598453397888
zambia_ICT1110_2020,Zambia,P_out_other_institutions,61,raw,gradient_boosting,65,0.4681122448979592,0.37333333333333335,0.14545454545454545,0.8596491228070176,0.1836734693877551,0.6923076923076923,0.9183673469387755,0.43072222577468616,-0.44697565142116347
zambia_ICT1110_2021,Zambia,P_in_leave_one_cohort_out,1,raw,gradient_boosting,52,0.4875,0.35294117647058826,0.6857142857142857,0.761904761904762,0.21875,0.7,1.1375,0.3544401936071849,0.08807266769764421
zambia_ICT1110_2021,Zambia,P_out_other_institutions,61,raw,gradient_boosting,52,0.5484375,0.5428571428571428,0.058823529411764705,0.761904761904762,0.21875,0.7,1.1375,0.40107064487581057,-0.3784330808435339
oviedo_C1112_1415,Oviedo,P_in_leave_one_cohort_out,19,raw,gradient_boosting,199,0.6677350427350428,0.6717557251908397,0.36764705882352944,0.7035830618892508,0.28703703703703703,0.775,1.4280092592592593,0.2461724559063543,-0.1514427908923517
oviedo_C1112_1415,Oviedo,P_out_other_institutions,43,raw,gradient_boosting,199,0.6689051689051689,0.6618181818181819,0.24390243902439024,0.7035830618892508,0.3425925925925926,0.925,1.7043981481481483,0.30158289166287305,-0.28786903304182815
oviedo_C1127_1415,Oviedo,P_in_leave_one_cohort_out,19,raw,gradient_boosting,106,0.5730960581706851,0.8048780487804879,0.3333333333333333,0.5379310344827586,0.3076923076923077,0.5714285714285714,1.5531135531135531,0.22013702264479929,0.020983289235096347
oviedo_C1127_1415,Oviedo,P_out_other_institutions,43,raw,gradient_boosting,106,0.606582472254114,0.8072289156626506,0.30434782608695654,0.5379310344827586,0.3333333333333333,0.6190476190476191,1.6825396825396828,0.22439972219472737,-0.13123639263002754
oviedo_C1200_1415,Oviedo,P_in_leave_one_cohort_out,19,raw,gradient_boosting,107,0.6331758720930232,0.6290322580645161,0.4888888888888889,0.7485380116959064,0.265625,0.8095238095238095,1.353422619047619,0.27584692215913886,-0.2145560019283841
oviedo_C1200_1415,Oviedo,P_out_other_institutions,43,raw,gradient_boosting,107,0.6969476744186047,0.6060606060606061,0.36585365853658536,0.7485380116959064,0.265625,0.8095238095238095,1.353422619047619,0.31554530773644013,-0.3031249864225922
oviedo_C1303_1415,Oviedo,P_in_leave_one_cohort_out,19,raw,gradient_boosting,112,0.5962585034013606,0.5272727272727272,0.543859649122807,0.7692307692307693,0.24285714285714285,0.7727272727272727,1.2363636363636363,0.2518682153607374,-0.14799348180120436
oviedo_C1303_1415,Oviedo,P_out_other_institutions,43,raw,gradient_boosting,112,0.5860544217687075,0.5490196078431373,0.028169014084507043,0.7692307692307693,0.2571428571428571,0.8181818181818182,1.309090909090909,0.334060489988696,-0.32260609421174913
oviedo_C174_1415,Oviedo,P_in_leave_one_cohort_out,19,raw,gradient_boosting,96,0.7956427015250546,0.7272727272727273,0.7096774193548387,0.6382978723404256,0.3111111111111111,0.7368421052631579,1.5719298245614035,0.191425768059183,-0.020380166088785623
oviedo_C174_1415,Oviedo,P_out_other_institutions,43,raw,gradient_boosting,96,0.7381263616557734,0.7096774193548387,0.47058823529411764,0.6382978723404256,0.3333333333333333,0.7894736842105263,1.6842105263157896,0.20320560777393207,-0.052053749092499046
oviedo_C190_1415,Oviedo,P_in_leave_one_cohort_out,19,raw,gradient_boosting,112,0.4053359048537448,0.5531914893617021,0.24096385542168675,0.7052023121387282,0.16393442622950818,0.45454545454545453,0.8345752608047691,0.30651208315004197,-0.1512483143092786
oviedo_C190_1415,Oviedo,P_out_other_institutions,43,raw,gradient_boosting,112,0.45644487303117964,0.5753424657534246,0.20512820512820512,0.7052023121387282,0.21311475409836064,0.5909090909090909,1.0849478390462,0.34614726754923036,-0.24754007821403218
oviedo_C1978_1415,Oviedo,P_in_leave_one_cohort_out,19,raw,gradient_boosting,164,0.6899410464259396,0.7522123893805309,0.45098039215686275,0.43809523809523815,0.34782608695652173,0.48484848484848486,1.7285902503293806,0.21872186283629508,0.18828173900835504
oviedo_C1978_1415,Oviedo,P_out_other_institutions,43,raw,gradient_boosting,164,0.6599115696389094,0.8549618320610687,0.42424242424242425,0.43809523809523815,0.3695652173913043,0.5151515151515151,1.8366271409749668,0.18391847421439617,0.09720573819612016
oviedo_C2011_1415,Oviedo,P_in_leave_one_cohort_out,19,raw,gradient_boosting,120,0.6972176759410803,0.757396449704142,0.4225352112676056,0.3561643835616438,0.46153846153846156,0.5,2.3076923076923075,0.21525165796331705,0.24320870206641687
oviedo_C2011_1415,Oviedo,P_out_other_institutions,43,raw,gradient_boosting,120,0.7056055646481179,0.8481675392670157,0.40816326530612246,0.3561643835616438,0.38461538461538464,0.4166666666666667,1.9230769230769231,0.1942386208880458,0.20309469495624816
oviedo_C2024_1415,Oviedo,P_in_leave_one_cohort_out,19,raw,gradient_boosting,327,0.6080769230769231,0.8155339805825242,0.31654676258992803,0.27440633245382584,0.34615384615384615,0.27692307692307694,1.7414201183431954,0.21673147675643156,0.29193904497882595
oviedo_C2024_1415,Oviedo,P_out_other_institutions,43,raw,gradient_boosting,327,0.5707342657342658,0.9136212624584718,0.0,0.27440633245382584,0.3269230769230769,0.26153846153846155,1.6446745562130178,0.13335108852461003,0.029704050081673428
oviedo_C2150_1415,Oviedo,P_in_leave_one_cohort_out,19,raw,gradient_boosting,106,0.5242026266416511,0.717948717948718,0.21428571428571427,0.5578231292517007,0.24390243902439024,0.47619047619047616,1.2311265969802554,0.24403929104604172,0.008257263705381324
oviedo_C2150_1415,Oviedo,P_out_other_institutions,43,raw,gradient_boosting,106,0.3572232645403377,0.6967741935483871,0.17543859649122806,0.5578231292517007,0.12195121951219512,0.23809523809523808,0.6155632984901277,0.3074480741409931,-0.0808268801515502
oviedo_C2271_1415,Oviedo,P_in_leave_one_cohort_out,19,raw,gradient_boosting,596,0.618302147257056,0.7383512544802867,0.38309859154929576,0.5860023724792408,0.29959514170040485,0.6218487394957983,1.500493314734801,0.23428769533829213,-0.05149089582997318
oviedo_C2271_1415,Oviedo,P_out_other_institutions,43,raw,gradient_boosting,596,0.6673549644443929,0.7457264957264957,0.0703125,0.5860023724792408,0.31983805668016196,0.6638655462184874,1.601877998162828,0.26187999169803416,-0.19726260058956485
oviedo_C2335_1415,Oviedo,P_in_leave_one_cohort_out,19,raw,gradient_boosting,428,0.4923788105947027,0.35294117647058826,0.64,0.807799442896936,0.2103448275862069,0.7093023255813954,1.046832397754611,0.272474544507145,-0.15453082779189842
oviedo_C2335_1415,Oviedo,P_out_other_institutions,43,raw,gradient_boosting,428,0.5262118940529735,0.3305785123966942,0.7361563517915309,0.807799442896936,0.20689655172413793,0.6976744186046512,1.0296712109061747,0.28963504657887923,0.09965884275214021
oviedo_C2406_1415,Oviedo,P_in_leave_one_cohort_out,19,raw,gradient_boosting,133,0.6089156626506023,0.5398773006134969,0.27184466019417475,0.7685185185185186,0.2289156626506024,0.7037037037037037,1.1276215975011155,0.2967729508129831,-0.2619290551549808
oviedo_C2406_1415,Oviedo,P_out_other_institutions,43,raw,gradient_boosting,133,0.5448192771084337,0.5280898876404494,0.045454545454545456,0.7685185185185186,0.2289156626506024,0.7037037037037037,1.1276215975011155,0.38846361115544786,-0.3765371473241633
oviedo_C2468_1415,Oviedo,P_in_leave_one_cohort_out,19,raw,gradient_boosting,82,0.6284949434860203,0.6597938144329897,0.5074626865671642,0.6666666666666666,0.2926829268292683,0.75,1.5,0.23991907582782707,-0.04353302288373739
oviedo_C2468_1415,Oviedo,P_out_other_institutions,43,raw,gradient_boosting,82,0.6383105294467579,0.6949152542372882,0.21739130434782608,0.6666666666666666,0.2926829268292683,0.75,1.5,0.2814246770253028,-0.22236547282999947
oviedo_C2607_1415,Oviedo,P_in_leave_one_cohort_out,19,raw,gradient_boosting,277,0.4822052108514638,0.3121951219512195,0.5959885386819485,0.8482328482328483,0.20588235294117646,0.7636363636363637,1.036898395721925,0.2508206242812183,-0.2128062462040412
oviedo_C2607_1415,Oviedo,P_out_other_institutions,43,raw,gradient_boosting,277,0.45923986032769276,0.25,0.6954314720812182,0.8482328482328483,0.18137254901960784,0.6727272727272727,0.913458110516934,0.28972063162045636,0.005409389611756299
oviedo_C3022_1415,Oviedo,P_in_leave_one_cohort_out,19,raw,gradient_boosting,238,0.5488321799307958,0.18652849740932642,0.4452296819787986,0.4444444444444445,0.23529411764705882,0.3333333333333333,1.1666666666666667,0.3530700093795823,0.3777628742721205
oviedo_C3022_1415,Oviedo,P_out_other_institutions,43,raw,gradient_boosting,238,0.5689446366782007,0.6089965397923875,0.39572192513368987,0.4444444444444445,0.25,0.3541666666666667,1.2395833333333335,0.36971720743904113,0.3478790033430136
oviedo_C3029_1415,Oviedo,P_in_leave_one_cohort_out,19,raw,gradient_boosting,231,0.47368421052631576,0.4491525423728814,0.4247787610619469,0.49511400651465803,0.23684210526315788,0.391304347826087,1.1893592677345537,0.320157148323071,0.25183241455110555
oviedo_C3029_1415,Oviedo,P_out_other_institutions,43,raw,gradient_boosting,231,0.4879456706281834,0.6116838487972509,0.3391812865497076,0.49511400651465803,0.14473684210526316,0.2391304347826087,0.7268306636155606,0.35691819656525947,0.2192301864002974
oviedo_C4189_1415,Oviedo,P_in_leave_one_cohort_out,19,raw,gradient_boosting,128,0.5492647058823529,0.0,0.6382978723404256,0.6382978723404256,0.3,0.6923076923076923,1.4769230769230768,0.28024660064667467,0.18299546109684628
oviedo_C4189_1415,Oviedo,P_out_other_institutions,43,raw,gradient_boosting,128,0.49166666666666664,0.0,0.6382978723404256,0.6382978723404256,0.26666666666666666,0.6153846153846154,1.3128205128205128,0.5148146407257737,0.5155568807751563
oviedo_C4213_1415,Oviedo,P_in_leave_one_cohort_out,19,raw,gradient_boosting,140,0.6601799539652646,0.7317073170731707,0.26666666666666666,0.592964824120603,0.288135593220339,0.6071428571428571,1.4406779661016949,0.24197097942971924,-0.11971926013311757
oviedo_C4213_1415,Oviedo,P_out_other_institutions,43,raw,gradient_boosting,140,0.6112157355095208,0.6903553299492385,0.26506024096385544,0.592964824120603,0.22033898305084745,0.4642857142857143,1.1016949152542372,0.2618550176398792,-0.11111073450169562
oviedo_C836_1415,Oviedo,P_in_leave_one_cohort_out,19,raw,gradient_boosting,87,0.47595137420718814,0.5,0.4883720930232558,0.6717557251908397,0.1590909090909091,0.4117647058823529,0.8141711229946523,0.2749461576538516,0.0018341681539673083
oviedo_C836_1415,Oviedo,P_out_other_institutions,43,raw,gradient_boosting,87,0.5417547568710359,0.5765765765765766,0.25396825396825395,0.6717557251908397,0.1590909090909091,0.4117647058823529,0.8141711229946523,0.2710113532122337,-0.11843120187115524
oulad_AAA_2013J,OULAD,P_in_leave_one_cohort_out,18,raw,logistic_regression,383,0.7685851318944845,0.8324125230202578,0.5919282511210763,0.430327868852459,0.4666666666666667,0.6363636363636364,2.3212121212121213,0.18328054643632757,0.1620864855333486
oulad_AAA_2013J,OULAD,P_out_other_institutions,44,raw,logistic_regression,383,0.7554299417608771,0.85625,0.2698412698412698,0.430327868852459,0.47619047619047616,0.6493506493506493,2.368583797155226,0.17335168144901703,0.049390171604069166
oulad_AAA_2014J,OULAD,P_in_leave_one_cohort_out,18,raw,logistic_regression,365,0.7781973461321288,0.7747368421052632,0.5803921568627451,0.469601677148847,0.42857142857142855,0.6575342465753424,2.142857142857143,0.19514568854142367,0.1681940917863905
oulad_AAA_2014J,OULAD,P_out_other_institutions,44,raw,logistic_regression,365,0.74121259175607,0.847457627118644,0.35714285714285715,0.469601677148847,0.41964285714285715,0.6438356164383562,2.0982142857142856,0.18468869366467403,0.023431347946178238
oulad_BBB_2013B,OULAD,P_in_leave_one_cohort_out,18,raw,logistic_regression,1767,0.8604713651607302,0.7805429864253394,0.7802944507361268,0.7059685097034054,0.36410788381742737,0.9943342776203966,1.8226023532730713,0.14882735495101615,0.0053440602760302935
oulad_BBB_2013B,OULAD,P_out_other_institutions,44,raw,logistic_regression,1767,0.8236372420849203,0.724169741697417,0.5622254758418741,0.7059685097034054,0.34854771784232363,0.9518413597733711,1.7447133638169572,0.2226023461317813,-0.17012977642499838
oulad_BBB_2013J,OULAD,P_in_leave_one_cohort_out,18,raw,logistic_regression,2237,0.8659679072448915,0.7415169660678643,0.7902834008097166,0.684891240446796,0.3776824034334764,0.9843400447427293,1.8901018713214468,0.1643262796809157,0.11552707794562767
oulad_BBB_2013J,OULAD,P_out_other_institutions,44,raw,logistic_regression,2237,0.8255725129716225,0.7760416666666666,0.6629339305711086,0.684891240446796,0.3648068669527897,0.9507829977628636,1.8256665802536705,0.20683736103703457,-0.12168163638823015
oulad_BBB_2014B,OULAD,P_in_leave_one_cohort_out,18,raw,logistic_regression,1613,0.866234191659344,0.7288503253796096,0.7965274009766685,0.7090836334533814,0.36455981941309257,1.0,1.8205417607223477,0.15758454973081315,0.0951415206191476
oulad_BBB_2014B,OULAD,P_out_other_institutions,44,raw,logistic_regression,1613,0.8222704705009299,0.749738219895288,0.6367781155015197,0.7090836334533814,0.35665914221218964,0.978328173374613,1.7810872953196961,0.2218576640815206,-0.1621307543834925
oulad_BBB_2014J,OULAD,P_in_leave_one_cohort_out,18,raw,logistic_regression,2292,0.8669693439327486,0.7416044776119403,0.7729508196721312,0.6643356643356644,0.4,0.9956331877729258,2.0017467248908294,0.16774169487130397,0.13597651625641793
oulad_BBB_2014J,OULAD,P_out_other_institutions,44,raw,logistic_regression,2292,0.842727750365497,0.8011343495214462,0.681792399319342,0.6643356643356644,0.3991228070175439,0.9934497816593887,1.9973569294415077,0.1970804840744167,-0.10207689794790448
oulad_CCC_2014B,OULAD,P_in_leave_one_cohort_out,18,raw,logistic_regression,1936,0.8889358873647955,0.7423857868020305,0.823170731707317,0.7933935805546899,0.3040062843676355,1.0,1.5208169677926158,0.13433274871267709,-0.06921733132983132
oulad_CCC_2014B,OULAD,P_out_other_institutions,44,raw,logistic_regression,1936,0.8669571883379009,0.5950561797752809,0.45294474802671525,0.7933935805546899,0.3032207384131972,0.9974160206718347,1.5168872081859166,0.30564016936899896,-0.3894110550033493
oulad_CCC_2014J,OULAD,P_in_leave_one_cohort_out,18,raw,logistic_regression,2498,0.8621035113885115,0.73416551086454,0.7970349452876809,0.7450389349409695,0.3351314902225219,0.994,1.6743169251517196,0.14694215082599632,-0.008229253872457543
oulad_CCC_2014J,OULAD,P_out_other_institutions,44,raw,logistic_regression,2498,0.8390009599766151,0.6488917442981047,0.4195432819968136,0.7450389349409695,0.3337828725556305,0.99,1.66757923128793,0.2863372728750321,-0.33900145122531605
oulad_DDD_2013B,OULAD,P_in_leave_one_cohort_out,18,raw,logistic_regression,1303,0.8425191009569024,0.7177304964539007,0.6672240802675585,0.7566793893129771,0.3291298865069357,1.0,1.6431273644388398,0.18877598025983627,-0.1545505100795027
oulad_DDD_2013B,OULAD,P_out_other_institutions,44,raw,logistic_regression,1303,0.8152659298271643,0.6315136476426799,0.4024144869215292,0.7566793893129771,0.32786885245901637,0.9961685823754789,1.636831857295396,0.27642082804153917,-0.30330075409389834
oulad_DDD_2013J,OULAD,P_in_leave_one_cohort_out,18,raw,logistic_regression,1938,0.8657980923706794,0.7782063645130183,0.7447280799112098,0.7279291106005907,0.34445446348061315,0.9845360824742269,1.7204967789315164,0.1545789070886047,-0.0766233712969196
oulad_DDD_2013J,OULAD,P_out_other_institutions,44,raw,logistic_regression,1938,0.8372521784152254,0.6830078936435396,0.48059904697072836,0.7279291106005907,0.3435527502254283,0.9819587628865979,1.715992860662062,0.24004325442186047,-0.23967339966359924
oulad_DDD_2014B,OULAD,P_in_leave_one_cohort_out,18,raw,logistic_regression,1228,0.8703741383779625,0.7616666666666667,0.7722929936305732,0.7577137076378352,0.32710280373831774,0.9959349593495935,1.6328546463034723,0.15144808540607416,-0.07930587014745505
oulad_DDD_2014B,OULAD,P_out_other_institutions,44,raw,logistic_regression,1228,0.833236242617157,0.6455097906819717,0.46153846153846156,0.7577137076378352,0.32710280373831774,0.9959349593495935,1.6328546463034723,0.25660855019309364,-0.2765047665902858
oulad_DDD_2014J,OULAD,P_in_leave_one_cohort_out,18,raw,logistic_regression,1803,0.8572657834527271,0.7693144722524483,0.7601809954751131,0.718550106609808,0.35212660731948564,0.9861495844875346,1.7586821966676807,0.15369803967126677,-0.03110021214555636
oulad_DDD_2014J,OULAD,P_out_other_institutions,44,raw,logistic_regression,1803,0.8251930781604373,0.6970509383378016,0.5043859649122807,0.718550106609808,0.34520276953511375,0.9667590027700831,1.7241013669579228,0.23621894885351516,-0.2227113557271308
oulad_EEE_2013J,OULAD,P_in_leave_one_cohort_out,18,raw,logistic_regression,1052,0.8684925515313934,0.8150572831423896,0.7437641723356009,0.5926421404682275,0.47404063205417607,1.0,2.3747178329571104,0.1426984831450433,0.08670628713914796
oulad_EEE_2013J,OULAD,P_out_other_institutions,44,raw,logistic_regression,1052,0.8404852717143524,0.8034528552456839,0.5050167224080268,0.5926421404682275,0.4582392776523702,0.9666666666666667,2.29556057185854,0.192875688046507,-0.124175831551882
oulad_EEE_2014B,OULAD,P_in_leave_one_cohort_out,18,raw,logistic_regression,694,0.8776567006624608,0.8264248704663213,0.7824675324675324,0.6537342386032978,0.4124629080118694,1.0,2.059347181008902,0.13533672545428474,0.036257170078547174
oulad_EEE_2014B,OULAD,P_out_other_institutions,44,raw,logistic_regression,694,0.8419902085463266,0.7542372881355932,0.4774774774774775,0.6537342386032978,0.4065281899109792,0.9856115107913669,2.029716286318126,0.21916688616499444,-0.18926659335781254
oulad_EEE_2014J,OULAD,P_in_leave_one_cohort_out,18,raw,logistic_regression,1188,0.8723153369534948,0.8216939078751857,0.7669902912621359,0.5957446808510638,0.47023809523809523,0.9957983193277311,2.347238895558223,0.14469566607454154,0.11093297857838563
oulad_EEE_2014J,OULAD,P_out_other_institutions,44,raw,logistic_regression,1188,0.8537388030260838,0.8153018529587567,0.5604551920341394,0.5957446808510638,0.45634920634920634,0.9663865546218487,2.2779111644657863,0.18716446057119449,-0.11831723857903653
oulad_FFF_2013B,OULAD,P_in_leave_one_cohort_out,18,raw,logistic_regression,1614,0.844154227326382,0.7672502574665293,0.6485225505443235,0.6802943581357318,0.38100961538461536,0.9814241486068112,1.903868480590617,0.1761772454782177,-0.10554808376694047
oulad_FFF_2013B,OULAD,P_out_other_institutions,44,raw,logistic_regression,1614,0.8084454308479244,0.7060964513193813,0.37281553398058254,0.6802943581357318,0.3629807692307692,0.934984520123839,1.8137800666825437,0.2576638725032921,-0.26348242645014885
oulad_FFF_2013J,OULAD,P_in_leave_one_cohort_out,18,raw,logistic_regression,2283,0.8783796872837969,0.8064257028112449,0.7678227360308285,0.6845289541918754,0.3838383838383838,0.9978118161925602,1.9175121013195413,0.1422387365989932,-0.038769950353810145
oulad_FFF_2013J,OULAD,P_out_other_institutions,44,raw,logistic_regression,2283,0.844872622726504,0.7288532263457038,0.48507936507936505,0.6845289541918754,0.3787878787878788,0.9846827133479212,1.8922816789337578,0.23116536103448523,-0.23929866979891573
oulad_FFF_2014B,OULAD,P_in_leave_one_cohort_out,18,raw,logistic_regression,1500,0.8752647826432718,0.7670384138785625,0.7287157287157288,0.7212276214833758,0.34988179669030733,0.9866666666666667,1.749408983451537,0.15778781471390788,-0.08827957891020238
oulad_FFF_2014B,OULAD,P_out_other_institutions,44,raw,logistic_regression,1500,0.8385928383976402,0.6823899371069182,0.44505494505494503,0.7212276214833758,0.3475177304964539,0.98,1.7375886524822697,0.25762337837646276,-0.28471544909279245
oulad_FFF_2014J,OULAD,P_in_leave_one_cohort_out,18,raw,logistic_regression,2365,0.9046191004981293,0.8348884381338743,0.820309050772627,0.6908386382507611,0.3782051282051282,0.9978858350951374,1.891025641025641,0.12143614813893373,-0.013010514803571849
oulad_FFF_2014J,OULAD,P_out_other_institutions,44,raw,logistic_regression,2365,0.8780283009664165,0.7444036084196458,0.5595854922279793,0.6908386382507611,0.3766025641025641,0.9936575052854123,1.8830128205128205,0.21504289323929615,-0.23326835142219166
ku_Accountancy_1819,KU Leuven,P_in_leave_one_cohort_out,5,raw,logistic_regression,752,0.6526523606601732,0.8119935170178282,0.14074074074074075,0.45901639344262296,0.29910714285714285,0.44666666666666666,1.4995238095238095,0.20475256092923141,0.07101237288229811
ku_Accountancy_1819,KU Leuven,P_out_other_institutions,57,raw,logistic_regression,752,0.6200072713744589,0.8099838969404187,0.09923664122137404,0.45901639344262296,0.29464285714285715,0.44,1.4771428571428573,0.20810872134821562,-0.018006869595813435
ku_Globaleconom_1819,KU Leuven,P_in_leave_one_cohort_out,5,raw,logistic_regression,743,0.600691939639308,0.6990291262135923,0.3201754385964912,0.6086142322097378,0.25846153846153846,0.5637583892617449,1.2888384099122354,0.23775903000987106,-0.019056959044363997
ku_Globaleconom_1819,KU Leuven,P_out_other_institutions,57,raw,logistic_regression,743,0.6245049687154951,0.7200720072007201,0.17066666666666666,0.6086142322097378,0.26461538461538464,0.5771812080536913,1.3195250387196698,0.24725388880167895,-0.0967294427013522
ku_Accountancy_1920,KU Leuven,P_in_leave_one_cohort_out,5,raw,logistic_regression,705,0.668918918918919,0.8130921619293713,0.1285140562248996,0.4822389666307858,0.3125,0.49645390070921985,1.5625,0.20419989970846286,0.02815777938577413
ku_Accountancy_1920,KU Leuven,P_out_other_institutions,57,raw,logistic_regression,705,0.6575772200772201,0.8134135855546002,0.1214574898785425,0.4822389666307858,0.34375,0.5460992907801419,1.71875,0.20764163269321684,-0.056671730009646426
ku_Globaleconom_1920,KU Leuven,P_in_leave_one_cohort_out,5,raw,logistic_regression,681,0.6476269251380506,0.8388838883888389,0.2868525896414343,0.3938679245283019,0.32335329341317365,0.39705882352941174,1.6191440648115534,0.19051080789182648,0.11463341362727011
ku_Globaleconom_1920,KU Leuven,P_out_other_institutions,57,raw,logistic_regression,681,0.6242223723758707,0.8527397260273972,0.1134020618556701,0.3938679245283019,0.31137724550898205,0.38235294117647056,1.559175766114829,0.18271927417863976,0.025188178733500682
ku_Accountancy_2021,KU Leuven,P_in_leave_one_cohort_out,5,raw,logistic_regression,723,0.6786562203228871,0.820215410107705,0.09205020920502092,0.46006389776357826,0.33796296296296297,0.503448275862069,1.685153256704981,0.19425944891216523,-0.03100474335747555
ku_Accountancy_2021,KU Leuven,P_out_other_institutions,57,raw,logistic_regression,723,0.6317389875082182,0.820932134096484,0.017937219730941704,0.46006389776357826,0.3287037037037037,0.4896551724137931,1.6389846743295018,0.21739649815668882,-0.12615209081329556
ku_Globaleconom_2021,KU Leuven,P_in_leave_one_cohort_out,5,raw,logistic_regression,335,0.6656085033528321,0.6720647773279352,0.07954545454545454,0.6546184738955823,0.2883435582822086,0.7014925373134329,1.441717791411043,0.28466183918544746,-0.2366137599082168
ku_Globaleconom_2021,KU Leuven,P_out_other_institutions,57,raw,logistic_regression,335,0.6438150948780141,0.676056338028169,0.06936416184971098,0.6546184738955823,0.294478527607362,0.7164179104477612,1.4723926380368098,0.29350622772098306,-0.23475785656586867
ukzn_ISTN101_2019,UKZN,P_in_leave_one_cohort_out,15,raw,logistic_regression,1056,0.6678612385321101,0.9045643153526971,0.0,0.2967741935483871,0.3804347826086957,0.33175355450236965,1.9039769214918605,0.142222727839495,-0.07871536832180058
ukzn_ISTN101_2019,UKZN,P_out_other_institutions,47,raw,logistic_regression,1056,0.6643086856800957,0.8993576017130621,0.22950819672131148,0.2967741935483871,0.3695652173913043,0.3222748815165877,1.8495775808778074,0.17497435326466318,0.19759635170376738
ukzn_ISTN101_2020,UKZN,P_in_leave_one_cohort_out,15,raw,logistic_regression,978,0.7197776850244941,0.9726890756302521,0.0,0.09542356377799414,0.3877551020408163,0.09693877551020408,1.9348188254893794,0.06864947701106568,0.13414687272329548
ukzn_ISTN101_2020,UKZN,P_out_other_institutions,47,raw,logistic_regression,978,0.7109685639594913,0.7104722792607803,0.14545454545454545,0.09542356377799414,0.3673469387755102,0.09183673469387756,1.8329862557267806,0.3053237510396733,0.4864708479866644
ukzn_ISTN101_2021,UKZN,P_in_leave_one_cohort_out,15,raw,logistic_regression,741,0.8487849417052957,0.9556025369978859,0.0,0.15671641791044774,0.6507936507936508,0.27702702702702703,3.2583655083655083,0.07165615456679053,-0.057730535994648766
ukzn_ISTN101_2021,UKZN,P_out_other_institutions,47,raw,logistic_regression,741,0.775951678606546,0.9565217391304348,0.22784810126582278,0.15671641791044774,0.5714285714285714,0.24324324324324326,2.8610038610038613,0.09050344509646809,0.1478120568411705
ukzn_ISTN102_2018,UKZN,P_in_leave_one_cohort_out,15,raw,logistic_regression,257,0.6507158418923125,0.8475336322869955,0.0,0.4184615384615385,0.27941176470588236,0.37254901960784315,1.4080161476355249,0.1894584585250373,-0.05927948004044292
ukzn_ISTN102_2018,UKZN,P_out_other_institutions,47,raw,logistic_regression,257,0.6567071272953626,0.7870619946091644,0.44755244755244755,0.4184615384615385,0.36764705882352944,0.49019607843137253,1.8526528258362167,0.22579234680481985,0.21032303935641217
ukzn_ISTN103_2019,UKZN,P_in_leave_one_cohort_out,15,raw,logistic_regression,1113,0.6420397703977039,0.8442367601246106,0.0,0.4246284501061571,0.28,0.37668161434977576,1.3974887892376682,0.19738181152245513,-0.09263979557370333
ukzn_ISTN103_2019,UKZN,P_out_other_institutions,47,raw,logistic_regression,1113,0.6613960639606395,0.7857573928786964,0.37609841827768015,0.4246284501061571,0.31666666666666665,0.4260089686098655,1.580493273542601,0.2252852479196933,0.19056288007150357
ukzn_ISTN103_2020,UKZN,P_in_leave_one_cohort_out,15,raw,logistic_regression,1082,0.6886336046041095,0.9438750610053684,0.0,0.19214703425229743,0.34782608695652173,0.18518518518518517,1.7423510466988728,0.1103697501717885,0.13441508250078016
ukzn_ISTN103_2020,UKZN,P_out_other_institutions,47,raw,logistic_regression,1082,0.6501731037273504,0.7296620775969962,0.23674911660777384,0.19214703425229743,0.30434782608695654,0.16203703703703703,1.5245571658615136,0.24618536166298247,0.3826468684268705
ukzn_ISTN211_2019,UKZN,P_in_leave_one_cohort_out,15,raw,logistic_regression,280,0.7396652550917523,0.9648798521256932,0.0,0.12709030100334448,0.42105263157894735,0.14285714285714285,2.1052631578947367,0.06569937968119605,0.06783782246590188
ukzn_ISTN211_2019,UKZN,P_out_other_institutions,47,raw,logistic_regression,280,0.7237346239161121,0.9628252788104089,0.09090909090909091,0.12709030100334448,0.42105263157894735,0.14285714285714285,2.1052631578947367,0.14238991306164747,0.28583851457933324
ukzn_ISTN211_2021,UKZN,P_in_leave_one_cohort_out,15,raw,logistic_regression,327,0.7721062618595825,0.9733124018838305,0.0,0.09883720930232558,0.35294117647058826,0.09230769230769231,1.7755656108597286,0.0705005856454416,0.1452584986200517
ukzn_ISTN211_2021,UKZN,P_out_other_institutions,47,raw,logistic_regression,327,0.8256166982922202,0.9168081494057725,0.24615384615384617,0.09883720930232558,0.47058823529411764,0.12307692307692308,2.367420814479638,0.2074617745706305,0.3933323479746938
ukzn_ISTN212_2018,UKZN,P_in_leave_one_cohort_out,15,raw,logistic_regression,238,0.7228795688847235,0.8981481481481481,0.0,0.3120567375886525,0.29545454545454547,0.2708333333333333,1.464962121212121,0.1400037683704002,0.019014779062197035
ukzn_ISTN212_2018,UKZN,P_out_other_institutions,47,raw,logistic_regression,238,0.7744259606373007,0.8781725888324873,0.4146341463414634,0.3120567375886525,0.4318181818181818,0.3958333333333333,2.141098484848485,0.2044386307206321,0.25984048612966815
ukzn_ISTN212_2019,UKZN,P_in_leave_one_cohort_out,15,raw,logistic_regression,264,0.7730587730587731,0.9135802469135802,0.0,0.2745098039215686,0.4523809523809524,0.3584905660377358,2.2533692722371965,0.12344977405334043,0.03409969147595063
ukzn_ISTN212_2019,UKZN,P_out_other_institutions,47,raw,logistic_regression,264,0.7413127413127414,0.8610478359908884,0.3146067415730337,0.2745098039215686,0.35714285714285715,0.2830188679245283,1.778975741239892,0.19895327565305698,0.27906368164682027
ukzn_ISTN2IP_2018,UKZN,P_in_leave_one_cohort_out,15,raw,logistic_regression,99,0.7491891891891891,0.8554913294797688,0.0,0.40322580645161293,0.36,0.45,1.782,0.1747851808074146,-0.050450615633745394
ukzn_ISTN2IP_2018,UKZN,P_out_other_institutions,47,raw,logistic_regression,99,0.6621621621621623,0.703125,0.45714285714285713,0.40322580645161293,0.32,0.4,1.584,0.24457079846191468,0.2413956100047167
ukzn_ISTN2IP_2019,UKZN,P_in_leave_one_cohort_out,15,raw,logistic_regression,116,0.7479707792207793,0.8627450980392157,0.0,0.3888888888888889,0.4642857142857143,0.5652173913043478,2.341614906832298,0.17513910818174439,-0.09605960535415456
ukzn_ISTN2IP_2019,UKZN,P_out_other_institutions,47,raw,logistic_regression,116,0.7439123376623377,0.8712871287128713,0.13333333333333333,0.3888888888888889,0.35714285714285715,0.43478260869565216,1.8012422360248446,0.17816859295426968,0.11871531489182383
ukzn_ISTN3ND_2018,UKZN,P_in_leave_one_cohort_out,15,raw,logistic_regression,144,0.5825771324863884,0.7532467532467533,0.0,0.5671641791044776,0.21052631578947367,0.41379310344827586,1.045372050816697,0.2638619924775121,-0.1790926195008394
ukzn_ISTN3ND_2018,UKZN,P_out_other_institutions,47,raw,logistic_regression,144,0.531760435571688,0.6424870466321243,0.2736842105263158,0.5671641791044776,0.17543859649122806,0.3448275862068966,0.8711433756805809,0.25532751016611843,0.07794031096269849
ukzn_ISTN3ND_2019,UKZN,P_in_leave_one_cohort_out,15,raw,logistic_regression,223,0.5898933468765871,0.8822055137844611,0.0,0.32958801498127344,0.1590909090909091,0.15555555555555556,0.7883838383838384,0.1614599226826387,0.012075492966956813
ukzn_ISTN3ND_2019,UKZN,P_out_other_institutions,47,raw,logistic_regression,223,0.6740731335703402,0.8668407310704961,0.19047619047619047,0.32958801498127344,0.36363636363636365,0.35555555555555557,1.8020202020202023,0.19291884569542253,0.20375052861963291
ukzn_ISTN3SA_2018,UKZN,P_in_leave_one_cohort_out,15,raw,logistic_regression,141,0.6756756756756758,0.8809523809523809,0.0,0.3508771929824561,0.36666666666666664,0.39285714285714285,1.8464285714285713,0.1629448031980435,-0.06768519236717885
ukzn_ISTN3SA_2018,UKZN,P_out_other_institutions,47,raw,logistic_regression,141,0.6522522522522523,0.8477366255144033,0.05128205128205128,0.3508771929824561,0.26666666666666666,0.2857142857142857,1.3428571428571427,0.19177406426848287,0.1680131371162956
ukzn_ISTN3SA_2019,UKZN,P_in_leave_one_cohort_out,15,raw,logistic_regression,195,0.5978823529411765,0.9315068493150684,0.0,0.22727272727272727,0.32,0.20512820512820512,1.6,0.1120326333780165,-0.002978859014100388
ukzn_ISTN3SA_2019,UKZN,P_out_other_institutions,47,raw,logistic_regression,195,0.6075294117647059,0.9287749287749287,0.358974358974359,0.22727272727272727,0.4,0.2564102564102564,2.0,0.16671139366940804,0.24867346813411717
zambia_ICT1110_2020,Zambia,P_in_leave_one_cohort_out,1,raw,logistic_regression,65,0.6301020408163266,0.42424242424242425,0.8041237113402062,0.8596491228070176,0.22448979591836735,0.8461538461538461,1.1224489795918366,0.21245918490285512,-0.13543311142461223
zambia_ICT1110_2020,Zambia,P_out_other_institutions,61,raw,logistic_regression,65,0.5140306122448979,0.3783783783783784,0.17857142857142858,0.8596491228070176,0.22448979591836735,0.8461538461538461,1.1224489795918366,0.3781295641966805,-0.3792738921360421
zambia_ICT1110_2021,Zambia,P_in_leave_one_cohort_out,1,raw,logistic_regression,52,0.5890625,0.09523809523809523,0.7710843373493976,0.761904761904762,0.21875,0.7,1.1375,0.24800774920019006,0.13874380441179213
zambia_ICT1110_2021,Zambia,P_out_other_institutions,61,raw,logistic_regression,52,0.5203125,0.5507246376811594,0.11428571428571428,0.761904761904762,0.15625,0.5,0.8125,0.35080641451259026,-0.3082911148150125
oviedo_C1112_1415,Oviedo,P_in_leave_one_cohort_out,19,raw,logistic_regression,199,0.6413308913308913,0.6639344262295082,0.4675324675324675,0.7035830618892508,0.28703703703703703,0.775,1.4280092592592593,0.24299876868389456,-0.09094605579672721
oviedo_C1112_1415,Oviedo,P_out_other_institutions,43,raw,logistic_regression,199,0.7514245014245015,0.6816479400749064,0.3511450381679389,0.7035830618892508,0.3425925925925926,0.925,1.7043981481481483,0.2593290600146156,-0.2142201061357486
oviedo_C1127_1415,Oviedo,P_in_leave_one_cohort_out,19,raw,logistic_regression,106,0.6314580941446613,0.7741935483870968,0.38596491228070173,0.5379310344827586,0.3076923076923077,0.5714285714285714,1.5531135531135531,0.2230088211929217,0.06455995869655523
oviedo_C1127_1415,Oviedo,P_out_other_institutions,43,raw,logistic_regression,106,0.5683122847301951,0.8121212121212121,0.3404255319148936,0.5379310344827586,0.28205128205128205,0.5238095238095238,1.423687423687424,0.20635647713768346,-0.052339710129197026
oviedo_C1200_1415,Oviedo,P_in_leave_one_cohort_out,19,raw,logistic_regression,107,0.7234738372093024,0.6142857142857143,0.2702702702702703,0.7485380116959064,0.28125,0.8571428571428571,1.4330357142857144,0.2708025618351401,-0.2376117857083357
oviedo_C1200_1415,Oviedo,P_out_other_institutions,43,raw,logistic_regression,107,0.7096656976744187,0.6187050359712231,0.29333333333333333,0.7485380116959064,0.296875,0.9047619047619048,1.5126488095238098,0.2967314346663172,-0.2914588437917007
oviedo_C1303_1415,Oviedo,P_in_leave_one_cohort_out,19,raw,logistic_regression,112,0.47346938775510206,0.47692307692307695,0.2765957446808511,0.7692307692307693,0.15714285714285714,0.5,0.8,0.27347160854052294,-0.17915266783023515
oviedo_C1303_1415,Oviedo,P_out_other_institutions,43,raw,logistic_regression,112,0.5707482993197279,0.5526315789473685,0.05555555555555555,0.7692307692307693,0.24285714285714285,0.7727272727272727,1.2363636363636363,0.3330489083131506,-0.3201317862312822
oviedo_C174_1415,Oviedo,P_in_leave_one_cohort_out,19,raw,logistic_regression,96,0.9633986928104575,0.8717948717948718,0.8,0.6382978723404256,0.4222222222222222,1.0,2.1333333333333333,0.15013240316194673,-0.09848442414499764
oviedo_C174_1415,Oviedo,P_out_other_institutions,43,raw,logistic_regression,96,0.966884531590414,0.8429752066115702,0.7323943661971831,0.6382978723404256,0.4222222222222222,1.0,2.1333333333333333,0.12816869920031324,-0.12051528766539182
oviedo_C190_1415,Oviedo,P_in_leave_one_cohort_out,19,raw,logistic_regression,112,0.44101575056252007,0.6,0.0,0.7052023121387282,0.19672131147540983,0.5454545454545454,1.0014903129657229,0.3252519719819456,-0.2298162759946467
oviedo_C190_1415,Oviedo,P_out_other_institutions,43,raw,logistic_regression,112,0.3699774991963999,0.5548387096774193,0.0,0.7052023121387282,0.13114754098360656,0.36363636363636365,0.6676602086438153,0.35384215227577503,-0.23510161877509023
oviedo_C1978_1415,Oviedo,P_in_leave_one_cohort_out,19,raw,logistic_regression,164,0.6978629329403095,0.8166666666666667,0.5,0.43809523809523815,0.3695652173913043,0.5151515151515151,1.8366271409749668,0.21921858234078892,0.17095104867805672
oviedo_C1978_1415,Oviedo,P_out_other_institutions,43,raw,logistic_regression,164,0.6534635224760502,0.7711864406779662,0.41304347826086957,0.43809523809523815,0.391304347826087,0.5454545454545454,1.944664031620553,0.19636418231213323,0.15313946521849003
oviedo_C2011_1415,Oviedo,P_in_leave_one_cohort_out,19,raw,logistic_regression,120,0.7698445171849427,0.8586956521739131,0.5357142857142857,0.3561643835616438,0.5384615384615384,0.5833333333333334,2.6923076923076925,0.20795721773373163,0.2398891462529048
oviedo_C2011_1415,Oviedo,P_out_other_institutions,43,raw,logistic_regression,120,0.7133797054009818,0.8156424581005587,0.45901639344262296,0.3561643835616438,0.46153846153846156,0.5,2.3076923076923075,0.20493295620651977,0.24413445053751803
oviedo_C2024_1415,Oviedo,P_in_leave_one_cohort_out,19,raw,logistic_regression,327,0.6023076923076924,0.7888446215139442,0.3026315789473684,0.27440633245382584,0.3076923076923077,0.24615384615384617,1.5479289940828402,0.2226863333929454,0.3013364409292498
oviedo_C2024_1415,Oviedo,P_out_other_institutions,43,raw,logistic_regression,327,0.5432167832167833,0.9118136439267887,0.0,0.27440633245382584,0.2692307692307692,0.2153846153846154,1.3544378698224853,0.1513071398920382,0.13208411768308956
oviedo_C2150_1415,Oviedo,P_in_leave_one_cohort_out,19,raw,logistic_regression,106,0.751219512195122,0.7738095238095238,0.13636363636363635,0.5578231292517007,0.43902439024390244,0.8571428571428571,2.2160278745644595,0.2160081721507999,-0.053586092454907475
oviedo_C2150_1415,Oviedo,P_out_other_institutions,43,raw,logistic_regression,106,0.7617260787992496,0.7831325301204819,0.21739130434782608,0.5578231292517007,0.36585365853658536,0.7142857142857143,1.8466898954703832,0.212681861235081,-0.10011914898710161
oviedo_C2271_1415,Oviedo,P_in_leave_one_cohort_out,19,raw,logistic_regression,596,0.6618331148567915,0.7415485278080698,0.13818181818181818,0.5860023724792408,0.29554655870445345,0.6134453781512605,1.4802163780491955,0.22887579405841738,-0.032073093336422276
oviedo_C2271_1415,Oviedo,P_out_other_institutions,43,raw,logistic_regression,596,0.6611022818231385,0.75,0.12121212121212122,0.5860023724792408,0.3117408906882591,0.6470588235294118,1.5613241247916172,0.2440329214926524,-0.12602208827132588
oviedo_C2335_1415,Oviedo,P_in_leave_one_cohort_out,19,raw,logistic_regression,428,0.5285732133933033,0.2727272727272727,0.7484276729559748,0.807799442896936,0.18620689655172415,0.627906976744186,0.9267040898155573,0.23999621978321212,-0.1427451030603467
oviedo_C2335_1415,Oviedo,P_out_other_institutions,43,raw,logistic_regression,428,0.5372438780609694,0.26732673267326734,0.7737003058103975,0.807799442896936,0.21379310344827587,0.7209302325581395,1.0639935846030473,0.27939886543653797,0.14489817438917707
oviedo_C2406_1415,Oviedo,P_in_leave_one_cohort_out,19,raw,logistic_regression,133,0.5706024096385542,0.5380116959064327,0.16842105263157894,0.7685185185185186,0.24096385542168675,0.7407407407407407,1.186970102632753,0.2975594178478567,-0.2539317422204276
oviedo_C2406_1415,Oviedo,P_out_other_institutions,43,raw,logistic_regression,133,0.6966265060240963,0.5465116279069767,0.1702127659574468,0.7685185185185186,0.24096385542168675,0.7407407407407407,1.186970102632753,0.33117198973627604,-0.3255584826764567
oviedo_C2468_1415,Oviedo,P_in_leave_one_cohort_out,19,raw,logistic_regression,82,0.5764425936942297,0.64,0.4375,0.6666666666666666,0.24390243902439024,0.625,1.25,0.25764417986327665,-0.03929941141749549
oviedo_C2468_1415,Oviedo,P_out_other_institutions,43,raw,logistic_regression,82,0.6055919095776323,0.7068965517241379,0.2916666666666667,0.6666666666666666,0.3170731707317073,0.8125,1.625,0.2644737086354849,-0.18106493527719986
oviedo_C2607_1415,Oviedo,P_in_leave_one_cohort_out,19,raw,logistic_regression,277,0.4779411764705882,0.20689655172413793,0.7188264058679706,0.8482328482328483,0.19117647058823528,0.7090909090909091,0.9628342245989304,0.23832806722226896,-0.2023127459574715
oviedo_C2607_1415,Oviedo,P_out_other_institutions,43,raw,logistic_regression,277,0.4719648133225893,0.10204081632653061,0.8070175438596491,0.8482328482328483,0.19117647058823528,0.7090909090909091,0.9628342245989304,0.2511290276626861,0.08490142286821722
oviedo_C3022_1415,Oviedo,P_in_leave_one_cohort_out,19,raw,logistic_regression,238,0.5808823529411765,0.23232323232323232,0.45323741007194246,0.4444444444444445,0.25,0.3541666666666667,1.2395833333333335,0.2853534836003972,0.289444340405951
oviedo_C3022_1415,Oviedo,P_out_other_institutions,43,raw,logistic_regression,238,0.5848615916955018,0.39819004524886875,0.47843137254901963,0.4444444444444445,0.25,0.3541666666666667,1.2395833333333335,0.4165210581801596,0.4308463451368739
oviedo_C3029_1415,Oviedo,P_in_leave_one_cohort_out,19,raw,logistic_regression,231,0.49499151103565364,0.4918032786885246,0.43119266055045874,0.49511400651465803,0.13157894736842105,0.21739130434782608,0.6607551487414187,0.26330682662461424,0.1846913484765727
oviedo_C3029_1415,Oviedo,P_out_other_institutions,43,raw,logistic_regression,231,0.4808149405772496,0.4827586206896552,0.4782608695652174,0.49511400651465803,0.14473684210526316,0.2391304347826087,0.7268306636155606,0.39638940142756657,0.3294441297643171
oviedo_C4189_1415,Oviedo,P_in_leave_one_cohort_out,19,raw,logistic_regression,128,0.5216911764705883,0.0,0.6382978723404256,0.6382978723404256,0.2833333333333333,0.6538461538461539,1.3948717948717948,0.285631789623887,0.19175062809531096
oviedo_C4189_1415,Oviedo,P_out_other_institutions,43,raw,logistic_regression,128,0.48811274509803926,0.0,0.6382978723404256,0.6382978723404256,0.25,0.5769230769230769,1.2307692307692306,0.5244319858449947,0.5247588718213199
oviedo_C4213_1415,Oviedo,P_in_leave_one_cohort_out,19,raw,logistic_regression,140,0.7279765641347562,0.7441860465116279,0.15384615384615385,0.592964824120603,0.3728813559322034,0.7857142857142857,1.8644067796610169,0.23624056556060133,-0.16223636644684236
oviedo_C4213_1415,Oviedo,P_out_other_institutions,43,raw,logistic_regression,140,0.7147938899351328,0.7605633802816901,0.23880597014925373,0.592964824120603,0.3728813559322034,0.7857142857142857,1.8644067796610169,0.23701683593384756,-0.17153828781614636
oviedo_C836_1415,Oviedo,P_in_leave_one_cohort_out,19,raw,logistic_regression,87,0.5560253699788583,0.660377358490566,0.47058823529411764,0.6717557251908397,0.2727272727272727,0.7058823529411765,1.3957219251336899,0.2543093072686313,-0.0524544905360943
oviedo_C836_1415,Oviedo,P_out_other_institutions,43,raw,logistic_regression,87,0.5391120507399577,0.5454545454545454,0.4,0.6717557251908397,0.20454545454545456,0.5294117647058824,1.0467914438502672,0.2743093337544256,-0.05885767403827813
oulad_AAA_2013J,OULAD,P_in_leave_one_cohort_out,18,raw,random_forest,383,0.7602774922918808,0.8119180633147114,0.5589519650655022,0.430327868852459,0.4666666666666667,0.6363636363636364,2.3212121212121213,0.18617060409231112,0.14763954075124425
oulad_AAA_2013J,OULAD,P_out_other_institutions,44,raw,random_forest,383,0.5478931140801644,0.8429237947122862,0.17886178861788618,0.430327868852459,0.2857142857142857,0.38961038961038963,1.4211502782931356,0.20176414920768268,0.045513409541981686
oulad_AAA_2014J,OULAD,P_in_leave_one_cohort_out,18,raw,random_forest,365,0.7761504799548278,0.7645788336933045,0.5917602996254682,0.469601677148847,0.44642857142857145,0.684931506849315,2.2321428571428568,0.1978721569336516,0.16224138465728993
oulad_AAA_2014J,OULAD,P_out_other_institutions,44,raw,random_forest,365,0.5639822134387352,0.8426395939086294,0.33093525179856115,0.469601677148847,0.3392857142857143,0.5205479452054794,1.6964285714285712,0.20497271755643667,0.016367226220598552
oulad_BBB_2013B,OULAD,P_in_leave_one_cohort_out,18,raw,random_forest,1767,0.8558427163696305,0.7758716104039846,0.7654892877822814,0.7059685097034054,0.3620331950207469,0.9886685552407932,1.8122171546789227,0.15056571379155506,-0.02343347244601457
oulad_BBB_2013B,OULAD,P_out_other_institutions,44,raw,random_forest,1767,0.7643716767516006,0.7316845543630425,0.586628324946082,0.7059685097034054,0.3599585062240664,0.9830028328611898,1.8018319560847742,0.22413420487471317,-0.19114601365046802
oulad_BBB_2013J,OULAD,P_in_leave_one_cohort_out,18,raw,random_forest,2237,0.864380084555762,0.7436281859070465,0.7925596441568945,0.684891240446796,0.3776824034334764,0.9843400447427293,1.8901018713214468,0.1593872039465464,0.09740624434367662
oulad_BBB_2013J,OULAD,P_out_other_institutions,44,raw,random_forest,2237,0.7696155755556979,0.7703477264042797,0.6763597199784599,0.684891240446796,0.3725321888412017,0.970917225950783,1.8643277548943362,0.20732353983222934,-0.12863170870709623
oulad_BBB_2014B,OULAD,P_in_leave_one_cohort_out,18,raw,random_forest,1613,0.8584996320572811,0.7108167770419426,0.7895018746652384,0.7090836334533814,0.36455981941309257,1.0,1.8205417607223477,0.15563331386734322,0.07483123964783145
oulad_BBB_2014B,OULAD,P_out_other_institutions,44,raw,random_forest,1613,0.740096596607475,0.6528497409326425,0.3318223028105168,0.7090836334533814,0.2742663656884876,0.7523219814241486,1.3696335846920449,0.25736124368017543,-0.21079561080114018
oulad_BBB_2014J,OULAD,P_in_leave_one_cohort_out,18,raw,random_forest,2292,0.8597580104775828,0.6762295081967213,0.7598784194528876,0.6643356643356644,0.39035087719298245,0.9716157205240175,1.9534589749482876,0.18149010027859755,0.16280370734908434
oulad_BBB_2014J,OULAD,P_out_other_institutions,44,raw,random_forest,2292,0.7665604440789474,0.7760758570386579,0.6666666666666666,0.6643356643356644,0.3824561403508772,0.9519650655021834,1.9139508159043896,0.20418530365461535,-0.1087433490203798
oulad_CCC_2014B,OULAD,P_in_leave_one_cohort_out,18,raw,random_forest,1936,0.8764098061727561,0.7383059418457648,0.8192139737991266,0.7933935805546899,0.3040062843676355,1.0,1.5208169677926158,0.13646504961284125,-0.046440595594305134
oulad_CCC_2014B,OULAD,P_out_other_institutions,44,raw,random_forest,1936,0.6907081643461663,0.6071757129714811,0.49705535924617195,0.7933935805546899,0.3040062843676355,1.0,1.5208169677926158,0.30540398247155714,-0.33000764387687775
oulad_CCC_2014J,OULAD,P_in_leave_one_cohort_out,18,raw,random_forest,2498,0.8463678670249694,0.703862660944206,0.7857882028285615,0.7450389349409695,0.33580579905596764,0.996,1.6776857720836145,0.15323468534790627,0.006571315770834696
oulad_CCC_2014J,OULAD,P_out_other_institutions,44,raw,random_forest,2498,0.6639786214204332,0.6518615284128021,0.44881075491209926,0.7450389349409695,0.3196223870532704,0.948,1.596833445718139,0.29584358596553006,-0.28303765664539704
oulad_DDD_2013B,OULAD,P_in_leave_one_cohort_out,18,raw,random_forest,1303,0.8281655663526444,0.7326880119136262,0.7157561361836896,0.7566793893129771,0.3291298865069357,1.0,1.6431273644388398,0.1837434814816336,-0.13779386671837235
oulad_DDD_2013B,OULAD,P_out_other_institutions,44,raw,random_forest,1303,0.6381808965704819,0.631578947368421,0.39959636730575177,0.7566793893129771,0.3114754098360656,0.946360153256705,1.5549902644306262,0.29043852477198545,-0.2768147954838296
oulad_DDD_2013J,OULAD,P_in_leave_one_cohort_out,18,raw,random_forest,1938,0.8520912894934635,0.7658067779463834,0.756187467087941,0.7279291106005907,0.345356176735798,0.9871134020618557,1.7250006972009706,0.15532150773353506,-0.062314748880434534
oulad_DDD_2013J,OULAD,P_out_other_institutions,44,raw,random_forest,1938,0.6650874901154171,0.6864548494983278,0.4946091644204852,0.7279291106005907,0.33994589720468893,0.9716494845360825,1.697977187584245,0.2606764474694455,-0.21718170361334516
oulad_DDD_2014B,OULAD,P_in_leave_one_cohort_out,18,raw,random_forest,1228,0.8574020754185817,0.7576301615798923,0.7988077496274217,0.7577137076378352,0.32710280373831774,0.9959349593495935,1.6328546463034723,0.15101000556029817,-0.051926627272958714
oulad_DDD_2014B,OULAD,P_out_other_institutions,44,raw,random_forest,1228,0.652614063009552,0.6493860845839018,0.4808080808080808,0.7577137076378352,0.32443257676902537,0.9878048780487805,1.6195252206193622,0.27261470618161426,-0.24780221486809623
oulad_DDD_2014J,OULAD,P_in_leave_one_cohort_out,18,raw,random_forest,1803,0.8482993885441957,0.7587006960556845,0.7789585547290117,0.718550106609808,0.35311572700296734,0.9889196675900277,1.763622315197646,0.15509621814283395,-0.009456310310612781
oulad_DDD_2014J,OULAD,P_out_other_institutions,44,raw,random_forest,1803,0.6771560810878318,0.69702434625789,0.515850144092219,0.718550106609808,0.34124629080118696,0.9556786703601108,1.7043408928380612,0.2532858296477658,-0.20474862091831775
oulad_EEE_2013J,OULAD,P_in_leave_one_cohort_out,18,raw,random_forest,1052,0.8597671496402718,0.8296529968454258,0.7416267942583732,0.5926421404682275,0.47404063205417607,1.0,2.3747178329571104,0.14079838076177584,0.062393213801535674
oulad_EEE_2013J,OULAD,P_out_other_institutions,44,raw,random_forest,1052,0.6336406127797114,0.8045363575717145,0.515702479338843,0.5926421404682275,0.4108352144469526,0.8666666666666667,2.058088788562829,0.21963739194993828,-0.0673580438574648
oulad_EEE_2014B,OULAD,P_in_leave_one_cohort_out,18,raw,random_forest,694,0.8615398681727884,0.8058124174372523,0.7670364500792393,0.6537342386032978,0.4124629080118694,1.0,2.059347181008902,0.14295737833236505,0.03898673387653201
oulad_EEE_2014B,OULAD,P_out_other_institutions,44,raw,random_forest,694,0.6358044701560148,0.7623126338329764,0.5110132158590308,0.6537342386032978,0.3887240356083086,0.9424460431654677,1.9408236022457999,0.23882707548271098,-0.14040924490510553
oulad_EEE_2014J,OULAD,P_in_leave_one_cohort_out,18,raw,random_forest,1188,0.8699831175160123,0.815418828762046,0.7575462512171373,0.5957446808510638,0.4662698412698413,0.9873949579831933,2.3274309723889557,0.14148963795395172,0.09517706895771
oulad_EEE_2014J,OULAD,P_out_other_institutions,44,raw,random_forest,1188,0.6376256033602524,0.8024024024024023,0.5372714486638537,0.5957446808510638,0.4166666666666667,0.8823529411764706,2.079831932773109,0.2230330040696422,-0.0643317640930452
oulad_FFF_2013B,OULAD,P_in_leave_one_cohort_out,18,raw,random_forest,1614,0.831970539051741,0.7828447339847991,0.7113997113997114,0.6802943581357318,0.3786057692307692,0.9752321981424149,1.8918566920695405,0.17072080254245992,-0.08526788591109319
oulad_FFF_2013B,OULAD,P_out_other_institutions,44,raw,random_forest,1614,0.6195221817824121,0.7045045045045045,0.3492063492063492,0.6802943581357318,0.30528846153846156,0.7863777089783281,1.5254971421767087,0.2638059373849992,-0.18836835404473568
oulad_FFF_2013J,OULAD,P_in_leave_one_cohort_out,18,raw,random_forest,2283,0.8624002582906694,0.7996702390766695,0.7728971962616823,0.6845289541918754,0.382996632996633,0.9956236323851203,1.9133070309219107,0.14808387345721968,-0.031220382757290277
oulad_FFF_2013J,OULAD,P_out_other_institutions,44,raw,random_forest,2283,0.6285956982304014,0.7194719471947195,0.4466145833333333,0.6845289541918754,0.3501683501683502,0.9102844638949672,1.7493092854143184,0.2556396782893907,-0.17206591783726305
oulad_FFF_2014B,OULAD,P_in_leave_one_cohort_out,18,raw,random_forest,1500,0.8527302434192928,0.7697283311772316,0.7551581843191196,0.7212276214833758,0.34988179669030733,0.9866666666666667,1.749408983451537,0.15844008009513064,-0.07029158353152631
oulad_FFF_2014B,OULAD,P_out_other_institutions,44,raw,random_forest,1500,0.6252955082742316,0.6770996348461137,0.42843951985226225,0.7212276214833758,0.31560283687943264,0.89,1.5780141843971633,0.26927419963300236,-0.2147127686465941
oulad_FFF_2014J,OULAD,P_in_leave_one_cohort_out,18,raw,random_forest,2365,0.8967619453435255,0.8310090237899918,0.8202443280977313,0.6908386382507611,0.3782051282051282,0.9978858350951374,1.891025641025641,0.12456464166129452,-0.009618104244507819
oulad_FFF_2014J,OULAD,P_out_other_institutions,44,raw,random_forest,2365,0.6483831605950003,0.7338177014531043,0.5264394829612221,0.6908386382507611,0.3733974358974359,0.985200845665962,1.8669871794871795,0.24471871334876893,-0.16017477148045817
ku_Accountancy_1819,KU Leuven,P_in_leave_one_cohort_out,5,raw,random_forest,752,0.5981255073051948,0.7735004476275739,0.3462532299741602,0.45901639344262296,0.27232142857142855,0.4066666666666667,1.3652380952380954,0.21316105583571093,0.07761857490574176
ku_Accountancy_1819,KU Leuven,P_out_other_institutions,57,raw,random_forest,752,0.5873537270021645,0.8113050706566916,0.24584717607973422,0.45901639344262296,0.27232142857142855,0.4066666666666667,1.3652380952380954,0.20569535792449942,0.03638334493525869
ku_Globaleconom_1819,KU Leuven,P_in_leave_one_cohort_out,5,raw,random_forest,743,0.5677364740522635,0.5642317380352645,0.5,0.6086142322097378,0.26153846153846155,0.5704697986577181,1.3041817243159524,0.2537791917707767,0.062244095955949263
ku_Globaleconom_1819,KU Leuven,P_out_other_institutions,57,raw,random_forest,743,0.5802944423997056,0.6818181818181818,0.3206751054852321,0.6086142322097378,0.23384615384615384,0.5100671140939598,1.1660918946824987,0.2601418008417723,-0.09046437945814251
ku_Accountancy_1920,KU Leuven,P_in_leave_one_cohort_out,5,raw,random_forest,705,0.6126095188595189,0.8,0.2903225806451613,0.4822389666307858,0.28125,0.44680851063829785,1.4062499999999998,0.211673776559049,0.009216447706039355
ku_Accountancy_1920,KU Leuven,P_out_other_institutions,57,raw,random_forest,705,0.57746138996139,0.8007149240393209,0.23367697594501718,0.4822389666307858,0.2767857142857143,0.4397163120567376,1.3839285714285714,0.21339138690543472,0.011217788550084928
ku_Globaleconom_1920,KU Leuven,P_in_leave_one_cohort_out,5,raw,random_forest,681,0.6095319089447564,0.7371727748691099,0.3832923832923833,0.3938679245283019,0.2754491017964072,0.3382352941176471,1.3792708700246568,0.22841054802797067,0.19906531444906864
ku_Globaleconom_1920,KU Leuven,P_out_other_institutions,57,raw,random_forest,681,0.5676390409841796,0.8254545454545454,0.26717557251908397,0.3938679245283019,0.2874251497005988,0.35294117647058826,1.439239168721381,0.20265389428953837,0.12852959456655685
ku_Accountancy_2021,KU Leuven,P_in_leave_one_cohort_out,5,raw,random_forest,723,0.5915424793629922,0.8290668868703551,0.11914893617021277,0.46006389776357826,0.3101851851851852,0.46206896551724136,1.5466475095785441,0.20725396917215475,-0.07872500623988576
ku_Accountancy_2021,KU Leuven,P_out_other_institutions,57,raw,random_forest,723,0.539292497625831,0.8248772504091653,0.044642857142857144,0.46006389776357826,0.26851851851851855,0.4,1.338888888888889,0.2079915224635702,-0.008858920502096135
ku_Globaleconom_2021,KU Leuven,P_in_leave_one_cohort_out,5,raw,random_forest,335,0.649522043087459,0.6821052631578948,0.22564102564102564,0.6546184738955823,0.2883435582822086,0.7014925373134329,1.441717791411043,0.29539053578360375,-0.24215001010940426
ku_Globaleconom_2021,KU Leuven,P_out_other_institutions,57,raw,random_forest,335,0.5335283207304893,0.6860706860706861,0.20105820105820105,0.6546184738955823,0.2085889570552147,0.5074626865671642,1.0429447852760738,0.27307898829016775,-0.1465871339352851
ukzn_ISTN101_2019,UKZN,P_in_leave_one_cohort_out,15,raw,random_forest,1056,0.6220800508575988,0.9042663891779397,0.031578947368421054,0.2967741935483871,0.3695652173913043,0.3222748815165877,1.8495775808778074,0.1485791537721698,-0.1010335814132171
ukzn_ISTN101_2019,UKZN,P_out_other_institutions,47,raw,random_forest,1056,0.5224434084563223,0.7227979274611399,0.24647887323943662,0.2967741935483871,0.23369565217391305,0.2037914691943128,1.169585823202143,0.23739427225340787,0.28692874768819954
ukzn_ISTN101_2020,UKZN,P_in_leave_one_cohort_out,15,raw,random_forest,978,0.6687243250367962,0.953862660944206,0.06521739130434782,0.09542356377799414,0.32653061224489793,0.08163265306122448,1.6293211162015826,0.10545025471882508,0.21667390018449087
ukzn_ISTN101_2020,UKZN,P_out_other_institutions,47,raw,random_forest,978,0.6629687397025548,0.573820395738204,0.1277258566978193,0.09542356377799414,0.3877551020408163,0.09693877551020408,1.9348188254893794,0.3597900928190946,0.533575391169006
ukzn_ISTN101_2021,UKZN,P_in_leave_one_cohort_out,15,raw,random_forest,741,0.628131291848106,0.9556025369978859,0.0,0.15671641791044774,0.31746031746031744,0.13513513513513514,1.5894465894465897,0.07691671461641518,0.009043482290290977
ukzn_ISTN101_2021,UKZN,P_out_other_institutions,47,raw,random_forest,741,0.6052114060963619,0.945906432748538,0.3508771929824561,0.15671641791044774,0.3968253968253968,0.16891891891891891,1.9868082368082367,0.16939626829077675,0.30430000470913976
ukzn_ISTN102_2018,UKZN,P_in_leave_one_cohort_out,15,raw,random_forest,257,0.5873793962029256,0.8205128205128205,0.09411764705882353,0.4184615384615385,0.23529411764705882,0.3137254901960784,1.1856978085351788,0.20505069118612235,-0.04000162654901496
ukzn_ISTN102_2018,UKZN,P_out_other_institutions,47,raw,random_forest,257,0.6173358232181761,0.6687306501547987,0.4397905759162304,0.4184615384615385,0.2647058823529412,0.35294117647058826,1.3339100346020762,0.2500257638096432,0.2352431220652913
ukzn_ISTN103_2019,UKZN,P_in_leave_one_cohort_out,15,raw,random_forest,1113,0.6121340713407134,0.838165524512388,0.0668693009118541,0.4246284501061571,0.25333333333333335,0.34080717488789236,1.2643946188340807,0.19996757273704807,-0.06096683369238001
ukzn_ISTN103_2019,UKZN,P_out_other_institutions,47,raw,random_forest,1113,0.6294034440344404,0.6448736998514116,0.45681818181818185,0.4246284501061571,0.31333333333333335,0.42152466367713004,1.5638565022421527,0.25368357636112027,0.24096142213934185
ukzn_ISTN103_2020,UKZN,P_in_leave_one_cohort_out,15,raw,random_forest,1082,0.662519670878108,0.9045174537987679,0.1388888888888889,0.19214703425229743,0.28695652173913044,0.1527777777777778,1.4374396135265701,0.1331169169722501,0.16441924218309595
ukzn_ISTN103_2020,UKZN,P_out_other_institutions,47,raw,random_forest,1082,0.6220628568859313,0.7151898734177216,0.22945205479452055,0.19214703425229743,0.2608695652173913,0.1388888888888889,1.3067632850241546,0.24427606168631505,0.36818246930391046
ukzn_ISTN211_2019,UKZN,P_in_leave_one_cohort_out,15,raw,random_forest,280,0.6567856422665861,0.9647495361781077,0.09523809523809523,0.12709030100334448,0.3157894736842105,0.10714285714285714,1.5789473684210527,0.07178696157215898,0.07277589539536457
ukzn_ISTN211_2019,UKZN,P_out_other_institutions,47,raw,random_forest,280,0.4238757814075419,0.8026030368763557,0.08080808080808081,0.12709030100334448,0.15789473684210525,0.05357142857142857,0.7894736842105263,0.21644199680512544,0.36668821548794256
ukzn_ISTN211_2021,UKZN,P_in_leave_one_cohort_out,15,raw,random_forest,327,0.6759013282732449,0.9282136894824707,0.21818181818181817,0.09883720930232558,0.47058823529411764,0.12307692307692308,2.367420814479638,0.09617477169637549,0.16463647862163672
ukzn_ISTN211_2021,UKZN,P_out_other_institutions,47,raw,random_forest,327,0.7062618595825427,0.8274582560296846,0.19130434782608696,0.09883720930232558,0.5294117647058824,0.13846153846153847,2.663348416289593,0.20856943591648502,0.38368901664808597
ukzn_ISTN212_2018,UKZN,P_in_leave_one_cohort_out,15,raw,random_forest,238,0.6421626054358013,0.892018779342723,0.08,0.3120567375886525,0.29545454545454547,0.2708333333333333,1.464962121212121,0.14976954600211195,0.039159456923425706
ukzn_ISTN212_2018,UKZN,P_out_other_institutions,47,raw,random_forest,238,0.6612582005623243,0.7522388059701492,0.41134751773049644,0.3120567375886525,0.29545454545454547,0.2708333333333333,1.464962121212121,0.22928249817480023,0.28787888275994306
ukzn_ISTN212_2019,UKZN,P_in_leave_one_cohort_out,15,raw,random_forest,264,0.7480694980694981,0.9045643153526971,0.0,0.2745098039215686,0.5,0.39622641509433965,2.4905660377358494,0.12314447946439983,0.05088361468437666
ukzn_ISTN212_2019,UKZN,P_out_other_institutions,47,raw,random_forest,264,0.6305233805233805,0.7461139896373057,0.30985915492957744,0.2745098039215686,0.38095238095238093,0.3018867924528302,1.8975741239892183,0.232658293677681,0.31307566758529926
ukzn_ISTN2IP_2018,UKZN,P_in_leave_one_cohort_out,15,raw,random_forest,99,0.6724324324324324,0.8402366863905325,0.06896551724137931,0.40322580645161293,0.2,0.25,0.99,0.17838780308961152,0.004706397256157568
ukzn_ISTN2IP_2018,UKZN,P_out_other_institutions,47,raw,random_forest,99,0.6054054054054054,0.5046728971962616,0.4175824175824176,0.40322580645161293,0.28,0.35,1.386,0.27858375467209917,0.2994452620444041
ukzn_ISTN2IP_2019,UKZN,P_in_leave_one_cohort_out,15,raw,random_forest,116,0.5949675324675325,0.8627450980392157,0.0,0.3888888888888889,0.25,0.30434782608695654,1.2608695652173914,0.18968667220169066,-0.0971729788472335
ukzn_ISTN2IP_2019,UKZN,P_out_other_institutions,47,raw,random_forest,116,0.5661525974025974,0.7261904761904762,0.28125,0.3888888888888889,0.25,0.30434782608695654,1.2608695652173914,0.22254700293517943,0.20763849329785658
ukzn_ISTN3ND_2018,UKZN,P_in_leave_one_cohort_out,15,raw,random_forest,144,0.5607985480943738,0.7433628318584071,0.06451612903225806,0.5671641791044776,0.24561403508771928,0.4827586206896552,1.2196007259528132,0.2683551495052591,-0.15168968107309072
ukzn_ISTN3ND_2018,UKZN,P_out_other_institutions,47,raw,random_forest,144,0.45533373664045174,0.5185185185185185,0.38095238095238093,0.5671641791044776,0.19298245614035087,0.3793103448275862,0.9582577132486388,0.28236641598729645,0.11564639997663045
ukzn_ISTN3ND_2019,UKZN,P_in_leave_one_cohort_out,15,raw,random_forest,223,0.473336719146775,0.8905472636815921,0.0,0.32958801498127344,0.36363636363636365,0.35555555555555557,1.8020202020202023,0.1760263091509437,0.10121104603903339
ukzn_ISTN3ND_2019,UKZN,P_out_other_institutions,47,raw,random_forest,223,0.4715591670898933,0.8668407310704961,0.19047619047619047,0.32958801498127344,0.25,0.24444444444444444,1.238888888888889,0.19595239331270473,0.16593513474923996
ukzn_ISTN3SA_2018,UKZN,P_in_leave_one_cohort_out,15,raw,random_forest,141,0.5693693693693693,0.8764940239043825,0.0,0.3508771929824561,0.2,0.21428571428571427,1.0071428571428571,0.17931931842554344,-0.06787147649229366
ukzn_ISTN3SA_2018,UKZN,P_out_other_institutions,47,raw,random_forest,141,0.47447447447447444,0.714975845410628,0.21333333333333335,0.3508771929824561,0.13333333333333333,0.14285714285714285,0.6714285714285714,0.24119206503969062,0.2337678513441098
ukzn_ISTN3SA_2019,UKZN,P_in_leave_one_cohort_out,15,raw,random_forest,195,0.5150588235294118,0.9285714285714286,0.0,0.22727272727272727,0.16,0.10256410256410256,0.8,0.12078837145598395,-0.005808937221443614
ukzn_ISTN3SA_2019,UKZN,P_out_other_institutions,47,raw,random_forest,195,0.4983529411764706,0.7516778523489933,0.1956521739130435,0.22727272727272727,0.2,0.1282051282051282,1.0,0.23586003586119367,0.3269518761141184
zambia_ICT1110_2020,Zambia,P_in_leave_one_cohort_out,1,raw,random_forest,65,0.4285714285714286,0.07407407407407407,0.7572815533980582,0.8596491228070176,0.20408163265306123,0.7692307692307693,1.0204081632653061,0.2273085260678646,-0.1181546398046398
zambia_ICT1110_2020,Zambia,P_out_other_institutions,61,raw,random_forest,65,0.47066326530612246,0.3888888888888889,0.2413793103448276,0.8596491228070176,0.20408163265306123,0.7692307692307693,1.0204081632653061,0.39753532518051143,-0.4323563555673594
zambia_ICT1110_2021,Zambia,P_in_leave_one_cohort_out,1,raw,random_forest,52,0.5234375,0.08695652173913043,0.7407407407407407,0.761904761904762,0.21875,0.7,1.1375,0.26878858238601405,0.12451628979994356
zambia_ICT1110_2021,Zambia,P_out_other_institutions,61,raw,random_forest,52,0.6078125,0.5507246376811594,0.11428571428571428,0.761904761904762,0.21875,0.7,1.1375,0.38875079997407247,-0.3655268382028205
oviedo_C1112_1415,Oviedo,P_in_leave_one_cohort_out,19,raw,random_forest,199,0.6756206756206756,0.6926070038910506,0.4397163120567376,0.7035830618892508,0.3148148148148148,0.85,1.5662037037037035,0.2412189617320266,-0.15428282760519985
oviedo_C1112_1415,Oviedo,P_out_other_institutions,43,raw,random_forest,199,0.6746031746031746,0.6691176470588235,0.2857142857142857,0.7035830618892508,0.3148148148148148,0.85,1.5662037037037035,0.2997123785553049,-0.28606054023409827
oviedo_C1127_1415,Oviedo,P_in_leave_one_cohort_out,19,raw,random_forest,106,0.5143513203214696,0.6666666666666666,0.24615384615384617,0.5379310344827586,0.20512820512820512,0.38095238095238093,1.0354090354090355,0.23783098620473456,0.054417794028110755
oviedo_C1127_1415,Oviedo,P_out_other_institutions,43,raw,random_forest,106,0.5331037122081899,0.8121212121212121,0.3404255319148936,0.5379310344827586,0.28205128205128205,0.5238095238095238,1.423687423687424,0.23979914889227336,-0.1336458502885643
oviedo_C1200_1415,Oviedo,P_in_leave_one_cohort_out,19,raw,random_forest,107,0.6348110465116279,0.6386554621848739,0.5473684210526316,0.7485380116959064,0.296875,0.9047619047619048,1.5126488095238098,0.26756770615394,-0.20548783290398492
oviedo_C1200_1415,Oviedo,P_out_other_institutions,43,raw,random_forest,107,0.6613372093023255,0.60431654676259,0.26666666666666666,0.7485380116959064,0.265625,0.8095238095238095,1.353422619047619,0.31346439179072144,-0.30368536597592094
oviedo_C1303_1415,Oviedo,P_in_leave_one_cohort_out,19,raw,random_forest,112,0.5914965986394558,0.4489795918367347,0.5714285714285714,0.7692307692307693,0.22857142857142856,0.7272727272727273,1.1636363636363636,0.24640325487342743,-0.12707177791088764
oviedo_C1303_1415,Oviedo,P_out_other_institutions,43,raw,random_forest,112,0.5680272108843537,0.5531914893617021,0.24096385542168675,0.7692307692307693,0.24285714285714285,0.7727272727272727,1.2363636363636363,0.32975923548471137,-0.29482422021580995
oviedo_C174_1415,Oviedo,P_in_leave_one_cohort_out,19,raw,random_forest,96,0.8579520697167755,0.8070175438596491,0.717948717948718,0.6382978723404256,0.37777777777777777,0.8947368421052632,1.9087719298245613,0.18123756693486115,-0.037622871851090645
oviedo_C174_1415,Oviedo,P_out_other_institutions,43,raw,random_forest,96,0.889760348583878,0.8095238095238095,0.6363636363636364,0.6382978723404256,0.4222222222222222,1.0,2.1333333333333333,0.164993284007292,-0.09032524799608771
oviedo_C190_1415,Oviedo,P_in_leave_one_cohort_out,19,raw,random_forest,112,0.40919318547090966,0.484375,0.3125,0.7052023121387282,0.11475409836065574,0.3181818181818182,0.5842026825633383,0.3184439804218719,-0.13538784924041886
oviedo_C190_1415,Oviedo,P_out_other_institutions,43,raw,random_forest,112,0.41208614593378334,0.6025641025641025,0.08823529411764706,0.7052023121387282,0.16393442622950818,0.45454545454545453,0.8345752608047691,0.3297305299033412,-0.22060939027300275
oviedo_C1978_1415,Oviedo,P_in_leave_one_cohort_out,19,raw,random_forest,164,0.652542372881356,0.6792452830188679,0.41379310344827586,0.43809523809523815,0.32608695652173914,0.45454545454545453,1.6205533596837942,0.22709862937974704,0.19168508824519526
oviedo_C1978_1415,Oviedo,P_out_other_institutions,43,raw,random_forest,164,0.6046425939572587,0.8047808764940239,0.36363636363636365,0.43809523809523815,0.32608695652173914,0.45454545454545453,1.6205533596837942,0.20187438709677089,0.12341534125314246
oviedo_C2011_1415,Oviedo,P_in_leave_one_cohort_out,19,raw,random_forest,120,0.6270458265139116,0.7218934911242604,0.3380281690140845,0.3561643835616438,0.3076923076923077,0.3333333333333333,1.5384615384615383,0.22101427153730935,0.24357577725064583
oviedo_C2011_1415,Oviedo,P_out_other_institutions,43,raw,random_forest,120,0.597176759410802,0.8235294117647058,0.37735849056603776,0.3561643835616438,0.38461538461538464,0.4166666666666667,1.9230769230769231,0.21849251125104718,0.2258860857028972
oviedo_C2024_1415,Oviedo,P_in_leave_one_cohort_out,19,raw,random_forest,327,0.5337062937062936,0.8136882129277566,0.234375,0.27440633245382584,0.25,0.2,1.2576923076923077,0.21503877375129904,0.2704302216797262
oviedo_C2024_1415,Oviedo,P_out_other_institutions,43,raw,random_forest,327,0.5617482517482518,0.9118136439267887,0.0,0.27440633245382584,0.3076923076923077,0.24615384615384617,1.5479289940828402,0.1364323469353122,0.015584017462440869
oviedo_C2150_1415,Oviedo,P_in_leave_one_cohort_out,19,raw,random_forest,106,0.5403377110694184,0.6933333333333334,0.25806451612903225,0.5578231292517007,0.1951219512195122,0.38095238095238093,0.9849012775842043,0.24140005241717022,0.01976874849586674
oviedo_C2150_1415,Oviedo,P_out_other_institutions,43,raw,random_forest,106,0.30656660412757974,0.7044025157232704,0.11320754716981132,0.5578231292517007,0.12195121951219512,0.23809523809523808,0.6155632984901277,0.2805459842946969,-0.018561240386077205
oviedo_C2271_1415,Oviedo,P_in_leave_one_cohort_out,19,raw,random_forest,596,0.6203960419010939,0.7352941176470589,0.425531914893617,0.5860023724792408,0.30364372469635625,0.6302521008403361,1.5207702514204062,0.23342134163216846,-0.032104312699889614
oviedo_C2271_1415,Oviedo,P_out_other_institutions,43,raw,random_forest,596,0.5767084672227185,0.7470398277717977,0.10646387832699619,0.5860023724792408,0.2591093117408907,0.5378151260504201,1.2977239478787466,0.27199962671435074,-0.18788555832867296
oviedo_C2335_1415,Oviedo,P_in_leave_one_cohort_out,19,raw,random_forest,428,0.492816091954023,0.4044943820224719,0.576,0.807799442896936,0.20344827586206896,0.686046511627907,1.0125100240577385,0.30450836347203736,-0.18841504636769313
oviedo_C2335_1415,Oviedo,P_out_other_institutions,43,raw,random_forest,428,0.5393428285857071,0.2978723404255319,0.7342995169082126,0.807799442896936,0.20689655172413793,0.6976744186046512,1.0296712109061747,0.2704478854613735,0.03758166733805879
oviedo_C2406_1415,Oviedo,P_in_leave_one_cohort_out,19,raw,random_forest,133,0.6024096385542169,0.5256410256410257,0.32727272727272727,0.7685185185185186,0.21686746987951808,0.6666666666666666,1.0682730923694779,0.2859857973372391,-0.2356498751985302
oviedo_C2406_1415,Oviedo,P_out_other_institutions,43,raw,random_forest,133,0.5004819277108434,0.5423728813559322,0.0898876404494382,0.7685185185185186,0.1927710843373494,0.5925925925925926,0.9495760821062025,0.3473020187045514,-0.31669715332420384
oviedo_C2468_1415,Oviedo,P_in_leave_one_cohort_out,19,raw,random_forest,82,0.5710886377156454,0.6451612903225806,0.5352112676056338,0.6666666666666666,0.2926829268292683,0.75,1.5,0.24327476445564092,-0.023893470770260883
oviedo_C2468_1415,Oviedo,P_out_other_institutions,43,raw,random_forest,82,0.611540749553837,0.6956521739130435,0.2857142857142857,0.6666666666666666,0.3170731707317073,0.8125,1.625,0.2974512065585901,-0.23682870631714553
oviedo_C2607_1415,Oviedo,P_in_leave_one_cohort_out,19,raw,random_forest,277,0.5103075476766049,0.3722943722943723,0.5510835913312694,0.8482328482328483,0.19117647058823528,0.7090909090909091,0.9628342245989304,0.2725733150363537,-0.22238239111414304
oviedo_C2607_1415,Oviedo,P_out_other_institutions,43,raw,random_forest,277,0.48183588503894703,0.22377622377622378,0.7299270072992701,0.8482328482328483,0.19117647058823528,0.7090909090909091,0.9628342245989304,0.2637411393648459,-0.024566669887418624
oviedo_C3022_1415,Oviedo,P_in_leave_one_cohort_out,19,raw,random_forest,238,0.5563148788927336,0.22110552763819097,0.4404332129963899,0.4444444444444445,0.2647058823529412,0.375,1.3125,0.3818608363476202,0.40759665304275494
oviedo_C3022_1415,Oviedo,P_out_other_institutions,43,raw,random_forest,238,0.5620242214532872,0.56,0.39800995024875624,0.4444444444444445,0.25,0.3541666666666667,1.2395833333333335,0.35088896627743804,0.31415458255888407
oviedo_C3029_1415,Oviedo,P_in_leave_one_cohort_out,19,raw,random_forest,231,0.5063667232597623,0.4425531914893617,0.42290748898678415,0.49511400651465803,0.19736842105263158,0.32608695652173914,0.9911327231121281,0.3022136571997818,0.24024935872566516
oviedo_C3029_1415,Oviedo,P_out_other_institutions,43,raw,random_forest,231,0.4469439728353141,0.5527272727272727,0.3422459893048128,0.49511400651465803,0.14473684210526316,0.2391304347826087,0.7268306636155606,0.32816498845595327,0.19677687613567246
oviedo_C4189_1415,Oviedo,P_in_leave_one_cohort_out,19,raw,random_forest,128,0.5520833333333334,0.0,0.6236559139784946,0.6382978723404256,0.2833333333333333,0.6538461538461539,1.3948717948717948,0.2870195152128554,0.1941520793439102
oviedo_C4189_1415,Oviedo,P_out_other_institutions,43,raw,random_forest,128,0.49840686274509804,0.0,0.6382978723404256,0.6382978723404256,0.25,0.5769230769230769,1.2307692307692306,0.4844874363036079,0.4797627491024825
oviedo_C4213_1415,Oviedo,P_in_leave_one_cohort_out,19,raw,random_forest,140,0.6762921113203599,0.7488151658767772,0.2318840579710145,0.592964824120603,0.3389830508474576,0.7142857142857143,1.694915254237288,0.23015440319956118,-0.09477582031567189
oviedo_C4213_1415,Oviedo,P_out_other_institutions,43,raw,random_forest,140,0.6124712282904373,0.7373737373737373,0.36585365853658536,0.592964824120603,0.2711864406779661,0.5714285714285714,1.3559322033898304,0.24158361174635756,-0.0715991463751508
oviedo_C836_1415,Oviedo,P_in_leave_one_cohort_out,19,raw,random_forest,87,0.4614164904862579,0.4772727272727273,0.46511627906976744,0.6717557251908397,0.1590909090909091,0.4117647058823529,0.8141711229946523,0.28122630162708495,-0.0007144040819598851
oviedo_C836_1415,Oviedo,P_out_other_institutions,43,raw,random_forest,87,0.4936575052854123,0.5050505050505051,0.3466666666666667,0.6717557251908397,0.1590909090909091,0.4117647058823529,0.8141711229946523,0.28174499727006497,-0.06598618097539988
oulad_AAA_2013J,OULAD,P_in_leave_one_cohort_out,18,zscore,gradient_boosting,383,0.7672661870503598,0.6797385620915033,0.5211726384364821,0.430327868852459,0.4857142857142857,0.6623376623376623,2.4159554730983306,0.26693048590670765,0.29640749833199437
oulad_AAA_2013J,OULAD,P_out_other_institutions,44,zscore,gradient_boosting,383,0.7086673518328196,0.8460342146189735,0.1951219512195122,0.430327868852459,0.3619047619047619,0.4935064935064935,1.8001236858379717,0.17715538994217747,0.010722036263997592
oulad_AAA_2014J,OULAD,P_in_leave_one_cohort_out,18,zscore,gradient_boosting,365,0.7786384810841332,0.6666666666666666,0.5705329153605015,0.469601677148847,0.4642857142857143,0.7123287671232876,2.321428571428571,0.25566800417528035,0.26824258797811823
oulad_AAA_2014J,OULAD,P_out_other_institutions,44,zscore,gradient_boosting,365,0.7324781197063807,0.8442211055276382,0.3007518796992481,0.469601677148847,0.4107142857142857,0.6301369863013698,2.0535714285714284,0.18050886338756694,-0.0271927822759227
oulad_BBB_2013B,OULAD,P_in_leave_one_cohort_out,18,zscore,gradient_boosting,1767,0.8619686032151217,0.7727272727272727,0.7745208568207441,0.7059685097034054,0.36410788381742737,0.9943342776203966,1.8226023532730713,0.14734063968797081,-0.012408126349987558
oulad_BBB_2013B,OULAD,P_out_other_institutions,44,zscore,gradient_boosting,1767,0.681402856508012,0.6249027237354086,0.0,0.7059685097034054,0.21265560165975103,0.5807365439093485,1.0644828559002268,0.32682604683834904,-0.3102635029186565
oulad_BBB_2013J,OULAD,P_in_leave_one_cohort_out,18,zscore,gradient_boosting,2237,0.8644197200691821,0.7666824420255561,0.7911901736552308,0.684891240446796,0.3776824034334764,0.9843400447427293,1.8901018713214468,0.14681387725679437,0.051077795180486385
oulad_BBB_2013J,OULAD,P_out_other_institutions,44,zscore,gradient_boosting,2237,0.41184060918583054,0.6475211608222491,0.0,0.684891240446796,0.14763948497854076,0.38478747203579416,0.7388580042438383,0.3360226387541531,-0.2745149177639007
oulad_BBB_2014B,OULAD,P_in_leave_one_cohort_out,18,zscore,gradient_boosting,1613,0.8666805356749188,0.7757188498402556,0.7886815171583383,0.7090836334533814,0.36455981941309257,1.0,1.8205417607223477,0.14390388287463926,-0.014412286898519033
oulad_BBB_2014B,OULAD,P_out_other_institutions,44,zscore,gradient_boosting,1613,0.5861257649948302,0.6213675213675214,0.0,0.7090836334533814,0.17381489841986456,0.47678018575851394,0.8679982388583329,0.34565241201386465,-0.3182124972300447
oulad_BBB_2014J,OULAD,P_in_leave_one_cohort_out,18,zscore,gradient_boosting,2292,0.8654117933723195,0.7791411042944786,0.7810599478714162,0.6643356643356644,0.3991228070175439,0.9934497816593887,1.9973569294415077,0.14797262806744332,0.05564889517820992
oulad_BBB_2014J,OULAD,P_out_other_institutions,44,zscore,gradient_boosting,2292,0.6339931317007798,0.6689895470383276,0.0,0.6643356643356644,0.19649122807017544,0.4890829694323144,0.9833141806481268,0.3057181576053341,-0.2565217721112283
oulad_CCC_2014B,OULAD,P_in_leave_one_cohort_out,18,zscore,gradient_boosting,1936,0.8898796088620958,0.7422196124486201,0.797602581834947,0.7933935805546899,0.3040062843676355,1.0,1.5208169677926158,0.14220690842840214,-0.0974561990016527
oulad_CCC_2014B,OULAD,P_out_other_institutions,44,zscore,gradient_boosting,1936,0.6271316672176152,0.5096376252891287,0.004694835680751174,0.7933935805546899,0.20031421838177532,0.6589147286821705,1.0020886997083127,0.3877351766835786,-0.41333183762892833
oulad_CCC_2014J,OULAD,P_in_leave_one_cohort_out,18,zscore,gradient_boosting,2498,0.8614634162544968,0.748886910062333,0.7949090909090909,0.7450389349409695,0.3351314902225219,0.994,1.6743169251517196,0.1473098782676099,-0.022968774277188242
oulad_CCC_2014J,OULAD,P_out_other_institutions,44,zscore,gradient_boosting,2498,0.708985248248624,0.5778536863079988,0.0,0.7450389349409695,0.21308159136884694,0.632,1.0645556304787593,0.37256642728242223,-0.39684917884946896
oulad_DDD_2013B,OULAD,P_in_leave_one_cohort_out,18,zscore,gradient_boosting,1303,0.8419355636327672,0.7436940602115542,0.7712418300653595,0.7566793893129771,0.3291298865069357,1.0,1.6431273644388398,0.16413704993280023,-0.0951974065340746
oulad_DDD_2013B,OULAD,P_out_other_institutions,44,zscore,gradient_boosting,1303,0.7695769354400019,0.5918604651162791,0.2076749435665914,0.7566793893129771,0.31525851197982346,0.9578544061302682,1.5738767858609577,0.29623708832138584,-0.30531723126863963
oulad_DDD_2013J,OULAD,P_in_leave_one_cohort_out,18,zscore,gradient_boosting,1938,0.8682862335905046,0.7794432548179872,0.7948207171314741,0.7279291106005907,0.345356176735798,0.9871134020618557,1.7250006972009706,0.1438144706320486,-0.03139270982923059
oulad_DDD_2013J,OULAD,P_out_other_institutions,44,zscore,gradient_boosting,1938,0.7957880527888392,0.599346167816927,0.017809439002671415,0.7279291106005907,0.2768259693417493,0.7912371134020618,1.382702908722449,0.30109939878595493,-0.3056169859605007
oulad_DDD_2014B,OULAD,P_in_leave_one_cohort_out,18,zscore,gradient_boosting,1228,0.8666990921785763,0.7666370896184561,0.8021068472535741,0.7577137076378352,0.32710280373831774,0.9959349593495935,1.6328546463034723,0.14667606196732913,-0.0683341811190239
oulad_DDD_2014B,OULAD,P_out_other_institutions,44,zscore,gradient_boosting,1228,0.7802344671113329,0.5615474794841735,0.0026666666666666666,0.7577137076378352,0.25500667556742324,0.7764227642276422,1.2729601528325027,0.3397520602952088,-0.3688130221437149
oulad_DDD_2014J,OULAD,P_in_leave_one_cohort_out,18,zscore,gradient_boosting,1803,0.8550052952871945,0.7622682660850599,0.7539503386004515,0.718550106609808,0.35311572700296734,0.9889196675900277,1.763622315197646,0.15365441420129827,-0.04282606913422626
oulad_DDD_2014J,OULAD,P_out_other_institutions,44,zscore,gradient_boosting,1803,0.7294220643627173,0.6104046242774567,0.0,0.718550106609808,0.2868447082096934,0.8033240997229917,1.4326343736899645,0.337774721660522,-0.3360873106606139
oulad_EEE_2013J,OULAD,P_in_leave_one_cohort_out,18,zscore,gradient_boosting,1052,0.870761007757972,0.801673640167364,0.7392739273927392,0.5926421404682275,0.47404063205417607,1.0,2.3747178329571104,0.14306975581728845,0.09910150172116039
oulad_EEE_2013J,OULAD,P_out_other_institutions,44,zscore,gradient_boosting,1052,0.8353182325315898,0.7342233009708737,0.039473684210526314,0.5926421404682275,0.40632054176072235,0.8571428571428571,2.035472428248952,0.20737802252187235,-0.13531206020093622
oulad_EEE_2014B,OULAD,P_in_leave_one_cohort_out,18,zscore,gradient_boosting,694,0.8761106816613886,0.7983193277310925,0.7863501483679525,0.6537342386032978,0.4124629080118694,1.0,2.059347181008902,0.13882046141973625,0.04442441867974628
oulad_EEE_2014B,OULAD,P_out_other_institutions,44,zscore,gradient_boosting,694,0.8101846079678162,0.6793529971455756,0.0,0.6537342386032978,0.3323442136498516,0.8057553956834532,1.6593301026834317,0.2550734248024218,-0.23385697809885309
oulad_EEE_2014J,OULAD,P_in_leave_one_cohort_out,18,zscore,gradient_boosting,1188,0.8716597628330084,0.8033664881407804,0.7595884003741815,0.5957446808510638,0.47023809523809523,0.9957983193277311,2.347238895558223,0.14451422684017456,0.0940847539285064
oulad_EEE_2014J,OULAD,P_out_other_institutions,44,zscore,gradient_boosting,1188,0.7463798384851017,0.7307692307692307,0.0,0.5957446808510638,0.3253968253968254,0.6890756302521008,1.6242496998799518,0.2644507797956885,-0.20477120757216863
oulad_FFF_2013B,OULAD,P_in_leave_one_cohort_out,18,zscore,gradient_boosting,1614,0.8387701652567381,0.7656804733727811,0.7425227568270482,0.6802943581357318,0.38221153846153844,0.9845201238390093,1.9098743748511553,0.16260320819475255,-0.0017327702636925624
oulad_FFF_2013B,OULAD,P_out_other_institutions,44,zscore,gradient_boosting,1614,0.8117591727326383,0.6535729210196406,0.00718562874251497,0.6802943581357318,0.3449519230769231,0.8885448916408669,1.7236916527744703,0.26610263934855544,-0.2464296418008733
oulad_FFF_2013J,OULAD,P_in_leave_one_cohort_out,18,zscore,gradient_boosting,2283,0.8804221822486663,0.8036649214659686,0.8021108179419525,0.6845289541918754,0.3846801346801347,1.0,1.9217171717171717,0.1380124305753751,0.014590649135765577
oulad_FFF_2013J,OULAD,P_out_other_institutions,44,zscore,gradient_boosting,2283,0.8465392125209477,0.687322162503952,0.29508196721311475,0.6845289541918754,0.34764309764309764,0.9037199124726477,1.7366940742214265,0.24686120304118933,-0.24871709490309224
oulad_FFF_2014B,OULAD,P_in_leave_one_cohort_out,18,zscore,gradient_boosting,1500,0.8629058494371787,0.7624448645242596,0.7331917905166313,0.7212276214833758,0.34988179669030733,0.9866666666666667,1.749408983451537,0.16129070692592576,-0.07642618295399684
oulad_FFF_2014B,OULAD,P_out_other_institutions,44,zscore,gradient_boosting,1500,0.8099637799032685,0.6116322701688556,0.04608294930875576,0.7212276214833758,0.2848699763593381,0.8033333333333333,1.4243498817966904,0.30225880686449147,-0.3182881098576329
oulad_FFF_2014J,OULAD,P_in_leave_one_cohort_out,18,zscore,gradient_boosting,2365,0.9053321482680257,0.8313500205170291,0.8207588312254688,0.6908386382507611,0.3782051282051282,0.9978858350951374,1.891025641025641,0.12073086675155022,-0.013707732315871746
oulad_FFF_2014J,OULAD,P_out_other_institutions,44,zscore,gradient_boosting,2365,0.8526828243004384,0.6419540229885058,0.0032,0.6908386382507611,0.3421474358974359,0.9027484143763214,1.7107371794871795,0.27029207497325586,-0.263995906798973
ku_Accountancy_1819,KU Leuven,P_in_leave_one_cohort_out,5,zscore,gradient_boosting,752,0.6361522591991342,0.8065630397236615,0.35260115606936415,0.45901639344262296,0.3169642857142857,0.47333333333333333,1.589047619047619,0.20284619624858596,0.03694596987058563
ku_Accountancy_1819,KU Leuven,P_out_other_institutions,57,zscore,gradient_boosting,752,0.6202736066017316,0.8098360655737705,0.18309859154929578,0.45901639344262296,0.29464285714285715,0.44,1.4771428571428573,0.20235441590571646,-0.001881819332011092
ku_Globaleconom_1819,KU Leuven,P_in_leave_one_cohort_out,5,zscore,gradient_boosting,743,0.6140080971659918,0.7131782945736435,0.34801762114537443,0.6086142322097378,0.27384615384615385,0.5973154362416108,1.3655549819308208,0.2566469170611998,-0.12945165237962708
ku_Globaleconom_1819,KU Leuven,P_out_other_institutions,57,zscore,gradient_boosting,743,0.6186970923813029,0.6878980891719745,0.45955882352941174,0.6086142322097378,0.24307692307692308,0.5302013422818792,1.21212183789365,0.25692864077550404,-0.007257631673329656
ku_Accountancy_1920,KU Leuven,P_in_leave_one_cohort_out,5,zscore,gradient_boosting,705,0.6600506756756757,0.7973977695167286,0.3473053892215569,0.4822389666307858,0.3482142857142857,0.5531914893617021,1.7410714285714286,0.20313039093378915,-0.026391535601243354
ku_Accountancy_1920,KU Leuven,P_out_other_institutions,57,zscore,gradient_boosting,705,0.6609695203445203,0.8050770625566637,0.2996742671009772,0.4822389666307858,0.3125,0.49645390070921985,1.5625,0.2018930276886115,0.010858935258814484
ku_Globaleconom_1920,KU Leuven,P_in_leave_one_cohort_out,5,zscore,gradient_boosting,681,0.668555884340269,0.8042635658914729,0.3878787878787879,0.3938679245283019,0.3413173652694611,0.41911764705882354,1.7090965128566398,0.1958872942268891,0.14627530600203517
ku_Globaleconom_1920,KU Leuven,P_out_other_institutions,57,zscore,gradient_boosting,681,0.6255038561010275,0.8571428571428571,0.055865921787709494,0.3938679245283019,0.2934131736526946,0.3602941176470588,1.469223318069743,0.18187755273289619,0.051665876895209045
ku_Accountancy_2021,KU Leuven,P_in_leave_one_cohort_out,5,zscore,gradient_boosting,723,0.6755698005698006,0.7408184679958028,0.49898580121703856,0.46006389776357826,0.32407407407407407,0.4827586206896552,1.6159003831417627,0.21650309037057155,0.14542164274099317
ku_Accountancy_2021,KU Leuven,P_out_other_institutions,57,zscore,gradient_boosting,723,0.6405234129593105,0.7761194029850746,0.3582887700534759,0.46006389776357826,0.2824074074074074,0.4206896551724138,1.4081417624521073,0.2133794804610884,0.11283168802848975
ku_Globaleconom_2021,KU Leuven,P_in_leave_one_cohort_out,5,zscore,gradient_boosting,335,0.6409616207732914,0.6722338204592901,0.17801047120418848,0.6546184738955823,0.2822085889570552,0.6865671641791045,1.4110429447852761,0.28124629977844234,-0.21406380445982742
ku_Globaleconom_2021,KU Leuven,P_out_other_institutions,57,zscore,gradient_boosting,335,0.6020116992438295,0.6750524109014675,0.19689119170984457,0.6546184738955823,0.24539877300613497,0.5970149253731343,1.2269938650306749,0.26468788594953785,-0.14921132994774683
ukzn_ISTN101_2019,UKZN,P_in_leave_one_cohort_out,15,zscore,gradient_boosting,1056,0.6570602313522138,0.9022082018927445,0.11428571428571428,0.2967741935483871,0.3423913043478261,0.2985781990521327,1.7135792293426744,0.14001577837844006,-0.03477011595572865
ukzn_ISTN101_2019,UKZN,P_out_other_institutions,47,zscore,gradient_boosting,1056,0.6462187126047068,0.7729591836734694,0.34558823529411764,0.2967741935483871,0.32608695652173914,0.2843601895734597,1.6319802184215948,0.22867460286896582,0.26882529141329387
ukzn_ISTN101_2020,UKZN,P_in_leave_one_cohort_out,15,zscore,gradient_boosting,978,0.6681861119043958,0.9533512064343164,0.04395604395604396,0.09542356377799414,0.2857142857142857,0.07142857142857142,1.4256559766763848,0.07640616199050368,0.1281608574908185
ukzn_ISTN101_2020,UKZN,P_out_other_institutions,47,zscore,gradient_boosting,978,0.7007864502097934,0.4878836833602585,0.116991643454039,0.09542356377799414,0.46938775510204084,0.11734693877551021,2.342149104539775,0.45531507596024884,0.6056786019972795
ukzn_ISTN101_2021,UKZN,P_in_leave_one_cohort_out,15,zscore,gradient_boosting,741,0.7812778011893057,0.9382899628252788,0.39416058394160586,0.15671641791044774,0.5555555555555556,0.23648648648648649,2.7815315315315314,0.08659383631803526,0.10362814378451768
ukzn_ISTN101_2021,UKZN,P_out_other_institutions,47,zscore,gradient_boosting,741,0.7170014515147257,0.7066541705716963,0.2457831325301205,0.15671641791044774,0.36507936507936506,0.1554054054054054,1.827863577863578,0.26346341076677904,0.4179117403871344
ukzn_ISTN102_2018,UKZN,P_in_leave_one_cohort_out,15,zscore,gradient_boosting,257,0.6611033302209773,0.8475336322869955,0.0,0.4184615384615385,0.38235294117647056,0.5098039215686274,1.9267589388696653,0.20200915014164894,-0.14275369212052075
ukzn_ISTN102_2018,UKZN,P_out_other_institutions,47,zscore,gradient_boosting,257,0.6397058823529412,0.6948640483383686,0.44808743169398907,0.4184615384615385,0.3235294117647059,0.43137254901960786,1.630334486735871,0.2731918978846009,0.250041470514836
ukzn_ISTN103_2019,UKZN,P_in_leave_one_cohort_out,15,zscore,gradient_boosting,1113,0.6657708077080771,0.8408376963350785,0.0379746835443038,0.4246284501061571,0.31333333333333335,0.42152466367713004,1.5638565022421527,0.19987022782455136,-0.11659470215073592
ukzn_ISTN103_2019,UKZN,P_out_other_institutions,47,zscore,gradient_boosting,1113,0.6639319393193932,0.7245386192754614,0.47182175622542594,0.4246284501061571,0.31333333333333335,0.42152466367713004,1.5638565022421527,0.2558110206302174,0.21513424274298765
ukzn_ISTN103_2020,UKZN,P_in_leave_one_cohort_out,15,zscore,gradient_boosting,1082,0.6858639449665034,0.9438750610053684,0.0,0.19214703425229743,0.3826086956521739,0.2037037037037037,1.9165861513687599,0.10100630749367362,0.0889258965585293
ukzn_ISTN103_2020,UKZN,P_out_other_institutions,47,zscore,gradient_boosting,1082,0.6602176161143833,0.6522619851451722,0.24597364568081992,0.19214703425229743,0.2956521739130435,0.1574074074074074,1.480998389694042,0.3230206972537108,0.42370325488432203
ukzn_ISTN211_2019,UKZN,P_in_leave_one_cohort_out,15,zscore,gradient_boosting,280,0.7956241177656785,0.9607476635514018,0.16,0.12709030100334448,0.5789473684210527,0.19642857142857142,2.8947368421052633,0.06799739789074821,0.08469119849499245
ukzn_ISTN211_2019,UKZN,P_out_other_institutions,47,zscore,gradient_boosting,280,0.7193990723936277,0.6194225721784777,0.18994413407821228,0.12709030100334448,0.47368421052631576,0.16071428571428573,2.368421052631579,0.29386459806744725,0.4685276644248497
ukzn_ISTN211_2021,UKZN,P_in_leave_one_cohort_out,15,zscore,gradient_boosting,327,0.7844402277039848,0.9733124018838305,0.0,0.09883720930232558,0.5294117647058824,0.13846153846153847,2.663348416289593,0.06390281349062177,0.12001143913103852
ukzn_ISTN211_2021,UKZN,P_out_other_institutions,47,zscore,gradient_boosting,327,0.8077798861480077,0.7594433399602386,0.1986754966887417,0.09883720930232558,0.5294117647058824,0.13846153846153847,2.663348416289593,0.25557176261168796,0.42716287352674687
ukzn_ISTN212_2018,UKZN,P_in_leave_one_cohort_out,15,zscore,gradient_boosting,238,0.7722000937207123,0.8981481481481481,0.0,0.3120567375886525,0.4090909090909091,0.375,2.028409090909091,0.13365706659070076,-0.03232903723613065
ukzn_ISTN212_2018,UKZN,P_out_other_institutions,47,zscore,gradient_boosting,238,0.7690370196813495,0.7687687687687688,0.46153846153846156,0.3120567375886525,0.4090909090909091,0.375,2.028409090909091,0.2030766400879373,0.2620833284415147
ukzn_ISTN212_2019,UKZN,P_in_leave_one_cohort_out,15,zscore,gradient_boosting,264,0.7555233805233806,0.9173553719008265,0.09090909090909091,0.2745098039215686,0.40476190476190477,0.32075471698113206,2.0161725067385445,0.11935322740730236,-0.046748807222751515
ukzn_ISTN212_2019,UKZN,P_out_other_institutions,47,zscore,gradient_boosting,264,0.7311776061776062,0.5786163522012578,0.3619047619047619,0.2745098039215686,0.42857142857142855,0.33962264150943394,2.1347708894878705,0.278215215604408,0.3908443364231018
ukzn_ISTN2IP_2018,UKZN,P_in_leave_one_cohort_out,15,zscore,gradient_boosting,99,0.6972972972972973,0.8554913294797688,0.0,0.40322580645161293,0.28,0.35,1.386,0.1954860461107,-0.12502053842407737
ukzn_ISTN2IP_2018,UKZN,P_out_other_institutions,47,zscore,gradient_boosting,99,0.6975675675675677,0.6779661016949152,0.525,0.40322580645161293,0.24,0.3,1.188,0.28100638627608365,0.30179521083737565
ukzn_ISTN2IP_2019,UKZN,P_in_leave_one_cohort_out,15,zscore,gradient_boosting,116,0.7142857142857143,0.8669950738916257,0.06896551724137931,0.3888888888888889,0.39285714285714285,0.4782608695652174,1.9813664596273293,0.17983415990886845,-0.12159700765124476
ukzn_ISTN2IP_2019,UKZN,P_out_other_institutions,47,zscore,gradient_boosting,116,0.6103896103896105,0.5648854961832062,0.43564356435643564,0.3888888888888889,0.25,0.30434782608695654,1.2608695652173914,0.2680235583109581,0.29178444411265436
ukzn_ISTN3ND_2018,UKZN,P_in_leave_one_cohort_out,15,zscore,gradient_boosting,144,0.5765275257108288,0.7478260869565218,0.0,0.5671641791044776,0.22807017543859648,0.4482758620689655,1.1324863883847551,0.27964479718766744,-0.19976954448136958
ukzn_ISTN3ND_2018,UKZN,P_out_other_institutions,47,zscore,gradient_boosting,144,0.5325670498084291,0.5590062111801242,0.4409448818897638,0.5671641791044776,0.19298245614035087,0.3793103448275862,0.9582577132486388,0.2821226351256262,0.11442794693751407
ukzn_ISTN3ND_2019,UKZN,P_in_leave_one_cohort_out,15,zscore,gradient_boosting,223,0.6571863890299645,0.8872180451127819,0.0425531914893617,0.32958801498127344,0.29545454545454547,0.28888888888888886,1.4641414141414142,0.1574962111765773,-0.05849288099768832
ukzn_ISTN3ND_2019,UKZN,P_out_other_institutions,47,zscore,gradient_boosting,223,0.7105129507364145,0.760655737704918,0.48226950354609927,0.32958801498127344,0.3181818181818182,0.3111111111111111,1.5767676767676768,0.25052316237931377,0.30427293846258074
ukzn_ISTN3SA_2018,UKZN,P_in_leave_one_cohort_out,15,zscore,gradient_boosting,141,0.6824324324324323,0.8844621513944223,0.06451612903225806,0.3508771929824561,0.3,0.32142857142857145,1.510714285714286,0.1562177366933806,-0.04987751808811272
ukzn_ISTN3SA_2018,UKZN,P_out_other_institutions,47,zscore,gradient_boosting,141,0.6207207207207207,0.7027027027027027,0.4329896907216495,0.3508771929824561,0.23333333333333334,0.25,1.175,0.2582168864409314,0.28395704522019494
ukzn_ISTN3SA_2019,UKZN,P_in_leave_one_cohort_out,15,zscore,gradient_boosting,195,0.6203529411764706,0.931129476584022,0.07407407407407407,0.22727272727272727,0.36,0.23076923076923078,1.8000000000000003,0.11283389185195784,0.04608258490348899
ukzn_ISTN3SA_2019,UKZN,P_out_other_institutions,47,zscore,gradient_boosting,195,0.5497647058823529,0.7083333333333334,0.17647058823529413,0.22727272727272727,0.28,0.1794871794871795,1.4000000000000001,0.22194676959735896,0.30114602077745956
zambia_ICT1110_2020,Zambia,P_in_leave_one_cohort_out,1,zscore,gradient_boosting,65,0.38265306122448983,0.15384615384615385,0.6373626373626373,0.8596491228070176,0.20408163265306123,0.7692307692307693,1.0204081632653061,0.39703551827557976,-0.10901044234711987
zambia_ICT1110_2020,Zambia,P_out_other_institutions,61,zscore,gradient_boosting,65,0.5440051020408163,0.3793103448275862,0.5,0.8596491228070176,0.20408163265306123,0.7692307692307693,1.0204081632653061,0.3302405827477421,-0.35184441672879646
zambia_ICT1110_2021,Zambia,P_in_leave_one_cohort_out,1,zscore,gradient_boosting,52,0.284375,0.24242424242424243,0.647887323943662,0.761904761904762,0.0625,0.2,0.325,0.39055183843484886,0.10644911078049424
zambia_ICT1110_2021,Zambia,P_out_other_institutions,61,zscore,gradient_boosting,52,0.6,0.5901639344262295,0.4186046511627907,0.761904761904762,0.28125,0.9,1.4625,0.292173716458892,-0.2433580370067595
oviedo_C1112_1415,Oviedo,P_in_leave_one_cohort_out,19,zscore,gradient_boosting,199,0.6616809116809117,0.6637168141592921,0.5581395348837209,0.7035830618892508,0.3333333333333333,0.9,1.6583333333333332,0.21812255728408686,-0.048178561569984346
oviedo_C1112_1415,Oviedo,P_out_other_institutions,43,zscore,gradient_boosting,199,0.7364163614163615,0.6476868327402135,0.15384615384615385,0.7035830618892508,0.32407407407407407,0.875,1.6122685185185184,0.2932994608329927,-0.28809092688848986
oviedo_C1127_1415,Oviedo,P_in_leave_one_cohort_out,19,zscore,gradient_boosting,106,0.5426712590891696,0.6811594202898551,0.40540540540540543,0.5379310344827586,0.28205128205128205,0.5238095238095238,1.423687423687424,0.24592040464757497,0.0879092484539385
oviedo_C1127_1415,Oviedo,P_out_other_institutions,43,zscore,gradient_boosting,106,0.5290853425181784,0.7547169811320755,0.2641509433962264,0.5379310344827586,0.23076923076923078,0.42857142857142855,1.164835164835165,0.24650330661465775,-0.051671820164119864
oviedo_C1200_1415,Oviedo,P_in_leave_one_cohort_out,19,zscore,gradient_boosting,107,0.643531976744186,0.625,0.4418604651162791,0.7485380116959064,0.28125,0.8571428571428571,1.4330357142857144,0.2506268432039906,-0.17186193735344685
oviedo_C1200_1415,Oviedo,P_out_other_institutions,43,zscore,gradient_boosting,107,0.667514534883721,0.6,0.24324324324324326,0.7485380116959064,0.296875,0.9047619047619048,1.5126488095238098,0.314933380340309,-0.3128745126532373
oviedo_C1303_1415,Oviedo,P_in_leave_one_cohort_out,19,zscore,gradient_boosting,112,0.5846938775510204,0.5547445255474452,0.2988505747126437,0.7692307692307693,0.2571428571428571,0.8181818181818182,1.309090909090909,0.3064062696084728,-0.26890432569251693
oviedo_C1303_1415,Oviedo,P_out_other_institutions,43,zscore,gradient_boosting,112,0.6464285714285715,0.5594405594405595,0.2222222222222222,0.7692307692307693,0.2714285714285714,0.8636363636363636,1.3818181818181818,0.3040906469784588,-0.2897592461829211
oviedo_C174_1415,Oviedo,P_in_leave_one_cohort_out,19,zscore,gradient_boosting,96,0.9150326797385621,0.8909090909090909,0.8536585365853658,0.6382978723404256,0.4222222222222222,1.0,2.1333333333333333,0.1600647486765104,0.022374759895837038
oviedo_C174_1415,Oviedo,P_out_other_institutions,43,zscore,gradient_boosting,96,0.983442265795207,0.9074074074074074,0.8809523809523809,0.6382978723404256,0.4222222222222222,1.0,2.1333333333333333,0.09377699957895307,-0.030562090446153878
oviedo_C190_1415,Oviedo,P_in_leave_one_cohort_out,19,zscore,gradient_boosting,112,0.3934426229508196,0.5555555555555556,0.2,0.7052023121387282,0.18032786885245902,0.5,0.918032786885246,0.34353457709382834,-0.16548847720567705
oviedo_C190_1415,Oviedo,P_out_other_institutions,43,zscore,gradient_boosting,112,0.38990678238508525,0.5806451612903226,0.057971014492753624,0.7052023121387282,0.13114754098360656,0.36363636363636365,0.6676602086438153,0.378918660540246,-0.2890336217684382
oviedo_C1978_1415,Oviedo,P_in_leave_one_cohort_out,19,zscore,gradient_boosting,164,0.7024686809137805,0.819672131147541,0.47619047619047616,0.43809523809523815,0.391304347826087,0.5454545454545454,1.944664031620553,0.1964019879406849,0.15991074715594983
oviedo_C1978_1415,Oviedo,P_out_other_institutions,43,zscore,gradient_boosting,164,0.6456337509211495,0.7019230769230769,0.48333333333333334,0.43809523809523815,0.32608695652173914,0.45454545454545453,1.6205533596837942,0.25693223567984125,0.2063358117213523
oviedo_C2011_1415,Oviedo,P_in_leave_one_cohort_out,19,zscore,gradient_boosting,120,0.7252454991816695,0.8842105263157894,0.56,0.3561643835616438,0.5384615384615384,0.5833333333333334,2.6923076923076925,0.18705620663869274,0.21040677367450794
oviedo_C2011_1415,Oviedo,P_out_other_institutions,43,zscore,gradient_boosting,120,0.7350654664484452,0.7954545454545454,0.4375,0.3561643835616438,0.46153846153846156,0.5,2.3076923076923075,0.1955838189325732,0.21353316223533492
oviedo_C2024_1415,Oviedo,P_in_leave_one_cohort_out,19,zscore,gradient_boosting,327,0.556958041958042,0.6296296296296297,0.27927927927927926,0.27440633245382584,0.19230769230769232,0.15384615384615385,0.9674556213017752,0.2920029204758614,0.37659620790645465
oviedo_C2024_1415,Oviedo,P_out_other_institutions,43,zscore,gradient_boosting,327,0.5603496503496503,0.9093959731543624,0.06896551724137931,0.27440633245382584,0.25,0.2,1.2576923076923077,0.14554204042859406,0.08322003491892885
oviedo_C2150_1415,Oviedo,P_in_leave_one_cohort_out,19,zscore,gradient_boosting,106,0.7058161350844278,0.8137931034482758,0.5970149253731343,0.5578231292517007,0.3902439024390244,0.7619047619047619,1.9698025551684086,0.19910886239730785,0.03403559646075244
oviedo_C2150_1415,Oviedo,P_out_other_institutions,43,zscore,gradient_boosting,106,0.7774859287054409,0.7832167832167832,0.5507246376811594,0.5578231292517007,0.34146341463414637,0.6666666666666666,1.7235772357723576,0.18962851831185898,-0.011158613647200888
oviedo_C2271_1415,Oviedo,P_in_leave_one_cohort_out,19,zscore,gradient_boosting,596,0.6472048536593854,0.6972222222222222,0.538135593220339,0.5860023724792408,0.3076923076923077,0.6386554621848739,1.5410471881060115,0.23081758758427157,0.08835661813487367
oviedo_C2271_1415,Oviedo,P_out_other_institutions,43,zscore,gradient_boosting,596,0.6201234295790169,0.7433628318584071,0.19444444444444445,0.5860023724792408,0.2834008097165992,0.5882352941176471,1.4193855679923792,0.24296910169543928,-0.09592871511598583
oviedo_C2335_1415,Oviedo,P_in_leave_one_cohort_out,19,zscore,gradient_boosting,428,0.5122063968015993,0.4642857142857143,0.4117647058823529,0.807799442896936,0.20689655172413793,0.6976744186046512,1.0296712109061747,0.28831098223123003,-0.24499558566636792
oviedo_C2335_1415,Oviedo,P_out_other_institutions,43,zscore,gradient_boosting,428,0.5304972513743129,0.40264026402640263,0.6726943942133815,0.807799442896936,0.19310344827586207,0.6511627906976745,0.9610264635124298,0.2783494287004468,-0.04457325479852747
oviedo_C2406_1415,Oviedo,P_in_leave_one_cohort_out,19,zscore,gradient_boosting,133,0.6385542168674698,0.5655172413793104,0.4793388429752066,0.7685185185185186,0.24096385542168675,0.7407407407407407,1.186970102632753,0.26428613351868346,-0.18527888239697704
oviedo_C2406_1415,Oviedo,P_out_other_institutions,43,zscore,gradient_boosting,133,0.6574698795180723,0.5454545454545454,0.1111111111111111,0.7685185185185186,0.2289156626506024,0.7037037037037037,1.1276215975011155,0.3478196551512824,-0.35635840483463127
oviedo_C2468_1415,Oviedo,P_in_leave_one_cohort_out,19,zscore,gradient_boosting,82,0.6537775133848899,0.7222222222222222,0.4642857142857143,0.6666666666666666,0.34146341463414637,0.875,1.75,0.22578237437547327,-0.07373124218450772
oviedo_C2468_1415,Oviedo,P_out_other_institutions,43,zscore,gradient_boosting,82,0.6561570493753718,0.7207207207207207,0.41509433962264153,0.6666666666666666,0.3170731707317073,0.8125,1.625,0.2547327532294356,-0.17896535522096851
oviedo_C2607_1415,Oviedo,P_in_leave_one_cohort_out,19,zscore,gradient_boosting,277,0.540894439967768,0.4207492795389049,0.028985507246376812,0.8482328482328483,0.22549019607843138,0.8363636363636363,1.1356506238859179,0.37099614821167726,-0.41888241134650717
oviedo_C2607_1415,Oviedo,P_out_other_institutions,43,zscore,gradient_boosting,277,0.48959172710179966,0.33980582524271846,0.6091954022988506,0.8482328482328483,0.18627450980392157,0.6909090909090909,0.9381461675579322,0.33090614068389934,-0.16045793489668092
oviedo_C3022_1415,Oviedo,P_in_leave_one_cohort_out,19,zscore,gradient_boosting,238,0.464143598615917,0.5274725274725275,0.3645320197044335,0.4444444444444445,0.16176470588235295,0.22916666666666666,0.8020833333333334,0.2617014421676766,0.19476993081485522
oviedo_C3022_1415,Oviedo,P_out_other_institutions,43,zscore,gradient_boosting,238,0.5558391003460208,0.6105263157894737,0.418848167539267,0.4444444444444445,0.25,0.3541666666666667,1.2395833333333335,0.3547326670468344,0.3055923970831752
oviedo_C3029_1415,Oviedo,P_in_leave_one_cohort_out,19,zscore,gradient_boosting,231,0.44579796264855687,0.5539568345323741,0.32608695652173914,0.49511400651465803,0.10526315789473684,0.17391304347826086,0.528604118993135,0.2594740270450744,0.14680373089017545
oviedo_C3029_1415,Oviedo,P_out_other_institutions,43,zscore,gradient_boosting,231,0.5132427843803056,0.5597014925373134,0.3917525773195876,0.49511400651465803,0.21052631578947367,0.34782608695652173,1.05720823798627,0.34114865626516283,0.2238042960491236
oviedo_C4189_1415,Oviedo,P_in_leave_one_cohort_out,19,zscore,gradient_boosting,128,0.46041666666666664,0.694300518134715,0.06349206349206349,0.6382978723404256,0.18333333333333332,0.4230769230769231,0.9025641025641026,0.255643035427059,-0.06514186110970777
oviedo_C4189_1415,Oviedo,P_out_other_institutions,43,zscore,gradient_boosting,128,0.4818627450980392,0.24444444444444444,0.5903614457831325,0.6382978723404256,0.25,0.5769230769230769,1.2307692307692306,0.4240388821171249,0.30763254716079524
oviedo_C4213_1415,Oviedo,P_in_leave_one_cohort_out,19,zscore,gradient_boosting,140,0.6980539861895794,0.7675675675675676,0.5473684210526316,0.592964824120603,0.3559322033898305,0.75,1.7796610169491525,0.20898055102187751,0.02941785910452077
oviedo_C4213_1415,Oviedo,P_out_other_institutions,43,zscore,gradient_boosting,140,0.7187696170747018,0.7562189054726368,0.379746835443038,0.592964824120603,0.3389830508474576,0.7142857142857143,1.694915254237288,0.2165804003581368,-0.10023353691639042
oviedo_C836_1415,Oviedo,P_in_leave_one_cohort_out,19,zscore,gradient_boosting,87,0.6157505285412261,0.6530612244897959,0.5526315789473685,0.6717557251908397,0.2727272727272727,0.7058823529411765,1.3957219251336899,0.2453425807958878,-0.03931646940551409
oviedo_C836_1415,Oviedo,P_out_other_institutions,43,zscore,gradient_boosting,87,0.5322410147991544,0.5979381443298969,0.4935064935064935,0.6717557251908397,0.18181818181818182,0.47058823529411764,0.9304812834224598,0.29849824847493645,-0.05733542187277302
oulad_AAA_2013J,OULAD,P_in_leave_one_cohort_out,18,zscore,logistic_regression,383,0.7681397738951696,0.7184873949579832,0.5379310344827586,0.430327868852459,0.4666666666666667,0.6363636363636364,2.3212121212121213,0.2509586596402148,0.2784140320539297
oulad_AAA_2013J,OULAD,P_out_other_institutions,44,zscore,logistic_regression,383,0.7560123329907502,0.8475609756097561,0.09090909090909091,0.430327868852459,0.47619047619047616,0.6493506493506493,2.368583797155226,0.17198543998584467,0.007280501578804999
oulad_AAA_2014J,OULAD,P_in_leave_one_cohort_out,18,zscore,logistic_regression,365,0.7817264257481649,0.7322654462242563,0.6006825938566553,0.469601677148847,0.4375,0.6712328767123288,2.1875,0.2400590478099081,0.2476284445638866
oulad_AAA_2014J,OULAD,P_out_other_institutions,44,zscore,logistic_regression,365,0.7556818181818182,0.8187702265372169,0.0,0.469601677148847,0.38392857142857145,0.589041095890411,1.9196428571428572,0.1849059587586136,-0.025445462044082656
oulad_BBB_2013B,OULAD,P_in_leave_one_cohort_out,18,zscore,logistic_regression,1767,0.8612645525338074,0.7814793901750423,0.7804878048780488,0.7059685097034054,0.36410788381742737,0.9943342776203966,1.8226023532730713,0.14863975910163116,-0.0020121909502465174
oulad_BBB_2013B,OULAD,P_out_other_institutions,44,zscore,logistic_regression,1767,0.8395733323687624,0.6249027237354086,0.0,0.7059685097034054,0.36410788381742737,0.9943342776203966,1.8226023532730713,0.2726016081753784,-0.2638156596852795
oulad_BBB_2013J,OULAD,P_in_leave_one_cohort_out,18,zscore,logistic_regression,2237,0.8648733265005446,0.7743424088601754,0.788036410923277,0.684891240446796,0.3776824034334764,0.9843400447427293,1.8901018713214468,0.1491707280744128,0.03743369030333543
oulad_BBB_2013J,OULAD,P_out_other_institutions,44,zscore,logistic_regression,2237,0.8384296329511242,0.6479298881837413,0.0,0.684891240446796,0.3776824034334764,0.9843400447427293,1.8901018713214468,0.2634911576134396,-0.2390241080003066
oulad_BBB_2014B,OULAD,P_in_leave_one_cohort_out,18,zscore,logistic_regression,1613,0.8664173867683451,0.7776349614395887,0.792814371257485,0.7090836334533814,0.36455981941309257,1.0,1.8205417607223477,0.1455290441401415,0.0010572746943189326
oulad_BBB_2014B,OULAD,P_out_other_institutions,44,zscore,logistic_regression,1613,0.844721186359106,0.6213675213675214,0.0,0.7090836334533814,0.36455981941309257,1.0,1.8205417607223477,0.2749738431942837,-0.2675266249974182
oulad_BBB_2014J,OULAD,P_in_leave_one_cohort_out,18,zscore,logistic_regression,2292,0.8652507462231969,0.7914529914529914,0.7825311942959001,0.6643356643356644,0.4,0.9956331877729258,2.0017467248908294,0.14965314767468038,0.052498441006366026
oulad_BBB_2014J,OULAD,P_out_other_institutions,44,zscore,logistic_regression,2292,0.842810748659844,0.6689895470383276,0.0,0.6643356643356644,0.39824561403508774,0.9912663755458515,1.9929671339921855,0.25190037428798484,-0.21611366743950156
oulad_CCC_2014B,OULAD,P_in_leave_one_cohort_out,18,zscore,logistic_regression,1936,0.8899240401943604,0.7458033573141487,0.8076225045372051,0.7933935805546899,0.3040062843676355,1.0,1.5208169677926158,0.14533928334342375,-0.11724734663131398
oulad_CCC_2014B,OULAD,P_out_other_institutions,44,zscore,logistic_regression,1936,0.8705306522875027,0.5101962293189688,0.0,0.7933935805546899,0.3040062843676355,1.0,1.5208169677926158,0.32257048311533176,-0.37622691696834193
oulad_CCC_2014J,OULAD,P_in_leave_one_cohort_out,18,zscore,logistic_regression,2498,0.8632787353553741,0.7455673758865248,0.7905109489051095,0.7450389349409695,0.3351314902225219,0.994,1.6743169251517196,0.1491737776093088,-0.048522152837286336
oulad_CCC_2014J,OULAD,P_out_other_institutions,44,zscore,logistic_regression,2498,0.8387677753455417,0.5778536863079988,0.0,0.7450389349409695,0.3317599460552933,0.984,1.6574726904922457,0.29655862911169695,-0.31253144207368666
oulad_DDD_2013B,OULAD,P_in_leave_one_cohort_out,18,zscore,logistic_regression,1303,0.8411863610513562,0.7403482210446631,0.7330739299610894,0.7566793893129771,0.3291298865069357,1.0,1.6431273644388398,0.166716083040044,-0.09092012507333258
oulad_DDD_2013B,OULAD,P_out_other_institutions,44,zscore,logistic_regression,1303,0.8285883836510646,0.5626034197462769,0.0,0.7566793893129771,0.3291298865069357,1.0,1.6431273644388398,0.30068179745358337,-0.3269117912732784
oulad_DDD_2013J,OULAD,P_in_leave_one_cohort_out,18,zscore,logistic_regression,1938,0.8641251913013495,0.7824788451966153,0.7659346545259775,0.7279291106005907,0.34445446348061315,0.9845360824742269,1.7204967789315164,0.14774025694924472,-0.04856615421274213
oulad_DDD_2013J,OULAD,P_out_other_institutions,44,zscore,logistic_regression,1938,0.8528086355631792,0.5992049150704735,0.0,0.7279291106005907,0.34265103697024346,0.979381443298969,1.7114889423926078,0.2804865881908227,-0.2907023989270981
oulad_DDD_2014B,OULAD,P_in_leave_one_cohort_out,18,zscore,logistic_regression,1228,0.8642699660786407,0.7640067911714771,0.7824726134585289,0.7577137076378352,0.32710280373831774,0.9959349593495935,1.6328546463034723,0.1505668451523385,-0.0802725398080103
oulad_DDD_2014B,OULAD,P_out_other_institutions,44,zscore,logistic_regression,1228,0.8431311337872905,0.5612185120093731,0.0,0.7577137076378352,0.32443257676902537,0.9878048780487805,1.6195252206193622,0.3008057692312608,-0.32848653216972956
oulad_DDD_2014J,OULAD,P_in_leave_one_cohort_out,18,zscore,logistic_regression,1803,0.858449729740531,0.7673649393605292,0.7645089285714286,0.718550106609808,0.35212660731948564,0.9861495844875346,1.7586821966676807,0.15158636687989518,-0.024835901472660793
oulad_DDD_2014J,OULAD,P_out_other_institutions,44,zscore,logistic_regression,1803,0.8447818941142382,0.6104046242774567,0.0,0.718550106609808,0.35113748763600394,0.9833795013850416,1.7537420781377153,0.27793807943254545,-0.2793006940654847
oulad_EEE_2013J,OULAD,P_in_leave_one_cohort_out,18,zscore,logistic_regression,1052,0.871279935652941,0.7914163090128755,0.7412140575079872,0.5926421404682275,0.47404063205417607,1.0,2.3747178329571104,0.1497993974220294,0.1170844930471252
oulad_EEE_2013J,OULAD,P_out_other_institutions,44,zscore,logistic_regression,1052,0.8698009911522794,0.7332931968693558,0.0,0.5926421404682275,0.4717832957110609,0.9952380952380953,2.363409652800172,0.21231851974965307,-0.14139156908566436
oulad_EEE_2014B,OULAD,P_in_leave_one_cohort_out,18,zscore,logistic_regression,694,0.8773657831084956,0.8176943699731903,0.7881619937694704,0.6537342386032978,0.4124629080118694,1.0,2.059347181008902,0.13440377554492214,0.04417475576069313
oulad_EEE_2014B,OULAD,P_out_other_institutions,44,zscore,logistic_regression,694,0.871788478002477,0.6793529971455756,0.0,0.6537342386032978,0.4124629080118694,1.0,2.059347181008902,0.23746868927747025,-0.2042364089023137
oulad_EEE_2014J,OULAD,P_in_leave_one_cohort_out,18,zscore,logistic_regression,1188,0.87513778659612,0.8015209125475286,0.7540056550424128,0.5957446808510638,0.46825396825396826,0.9915966386554622,2.3373349339735894,0.1456867112475709,0.11426974733851675
oulad_EEE_2014J,OULAD,P_out_other_institutions,44,zscore,logistic_regression,1188,0.8776005407036108,0.7307692307692307,0.0,0.5957446808510638,0.4662698412698413,0.9873949579831933,2.3274309723889557,0.21120890183545005,-0.14349789701744797
oulad_FFF_2013B,OULAD,P_in_leave_one_cohort_out,18,zscore,logistic_regression,1614,0.8456527887074562,0.7768115942028986,0.7438456420492349,0.6802943581357318,0.38100961538461536,0.9814241486068112,1.903868480590617,0.16071263143301717,0.012170243646611012
oulad_FFF_2013B,OULAD,P_out_other_institutions,44,zscore,logistic_regression,1614,0.8302183749754083,0.6527545909849749,0.0,0.6802943581357318,0.375,0.9659442724458205,1.873839009287926,0.2565460356617652,-0.23416590215805821
oulad_FFF_2013J,OULAD,P_in_leave_one_cohort_out,18,zscore,logistic_regression,2283,0.8779076918346324,0.8072850487081745,0.7936507936507936,0.6845289541918754,0.3838383838383838,0.9978118161925602,1.9175121013195413,0.14028029101666517,0.013181396025650605
oulad_FFF_2013J,OULAD,P_out_other_institutions,44,zscore,logistic_regression,2283,0.8564718724536076,0.6483126110124334,0.0,0.6845289541918754,0.37457912457912457,0.973741794310722,1.8712563269456048,0.2551459175067253,-0.2389466545068158
oulad_FFF_2014B,OULAD,P_in_leave_one_cohort_out,18,zscore,logistic_regression,1500,0.875620838484395,0.7847267939433838,0.7792032410533424,0.7212276214833758,0.34988179669030733,0.9866666666666667,1.749408983451537,0.14701804085162948,-0.03657125134868078
oulad_FFF_2014B,OULAD,P_out_other_institutions,44,zscore,logistic_regression,1500,0.8561950101575322,0.6072423398328691,0.0,0.7212276214833758,0.34397163120567376,0.97,1.719858156028369,0.2756699256745828,-0.2825542277242321
oulad_FFF_2014J,OULAD,P_in_leave_one_cohort_out,18,zscore,logistic_regression,2365,0.9058213822509928,0.8353909465020576,0.8260869565217391,0.6908386382507611,0.3782051282051282,0.9978858350951374,1.891025641025641,0.1212505817380656,0.006841212664083884
oulad_FFF_2014J,OULAD,P_out_other_institutions,44,zscore,logistic_regression,2365,0.8908445096756422,0.6415852958070075,0.0,0.6908386382507611,0.37740384615384615,0.9957716701902748,1.8870192307692306,0.25290066177076104,-0.24616982854261876
ku_Accountancy_1819,KU Leuven,P_in_leave_one_cohort_out,5,zscore,logistic_regression,752,0.6568122632575758,0.8116182572614108,0.2408026755852843,0.45901639344262296,0.3080357142857143,0.46,1.5442857142857145,0.19878597537411352,0.04481447779660991
ku_Accountancy_1819,KU Leuven,P_out_other_institutions,57,zscore,logistic_regression,752,0.6323601528679654,0.7549668874172185,0.42058165548098436,0.45901639344262296,0.30357142857142855,0.4533333333333333,1.5219047619047619,0.2341232720516983,0.14492524643147586
ku_Globaleconom_1819,KU Leuven,P_in_leave_one_cohort_out,5,zscore,logistic_regression,743,0.6157305852042694,0.7137614678899082,0.21212121212121213,0.6086142322097378,0.27384615384615385,0.5973154362416108,1.3655549819308208,0.2526914598867943,-0.12545362517877656
ku_Globaleconom_1819,KU Leuven,P_out_other_institutions,57,zscore,logistic_regression,743,0.6212808244387192,0.6659242761692651,0.4897959183673469,0.6086142322097378,0.26153846153846155,0.5704697986577181,1.3041817243159524,0.2541499471861542,0.014184427737618077
ku_Accountancy_1920,KU Leuven,P_in_leave_one_cohort_out,5,zscore,logistic_regression,705,0.6714155776655777,0.7970749542961609,0.2974683544303797,0.4822389666307858,0.3169642857142857,0.5035460992907801,1.5848214285714284,0.20085354251095108,0.021402752957883575
ku_Accountancy_1920,KU Leuven,P_out_other_institutions,57,zscore,logistic_regression,705,0.6647423522423523,0.7762376237623763,0.435,0.4822389666307858,0.3125,0.49645390070921985,1.5625,0.22160989780643095,0.12368398141000919
ku_Globaleconom_1920,KU Leuven,P_in_leave_one_cohort_out,5,zscore,logistic_regression,681,0.6662200890048696,0.841726618705036,0.296,0.3938679245283019,0.3413173652694611,0.41911764705882354,1.7090965128566398,0.18623695910263852,0.10880767386135873
ku_Globaleconom_1920,KU Leuven,P_out_other_institutions,57,zscore,logistic_regression,681,0.6585428365059762,0.7728194726166329,0.40425531914893614,0.3938679245283019,0.32934131736526945,0.40441176470588236,1.6491282141599155,0.22624642825655528,0.20193515527721037
ku_Accountancy_2021,KU Leuven,P_in_leave_one_cohort_out,5,zscore,logistic_regression,723,0.6947549127036307,0.8220858895705522,0.3344262295081967,0.46006389776357826,0.35185185185185186,0.5241379310344828,1.7544061302681995,0.1919694760193951,0.04386134272075115
ku_Accountancy_2021,KU Leuven,P_out_other_institutions,57,zscore,logistic_regression,723,0.6689586529330118,0.7962441314553991,0.4304461942257218,0.46006389776357826,0.3287037037037037,0.4896551724137931,1.6389846743295018,0.21790696348644978,0.14398272935160472
ku_Globaleconom_2021,KU Leuven,P_in_leave_one_cohort_out,5,zscore,logistic_regression,335,0.66090027108004,0.6722338204592901,0.17801047120418848,0.6546184738955823,0.2822085889570552,0.6865671641791045,1.4110429447852761,0.2582794135222427,-0.16629507529864673
ku_Globaleconom_2021,KU Leuven,P_out_other_institutions,57,zscore,logistic_regression,335,0.6669639035525753,0.6972477064220184,0.4358974358974359,0.6546184738955823,0.2883435582822086,0.7014925373134329,1.441717791411043,0.24062602195595117,-0.046855187453940184
ukzn_ISTN101_2019,UKZN,P_in_leave_one_cohort_out,15,zscore,logistic_regression,1056,0.6798588950937376,0.905876235049402,0.042328042328042326,0.2967741935483871,0.391304347826087,0.3412322274881517,1.958376262105914,0.1343589003368899,-0.02374675847347929
ukzn_ISTN101_2019,UKZN,P_out_other_institutions,47,zscore,logistic_regression,1056,0.6705723972875948,0.7150684931506849,0.3619631901840491,0.2967741935483871,0.3804347826086957,0.33175355450236965,1.9039769214918605,0.2653827230625134,0.34074990929174903
ukzn_ISTN101_2020,UKZN,P_in_leave_one_cohort_out,15,zscore,logistic_regression,978,0.7541354539663013,0.9726890756302521,0.0,0.09542356377799414,0.4897959183673469,0.12244897959183673,2.443981674302374,0.06326433767934524,0.11893834260900701
ukzn_ISTN101_2020,UKZN,P_out_other_institutions,47,zscore,logistic_regression,978,0.7341227125941874,0.6949270326615705,0.15087040618955513,0.09542356377799414,0.40816326530612246,0.10204081632653061,2.0366513952519787,0.3242820132059597,0.47339565202858447
ukzn_ISTN101_2021,UKZN,P_in_leave_one_cohort_out,15,zscore,logistic_regression,741,0.795359835182844,0.9554770318021202,0.05970149253731343,0.15671641791044774,0.5555555555555556,0.23648648648648649,2.7815315315315314,0.07437871811638565,0.0751195148307395
ukzn_ISTN101_2021,UKZN,P_out_other_institutions,47,zscore,logistic_regression,741,0.7861356932153393,0.7188081936685289,0.25980392156862747,0.15671641791044774,0.5079365079365079,0.21621621621621623,2.543114543114543,0.2644566766237018,0.43038350922953317
ukzn_ISTN102_2018,UKZN,P_in_leave_one_cohort_out,15,zscore,logistic_regression,257,0.6716464363523187,0.8475336322869955,0.0,0.4184615384615385,0.35294117647058826,0.47058823529411764,1.778546712802768,0.19364311561988312,-0.1152468140573043
ukzn_ISTN102_2018,UKZN,P_out_other_institutions,47,zscore,logistic_regression,257,0.6556956115779645,0.7048192771084337,0.46153846153846156,0.4184615384615385,0.38235294117647056,0.5098039215686274,1.9267589388696653,0.26012665520410394,0.24509070120201232
ukzn_ISTN103_2019,UKZN,P_in_leave_one_cohort_out,15,zscore,logistic_regression,1113,0.664270192701927,0.8442367601246106,0.0,0.4246284501061571,0.3,0.40358744394618834,1.497309417040359,0.20503756388924765,-0.13640705199732467
ukzn_ISTN103_2019,UKZN,P_out_other_institutions,47,zscore,logistic_regression,1113,0.6637945879458794,0.7113259668508287,0.46272493573264784,0.4246284501061571,0.32666666666666666,0.43946188340807174,1.6304035874439462,0.2598477440319402,0.2395744054454358
ukzn_ISTN103_2020,UKZN,P_in_leave_one_cohort_out,15,zscore,logistic_regression,1082,0.6944067263162628,0.9438750610053684,0.0,0.19214703425229743,0.4,0.21296296296296297,2.0037037037037035,0.09445278799480086,0.05564761203017869
ukzn_ISTN103_2020,UKZN,P_out_other_institutions,47,zscore,logistic_regression,1082,0.6667460995458837,0.6657789613848203,0.24169184290030213,0.19214703425229743,0.3391304347826087,0.18055555555555555,1.698792270531401,0.3032106102231893,0.4098328261046561
ukzn_ISTN211_2019,UKZN,P_in_leave_one_cohort_out,15,zscore,logistic_regression,280,0.7664851784633998,0.9666666666666667,0.1,0.12709030100334448,0.47368421052631576,0.16071428571428573,2.368421052631579,0.0668263662267056,0.08703744279341831
ukzn_ISTN211_2019,UKZN,P_out_other_institutions,47,zscore,logistic_regression,280,0.730590844928413,0.6512820512820513,0.2,0.12709030100334448,0.42105263157894735,0.14285714285714285,2.1052631578947367,0.2898656699227643,0.45886470930990186
ukzn_ISTN211_2021,UKZN,P_in_leave_one_cohort_out,15,zscore,logistic_regression,327,0.8024667931688805,0.9733124018838305,0.0,0.09883720930232558,0.5294117647058824,0.13846153846153847,2.663348416289593,0.058673610958859375,0.10632014873798672
ukzn_ISTN211_2021,UKZN,P_out_other_institutions,47,zscore,logistic_regression,327,0.8034155597722961,0.7331975560081466,0.19631901840490798,0.09883720930232558,0.5294117647058824,0.13846153846153847,2.663348416289593,0.27805970325459867,0.45195874418563486
ukzn_ISTN212_2018,UKZN,P_in_leave_one_cohort_out,15,zscore,logistic_regression,238,0.7647024367385191,0.8981481481481481,0.0,0.3120567375886525,0.36363636363636365,0.3333333333333333,1.8030303030303028,0.1355055011093719,-0.03356991101421972
ukzn_ISTN212_2018,UKZN,P_out_other_institutions,47,zscore,logistic_regression,238,0.7745431115276477,0.7569230769230769,0.4768211920529801,0.3120567375886525,0.4318181818181818,0.3958333333333333,2.141098484848485,0.24190478698527637,0.3203901125491794
ukzn_ISTN212_2019,UKZN,P_in_leave_one_cohort_out,15,zscore,logistic_regression,264,0.7778850278850279,0.9173553719008265,0.09090909090909091,0.2745098039215686,0.4523809523809524,0.3584905660377358,2.2533692722371965,0.11695202381491823,-0.006113618825921707
ukzn_ISTN212_2019,UKZN,P_out_other_institutions,47,zscore,logistic_regression,264,0.745924495924496,0.7371273712737128,0.389937106918239,0.2745098039215686,0.35714285714285715,0.2830188679245283,1.778975741239892,0.25695404965985336,0.350797507394631
ukzn_ISTN2IP_2018,UKZN,P_in_leave_one_cohort_out,15,zscore,logistic_regression,99,0.7210810810810812,0.8554913294797688,0.0,0.40322580645161293,0.24,0.3,1.188,0.1873467273903233,-0.10299313605267627
ukzn_ISTN2IP_2018,UKZN,P_out_other_institutions,47,zscore,logistic_regression,99,0.6654054054054055,0.6666666666666666,0.48717948717948717,0.40322580645161293,0.32,0.4,1.584,0.269582774291507,0.26944837258901994
ukzn_ISTN2IP_2019,UKZN,P_in_leave_one_cohort_out,15,zscore,logistic_regression,116,0.7495941558441559,0.8627450980392157,0.0,0.3888888888888889,0.42857142857142855,0.5217391304347826,2.1614906832298133,0.16804151630295833,-0.090225391490105
ukzn_ISTN2IP_2019,UKZN,P_out_other_institutions,47,zscore,logistic_regression,116,0.7297077922077922,0.6527777777777778,0.4318181818181818,0.3888888888888889,0.4642857142857143,0.5652173913043478,2.341614906832298,0.23696170926176244,0.27860120942397515
ukzn_ISTN3ND_2018,UKZN,P_in_leave_one_cohort_out,15,zscore,logistic_regression,144,0.5950796531558782,0.7532467532467533,0.0,0.5671641791044776,0.24561403508771928,0.4827586206896552,1.2196007259528132,0.29653318495274367,-0.24965826836655258
ukzn_ISTN3ND_2018,UKZN,P_out_other_institutions,47,zscore,logistic_regression,144,0.554547287759629,0.6012269938650306,0.48,0.5671641791044776,0.21052631578947367,0.41379310344827586,1.045372050816697,0.28721728360919485,0.11243287231267524
ukzn_ISTN3ND_2019,UKZN,P_in_leave_one_cohort_out,15,zscore,logistic_regression,223,0.6771203656678517,0.8927680798004988,0.044444444444444446,0.32958801498127344,0.36363636363636365,0.35555555555555557,1.8020202020202023,0.1508152003079929,-0.05004191892546564
ukzn_ISTN3ND_2019,UKZN,P_out_other_institutions,47,zscore,logistic_regression,223,0.6992127983748095,0.7508090614886731,0.43795620437956206,0.32958801498127344,0.38636363636363635,0.37777777777777777,1.9146464646464647,0.25234795209287514,0.3101734310774096
ukzn_ISTN3SA_2018,UKZN,P_in_leave_one_cohort_out,15,zscore,logistic_regression,141,0.6939939939939941,0.8809523809523809,0.0,0.3508771929824561,0.3333333333333333,0.35714285714285715,1.6785714285714286,0.16032076413793547,-0.06411277709333113
ukzn_ISTN3SA_2018,UKZN,P_out_other_institutions,47,zscore,logistic_regression,141,0.6372372372372372,0.6994535519125683,0.4444444444444444,0.3508771929824561,0.23333333333333334,0.25,1.175,0.2791139183286811,0.30838361272332615
ukzn_ISTN3SA_2019,UKZN,P_in_leave_one_cohort_out,15,zscore,logistic_regression,195,0.6098823529411764,0.9315068493150684,0.0,0.22727272727272727,0.32,0.20512820512820512,1.6,0.10891104429225544,0.025318679608376637
ukzn_ISTN3SA_2019,UKZN,P_out_other_institutions,47,zscore,logistic_regression,195,0.6087058823529412,0.6617647058823529,0.22033898305084745,0.22727272727272727,0.4,0.2564102564102564,2.0,0.29009405014003437,0.38942814202690734
zambia_ICT1110_2020,Zambia,P_in_leave_one_cohort_out,1,zscore,logistic_regression,65,0.6326530612244897,0.3076923076923077,0.8269230769230769,0.8596491228070176,0.22448979591836735,0.8461538461538461,1.1224489795918366,0.19954583656266317,-0.13237611614881806
zambia_ICT1110_2020,Zambia,P_out_other_institutions,61,zscore,logistic_regression,65,0.5535714285714286,0.3728813559322034,0.4788732394366197,0.8596491228070176,0.20408163265306123,0.7692307692307693,1.0204081632653061,0.3259742802251557,-0.3143374601544385
zambia_ICT1110_2021,Zambia,P_in_leave_one_cohort_out,1,zscore,logistic_regression,52,0.6171875,0.0,0.7619047619047619,0.761904761904762,0.21875,0.7,1.1375,0.24303648793420682,0.14284700740952927
zambia_ICT1110_2021,Zambia,P_out_other_institutions,61,zscore,logistic_regression,52,0.5968749999999999,0.5517241379310345,0.43478260869565216,0.761904761904762,0.25,0.8,1.3,0.27549976005327614,-0.17759144334955768
oviedo_C1112_1415,Oviedo,P_in_leave_one_cohort_out,19,zscore,logistic_regression,199,0.7003459503459504,0.7007874015748031,0.4722222222222222,0.7035830618892508,0.35185185185185186,0.95,1.7504629629629629,0.22712016501739132,-0.094168503251227
oviedo_C1112_1415,Oviedo,P_out_other_institutions,43,zscore,logistic_regression,199,0.7417582417582418,0.6942148760330579,0.5256410256410257,0.7035830618892508,0.3425925925925926,0.925,1.7043981481481483,0.20969430585366916,-0.10769775726475456
oviedo_C1127_1415,Oviedo,P_in_leave_one_cohort_out,19,zscore,logistic_regression,106,0.5774971297359357,0.782051282051282,0.39285714285714285,0.5379310344827586,0.3333333333333333,0.6190476190476191,1.6825396825396828,0.22372354550760618,0.08795437514861326
oviedo_C1127_1415,Oviedo,P_out_other_institutions,43,zscore,logistic_regression,106,0.5832376578645235,0.726027397260274,0.3939393939393939,0.5379310344827586,0.3076923076923077,0.5714285714285714,1.5531135531135531,0.22037230355486348,0.06567777260563495
oviedo_C1200_1415,Oviedo,P_in_leave_one_cohort_out,19,zscore,logistic_regression,107,0.6395348837209303,0.6259541984732825,0.40963855421686746,0.7485380116959064,0.296875,0.9047619047619048,1.5126488095238098,0.2424809110976543,-0.14926847345387723
oviedo_C1200_1415,Oviedo,P_out_other_institutions,43,zscore,logistic_regression,107,0.6758720930232558,0.6290322580645161,0.4888888888888889,0.7485380116959064,0.296875,0.9047619047619048,1.5126488095238098,0.24125197722972427,-0.16607685811118633
oviedo_C1303_1415,Oviedo,P_in_leave_one_cohort_out,19,zscore,logistic_regression,112,0.6190476190476191,0.55,0.4807692307692308,0.7692307692307693,0.22857142857142856,0.7272727272727273,1.1636363636363636,0.2562373072011636,-0.1756860340871475
oviedo_C1303_1415,Oviedo,P_out_other_institutions,43,zscore,logistic_regression,112,0.6163265306122448,0.5714285714285714,0.6218487394957983,0.7692307692307693,0.22857142857142856,0.7272727272727273,1.1636363636363636,0.2670133409701429,-0.17424394181168995
oviedo_C174_1415,Oviedo,P_in_leave_one_cohort_out,19,zscore,logistic_regression,96,0.9869281045751633,0.918918918918919,0.8888888888888888,0.6382978723404256,0.4222222222222222,1.0,2.1333333333333333,0.17416712203072302,-0.014354643346072116
oviedo_C174_1415,Oviedo,P_out_other_institutions,43,zscore,logistic_regression,96,0.9516339869281045,0.9444444444444444,0.9285714285714286,0.6382978723404256,0.4222222222222222,1.0,2.1333333333333333,0.10030881384768708,-0.02101388808688648
oviedo_C190_1415,Oviedo,P_in_leave_one_cohort_out,19,zscore,logistic_regression,112,0.3866923818707811,0.5230769230769231,0.3404255319148936,0.7052023121387282,0.14754098360655737,0.4090909090909091,0.7511177347242922,0.291087730495989,-0.0935946086138304
oviedo_C190_1415,Oviedo,P_out_other_institutions,43,zscore,logistic_regression,112,0.41240758598521376,0.47619047619047616,0.32653061224489793,0.7052023121387282,0.18032786885245902,0.5,0.918032786885246,0.34419735429891024,-0.09725915765732879
oviedo_C1978_1415,Oviedo,P_in_leave_one_cohort_out,19,zscore,logistic_regression,164,0.6775976418570375,0.7678571428571429,0.5,0.43809523809523815,0.43478260869565216,0.6060606060606061,2.1607378129117256,0.22119051644810694,0.18227646190208358
oviedo_C1978_1415,Oviedo,P_out_other_institutions,43,zscore,logistic_regression,164,0.6873618275607959,0.7230046948356808,0.48695652173913045,0.43809523809523815,0.41304347826086957,0.5757575757575758,2.0527009222661396,0.21318713777992604,0.171351825321726
oviedo_C2011_1415,Oviedo,P_in_leave_one_cohort_out,19,zscore,logistic_regression,120,0.7182896890343697,0.8397790055248618,0.5084745762711864,0.3561643835616438,0.5,0.5416666666666666,2.4999999999999996,0.21516519363347708,0.24592627911606302
oviedo_C2011_1415,Oviedo,P_out_other_institutions,43,zscore,logistic_regression,120,0.7289279869067102,0.8202247191011236,0.4838709677419355,0.3561643835616438,0.5384615384615384,0.5833333333333334,2.6923076923076925,0.2020967418987001,0.22834671063386652
oviedo_C2024_1415,Oviedo,P_in_leave_one_cohort_out,19,zscore,logistic_regression,327,0.5627272727272729,0.7015250544662309,0.29743589743589743,0.27440633245382584,0.25,0.2,1.2576923076923077,0.24288349464318795,0.32391521837478043
oviedo_C2024_1415,Oviedo,P_out_other_institutions,43,zscore,logistic_regression,327,0.5674125874125874,0.7576374745417516,0.26993865030674846,0.27440633245382584,0.2692307692307692,0.2153846153846154,1.3544378698224853,0.25155273336251194,0.2919078583055622
oviedo_C2150_1415,Oviedo,P_in_leave_one_cohort_out,19,zscore,logistic_regression,106,0.7609756097560976,0.7972972972972973,0.53125,0.5578231292517007,0.36585365853658536,0.7142857142857143,1.8466898954703832,0.22010231474950429,0.07005590998519207
oviedo_C2150_1415,Oviedo,P_out_other_institutions,43,zscore,logistic_regression,106,0.775609756097561,0.7851851851851852,0.6233766233766234,0.5578231292517007,0.4146341463414634,0.8095238095238095,2.092915214866434,0.1871911355243673,0.055376095353262045
oviedo_C2271_1415,Oviedo,P_in_leave_one_cohort_out,19,zscore,logistic_regression,596,0.640488150064383,0.6970509383378016,0.49327354260089684,0.5860023724792408,0.29554655870445345,0.6134453781512605,1.4802163780491955,0.23010156687458802,0.047583778723096215
oviedo_C2271_1415,Oviedo,P_out_other_institutions,43,zscore,logistic_regression,596,0.6478428824982889,0.6833333333333333,0.5169491525423728,0.5860023724792408,0.3157894736842105,0.6554621848739496,1.5816010614772225,0.22939969072700434,0.03497923779876555
oviedo_C2335_1415,Oviedo,P_in_leave_one_cohort_out,19,zscore,logistic_regression,428,0.5424162918540729,0.46799116997792495,0.40198511166253104,0.807799442896936,0.20344827586206896,0.686046511627907,1.0125100240577385,0.2830144415741838,-0.2475409574836263
oviedo_C2335_1415,Oviedo,P_out_other_institutions,43,zscore,logistic_regression,428,0.5456146926536731,0.40793201133144474,0.584493041749503,0.807799442896936,0.21379310344827587,0.7209302325581395,1.0639935846030473,0.2988214314133231,-0.19445223107290865
oviedo_C2406_1415,Oviedo,P_in_leave_one_cohort_out,19,zscore,logistic_regression,133,0.6260240963855422,0.5578231292517006,0.453781512605042,0.7685185185185186,0.2289156626506024,0.7037037037037037,1.1276215975011155,0.25679435057611394,-0.1758900552046052
oviedo_C2406_1415,Oviedo,P_out_other_institutions,43,zscore,logistic_regression,133,0.6508433734939758,0.5611510791366906,0.5196850393700787,0.7685185185185186,0.24096385542168675,0.7407407407407407,1.186970102632753,0.27524792517620117,-0.18190081204652725
oviedo_C2468_1415,Oviedo,P_in_leave_one_cohort_out,19,zscore,logistic_regression,82,0.6472337894110649,0.6990291262135923,0.4918032786885246,0.6666666666666666,0.3170731707317073,0.8125,1.625,0.23801668575564405,-0.046141538686357175
oviedo_C2468_1415,Oviedo,P_out_other_institutions,43,zscore,logistic_regression,82,0.662700773349197,0.6666666666666666,0.5633802816901409,0.6666666666666666,0.34146341463414637,0.875,1.75,0.23073285041238603,-0.05752431554222398
oviedo_C2607_1415,Oviedo,P_in_leave_one_cohort_out,19,zscore,logistic_regression,277,0.48519339242546333,0.3783783783783784,0.4542372881355932,0.8482328482328483,0.19117647058823528,0.7090909090909091,0.9628342245989304,0.29822554500669246,-0.3018528077337859
oviedo_C2607_1415,Oviedo,P_out_other_institutions,43,zscore,logistic_regression,277,0.4860663443459575,0.32038834951456313,0.5977011494252874,0.8482328482328483,0.19117647058823528,0.7090909090909091,0.9628342245989304,0.3289741973021432,-0.2561739610193752
oviedo_C3022_1415,Oviedo,P_in_leave_one_cohort_out,19,zscore,logistic_regression,238,0.5732698961937717,0.6488294314381271,0.4067796610169492,0.4444444444444445,0.25,0.3541666666666667,1.2395833333333335,0.23720016438172625,0.18338463971860014
oviedo_C3022_1415,Oviedo,P_out_other_institutions,43,zscore,logistic_regression,238,0.5813148788927336,0.6510067114093959,0.4157303370786517,0.4444444444444445,0.25,0.3541666666666667,1.2395833333333335,0.26957397986762377,0.19497164267191863
oviedo_C3029_1415,Oviedo,P_in_leave_one_cohort_out,19,zscore,logistic_regression,231,0.5107809847198642,0.6426229508196721,0.3057324840764331,0.49511400651465803,0.15789473684210525,0.2608695652173913,0.7929061784897025,0.24582874646979086,0.13590125341873882
oviedo_C3029_1415,Oviedo,P_out_other_institutions,43,zscore,logistic_regression,231,0.49694397283531416,0.6116838487972509,0.3391812865497076,0.49511400651465803,0.15789473684210525,0.2608695652173913,0.7929061784897025,0.29440723150326037,0.1414608386250339
oviedo_C4189_1415,Oviedo,P_in_leave_one_cohort_out,19,zscore,logistic_regression,128,0.4844362745098039,0.6938775510204082,0.0,0.6382978723404256,0.25,0.5769230769230769,1.2307692307692306,0.2600931086764753,-0.012795716602070073
oviedo_C4189_1415,Oviedo,P_out_other_institutions,43,zscore,logistic_regression,128,0.4905637254901961,0.24444444444444444,0.5903614457831325,0.6382978723404256,0.25,0.5769230769230769,1.2307692307692306,0.3002010868857154,0.037648646609036884
oviedo_C4213_1415,Oviedo,P_in_leave_one_cohort_out,19,zscore,logistic_regression,140,0.7189788658715212,0.7772020725388601,0.5057471264367817,0.592964824120603,0.3728813559322034,0.7857142857142857,1.8644067796610169,0.21762865269733936,0.03312290923436689
oviedo_C4213_1415,Oviedo,P_out_other_institutions,43,zscore,logistic_regression,140,0.7250470809792844,0.7513812154696132,0.5454545454545454,0.592964824120603,0.3559322033898305,0.75,1.7796610169491525,0.20230724210909926,0.015408725099434695
oviedo_C836_1415,Oviedo,P_in_leave_one_cohort_out,19,zscore,logistic_regression,87,0.5507399577167019,0.5858585858585859,0.4533333333333333,0.6717557251908397,0.22727272727272727,0.5882352941176471,1.1631016042780749,0.25321872722223665,-0.05156762345843097
oviedo_C836_1415,Oviedo,P_out_other_institutions,43,zscore,logistic_regression,87,0.5433403805496828,0.5777777777777777,0.5476190476190477,0.6717557251908397,0.18181818181818182,0.47058823529411764,0.9304812834224598,0.2908323058894224,-0.043951086129526196
oulad_AAA_2013J,OULAD,P_in_leave_one_cohort_out,18,zscore,random_forest,383,0.7525179856115108,0.6695652173913044,0.5032679738562091,0.430327868852459,0.44761904761904764,0.6103896103896104,2.2264687693259124,0.2515506980950267,0.2775403262267662
oulad_AAA_2013J,OULAD,P_out_other_institutions,44,zscore,random_forest,383,0.7152792052072628,0.840064620355412,0.32653061224489793,0.430327868852459,0.4,0.5454545454545454,1.9896103896103896,0.17526982668457763,0.02660027038903695
oulad_AAA_2014J,OULAD,P_in_leave_one_cohort_out,18,zscore,random_forest,365,0.7576581027667985,0.6470588235294118,0.5527950310559007,0.469601677148847,0.41964285714285715,0.6438356164383562,2.0982142857142856,0.24552672171142076,0.24780396856803438
oulad_AAA_2014J,OULAD,P_out_other_institutions,44,zscore,random_forest,365,0.6975931677018634,0.8359240069084629,0.3708609271523179,0.469601677148847,0.4017857142857143,0.6164383561643836,2.008928571428571,0.1828230003084993,0.00020499450900884897
oulad_BBB_2013B,OULAD,P_in_leave_one_cohort_out,18,zscore,random_forest,1767,0.8553873441399731,0.7774710104914412,0.7661056297156124,0.7059685097034054,0.3630705394190871,0.9915014164305949,1.8174097539759968,0.14973992322616245,-0.0188097969369877
oulad_BBB_2013B,OULAD,P_out_other_institutions,44,zscore,random_forest,1767,0.556030807707611,0.625633034670822,0.0062047569803516025,0.7059685097034054,0.1628630705394191,0.4447592067988669,0.8152380896406616,0.3403266273080732,-0.3062812063966609
oulad_BBB_2013J,OULAD,P_in_leave_one_cohort_out,18,zscore,random_forest,2237,0.8665464255973353,0.776814240073026,0.78580814717477,0.684891240446796,0.3776824034334764,0.9843400447427293,1.8901018713214468,0.1451952177686213,0.043513115732453644
oulad_BBB_2013J,OULAD,P_out_other_institutions,44,zscore,random_forest,2237,0.3898108705400038,0.6466848319709355,0.0034158838599487617,0.684891240446796,0.16738197424892703,0.436241610738255,0.8376587838810957,0.35121282555464656,-0.2865936594508903
oulad_BBB_2014B,OULAD,P_in_leave_one_cohort_out,18,zscore,random_forest,1613,0.8609937247912661,0.7782051282051282,0.7923169267707083,0.7090836334533814,0.36455981941309257,1.0,1.8205417607223477,0.14558999107579362,-0.009676574533913906
oulad_BBB_2014B,OULAD,P_out_other_institutions,44,zscore,random_forest,1613,0.5295798000999811,0.6194766194766195,0.008938547486033519,0.7090836334533814,0.18058690744920994,0.4953560371517028,0.9018163520606056,0.3465199740304631,-0.3079737001045997
oulad_BBB_2014J,OULAD,P_in_leave_one_cohort_out,18,zscore,random_forest,2292,0.8632161458333333,0.7726075504828798,0.7753686036426712,0.6643356643356644,0.3956140350877193,0.9847161572052402,1.9797977476442197,0.1516426959817121,0.07241362499998527
oulad_BBB_2014J,OULAD,P_out_other_institutions,44,zscore,random_forest,2292,0.5596620674951267,0.6664717918737212,0.018916595012897677,0.6643356643356644,0.16052631578947368,0.39956331877729256,0.803332567225925,0.3115425591537583,-0.24708656215314423
oulad_CCC_2014B,OULAD,P_in_leave_one_cohort_out,18,zscore,random_forest,1936,0.877565020811636,0.7458432304038005,0.8043875685557587,0.7933935805546899,0.3040062843676355,1.0,1.5208169677926158,0.14254098390455305,-0.08650237281430095
oulad_CCC_2014B,OULAD,P_out_other_institutions,44,zscore,random_forest,1936,0.37863433487480436,0.5067803177063154,0.013942680092951201,0.7933935805546899,0.1539670070699136,0.5064599483204134,0.770232882913056,0.4019541297960823,-0.3912781905432859
oulad_CCC_2014J,OULAD,P_in_leave_one_cohort_out,18,zscore,random_forest,2498,0.8499078223146399,0.746560142032845,0.7918337586584032,0.7450389349409695,0.3351314902225219,0.994,1.6743169251517196,0.1507439810953219,-0.013451138437294174
oulad_CCC_2014J,OULAD,P_out_other_institutions,44,zscore,random_forest,2498,0.6885022039601527,0.5774971297359357,0.026455026455026454,0.7450389349409695,0.2306136210384356,0.684,1.1521456507080245,0.34075691300528116,-0.3500618277021056
oulad_DDD_2013B,OULAD,P_in_leave_one_cohort_out,18,zscore,random_forest,1303,0.8260242810869619,0.7348544453186467,0.7475655430711611,0.7566793893129771,0.3291298865069357,1.0,1.6431273644388398,0.17340435882100208,-0.10227806828869279
oulad_DDD_2013B,OULAD,P_out_other_institutions,44,zscore,random_forest,1303,0.751447716539327,0.599290780141844,0.25820568927789933,0.7566793893129771,0.29508196721311475,0.896551724137931,1.4731486715658564,0.2806431884723775,-0.2814256436036005
oulad_DDD_2013J,OULAD,P_in_leave_one_cohort_out,18,zscore,random_forest,1938,0.8672420300621846,0.7799680340969632,0.7933966983491746,0.7279291106005907,0.345356176735798,0.9871134020618557,1.7250006972009706,0.14460685106547874,-0.03924631300657089
oulad_DDD_2013J,OULAD,P_out_other_institutions,44,zscore,random_forest,1938,0.7828355781896339,0.6010211524434719,0.03527336860670194,0.7279291106005907,0.28764652840396754,0.8221649484536082,1.4367499279558997,0.28655095172216827,-0.28812434178985424
oulad_DDD_2014B,OULAD,P_in_leave_one_cohort_out,18,zscore,random_forest,1228,0.8640748555485254,0.7541850220264317,0.7887963663890991,0.7577137076378352,0.32710280373831774,0.9959349593495935,1.6328546463034723,0.14998833935161215,-0.07218133408907423
oulad_DDD_2014B,OULAD,P_out_other_institutions,44,zscore,random_forest,1228,0.8119357473151397,0.5604265402843602,0.033854166666666664,0.7577137076378352,0.3030707610146863,0.9227642276422764,1.5128898151464825,0.29460346164824197,-0.3330794674705543
oulad_DDD_2014J,OULAD,P_in_leave_one_cohort_out,18,zscore,random_forest,1803,0.841256281909101,0.7579062159214831,0.7494356659142212,0.718550106609808,0.35311572700296734,0.9889196675900277,1.763622315197646,0.15952583249707256,-0.04768245675140648
oulad_DDD_2014J,OULAD,P_out_other_institutions,44,zscore,random_forest,1803,0.5579053392480693,0.6092664092664093,0.003937007874015748,0.718550106609808,0.17804154302670624,0.4986149584487535,0.8892213353937711,0.3723511041865089,-0.3567981453055939
oulad_EEE_2013J,OULAD,P_in_leave_one_cohort_out,18,zscore,random_forest,1052,0.8551264516081205,0.8229665071770335,0.7388235294117647,0.5926421404682275,0.47404063205417607,1.0,2.3747178329571104,0.14494544618709598,0.06510962109190294
oulad_EEE_2013J,OULAD,P_out_other_institutions,44,zscore,random_forest,1052,0.8096053553358761,0.7325651910248635,0.03076923076923077,0.5926421404682275,0.38826185101580135,0.819047619047619,1.9450069869934428,0.22428587127604718,-0.16534232005286642
oulad_EEE_2014B,OULAD,P_in_leave_one_cohort_out,18,zscore,random_forest,694,0.8740077633427258,0.7983310152990264,0.7832585949177877,0.6537342386032978,0.4124629080118694,1.0,2.059347181008902,0.13828083823025877,0.048725397794022574
oulad_EEE_2014B,OULAD,P_out_other_institutions,44,zscore,random_forest,694,0.8283918908809814,0.7722342733188721,0.5493562231759657,0.6537342386032978,0.39762611275964393,0.9640287769784173,1.985269944281963,0.20841035006888106,-0.1854393361006254
oulad_EEE_2014J,OULAD,P_in_leave_one_cohort_out,18,zscore,random_forest,1188,0.8642250881834215,0.7847328244274809,0.7354596622889306,0.5957446808510638,0.4642857142857143,0.9831932773109243,2.3175270108043216,0.14874307097544037,0.08476281346454112
oulad_EEE_2014J,OULAD,P_out_other_institutions,44,zscore,random_forest,1188,0.6463192123828089,0.7291220556745182,0.003937007874015748,0.5957446808510638,0.2837301587301587,0.6008403361344538,1.416266506602641,0.27054611256552324,-0.1934019012770589
oulad_FFF_2013B,OULAD,P_in_leave_one_cohort_out,18,zscore,random_forest,1614,0.828328650649223,0.768957345971564,0.7467532467532467,0.6802943581357318,0.3629807692307692,0.934984520123839,1.8137800666825437,0.16837873880194065,-0.030033687176894308
oulad_FFF_2013B,OULAD,P_out_other_institutions,44,zscore,random_forest,1614,0.7642816742081449,0.6999101527403414,0.3333333333333333,0.6802943581357318,0.3425480769230769,0.8823529411764706,1.7116798642533937,0.24875413006755187,-0.20664926183215188
oulad_FFF_2013J,OULAD,P_in_leave_one_cohort_out,18,zscore,random_forest,2283,0.8716183909106284,0.7897526501766784,0.7932232841007819,0.6845289541918754,0.3787878787878788,0.9846827133479212,1.8922816789337578,0.14229839620642745,0.01938071350262416
oulad_FFF_2013J,OULAD,P_out_other_institutions,44,zscore,random_forest,2283,0.8246502313853913,0.6954574536148432,0.3388888888888889,0.6845289541918754,0.36195286195286197,0.9409190371991247,1.8081802709811463,0.23523414354213223,-0.2229879509323674
oulad_FFF_2014B,OULAD,P_in_leave_one_cohort_out,18,zscore,random_forest,1500,0.862403395001482,0.7678812415654521,0.7733860342555995,0.7212276214833758,0.3486997635933806,0.9833333333333333,1.743498817966903,0.1537519368307968,-0.05372071960005187
oulad_FFF_2014B,OULAD,P_out_other_institutions,44,zscore,random_forest,1500,0.8099411875275627,0.6101694915254238,0.0547945205479452,0.7212276214833758,0.30023640661938533,0.8466666666666667,1.5011820330969268,0.2920246999688091,-0.30774009703311306
oulad_FFF_2014J,OULAD,P_in_leave_one_cohort_out,18,zscore,random_forest,2365,0.9032407088584349,0.8339670468948035,0.8336859923825646,0.6908386382507611,0.3782051282051282,0.9978858350951374,1.891025641025641,0.12131069523644467,0.0008838883393583741
oulad_FFF_2014J,OULAD,P_out_other_institutions,44,zscore,random_forest,2365,0.809483535339623,0.6581526581526581,0.15553925165077037,0.6908386382507611,0.3613782051282051,0.9534883720930233,1.8068910256410258,0.24687454466057715,-0.2218412525272211
ku_Accountancy_1819,KU Leuven,P_in_leave_one_cohort_out,5,zscore,random_forest,752,0.6516884807900433,0.8041060735671514,0.3164179104477612,0.45901639344262296,0.3169642857142857,0.47333333333333333,1.589047619047619,0.19791406812830112,0.005122551097565875
ku_Accountancy_1819,KU Leuven,P_out_other_institutions,57,zscore,random_forest,752,0.5792875744047619,0.8092868988391376,0.22818791946308725,0.45901639344262296,0.25,0.37333333333333335,1.2533333333333334,0.2187696432986044,0.008512000027410427
ku_Globaleconom_1819,KU Leuven,P_in_leave_one_cohort_out,5,zscore,random_forest,743,0.6028928965771072,0.6993006993006993,0.37938144329896906,0.6086142322097378,0.27692307692307694,0.6040268456375839,1.380898296334538,0.2591724881828965,-0.11851689501138901
ku_Globaleconom_1819,KU Leuven,P_out_other_institutions,57,zscore,random_forest,743,0.6163636363636364,0.6820083682008368,0.42641509433962266,0.6086142322097378,0.23692307692307693,0.5167785234899329,1.181435209086216,0.2504898900608307,-0.03904625738878614
ku_Accountancy_1920,KU Leuven,P_in_leave_one_cohort_out,5,zscore,random_forest,705,0.6560922185922187,0.7951356407857811,0.35777126099706746,0.4822389666307858,0.32589285714285715,0.5177304964539007,1.6294642857142856,0.20492043598234466,0.023476917654809193
ku_Accountancy_1920,KU Leuven,P_out_other_institutions,57,zscore,random_forest,705,0.6595819720819721,0.8051470588235294,0.3416149068322981,0.4822389666307858,0.29910714285714285,0.475177304964539,1.4955357142857142,0.20570181520835265,0.02915708356408636
ku_Globaleconom_1920,KU Leuven,P_in_leave_one_cohort_out,5,zscore,random_forest,681,0.6494676017614576,0.8117313150425733,0.3475409836065574,0.3938679245283019,0.31137724550898205,0.38235294117647056,1.559175766114829,0.19238412023551707,0.12156070933384475
ku_Globaleconom_1920,KU Leuven,P_out_other_institutions,57,zscore,random_forest,681,0.6038700808499732,0.8487467588591184,0.14634146341463414,0.3938679245283019,0.25748502994011974,0.3161764705882353,1.2893184219795704,0.18586547941227696,0.061043532702736575
ku_Accountancy_2021,KU Leuven,P_in_leave_one_cohort_out,5,zscore,random_forest,723,0.6253150339688801,0.731048805815161,0.463768115942029,0.46006389776357826,0.2916666666666667,0.43448275862068964,1.4543103448275863,0.2281294070866403,0.15138199819113918
ku_Accountancy_2021,KU Leuven,P_out_other_institutions,57,zscore,random_forest,723,0.6449567170721017,0.7766450417052827,0.34332425068119893,0.46006389776357826,0.28703703703703703,0.42758620689655175,1.431226053639847,0.20796873488355677,0.08716194812262107
ku_Globaleconom_2021,KU Leuven,P_in_leave_one_cohort_out,5,zscore,random_forest,335,0.6317948352118704,0.6794055201698513,0.24120603015075376,0.6546184738955823,0.27607361963190186,0.6716417910447762,1.3803680981595094,0.27895962944605274,-0.20072085320253302
ku_Globaleconom_2021,KU Leuven,P_out_other_institutions,57,zscore,random_forest,335,0.5585318875731202,0.6199095022624435,0.2631578947368421,0.6546184738955823,0.18404907975460122,0.44776119402985076,0.9202453987730063,0.2752292479279533,-0.11868482819321197
ukzn_ISTN101_2019,UKZN,P_in_leave_one_cohort_out,15,zscore,random_forest,1056,0.6408306741124852,0.9038662486938349,0.0707070707070707,0.2967741935483871,0.32065217391304346,0.2796208530805687,1.6047805481145683,0.1403482923898731,-0.032388612110652054
ukzn_ISTN101_2019,UKZN,P_out_other_institutions,47,zscore,random_forest,1056,0.6271003689668927,0.7920298879202988,0.33992094861660077,0.2967741935483871,0.34782608695652173,0.3033175355450237,1.7407788996497013,0.21415247811890595,0.2572419021845937
ukzn_ISTN101_2020,UKZN,P_in_leave_one_cohort_out,15,zscore,random_forest,978,0.6221524131719426,0.9747899159663865,0.07692307692307693,0.09542356377799414,0.2653061224489796,0.0663265306122449,1.323823406913786,0.07686629202703575,0.14882302939812184
ukzn_ISTN101_2020,UKZN,P_out_other_institutions,47,zscore,random_forest,978,0.6812020825553042,0.6025354213273676,0.13333333333333333,0.09542356377799414,0.3469387755102041,0.08673469387755102,1.7311536859641816,0.3639016911490128,0.5329221405955897
ukzn_ISTN101_2021,UKZN,P_in_leave_one_cohort_out,15,zscore,random_forest,741,0.7737978180456055,0.9572649572649573,0.23076923076923078,0.15671641791044774,0.5238095238095238,0.22297297297297297,2.6225868725868726,0.07792289007876484,0.07668021317406945
ukzn_ISTN101_2021,UKZN,P_out_other_institutions,47,zscore,random_forest,741,0.7254530130636325,0.716528162511542,0.23057644110275688,0.15671641791044774,0.42857142857142855,0.18243243243243243,2.1457528957528957,0.254822135069951,0.4201780034353374
ukzn_ISTN102_2018,UKZN,P_in_leave_one_cohort_out,15,zscore,random_forest,257,0.6443355119825708,0.8475336322869955,0.0,0.4184615384615385,0.3382352941176471,0.45098039215686275,1.7044405997693195,0.1974714451598522,-0.11163515018258466
ukzn_ISTN102_2018,UKZN,P_out_other_institutions,47,zscore,random_forest,257,0.635932150638033,0.7044776119402985,0.44692737430167595,0.4184615384615385,0.29411764705882354,0.39215686274509803,1.4821222606689735,0.2495559204843113,0.22291763846684975
ukzn_ISTN103_2019,UKZN,P_in_leave_one_cohort_out,15,zscore,random_forest,1113,0.6447785977859779,0.8407777193904361,0.06191950464396285,0.4246284501061571,0.3,0.40358744394618834,1.497309417040359,0.20138665895602745,-0.11146472084990638
ukzn_ISTN103_2019,UKZN,P_out_other_institutions,47,zscore,random_forest,1113,0.6534542845428455,0.7193460490463215,0.45646437994722955,0.4246284501061571,0.30333333333333334,0.4080717488789238,1.5139461883408074,0.24816829818984623,0.21865970336969082
ukzn_ISTN103_2020,UKZN,P_in_leave_one_cohort_out,15,zscore,random_forest,1082,0.6555910255833821,0.9438750610053684,0.0,0.19214703425229743,0.3217391304347826,0.1712962962962963,1.6116747181964575,0.09936751008126983,0.07010249781887375
ukzn_ISTN103_2020,UKZN,P_out_other_institutions,47,zscore,random_forest,1082,0.6522503484555551,0.680236375574524,0.24024960998439937,0.19214703425229743,0.2956521739130435,0.1574074074074074,1.480998389694042,0.2984824487249987,0.4109661756412063
ukzn_ISTN211_2019,UKZN,P_in_leave_one_cohort_out,15,zscore,random_forest,280,0.7416817906836056,0.9608938547486033,0.08695652173913043,0.12709030100334448,0.42105263157894735,0.14285714285714285,2.1052631578947367,0.07111245602771174,0.09511052383378059
ukzn_ISTN211_2019,UKZN,P_out_other_institutions,47,zscore,random_forest,280,0.7239362774752974,0.6733167082294265,0.1761006289308176,0.12709030100334448,0.3684210526315789,0.125,1.842105263157895,0.2692501185128492,0.4507630472538574
ukzn_ISTN211_2021,UKZN,P_in_leave_one_cohort_out,15,zscore,random_forest,327,0.744212523719165,0.9733124018838305,0.0,0.09883720930232558,0.47058823529411764,0.12307692307692308,2.367420814479638,0.06513039869842989,0.11677494728514819
ukzn_ISTN211_2021,UKZN,P_out_other_institutions,47,zscore,random_forest,327,0.7975332068311196,0.8038095238095239,0.20155038759689922,0.09883720930232558,0.7058823529411765,0.18461538461538463,3.5511312217194573,0.23529452986966118,0.4089363209206381
ukzn_ISTN212_2018,UKZN,P_in_leave_one_cohort_out,15,zscore,random_forest,238,0.7716143392689785,0.9002320185614849,0.044444444444444446,0.3120567375886525,0.4090909090909091,0.375,2.028409090909091,0.13040898321351876,-0.0260004405797514
ukzn_ISTN212_2018,UKZN,P_out_other_institutions,47,zscore,random_forest,238,0.7584934395501406,0.7552870090634441,0.4413793103448276,0.3120567375886525,0.4318181818181818,0.3958333333333333,2.141098484848485,0.21553516688283353,0.2865498224128803
ukzn_ISTN212_2019,UKZN,P_in_leave_one_cohort_out,15,zscore,random_forest,264,0.7738095238095238,0.91701244813278,0.13043478260869565,0.2745098039215686,0.4523809523809524,0.3584905660377358,2.2533692722371965,0.11488199147601999,0.003888344919232095
ukzn_ISTN212_2019,UKZN,P_out_other_institutions,47,zscore,random_forest,264,0.7748820248820248,0.7211267605633803,0.4277456647398844,0.2745098039215686,0.42857142857142855,0.33962264150943394,2.1347708894878705,0.2380255848250813,0.3437235794187675
ukzn_ISTN2IP_2018,UKZN,P_in_leave_one_cohort_out,15,zscore,random_forest,99,0.667027027027027,0.8421052631578947,0.0,0.40322580645161293,0.28,0.35,1.386,0.19682210873855144,-0.10534109161666144
ukzn_ISTN2IP_2018,UKZN,P_out_other_institutions,47,zscore,random_forest,99,0.6551351351351351,0.6206896551724138,0.4634146341463415,0.40322580645161293,0.2,0.25,0.99,0.2745239109078572,0.2786624772152791
ukzn_ISTN2IP_2019,UKZN,P_in_leave_one_cohort_out,15,zscore,random_forest,116,0.6749188311688312,0.8712871287128713,0.13333333333333333,0.3888888888888889,0.39285714285714285,0.4782608695652174,1.9813664596273293,0.172448117873173,-0.08894769735585742
ukzn_ISTN2IP_2019,UKZN,P_out_other_institutions,47,zscore,random_forest,116,0.6359577922077921,0.6382978723404256,0.43956043956043955,0.3888888888888889,0.2857142857142857,0.34782608695652173,1.4409937888198756,0.26117209971952243,0.2873104265486387
ukzn_ISTN3ND_2018,UKZN,P_in_leave_one_cohort_out,15,zscore,random_forest,144,0.5952813067150635,0.7522123893805309,0.0967741935483871,0.5671641791044776,0.21052631578947367,0.41379310344827586,1.045372050816697,0.2830449138289986,-0.21235806973407673
ukzn_ISTN3ND_2018,UKZN,P_out_other_institutions,47,zscore,random_forest,144,0.543254688445251,0.5975609756097561,0.46774193548387094,0.5671641791044776,0.21052631578947367,0.41379310344827586,1.045372050816697,0.26589061786997725,0.10703555949756033
ukzn_ISTN3ND_2019,UKZN,P_in_leave_one_cohort_out,15,zscore,random_forest,223,0.6736922295581513,0.89,0.043478260869565216,0.32958801498127344,0.29545454545454547,0.28888888888888886,1.4641414141414142,0.1524698759375923,-0.03696028175315605
ukzn_ISTN3ND_2019,UKZN,P_out_other_institutions,47,zscore,random_forest,223,0.717623158963941,0.7532467532467533,0.4492753623188406,0.32958801498127344,0.3409090909090909,0.3333333333333333,1.6893939393939394,0.22851197659286726,0.27884075305677725
ukzn_ISTN3SA_2018,UKZN,P_in_leave_one_cohort_out,15,zscore,random_forest,141,0.6501501501501502,0.8844621513944223,0.06451612903225806,0.3508771929824561,0.3,0.32142857142857145,1.510714285714286,0.15929053222927575,-0.05423096757542428
ukzn_ISTN3SA_2018,UKZN,P_out_other_institutions,47,zscore,random_forest,141,0.6165165165165165,0.7448979591836735,0.4186046511627907,0.3508771929824561,0.3333333333333333,0.35714285714285715,1.6785714285714286,0.23540937301978823,0.25688627414550147
ukzn_ISTN3SA_2019,UKZN,P_in_leave_one_cohort_out,15,zscore,random_forest,195,0.64,0.9277777777777778,0.13333333333333333,0.22727272727272727,0.44,0.28205128205128205,2.2,0.10942096779478068,0.03524887169120092
ukzn_ISTN3SA_2019,UKZN,P_out_other_institutions,47,zscore,random_forest,195,0.5792941176470588,0.7482993197278912,0.22916666666666666,0.22727272727272727,0.28,0.1794871794871795,1.4000000000000001,0.2201038677243996,0.30965604682960635
zambia_ICT1110_2020,Zambia,P_in_leave_one_cohort_out,1,zscore,random_forest,65,0.37755102040816324,0.11428571428571428,0.6736842105263158,0.8596491228070176,0.20408163265306123,0.7692307692307693,1.0204081632653061,0.2561118244921916,-0.14104149369149377
zambia_ICT1110_2020,Zambia,P_out_other_institutions,61,zscore,random_forest,65,0.5204081632653061,0.4057971014492754,0.32786885245901637,0.8596491228070176,0.22448979591836735,0.8461538461538461,1.1224489795918366,0.3578419858544816,-0.39099572867338844
zambia_ICT1110_2021,Zambia,P_in_leave_one_cohort_out,1,zscore,random_forest,52,0.37265625,0.08695652173913043,0.7407407407407407,0.761904761904762,0.125,0.4,0.65,0.2929806357223507,0.09729359404840177
zambia_ICT1110_2021,Zambia,P_out_other_institutions,61,zscore,random_forest,52,0.496875,0.5373134328358209,0.16216216216216217,0.761904761904762,0.1875,0.6,0.9749999999999999,0.32167301836132106,-0.2580967097759348
oviedo_C1112_1415,Oviedo,P_in_leave_one_cohort_out,19,zscore,random_forest,199,0.7215099715099715,0.7043478260869566,0.5952380952380952,0.7035830618892508,0.3333333333333333,0.9,1.6583333333333332,0.21684715270480945,-0.08964777176779354
oviedo_C1112_1415,Oviedo,P_out_other_institutions,43,zscore,random_forest,199,0.7198819698819698,0.6566037735849056,0.3157894736842105,0.7035830618892508,0.2962962962962963,0.8,1.474074074074074,0.26934361885842906,-0.23538136521973985
oviedo_C1127_1415,Oviedo,P_in_leave_one_cohort_out,19,zscore,random_forest,106,0.5476463834672789,0.6715328467153284,0.4,0.5379310344827586,0.2564102564102564,0.47619047619047616,1.2942612942612943,0.24574493479746745,0.09070732299569445
oviedo_C1127_1415,Oviedo,P_out_other_institutions,43,zscore,random_forest,106,0.5560658247225412,0.7577639751552795,0.23529411764705882,0.5379310344827586,0.23076923076923078,0.42857142857142855,1.164835164835165,0.24300748617028187,-0.053185047787994655
oviedo_C1200_1415,Oviedo,P_in_leave_one_cohort_out,19,zscore,random_forest,107,0.6726017441860465,0.6451612903225806,0.5111111111111111,0.7485380116959064,0.296875,0.9047619047619048,1.5126488095238098,0.2521893714048542,-0.18627761332491488
oviedo_C1200_1415,Oviedo,P_out_other_institutions,43,zscore,random_forest,107,0.6896802325581395,0.6222222222222222,0.35443037974683544,0.7485380116959064,0.296875,0.9047619047619048,1.5126488095238098,0.3072615524781833,-0.31303396779727843
oviedo_C1303_1415,Oviedo,P_in_leave_one_cohort_out,19,zscore,random_forest,112,0.6190476190476191,0.5625,0.4166666666666667,0.7692307692307693,0.22857142857142856,0.7272727272727273,1.1636363636363636,0.2897697301516883,-0.2551585787182851
oviedo_C1303_1415,Oviedo,P_out_other_institutions,43,zscore,random_forest,112,0.6448979591836735,0.5467625899280576,0.25882352941176473,0.7692307692307693,0.24285714285714285,0.7727272727272727,1.2363636363636363,0.32137637042967704,-0.31912225047885256
oviedo_C174_1415,Oviedo,P_in_leave_one_cohort_out,19,zscore,random_forest,96,0.9607843137254902,0.9107142857142857,0.875,0.6382978723404256,0.4222222222222222,1.0,2.1333333333333333,0.14476353504359948,-0.006307652281393239
oviedo_C174_1415,Oviedo,P_out_other_institutions,43,zscore,random_forest,96,0.9795206971677559,0.847457627118644,0.7567567567567568,0.6382978723404256,0.4222222222222222,1.0,2.1333333333333333,0.11331790515306546,-0.06399224241637597
oviedo_C190_1415,Oviedo,P_in_leave_one_cohort_out,19,zscore,random_forest,112,0.3937640630022501,0.5217391304347826,0.23255813953488372,0.7052023121387282,0.14754098360655737,0.4090909090909091,0.7511177347242922,0.3364564133146934,-0.14724770473880633
oviedo_C190_1415,Oviedo,P_out_other_institutions,43,zscore,random_forest,112,0.423657987785278,0.6025641025641025,0.08823529411764706,0.7052023121387282,0.14754098360655737,0.4090909090909091,0.7511177347242922,0.34662748593080145,-0.24907493046002466
oviedo_C1978_1415,Oviedo,P_in_leave_one_cohort_out,19,zscore,random_forest,164,0.6851510685335298,0.7733333333333333,0.5048543689320388,0.43809523809523815,0.3695652173913043,0.5151515151515151,1.8366271409749668,0.21265188841256533,0.17042299055558902
oviedo_C1978_1415,Oviedo,P_out_other_institutions,43,zscore,random_forest,164,0.507737656595431,0.6812227074235808,0.26262626262626265,0.43809523809523815,0.17391304347826086,0.24242424242424243,0.8642951251646903,0.27051352302172355,0.1340667283934937
oviedo_C2011_1415,Oviedo,P_in_leave_one_cohort_out,19,zscore,random_forest,120,0.767798690671031,0.8351648351648352,0.4827586206896552,0.3561643835616438,0.5,0.5416666666666666,2.4999999999999996,0.19317753494267123,0.22217021874297327
oviedo_C2011_1415,Oviedo,P_out_other_institutions,43,zscore,random_forest,120,0.6266366612111293,0.806282722513089,0.24489795918367346,0.3561643835616438,0.23076923076923078,0.25,1.1538461538461537,0.186392813741792,0.12673493793031942
oviedo_C2024_1415,Oviedo,P_in_leave_one_cohort_out,19,zscore,random_forest,327,0.5793006993006993,0.6605922551252847,0.30697674418604654,0.27440633245382584,0.25,0.2,1.2576923076923077,0.2609545541453883,0.34385393583008683
oviedo_C2024_1415,Oviedo,P_out_other_institutions,43,zscore,random_forest,327,0.49559440559440554,0.8827586206896552,0.08108108108108109,0.27440633245382584,0.21153846153846154,0.16923076923076924,1.0642011834319527,0.1663738299866892,0.12248577539978764
oviedo_C2150_1415,Oviedo,P_in_leave_one_cohort_out,19,zscore,random_forest,106,0.7084427767354596,0.8108108108108109,0.5625,0.5578231292517007,0.4146341463414634,0.8095238095238095,2.092915214866434,0.20656801682438333,0.04224122738679775
oviedo_C2150_1415,Oviedo,P_out_other_institutions,43,zscore,random_forest,106,0.7362101313320825,0.7671232876712328,0.48484848484848486,0.5578231292517007,0.3170731707317073,0.6190476190476191,1.6004645760743321,0.20958448674757632,-0.036043442238637924
oviedo_C2271_1415,Oviedo,P_in_leave_one_cohort_out,19,zscore,random_forest,596,0.5956637240003249,0.6722689075630253,0.5104602510460251,0.5860023724792408,0.291497975708502,0.6050420168067226,1.45993944136359,0.23914788821187385,0.07533568449951378
oviedo_C2271_1415,Oviedo,P_out_other_institutions,43,zscore,random_forest,596,0.6332030207765391,0.7472035794183445,0.24161073825503357,0.5860023724792408,0.291497975708502,0.6050420168067226,1.45993944136359,0.2412470001556695,-0.10737612814932301
oviedo_C2335_1415,Oviedo,P_in_leave_one_cohort_out,19,zscore,random_forest,428,0.5373438280859569,0.456575682382134,0.5165562913907285,0.807799442896936,0.20689655172413793,0.6976744186046512,1.0296712109061747,0.2676863139384535,-0.2033475176331654
oviedo_C2335_1415,Oviedo,P_out_other_institutions,43,zscore,random_forest,428,0.5349325337331334,0.4180790960451977,0.5896414342629482,0.807799442896936,0.2,0.6744186046511628,0.9953488372093022,0.29194618851883963,-0.08551459658017002
oviedo_C2406_1415,Oviedo,P_in_leave_one_cohort_out,19,zscore,random_forest,133,0.724578313253012,0.6111111111111112,0.5409836065573771,0.7685185185185186,0.27710843373493976,0.8518518518518519,1.3650156180276662,0.24799547452375742,-0.19868835724240919
oviedo_C2406_1415,Oviedo,P_out_other_institutions,43,zscore,random_forest,133,0.6898795180722892,0.5730994152046783,0.23157894736842105,0.7685185185185186,0.24096385542168675,0.7407407407407407,1.186970102632753,0.3200939587108686,-0.32671823460147786
oviedo_C2468_1415,Oviedo,P_in_leave_one_cohort_out,19,zscore,random_forest,82,0.6930398572278406,0.7058823529411765,0.5161290322580645,0.6666666666666666,0.3170731707317073,0.8125,1.625,0.22289018273192115,-0.06327378244372561
oviedo_C2468_1415,Oviedo,P_out_other_institutions,43,zscore,random_forest,82,0.6627007733491969,0.7079646017699115,0.35294117647058826,0.6666666666666666,0.36585365853658536,0.9375,1.875,0.2665879637241336,-0.20228466832407577
oviedo_C2607_1415,Oviedo,P_in_leave_one_cohort_out,19,zscore,random_forest,277,0.526625033575074,0.41954022988505746,0.019417475728155338,0.8482328482328483,0.20098039215686275,0.7454545454545455,1.012210338680927,0.36890537421210245,-0.41743116684953835
oviedo_C2607_1415,Oviedo,P_out_other_institutions,43,zscore,random_forest,277,0.5001343002954606,0.34545454545454546,0.5688622754491018,0.8482328482328483,0.18137254901960784,0.6727272727272727,0.913458110516934,0.3140197820732285,-0.18544741856713265
oviedo_C3022_1415,Oviedo,P_in_leave_one_cohort_out,19,zscore,random_forest,238,0.5042387543252596,0.5704225352112676,0.3645833333333333,0.4444444444444445,0.1323529411764706,0.1875,0.65625,0.25539076689034557,0.19893433660936694
oviedo_C3022_1415,Oviedo,P_out_other_institutions,43,zscore,random_forest,238,0.5776816608996541,0.6062717770034843,0.4021164021164021,0.4444444444444445,0.3088235294117647,0.4375,1.53125,0.34450512853522963,0.290235843116316
oviedo_C3029_1415,Oviedo,P_in_leave_one_cohort_out,19,zscore,random_forest,231,0.4100169779286927,0.5947712418300654,0.20512820512820512,0.49511400651465803,0.10526315789473684,0.17391304347826086,0.528604118993135,0.25439406594970726,0.13505649053171387
oviedo_C3029_1415,Oviedo,P_out_other_institutions,43,zscore,random_forest,231,0.5492359932088285,0.668918918918919,0.40963855421686746,0.49511400651465803,0.21052631578947367,0.34782608695652173,1.05720823798627,0.28015658098936547,0.14512135757549371
oviedo_C4189_1415,Oviedo,P_in_leave_one_cohort_out,19,zscore,random_forest,128,0.4859068627450981,0.6910994764397905,0.09230769230769231,0.6382978723404256,0.21666666666666667,0.5,1.0666666666666667,0.24991288542435944,-0.04882021331539399
oviedo_C4189_1415,Oviedo,P_out_other_institutions,43,zscore,random_forest,128,0.4971813725490197,0.24444444444444444,0.5903614457831325,0.6382978723404256,0.25,0.5769230769230769,1.2307692307692306,0.3624408693123631,0.23173282326911038
oviedo_C4213_1415,Oviedo,P_in_leave_one_cohort_out,19,zscore,random_forest,140,0.6685499058380414,0.7528089887640449,0.5686274509803921,0.592964824120603,0.3559322033898305,0.75,1.7796610169491525,0.21871514852253854,0.03675627799439485
oviedo_C4213_1415,Oviedo,P_out_other_institutions,43,zscore,random_forest,140,0.6804770872567482,0.7342995169082126,0.2465753424657534,0.592964824120603,0.3050847457627119,0.6428571428571429,1.5254237288135595,0.23252685297950443,-0.11105103842821745
oviedo_C836_1415,Oviedo,P_in_leave_one_cohort_out,19,zscore,random_forest,87,0.6215644820295982,0.5979381443298969,0.4935064935064935,0.6717557251908397,0.22727272727272727,0.5882352941176471,1.1631016042780749,0.2415745095111742,-0.045502010120656466
oviedo_C836_1415,Oviedo,P_out_other_institutions,43,zscore,random_forest,87,0.4825581395348837,0.6037735849056604,0.38235294117647056,0.6717557251908397,0.18181818181818182,0.47058823529411764,0.9304812834224598,0.31634119153986223,-0.1082067944511203
oulad_AAA_2013J,OULAD,P_in_leave_one_cohort_out,18,percentile,gradient_boosting,383,0.7595580678314491,0.7006369426751592,0.5220338983050847,0.430327868852459,0.4666666666666667,0.6363636363636364,2.3212121212121213,0.24183574952149484,0.25266379368921305
oulad_AAA_2013J,OULAD,P_out_other_institutions,44,percentile,gradient_boosting,383,0.715005138746146,0.8424242424242424,0.018867924528301886,0.430327868852459,0.37142857142857144,0.5064935064935064,1.847495361781076,0.18355989326749614,-0.07945711086720594
oulad_AAA_2014J,OULAD,P_in_leave_one_cohort_out,18,percentile,gradient_boosting,365,0.7761328345567476,0.7247706422018348,0.5918367346938775,0.469601677148847,0.4375,0.6712328767123288,2.1875,0.24144964850490538,0.23743865560580285
oulad_AAA_2014J,OULAD,P_out_other_institutions,44,percentile,gradient_boosting,365,0.7039278656126482,0.8187702265372169,0.0,0.469601677148847,0.36607142857142855,0.5616438356164384,1.8303571428571428,0.19711763196120946,-0.09144444939650406
oulad_BBB_2013B,OULAD,P_in_leave_one_cohort_out,18,percentile,gradient_boosting,1767,0.8651846292171991,0.7815028901734105,0.7904656319290465,0.7059685097034054,0.36410788381742737,0.9943342776203966,1.8226023532730713,0.1459338220294135,-0.01213539633260119
oulad_BBB_2013B,OULAD,P_out_other_institutions,44,percentile,gradient_boosting,1767,0.8247540344041793,0.6253894080996885,0.004140786749482402,0.7059685097034054,0.3392116182572614,0.9263456090651558,1.6979799701432887,0.3109622478384288,-0.3335049532274163
oulad_BBB_2013J,OULAD,P_in_leave_one_cohort_out,18,percentile,gradient_boosting,2237,0.8657369002626354,0.7958921694480102,0.7767898923724847,0.684891240446796,0.3776824034334764,0.9843400447427293,1.8901018713214468,0.14406734493098072,-0.0046243271445888245
oulad_BBB_2013J,OULAD,P_out_other_institutions,44,percentile,gradient_boosting,2237,0.751508151303568,0.6479298881837413,0.0,0.684891240446796,0.2575107296137339,0.6711409395973155,1.288705821355532,0.3797335796988689,-0.3876634499272895
oulad_BBB_2014B,OULAD,P_in_leave_one_cohort_out,18,percentile,gradient_boosting,1613,0.8658957464579691,0.7814569536423841,0.7680511182108626,0.7090836334533814,0.36455981941309257,1.0,1.8205417607223477,0.14432187143811848,-0.03296356479633533
oulad_BBB_2014B,OULAD,P_out_other_institutions,44,percentile,gradient_boosting,1613,0.7955620208594025,0.6213675213675214,0.0,0.7090836334533814,0.3510158013544018,0.9628482972136223,1.7529055343178022,0.3156056818633496,-0.330834886604235
oulad_BBB_2014J,OULAD,P_in_leave_one_cohort_out,18,percentile,gradient_boosting,2292,0.8638492933723197,0.8006496142915144,0.7685054219707685,0.6643356643356644,0.39824561403508774,0.9912663755458515,1.9929671339921855,0.14419700180740527,0.018861406034867523
oulad_BBB_2014J,OULAD,P_out_other_institutions,44,percentile,gradient_boosting,2292,0.7853428057992203,0.6689895470383276,0.0,0.6643356643356644,0.362280701754386,0.9017467248908297,1.8129855205699839,0.28714117916301185,-0.2744671809170469
oulad_CCC_2014B,OULAD,P_in_leave_one_cohort_out,18,percentile,gradient_boosting,1936,0.8882729718874074,0.7043153969099627,0.7218045112781954,0.7933935805546899,0.3040062843676355,1.0,1.5208169677926158,0.17504506768684036,-0.17072935363268033
oulad_CCC_2014B,OULAD,P_out_other_institutions,44,percentile,gradient_boosting,1936,0.8572107312923356,0.5177664974619289,0.057971014492753624,0.7933935805546899,0.30007855459544386,0.9870801033591732,1.5011681697591195,0.33174436222209214,-0.4014158505021968
oulad_CCC_2014J,OULAD,P_in_leave_one_cohort_out,18,percentile,gradient_boosting,2498,0.861972635683892,0.7189798921039725,0.8062225228271898,0.7450389349409695,0.3351314902225219,0.994,1.6743169251517196,0.1477968476826093,0.02805432141098041
oulad_CCC_2014J,OULAD,P_out_other_institutions,44,percentile,gradient_boosting,2498,0.6521074642333973,0.6113458056729029,0.2342449464922711,0.7450389349409695,0.26230613621038434,0.778,1.3104814565070804,0.3239797451157518,-0.3140153787035334
oulad_DDD_2013B,OULAD,P_in_leave_one_cohort_out,18,percentile,gradient_boosting,1303,0.8404149049279233,0.7367563162184189,0.7657722987672226,0.7566793893129771,0.3291298865069357,1.0,1.6431273644388398,0.16206337893372466,-0.08292703784416822
oulad_DDD_2013B,OULAD,P_out_other_institutions,44,percentile,gradient_boosting,1303,0.803108078035754,0.601060695344726,0.2552255225522552,0.7566793893129771,0.3114754098360656,0.946360153256705,1.5549902644306262,0.3111698285152518,-0.35058880822963934
oulad_DDD_2013J,OULAD,P_in_leave_one_cohort_out,18,percentile,gradient_boosting,1938,0.8662386157341893,0.7793814432989691,0.7789256198347108,0.7279291106005907,0.34445446348061315,0.9845360824742269,1.7204967789315164,0.14730412023928038,-0.059418024143131465
oulad_DDD_2013J,OULAD,P_out_other_institutions,44,percentile,gradient_boosting,1938,0.762855940158436,0.5992049150704735,0.0,0.7279291106005907,0.27412082957619477,0.7835051546391752,1.3691911539140862,0.3363772168963415,-0.35315462423948973
oulad_DDD_2014B,OULAD,P_in_leave_one_cohort_out,18,percentile,gradient_boosting,1228,0.8693735000877997,0.7658119658119659,0.7869362363919129,0.7577137076378352,0.32710280373831774,0.9959349593495935,1.6328546463034723,0.14924815318499557,-0.09109239458624752
oulad_DDD_2014B,OULAD,P_out_other_institutions,44,percentile,gradient_boosting,1228,0.8070691332354063,0.5612185120093731,0.0,0.7577137076378352,0.30707610146862485,0.9349593495934959,1.5328839536726473,0.3651862497752981,-0.4069031524896456
oulad_DDD_2014J,OULAD,P_in_leave_one_cohort_out,18,percentile,gradient_boosting,1803,0.8600002247999281,0.7644394110985278,0.7739130434782608,0.718550106609808,0.35311572700296734,0.9889196675900277,1.763622315197646,0.15015090813798487,-0.03602471093129789
oulad_DDD_2014J,OULAD,P_out_other_institutions,44,percentile,gradient_boosting,1803,0.7643772042881837,0.6095017381228274,0.0058997050147492625,0.718550106609808,0.29772502472799206,0.8337950138504155,1.486975677519584,0.322762047497823,-0.32795691763593904
oulad_EEE_2013J,OULAD,P_in_leave_one_cohort_out,18,percentile,gradient_boosting,1052,0.867017313658553,0.7821522309711286,0.740894901144641,0.5926421404682275,0.47404063205417607,1.0,2.3747178329571104,0.15836104555138752,0.11499843419319433
oulad_EEE_2013J,OULAD,P_out_other_institutions,44,percentile,gradient_boosting,1052,0.8384280932735825,0.7332931968693558,0.0,0.5926421404682275,0.417607223476298,0.8809523809523809,2.092013329033645,0.24361280987239448,-0.22243369166061158
oulad_EEE_2014B,OULAD,P_in_leave_one_cohort_out,18,percentile,gradient_boosting,694,0.8769501866028311,0.8221024258760108,0.7956656346749226,0.6537342386032978,0.4124629080118694,1.0,2.059347181008902,0.1360411603704577,0.03710194600953359
oulad_EEE_2014B,OULAD,P_out_other_institutions,44,percentile,gradient_boosting,694,0.8399704095287968,0.6793529971455756,0.0,0.6537342386032978,0.36795252225519287,0.8920863309352518,1.8371154708280852,0.27617794951106583,-0.27744624417386177
oulad_EEE_2014J,OULAD,P_in_leave_one_cohort_out,18,percentile,gradient_boosting,1188,0.8757019864476006,0.6993970714900948,0.7127572016460906,0.5957446808510638,0.47023809523809523,0.9957983193277311,2.347238895558223,0.18274689106497907,0.19115902031881543
oulad_EEE_2014J,OULAD,P_out_other_institutions,44,percentile,gradient_boosting,1188,0.823572240787153,0.7691441441441441,0.31666666666666665,0.5957446808510638,0.40674603174603174,0.8613445378151261,2.03031212484994,0.22830319958175316,-0.19431845210896032
oulad_FFF_2013B,OULAD,P_in_leave_one_cohort_out,18,percentile,gradient_boosting,1614,0.8345764988687783,0.7498424700693131,0.7580743449116393,0.6802943581357318,0.375,0.9659442724458205,1.873839009287926,0.1683998290279083,0.06144186547227437
oulad_FFF_2013B,OULAD,P_out_other_institutions,44,percentile,gradient_boosting,1614,0.821455249114696,0.6954971020954079,0.3065989847715736,0.6802943581357318,0.3485576923076923,0.8978328173374613,1.741709335556085,0.2589777871765268,-0.2628530453241624
oulad_FFF_2013J,OULAD,P_in_leave_one_cohort_out,18,percentile,gradient_boosting,2283,0.8801146933567024,0.796529284164859,0.7925696594427245,0.6845289541918754,0.38047138047138046,0.9890590809628009,1.900691819729019,0.1379216715004992,0.011074384195016607
oulad_FFF_2013J,OULAD,P_out_other_institutions,44,percentile,gradient_boosting,2283,0.7883915256061375,0.6462179868969625,0.016556291390728478,0.6845289541918754,0.3181818181818182,0.8271334792122538,1.5895166103043565,0.29387106782263045,-0.28741943293430133
oulad_FFF_2014B,OULAD,P_in_leave_one_cohort_out,18,percentile,gradient_boosting,1500,0.8720539542079655,0.7694251421351863,0.7424135497529993,0.7212276214833758,0.35106382978723405,0.99,1.7553191489361704,0.15548654040328472,-0.08035114634640433
oulad_FFF_2014B,OULAD,P_out_other_institutions,44,percentile,gradient_boosting,1500,0.8415018326935172,0.6075243845796563,0.0023612750885478157,0.7212276214833758,0.3262411347517731,0.92,1.6312056737588654,0.33010999781810196,-0.3658804398366786
oulad_FFF_2014J,OULAD,P_in_leave_one_cohort_out,18,percentile,gradient_boosting,2365,0.9053837976034709,0.8349917081260365,0.8283002588438308,0.6908386382507611,0.3782051282051282,0.9978858350951374,1.891025641025641,0.12108646203747997,0.003286128635151986
oulad_FFF_2014J,OULAD,P_out_other_institutions,44,percentile,gradient_boosting,2365,0.8484784249248214,0.6411510791366907,0.006374501992031873,0.6908386382507611,0.34375,0.9069767441860465,1.7187499999999998,0.29562798841677956,-0.31098447478931174
ku_Accountancy_1819,KU Leuven,P_in_leave_one_cohort_out,5,percentile,gradient_boosting,752,0.6421426880411256,0.7986111111111112,0.3409090909090909,0.45901639344262296,0.33035714285714285,0.49333333333333335,1.6561904761904762,0.2016484986608557,0.04022409166585811
ku_Accountancy_1819,KU Leuven,P_out_other_institutions,57,percentile,gradient_boosting,752,0.6073161864177489,0.8110300081103001,0.14022140221402213,0.45901639344262296,0.29017857142857145,0.43333333333333335,1.454761904761905,0.20692762245217647,0.0032298771679654115
ku_Globaleconom_1819,KU Leuven,P_in_leave_one_cohort_out,5,percentile,gradient_boosting,743,0.5807765918292235,0.7074707470747075,0.13333333333333333,0.6086142322097378,0.24307692307692308,0.5302013422818792,1.21212183789365,0.2761227905618943,-0.17364446036766412
ku_Globaleconom_1819,KU Leuven,P_out_other_institutions,57,percentile,gradient_boosting,743,0.6042767758557233,0.7005758157389635,0.2972972972972973,0.6086142322097378,0.24923076923076923,0.5436241610738255,1.2428084667010841,0.24930881149579545,-0.09225519664566328
ku_Accountancy_1920,KU Leuven,P_in_leave_one_cohort_out,5,percentile,gradient_boosting,705,0.6579670329670331,0.8029064486830154,0.2977346278317152,0.4822389666307858,0.3125,0.49645390070921985,1.5625,0.20390145337901006,-0.03416954683540313
ku_Accountancy_1920,KU Leuven,P_out_other_institutions,57,percentile,gradient_boosting,705,0.6416227353727354,0.8161829375549692,0.23443223443223443,0.4822389666307858,0.30357142857142855,0.48226950354609927,1.5178571428571428,0.20331464991175127,-0.018562810532718188
ku_Globaleconom_1920,KU Leuven,P_in_leave_one_cohort_out,5,percentile,gradient_boosting,681,0.663587222442275,0.8046198267564967,0.3715170278637771,0.3938679245283019,0.3413173652694611,0.41911764705882354,1.7090965128566398,0.1957032053450618,0.14567119621648292
ku_Globaleconom_1920,KU Leuven,P_out_other_institutions,57,percentile,gradient_boosting,681,0.6460891446678627,0.8474870017331022,0.15384615384615385,0.3938679245283019,0.2994011976047904,0.36764705882352944,1.499207467418105,0.17951370491448293,0.029525486169455578
ku_Accountancy_2021,KU Leuven,P_in_leave_one_cohort_out,5,percentile,gradient_boosting,723,0.6684518591569873,0.7286166842661035,0.4849699398797595,0.46006389776357826,0.28703703703703703,0.42758620689655175,1.431226053639847,0.21939444254080168,0.1534851685956667
ku_Accountancy_2021,KU Leuven,P_out_other_institutions,57,percentile,gradient_boosting,723,0.6195348454963839,0.8246913580246914,0.07792207792207792,0.46006389776357826,0.28703703703703703,0.42758620689655175,1.431226053639847,0.2029018833456575,-0.02541973984537632
ku_Globaleconom_2021,KU Leuven,P_in_leave_one_cohort_out,5,percentile,gradient_boosting,335,0.6535704094735342,0.6807610993657506,0.233502538071066,0.6546184738955823,0.2822085889570552,0.6865671641791045,1.4110429447852761,0.27620198929765677,-0.20356660992682601
ku_Globaleconom_2021,KU Leuven,P_out_other_institutions,57,percentile,gradient_boosting,335,0.6283528320730489,0.6845360824742268,0.17297297297297298,0.6546184738955823,0.2822085889570552,0.6865671641791045,1.4110429447852761,0.2733194963892488,-0.18002489632497398
ukzn_ISTN101_2019,UKZN,P_in_leave_one_cohort_out,15,percentile,gradient_boosting,1056,0.6649194754686877,0.8949044585987261,0.13157894736842105,0.2967741935483871,0.34782608695652173,0.3033175355450237,1.7407788996497013,0.14128910764560282,-0.0007815579298099395
ukzn_ISTN101_2019,UKZN,P_out_other_institutions,47,percentile,gradient_boosting,1056,0.6497743817311528,0.8053855569155447,0.33472803347280333,0.2967741935483871,0.32065217391304346,0.2796208530805687,1.6047805481145683,0.1972106894213246,0.23929874386584832
ukzn_ISTN101_2020,UKZN,P_in_leave_one_cohort_out,15,percentile,gradient_boosting,978,0.7089255508446651,0.9688325409403064,0.06349206349206349,0.09542356377799414,0.5102040816326531,0.12755102040816327,2.545814244064973,0.0653540365081335,0.10459493495208005
ukzn_ISTN101_2020,UKZN,P_out_other_institutions,47,percentile,gradient_boosting,978,0.7029502866808726,0.72911051212938,0.1483050847457627,0.09542356377799414,0.3469387755102041,0.08673469387755102,1.7311536859641816,0.3291366792547564,0.47223677017502597
ukzn_ISTN101_2021,UKZN,P_in_leave_one_cohort_out,15,percentile,gradient_boosting,741,0.7778714238891231,0.953998584571833,0.057971014492753624,0.15671641791044774,0.5238095238095238,0.22297297297297297,2.6225868725868726,0.07554854131652242,0.06029081510275658
ukzn_ISTN101_2021,UKZN,P_out_other_institutions,47,percentile,gradient_boosting,741,0.7593646111345227,0.8562197092084006,0.27049180327868855,0.15671641791044774,0.47619047619047616,0.20270270270270271,2.3841698841698844,0.1782565208769232,0.31439890000005977
ukzn_ISTN102_2018,UKZN,P_in_leave_one_cohort_out,15,percentile,gradient_boosting,257,0.5445845004668534,0.8348623853211009,0.07692307692307693,0.4184615384615385,0.20588235294117646,0.27450980392156865,1.0374855824682816,0.2024928846143634,0.01334415871147715
ukzn_ISTN102_2018,UKZN,P_out_other_institutions,47,percentile,gradient_boosting,257,0.652855586679116,0.7044776119402985,0.44692737430167595,0.4184615384615385,0.39705882352941174,0.5294117647058824,2.0008650519031144,0.25362823330738987,0.2515486343050331
ukzn_ISTN103_2019,UKZN,P_in_leave_one_cohort_out,15,percentile,gradient_boosting,1113,0.6333005330053301,0.8374801482265749,0.08902077151335312,0.4246284501061571,0.2833333333333333,0.3811659192825112,1.4141255605381167,0.19266899933722018,-0.033391422857448644
ukzn_ISTN103_2019,UKZN,P_out_other_institutions,47,percentile,gradient_boosting,1113,0.6649507995079951,0.7352150537634409,0.46612466124661245,0.4246284501061571,0.31333333333333335,0.42152466367713004,1.5638565022421527,0.2214864765614354,0.18602632306124017
ukzn_ISTN103_2020,UKZN,P_in_leave_one_cohort_out,15,percentile,gradient_boosting,1082,0.6787329706398093,0.9438750610053684,0.0,0.19214703425229743,0.33043478260869563,0.17592592592592593,1.6552334943639293,0.09702581635739077,0.06704124370534299
ukzn_ISTN103_2020,UKZN,P_out_other_institutions,47,percentile,gradient_boosting,1082,0.6520615080257183,0.6657789613848203,0.24169184290030213,0.19214703425229743,0.3217391304347826,0.1712962962962963,1.6116747181964575,0.3383390680149607,0.4391510315214815
ukzn_ISTN211_2019,UKZN,P_in_leave_one_cohort_out,15,percentile,gradient_boosting,280,0.7512603347449083,0.9511278195488722,0.07142857142857142,0.12709030100334448,0.42105263157894735,0.14285714285714285,2.1052631578947367,0.07066836641843476,0.05329281043976511
ukzn_ISTN211_2019,UKZN,P_out_other_institutions,47,percentile,gradient_boosting,280,0.7063924178261747,0.8516949152542372,0.20454545454545456,0.12709030100334448,0.47368421052631576,0.16071428571428573,2.368421052631579,0.18772868001464832,0.34720442908554355
ukzn_ISTN211_2021,UKZN,P_in_leave_one_cohort_out,15,percentile,gradient_boosting,327,0.7877609108159392,0.9716981132075472,0.0,0.09883720930232558,0.4117647058823529,0.1076923076923077,2.0714932126696834,0.0653580104441936,0.124931108649413
ukzn_ISTN211_2021,UKZN,P_out_other_institutions,47,percentile,gradient_boosting,327,0.7976280834914611,0.7317073170731707,0.18518518518518517,0.09883720930232558,0.5882352941176471,0.15384615384615385,2.9592760180995477,0.2578056572823369,0.44406958684756553
ukzn_ISTN212_2018,UKZN,P_in_leave_one_cohort_out,15,percentile,gradient_boosting,238,0.7712043111527649,0.8988235294117647,0.1568627450980392,0.3120567375886525,0.38636363636363635,0.3541666666666667,1.915719696969697,0.13399360600138774,-0.05579657790838877
ukzn_ISTN212_2018,UKZN,P_out_other_institutions,47,percentile,gradient_boosting,238,0.760543580131209,0.7400611620795107,0.42953020134228187,0.3120567375886525,0.4090909090909091,0.375,2.028409090909091,0.225030690593638,0.29971293544309435
ukzn_ISTN212_2019,UKZN,P_in_leave_one_cohort_out,15,percentile,gradient_boosting,264,0.7271557271557272,0.907563025210084,0.15384615384615385,0.2745098039215686,0.3333333333333333,0.2641509433962264,1.6603773584905661,0.1258879315836995,0.00902281420302431
ukzn_ISTN212_2019,UKZN,P_out_other_institutions,47,percentile,gradient_boosting,264,0.7387387387387387,0.7071823204419889,0.3614457831325301,0.2745098039215686,0.47619047619047616,0.37735849056603776,2.371967654986523,0.23308027968994424,0.3292530326665799
ukzn_ISTN2IP_2018,UKZN,P_in_leave_one_cohort_out,15,percentile,gradient_boosting,99,0.6891891891891893,0.8554913294797688,0.0,0.40322580645161293,0.36,0.45,1.782,0.21026258945200077,-0.1760059085256886
ukzn_ISTN2IP_2018,UKZN,P_out_other_institutions,47,percentile,gradient_boosting,99,0.7032432432432432,0.7131782945736435,0.463768115942029,0.40322580645161293,0.32,0.4,1.584,0.2524261762441019,0.24472287420178268
ukzn_ISTN2IP_2019,UKZN,P_in_leave_one_cohort_out,15,percentile,gradient_boosting,116,0.7349837662337663,0.8712871287128713,0.13333333333333333,0.3888888888888889,0.42857142857142855,0.5217391304347826,2.1614906832298133,0.17074294398659143,-0.12497784279629331
ukzn_ISTN2IP_2019,UKZN,P_out_other_institutions,47,percentile,gradient_boosting,116,0.6826298701298701,0.8260869565217391,0.3333333333333333,0.3888888888888889,0.35714285714285715,0.43478260869565216,1.8012422360248446,0.19756968688544352,0.16198331335477348
ukzn_ISTN3ND_2018,UKZN,P_in_leave_one_cohort_out,15,percentile,gradient_boosting,144,0.6110102843315185,0.7532467532467533,0.0,0.5671641791044776,0.2982456140350877,0.5862068965517241,1.4809437386569873,0.2744665734793561,-0.20392991877609679
ukzn_ISTN3ND_2018,UKZN,P_out_other_institutions,47,percentile,gradient_boosting,144,0.5434563420044365,0.6162790697674418,0.43103448275862066,0.5671641791044776,0.21052631578947367,0.41379310344827586,1.045372050816697,0.2692470408942273,0.08768468301404597
ukzn_ISTN3ND_2019,UKZN,P_in_leave_one_cohort_out,15,percentile,gradient_boosting,223,0.6785170137125444,0.8872180451127819,0.0425531914893617,0.32958801498127344,0.36363636363636365,0.35555555555555557,1.8020202020202023,0.15489176730103474,-0.0678952823528651
ukzn_ISTN3ND_2019,UKZN,P_out_other_institutions,47,percentile,gradient_boosting,223,0.6987049263585575,0.8394366197183099,0.37362637362637363,0.32958801498127344,0.38636363636363635,0.37777777777777777,1.9146464646464647,0.1785680001177487,0.16418587092459766
ukzn_ISTN3SA_2018,UKZN,P_in_leave_one_cohort_out,15,percentile,gradient_boosting,141,0.6765765765765765,0.8870967741935484,0.17647058823529413,0.3508771929824561,0.36666666666666664,0.39285714285714285,1.8464285714285713,0.15669401048838955,-0.04464022250680469
ukzn_ISTN3SA_2018,UKZN,P_out_other_institutions,47,percentile,gradient_boosting,141,0.6393393393393394,0.8,0.2903225806451613,0.3508771929824561,0.2,0.21428571428571427,1.0071428571428571,0.20083010604286447,0.1763127931223559
ukzn_ISTN3SA_2019,UKZN,P_in_leave_one_cohort_out,15,percentile,gradient_boosting,195,0.5956470588235294,0.9340659340659341,0.07692307692307693,0.22727272727272727,0.36,0.23076923076923078,1.8000000000000003,0.11514540804767259,0.0408293627438463
ukzn_ISTN3SA_2019,UKZN,P_out_other_institutions,47,percentile,gradient_boosting,195,0.5816470588235294,0.6928571428571428,0.21818181818181817,0.22727272727272727,0.28,0.1794871794871795,1.4000000000000001,0.25121057056578877,0.35121905147118443
zambia_ICT1110_2020,Zambia,P_in_leave_one_cohort_out,1,percentile,gradient_boosting,65,0.40306122448979587,0.21621621621621623,0.6881720430107527,0.8596491228070176,0.1836734693877551,0.6923076923076923,0.9183673469387755,0.3714696579986575,-0.09816663417149074
zambia_ICT1110_2020,Zambia,P_out_other_institutions,61,percentile,gradient_boosting,65,0.5714285714285714,0.39344262295081966,0.463768115942029,0.8596491228070176,0.20408163265306123,0.7692307692307693,1.0204081632653061,0.3159198668488463,-0.33092191942850574
zambia_ICT1110_2021,Zambia,P_in_leave_one_cohort_out,1,percentile,gradient_boosting,52,0.32812500000000006,0.16,0.7341772151898734,0.761904761904762,0.125,0.4,0.65,0.35913891009316173,0.24256980102050063
zambia_ICT1110_2021,Zambia,P_out_other_institutions,61,percentile,gradient_boosting,52,0.6375,0.5846153846153846,0.3076923076923077,0.761904761904762,0.25,0.8,1.3,0.326736679827106,-0.3015398771559626
oviedo_C1112_1415,Oviedo,P_in_leave_one_cohort_out,19,percentile,gradient_boosting,199,0.684981684981685,0.5792349726775956,0.641860465116279,0.7035830618892508,0.3333333333333333,0.9,1.6583333333333332,0.21468153166465614,0.0036657548987597544
oviedo_C1112_1415,Oviedo,P_out_other_institutions,43,percentile,gradient_boosting,199,0.7336182336182336,0.65,0.1694915254237288,0.7035830618892508,0.3425925925925926,0.925,1.7043981481481483,0.29309236904837815,-0.28750627244141463
oviedo_C1127_1415,Oviedo,P_in_leave_one_cohort_out,19,percentile,gradient_boosting,106,0.5744355147340221,0.7183098591549296,0.42857142857142855,0.5379310344827586,0.28205128205128205,0.5238095238095238,1.423687423687424,0.23197970269345608,0.1064535615446372
oviedo_C1127_1415,Oviedo,P_out_other_institutions,43,percentile,gradient_boosting,106,0.5530042097206277,0.7928994082840237,0.18604651162790697,0.5379310344827586,0.28205128205128205,0.5238095238095238,1.423687423687424,0.24629113638894115,-0.09293026686932404
oviedo_C1200_1415,Oviedo,P_in_leave_one_cohort_out,19,percentile,gradient_boosting,107,0.6478924418604651,0.5825242718446602,0.6126126126126126,0.7485380116959064,0.25,0.7619047619047619,1.2738095238095237,0.23430901363145884,-0.10838933180623722
oviedo_C1200_1415,Oviedo,P_out_other_institutions,43,percentile,gradient_boosting,107,0.6602470930232558,0.5850340136054422,0.08955223880597014,0.7485380116959064,0.28125,0.8571428571428571,1.4330357142857144,0.3390710433026805,-0.34734865575492585
oviedo_C1303_1415,Oviedo,P_in_leave_one_cohort_out,19,percentile,gradient_boosting,112,0.5552721088435374,0.5555555555555556,0.42857142857142855,0.7692307692307693,0.24285714285714285,0.7727272727272727,1.2363636363636363,0.2845716830298987,-0.21238760380226446
oviedo_C1303_1415,Oviedo,P_out_other_institutions,43,percentile,gradient_boosting,112,0.6459183673469389,0.5526315789473685,0.05555555555555555,0.7692307692307693,0.24285714285714285,0.7727272727272727,1.2363636363636363,0.3475697307585562,-0.3571311119305757
oviedo_C174_1415,Oviedo,P_in_leave_one_cohort_out,19,percentile,gradient_boosting,96,0.8579520697167756,0.8035714285714286,0.725,0.6382978723404256,0.35555555555555557,0.8421052631578947,1.7964912280701753,0.1801940719060867,-0.0016812551090692462
oviedo_C174_1415,Oviedo,P_out_other_institutions,43,percentile,gradient_boosting,96,0.9664488017429194,0.9333333333333333,0.9195402298850575,0.6382978723404256,0.4222222222222222,1.0,2.1333333333333333,0.09526624388935541,0.04429116965137314
oviedo_C190_1415,Oviedo,P_in_leave_one_cohort_out,19,percentile,gradient_boosting,112,0.38829958212793314,0.4881889763779528,0.32989690721649484,0.7052023121387282,0.16393442622950818,0.45454545454545453,0.8345752608047691,0.3269008904099238,-0.1059413003559102
oviedo_C190_1415,Oviedo,P_out_other_institutions,43,percentile,gradient_boosting,112,0.38347798135647704,0.6172839506172839,0.0,0.7052023121387282,0.13114754098360656,0.36363636363636365,0.6676602086438153,0.37490379078477254,-0.30761765538415864
oviedo_C1978_1415,Oviedo,P_in_leave_one_cohort_out,19,percentile,gradient_boosting,164,0.6903095062638172,0.8326848249027238,0.39436619718309857,0.43809523809523815,0.3695652173913043,0.5151515151515151,1.8366271409749668,0.19106849730229955,0.09620108088746504
oviedo_C1978_1415,Oviedo,P_out_other_institutions,43,percentile,gradient_boosting,164,0.6258290346352248,0.6534653465346535,0.4444444444444444,0.43809523809523815,0.34782608695652173,0.48484848484848486,1.7285902503293806,0.28804284330155167,0.2501430467512902
oviedo_C2011_1415,Oviedo,P_in_leave_one_cohort_out,19,percentile,gradient_boosting,120,0.6681669394435352,0.851063829787234,0.46153846153846156,0.3561643835616438,0.4230769230769231,0.4583333333333333,2.1153846153846154,0.18901494476564784,0.18019089558590118
oviedo_C2011_1415,Oviedo,P_out_other_institutions,43,percentile,gradient_boosting,120,0.7227905073649754,0.6388888888888888,0.4583333333333333,0.3561643835616438,0.38461538461538464,0.4166666666666667,1.9230769230769231,0.2947457238052314,0.3511294536952204
oviedo_C2024_1415,Oviedo,P_in_leave_one_cohort_out,19,percentile,gradient_boosting,327,0.577097902097902,0.7133757961783439,0.26229508196721313,0.27440633245382584,0.25,0.2,1.2576923076923077,0.25703124573503716,0.3322397575198133
oviedo_C2024_1415,Oviedo,P_out_other_institutions,43,percentile,gradient_boosting,327,0.5498601398601399,0.91,0.0,0.27440633245382584,0.25,0.2,1.2576923076923077,0.142197370625445,0.05985325401105729
oviedo_C2150_1415,Oviedo,P_in_leave_one_cohort_out,19,percentile,gradient_boosting,106,0.7433395872420263,0.7213114754098361,0.6222222222222222,0.5578231292517007,0.43902439024390244,0.8571428571428571,2.2160278745644595,0.20922075213948133,0.11735792582061133
oviedo_C2150_1415,Oviedo,P_out_other_institutions,43,percentile,gradient_boosting,106,0.7437148217636022,0.7878787878787878,0.2553191489361702,0.5578231292517007,0.4146341463414634,0.8095238095238095,2.092915214866434,0.21115213278339115,-0.1018917222424896
oviedo_C2271_1415,Oviedo,P_in_leave_one_cohort_out,19,percentile,gradient_boosting,596,0.5815052840388386,0.6994949494949495,0.405,0.5860023724792408,0.27125506072874495,0.5630252100840336,1.358554757935563,0.23446430125581574,0.04786860183625913
oviedo_C2271_1415,Oviedo,P_out_other_institutions,43,percentile,gradient_boosting,596,0.6284178044847627,0.7475409836065574,0.16606498194945848,0.5860023724792408,0.3076923076923077,0.6386554621848739,1.5410471881060115,0.2431473613792188,-0.12010117152246014
oviedo_C2335_1415,Oviedo,P_in_leave_one_cohort_out,19,percentile,gradient_boosting,428,0.48993003498250876,0.4681647940074906,0.11801242236024845,0.807799442896936,0.18275862068965518,0.6162790697674418,0.909542902967121,0.30279522277413795,-0.27735544264178064
oviedo_C2335_1415,Oviedo,P_out_other_institutions,43,percentile,gradient_boosting,428,0.5442028985507247,0.4368421052631579,0.5504201680672269,0.807799442896936,0.20344827586206896,0.686046511627907,1.0125100240577385,0.3082005961142622,-0.16218924790610578
oviedo_C2406_1415,Oviedo,P_in_leave_one_cohort_out,19,percentile,gradient_boosting,133,0.6720481927710844,0.6050420168067226,0.6802721088435374,0.7685185185185186,0.25301204819277107,0.7777777777777778,1.2463186077643909,0.2334742723680749,-0.11614634217672759
oviedo_C2406_1415,Oviedo,P_out_other_institutions,43,percentile,gradient_boosting,133,0.6626506024096386,0.5586592178770949,0.09195402298850575,0.7685185185185186,0.2289156626506024,0.7037037037037037,1.1276215975011155,0.3692493959044541,-0.38760703206189123
oviedo_C2468_1415,Oviedo,P_in_leave_one_cohort_out,19,percentile,gradient_boosting,82,0.6844140392623438,0.7083333333333334,0.5882352941176471,0.6666666666666666,0.34146341463414637,0.875,1.75,0.220405438576496,-0.03957633887990086
oviedo_C2468_1415,Oviedo,P_out_other_institutions,43,percentile,gradient_boosting,82,0.6484235574063058,0.7008547008547008,0.2553191489361702,0.6666666666666666,0.34146341463414637,0.875,1.75,0.2685764030894753,-0.19969730446583983
oviedo_C2607_1415,Oviedo,P_in_leave_one_cohort_out,19,percentile,gradient_boosting,277,0.5243419285522428,0.22580645161290322,0.7767441860465116,0.8482328482328483,0.20588235294117646,0.7636363636363637,1.036898395721925,0.23369427322622,-0.18389946030253046
oviedo_C2607_1415,Oviedo,P_out_other_institutions,43,percentile,gradient_boosting,277,0.5104082728982003,0.3470319634703196,0.573134328358209,0.8482328482328483,0.17647058823529413,0.6545454545454545,0.8887700534759357,0.31014337491166055,-0.20027975693483047
oviedo_C3022_1415,Oviedo,P_in_leave_one_cohort_out,19,percentile,gradient_boosting,238,0.4646193771626298,0.7736842105263158,0.10416666666666667,0.4444444444444445,0.1323529411764706,0.1875,0.65625,0.23849649237363155,0.15490633147328636
oviedo_C3022_1415,Oviedo,P_out_other_institutions,43,percentile,gradient_boosting,238,0.5457179930795848,0.6423841059602649,0.3793103448275862,0.4444444444444445,0.25,0.3541666666666667,1.2395833333333335,0.3102521310147298,0.22940691100747845
oviedo_C3029_1415,Oviedo,P_in_leave_one_cohort_out,19,percentile,gradient_boosting,231,0.4649405772495755,0.6602564102564102,0.29333333333333333,0.49511400651465803,0.17105263157894737,0.2826086956521739,0.8589816933638443,0.2753685398691164,0.1318825937877025
oviedo_C3029_1415,Oviedo,P_out_other_institutions,43,percentile,gradient_boosting,231,0.494439728353141,0.5795053003533569,0.33519553072625696,0.49511400651465803,0.14473684210526316,0.2391304347826087,0.7268306636155606,0.3314696843328728,0.18201875470337764
oviedo_C4189_1415,Oviedo,P_in_leave_one_cohort_out,19,percentile,gradient_boosting,128,0.5194852941176471,0.25,0.6071428571428571,0.6382978723404256,0.26666666666666666,0.6153846153846154,1.3128205128205128,0.24978589520335537,0.04283658413894331
oviedo_C4189_1415,Oviedo,P_out_other_institutions,43,percentile,gradient_boosting,128,0.49325980392156865,0.24444444444444444,0.5903614457831325,0.6382978723404256,0.25,0.5769230769230769,1.2307692307692306,0.26266714413314873,-0.006830695875326032
oviedo_C4213_1415,Oviedo,P_in_leave_one_cohort_out,19,percentile,gradient_boosting,140,0.698890981376857,0.6971428571428572,0.49523809523809526,0.592964824120603,0.3389830508474576,0.7142857142857143,1.694915254237288,0.21322480506276448,0.014473058064653155
oviedo_C4213_1415,Oviedo,P_out_other_institutions,43,percentile,gradient_boosting,140,0.714375392341494,0.7431192660550459,0.0967741935483871,0.592964824120603,0.3559322033898305,0.75,1.7796610169491525,0.24366019421305793,-0.17548870622027424
oviedo_C836_1415,Oviedo,P_in_leave_one_cohort_out,19,percentile,gradient_boosting,87,0.5827167019027484,0.6296296296296297,0.3939393939393939,0.6717557251908397,0.22727272727272727,0.5882352941176471,1.1631016042780749,0.2671984314305326,-0.09565256401035982
oviedo_C836_1415,Oviedo,P_out_other_institutions,43,percentile,gradient_boosting,87,0.5280126849894292,0.5454545454545454,0.5348837209302325,0.6717557251908397,0.20454545454545456,0.5294117647058824,1.0467914438502672,0.3031571759138297,-0.015829347257402704
oulad_AAA_2013J,OULAD,P_in_leave_one_cohort_out,18,percentile,logistic_regression,383,0.7539568345323742,0.7006369426751592,0.5220338983050847,0.430327868852459,0.4666666666666667,0.6363636363636364,2.3212121212121213,0.2606424973187697,0.27078918099016575
oulad_AAA_2013J,OULAD,P_out_other_institutions,44,percentile,logistic_regression,383,0.7453579993148338,0.8411497730711044,0.0,0.430327868852459,0.47619047619047616,0.6493506493506493,2.368583797155226,0.17551953484549232,0.005839913218711801
oulad_AAA_2014J,OULAD,P_in_leave_one_cohort_out,18,percentile,logistic_regression,365,0.77149209486166,0.7102803738317757,0.5894039735099338,0.469601677148847,0.4375,0.6712328767123288,2.1875,0.24565101390298189,0.23998872489038675
oulad_AAA_2014J,OULAD,P_out_other_institutions,44,percentile,logistic_regression,365,0.75,0.8187702265372169,0.0,0.469601677148847,0.36607142857142855,0.5616438356164384,1.8303571428571428,0.18809474951652047,-0.02740249228255498
oulad_BBB_2013B,OULAD,P_in_leave_one_cohort_out,18,percentile,logistic_regression,1767,0.853950176464813,0.7752941176470588,0.7917121046892039,0.7059685097034054,0.36410788381742737,0.9943342776203966,1.8226023532730713,0.15157434846027382,-0.00834279662842563
oulad_BBB_2013B,OULAD,P_out_other_institutions,44,percentile,logistic_regression,1767,0.8423481963384196,0.6249027237354086,0.0,0.7059685097034054,0.36099585062240663,0.9858356940509915,1.8070245553818483,0.27207588891020656,-0.2654261097831251
oulad_BBB_2013J,OULAD,P_in_leave_one_cohort_out,18,percentile,logistic_regression,2237,0.8646627378130806,0.772110435189518,0.7916131792896877,0.684891240446796,0.3776824034334764,0.9843400447427293,1.8901018713214468,0.14989796874967426,0.022313493444239163
oulad_BBB_2013J,OULAD,P_out_other_institutions,44,percentile,logistic_regression,2237,0.8384224264941388,0.6479298881837413,0.0,0.684891240446796,0.37510729613733906,0.9776286353467561,1.8772148131078916,0.2626917257040995,-0.24113557308533262
oulad_BBB_2014B,OULAD,P_in_leave_one_cohort_out,18,percentile,logistic_regression,1613,0.8622737618028882,0.7662936142198815,0.79203280609256,0.7090836334533814,0.36455981941309257,1.0,1.8205417607223477,0.14941242885581327,-0.009604076493645253
oulad_BBB_2014B,OULAD,P_out_other_institutions,44,percentile,logistic_regression,1613,0.8450068465290737,0.6213675213675214,0.0,0.7090836334533814,0.36455981941309257,1.0,1.8205417607223477,0.2741117131369887,-0.26951669242209436
oulad_BBB_2014J,OULAD,P_in_leave_one_cohort_out,18,percentile,logistic_regression,2292,0.862658001340156,0.7826847398338435,0.783630822812364,0.6643356643356644,0.3991228070175439,0.9934497816593887,1.9973569294415077,0.15131274276400314,0.04405662784973985
oulad_BBB_2014J,OULAD,P_out_other_institutions,44,percentile,logistic_regression,2292,0.8416365893031189,0.6689895470383276,0.0,0.6643356643356644,0.3929824561403509,0.9781659388646288,1.9666283612962536,0.24980681689691395,-0.2171373390514914
oulad_CCC_2014B,OULAD,P_in_leave_one_cohort_out,18,percentile,logistic_regression,1936,0.8855875421653343,0.7405541561712846,0.819614711033275,0.7933935805546899,0.3040062843676355,1.0,1.5208169677926158,0.1461919720210844,-0.12270221909578438
oulad_CCC_2014B,OULAD,P_out_other_institutions,44,percentile,logistic_regression,1936,0.8703624056426607,0.5101962293189688,0.0,0.7933935805546899,0.3040062843676355,1.0,1.5208169677926158,0.32342230364957186,-0.3776063051137554
oulad_CCC_2014J,OULAD,P_in_leave_one_cohort_out,18,percentile,logistic_regression,2498,0.8619141734402039,0.737511353315168,0.7931281317108089,0.7450389349409695,0.3351314902225219,0.994,1.6743169251517196,0.15214124926173742,-0.05454502799591032
oulad_CCC_2014J,OULAD,P_out_other_institutions,44,percentile,logistic_regression,2498,0.8357131231128486,0.5778536863079988,0.0,0.7450389349409695,0.327714093054619,0.972,1.6372596089008766,0.2979380684484632,-0.3142043638760226
oulad_DDD_2013B,OULAD,P_in_leave_one_cohort_out,18,percentile,logistic_regression,1303,0.8393368444477411,0.7302904564315352,0.76802284082798,0.7566793893129771,0.3291298865069357,1.0,1.6431273644388398,0.16147797143628248,-0.07896020239731338
oulad_DDD_2013B,OULAD,P_out_other_institutions,44,percentile,logistic_regression,1303,0.8263753925277552,0.5626034197462769,0.0,0.7566793893129771,0.3291298865069357,1.0,1.6431273644388398,0.30267893231920023,-0.32803249298921805
oulad_DDD_2013J,OULAD,P_in_leave_one_cohort_out,18,percentile,logistic_regression,1938,0.8608593359953274,0.7689030883919062,0.7827827827827828,0.7279291106005907,0.34445446348061315,0.9845360824742269,1.7204967789315164,0.1477262950422391,-0.04018477380893115
oulad_DDD_2013J,OULAD,P_out_other_institutions,44,percentile,logistic_regression,1938,0.8492969573431982,0.5992049150704735,0.0,0.7279291106005907,0.3417493237150586,0.9768041237113402,1.7069850241231537,0.28204274859833744,-0.29183147299744516
oulad_DDD_2014B,OULAD,P_in_leave_one_cohort_out,18,percentile,logistic_regression,1228,0.8701901770209967,0.7616387337057728,0.8147612156295224,0.7577137076378352,0.32710280373831774,0.9959349593495935,1.6328546463034723,0.1458123797787637,-0.074310663800225
oulad_DDD_2014B,OULAD,P_out_other_institutions,44,percentile,logistic_regression,1228,0.8417681473697707,0.5612185120093731,0.0,0.7577137076378352,0.32443257676902537,0.9878048780487805,1.6195252206193622,0.30274894413556136,-0.3298396021477546
oulad_DDD_2014J,OULAD,P_in_leave_one_cohort_out,18,percentile,logistic_regression,1803,0.853670233492192,0.7560975609756098,0.7770700636942676,0.718550106609808,0.35113748763600394,0.9833795013850416,1.7537420781377153,0.1542030679159235,-0.02550001651069944
oulad_DDD_2014J,OULAD,P_out_other_institutions,44,percentile,logistic_regression,1803,0.844162445423573,0.6104046242774567,0.0,0.718550106609808,0.34619188921859545,0.9695290858725761,1.7290414854878882,0.2781100655535729,-0.28028960067241465
oulad_EEE_2013J,OULAD,P_in_leave_one_cohort_out,18,percentile,logistic_regression,1052,0.8645598194130926,0.7631103074141049,0.7374749498997996,0.5926421404682275,0.47404063205417607,1.0,2.3747178329571104,0.16864543801916318,0.12479421998412221
oulad_EEE_2013J,OULAD,P_out_other_institutions,44,percentile,logistic_regression,1052,0.8647414441763316,0.7332931968693558,0.0,0.5926421404682275,0.4650112866817156,0.9809523809523809,2.329485112329356,0.21514895302071682,-0.14139123823912692
oulad_EEE_2014B,OULAD,P_in_leave_one_cohort_out,18,percentile,logistic_regression,694,0.8736503503478543,0.7792207792207793,0.7798561151079136,0.6537342386032978,0.4124629080118694,1.0,2.059347181008902,0.14598277065159726,0.05409955909937331
oulad_EEE_2014B,OULAD,P_out_other_institutions,44,percentile,logistic_regression,694,0.8701759635604983,0.6793529971455756,0.0,0.6537342386032978,0.4124629080118694,1.0,2.059347181008902,0.24056508800402784,-0.20566118923297266
oulad_EEE_2014J,OULAD,P_in_leave_one_cohort_out,18,percentile,logistic_regression,1188,0.870722813979393,0.7455429497568882,0.7250437828371279,0.5957446808510638,0.4662698412698413,0.9873949579831933,2.3274309723889557,0.16441257369949772,0.1234643372389091
oulad_EEE_2014J,OULAD,P_out_other_institutions,44,percentile,logistic_regression,1188,0.869977315975123,0.7307692307692307,0.0,0.5957446808510638,0.4623015873015873,0.9789915966386554,2.307623049219688,0.2167337037826678,-0.1449100867569837
oulad_FFF_2013B,OULAD,P_in_leave_one_cohort_out,18,percentile,logistic_regression,1614,0.8273365261656501,0.7677380230442693,0.7574414186193793,0.6802943581357318,0.38100961538461536,0.9814241486068112,1.903868480590617,0.16659732882346887,0.02027440091449806
oulad_FFF_2013B,OULAD,P_out_other_institutions,44,percentile,logistic_regression,1614,0.8342329824906551,0.6527545909849749,0.0,0.6802943581357318,0.3713942307692308,0.9566563467492261,1.8558213265063113,0.25860819425724946,-0.2349470855303893
oulad_FFF_2013J,OULAD,P_in_leave_one_cohort_out,18,percentile,logistic_regression,2283,0.8701927955352613,0.7932414406402846,0.7993094518774277,0.6845289541918754,0.382996632996633,0.9956236323851203,1.9133070309219107,0.14392621782857906,0.01845762409183649
oulad_FFF_2013J,OULAD,P_out_other_institutions,44,percentile,logistic_regression,2283,0.859702043263687,0.6483126110124334,0.0,0.6845289541918754,0.3712121212121212,0.9649890590809628,1.8544360453550826,0.2576711235778235,-0.2402176080051659
oulad_FFF_2014B,OULAD,P_in_leave_one_cohort_out,18,percentile,logistic_regression,1500,0.8699329819767064,0.7732030704815074,0.7925973197192087,0.7212276214833758,0.3475177304964539,0.98,1.7375886524822697,0.14567887198134194,-0.02988391651568778
oulad_FFF_2014B,OULAD,P_out_other_institutions,44,percentile,logistic_regression,1500,0.8575270566291452,0.6072423398328691,0.0,0.7212276214833758,0.34278959810874704,0.9666666666666667,1.7139479905437354,0.27769718378626346,-0.2836531143915332
oulad_FFF_2014J,OULAD,P_in_leave_one_cohort_out,18,percentile,logistic_regression,2365,0.9018372099028993,0.8248490077653149,0.8316749585406302,0.6908386382507611,0.3782051282051282,0.9978858350951374,1.891025641025641,0.12403697881718415,0.010552950640329795
oulad_FFF_2014J,OULAD,P_out_other_institutions,44,percentile,logistic_regression,2365,0.8925475030415719,0.6415852958070075,0.0,0.6908386382507611,0.37580128205128205,0.9915433403805497,1.8790064102564104,0.2556709812877325,-0.24756715618485275
ku_Accountancy_1819,KU Leuven,P_in_leave_one_cohort_out,5,percentile,logistic_regression,752,0.657995975378788,0.8123953098827471,0.27741935483870966,0.45901639344262296,0.29464285714285715,0.44,1.4771428571428573,0.1985053004584679,0.04406681833056525
ku_Accountancy_1819,KU Leuven,P_out_other_institutions,57,percentile,logistic_regression,752,0.630669135551948,0.7306562193927522,0.4306418219461698,0.45901639344262296,0.3169642857142857,0.47333333333333333,1.589047619047619,0.23163256101664723,0.15701307365184497
ku_Globaleconom_1819,KU Leuven,P_in_leave_one_cohort_out,5,percentile,logistic_regression,743,0.6167905778432095,0.7193308550185874,0.2634146341463415,0.6086142322097378,0.27076923076923076,0.5906040268456376,1.3502116675271039,0.2525548925140644,-0.1258440703685843
ku_Globaleconom_1819,KU Leuven,P_out_other_institutions,57,percentile,logistic_regression,743,0.6181302907618698,0.6674107142857143,0.49491525423728816,0.6086142322097378,0.26153846153846155,0.5704697986577181,1.3041817243159524,0.2544605027057996,0.01878297814524743
ku_Accountancy_1920,KU Leuven,P_in_leave_one_cohort_out,5,percentile,logistic_regression,705,0.6786828036828036,0.7992633517495396,0.3271604938271605,0.4822389666307858,0.30357142857142855,0.48226950354609927,1.5178571428571428,0.19913155492972112,0.021828254241510803
ku_Accountancy_1920,KU Leuven,P_out_other_institutions,57,percentile,logistic_regression,705,0.6678886991386992,0.7770069375619425,0.4389027431421446,0.4822389666307858,0.3169642857142857,0.5035460992907801,1.5848214285714284,0.22130330452328498,0.13550442711352756
ku_Globaleconom_1920,KU Leuven,P_in_leave_one_cohort_out,5,percentile,logistic_regression,681,0.6678277685873389,0.8406593406593407,0.35555555555555557,0.3938679245283019,0.3473053892215569,0.4264705882352941,1.7390806622050017,0.18500798534942164,0.10743805987816082
ku_Globaleconom_1920,KU Leuven,P_out_other_institutions,57,percentile,logistic_regression,681,0.6504578391854423,0.7596253902185224,0.4239401496259352,0.3938679245283019,0.33532934131736525,0.4117647058823529,1.6791123635082776,0.2262626572589756,0.20970138732133917
ku_Accountancy_2021,KU Leuven,P_in_leave_one_cohort_out,5,percentile,logistic_regression,723,0.7004894440791877,0.8214285714285714,0.38650306748466257,0.46006389776357826,0.3611111111111111,0.5379310344827586,1.8005747126436782,0.19036494793378936,0.04591198670498425
ku_Accountancy_2021,KU Leuven,P_out_other_institutions,57,percentile,logistic_regression,723,0.6647490685952224,0.7827751196172249,0.4339152119700748,0.46006389776357826,0.3425925925925926,0.5103448275862069,1.7082375478927203,0.22060761971256024,0.15680253812359612
ku_Globaleconom_2021,KU Leuven,P_in_leave_one_cohort_out,5,percentile,logistic_regression,335,0.664360108432016,0.679324894514768,0.22448979591836735,0.6546184738955823,0.2883435582822086,0.7014925373134329,1.441717791411043,0.2565834532446111,-0.16621773377196236
ku_Globaleconom_2021,KU Leuven,P_out_other_institutions,57,percentile,logistic_regression,335,0.6527322014552718,0.6894977168949772,0.41379310344827586,0.6546184738955823,0.2883435582822086,0.7014925373134329,1.441717791411043,0.23762816528675423,-0.03396622503549607
ukzn_ISTN101_2019,UKZN,P_in_leave_one_cohort_out,15,percentile,logistic_regression,1056,0.6768735041882727,0.9045643153526971,0.0,0.2967741935483871,0.391304347826087,0.3412322274881517,1.958376262105914,0.13578264325773629,-0.023775896078242043
ukzn_ISTN101_2019,UKZN,P_out_other_institutions,47,percentile,logistic_regression,1056,0.659347576785002,0.691771269177127,0.3480825958702065,0.2967741935483871,0.3695652173913043,0.3222748815165877,1.8495775808778074,0.26569869559962833,0.3397223254123208
ukzn_ISTN101_2020,UKZN,P_in_leave_one_cohort_out,15,percentile,logistic_regression,978,0.7432613519035169,0.9743051914001049,0.0,0.09542356377799414,0.5102040816326531,0.12755102040816327,2.545814244064973,0.062431543850599173,0.11773220472119136
ukzn_ISTN101_2020,UKZN,P_out_other_institutions,47,percentile,logistic_regression,978,0.7187451945256036,0.669971671388102,0.14338235294117646,0.09542356377799414,0.4489795918367347,0.11224489795918367,2.2403165347771763,0.3159856766131673,0.46626655376156867
ukzn_ISTN101_2021,UKZN,P_in_leave_one_cohort_out,15,percentile,logistic_regression,741,0.8092662827176103,0.9556025369978859,0.0,0.15671641791044774,0.5555555555555556,0.23648648648648649,2.7815315315315314,0.07463299818159594,0.0734302245032846
ukzn_ISTN101_2021,UKZN,P_out_other_institutions,47,percentile,logistic_regression,741,0.7685302242824368,0.6957345971563981,0.24824355971896955,0.15671641791044774,0.5079365079365079,0.21621621621621623,2.543114543114543,0.26749741185871767,0.4320353948912413
ukzn_ISTN102_2018,UKZN,P_in_leave_one_cohort_out,15,percentile,logistic_regression,257,0.6679116090880797,0.8475336322869955,0.0,0.4184615384615385,0.3382352941176471,0.45098039215686275,1.7044405997693195,0.19508819027773924,-0.11626316165559006
ukzn_ISTN102_2018,UKZN,P_out_other_institutions,47,percentile,logistic_regression,257,0.6558512293806411,0.7048192771084337,0.46153846153846156,0.4184615384615385,0.38235294117647056,0.5098039215686274,1.9267589388696653,0.25903441819435774,0.2439700178547884
ukzn_ISTN103_2019,UKZN,P_in_leave_one_cohort_out,15,percentile,logistic_regression,1113,0.6700020500205002,0.8442367601246106,0.0,0.4246284501061571,0.31333333333333335,0.42152466367713004,1.5638565022421527,0.20363502108669632,-0.13532548035990621
ukzn_ISTN103_2019,UKZN,P_out_other_institutions,47,percentile,logistic_regression,1113,0.661010660106601,0.712707182320442,0.4652956298200514,0.4246284501061571,0.31666666666666665,0.4260089686098655,1.580493273542601,0.2577079727389665,0.23891636438197178
ukzn_ISTN103_2020,UKZN,P_in_leave_one_cohort_out,15,percentile,logistic_regression,1082,0.6977788768490625,0.9438750610053684,0.0,0.19214703425229743,0.391304347826087,0.20833333333333334,1.960144927536232,0.09527184995079654,0.05699450478717637
ukzn_ISTN103_2020,UKZN,P_out_other_institutions,47,percentile,logistic_regression,1082,0.6562969290949148,0.6754443712969058,0.23565891472868217,0.19214703425229743,0.3565217391304348,0.18981481481481483,1.7859098228663448,0.3029183426431064,0.40540387860861293
ukzn_ISTN211_2019,UKZN,P_in_leave_one_cohort_out,15,percentile,logistic_regression,280,0.7739463601532568,0.9648798521256932,0.0,0.12709030100334448,0.47368421052631576,0.16071428571428573,2.368421052631579,0.06791262445488896,0.08851908413128144
ukzn_ISTN211_2019,UKZN,P_out_other_institutions,47,percentile,logistic_regression,280,0.7426900584795322,0.6494845360824743,0.20930232558139536,0.12709030100334448,0.3684210526315789,0.125,1.842105263157895,0.2813425516544459,0.4544493978374764
ukzn_ISTN211_2021,UKZN,P_in_leave_one_cohort_out,15,percentile,logistic_regression,327,0.807020872865275,0.9733124018838305,0.0,0.09883720930232558,0.5294117647058824,0.13846153846153847,2.663348416289593,0.058546984595836,0.10519509966024777
ukzn_ISTN211_2021,UKZN,P_out_other_institutions,47,percentile,logistic_regression,327,0.8127134724857685,0.7227926078028748,0.19161676646706588,0.09883720930232558,0.47058823529411764,0.12307692307692308,2.367420814479638,0.28027227760356704,0.45657169738972014
ukzn_ISTN212_2018,UKZN,P_in_leave_one_cohort_out,15,percentile,logistic_regression,238,0.7606021555763823,0.8981481481481481,0.0,0.3120567375886525,0.36363636363636365,0.3333333333333333,1.8030303030303028,0.13578043403454315,-0.03272113593922238
ukzn_ISTN212_2018,UKZN,P_out_other_institutions,47,percentile,logistic_regression,238,0.7705599812558576,0.7560975609756098,0.4594594594594595,0.3120567375886525,0.4318181818181818,0.3958333333333333,2.141098484848485,0.24185984404445304,0.32156600728013385
ukzn_ISTN212_2019,UKZN,P_in_leave_one_cohort_out,15,percentile,logistic_regression,264,0.763942513942514,0.9135802469135802,0.0,0.2745098039215686,0.42857142857142855,0.33962264150943394,2.1347708894878705,0.1189792833939142,-0.005133211501365059
ukzn_ISTN212_2019,UKZN,P_out_other_institutions,47,percentile,logistic_regression,264,0.7407764907764908,0.726775956284153,0.38271604938271603,0.2745098039215686,0.38095238095238093,0.3018867924528302,1.8975741239892183,0.2570408164058255,0.35017431894561235
ukzn_ISTN2IP_2018,UKZN,P_in_leave_one_cohort_out,15,percentile,logistic_regression,99,0.7205405405405405,0.8554913294797688,0.0,0.40322580645161293,0.24,0.3,1.188,0.18644576588066947,-0.10593259385839965
ukzn_ISTN2IP_2018,UKZN,P_out_other_institutions,47,percentile,logistic_regression,99,0.6654054054054054,0.6446280991735537,0.44155844155844154,0.40322580645161293,0.28,0.35,1.386,0.27090917177095597,0.2649796289933079
ukzn_ISTN2IP_2019,UKZN,P_in_leave_one_cohort_out,15,percentile,logistic_regression,116,0.75,0.8627450980392157,0.0,0.3888888888888889,0.4642857142857143,0.5652173913043478,2.341614906832298,0.16848789478775367,-0.08922408774732205
ukzn_ISTN2IP_2019,UKZN,P_out_other_institutions,47,percentile,logistic_regression,116,0.6943993506493505,0.6197183098591549,0.4,0.3888888888888889,0.39285714285714285,0.4782608695652174,1.9813664596273293,0.24608859046920764,0.27931239724959556
ukzn_ISTN3ND_2018,UKZN,P_in_leave_one_cohort_out,15,percentile,logistic_regression,144,0.5948779995966929,0.7532467532467533,0.0,0.5671641791044776,0.24561403508771928,0.4827586206896552,1.2196007259528132,0.2952697381831259,-0.24818761738973913
ukzn_ISTN3ND_2018,UKZN,P_out_other_institutions,47,percentile,logistic_regression,144,0.5323653962492437,0.5903614457831325,0.4426229508196721,0.5671641791044776,0.19298245614035087,0.3793103448275862,0.9582577132486388,0.2991323344034021,0.1126245322944987
ukzn_ISTN3ND_2019,UKZN,P_in_leave_one_cohort_out,15,percentile,logistic_regression,223,0.6750888776028441,0.8905472636815921,0.0,0.32958801498127344,0.38636363636363635,0.37777777777777777,1.9146464646464647,0.15237808880187267,-0.053526383382339754
ukzn_ISTN3ND_2019,UKZN,P_out_other_institutions,47,percentile,logistic_regression,223,0.7201625190452007,0.7242524916943521,0.42758620689655175,0.32958801498127344,0.38636363636363635,0.37777777777777777,1.9146464646464647,0.2492173297644884,0.31162920069165856
ukzn_ISTN3SA_2018,UKZN,P_in_leave_one_cohort_out,15,percentile,logistic_regression,141,0.7015015015015015,0.8809523809523809,0.0,0.3508771929824561,0.3333333333333333,0.35714285714285715,1.6785714285714286,0.15790517387770855,-0.06262319033360161
ukzn_ISTN3SA_2018,UKZN,P_out_other_institutions,47,percentile,logistic_regression,141,0.5915915915915917,0.6881720430107527,0.3958333333333333,0.3508771929824561,0.2,0.21428571428571427,1.0071428571428571,0.2805110582185381,0.3024128330007231
ukzn_ISTN3SA_2019,UKZN,P_in_leave_one_cohort_out,15,percentile,logistic_regression,195,0.6216470588235294,0.9315068493150684,0.0,0.22727272727272727,0.32,0.20512820512820512,1.6,0.11152932250940226,0.02701426191853218
ukzn_ISTN3SA_2019,UKZN,P_out_other_institutions,47,percentile,logistic_regression,195,0.5832941176470587,0.6666666666666666,0.2222222222222222,0.22727272727272727,0.36,0.23076923076923078,1.8000000000000003,0.2904870155572866,0.3853981402688573
zambia_ICT1110_2020,Zambia,P_in_leave_one_cohort_out,1,percentile,logistic_regression,65,0.5637755102040816,0.23076923076923078,0.8076923076923077,0.8596491228070176,0.24489795918367346,0.9230769230769231,1.2244897959183674,0.20589136340288677,-0.1337072935691307
zambia_ICT1110_2020,Zambia,P_out_other_institutions,61,percentile,logistic_regression,65,0.5127551020408163,0.3157894736842105,0.4657534246575342,0.8596491228070176,0.20408163265306123,0.7692307692307693,1.0204081632653061,0.3345672556578917,-0.3080838139602652
zambia_ICT1110_2021,Zambia,P_in_leave_one_cohort_out,1,percentile,logistic_regression,52,0.5625,0.17391304347826086,0.7654320987654321,0.761904761904762,0.1875,0.6,0.9749999999999999,0.25314707391282637,0.12803619267324495
zambia_ICT1110_2021,Zambia,P_out_other_institutions,61,percentile,logistic_regression,52,0.609375,0.6037735849056604,0.5882352941176471,0.761904761904762,0.25,0.8,1.3,0.26765492277756225,-0.17253387914608365
oviedo_C1112_1415,Oviedo,P_in_leave_one_cohort_out,19,percentile,logistic_regression,199,0.7068579568579569,0.6727272727272727,0.5955056179775281,0.7035830618892508,0.3333333333333333,0.9,1.6583333333333332,0.22803770497358813,-0.0921767377321061
oviedo_C1112_1415,Oviedo,P_out_other_institutions,43,percentile,logistic_regression,199,0.7388074888074888,0.6960352422907489,0.5964912280701754,0.7035830618892508,0.3333333333333333,0.9,1.6583333333333332,0.21175809249244587,-0.09988872462445264
oviedo_C1127_1415,Oviedo,P_in_leave_one_cohort_out,19,percentile,logistic_regression,106,0.5629544584768466,0.6461538461538462,0.43902439024390244,0.5379310344827586,0.23076923076923078,0.42857142857142855,1.164835164835165,0.2406216027995878,0.08890155487979634
oviedo_C1127_1415,Oviedo,P_out_other_institutions,43,percentile,logistic_regression,106,0.5736701109835438,0.6715328467153284,0.4,0.5379310344827586,0.3076923076923077,0.5714285714285714,1.5531135531135531,0.23418176079653338,0.07631719606871001
oviedo_C1200_1415,Oviedo,P_in_leave_one_cohort_out,19,percentile,logistic_regression,107,0.686046511627907,0.6238532110091743,0.6095238095238096,0.7485380116959064,0.296875,0.9047619047619048,1.5126488095238098,0.23840346902802573,-0.14805720928741067
oviedo_C1200_1415,Oviedo,P_out_other_institutions,43,percentile,logistic_regression,107,0.640625,0.6551724137931034,0.5918367346938775,0.7485380116959064,0.296875,0.9047619047619048,1.5126488095238098,0.24356319756209074,-0.15619203193544096
oviedo_C1303_1415,Oviedo,P_in_leave_one_cohort_out,19,percentile,logistic_regression,112,0.5993197278911565,0.5391304347826087,0.5137614678899083,0.7692307692307693,0.22857142857142856,0.7272727272727273,1.1636363636363636,0.26087041825702684,-0.1759753592195129
oviedo_C1303_1415,Oviedo,P_out_other_institutions,43,percentile,logistic_regression,112,0.638095238095238,0.5925925925925926,0.6206896551724138,0.7692307692307693,0.22857142857142856,0.7272727272727273,1.1636363636363636,0.25927716270086565,-0.17717844898397023
oviedo_C174_1415,Oviedo,P_in_leave_one_cohort_out,19,percentile,logistic_regression,96,0.9825708061002179,0.9357798165137615,0.9156626506024096,0.6382978723404256,0.4222222222222222,1.0,2.1333333333333333,0.16553568101097474,-0.014779864183670277
oviedo_C174_1415,Oviedo,P_out_other_institutions,43,percentile,logistic_regression,96,0.9529411764705883,0.918918918918919,0.8888888888888888,0.6382978723404256,0.4222222222222222,1.0,2.1333333333333333,0.09989786172285316,-0.02250355283958233
oviedo_C190_1415,Oviedo,P_in_leave_one_cohort_out,19,percentile,logistic_regression,112,0.34715525554484095,0.4715447154471545,0.3564356435643564,0.7052023121387282,0.13114754098360656,0.36363636363636365,0.6676602086438153,0.3023471724576926,-0.09330658896609606
oviedo_C190_1415,Oviedo,P_out_other_institutions,43,percentile,logistic_regression,112,0.40533590485374477,0.47619047619047616,0.32653061224489793,0.7052023121387282,0.13114754098360656,0.36363636363636365,0.6676602086438153,0.3424216712198593,-0.09808484287503233
oviedo_C1978_1415,Oviedo,P_in_leave_one_cohort_out,19,percentile,logistic_regression,164,0.676123802505527,0.7081339712918661,0.48739495798319327,0.43809523809523815,0.41304347826086957,0.5757575757575758,2.0527009222661396,0.223704857072199,0.1825463562991262
oviedo_C1978_1415,Oviedo,P_out_other_institutions,43,percentile,logistic_regression,164,0.6665438467207074,0.6889952153110048,0.453781512605042,0.43809523809523815,0.41304347826086957,0.5757575757575758,2.0527009222661396,0.23534459709935063,0.17650406077675979
oviedo_C2011_1415,Oviedo,P_in_leave_one_cohort_out,19,percentile,logistic_regression,120,0.7084697217675942,0.7375,0.475,0.3561643835616438,0.4230769230769231,0.4583333333333333,2.1153846153846154,0.21803869878255597,0.24541099188177024
oviedo_C2011_1415,Oviedo,P_out_other_institutions,43,percentile,logistic_regression,120,0.7125613747954174,0.7590361445783133,0.4594594594594595,0.3561643835616438,0.46153846153846156,0.5,2.3076923076923075,0.21995941421341256,0.23562292133429036
oviedo_C2024_1415,Oviedo,P_in_leave_one_cohort_out,19,percentile,logistic_regression,327,0.5767132867132867,0.6960352422907489,0.31,0.27440633245382584,0.28846153846153844,0.23076923076923078,1.4511834319526629,0.2452742661925922,0.3249268063116023
oviedo_C2024_1415,Oviedo,P_out_other_institutions,43,percentile,logistic_regression,327,0.5560139860139861,0.7433264887063655,0.25149700598802394,0.27440633245382584,0.28846153846153844,0.23076923076923078,1.4511834319526629,0.24163140809581254,0.2885088396546852
oviedo_C2150_1415,Oviedo,P_in_leave_one_cohort_out,19,percentile,logistic_regression,106,0.7606003752345215,0.7669172932330827,0.6075949367088608,0.5578231292517007,0.4146341463414634,0.8095238095238095,2.092915214866434,0.2085745683687591,0.06932040235765502
oviedo_C2150_1415,Oviedo,P_out_other_institutions,43,percentile,logistic_regression,106,0.7932457786116323,0.8270676691729323,0.7088607594936709,0.5578231292517007,0.3902439024390244,0.7619047619047619,1.9698025551684086,0.18260159252444694,0.059027937562146526
oviedo_C2271_1415,Oviedo,P_in_leave_one_cohort_out,19,percentile,logistic_regression,596,0.6691878472906975,0.6874115983026874,0.5443298969072164,0.5860023724792408,0.3117408906882591,0.6470588235294118,1.5613241247916172,0.22546349123731685,0.04963074164849984
oviedo_C2271_1415,Oviedo,P_out_other_institutions,43,percentile,logistic_regression,596,0.6441423152326484,0.680731364275668,0.5280665280665281,0.5860023724792408,0.3360323886639676,0.6974789915966386,1.6829857449052494,0.23050997114834174,0.034257544759258796
oviedo_C2335_1415,Oviedo,P_in_leave_one_cohort_out,19,percentile,logistic_regression,428,0.5491379310344827,0.47186147186147187,0.38071065989847713,0.807799442896936,0.21379310344827587,0.7209302325581395,1.0639935846030473,0.28132115012919773,-0.2510012985555016
oviedo_C2335_1415,Oviedo,P_out_other_institutions,43,percentile,logistic_regression,428,0.5438155922038981,0.4387755102040816,0.5258620689655172,0.807799442896936,0.20344827586206896,0.686046511627907,1.0125100240577385,0.3141151556241601,-0.2201671861041019
oviedo_C2406_1415,Oviedo,P_in_leave_one_cohort_out,19,percentile,logistic_regression,133,0.6865060240963856,0.5547445255474452,0.5271317829457365,0.7685185185185186,0.24096385542168675,0.7407407407407407,1.186970102632753,0.2445962861433456,-0.1752916451340506
oviedo_C2406_1415,Oviedo,P_out_other_institutions,43,percentile,logistic_regression,133,0.6773493975903615,0.5774647887323944,0.5161290322580645,0.7685185185185186,0.24096385542168675,0.7407407407407407,1.186970102632753,0.2625416479717648,-0.17987930348343656
oviedo_C2468_1415,Oviedo,P_in_leave_one_cohort_out,19,percentile,logistic_regression,82,0.6287923854848305,0.6666666666666666,0.5633802816901409,0.6666666666666666,0.3170731707317073,0.8125,1.625,0.23945890983451054,-0.047320474396749246
oviedo_C2468_1415,Oviedo,P_out_other_institutions,43,percentile,logistic_regression,82,0.6710291493158833,0.6947368421052632,0.5797101449275363,0.6666666666666666,0.34146341463414637,0.875,1.75,0.22436418912047545,-0.056526586041523275
oviedo_C2607_1415,Oviedo,P_in_leave_one_cohort_out,19,percentile,logistic_regression,277,0.49412436207359656,0.37404580152671757,0.4383561643835616,0.8482328482328483,0.18627450980392157,0.6909090909090909,0.9381461675579322,0.2959986656180953,-0.3046998702384696
oviedo_C2607_1415,Oviedo,P_out_other_institutions,43,percentile,logistic_regression,277,0.48499194198227236,0.34782608695652173,0.5370370370370371,0.8482328482328483,0.18627450980392157,0.6909090909090909,0.9381461675579322,0.34410765648094904,-0.2772673979236813
oviedo_C3022_1415,Oviedo,P_in_leave_one_cohort_out,19,percentile,logistic_regression,238,0.5701557093425605,0.6753246753246753,0.40476190476190477,0.4444444444444445,0.25,0.3541666666666667,1.2395833333333335,0.23591606309541105,0.18103345358358391
oviedo_C3022_1415,Oviedo,P_out_other_institutions,43,percentile,logistic_regression,238,0.5764705882352942,0.6533333333333333,0.4090909090909091,0.4444444444444445,0.25,0.3541666666666667,1.2395833333333335,0.2757743165909769,0.1750000805000833
oviedo_C3029_1415,Oviedo,P_in_leave_one_cohort_out,19,percentile,logistic_regression,231,0.5073005093378607,0.6169491525423729,0.32335329341317365,0.49511400651465803,0.15789473684210525,0.2608695652173913,0.7929061784897025,0.24591731611565476,0.13447235774805455
oviedo_C3029_1415,Oviedo,P_out_other_institutions,43,percentile,logistic_regression,231,0.4966044142614602,0.6275862068965518,0.37209302325581395,0.49511400651465803,0.15789473684210525,0.2608695652173913,0.7929061784897025,0.3017977022128756,0.12825444258898222
oviedo_C4189_1415,Oviedo,P_in_leave_one_cohort_out,19,percentile,logistic_regression,128,0.49325980392156865,0.6938775510204082,0.0,0.6382978723404256,0.25,0.5769230769230769,1.2307692307692306,0.25237662138280526,-0.01650483423545651
oviedo_C4189_1415,Oviedo,P_out_other_institutions,43,percentile,logistic_regression,128,0.48075980392156864,0.24444444444444444,0.5903614457831325,0.6382978723404256,0.25,0.5769230769230769,1.2307692307692306,0.28076409184002427,-0.0018218680282903188
oviedo_C4213_1415,Oviedo,P_in_leave_one_cohort_out,19,percentile,logistic_regression,140,0.7407407407407407,0.7142857142857143,0.5714285714285714,0.592964824120603,0.3559322033898305,0.75,1.7796610169491525,0.21083095232121574,0.03481199344241015
oviedo_C4213_1415,Oviedo,P_out_other_institutions,43,percentile,logistic_regression,140,0.7062146892655368,0.7272727272727273,0.5384615384615384,0.592964824120603,0.3728813559322034,0.7857142857142857,1.8644067796610169,0.20774727999043943,0.020161662815931847
oviedo_C836_1415,Oviedo,P_in_leave_one_cohort_out,19,percentile,logistic_regression,87,0.5597251585623678,0.6086956521739131,0.5609756097560976,0.6717557251908397,0.22727272727272727,0.5882352941176471,1.1631016042780749,0.25413212465399404,-0.052754405489445655
oviedo_C836_1415,Oviedo,P_out_other_institutions,43,percentile,logistic_regression,87,0.5523255813953488,0.5652173913043478,0.5121951219512195,0.6717557251908397,0.22727272727272727,0.5882352941176471,1.1631016042780749,0.2928268388448272,-0.04954548578558349
oulad_AAA_2013J,OULAD,P_in_leave_one_cohort_out,18,percentile,random_forest,383,0.7426173347036656,0.6797385620915033,0.5211726384364821,0.430327868852459,0.42857142857142855,0.5844155844155844,2.131725417439703,0.24337057095009326,0.2459845436984684
oulad_AAA_2013J,OULAD,P_out_other_institutions,44,percentile,random_forest,383,0.6985611510791367,0.8414634146341463,0.05454545454545454,0.430327868852459,0.34285714285714286,0.4675324675324675,1.7053803339517626,0.18465854342110413,-0.06388448477319941
oulad_AAA_2014J,OULAD,P_in_leave_one_cohort_out,18,percentile,random_forest,365,0.7675042348955393,0.6964705882352941,0.5770491803278689,0.469601677148847,0.41964285714285715,0.6438356164383562,2.0982142857142856,0.23574994548451045,0.22428552660362439
oulad_AAA_2014J,OULAD,P_out_other_institutions,44,percentile,random_forest,365,0.7159443817052513,0.8283828382838284,0.16129032258064516,0.469601677148847,0.38392857142857145,0.589041095890411,1.9196428571428572,0.193534945546627,-0.08960029577733966
oulad_BBB_2013B,OULAD,P_in_leave_one_cohort_out,18,percentile,random_forest,1767,0.8633263229693627,0.7738231917336394,0.7801339285714286,0.7059685097034054,0.36410788381742737,0.9943342776203966,1.8226023532730713,0.1484055154011162,-0.014768375596035499
oulad_BBB_2013B,OULAD,P_out_other_institutions,44,percentile,random_forest,1767,0.8028089684430273,0.6857876712328768,0.38731218697829717,0.7059685097034054,0.3257261410788382,0.8895184135977338,1.6304761792813232,0.2972454051868128,-0.3165363830985407
oulad_BBB_2013J,OULAD,P_in_leave_one_cohort_out,18,percentile,random_forest,2237,0.859463279098072,0.778396913844835,0.7585240541802896,0.684891240446796,0.3776824034334764,0.9843400447427293,1.8901018713214468,0.14727380237732235,0.005400468631733268
oulad_BBB_2013J,OULAD,P_out_other_institutions,44,percentile,random_forest,2237,0.746139340849401,0.6475211608222491,0.0,0.684891240446796,0.34163090128755363,0.8903803131991052,1.7096830563316725,0.3516788366376811,-0.36437489216325625
oulad_BBB_2014B,OULAD,P_in_leave_one_cohort_out,18,percentile,random_forest,1613,0.8627767721021794,0.7691358024691358,0.7671232876712328,0.7090836334533814,0.36455981941309257,1.0,1.8205417607223477,0.14591565614967777,-0.02698286615249912
oulad_BBB_2014B,OULAD,P_out_other_institutions,44,percentile,random_forest,1613,0.7501009125600429,0.621043627031651,0.0022522522522522522,0.7090836334533814,0.3442437923250564,0.9442724458204335,1.7190874211155296,0.32660515336928536,-0.33959736027770593
oulad_BBB_2014J,OULAD,P_in_leave_one_cohort_out,18,percentile,random_forest,2292,0.8554794103313841,0.7991803278688525,0.7714552238805971,0.6643356643356644,0.3912280701754386,0.9737991266375546,1.9578487703976097,0.1466739295095851,0.02475258658149393
oulad_BBB_2014J,OULAD,P_out_other_institutions,44,percentile,random_forest,2292,0.7448476334064328,0.6691838512924775,0.0017528483786152498,0.6643356643356644,0.34649122807017546,0.8624454148471615,1.7339692024821878,0.28084884957426276,-0.2663368607359661
oulad_CCC_2014B,OULAD,P_in_leave_one_cohort_out,18,percentile,random_forest,1936,0.8742350405628443,0.7334096109839817,0.78060263653484,0.7933935805546899,0.3040062843676355,1.0,1.5208169677926158,0.16094037469327008,-0.1353117075869441
oulad_CCC_2014B,OULAD,P_out_other_institutions,44,percentile,random_forest,1936,0.768741432158095,0.572912159238425,0.36771300448430494,0.7933935805546899,0.2906520031421838,0.9560723514211886,1.4540110544787284,0.3637383803245565,-0.4178399959288962
oulad_CCC_2014J,OULAD,P_in_leave_one_cohort_out,18,percentile,random_forest,2498,0.8540214383704978,0.7238275698720985,0.7979202772963605,0.7450389349409695,0.33580579905596764,0.996,1.6776857720836145,0.1505607660806249,0.007909808296266974
oulad_CCC_2014J,OULAD,P_out_other_institutions,44,percentile,random_forest,2498,0.5252892386289275,0.6186830015313936,0.2807625649913345,0.7450389349409695,0.275118004045853,0.816,1.3744895482130817,0.3287739015679914,-0.2988739214889169
oulad_DDD_2013B,OULAD,P_in_leave_one_cohort_out,18,percentile,random_forest,1303,0.8304947704176248,0.7283333333333334,0.7681365576102418,0.7566793893129771,0.32786885245901637,0.9961685823754789,1.636831857295396,0.16773051770546826,-0.08451313019777573
oulad_DDD_2013B,OULAD,P_out_other_institutions,44,percentile,random_forest,1303,0.7989961179932251,0.6415816326530612,0.45857418111753373,0.7566793893129771,0.31904161412358134,0.9693486590038314,1.5927633072912892,0.2764697086174874,-0.31012855621100427
oulad_DDD_2013J,OULAD,P_in_leave_one_cohort_out,18,percentile,random_forest,1938,0.8636020018251807,0.7845420857596612,0.7951685958731757,0.7279291106005907,0.34445446348061315,0.9845360824742269,1.7204967789315164,0.14728885013870238,-0.04595557701262554
oulad_DDD_2013J,OULAD,P_out_other_institutions,44,percentile,random_forest,1938,0.78539659611404,0.6372093023255814,0.2777777777777778,0.7279291106005907,0.2993688007213706,0.8556701030927835,1.4953008654588047,0.30138637229968984,-0.32442710477951575
oulad_DDD_2014B,OULAD,P_in_leave_one_cohort_out,18,percentile,random_forest,1228,0.866704666765151,0.752405949256343,0.7844630616907845,0.7577137076378352,0.32843791722296395,1.0,1.6395193591455273,0.15097623286999512,-0.08466018354704596
oulad_DDD_2014B,OULAD,P_out_other_institutions,44,percentile,random_forest,1228,0.8005677716426354,0.6010037641154329,0.26218097447795824,0.7577137076378352,0.29906542056074764,0.9105691056910569,1.4928956766203174,0.3491829232270935,-0.39535816690769315
oulad_DDD_2014J,OULAD,P_in_leave_one_cohort_out,18,percentile,random_forest,1803,0.8545319665497706,0.7592067988668555,0.7691472026072786,0.718550106609808,0.35410484668644904,0.9916897506925207,1.7685624337276113,0.15437156449132908,-0.03809117949764562
oulad_DDD_2014J,OULAD,P_out_other_institutions,44,percentile,random_forest,1803,0.6979119833348321,0.649028524183547,0.2847514743049705,0.718550106609808,0.3066271018793274,0.8587257617728532,1.5314367442892725,0.3136407525385198,-0.31100317181892967
oulad_EEE_2013J,OULAD,P_in_leave_one_cohort_out,18,percentile,random_forest,1052,0.8560864682138132,0.7765314926660914,0.725925925925926,0.5926421404682275,0.47404063205417607,1.0,2.3747178329571104,0.16469174864740843,0.11865979772787305
oulad_EEE_2013J,OULAD,P_out_other_institutions,44,percentile,random_forest,1052,0.8216852554051899,0.7332931968693558,0.0,0.5926421404682275,0.41309255079006774,0.8714285714285714,2.0693969687197677,0.23531937860287272,-0.22149728622756742
oulad_EEE_2014B,OULAD,P_in_leave_one_cohort_out,18,percentile,random_forest,694,0.8737417815791004,0.797768479776848,0.7839046199701938,0.6537342386032978,0.4124629080118694,1.0,2.059347181008902,0.14128960983370192,0.05334059799150942
oulad_EEE_2014B,OULAD,P_out_other_institutions,44,percentile,random_forest,694,0.790722223607544,0.7272727272727273,0.3471882640586797,0.6537342386032978,0.3620178041543027,0.8776978417266187,1.8074845761373095,0.26773495132183806,-0.2667319911724621
oulad_EEE_2014J,OULAD,P_in_leave_one_cohort_out,18,percentile,random_forest,1188,0.8629066880163371,0.72,0.7142857142857143,0.5957446808510638,0.4662698412698413,0.9873949579831933,2.3274309723889557,0.17930376065072043,0.17065596569255698
oulad_EEE_2014J,OULAD,P_out_other_institutions,44,percentile,random_forest,1188,0.7793238884247655,0.7810177244139508,0.38915470494417864,0.5957446808510638,0.39285714285714285,0.8319327731092437,1.960984393757503,0.22750541476607078,-0.19383713153355794
oulad_FFF_2013B,OULAD,P_in_leave_one_cohort_out,18,percentile,random_forest,1614,0.8194925179519968,0.7369774919614148,0.7555289898386133,0.6802943581357318,0.3557692307692308,0.9164086687306502,1.7777447011193144,0.17309114663884875,0.05500711189153218
oulad_FFF_2013B,OULAD,P_out_other_institutions,44,percentile,random_forest,1614,0.8240581349596695,0.7307878202029966,0.5194132873166523,0.6802943581357318,0.35697115384615385,0.9195046439628483,1.7837505953798525,0.2214270586941038,-0.20931250032496962
oulad_FFF_2013J,OULAD,P_in_leave_one_cohort_out,18,percentile,random_forest,2283,0.8726357947819134,0.79351161771153,0.7938730853391684,0.6845289541918754,0.382996632996633,0.9956236323851203,1.9133070309219107,0.14177960047807653,0.014716634012734486
oulad_FFF_2013J,OULAD,P_out_other_institutions,44,percentile,random_forest,2283,0.7755407960887413,0.6861819326408561,0.2822174226061915,0.6845289541918754,0.3291245791245791,0.8555798687089715,1.644182525473554,0.2897761301103707,-0.289722140269066
oulad_FFF_2014B,OULAD,P_in_leave_one_cohort_out,18,percentile,random_forest,1500,0.8674839684501991,0.7696440564137005,0.7729980145598941,0.7212276214833758,0.3486997635933806,0.9833333333333333,1.743498817966903,0.14935638863956308,-0.04725517669172441
oulad_FFF_2014B,OULAD,P_out_other_institutions,44,percentile,random_forest,1500,0.8201348674460134,0.6481389578163772,0.2802030456852792,0.7212276214833758,0.32387706855791965,0.9133333333333333,1.6193853427895983,0.3162020723293803,-0.35287177696241473
oulad_FFF_2014J,OULAD,P_in_leave_one_cohort_out,18,percentile,random_forest,2365,0.8968860472189703,0.8210262828535669,0.816116588084012,0.6908386382507611,0.3782051282051282,0.9978858350951374,1.891025641025641,0.12525332866132344,0.0043489962256046955
oulad_FFF_2014J,OULAD,P_out_other_institutions,44,percentile,random_forest,2365,0.8120175808599039,0.6912585244885306,0.3377659574468085,0.6908386382507611,0.3405448717948718,0.8985200845665962,1.7027243589743588,0.2854183359602426,-0.2969374530762283
ku_Accountancy_1819,KU Leuven,P_in_leave_one_cohort_out,5,percentile,random_forest,752,0.6458375608766234,0.7962166809974205,0.30498533724340177,0.45901639344262296,0.2857142857142857,0.4266666666666667,1.4323809523809525,0.2049122482830065,0.029402387775708194
ku_Accountancy_1819,KU Leuven,P_out_other_institutions,57,percentile,random_forest,752,0.6093200419372294,0.8108108108108109,0.18374558303886926,0.45901639344262296,0.29464285714285715,0.44,1.4771428571428573,0.20884444568890934,-0.025023579522852002
ku_Globaleconom_1819,KU Leuven,P_in_leave_one_cohort_out,5,percentile,random_forest,743,0.59476996687523,0.7052341597796143,0.19143576826196473,0.6086142322097378,0.2553846153846154,0.5570469798657718,1.2734950955085182,0.26687504320309097,-0.1474686887398165
ku_Globaleconom_1819,KU Leuven,P_out_other_institutions,57,percentile,random_forest,743,0.5936694884063305,0.6772277227722773,0.31512605042016806,0.6086142322097378,0.2246153846153846,0.4899328859060403,1.1200619514713475,0.25141314499355405,-0.08177298823157236
ku_Accountancy_1920,KU Leuven,P_in_leave_one_cohort_out,5,percentile,random_forest,705,0.6418733293733293,0.8021978021978022,0.32075471698113206,0.4822389666307858,0.3125,0.49645390070921985,1.5625,0.20623853483495627,0.018707978415107462
ku_Accountancy_1920,KU Leuven,P_out_other_institutions,57,percentile,random_forest,705,0.6091383278883279,0.8092691622103387,0.2569444444444444,0.4822389666307858,0.3080357142857143,0.48936170212765956,1.5401785714285714,0.20849349819055538,-0.008250817139703548
ku_Globaleconom_1920,KU Leuven,P_in_leave_one_cohort_out,5,percentile,random_forest,681,0.631515179757217,0.8065447545717036,0.37770897832817335,0.3938679245283019,0.31736526946107785,0.3897058823529412,1.5891599154631912,0.19899458146164176,0.12473663838847812
ku_Globaleconom_1920,KU Leuven,P_out_other_institutions,57,percentile,random_forest,681,0.6177683543418998,0.8451443569553806,0.1917808219178082,0.3938679245283019,0.2934131736526946,0.3602941176470588,1.469223318069743,0.18528715136658708,0.021911184526390987
ku_Accountancy_2021,KU Leuven,P_in_leave_one_cohort_out,5,percentile,random_forest,723,0.6277211629775732,0.7135362014690452,0.4462474645030426,0.46006389776357826,0.2777777777777778,0.41379310344827586,1.3850574712643677,0.22753808366564302,0.14714862128588235
ku_Accountancy_2021,KU Leuven,P_out_other_institutions,57,percentile,random_forest,723,0.6270043465556286,0.8214585079631181,0.15810276679841898,0.46006389776357826,0.3148148148148148,0.4689655172413793,1.5697318007662835,0.20127820504323699,0.018096623120397393
ku_Globaleconom_2021,KU Leuven,P_in_leave_one_cohort_out,5,percentile,random_forest,335,0.6318305036381795,0.6652360515021459,0.23529411764705882,0.6546184738955823,0.22699386503067484,0.5522388059701493,1.1349693251533743,0.28179553762284393,-0.19826235183789054
ku_Globaleconom_2021,KU Leuven,P_out_other_institutions,57,percentile,random_forest,335,0.5904907975460123,0.6822033898305084,0.24242424242424243,0.6546184738955823,0.2392638036809816,0.582089552238806,1.1963190184049082,0.2765101001043088,-0.16833143833927472
ukzn_ISTN101_2019,UKZN,P_in_leave_one_cohort_out,15,percentile,random_forest,1056,0.6441619714798563,0.9034627492130115,0.10679611650485436,0.2967741935483871,0.32608695652173914,0.2843601895734597,1.6319802184215948,0.13871245154955567,-0.008685144502087433
ukzn_ISTN101_2019,UKZN,P_out_other_institutions,47,percentile,random_forest,1056,0.6149531312325489,0.810126582278481,0.304635761589404,0.2967741935483871,0.29891304347826086,0.26066350710900477,1.495981866886462,0.1999787660348559,0.23176799377066237
ukzn_ISTN101_2020,UKZN,P_in_leave_one_cohort_out,15,percentile,random_forest,978,0.6525998989477384,0.9699525566684238,0.03389830508474576,0.09542356377799414,0.3673469387755102,0.09183673469387756,1.8329862557267806,0.07514188689231782,0.14138382767140686
ukzn_ISTN101_2020,UKZN,P_out_other_institutions,47,percentile,random_forest,978,0.6660222754333165,0.7204884667571235,0.14522821576763487,0.09542356377799414,0.3469387755102041,0.08673469387755102,1.7311536859641816,0.28705699523896777,0.4546255134820675
ukzn_ISTN101_2021,UKZN,P_in_leave_one_cohort_out,15,percentile,random_forest,741,0.7802125766727536,0.9567068843151171,0.1643835616438356,0.15671641791044774,0.5714285714285714,0.24324324324324326,2.8610038610038613,0.07500854315529772,0.0693136802222939
ukzn_ISTN101_2021,UKZN,P_out_other_institutions,47,percentile,random_forest,741,0.7680385821978742,0.835970024979184,0.298932384341637,0.15671641791044774,0.5396825396825397,0.22972972972972974,2.7020592020592025,0.2039899597860374,0.3595621638029688
ukzn_ISTN102_2018,UKZN,P_in_leave_one_cohort_out,15,percentile,random_forest,257,0.6159352629940864,0.8487584650112867,0.056338028169014086,0.4184615384615385,0.27941176470588236,0.37254901960784315,1.4080161476355249,0.1886426389476886,-0.03214747605195761
ukzn_ISTN102_2018,UKZN,P_out_other_institutions,47,percentile,random_forest,257,0.630718954248366,0.7076023391812866,0.4186046511627907,0.4184615384615385,0.36764705882352944,0.49019607843137253,1.8526528258362167,0.23354586394665813,0.20748080999055885
ukzn_ISTN103_2019,UKZN,P_in_leave_one_cohort_out,15,percentile,random_forest,1113,0.6253833538335383,0.8407172995780591,0.08484848484848485,0.4246284501061571,0.2833333333333333,0.3811659192825112,1.4141255605381167,0.20197893127791022,-0.09600429588039133
ukzn_ISTN103_2019,UKZN,P_out_other_institutions,47,percentile,random_forest,1113,0.6520397703977039,0.7503285151116952,0.4602272727272727,0.4246284501061571,0.3333333333333333,0.4484304932735426,1.6636771300448432,0.21699374761657578,0.16724623279981116
ukzn_ISTN103_2020,UKZN,P_in_leave_one_cohort_out,15,percentile,random_forest,1082,0.6616474079402904,0.9438750610053684,0.0,0.19214703425229743,0.34782608695652173,0.18518518518518517,1.7423510466988728,0.09646633487121097,0.052351820815261865
ukzn_ISTN103_2020,UKZN,P_out_other_institutions,47,percentile,random_forest,1082,0.6727530236949777,0.6994818652849741,0.25161290322580643,0.19214703425229743,0.34782608695652173,0.18518518518518517,1.7423510466988728,0.2637623115925555,0.3817586751681777
ukzn_ISTN211_2019,UKZN,P_in_leave_one_cohort_out,15,percentile,random_forest,280,0.7231296632385562,0.9530956848030019,0.07407407407407407,0.12709030100334448,0.47368421052631576,0.16071428571428573,2.368421052631579,0.07077846064224723,0.07752703829370135
ukzn_ISTN211_2019,UKZN,P_out_other_institutions,47,percentile,random_forest,280,0.7420850978019762,0.8553191489361702,0.24444444444444444,0.12709030100334448,0.5789473684210527,0.19642857142857142,2.8947368421052633,0.20591693389478827,0.37390823969765186
ukzn_ISTN211_2021,UKZN,P_in_leave_one_cohort_out,15,percentile,random_forest,327,0.752371916508539,0.9733124018838305,0.0,0.09883720930232558,0.47058823529411764,0.12307692307692308,2.367420814479638,0.07127329589751774,0.1346854143488757
ukzn_ISTN211_2021,UKZN,P_out_other_institutions,47,percentile,random_forest,327,0.8094876660341557,0.7393939393939394,0.18867924528301888,0.09883720930232558,0.6470588235294118,0.16923076923076924,3.2552036199095027,0.25117785669876314,0.43927281770320786
ukzn_ISTN212_2018,UKZN,P_in_leave_one_cohort_out,15,percentile,random_forest,238,0.7440838800374882,0.8976744186046511,0.043478260869565216,0.3120567375886525,0.45454545454545453,0.4166666666666667,2.253787878787879,0.13283901835287568,-0.04996956451656881
ukzn_ISTN212_2018,UKZN,P_out_other_institutions,47,percentile,random_forest,238,0.7418580131208996,0.72782874617737,0.40268456375838924,0.3120567375886525,0.4090909090909091,0.375,2.028409090909091,0.22995929391570183,0.303004081892981
ukzn_ISTN212_2019,UKZN,P_in_leave_one_cohort_out,15,percentile,random_forest,264,0.7294079794079795,0.9144050104384134,0.16326530612244897,0.2745098039215686,0.4523809523809524,0.3584905660377358,2.2533692722371965,0.11991524043300493,0.027160690317816344
ukzn_ISTN212_2019,UKZN,P_out_other_institutions,47,percentile,random_forest,264,0.7670527670527671,0.768,0.43137254901960786,0.2745098039215686,0.5,0.39622641509433965,2.4905660377358494,0.22069224782634123,0.3181863923034637
ukzn_ISTN2IP_2018,UKZN,P_in_leave_one_cohort_out,15,percentile,random_forest,99,0.6864864864864866,0.8554913294797688,0.0,0.40322580645161293,0.32,0.4,1.584,0.2018843767705268,-0.1516614698769668
ukzn_ISTN2IP_2018,UKZN,P_out_other_institutions,47,percentile,random_forest,99,0.6556756756756756,0.7230769230769231,0.47058823529411764,0.40322580645161293,0.24,0.3,1.188,0.23917386010236716,0.21459467847693064
ukzn_ISTN2IP_2019,UKZN,P_in_leave_one_cohort_out,15,percentile,random_forest,116,0.7167207792207791,0.8712871287128713,0.13333333333333333,0.3888888888888889,0.4642857142857143,0.5652173913043478,2.341614906832298,0.16347422113893165,-0.10376554119915718
ukzn_ISTN2IP_2019,UKZN,P_out_other_institutions,47,percentile,random_forest,116,0.705762987012987,0.8114285714285714,0.42105263157894735,0.3888888888888889,0.39285714285714285,0.4782608695652174,1.9813664596273293,0.20417187916995716,0.19515909137412965
ukzn_ISTN3ND_2018,UKZN,P_in_leave_one_cohort_out,15,percentile,random_forest,144,0.572292800967937,0.7532467532467533,0.0,0.5671641791044776,0.21052631578947367,0.41379310344827586,1.045372050816697,0.2877078145470249,-0.21502758593623741
ukzn_ISTN3ND_2018,UKZN,P_out_other_institutions,47,percentile,random_forest,144,0.5368017745513207,0.631578947368421,0.46153846153846156,0.5671641791044776,0.21052631578947367,0.41379310344827586,1.045372050816697,0.26828885002519665,0.09123528350596466
ukzn_ISTN3ND_2019,UKZN,P_in_leave_one_cohort_out,15,percentile,random_forest,223,0.7002285424073134,0.89,0.043478260869565216,0.32958801498127344,0.36363636363636365,0.35555555555555557,1.8020202020202023,0.1518158366266958,-0.056234920933524224
ukzn_ISTN3ND_2019,UKZN,P_out_other_institutions,47,percentile,random_forest,223,0.6928643981716607,0.8117647058823529,0.39622641509433965,0.32958801498127344,0.36363636363636365,0.35555555555555557,1.8020202020202023,0.19761307573085757,0.21308693732919157
ukzn_ISTN3SA_2018,UKZN,P_in_leave_one_cohort_out,15,percentile,random_forest,141,0.6732732732732732,0.888,0.125,0.3508771929824561,0.4,0.42857142857142855,2.0142857142857142,0.15512066434976657,-0.04965730769835583
ukzn_ISTN3SA_2018,UKZN,P_out_other_institutions,47,percentile,random_forest,141,0.548948948948949,0.7714285714285715,0.3333333333333333,0.3508771929824561,0.2,0.21428571428571427,1.0071428571428571,0.2230721490259039,0.2084192022693437
ukzn_ISTN3SA_2019,UKZN,P_in_leave_one_cohort_out,15,percentile,random_forest,195,0.6289411764705882,0.9366391184573003,0.14814814814814814,0.22727272727272727,0.36,0.23076923076923078,1.8000000000000003,0.11098714227207715,0.046919053637885316
ukzn_ISTN3SA_2019,UKZN,P_out_other_institutions,47,percentile,random_forest,195,0.5614117647058823,0.7379310344827587,0.24,0.22727272727272727,0.32,0.20512820512820512,1.6,0.25041643234909355,0.35069764824384403
zambia_ICT1110_2020,Zambia,P_in_leave_one_cohort_out,1,percentile,random_forest,65,0.3737244897959184,0.2222222222222222,0.7021276595744681,0.8596491228070176,0.14285714285714285,0.5384615384615384,0.7142857142857143,0.24992310862170605,-0.13147967032967045
zambia_ICT1110_2020,Zambia,P_out_other_institutions,61,percentile,random_forest,65,0.5395408163265306,0.38235294117647056,0.3225806451612903,0.8596491228070176,0.20408163265306123,0.7692307692307693,1.0204081632653061,0.34246931233972944,-0.3725723077501957
zambia_ICT1110_2021,Zambia,P_in_leave_one_cohort_out,1,percentile,random_forest,52,0.33359375,0.0,0.7619047619047619,0.761904761904762,0.15625,0.5,0.8125,0.30130657137383965,0.1545446467706083
zambia_ICT1110_2021,Zambia,P_out_other_institutions,61,percentile,random_forest,52,0.525,0.5588235294117647,0.16666666666666666,0.761904761904762,0.21875,0.7,1.1375,0.35727858750587155,-0.324185881107166
oviedo_C1112_1415,Oviedo,P_in_leave_one_cohort_out,19,percentile,random_forest,199,0.7175417175417176,0.67,0.6666666666666666,0.7035830618892508,0.3333333333333333,0.9,1.6583333333333332,0.20997837234229916,-0.03187503501697031
oviedo_C1112_1415,Oviedo,P_out_other_institutions,43,percentile,random_forest,199,0.6806064306064306,0.6545454545454545,0.22764227642276422,0.7035830618892508,0.3055555555555556,0.825,1.5201388888888887,0.3126348764061285,-0.3020998409007266
oviedo_C1127_1415,Oviedo,P_in_leave_one_cohort_out,19,percentile,random_forest,106,0.567929582854956,0.6944444444444444,0.35294117647058826,0.5379310344827586,0.28205128205128205,0.5238095238095238,1.423687423687424,0.23432147536252212,0.07451287920818256
oviedo_C1127_1415,Oviedo,P_out_other_institutions,43,percentile,random_forest,106,0.5514734022196709,0.7764705882352941,0.09523809523809523,0.5379310344827586,0.23076923076923078,0.42857142857142855,1.164835164835165,0.24318036924424405,-0.09178436552547814
oviedo_C1200_1415,Oviedo,P_in_leave_one_cohort_out,19,percentile,random_forest,107,0.7303779069767441,0.6181818181818182,0.5961538461538461,0.7485380116959064,0.296875,0.9047619047619048,1.5126488095238098,0.21942486759828647,-0.12859928126215875
oviedo_C1200_1415,Oviedo,P_out_other_institutions,43,percentile,random_forest,107,0.6515261627906976,0.581081081081081,0.06060606060606061,0.7485380116959064,0.296875,0.9047619047619048,1.5126488095238098,0.34360185037766017,-0.34926159754983377
oviedo_C1303_1415,Oviedo,P_in_leave_one_cohort_out,19,percentile,random_forest,112,0.5493197278911565,0.5511811023622047,0.41237113402061853,0.7692307692307693,0.2571428571428571,0.8181818181818182,1.309090909090909,0.2879262706042531,-0.22236894777619004
oviedo_C1303_1415,Oviedo,P_out_other_institutions,43,percentile,random_forest,112,0.6629251700680272,0.5562913907284768,0.0821917808219178,0.7692307692307693,0.22857142857142856,0.7272727272727273,1.1636363636363636,0.33280170847800017,-0.33795196068704214
oviedo_C174_1415,Oviedo,P_in_leave_one_cohort_out,19,percentile,random_forest,96,0.8296296296296296,0.7804878048780488,0.6086956521739131,0.6382978723404256,0.4,0.9473684210526315,2.0210526315789474,0.18448307777128922,-0.05683428609255897
oviedo_C174_1415,Oviedo,P_out_other_institutions,43,percentile,random_forest,96,0.9424836601307188,0.8545454545454545,0.8048780487804879,0.6382978723404256,0.4222222222222222,1.0,2.1333333333333333,0.1375294333279309,0.009978388630145718
oviedo_C190_1415,Oviedo,P_in_leave_one_cohort_out,19,percentile,random_forest,112,0.4329797492767599,0.5196850393700787,0.3711340206185567,0.7052023121387282,0.16393442622950818,0.45454545454545453,0.8345752608047691,0.3098274318920629,-0.09085264088360351
oviedo_C190_1415,Oviedo,P_out_other_institutions,43,percentile,random_forest,112,0.43812279009964644,0.6211180124223602,0.031746031746031744,0.7052023121387282,0.14754098360655737,0.4090909090909091,0.7511177347242922,0.35333337668616965,-0.2877560963907327
oviedo_C1978_1415,Oviedo,P_in_leave_one_cohort_out,19,percentile,random_forest,164,0.7168386145910096,0.8458498023715415,0.48,0.43809523809523815,0.41304347826086957,0.5757575757575758,2.0527009222661396,0.18365375000945922,0.09875431062879036
oviedo_C1978_1415,Oviedo,P_out_other_institutions,43,percentile,random_forest,164,0.5455047899778923,0.7272727272727273,0.35051546391752575,0.43809523809523815,0.2608695652173913,0.36363636363636365,1.2964426877470354,0.2537548883323886,0.15218990624465528
oviedo_C2011_1415,Oviedo,P_in_leave_one_cohort_out,19,percentile,random_forest,120,0.6941489361702127,0.8449197860962567,0.4528301886792453,0.3561643835616438,0.4230769230769231,0.4583333333333333,2.1153846153846154,0.19650259909489043,0.18852096198047208
oviedo_C2011_1415,Oviedo,P_out_other_institutions,43,percentile,random_forest,120,0.6876022913256956,0.6797385620915033,0.4367816091954023,0.3561643835616438,0.38461538461538464,0.4166666666666667,1.9230769230769231,0.2630435156481043,0.3036013239872519
oviedo_C2024_1415,Oviedo,P_in_leave_one_cohort_out,19,percentile,random_forest,327,0.5791608391608392,0.7442827442827443,0.28901734104046245,0.27440633245382584,0.25,0.2,1.2576923076923077,0.24265787402389716,0.3122512364472988
oviedo_C2024_1415,Oviedo,P_out_other_institutions,43,percentile,random_forest,327,0.5471328671328671,0.9005059021922428,0.03278688524590164,0.27440633245382584,0.2692307692307692,0.2153846153846154,1.3544378698224853,0.14776926944301272,0.07537395492708285
oviedo_C2150_1415,Oviedo,P_in_leave_one_cohort_out,19,percentile,random_forest,106,0.751969981238274,0.765625,0.6428571428571429,0.5578231292517007,0.34146341463414637,0.6666666666666666,1.7235772357723576,0.2135984650475332,0.1248338391019338
oviedo_C2150_1415,Oviedo,P_out_other_institutions,43,percentile,random_forest,106,0.6600375234521575,0.7701863354037267,0.27450980392156865,0.5578231292517007,0.2926829268292683,0.5714285714285714,1.4773519163763065,0.22066296648369677,-0.06305470561208132
oviedo_C2271_1415,Oviedo,P_in_leave_one_cohort_out,19,percentile,random_forest,596,0.5792257810053014,0.6309859154929578,0.45643153526970953,0.5860023724792408,0.29959514170040485,0.6218487394957983,1.500493314734801,0.24250587576534713,0.06522764126706626
oviedo_C2271_1415,Oviedo,P_out_other_institutions,43,percentile,random_forest,596,0.6295836571813046,0.747014115092291,0.14022140221402213,0.5860023724792408,0.25101214574898784,0.5210084033613446,1.257170074507536,0.2470169115051831,-0.13382466922262792
oviedo_C2335_1415,Oviedo,P_in_leave_one_cohort_out,19,percentile,random_forest,428,0.5165292353823088,0.45057471264367815,0.4323040380047506,0.807799442896936,0.21379310344827587,0.7209302325581395,1.0639935846030473,0.29099338261618846,-0.251763165668232
oviedo_C2335_1415,Oviedo,P_out_other_institutions,43,percentile,random_forest,428,0.5345452273863068,0.435,0.5043859649122807,0.807799442896936,0.2,0.6744186046511628,0.9953488372093022,0.30766241633015556,-0.28010083480867065
oviedo_C2406_1415,Oviedo,P_in_leave_one_cohort_out,19,percentile,random_forest,133,0.6597590361445784,0.5735294117647058,0.5538461538461539,0.7685185185185186,0.24096385542168675,0.7407407407407407,1.186970102632753,0.24943371574435994,-0.15643753883106465
oviedo_C2406_1415,Oviedo,P_out_other_institutions,43,percentile,random_forest,133,0.6819277108433736,0.5617977528089888,0.11363636363636363,0.7685185185185186,0.26506024096385544,0.8148148148148148,1.3056671128960284,0.35647667051089577,-0.37609716915279545
oviedo_C2468_1415,Oviedo,P_in_leave_one_cohort_out,19,percentile,random_forest,82,0.6745984533016063,0.72,0.5625,0.6666666666666666,0.3170731707317073,0.8125,1.625,0.2215893979882286,-0.0612686072727312
oviedo_C2468_1415,Oviedo,P_out_other_institutions,43,percentile,random_forest,82,0.5984533016061868,0.6779661016949152,0.17391304347826086,0.6666666666666666,0.2682926829268293,0.6875,1.375,0.2869329435478824,-0.21177791293327014
oviedo_C2607_1415,Oviedo,P_in_leave_one_cohort_out,19,percentile,random_forest,277,0.5308554928820843,0.35294117647058826,0.6228571428571429,0.8482328482328483,0.20098039215686275,0.7454545454545455,1.012210338680927,0.2596969659565377,-0.2516851706433533
oviedo_C2607_1415,Oviedo,P_out_other_institutions,43,percentile,random_forest,277,0.5100053720118184,0.34080717488789236,0.5558912386706949,0.8482328482328483,0.17647058823529413,0.6545454545454545,0.8887700534759357,0.2950783484609512,-0.2699534754298186
oviedo_C3022_1415,Oviedo,P_in_leave_one_cohort_out,19,percentile,random_forest,238,0.5571799307958478,0.7426900584795322,0.34328358208955223,0.4444444444444445,0.23529411764705882,0.3333333333333333,1.1666666666666667,0.2337873948477691,0.15844764530621658
oviedo_C3022_1415,Oviedo,P_out_other_institutions,43,percentile,random_forest,238,0.5333910034602076,0.7471264367816092,0.3125,0.4444444444444445,0.25,0.3541666666666667,1.2395833333333335,0.22753406055781553,0.1073239074893178
oviedo_C3029_1415,Oviedo,P_in_leave_one_cohort_out,19,percentile,random_forest,231,0.4960101867572156,0.6666666666666666,0.32679738562091504,0.49511400651465803,0.19736842105263158,0.32608695652173914,0.9911327231121281,0.2626608854605307,0.11914504450589075
oviedo_C3029_1415,Oviedo,P_out_other_institutions,43,percentile,random_forest,231,0.5463497453310696,0.7485029940119761,0.34375,0.49511400651465803,0.25,0.41304347826086957,1.2554347826086956,0.23373953600592337,0.05405715733650801
oviedo_C4189_1415,Oviedo,P_in_leave_one_cohort_out,19,percentile,random_forest,128,0.5604166666666667,0.20253164556962025,0.6440677966101694,0.6382978723404256,0.2833333333333333,0.6538461538461539,1.3948717948717948,0.24719343246123554,0.052867161742950586
oviedo_C4189_1415,Oviedo,P_out_other_institutions,43,percentile,random_forest,128,0.4856617647058824,0.6938775510204082,0.0,0.6382978723404256,0.25,0.5769230769230769,1.2307692307692306,0.2530748974967374,-0.016390718005952376
oviedo_C4213_1415,Oviedo,P_in_leave_one_cohort_out,19,percentile,random_forest,140,0.7235823394015484,0.7542857142857143,0.5904761904761905,0.592964824120603,0.3389830508474576,0.7142857142857143,1.694915254237288,0.2071179324444958,0.007362018651393076
oviedo_C4213_1415,Oviedo,P_out_other_institutions,43,percentile,random_forest,140,0.6953337518309269,0.7465437788018433,0.12698412698412698,0.592964824120603,0.3389830508474576,0.7142857142857143,1.694915254237288,0.2502103592302129,-0.18209214000823362
oviedo_C836_1415,Oviedo,P_in_leave_one_cohort_out,19,percentile,random_forest,87,0.6183932346723044,0.6095238095238096,0.4057971014492754,0.6717557251908397,0.22727272727272727,0.5882352941176471,1.1631016042780749,0.27243865631198483,-0.11255499426992005
oviedo_C836_1415,Oviedo,P_out_other_institutions,43,percentile,random_forest,87,0.4714587737843552,0.5904761904761905,0.37681159420289856,0.6717557251908397,0.1590909090909091,0.4117647058823529,0.8141711229946523,0.31573293773521777,-0.11781747288190486
