target,institution,source_kind,source,attribute,groups,recall_best,recall_worst,recall_gap,worst_group
oulad_AAA_2013J,OULAD,local,oulad_AAA_2013J,gender,2,0.7391304347826086,0.7288135593220338,0.010316875460574804,M
oulad_AAA_2013J,OULAD,local,oulad_AAA_2013J,age_band,2,0.7547169811320755,0.7291666666666666,0.025550314465408897,35-55
oulad_AAA_2013J,OULAD,local,oulad_AAA_2013J,highest_education,2,0.7692307692307693,0.75,0.019230769230769273,A Level or Equivalent
oulad_AAA_2013J,OULAD,transferred,ku_Accountancy_1819,gender,2,0.34782608695652173,0.2711864406779661,0.07663964627855563,M
oulad_AAA_2013J,OULAD,transferred,ku_Accountancy_1819,age_band,2,0.4528301886792453,0.16666666666666666,0.28616352201257866,35-55
oulad_AAA_2013J,OULAD,transferred,ku_Accountancy_1819,highest_education,2,0.4107142857142857,0.19230769230769232,0.21840659340659338,HE Qualification
oulad_AAA_2013J,OULAD,transferred,ku_Globaleconom_1819,gender,2,0.45652173913043476,0.4067796610169492,0.04974207811348558,M
oulad_AAA_2013J,OULAD,transferred,ku_Globaleconom_1819,age_band,2,0.5471698113207547,0.3333333333333333,0.2138364779874214,35-55
oulad_AAA_2013J,OULAD,transferred,ku_Globaleconom_1819,highest_education,2,0.48214285714285715,0.38461538461538464,0.09752747252747251,HE Qualification
oulad_AAA_2013J,OULAD,transferred,ku_Accountancy_1920,gender,2,0.11864406779661017,0.043478260869565216,0.07516580692704496,F
oulad_AAA_2013J,OULAD,transferred,ku_Accountancy_1920,age_band,2,0.10416666666666667,0.03773584905660377,0.06643081761006289,0-35
oulad_AAA_2013J,OULAD,transferred,ku_Accountancy_1920,highest_education,2,0.11538461538461539,0.08928571428571429,0.026098901098901103,A Level or Equivalent
oulad_AAA_2013J,OULAD,transferred,ku_Globaleconom_1920,gender,2,0.423728813559322,0.2391304347826087,0.1845983787767133,F
oulad_AAA_2013J,OULAD,transferred,ku_Globaleconom_1920,age_band,2,0.37735849056603776,0.3333333333333333,0.04402515723270445,35-55
oulad_AAA_2013J,OULAD,transferred,ku_Globaleconom_1920,highest_education,2,0.34615384615384615,0.3392857142857143,0.006868131868131844,A Level or Equivalent
oulad_AAA_2013J,OULAD,transferred,ku_Accountancy_2021,gender,2,0.3695652173913043,0.3220338983050847,0.0475313190862196,M
oulad_AAA_2013J,OULAD,transferred,ku_Accountancy_2021,age_band,2,0.4528301886792453,0.25,0.2028301886792453,35-55
oulad_AAA_2013J,OULAD,transferred,ku_Accountancy_2021,highest_education,2,0.42857142857142855,0.23076923076923078,0.19780219780219777,HE Qualification
oulad_AAA_2013J,OULAD,transferred,ku_Globaleconom_2021,gender,2,0.4782608695652174,0.423728813559322,0.05453205600589539,M
oulad_AAA_2013J,OULAD,transferred,ku_Globaleconom_2021,age_band,2,0.5471698113207547,0.375,0.1721698113207547,35-55
oulad_AAA_2013J,OULAD,transferred,ku_Globaleconom_2021,highest_education,2,0.5357142857142857,0.34615384615384615,0.18956043956043955,HE Qualification
oulad_AAA_2013J,OULAD,transferred,ukzn_ISTN101_2019,gender,2,0.22033898305084745,0.15217391304347827,0.06816507000736918,F
oulad_AAA_2013J,OULAD,transferred,ukzn_ISTN101_2019,age_band,2,0.2916666666666667,0.09433962264150944,0.19732704402515724,0-35
oulad_AAA_2013J,OULAD,transferred,ukzn_ISTN101_2019,highest_education,2,0.17857142857142858,0.15384615384615385,0.02472527472527472,HE Qualification
oulad_AAA_2013J,OULAD,transferred,ukzn_ISTN101_2020,gender,2,0.4782608695652174,0.3898305084745763,0.08843036109064112,M
oulad_AAA_2013J,OULAD,transferred,ukzn_ISTN101_2020,age_band,2,0.5660377358490566,0.2916666666666667,0.2743710691823899,35-55
oulad_AAA_2013J,OULAD,transferred,ukzn_ISTN101_2020,highest_education,2,0.46153846153846156,0.4107142857142857,0.050824175824175866,A Level or Equivalent
oulad_AAA_2013J,OULAD,transferred,ukzn_ISTN101_2021,gender,2,0.423728813559322,0.41304347826086957,0.010685335298452447,F
oulad_AAA_2013J,OULAD,transferred,ukzn_ISTN101_2021,age_band,2,0.5849056603773585,0.2708333333333333,0.31407232704402516,35-55
oulad_AAA_2013J,OULAD,transferred,ukzn_ISTN101_2021,highest_education,2,0.5178571428571429,0.3076923076923077,0.2101648351648352,HE Qualification
oulad_AAA_2013J,OULAD,transferred,ukzn_ISTN102_2018,gender,2,0.391304347826087,0.3898305084745763,0.0014738393515106862,M
oulad_AAA_2013J,OULAD,transferred,ukzn_ISTN102_2018,age_band,2,0.4716981132075472,0.3333333333333333,0.13836477987421386,35-55
oulad_AAA_2013J,OULAD,transferred,ukzn_ISTN102_2018,highest_education,2,0.42857142857142855,0.38461538461538464,0.04395604395604391,HE Qualification
oulad_AAA_2013J,OULAD,transferred,ukzn_ISTN103_2019,gender,2,0.32608695652173914,0.2033898305084746,0.12269712601326455,M
oulad_AAA_2013J,OULAD,transferred,ukzn_ISTN103_2019,age_band,2,0.2916666666666667,0.20754716981132076,0.08411949685534592,0-35
oulad_AAA_2013J,OULAD,transferred,ukzn_ISTN103_2019,highest_education,2,0.23214285714285715,0.23076923076923078,0.0013736263736263687,HE Qualification
oulad_AAA_2013J,OULAD,transferred,ukzn_ISTN103_2020,gender,2,0.5,0.4406779661016949,0.05932203389830509,M
oulad_AAA_2013J,OULAD,transferred,ukzn_ISTN103_2020,age_band,2,0.5660377358490566,0.375,0.1910377358490566,35-55
oulad_AAA_2013J,OULAD,transferred,ukzn_ISTN103_2020,highest_education,2,0.48214285714285715,0.46153846153846156,0.020604395604395587,HE Qualification
oulad_AAA_2013J,OULAD,transferred,ukzn_ISTN211_2019,gender,2,0.43478260869565216,0.22033898305084745,0.2144436256448047,M
oulad_AAA_2013J,OULAD,transferred,ukzn_ISTN211_2019,age_band,2,0.37735849056603776,0.2708333333333333,0.10652515723270445,35-55
oulad_AAA_2013J,OULAD,transferred,ukzn_ISTN211_2019,highest_education,2,0.375,0.19230769230769232,0.18269230769230768,HE Qualification
oulad_AAA_2013J,OULAD,transferred,ukzn_ISTN211_2021,gender,2,0.4067796610169492,0.32608695652173914,0.08069270449521004,F
oulad_AAA_2013J,OULAD,transferred,ukzn_ISTN211_2021,age_band,2,0.4528301886792453,0.2916666666666667,0.1611635220125786,35-55
oulad_AAA_2013J,OULAD,transferred,ukzn_ISTN211_2021,highest_education,2,0.46153846153846156,0.35714285714285715,0.10439560439560441,A Level or Equivalent
oulad_AAA_2013J,OULAD,transferred,ukzn_ISTN212_2018,gender,2,0.4067796610169492,0.34782608695652173,0.05895357406042745,F
oulad_AAA_2013J,OULAD,transferred,ukzn_ISTN212_2018,age_band,2,0.3958333333333333,0.3584905660377358,0.03734276729559749,0-35
oulad_AAA_2013J,OULAD,transferred,ukzn_ISTN212_2018,highest_education,2,0.46153846153846156,0.375,0.08653846153846156,A Level or Equivalent
oulad_AAA_2013J,OULAD,transferred,ukzn_ISTN212_2019,gender,2,0.4915254237288136,0.4782608695652174,0.013264554163596176,F
oulad_AAA_2013J,OULAD,transferred,ukzn_ISTN212_2019,age_band,2,0.5849056603773585,0.3958333333333333,0.18907232704402516,35-55
oulad_AAA_2013J,OULAD,transferred,ukzn_ISTN212_2019,highest_education,2,0.5,0.4230769230769231,0.07692307692307693,HE Qualification
oulad_AAA_2013J,OULAD,transferred,ukzn_ISTN2IP_2018,gender,2,0.4067796610169492,0.32608695652173914,0.08069270449521004,F
oulad_AAA_2013J,OULAD,transferred,ukzn_ISTN2IP_2018,age_band,2,0.4339622641509434,0.3333333333333333,0.1006289308176101,35-55
oulad_AAA_2013J,OULAD,transferred,ukzn_ISTN2IP_2018,highest_education,2,0.42857142857142855,0.34615384615384615,0.0824175824175824,HE Qualification
oulad_AAA_2013J,OULAD,transferred,ukzn_ISTN2IP_2019,gender,2,0.3695652173913043,0.3389830508474576,0.03058216654384671,M
oulad_AAA_2013J,OULAD,transferred,ukzn_ISTN2IP_2019,age_band,2,0.41509433962264153,0.2916666666666667,0.12342767295597484,35-55
oulad_AAA_2013J,OULAD,transferred,ukzn_ISTN2IP_2019,highest_education,2,0.39285714285714285,0.23076923076923078,0.16208791208791207,HE Qualification
oulad_AAA_2013J,OULAD,transferred,ukzn_ISTN3ND_2018,gender,2,0.3728813559322034,0.3695652173913043,0.003316138540899072,F
oulad_AAA_2013J,OULAD,transferred,ukzn_ISTN3ND_2018,age_band,2,0.4716981132075472,0.2916666666666667,0.1800314465408805,35-55
oulad_AAA_2013J,OULAD,transferred,ukzn_ISTN3ND_2018,highest_education,2,0.4107142857142857,0.38461538461538464,0.02609890109890106,HE Qualification
oulad_AAA_2013J,OULAD,transferred,ukzn_ISTN3ND_2019,gender,2,0.3050847457627119,0.17391304347826086,0.13117170228445102,F
oulad_AAA_2013J,OULAD,transferred,ukzn_ISTN3ND_2019,age_band,2,0.32075471698113206,0.1875,0.13325471698113206,35-55
oulad_AAA_2013J,OULAD,transferred,ukzn_ISTN3ND_2019,highest_education,2,0.26785714285714285,0.19230769230769232,0.07554945054945053,HE Qualification
oulad_AAA_2013J,OULAD,transferred,ukzn_ISTN3SA_2018,gender,2,0.2826086956521739,0.1864406779661017,0.0961680176860722,M
oulad_AAA_2013J,OULAD,transferred,ukzn_ISTN3SA_2018,age_band,2,0.24528301886792453,0.20833333333333334,0.03694968553459119,35-55
oulad_AAA_2013J,OULAD,transferred,ukzn_ISTN3SA_2018,highest_education,2,0.26785714285714285,0.11538461538461539,0.15247252747252746,HE Qualification
oulad_AAA_2013J,OULAD,transferred,ukzn_ISTN3SA_2019,gender,2,0.34782608695652173,0.2542372881355932,0.09358879882092852,M
oulad_AAA_2013J,OULAD,transferred,ukzn_ISTN3SA_2019,age_band,2,0.3125,0.2830188679245283,0.029481132075471705,0-35
oulad_AAA_2013J,OULAD,transferred,ukzn_ISTN3SA_2019,highest_education,2,0.34615384615384615,0.2857142857142857,0.06043956043956045,A Level or Equivalent
oulad_AAA_2013J,OULAD,transferred,zambia_ICT1110_2020,gender,2,0.3728813559322034,0.2391304347826087,0.1337509211495947,F
oulad_AAA_2013J,OULAD,transferred,zambia_ICT1110_2020,age_band,2,0.37735849056603776,0.25,0.12735849056603776,35-55
oulad_AAA_2013J,OULAD,transferred,zambia_ICT1110_2020,highest_education,2,0.3392857142857143,0.3076923076923077,0.03159340659340659,HE Qualification
oulad_AAA_2013J,OULAD,transferred,zambia_ICT1110_2021,gender,2,0.2542372881355932,0.2391304347826087,0.015106853352984506,F
oulad_AAA_2013J,OULAD,transferred,zambia_ICT1110_2021,age_band,2,0.3125,0.18867924528301888,0.12382075471698112,0-35
oulad_AAA_2013J,OULAD,transferred,zambia_ICT1110_2021,highest_education,2,0.2692307692307692,0.21428571428571427,0.054945054945054944,A Level or Equivalent
oulad_AAA_2013J,OULAD,transferred,oviedo_C1112_1415,gender,2,0.4406779661016949,0.30434782608695654,0.13633014001473837,F
oulad_AAA_2013J,OULAD,transferred,oviedo_C1112_1415,age_band,2,0.49056603773584906,0.2916666666666667,0.19889937106918237,35-55
oulad_AAA_2013J,OULAD,transferred,oviedo_C1112_1415,highest_education,2,0.42857142857142855,0.3076923076923077,0.12087912087912084,HE Qualification
oulad_AAA_2013J,OULAD,transferred,oviedo_C1127_1415,gender,2,0.4406779661016949,0.41304347826086957,0.02763448784082534,F
oulad_AAA_2013J,OULAD,transferred,oviedo_C1127_1415,age_band,2,0.4528301886792453,0.4166666666666667,0.03616352201257861,35-55
oulad_AAA_2013J,OULAD,transferred,oviedo_C1127_1415,highest_education,2,0.4230769230769231,0.4107142857142857,0.012362637362637374,A Level or Equivalent
oulad_AAA_2013J,OULAD,transferred,oviedo_C1200_1415,gender,2,0.32608695652173914,0.288135593220339,0.03795136330140014,M
oulad_AAA_2013J,OULAD,transferred,oviedo_C1200_1415,age_band,2,0.3125,0.2830188679245283,0.029481132075471705,0-35
oulad_AAA_2013J,OULAD,transferred,oviedo_C1200_1415,highest_education,2,0.38461538461538464,0.26785714285714285,0.11675824175824179,A Level or Equivalent
oulad_AAA_2013J,OULAD,transferred,oviedo_C1303_1415,gender,2,0.5217391304347826,0.423728813559322,0.09801031687546058,M
oulad_AAA_2013J,OULAD,transferred,oviedo_C1303_1415,age_band,2,0.5471698113207547,0.3958333333333333,0.1513364779874214,35-55
oulad_AAA_2013J,OULAD,transferred,oviedo_C1303_1415,highest_education,2,0.48214285714285715,0.4230769230769231,0.05906593406593408,HE Qualification
oulad_AAA_2013J,OULAD,transferred,oviedo_C174_1415,gender,2,0.288135593220339,0.13043478260869565,0.15770081061164334,F
oulad_AAA_2013J,OULAD,transferred,oviedo_C174_1415,age_band,2,0.25,0.18867924528301888,0.06132075471698112,0-35
oulad_AAA_2013J,OULAD,transferred,oviedo_C174_1415,highest_education,2,0.2692307692307692,0.17857142857142858,0.09065934065934064,A Level or Equivalent
oulad_AAA_2013J,OULAD,transferred,oviedo_C190_1415,gender,2,0.1694915254237288,0.15217391304347827,0.017317612380250536,F
oulad_AAA_2013J,OULAD,transferred,oviedo_C190_1415,age_band,2,0.16666666666666666,0.1320754716981132,0.03459119496855345,0-35
oulad_AAA_2013J,OULAD,transferred,oviedo_C190_1415,highest_education,2,0.16071428571428573,0.15384615384615385,0.0068681318681318715,HE Qualification
oulad_AAA_2013J,OULAD,transferred,oviedo_C1978_1415,gender,2,0.10869565217391304,0.05084745762711865,0.05784819454679439,M
oulad_AAA_2013J,OULAD,transferred,oviedo_C1978_1415,age_band,2,0.10416666666666667,0.03773584905660377,0.06643081761006289,0-35
oulad_AAA_2013J,OULAD,transferred,oviedo_C1978_1415,highest_education,2,0.08928571428571429,0.038461538461538464,0.050824175824175824,HE Qualification
oulad_AAA_2013J,OULAD,transferred,oviedo_C2011_1415,gender,2,0.41304347826086957,0.2711864406779661,0.14185703758290347,M
oulad_AAA_2013J,OULAD,transferred,oviedo_C2011_1415,age_band,2,0.3584905660377358,0.3125,0.045990566037735825,35-55
oulad_AAA_2013J,OULAD,transferred,oviedo_C2011_1415,highest_education,2,0.35714285714285715,0.2692307692307692,0.08791208791208793,HE Qualification
oulad_AAA_2013J,OULAD,transferred,oviedo_C2024_1415,gender,2,0.423728813559322,0.32608695652173914,0.09764185703758288,F
oulad_AAA_2013J,OULAD,transferred,oviedo_C2024_1415,age_band,2,0.49056603773584906,0.2916666666666667,0.19889937106918237,35-55
oulad_AAA_2013J,OULAD,transferred,oviedo_C2024_1415,highest_education,2,0.4107142857142857,0.34615384615384615,0.06456043956043955,HE Qualification
oulad_AAA_2013J,OULAD,transferred,oviedo_C2150_1415,gender,2,0.41304347826086957,0.4067796610169492,0.006263817243920389,M
oulad_AAA_2013J,OULAD,transferred,oviedo_C2150_1415,age_band,2,0.5660377358490566,0.2708333333333333,0.2952044025157233,35-55
oulad_AAA_2013J,OULAD,transferred,oviedo_C2150_1415,highest_education,2,0.44642857142857145,0.38461538461538464,0.061813186813186816,HE Qualification
oulad_AAA_2013J,OULAD,transferred,oviedo_C2271_1415,gender,2,0.30434782608695654,0.2711864406779661,0.03316138540899044,M
oulad_AAA_2013J,OULAD,transferred,oviedo_C2271_1415,age_band,2,0.33962264150943394,0.25,0.08962264150943394,35-55
oulad_AAA_2013J,OULAD,transferred,oviedo_C2271_1415,highest_education,2,0.30357142857142855,0.2692307692307692,0.03434065934065933,HE Qualification
oulad_AAA_2013J,OULAD,transferred,oviedo_C2335_1415,gender,2,0.45652173913043476,0.3050847457627119,0.15143699336772287,M
oulad_AAA_2013J,OULAD,transferred,oviedo_C2335_1415,age_band,2,0.39622641509433965,0.3125,0.08372641509433965,35-55
oulad_AAA_2013J,OULAD,transferred,oviedo_C2335_1415,highest_education,2,0.4230769230769231,0.35714285714285715,0.06593406593406592,A Level or Equivalent
oulad_AAA_2013J,OULAD,transferred,oviedo_C2406_1415,gender,2,0.3220338983050847,0.2391304347826087,0.08290346352247602,F
oulad_AAA_2013J,OULAD,transferred,oviedo_C2406_1415,age_band,2,0.37735849056603776,0.20833333333333334,0.16902515723270442,35-55
oulad_AAA_2013J,OULAD,transferred,oviedo_C2406_1415,highest_education,2,0.2692307692307692,0.26785714285714285,0.0013736263736263687,A Level or Equivalent
oulad_AAA_2013J,OULAD,transferred,oviedo_C2468_1415,gender,2,0.17391304347826086,0.15254237288135594,0.021370670596904923,M
oulad_AAA_2013J,OULAD,transferred,oviedo_C2468_1415,age_band,2,0.20833333333333334,0.1320754716981132,0.07625786163522014,0-35
oulad_AAA_2013J,OULAD,transferred,oviedo_C2468_1415,highest_education,2,0.19642857142857142,0.11538461538461539,0.08104395604395603,HE Qualification
oulad_AAA_2013J,OULAD,transferred,oviedo_C2607_1415,gender,2,0.3728813559322034,0.15217391304347827,0.22070744288872512,F
oulad_AAA_2013J,OULAD,transferred,oviedo_C2607_1415,age_band,2,0.33962264150943394,0.22916666666666666,0.11045597484276728,35-55
oulad_AAA_2013J,OULAD,transferred,oviedo_C2607_1415,highest_education,2,0.2857142857142857,0.2692307692307692,0.01648351648351648,HE Qualification
oulad_AAA_2013J,OULAD,transferred,oviedo_C3022_1415,gender,2,0.17391304347826086,0.15254237288135594,0.021370670596904923,M
oulad_AAA_2013J,OULAD,transferred,oviedo_C3022_1415,age_band,2,0.16666666666666666,0.1509433962264151,0.01572327044025157,0-35
oulad_AAA_2013J,OULAD,transferred,oviedo_C3022_1415,highest_education,2,0.16071428571428573,0.15384615384615385,0.0068681318681318715,HE Qualification
oulad_AAA_2013J,OULAD,transferred,oviedo_C3029_1415,gender,2,0.3559322033898305,0.2826086956521739,0.07332350773765661,F
oulad_AAA_2013J,OULAD,transferred,oviedo_C3029_1415,age_band,2,0.41509433962264153,0.22916666666666666,0.18592767295597487,35-55
oulad_AAA_2013J,OULAD,transferred,oviedo_C3029_1415,highest_education,2,0.39285714285714285,0.23076923076923078,0.16208791208791207,HE Qualification
oulad_AAA_2013J,OULAD,transferred,oviedo_C4189_1415,gender,2,0.21739130434782608,0.15254237288135594,0.06484893146647014,M
oulad_AAA_2013J,OULAD,transferred,oviedo_C4189_1415,age_band,2,0.22916666666666666,0.1320754716981132,0.09709119496855345,0-35
oulad_AAA_2013J,OULAD,transferred,oviedo_C4189_1415,highest_education,2,0.16071428571428573,0.11538461538461539,0.045329670329670335,HE Qualification
oulad_AAA_2013J,OULAD,transferred,oviedo_C4213_1415,gender,2,0.4576271186440678,0.2391304347826087,0.2184966838614591,F
oulad_AAA_2013J,OULAD,transferred,oviedo_C4213_1415,age_band,2,0.4716981132075472,0.25,0.22169811320754718,35-55
oulad_AAA_2013J,OULAD,transferred,oviedo_C4213_1415,highest_education,2,0.4230769230769231,0.375,0.04807692307692307,A Level or Equivalent
oulad_AAA_2013J,OULAD,transferred,oviedo_C836_1415,gender,2,0.4782608695652174,0.4406779661016949,0.0375829034635225,M
oulad_AAA_2013J,OULAD,transferred,oviedo_C836_1415,age_band,2,0.5094339622641509,0.4166666666666667,0.09276729559748426,35-55
oulad_AAA_2013J,OULAD,transferred,oviedo_C836_1415,highest_education,2,0.48214285714285715,0.4230769230769231,0.05906593406593408,HE Qualification
oulad_AAA_2014J,OULAD,local,oulad_AAA_2014J,gender,2,0.7,0.5961538461538461,0.10384615384615381,M
oulad_AAA_2014J,OULAD,local,oulad_AAA_2014J,age_band,2,0.6440677966101694,0.6222222222222222,0.02184557438794721,35-55
oulad_AAA_2014J,OULAD,local,oulad_AAA_2014J,highest_education,3,0.7166666666666667,0.52,0.19666666666666666,Lower Than A Level
oulad_AAA_2014J,OULAD,transferred,ku_Accountancy_1819,gender,2,0.34615384615384615,0.25,0.09615384615384615,F
oulad_AAA_2014J,OULAD,transferred,ku_Accountancy_1819,age_band,2,0.3389830508474576,0.2,0.1389830508474576,35-55
oulad_AAA_2014J,OULAD,transferred,ku_Accountancy_1819,highest_education,3,0.36,0.2222222222222222,0.13777777777777778,HE Qualification
oulad_AAA_2014J,OULAD,transferred,ku_Globaleconom_1819,gender,2,0.34615384615384615,0.3333333333333333,0.01282051282051283,F
oulad_AAA_2014J,OULAD,transferred,ku_Globaleconom_1819,age_band,2,0.3559322033898305,0.3333333333333333,0.02259887005649719,35-55
oulad_AAA_2014J,OULAD,transferred,ku_Globaleconom_1819,highest_education,3,0.4166666666666667,0.2,0.21666666666666667,Lower Than A Level
oulad_AAA_2014J,OULAD,transferred,ku_Accountancy_1920,gender,2,0.1,0.057692307692307696,0.04230769230769231,M
oulad_AAA_2014J,OULAD,transferred,ku_Accountancy_1920,age_band,2,0.1111111111111111,0.05084745762711865,0.06026365348399246,0-35
oulad_AAA_2014J,OULAD,transferred,ku_Accountancy_1920,highest_education,3,0.12,0.06666666666666667,0.05333333333333333,A Level or Equivalent
oulad_AAA_2014J,OULAD,transferred,ku_Globaleconom_1920,gender,2,0.35,0.25,0.09999999999999998,M
oulad_AAA_2014J,OULAD,transferred,ku_Globaleconom_1920,age_band,2,0.3389830508474576,0.28888888888888886,0.05009416195856875,35-55
oulad_AAA_2014J,OULAD,transferred,ku_Globaleconom_1920,highest_education,3,0.3333333333333333,0.25925925925925924,0.07407407407407407,HE Qualification
oulad_AAA_2014J,OULAD,transferred,ku_Accountancy_2021,gender,2,0.3076923076923077,0.3,0.0076923076923077205,F
oulad_AAA_2014J,OULAD,transferred,ku_Accountancy_2021,age_band,2,0.3333333333333333,0.3050847457627119,0.02824858757062143,0-35
oulad_AAA_2014J,OULAD,transferred,ku_Accountancy_2021,highest_education,3,0.32,0.25925925925925924,0.06074074074074076,HE Qualification
oulad_AAA_2014J,OULAD,transferred,ku_Globaleconom_2021,gender,2,0.4166666666666667,0.2692307692307692,0.14743589743589747,M
oulad_AAA_2014J,OULAD,transferred,ku_Globaleconom_2021,age_band,2,0.3898305084745763,0.28888888888888886,0.10094161958568743,35-55
oulad_AAA_2014J,OULAD,transferred,ku_Globaleconom_2021,highest_education,3,0.38333333333333336,0.24,0.14333333333333337,Lower Than A Level
oulad_AAA_2014J,OULAD,transferred,ukzn_ISTN101_2019,gender,2,0.23333333333333334,0.09615384615384616,0.1371794871794872,M
oulad_AAA_2014J,OULAD,transferred,ukzn_ISTN101_2019,age_band,2,0.22033898305084745,0.13333333333333333,0.08700564971751412,35-55
oulad_AAA_2014J,OULAD,transferred,ukzn_ISTN101_2019,highest_education,3,0.25,0.0,0.25,Lower Than A Level
oulad_AAA_2014J,OULAD,transferred,ukzn_ISTN101_2020,gender,2,0.36666666666666664,0.34615384615384615,0.020512820512820495,M
oulad_AAA_2014J,OULAD,transferred,ukzn_ISTN101_2020,age_band,2,0.423728813559322,0.28888888888888886,0.13483992467043315,35-55
oulad_AAA_2014J,OULAD,transferred,ukzn_ISTN101_2020,highest_education,3,0.44,0.18518518518518517,0.2548148148148148,HE Qualification
oulad_AAA_2014J,OULAD,transferred,ukzn_ISTN101_2021,gender,2,0.36538461538461536,0.35,0.015384615384615385,F
oulad_AAA_2014J,OULAD,transferred,ukzn_ISTN101_2021,age_band,2,0.4067796610169492,0.3111111111111111,0.09566854990583806,35-55
oulad_AAA_2014J,OULAD,transferred,ukzn_ISTN101_2021,highest_education,3,0.4,0.2962962962962963,0.10370370370370374,HE Qualification
oulad_AAA_2014J,OULAD,transferred,ukzn_ISTN102_2018,gender,2,0.36666666666666664,0.36538461538461536,0.0012820512820512775,M
oulad_AAA_2014J,OULAD,transferred,ukzn_ISTN102_2018,age_band,2,0.4576271186440678,0.26666666666666666,0.19096045197740114,35-55
oulad_AAA_2014J,OULAD,transferred,ukzn_ISTN102_2018,highest_education,3,0.4166666666666667,0.28,0.13666666666666666,Lower Than A Level
oulad_AAA_2014J,OULAD,transferred,ukzn_ISTN103_2019,gender,2,0.34615384615384615,0.3,0.046153846153846156,F
oulad_AAA_2014J,OULAD,transferred,ukzn_ISTN103_2019,age_band,2,0.4,0.288135593220339,0.11186440677966103,0-35
oulad_AAA_2014J,OULAD,transferred,ukzn_ISTN103_2019,highest_education,3,0.4,0.2962962962962963,0.10370370370370374,HE Qualification
oulad_AAA_2014J,OULAD,transferred,ukzn_ISTN103_2020,gender,2,0.4,0.34615384615384615,0.05384615384615388,M
oulad_AAA_2014J,OULAD,transferred,ukzn_ISTN103_2020,age_band,2,0.423728813559322,0.35555555555555557,0.06817325800376645,35-55
oulad_AAA_2014J,OULAD,transferred,ukzn_ISTN103_2020,highest_education,3,0.4666666666666667,0.24,0.22666666666666668,Lower Than A Level
oulad_AAA_2014J,OULAD,transferred,ukzn_ISTN211_2019,gender,2,0.25,0.25,0.0,F
oulad_AAA_2014J,OULAD,transferred,ukzn_ISTN211_2019,age_band,2,0.3333333333333333,0.22033898305084745,0.11299435028248586,0-35
oulad_AAA_2014J,OULAD,transferred,ukzn_ISTN211_2019,highest_education,3,0.32,0.2222222222222222,0.0977777777777778,HE Qualification
oulad_AAA_2014J,OULAD,transferred,ukzn_ISTN211_2021,gender,2,0.36666666666666664,0.3076923076923077,0.05897435897435893,M
oulad_AAA_2014J,OULAD,transferred,ukzn_ISTN211_2021,age_band,2,0.423728813559322,0.28888888888888886,0.13483992467043315,35-55
oulad_AAA_2014J,OULAD,transferred,ukzn_ISTN211_2021,highest_education,3,0.36666666666666664,0.25925925925925924,0.1074074074074074,HE Qualification
oulad_AAA_2014J,OULAD,transferred,ukzn_ISTN212_2018,gender,2,0.4,0.28846153846153844,0.11153846153846159,M
oulad_AAA_2014J,OULAD,transferred,ukzn_ISTN212_2018,age_band,2,0.3898305084745763,0.3333333333333333,0.05649717514124297,35-55
oulad_AAA_2014J,OULAD,transferred,ukzn_ISTN212_2018,highest_education,3,0.4074074074074074,0.2,0.20740740740740737,Lower Than A Level
oulad_AAA_2014J,OULAD,transferred,ukzn_ISTN212_2019,gender,2,0.45,0.36538461538461536,0.08461538461538465,M
oulad_AAA_2014J,OULAD,transferred,ukzn_ISTN212_2019,age_band,2,0.4745762711864407,0.35555555555555557,0.11902071563088512,35-55
oulad_AAA_2014J,OULAD,transferred,ukzn_ISTN212_2019,highest_education,3,0.43333333333333335,0.36,0.07333333333333336,Lower Than A Level
oulad_AAA_2014J,OULAD,transferred,ukzn_ISTN2IP_2018,gender,2,0.36666666666666664,0.34615384615384615,0.020512820512820495,M
oulad_AAA_2014J,OULAD,transferred,ukzn_ISTN2IP_2018,age_band,2,0.4915254237288136,0.2222222222222222,0.26930320150659137,35-55
oulad_AAA_2014J,OULAD,transferred,ukzn_ISTN2IP_2018,highest_education,3,0.38333333333333336,0.28,0.10333333333333333,Lower Than A Level
oulad_AAA_2014J,OULAD,transferred,ukzn_ISTN2IP_2019,gender,2,0.36538461538461536,0.18333333333333332,0.18205128205128204,F
oulad_AAA_2014J,OULAD,transferred,ukzn_ISTN2IP_2019,age_band,2,0.3111111111111111,0.2542372881355932,0.05687382297551791,0-35
oulad_AAA_2014J,OULAD,transferred,ukzn_ISTN2IP_2019,highest_education,3,0.2833333333333333,0.2222222222222222,0.061111111111111116,HE Qualification
oulad_AAA_2014J,OULAD,transferred,ukzn_ISTN3ND_2018,gender,2,0.36666666666666664,0.2692307692307692,0.09743589743589742,M
oulad_AAA_2014J,OULAD,transferred,ukzn_ISTN3ND_2018,age_band,2,0.3728813559322034,0.24444444444444444,0.12843691148775896,35-55
oulad_AAA_2014J,OULAD,transferred,ukzn_ISTN3ND_2018,highest_education,3,0.37037037037037035,0.24,0.13037037037037036,Lower Than A Level
oulad_AAA_2014J,OULAD,transferred,ukzn_ISTN3ND_2019,gender,2,0.3269230769230769,0.31666666666666665,0.010256410256410275,F
oulad_AAA_2014J,OULAD,transferred,ukzn_ISTN3ND_2019,age_band,2,0.3898305084745763,0.24444444444444444,0.14538606403013185,35-55
oulad_AAA_2014J,OULAD,transferred,ukzn_ISTN3ND_2019,highest_education,3,0.36666666666666664,0.25925925925925924,0.1074074074074074,HE Qualification
oulad_AAA_2014J,OULAD,transferred,ukzn_ISTN3SA_2018,gender,2,0.23333333333333334,0.19230769230769232,0.04102564102564102,M
oulad_AAA_2014J,OULAD,transferred,ukzn_ISTN3SA_2018,age_band,2,0.26666666666666666,0.1694915254237288,0.09717514124293786,0-35
oulad_AAA_2014J,OULAD,transferred,ukzn_ISTN3SA_2018,highest_education,3,0.25925925925925924,0.2,0.059259259259259234,A Level or Equivalent
oulad_AAA_2014J,OULAD,transferred,ukzn_ISTN3SA_2019,gender,2,0.40384615384615385,0.2833333333333333,0.12051282051282053,F
oulad_AAA_2014J,OULAD,transferred,ukzn_ISTN3SA_2019,age_band,2,0.4222222222222222,0.288135593220339,0.13408662900188323,0-35
oulad_AAA_2014J,OULAD,transferred,ukzn_ISTN3SA_2019,highest_education,3,0.5185185185185185,0.2,0.3185185185185185,Lower Than A Level
oulad_AAA_2014J,OULAD,transferred,zambia_ICT1110_2020,gender,2,0.3333333333333333,0.2692307692307692,0.0641025641025641,M
oulad_AAA_2014J,OULAD,transferred,zambia_ICT1110_2020,age_band,2,0.3559322033898305,0.28888888888888886,0.06704331450094164,35-55
oulad_AAA_2014J,OULAD,transferred,zambia_ICT1110_2020,highest_education,3,0.38333333333333336,0.16,0.22333333333333336,Lower Than A Level
oulad_AAA_2014J,OULAD,transferred,zambia_ICT1110_2021,gender,2,0.25,0.2,0.04999999999999999,F
oulad_AAA_2014J,OULAD,transferred,zambia_ICT1110_2021,age_band,2,0.24444444444444444,0.23728813559322035,0.007156308851224091,0-35
oulad_AAA_2014J,OULAD,transferred,zambia_ICT1110_2021,highest_education,3,0.25925925925925924,0.12,0.13925925925925925,Lower Than A Level
oulad_AAA_2014J,OULAD,transferred,oviedo_C1112_1415,gender,2,0.40384615384615385,0.4,0.0038461538461538325,F
oulad_AAA_2014J,OULAD,transferred,oviedo_C1112_1415,age_band,2,0.423728813559322,0.37777777777777777,0.04595103578154425,35-55
oulad_AAA_2014J,OULAD,transferred,oviedo_C1112_1415,highest_education,3,0.4166666666666667,0.37037037037037035,0.046296296296296335,HE Qualification
oulad_AAA_2014J,OULAD,transferred,oviedo_C1127_1415,gender,2,0.45,0.4423076923076923,0.0076923076923077205,M
oulad_AAA_2014J,OULAD,transferred,oviedo_C1127_1415,age_band,2,0.4745762711864407,0.4666666666666667,0.007909604519774016,35-55
oulad_AAA_2014J,OULAD,transferred,oviedo_C1127_1415,highest_education,3,0.5333333333333333,0.32,0.21333333333333332,Lower Than A Level
oulad_AAA_2014J,OULAD,transferred,oviedo_C1200_1415,gender,2,0.4166666666666667,0.36538461538461536,0.05128205128205132,M
oulad_AAA_2014J,OULAD,transferred,oviedo_C1200_1415,age_band,2,0.4745762711864407,0.35555555555555557,0.11902071563088512,35-55
oulad_AAA_2014J,OULAD,transferred,oviedo_C1200_1415,highest_education,3,0.43333333333333335,0.2962962962962963,0.13703703703703707,HE Qualification
oulad_AAA_2014J,OULAD,transferred,oviedo_C1303_1415,gender,2,0.38333333333333336,0.34615384615384615,0.037179487179487214,M
oulad_AAA_2014J,OULAD,transferred,oviedo_C1303_1415,age_band,2,0.4067796610169492,0.3333333333333333,0.07344632768361586,35-55
oulad_AAA_2014J,OULAD,transferred,oviedo_C1303_1415,highest_education,3,0.45,0.24,0.21000000000000002,Lower Than A Level
oulad_AAA_2014J,OULAD,transferred,oviedo_C174_1415,gender,2,0.2833333333333333,0.21153846153846154,0.07179487179487179,M
oulad_AAA_2014J,OULAD,transferred,oviedo_C174_1415,age_band,2,0.35555555555555557,0.1694915254237288,0.18606403013182676,0-35
oulad_AAA_2014J,OULAD,transferred,oviedo_C174_1415,highest_education,3,0.26666666666666666,0.2222222222222222,0.04444444444444445,HE Qualification
oulad_AAA_2014J,OULAD,transferred,oviedo_C190_1415,gender,2,0.25,0.21153846153846154,0.038461538461538464,M
oulad_AAA_2014J,OULAD,transferred,oviedo_C190_1415,age_band,2,0.26666666666666666,0.23728813559322035,0.029378531073446318,0-35
oulad_AAA_2014J,OULAD,transferred,oviedo_C190_1415,highest_education,3,0.2962962962962963,0.2,0.09629629629629627,Lower Than A Level
oulad_AAA_2014J,OULAD,transferred,oviedo_C1978_1415,gender,2,0.08333333333333333,0.057692307692307696,0.025641025641025633,M
oulad_AAA_2014J,OULAD,transferred,oviedo_C1978_1415,age_band,2,0.05084745762711865,0.044444444444444446,0.006403013182674201,35-55
oulad_AAA_2014J,OULAD,transferred,oviedo_C1978_1415,highest_education,3,0.08333333333333333,0.037037037037037035,0.046296296296296294,HE Qualification
oulad_AAA_2014J,OULAD,transferred,oviedo_C2011_1415,gender,2,0.3076923076923077,0.26666666666666666,0.041025641025641046,F
oulad_AAA_2014J,OULAD,transferred,oviedo_C2011_1415,age_band,2,0.3050847457627119,0.28888888888888886,0.016195856873823022,35-55
oulad_AAA_2014J,OULAD,transferred,oviedo_C2011_1415,highest_education,3,0.35,0.16,0.18999999999999997,Lower Than A Level
oulad_AAA_2014J,OULAD,transferred,oviedo_C2024_1415,gender,2,0.4166666666666667,0.3076923076923077,0.10897435897435898,M
oulad_AAA_2014J,OULAD,transferred,oviedo_C2024_1415,age_band,2,0.423728813559322,0.3111111111111111,0.1126177024482109,35-55
oulad_AAA_2014J,OULAD,transferred,oviedo_C2024_1415,highest_education,3,0.4,0.2962962962962963,0.10370370370370374,HE Qualification
oulad_AAA_2014J,OULAD,transferred,oviedo_C2150_1415,gender,2,0.38333333333333336,0.36538461538461536,0.017948717948717996,M
oulad_AAA_2014J,OULAD,transferred,oviedo_C2150_1415,age_band,2,0.4406779661016949,0.3111111111111111,0.1295668549905838,35-55
oulad_AAA_2014J,OULAD,transferred,oviedo_C2150_1415,highest_education,3,0.45,0.25925925925925924,0.19074074074074077,HE Qualification
oulad_AAA_2014J,OULAD,transferred,oviedo_C2271_1415,gender,2,0.35,0.3076923076923077,0.04230769230769227,M
oulad_AAA_2014J,OULAD,transferred,oviedo_C2271_1415,age_band,2,0.423728813559322,0.24444444444444444,0.17928436911487758,35-55
oulad_AAA_2014J,OULAD,transferred,oviedo_C2271_1415,highest_education,3,0.4,0.18518518518518517,0.21481481481481485,HE Qualification
oulad_AAA_2014J,OULAD,transferred,oviedo_C2335_1415,gender,2,0.3269230769230769,0.3,0.02692307692307694,F
oulad_AAA_2014J,OULAD,transferred,oviedo_C2335_1415,age_band,2,0.35555555555555557,0.288135593220339,0.06741996233521658,0-35
oulad_AAA_2014J,OULAD,transferred,oviedo_C2335_1415,highest_education,3,0.36666666666666664,0.2,0.16666666666666663,Lower Than A Level
oulad_AAA_2014J,OULAD,transferred,oviedo_C2406_1415,gender,2,0.40384615384615385,0.3,0.10384615384615387,F
oulad_AAA_2014J,OULAD,transferred,oviedo_C2406_1415,age_band,2,0.4745762711864407,0.2,0.2745762711864407,35-55
oulad_AAA_2014J,OULAD,transferred,oviedo_C2406_1415,highest_education,3,0.4166666666666667,0.2222222222222222,0.19444444444444448,HE Qualification
oulad_AAA_2014J,OULAD,transferred,oviedo_C2468_1415,gender,2,0.2,0.15384615384615385,0.046153846153846156,M
oulad_AAA_2014J,OULAD,transferred,oviedo_C2468_1415,age_band,2,0.22033898305084745,0.15555555555555556,0.0647834274952919,35-55
oulad_AAA_2014J,OULAD,transferred,oviedo_C2468_1415,highest_education,3,0.21666666666666667,0.1111111111111111,0.10555555555555557,HE Qualification
oulad_AAA_2014J,OULAD,transferred,oviedo_C2607_1415,gender,2,0.3269230769230769,0.3,0.02692307692307694,F
oulad_AAA_2014J,OULAD,transferred,oviedo_C2607_1415,age_band,2,0.3898305084745763,0.24444444444444444,0.14538606403013185,35-55
oulad_AAA_2014J,OULAD,transferred,oviedo_C2607_1415,highest_education,3,0.35,0.25925925925925924,0.09074074074074073,HE Qualification
oulad_AAA_2014J,OULAD,transferred,oviedo_C3022_1415,gender,2,0.13333333333333333,0.11538461538461539,0.01794871794871794,M
oulad_AAA_2014J,OULAD,transferred,oviedo_C3022_1415,age_band,2,0.17777777777777778,0.06779661016949153,0.10998116760828626,0-35
oulad_AAA_2014J,OULAD,transferred,oviedo_C3022_1415,highest_education,3,0.2,0.1,0.1,A Level or Equivalent
oulad_AAA_2014J,OULAD,transferred,oviedo_C3029_1415,gender,2,0.28846153846153844,0.26666666666666666,0.021794871794871773,F
oulad_AAA_2014J,OULAD,transferred,oviedo_C3029_1415,age_band,2,0.3559322033898305,0.2,0.1559322033898305,35-55
oulad_AAA_2014J,OULAD,transferred,oviedo_C3029_1415,highest_education,3,0.37037037037037035,0.12,0.25037037037037035,Lower Than A Level
oulad_AAA_2014J,OULAD,transferred,oviedo_C4189_1415,gender,2,0.25,0.16666666666666666,0.08333333333333334,F
oulad_AAA_2014J,OULAD,transferred,oviedo_C4189_1415,age_band,2,0.22033898305084745,0.17777777777777778,0.04256120527306967,35-55
oulad_AAA_2014J,OULAD,transferred,oviedo_C4189_1415,highest_education,3,0.25925925925925924,0.18333333333333332,0.07592592592592592,A Level or Equivalent
oulad_AAA_2014J,OULAD,transferred,oviedo_C4213_1415,gender,2,0.4,0.3076923076923077,0.09230769230769231,M
oulad_AAA_2014J,OULAD,transferred,oviedo_C4213_1415,age_band,2,0.4576271186440678,0.26666666666666666,0.19096045197740114,35-55
oulad_AAA_2014J,OULAD,transferred,oviedo_C4213_1415,highest_education,3,0.4,0.2962962962962963,0.10370370370370374,HE Qualification
oulad_AAA_2014J,OULAD,transferred,oviedo_C836_1415,gender,2,0.4666666666666667,0.2692307692307692,0.19743589743589746,M
oulad_AAA_2014J,OULAD,transferred,oviedo_C836_1415,age_band,2,0.4406779661016949,0.35555555555555557,0.08512241054613934,35-55
oulad_AAA_2014J,OULAD,transferred,oviedo_C836_1415,highest_education,3,0.45,0.25925925925925924,0.19074074074074077,HE Qualification
oulad_BBB_2013B,OULAD,local,oulad_BBB_2013B,gender,2,0.39166666666666666,0.36018957345971564,0.03147709320695102,F
oulad_BBB_2013B,OULAD,local,oulad_BBB_2013B,imd_band,10,0.4857142857142857,0.31666666666666665,0.16904761904761906,70-80%
oulad_BBB_2013B,OULAD,local,oulad_BBB_2013B,disability,2,0.37543859649122807,0.27522935779816515,0.10020923869306292,Y
oulad_BBB_2013B,OULAD,local,oulad_BBB_2013B,age_band,2,0.36656891495601174,0.35815602836879434,0.008412886587217394,35-55
oulad_BBB_2013B,OULAD,local,oulad_BBB_2013B,highest_education,3,0.37398373983739835,0.3108108108108108,0.06317292902658755,HE Qualification
oulad_BBB_2013B,OULAD,transferred,ku_Accountancy_1819,gender,2,0.1646919431279621,0.15,0.014691943127962098,M
oulad_BBB_2013B,OULAD,transferred,ku_Accountancy_1819,imd_band,10,0.1956521739130435,0.12962962962962962,0.06602254428341386,0-10%
oulad_BBB_2013B,OULAD,transferred,ku_Accountancy_1819,disability,2,0.23853211009174313,0.15321637426900586,0.08531573582273727,N
oulad_BBB_2013B,OULAD,transferred,ku_Accountancy_1819,age_band,2,0.18439716312056736,0.15395894428152493,0.030438218839042436,0-35
oulad_BBB_2013B,OULAD,transferred,ku_Accountancy_1819,highest_education,3,0.16531165311653118,0.15779092702169625,0.007520726094834923,Lower Than A Level
oulad_BBB_2013B,OULAD,transferred,ku_Globaleconom_1819,gender,2,0.4,0.3459715639810427,0.05402843601895735,F
oulad_BBB_2013B,OULAD,transferred,ku_Globaleconom_1819,imd_band,10,0.5142857142857142,0.2962962962962963,0.21798941798941796,40-50%
oulad_BBB_2013B,OULAD,transferred,ku_Globaleconom_1819,disability,2,0.36140350877192984,0.28440366972477066,0.07699983904715918,Y
oulad_BBB_2013B,OULAD,transferred,ku_Globaleconom_1819,age_band,2,0.3617021276595745,0.3489736070381232,0.0127285206214513,0-35
oulad_BBB_2013B,OULAD,transferred,ku_Globaleconom_1819,highest_education,3,0.39295392953929537,0.3108108108108108,0.08214311872848457,HE Qualification
oulad_BBB_2013B,OULAD,transferred,ku_Accountancy_1920,gender,2,0.15833333333333333,0.12677725118483413,0.0315560821484992,F
oulad_BBB_2013B,OULAD,transferred,ku_Accountancy_1920,imd_band,10,0.17142857142857143,0.08536585365853659,0.08606271777003484,50-60%
oulad_BBB_2013B,OULAD,transferred,ku_Accountancy_1920,disability,2,0.1559633027522936,0.12748538011695906,0.028477922635334524,N
oulad_BBB_2013B,OULAD,transferred,ku_Accountancy_1920,age_band,2,0.13120567375886524,0.13049853372434017,0.0007071400345250722,0-35
oulad_BBB_2013B,OULAD,transferred,ku_Accountancy_1920,highest_education,3,0.14634146341463414,0.11834319526627218,0.027998268148361954,Lower Than A Level
oulad_BBB_2013B,OULAD,transferred,ku_Globaleconom_1920,gender,2,0.24644549763033174,0.21666666666666667,0.02977883096366507,M
oulad_BBB_2013B,OULAD,transferred,ku_Globaleconom_1920,imd_band,10,0.3333333333333333,0.17073170731707318,0.16260162601626013,50-60%
oulad_BBB_2013B,OULAD,transferred,ku_Globaleconom_1920,disability,2,0.25688073394495414,0.2409356725146199,0.01594506143033425,N
oulad_BBB_2013B,OULAD,transferred,ku_Globaleconom_1920,age_band,2,0.26099706744868034,0.19858156028368795,0.06241550716499239,35-55
oulad_BBB_2013B,OULAD,transferred,ku_Globaleconom_1920,highest_education,3,0.2603550295857988,0.21680216802168023,0.04355286156411858,A Level or Equivalent
oulad_BBB_2013B,OULAD,transferred,ku_Accountancy_2021,gender,2,0.2833333333333333,0.2109004739336493,0.07243285939968402,F
oulad_BBB_2013B,OULAD,transferred,ku_Accountancy_2021,imd_band,10,0.28846153846153844,0.17142857142857143,0.117032967032967,90-100%
oulad_BBB_2013B,OULAD,transferred,ku_Accountancy_2021,disability,2,0.22935779816513763,0.21871345029239767,0.010644347872739962,N
oulad_BBB_2013B,OULAD,transferred,ku_Accountancy_2021,age_band,2,0.22695035460992907,0.21700879765395895,0.009941556955970127,0-35
oulad_BBB_2013B,OULAD,transferred,ku_Accountancy_2021,highest_education,3,0.22972972972972974,0.21696252465483234,0.012767205074897398,Lower Than A Level
oulad_BBB_2013B,OULAD,transferred,ku_Globaleconom_2021,gender,2,0.32582938388625593,0.325,0.0008293838862559189,M
oulad_BBB_2013B,OULAD,transferred,ku_Globaleconom_2021,imd_band,10,0.4,0.2403846153846154,0.15961538461538463,30-40%
oulad_BBB_2013B,OULAD,transferred,ku_Globaleconom_2021,disability,2,0.3321637426900585,0.27522935779816515,0.05693438489189334,Y
oulad_BBB_2013B,OULAD,transferred,ku_Globaleconom_2021,age_band,2,0.32697947214076245,0.32269503546099293,0.004284436679769521,35-55
oulad_BBB_2013B,OULAD,transferred,ku_Globaleconom_2021,highest_education,3,0.3523035230352303,0.3096646942800789,0.0426388287551514,Lower Than A Level
oulad_BBB_2013B,OULAD,transferred,ukzn_ISTN101_2019,gender,2,0.3333333333333333,0.32582938388625593,0.007503949447077385,F
oulad_BBB_2013B,OULAD,transferred,ukzn_ISTN101_2019,imd_band,10,0.5142857142857142,0.27884615384615385,0.23543956043956038,30-40%
oulad_BBB_2013B,OULAD,transferred,ukzn_ISTN101_2019,disability,2,0.3333333333333333,0.27522935779816515,0.05810397553516816,Y
oulad_BBB_2013B,OULAD,transferred,ukzn_ISTN101_2019,age_band,2,0.35815602836879434,0.31378299120234604,0.044373037166448304,0-35
oulad_BBB_2013B,OULAD,transferred,ukzn_ISTN101_2019,highest_education,3,0.34959349593495936,0.2972972972972973,0.05229619863766205,HE Qualification
oulad_BBB_2013B,OULAD,transferred,ukzn_ISTN101_2020,gender,2,0.25,0.2381516587677725,0.0118483412322275,F
oulad_BBB_2013B,OULAD,transferred,ukzn_ISTN101_2020,imd_band,10,0.29411764705882354,0.15,0.14411764705882354,70-80%
oulad_BBB_2013B,OULAD,transferred,ukzn_ISTN101_2020,disability,2,0.25688073394495414,0.23742690058479532,0.019453833360158823,N
oulad_BBB_2013B,OULAD,transferred,ukzn_ISTN101_2020,age_band,2,0.2553191489361702,0.23313782991202345,0.022181319024146745,0-35
oulad_BBB_2013B,OULAD,transferred,ukzn_ISTN101_2020,highest_education,3,0.2702702702702703,0.23865877712031558,0.031611493149954706,Lower Than A Level
oulad_BBB_2013B,OULAD,transferred,ukzn_ISTN101_2021,gender,2,0.31666666666666665,0.2890995260663507,0.027567140600315954,F
oulad_BBB_2013B,OULAD,transferred,ukzn_ISTN101_2021,imd_band,10,0.36585365853658536,0.21153846153846154,0.15431519699812382,30-40%
oulad_BBB_2013B,OULAD,transferred,ukzn_ISTN101_2021,disability,2,0.2935672514619883,0.28440366972477066,0.009163581737217652,Y
oulad_BBB_2013B,OULAD,transferred,ukzn_ISTN101_2021,age_band,2,0.3093841642228739,0.25177304964539005,0.05761111457748386,35-55
oulad_BBB_2013B,OULAD,transferred,ukzn_ISTN101_2021,highest_education,3,0.3170731707317073,0.25675675675675674,0.06031641397495058,HE Qualification
oulad_BBB_2013B,OULAD,transferred,ukzn_ISTN102_2018,gender,2,0.38333333333333336,0.33886255924170616,0.044470774091627197,F
oulad_BBB_2013B,OULAD,transferred,ukzn_ISTN102_2018,imd_band,10,0.4,0.25,0.15000000000000002,70-80%
oulad_BBB_2013B,OULAD,transferred,ukzn_ISTN102_2018,disability,2,0.3508771929824561,0.29357798165137616,0.05729921133107996,Y
oulad_BBB_2013B,OULAD,transferred,ukzn_ISTN102_2018,age_band,2,0.3519061583577713,0.3262411347517731,0.025665023605998205,35-55
oulad_BBB_2013B,OULAD,transferred,ukzn_ISTN102_2018,highest_education,3,0.36486486486486486,0.3333333333333333,0.03153153153153154,A Level or Equivalent
oulad_BBB_2013B,OULAD,transferred,ukzn_ISTN103_2019,gender,2,0.325,0.283175355450237,0.041824644549763035,F
oulad_BBB_2013B,OULAD,transferred,ukzn_ISTN103_2019,imd_band,10,0.3269230769230769,0.17142857142857143,0.1554945054945055,90-100%
oulad_BBB_2013B,OULAD,transferred,ukzn_ISTN103_2019,disability,2,0.2935672514619883,0.24770642201834864,0.04586082944363967,Y
oulad_BBB_2013B,OULAD,transferred,ukzn_ISTN103_2019,age_band,2,0.30498533724340177,0.24822695035460993,0.05675838688879184,35-55
oulad_BBB_2013B,OULAD,transferred,ukzn_ISTN103_2019,highest_education,3,0.3076923076923077,0.2682926829268293,0.039399624765478425,A Level or Equivalent
oulad_BBB_2013B,OULAD,transferred,ukzn_ISTN103_2020,gender,2,0.38333333333333336,0.33293838862559244,0.05039494470774092,F
oulad_BBB_2013B,OULAD,transferred,ukzn_ISTN103_2020,imd_band,10,0.4117647058823529,0.3048780487804878,0.10688665710186512,50-60%
oulad_BBB_2013B,OULAD,transferred,ukzn_ISTN103_2020,disability,2,0.34619883040935673,0.28440366972477066,0.06179516068458607,Y
oulad_BBB_2013B,OULAD,transferred,ukzn_ISTN103_2020,age_band,2,0.34397163120567376,0.33724340175953077,0.006728229446142986,0-35
oulad_BBB_2013B,OULAD,transferred,ukzn_ISTN103_2020,highest_education,3,0.34959349593495936,0.28378378378378377,0.06580971215117559,HE Qualification
oulad_BBB_2013B,OULAD,transferred,ukzn_ISTN211_2019,gender,2,0.25,0.225,0.024999999999999994,M
oulad_BBB_2013B,OULAD,transferred,ukzn_ISTN211_2019,imd_band,10,0.2926829268292683,0.14285714285714285,0.14982578397212543,90-100%
oulad_BBB_2013B,OULAD,transferred,ukzn_ISTN211_2019,disability,2,0.27522935779816515,0.2432748538011696,0.031954503996995565,N
oulad_BBB_2013B,OULAD,transferred,ukzn_ISTN211_2019,age_band,2,0.250733137829912,0.2375886524822695,0.01314448534764251,35-55
oulad_BBB_2013B,OULAD,transferred,ukzn_ISTN211_2019,highest_education,3,0.2603550295857988,0.21621621621621623,0.044138813369582586,HE Qualification
oulad_BBB_2013B,OULAD,transferred,ukzn_ISTN211_2021,gender,2,0.38333333333333336,0.3424170616113744,0.04091627172195894,F
oulad_BBB_2013B,OULAD,transferred,ukzn_ISTN211_2021,imd_band,10,0.42857142857142855,0.29411764705882354,0.134453781512605,80-90%
oulad_BBB_2013B,OULAD,transferred,ukzn_ISTN211_2021,disability,2,0.3485380116959064,0.3394495412844037,0.009088470411502736,Y
oulad_BBB_2013B,OULAD,transferred,ukzn_ISTN211_2021,age_band,2,0.3489736070381232,0.34397163120567376,0.0050019758324494346,35-55
oulad_BBB_2013B,OULAD,transferred,ukzn_ISTN211_2021,highest_education,3,0.34959349593495936,0.33783783783783783,0.011755658097121535,HE Qualification
oulad_BBB_2013B,OULAD,transferred,ukzn_ISTN212_2018,gender,2,0.4,0.3353080568720379,0.06469194312796211,F
oulad_BBB_2013B,OULAD,transferred,ukzn_ISTN212_2018,imd_band,10,0.42857142857142855,0.2,0.22857142857142854,70-80%
oulad_BBB_2013B,OULAD,transferred,ukzn_ISTN212_2018,disability,2,0.352046783625731,0.27522935779816515,0.07681742582756584,Y
oulad_BBB_2013B,OULAD,transferred,ukzn_ISTN212_2018,age_band,2,0.3460410557184751,0.33687943262411346,0.009161623094361637,35-55
oulad_BBB_2013B,OULAD,transferred,ukzn_ISTN212_2018,highest_education,3,0.36486486486486486,0.34146341463414637,0.02340145023071849,A Level or Equivalent
oulad_BBB_2013B,OULAD,transferred,ukzn_ISTN212_2019,gender,2,0.3495260663507109,0.3333333333333333,0.01619273301737756,M
oulad_BBB_2013B,OULAD,transferred,ukzn_ISTN212_2019,imd_band,10,0.5142857142857142,0.25961538461538464,0.2546703296703296,30-40%
oulad_BBB_2013B,OULAD,transferred,ukzn_ISTN212_2019,disability,2,0.35906432748538014,0.25688073394495414,0.102183593540426,Y
oulad_BBB_2013B,OULAD,transferred,ukzn_ISTN212_2019,age_band,2,0.3519061583577713,0.33687943262411346,0.01502672573365782,35-55
oulad_BBB_2013B,OULAD,transferred,ukzn_ISTN212_2019,highest_education,3,0.3956639566395664,0.2972972972972973,0.09836665934226907,HE Qualification
oulad_BBB_2013B,OULAD,transferred,ukzn_ISTN2IP_2018,gender,2,0.3333333333333333,0.2914691943127962,0.041864139020537094,F
oulad_BBB_2013B,OULAD,transferred,ukzn_ISTN2IP_2018,imd_band,10,0.3170731707317073,0.25,0.06707317073170732,70-80%
oulad_BBB_2013B,OULAD,transferred,ukzn_ISTN2IP_2018,disability,2,0.30275229357798167,0.295906432748538,0.006845860829443662,N
oulad_BBB_2013B,OULAD,transferred,ukzn_ISTN2IP_2018,age_band,2,0.3064516129032258,0.2730496453900709,0.033401967513154884,35-55
oulad_BBB_2013B,OULAD,transferred,ukzn_ISTN2IP_2018,highest_education,3,0.3224932249322493,0.24324324324324326,0.07924998168900604,HE Qualification
oulad_BBB_2013B,OULAD,transferred,ukzn_ISTN2IP_2019,gender,2,0.31666666666666665,0.28080568720379145,0.0358609794628752,F
oulad_BBB_2013B,OULAD,transferred,ukzn_ISTN2IP_2019,imd_band,10,0.35294117647058826,0.14285714285714285,0.2100840336134454,90-100%
oulad_BBB_2013B,OULAD,transferred,ukzn_ISTN2IP_2019,disability,2,0.3211009174311927,0.2807017543859649,0.04039916304522778,N
oulad_BBB_2013B,OULAD,transferred,ukzn_ISTN2IP_2019,age_band,2,0.3020527859237537,0.24468085106382978,0.057371934859923895,35-55
oulad_BBB_2013B,OULAD,transferred,ukzn_ISTN2IP_2019,highest_education,3,0.3008130081300813,0.20270270270270271,0.09811030542737861,HE Qualification
oulad_BBB_2013B,OULAD,transferred,ukzn_ISTN3ND_2018,gender,2,0.3341232227488152,0.3333333333333333,0.0007898894154818592,M
oulad_BBB_2013B,OULAD,transferred,ukzn_ISTN3ND_2018,imd_band,10,0.4,0.26666666666666666,0.13333333333333336,70-80%
oulad_BBB_2013B,OULAD,transferred,ukzn_ISTN3ND_2018,disability,2,0.34502923976608185,0.24770642201834864,0.09732281774773321,Y
oulad_BBB_2013B,OULAD,transferred,ukzn_ISTN3ND_2018,age_band,2,0.3343108504398827,0.3333333333333333,0.0009775171065493637,35-55
oulad_BBB_2013B,OULAD,transferred,ukzn_ISTN3ND_2018,highest_education,3,0.34688346883468835,0.32432432432432434,0.022559144510364004,HE Qualification
oulad_BBB_2013B,OULAD,transferred,ukzn_ISTN3ND_2019,gender,2,0.36666666666666664,0.31990521327014215,0.04676145339652449,F
oulad_BBB_2013B,OULAD,transferred,ukzn_ISTN3ND_2019,imd_band,10,0.3902439024390244,0.26666666666666666,0.12357723577235774,70-80%
oulad_BBB_2013B,OULAD,transferred,ukzn_ISTN3ND_2019,disability,2,0.3321637426900585,0.27522935779816515,0.05693438489189334,Y
oulad_BBB_2013B,OULAD,transferred,ukzn_ISTN3ND_2019,age_band,2,0.3262411347517731,0.3255131964809384,0.0007279382708346716,0-35
oulad_BBB_2013B,OULAD,transferred,ukzn_ISTN3ND_2019,highest_education,3,0.34146341463414637,0.2972972972972973,0.04416611733684905,HE Qualification
oulad_BBB_2013B,OULAD,transferred,ukzn_ISTN3SA_2018,gender,2,0.12914691943127962,0.125,0.004146919431279622,M
oulad_BBB_2013B,OULAD,transferred,ukzn_ISTN3SA_2018,imd_band,10,0.16428571428571428,0.09803921568627451,0.06624649859943978,80-90%
oulad_BBB_2013B,OULAD,transferred,ukzn_ISTN3SA_2018,disability,2,0.1834862385321101,0.1216374269005848,0.06184881163152531,N
oulad_BBB_2013B,OULAD,transferred,ukzn_ISTN3SA_2018,age_band,2,0.14893617021276595,0.12023460410557185,0.0287015661071941,0-35
oulad_BBB_2013B,OULAD,transferred,ukzn_ISTN3SA_2018,highest_education,3,0.14864864864864866,0.11834319526627218,0.030305453382376474,Lower Than A Level
oulad_BBB_2013B,OULAD,transferred,ukzn_ISTN3SA_2019,gender,2,0.38333333333333336,0.2962085308056872,0.08712480252764615,F
oulad_BBB_2013B,OULAD,transferred,ukzn_ISTN3SA_2019,imd_band,10,0.35365853658536583,0.25,0.10365853658536583,70-80%
oulad_BBB_2013B,OULAD,transferred,ukzn_ISTN3SA_2019,disability,2,0.3302752293577982,0.30409356725146197,0.026181662106336212,N
oulad_BBB_2013B,OULAD,transferred,ukzn_ISTN3SA_2019,age_band,2,0.32978723404255317,0.29765395894428154,0.03213327509827163,0-35
oulad_BBB_2013B,OULAD,transferred,ukzn_ISTN3SA_2019,highest_education,3,0.32432432432432434,0.2981029810298103,0.026221343294514032,A Level or Equivalent
oulad_BBB_2013B,OULAD,transferred,zambia_ICT1110_2020,gender,2,0.35833333333333334,0.3293838862559242,0.02894944707740915,F
oulad_BBB_2013B,OULAD,transferred,zambia_ICT1110_2020,imd_band,10,0.3888888888888889,0.2571428571428571,0.13174603174603178,90-100%
oulad_BBB_2013B,OULAD,transferred,zambia_ICT1110_2020,disability,2,0.3391812865497076,0.28440366972477066,0.054777616824936926,Y
oulad_BBB_2013B,OULAD,transferred,zambia_ICT1110_2020,age_band,2,0.34310850439882695,0.30851063829787234,0.03459786610095461,35-55
oulad_BBB_2013B,OULAD,transferred,zambia_ICT1110_2020,highest_education,3,0.35135135135135137,0.31952662721893493,0.03182472413241644,Lower Than A Level
oulad_BBB_2013B,OULAD,transferred,zambia_ICT1110_2021,gender,2,0.23222748815165878,0.18333333333333332,0.04889415481832546,M
oulad_BBB_2013B,OULAD,transferred,zambia_ICT1110_2021,imd_band,10,0.29411764705882354,0.14285714285714285,0.1512605042016807,90-100%
oulad_BBB_2013B,OULAD,transferred,zambia_ICT1110_2021,disability,2,0.25688073394495414,0.2222222222222222,0.03465851172273193,N
oulad_BBB_2013B,OULAD,transferred,zambia_ICT1110_2021,age_band,2,0.2375366568914956,0.19858156028368795,0.03895509660780766,35-55
oulad_BBB_2013B,OULAD,transferred,zambia_ICT1110_2021,highest_education,3,0.24260355029585798,0.20270270270270271,0.039900847593155264,HE Qualification
oulad_BBB_2013B,OULAD,transferred,oviedo_C1112_1415,gender,2,0.39166666666666666,0.3518957345971564,0.03977093206951027,F
oulad_BBB_2013B,OULAD,transferred,oviedo_C1112_1415,imd_band,10,0.42857142857142855,0.2833333333333333,0.14523809523809522,70-80%
oulad_BBB_2013B,OULAD,transferred,oviedo_C1112_1415,disability,2,0.36374269005847953,0.30275229357798167,0.060990396480497866,Y
oulad_BBB_2013B,OULAD,transferred,oviedo_C1112_1415,age_band,2,0.36070381231671556,0.3475177304964539,0.013186081820261653,35-55
oulad_BBB_2013B,OULAD,transferred,oviedo_C1112_1415,highest_education,3,0.3712737127371274,0.2972972972972973,0.07397641543983008,HE Qualification
oulad_BBB_2013B,OULAD,transferred,oviedo_C1127_1415,gender,2,0.4,0.31990521327014215,0.08009478672985787,F
oulad_BBB_2013B,OULAD,transferred,oviedo_C1127_1415,imd_band,10,0.3924050632911392,0.25,0.14240506329113922,70-80%
oulad_BBB_2013B,OULAD,transferred,oviedo_C1127_1415,disability,2,0.3368421052631579,0.27522935779816515,0.061612747464992734,Y
oulad_BBB_2013B,OULAD,transferred,oviedo_C1127_1415,age_band,2,0.3489736070381232,0.28368794326241137,0.06528566377571182,35-55
oulad_BBB_2013B,OULAD,transferred,oviedo_C1127_1415,highest_education,3,0.34911242603550297,0.25675675675675674,0.09235566927874622,HE Qualification
oulad_BBB_2013B,OULAD,transferred,oviedo_C1200_1415,gender,2,0.2725118483412322,0.25833333333333336,0.014178515007898851,M
oulad_BBB_2013B,OULAD,transferred,oviedo_C1200_1415,imd_band,10,0.32926829268292684,0.21666666666666667,0.11260162601626017,70-80%
oulad_BBB_2013B,OULAD,transferred,oviedo_C1200_1415,disability,2,0.27134502923976606,0.26605504587155965,0.005289983368206408,Y
oulad_BBB_2013B,OULAD,transferred,oviedo_C1200_1415,age_band,2,0.2829912023460411,0.24113475177304963,0.04185645057299145,35-55
oulad_BBB_2013B,OULAD,transferred,oviedo_C1200_1415,highest_education,3,0.3008130081300813,0.252465483234714,0.04834752489536731,Lower Than A Level
oulad_BBB_2013B,OULAD,transferred,oviedo_C1303_1415,gender,2,0.3424170616113744,0.31666666666666665,0.025750394944707766,M
oulad_BBB_2013B,OULAD,transferred,oviedo_C1303_1415,imd_band,10,0.45714285714285713,0.25961538461538464,0.1975274725274725,30-40%
oulad_BBB_2013B,OULAD,transferred,oviedo_C1303_1415,disability,2,0.3485380116959064,0.26605504587155965,0.08248296582434678,Y
oulad_BBB_2013B,OULAD,transferred,oviedo_C1303_1415,age_band,2,0.3416422287390029,0.3333333333333333,0.008308895405669592,35-55
oulad_BBB_2013B,OULAD,transferred,oviedo_C1303_1415,highest_education,3,0.35772357723577236,0.3108108108108108,0.04691276642496156,HE Qualification
oulad_BBB_2013B,OULAD,transferred,oviedo_C174_1415,gender,2,0.23333333333333334,0.21208530805687204,0.021248025276461302,F
oulad_BBB_2013B,OULAD,transferred,oviedo_C174_1415,imd_band,10,0.29411764705882354,0.16455696202531644,0.1295606850335071,60-70%
oulad_BBB_2013B,OULAD,transferred,oviedo_C174_1415,disability,2,0.26605504587155965,0.20818713450292398,0.05786791136863567,N
oulad_BBB_2013B,OULAD,transferred,oviedo_C174_1415,age_band,2,0.2695035460992908,0.19208211143695014,0.07742143466234064,0-35
oulad_BBB_2013B,OULAD,transferred,oviedo_C174_1415,highest_education,3,0.25675675675675674,0.18699186991869918,0.06976488683805757,A Level or Equivalent
oulad_BBB_2013B,OULAD,transferred,oviedo_C190_1415,gender,2,0.20833333333333334,0.19075829383886256,0.017575039494470784,F
oulad_BBB_2013B,OULAD,transferred,oviedo_C190_1415,imd_band,10,0.25,0.16455696202531644,0.08544303797468356,60-70%
oulad_BBB_2013B,OULAD,transferred,oviedo_C190_1415,disability,2,0.27522935779816515,0.1824561403508772,0.09277321744728795,N
oulad_BBB_2013B,OULAD,transferred,oviedo_C190_1415,age_band,2,0.2695035460992908,0.16129032258064516,0.10821322351864562,0-35
oulad_BBB_2013B,OULAD,transferred,oviedo_C190_1415,highest_education,3,0.28378378378378377,0.15718157181571815,0.12660221196806562,A Level or Equivalent
oulad_BBB_2013B,OULAD,transferred,oviedo_C1978_1415,gender,2,0.11966824644549763,0.058333333333333334,0.0613349131121643,M
oulad_BBB_2013B,OULAD,transferred,oviedo_C1978_1415,imd_band,10,0.15853658536585366,0.058823529411764705,0.09971305595408896,80-90%
oulad_BBB_2013B,OULAD,transferred,oviedo_C1978_1415,disability,2,0.11812865497076024,0.06422018348623854,0.0539084714845217,Y
oulad_BBB_2013B,OULAD,transferred,oviedo_C1978_1415,age_band,2,0.1276595744680851,0.10557184750733138,0.022087726960753715,0-35
oulad_BBB_2013B,OULAD,transferred,oviedo_C1978_1415,highest_education,3,0.14864864864864866,0.09664694280078895,0.05200170584785971,Lower Than A Level
oulad_BBB_2013B,OULAD,transferred,oviedo_C2011_1415,gender,2,0.35833333333333334,0.28080568720379145,0.07752764612954188,F
oulad_BBB_2013B,OULAD,transferred,oviedo_C2011_1415,imd_band,10,0.3425925925925926,0.17142857142857143,0.17116402116402119,90-100%
oulad_BBB_2013B,OULAD,transferred,oviedo_C2011_1415,disability,2,0.2935672514619883,0.26605504587155965,0.027512205590428662,Y
oulad_BBB_2013B,OULAD,transferred,oviedo_C2011_1415,age_band,2,0.32978723404255317,0.27419354838709675,0.055593685655456415,0-35
oulad_BBB_2013B,OULAD,transferred,oviedo_C2011_1415,highest_education,3,0.31952662721893493,0.24324324324324326,0.07628338397569168,HE Qualification
oulad_BBB_2013B,OULAD,transferred,oviedo_C2024_1415,gender,2,0.325,0.31635071090047395,0.008649289099526059,F
oulad_BBB_2013B,OULAD,transferred,oviedo_C2024_1415,imd_band,10,0.45098039215686275,0.23170731707317074,0.219273075083692,50-60%
oulad_BBB_2013B,OULAD,transferred,oviedo_C2024_1415,disability,2,0.3263157894736842,0.24770642201834864,0.07860936745533559,Y
oulad_BBB_2013B,OULAD,transferred,oviedo_C2024_1415,age_band,2,0.3284457478005865,0.2907801418439716,0.03766560595661489,35-55
oulad_BBB_2013B,OULAD,transferred,oviedo_C2024_1415,highest_education,3,0.34417344173441733,0.2702702702702703,0.07390317146414704,HE Qualification
oulad_BBB_2013B,OULAD,transferred,oviedo_C2150_1415,gender,2,0.35833333333333334,0.28791469194312796,0.07041864139020537,F
oulad_BBB_2013B,OULAD,transferred,oviedo_C2150_1415,imd_band,10,0.35443037974683544,0.16666666666666666,0.1877637130801688,70-80%
oulad_BBB_2013B,OULAD,transferred,oviedo_C2150_1415,disability,2,0.3017543859649123,0.25688073394495414,0.04487365201995813,Y
oulad_BBB_2013B,OULAD,transferred,oviedo_C2150_1415,age_band,2,0.3035190615835777,0.2801418439716312,0.0233772176119465,35-55
oulad_BBB_2013B,OULAD,transferred,oviedo_C2150_1415,highest_education,3,0.3089430894308943,0.21621621621621623,0.0927268732146781,HE Qualification
oulad_BBB_2013B,OULAD,transferred,oviedo_C2271_1415,gender,2,0.35545023696682465,0.35,0.005450236966824673,M
oulad_BBB_2013B,OULAD,transferred,oviedo_C2271_1415,imd_band,10,0.42857142857142855,0.28846153846153844,0.1401098901098901,30-40%
oulad_BBB_2013B,OULAD,transferred,oviedo_C2271_1415,disability,2,0.3649122807017544,0.27522935779816515,0.08968292290358926,Y
oulad_BBB_2013B,OULAD,transferred,oviedo_C2271_1415,age_band,2,0.3563049853372434,0.35106382978723405,0.005241155550009369,35-55
oulad_BBB_2013B,OULAD,transferred,oviedo_C2271_1415,highest_education,3,0.37669376693766937,0.3108108108108108,0.06588295612685857,HE Qualification
oulad_BBB_2013B,OULAD,transferred,oviedo_C2335_1415,gender,2,0.275,0.24407582938388625,0.030924170616113772,F
oulad_BBB_2013B,OULAD,transferred,oviedo_C2335_1415,imd_band,10,0.43137254901960786,0.17142857142857143,0.25994397759103643,90-100%
oulad_BBB_2013B,OULAD,transferred,oviedo_C2335_1415,disability,2,0.25263157894736843,0.21100917431192662,0.04162240463544181,Y
oulad_BBB_2013B,OULAD,transferred,oviedo_C2335_1415,age_band,2,0.24822695035460993,0.24780058651026393,0.00042636384434599495,0-35
oulad_BBB_2013B,OULAD,transferred,oviedo_C2335_1415,highest_education,3,0.25203252032520324,0.22972972972972974,0.022302790595473493,HE Qualification
oulad_BBB_2013B,OULAD,transferred,oviedo_C2406_1415,gender,2,0.35833333333333334,0.3471563981042654,0.01117693522906793,F
oulad_BBB_2013B,OULAD,transferred,oviedo_C2406_1415,imd_band,10,0.45714285714285713,0.28846153846153844,0.1686813186813187,30-40%
oulad_BBB_2013B,OULAD,transferred,oviedo_C2406_1415,disability,2,0.36023391812865496,0.25688073394495414,0.10335318418370082,Y
oulad_BBB_2013B,OULAD,transferred,oviedo_C2406_1415,age_band,2,0.3533724340175953,0.33687943262411346,0.016493001393481865,35-55
oulad_BBB_2013B,OULAD,transferred,oviedo_C2406_1415,highest_education,3,0.35772357723577236,0.3108108108108108,0.04691276642496156,HE Qualification
oulad_BBB_2013B,OULAD,transferred,oviedo_C2468_1415,gender,2,0.35833333333333334,0.3578199052132701,0.0005134281200632196,F
oulad_BBB_2013B,OULAD,transferred,oviedo_C2468_1415,imd_band,10,0.45714285714285713,0.28703703703703703,0.1701058201058201,40-50%
oulad_BBB_2013B,OULAD,transferred,oviedo_C2468_1415,disability,2,0.3684210526315789,0.27522935779816515,0.09319169483341377,Y
oulad_BBB_2013B,OULAD,transferred,oviedo_C2468_1415,age_band,2,0.36363636363636365,0.34397163120567376,0.01966473243068989,35-55
oulad_BBB_2013B,OULAD,transferred,oviedo_C2468_1415,highest_education,3,0.36489151873767256,0.3108108108108108,0.05408070792686176,HE Qualification
oulad_BBB_2013B,OULAD,transferred,oviedo_C2607_1415,gender,2,0.19549763033175355,0.15833333333333333,0.03716429699842022,M
oulad_BBB_2013B,OULAD,transferred,oviedo_C2607_1415,imd_band,10,0.29411764705882354,0.13414634146341464,0.1599713055954089,50-60%
oulad_BBB_2013B,OULAD,transferred,oviedo_C2607_1415,disability,2,0.22935779816513763,0.18596491228070175,0.04339288588443588,N
oulad_BBB_2013B,OULAD,transferred,oviedo_C2607_1415,age_band,2,0.19794721407624633,0.17375886524822695,0.024188348828019374,35-55
oulad_BBB_2013B,OULAD,transferred,oviedo_C2607_1415,highest_education,3,0.2702702702702703,0.17159763313609466,0.09867263713417562,Lower Than A Level
oulad_BBB_2013B,OULAD,transferred,oviedo_C3022_1415,gender,2,0.175,0.14928909952606634,0.02571090047393365,F
oulad_BBB_2013B,OULAD,transferred,oviedo_C3022_1415,imd_band,10,0.27884615384615385,0.08333333333333333,0.19551282051282054,40-50%
oulad_BBB_2013B,OULAD,transferred,oviedo_C3022_1415,disability,2,0.1651376146788991,0.15087719298245614,0.014260421696442954,N
oulad_BBB_2013B,OULAD,transferred,oviedo_C3022_1415,age_band,2,0.15542521994134897,0.1453900709219858,0.010035149019363171,35-55
oulad_BBB_2013B,OULAD,transferred,oviedo_C3022_1415,highest_education,3,0.1834319526627219,0.10810810810810811,0.07532384455461377,HE Qualification
oulad_BBB_2013B,OULAD,transferred,oviedo_C3029_1415,gender,2,0.35833333333333334,0.32701421800947866,0.031319115323854674,F
oulad_BBB_2013B,OULAD,transferred,oviedo_C3029_1415,imd_band,10,0.45714285714285713,0.2833333333333333,0.1738095238095238,70-80%
oulad_BBB_2013B,OULAD,transferred,oviedo_C3029_1415,disability,2,0.3368421052631579,0.28440366972477066,0.05243843553838723,Y
oulad_BBB_2013B,OULAD,transferred,oviedo_C3029_1415,age_band,2,0.34457478005865105,0.2978723404255319,0.04670243963311915,35-55
oulad_BBB_2013B,OULAD,transferred,oviedo_C3029_1415,highest_education,3,0.33925049309664695,0.32432432432432434,0.014926168772322612,HE Qualification
oulad_BBB_2013B,OULAD,transferred,oviedo_C4189_1415,gender,2,0.2,0.13270142180094788,0.06729857819905213,F
oulad_BBB_2013B,OULAD,transferred,oviedo_C4189_1415,imd_band,10,0.23148148148148148,0.08860759493670886,0.14287388654477262,60-70%
oulad_BBB_2013B,OULAD,transferred,oviedo_C4189_1415,disability,2,0.1651376146788991,0.13801169590643275,0.02712591877246634,N
oulad_BBB_2013B,OULAD,transferred,oviedo_C4189_1415,age_band,2,0.1773049645390071,0.12609970674486803,0.051205257794139064,0-35
oulad_BBB_2013B,OULAD,transferred,oviedo_C4189_1415,highest_education,3,0.1891891891891892,0.11924119241192412,0.06994799677726508,A Level or Equivalent
oulad_BBB_2013B,OULAD,transferred,oviedo_C4213_1415,gender,2,0.35,0.28672985781990523,0.06327014218009475,F
oulad_BBB_2013B,OULAD,transferred,oviedo_C4213_1415,imd_band,10,0.35185185185185186,0.13333333333333333,0.21851851851851853,70-80%
oulad_BBB_2013B,OULAD,transferred,oviedo_C4213_1415,disability,2,0.3302752293577982,0.29005847953216374,0.040216749825634446,N
oulad_BBB_2013B,OULAD,transferred,oviedo_C4213_1415,age_band,2,0.30851063829787234,0.28885630498533726,0.019654333312535077,0-35
oulad_BBB_2013B,OULAD,transferred,oviedo_C4213_1415,highest_education,3,0.33783783783783783,0.2845528455284553,0.05328499230938255,A Level or Equivalent
oulad_BBB_2013B,OULAD,transferred,oviedo_C836_1415,gender,2,0.30833333333333335,0.3068720379146919,0.0014612954186414284,F
oulad_BBB_2013B,OULAD,transferred,oviedo_C836_1415,imd_band,10,0.45714285714285713,0.25,0.20714285714285713,30-40%
oulad_BBB_2013B,OULAD,transferred,oviedo_C836_1415,disability,2,0.3157894736842105,0.23853211009174313,0.07725736359246738,Y
oulad_BBB_2013B,OULAD,transferred,oviedo_C836_1415,age_band,2,0.3262411347517731,0.2991202346041056,0.027120900147667493,0-35
oulad_BBB_2013B,OULAD,transferred,oviedo_C836_1415,highest_education,3,0.3918918918918919,0.2981029810298103,0.09378891086208158,A Level or Equivalent
oulad_BBB_2013J,OULAD,local,oulad_BBB_2013J,gender,2,0.46153846153846156,0.37181996086105673,0.08971850067740483,F
oulad_BBB_2013J,OULAD,local,oulad_BBB_2013J,imd_band,10,0.4727272727272727,0.3068181818181818,0.1659090909090909,50-60%
oulad_BBB_2013J,OULAD,local,oulad_BBB_2013J,disability,2,0.4318181818181818,0.3765730880929332,0.055245093725248606,N
oulad_BBB_2013J,OULAD,local,oulad_BBB_2013J,age_band,2,0.38439306358381503,0.38264058679706603,0.001752476786749002,0-35
oulad_BBB_2013J,OULAD,local,oulad_BBB_2013J,highest_education,3,0.386046511627907,0.3619047619047619,0.02414174972314509,HE Qualification
oulad_BBB_2013J,OULAD,transferred,ku_Accountancy_1819,gender,2,0.13013698630136986,0.055944055944055944,0.07419293035731392,M
oulad_BBB_2013J,OULAD,transferred,ku_Accountancy_1819,imd_band,10,0.17045454545454544,0.07272727272727272,0.09772727272727272,90-100%
oulad_BBB_2013J,OULAD,transferred,ku_Accountancy_1819,disability,2,0.12487899322362052,0.09090909090909091,0.03396990231452961,Y
oulad_BBB_2013J,OULAD,transferred,ku_Accountancy_1819,age_band,2,0.12427745664739884,0.1198044009779951,0.0044730556694037304,0-35
oulad_BBB_2013J,OULAD,transferred,ku_Accountancy_1819,highest_education,3,0.13010204081632654,0.11782945736434108,0.012272583451985453,Lower Than A Level
oulad_BBB_2013J,OULAD,transferred,ku_Globaleconom_1819,gender,2,0.4405594405594406,0.3336594911937378,0.1068999493657028,F
oulad_BBB_2013J,OULAD,transferred,ku_Globaleconom_1819,imd_band,10,0.42857142857142855,0.18181818181818182,0.24675324675324672,50-60%
oulad_BBB_2013J,OULAD,transferred,ku_Globaleconom_1819,disability,2,0.356243949661181,0.2727272727272727,0.0835166769339083,Y
oulad_BBB_2013J,OULAD,transferred,ku_Globaleconom_1819,age_band,2,0.3670520231213873,0.33863080684596575,0.028421216275421546,0-35
oulad_BBB_2013J,OULAD,transferred,ku_Globaleconom_1819,highest_education,3,0.35348837209302325,0.3392857142857143,0.01420265780730895,A Level or Equivalent
oulad_BBB_2013J,OULAD,transferred,ku_Accountancy_1920,gender,2,0.12035225048923678,0.08391608391608392,0.036436166573152864,M
oulad_BBB_2013J,OULAD,transferred,ku_Accountancy_1920,imd_band,10,0.15,0.08163265306122448,0.06836734693877551,0-10%
oulad_BBB_2013J,OULAD,transferred,ku_Accountancy_1920,disability,2,0.11907066795740562,0.09090909090909091,0.028161577048314707,Y
oulad_BBB_2013J,OULAD,transferred,ku_Accountancy_1920,age_band,2,0.11735941320293398,0.10982658959537572,0.007532823607558262,35-55
oulad_BBB_2013J,OULAD,transferred,ku_Accountancy_1920,highest_education,3,0.13333333333333333,0.10232558139534884,0.031007751937984496,Lower Than A Level
oulad_BBB_2013J,OULAD,transferred,ku_Globaleconom_1920,gender,2,0.2517482517482518,0.20939334637964774,0.042354905368604034,F
oulad_BBB_2013J,OULAD,transferred,ku_Globaleconom_1920,imd_band,10,0.275,0.09090909090909091,0.1840909090909091,90-100%
oulad_BBB_2013J,OULAD,transferred,ku_Globaleconom_1920,disability,2,0.25757575757575757,0.2090997095837367,0.048476047992020876,N
oulad_BBB_2013J,OULAD,transferred,ku_Globaleconom_1920,age_band,2,0.2237163814180929,0.1936416184971098,0.0300747629209831,35-55
oulad_BBB_2013J,OULAD,transferred,ku_Globaleconom_1920,highest_education,3,0.2571428571428571,0.19387755102040816,0.06326530612244896,A Level or Equivalent
oulad_BBB_2013J,OULAD,transferred,ku_Accountancy_2021,gender,2,0.18199608610567514,0.1048951048951049,0.07710098121057024,M
oulad_BBB_2013J,OULAD,transferred,ku_Accountancy_2021,imd_band,10,0.2840909090909091,0.12727272727272726,0.15681818181818186,90-100%
oulad_BBB_2013J,OULAD,transferred,ku_Accountancy_2021,disability,2,0.17424242424242425,0.17231364956437561,0.0019287746780486392,N
oulad_BBB_2013J,OULAD,transferred,ku_Accountancy_2021,age_band,2,0.17726161369193155,0.15895953757225434,0.018302076119677213,35-55
oulad_BBB_2013J,OULAD,transferred,ku_Accountancy_2021,highest_education,3,0.2,0.15816326530612246,0.04183673469387755,A Level or Equivalent
oulad_BBB_2013J,OULAD,transferred,ku_Globaleconom_2021,gender,2,0.4125874125874126,0.3199608610567515,0.09262655153066113,F
oulad_BBB_2013J,OULAD,transferred,ku_Globaleconom_2021,imd_band,10,0.38181818181818183,0.2159090909090909,0.16590909090909092,50-60%
oulad_BBB_2013J,OULAD,transferred,ku_Globaleconom_2021,disability,2,0.33591481122942884,0.29545454545454547,0.040460265774883375,Y
oulad_BBB_2013J,OULAD,transferred,ku_Globaleconom_2021,age_band,2,0.35260115606936415,0.32273838630806845,0.029862769761295704,0-35
oulad_BBB_2013J,OULAD,transferred,ku_Globaleconom_2021,highest_education,3,0.34285714285714286,0.3112244897959184,0.03163265306122448,A Level or Equivalent
oulad_BBB_2013J,OULAD,transferred,ukzn_ISTN101_2019,gender,2,0.46153846153846156,0.36203522504892366,0.0995032364895379,F
oulad_BBB_2013J,OULAD,transferred,ukzn_ISTN101_2019,imd_band,10,0.4909090909090909,0.2727272727272727,0.2181818181818182,50-60%
oulad_BBB_2013J,OULAD,transferred,ukzn_ISTN101_2019,disability,2,0.3823814133591481,0.3106060606060606,0.0717753527530875,Y
oulad_BBB_2013J,OULAD,transferred,ukzn_ISTN101_2019,age_band,2,0.3930635838150289,0.36674816625916873,0.0263154175558602,0-35
oulad_BBB_2013J,OULAD,transferred,ukzn_ISTN101_2019,highest_education,3,0.4,0.3705426356589147,0.029457364341085313,Lower Than A Level
oulad_BBB_2013J,OULAD,transferred,ukzn_ISTN101_2020,gender,2,0.20645792563600782,0.1888111888111888,0.017646736824819015,M
oulad_BBB_2013J,OULAD,transferred,ukzn_ISTN101_2020,imd_band,10,0.24166666666666667,0.17045454545454544,0.07121212121212123,50-60%
oulad_BBB_2013J,OULAD,transferred,ukzn_ISTN101_2020,disability,2,0.20619554695062922,0.1893939393939394,0.01680160755668983,Y
oulad_BBB_2013J,OULAD,transferred,ukzn_ISTN101_2020,age_band,2,0.20520231213872833,0.20293398533007334,0.0022683268086549913,0-35
oulad_BBB_2013J,OULAD,transferred,ukzn_ISTN101_2020,highest_education,3,0.21085271317829457,0.18622448979591838,0.02462822338237619,A Level or Equivalent
oulad_BBB_2013J,OULAD,transferred,ukzn_ISTN101_2021,gender,2,0.2455968688845401,0.20279720279720279,0.04279966608733732,M
oulad_BBB_2013J,OULAD,transferred,ukzn_ISTN101_2021,imd_band,10,0.2875,0.18181818181818182,0.10568181818181815,90-100%
oulad_BBB_2013J,OULAD,transferred,ukzn_ISTN101_2021,disability,2,0.24104549854791868,0.23484848484848486,0.006197013699433818,Y
oulad_BBB_2013J,OULAD,transferred,ukzn_ISTN101_2021,age_band,2,0.2567237163814181,0.1994219653179191,0.057301751063499023,35-55
oulad_BBB_2013J,OULAD,transferred,ukzn_ISTN101_2021,highest_education,3,0.2589147286821705,0.17142857142857143,0.0874861572535991,HE Qualification
oulad_BBB_2013J,OULAD,transferred,ukzn_ISTN102_2018,gender,2,0.3916083916083916,0.33170254403131116,0.05990584757708045,F
oulad_BBB_2013J,OULAD,transferred,ukzn_ISTN102_2018,imd_band,10,0.4,0.23863636363636365,0.16136363636363638,50-60%
oulad_BBB_2013J,OULAD,transferred,ukzn_ISTN102_2018,disability,2,0.3484848484848485,0.3378509196515005,0.010633928833348016,N
oulad_BBB_2013J,OULAD,transferred,ukzn_ISTN102_2018,age_band,2,0.33985330073349634,0.33815028901734107,0.0017030117161552782,35-55
oulad_BBB_2013J,OULAD,transferred,ukzn_ISTN102_2018,highest_education,3,0.3520408163265306,0.3142857142857143,0.037755102040816335,HE Qualification
oulad_BBB_2013J,OULAD,transferred,ukzn_ISTN103_2019,gender,2,0.3006993006993007,0.2563600782778865,0.04433922242141419,F
oulad_BBB_2013J,OULAD,transferred,ukzn_ISTN103_2019,imd_band,10,0.31007751937984496,0.18292682926829268,0.12715069011155228,70-80%
oulad_BBB_2013J,OULAD,transferred,ukzn_ISTN103_2019,disability,2,0.36363636363636365,0.24878993223620524,0.1148464314001584,N
oulad_BBB_2013J,OULAD,transferred,ukzn_ISTN103_2019,age_band,2,0.28034682080924855,0.2530562347188264,0.027290586090422175,0-35
oulad_BBB_2013J,OULAD,transferred,ukzn_ISTN103_2019,highest_education,3,0.26976744186046514,0.21904761904761905,0.050719822812846094,HE Qualification
oulad_BBB_2013J,OULAD,transferred,ukzn_ISTN103_2020,gender,2,0.40559440559440557,0.31898238747553814,0.08661201811886743,F
oulad_BBB_2013J,OULAD,transferred,ukzn_ISTN103_2020,imd_band,10,0.4909090909090909,0.26136363636363635,0.22954545454545455,50-60%
oulad_BBB_2013J,OULAD,transferred,ukzn_ISTN103_2020,disability,2,0.33107454017424975,0.3181818181818182,0.012892721992431577,Y
oulad_BBB_2013J,OULAD,transferred,ukzn_ISTN103_2020,age_band,2,0.3468208092485549,0.32273838630806845,0.02408242294048646,0-35
oulad_BBB_2013J,OULAD,transferred,ukzn_ISTN103_2020,highest_education,3,0.3426356589147287,0.2857142857142857,0.05692137320044299,HE Qualification
oulad_BBB_2013J,OULAD,transferred,ukzn_ISTN211_2019,gender,2,0.22602739726027396,0.13286713286713286,0.0931602643931411,M
oulad_BBB_2013J,OULAD,transferred,ukzn_ISTN211_2019,imd_band,10,0.26373626373626374,0.16363636363636364,0.10009990009990011,90-100%
oulad_BBB_2013J,OULAD,transferred,ukzn_ISTN211_2019,disability,2,0.22727272727272727,0.21297192642787996,0.014300800844847306,N
oulad_BBB_2013J,OULAD,transferred,ukzn_ISTN211_2019,age_band,2,0.22254335260115607,0.21026894865525672,0.012274403945899348,0-35
oulad_BBB_2013J,OULAD,transferred,ukzn_ISTN211_2019,highest_education,3,0.2434108527131783,0.17142857142857143,0.07198228128460687,HE Qualification
oulad_BBB_2013J,OULAD,transferred,ukzn_ISTN211_2021,gender,2,0.4405594405594406,0.34148727984344424,0.09907216071599634,F
oulad_BBB_2013J,OULAD,transferred,ukzn_ISTN211_2021,imd_band,10,0.4375,0.25833333333333336,0.17916666666666664,40-50%
oulad_BBB_2013J,OULAD,transferred,ukzn_ISTN211_2021,disability,2,0.35818005808325265,0.3181818181818182,0.039998239901434474,Y
oulad_BBB_2013J,OULAD,transferred,ukzn_ISTN211_2021,age_band,2,0.3786127167630058,0.343520782396088,0.035091934366917765,0-35
oulad_BBB_2013J,OULAD,transferred,ukzn_ISTN211_2021,highest_education,3,0.3767441860465116,0.3086734693877551,0.06807071665875652,A Level or Equivalent
oulad_BBB_2013J,OULAD,transferred,ukzn_ISTN212_2018,gender,2,0.3986013986013986,0.337573385518591,0.061028013082807586,F
oulad_BBB_2013J,OULAD,transferred,ukzn_ISTN212_2018,imd_band,10,0.4,0.2868217054263566,0.11317829457364342,30-40%
oulad_BBB_2013J,OULAD,transferred,ukzn_ISTN212_2018,disability,2,0.3514036786060019,0.29545454545454547,0.05594913315145644,Y
oulad_BBB_2013J,OULAD,transferred,ukzn_ISTN212_2018,age_band,2,0.3471882640586797,0.34104046242774566,0.0061478016309340355,35-55
oulad_BBB_2013J,OULAD,transferred,ukzn_ISTN212_2018,highest_education,3,0.38095238095238093,0.33798449612403103,0.0429678848283499,Lower Than A Level
oulad_BBB_2013J,OULAD,transferred,ukzn_ISTN212_2019,gender,2,0.4405594405594406,0.36007827788649704,0.08048116267294353,F
oulad_BBB_2013J,OULAD,transferred,ukzn_ISTN212_2019,imd_band,10,0.4909090909090909,0.26136363636363635,0.22954545454545455,50-60%
oulad_BBB_2013J,OULAD,transferred,ukzn_ISTN212_2019,disability,2,0.37850919651500486,0.30303030303030304,0.07547889348470183,Y
oulad_BBB_2013J,OULAD,transferred,ukzn_ISTN212_2019,age_band,2,0.37283236994219654,0.3691931540342298,0.0036392159079667308,0-35
oulad_BBB_2013J,OULAD,transferred,ukzn_ISTN212_2019,highest_education,3,0.4,0.3673469387755102,0.0326530612244898,A Level or Equivalent
oulad_BBB_2013J,OULAD,transferred,ukzn_ISTN2IP_2018,gender,2,0.27495107632093935,0.2517482517482518,0.023202824572687575,M
oulad_BBB_2013J,OULAD,transferred,ukzn_ISTN2IP_2018,imd_band,10,0.3081761006289308,0.20454545454545456,0.10363064608347625,50-60%
oulad_BBB_2013J,OULAD,transferred,ukzn_ISTN2IP_2018,disability,2,0.32575757575757575,0.26524685382381413,0.06051072193376161,N
oulad_BBB_2013J,OULAD,transferred,ukzn_ISTN2IP_2018,age_band,2,0.2885085574572127,0.23121387283236994,0.05729468462484277,35-55
oulad_BBB_2013J,OULAD,transferred,ukzn_ISTN2IP_2018,highest_education,3,0.2775193798449612,0.23809523809523808,0.03942414174972314,HE Qualification
oulad_BBB_2013J,OULAD,transferred,ukzn_ISTN2IP_2019,gender,2,0.23483365949119372,0.20279720279720279,0.03203645669399094,M
oulad_BBB_2013J,OULAD,transferred,ukzn_ISTN2IP_2019,imd_band,10,0.29545454545454547,0.14545454545454545,0.15000000000000002,90-100%
oulad_BBB_2013J,OULAD,transferred,ukzn_ISTN2IP_2019,disability,2,0.23523717328170377,0.19696969696969696,0.038267476312006804,Y
oulad_BBB_2013J,OULAD,transferred,ukzn_ISTN2IP_2019,age_band,2,0.23227383863080683,0.2254335260115607,0.006840312619246142,35-55
oulad_BBB_2013J,OULAD,transferred,ukzn_ISTN2IP_2019,highest_education,3,0.24031007751937986,0.20952380952380953,0.030786267995570327,HE Qualification
oulad_BBB_2013J,OULAD,transferred,ukzn_ISTN3ND_2018,gender,2,0.4405594405594406,0.3405088062622309,0.10005063429720967,F
oulad_BBB_2013J,OULAD,transferred,ukzn_ISTN3ND_2018,imd_band,10,0.4727272727272727,0.23863636363636365,0.23409090909090907,50-60%
oulad_BBB_2013J,OULAD,transferred,ukzn_ISTN3ND_2018,disability,2,0.3601161665053243,0.29545454545454547,0.06466162105077883,Y
oulad_BBB_2013J,OULAD,transferred,ukzn_ISTN3ND_2018,age_band,2,0.35574572127139364,0.3468208092485549,0.008924912022838738,35-55
oulad_BBB_2013J,OULAD,transferred,ukzn_ISTN3ND_2018,highest_education,3,0.36589147286821705,0.34438775510204084,0.02150371776617621,A Level or Equivalent
oulad_BBB_2013J,OULAD,transferred,ukzn_ISTN3ND_2019,gender,2,0.46853146853146854,0.35909980430528377,0.10943166422618478,F
oulad_BBB_2013J,OULAD,transferred,ukzn_ISTN3ND_2019,imd_band,10,0.43636363636363634,0.25833333333333336,0.17803030303030298,40-50%
oulad_BBB_2013J,OULAD,transferred,ukzn_ISTN3ND_2019,disability,2,0.37560503388189737,0.3484848484848485,0.027120185397048857,Y
oulad_BBB_2013J,OULAD,transferred,ukzn_ISTN3ND_2019,age_band,2,0.3959537572254335,0.363080684596577,0.032873072628856526,0-35
oulad_BBB_2013J,OULAD,transferred,ukzn_ISTN3ND_2019,highest_education,3,0.4,0.3520408163265306,0.04795918367346941,A Level or Equivalent
oulad_BBB_2013J,OULAD,transferred,ukzn_ISTN3SA_2018,gender,2,0.10567514677103718,0.06993006993006994,0.03574507684096724,M
oulad_BBB_2013J,OULAD,transferred,ukzn_ISTN3SA_2018,imd_band,10,0.18333333333333332,0.061224489795918366,0.12210884353741495,0-10%
oulad_BBB_2013J,OULAD,transferred,ukzn_ISTN3SA_2018,disability,2,0.12121212121212122,0.09874152952565343,0.022470591686467783,N
oulad_BBB_2013J,OULAD,transferred,ukzn_ISTN3SA_2018,age_band,2,0.13583815028901733,0.08679706601466992,0.049041084274347405,0-35
oulad_BBB_2013J,OULAD,transferred,ukzn_ISTN3SA_2018,highest_education,3,0.11734693877551021,0.08992248062015504,0.027424458155355172,Lower Than A Level
oulad_BBB_2013J,OULAD,transferred,ukzn_ISTN3SA_2019,gender,2,0.26125244618395305,0.17482517482517482,0.08642727135877823,M
oulad_BBB_2013J,OULAD,transferred,ukzn_ISTN3SA_2019,imd_band,10,0.2967032967032967,0.20754716981132076,0.08915612689197594,10-20
oulad_BBB_2013J,OULAD,transferred,ukzn_ISTN3SA_2019,disability,2,0.2878787878787879,0.24588576960309777,0.04199301827569013,N
oulad_BBB_2013J,OULAD,transferred,ukzn_ISTN3SA_2019,age_band,2,0.25794621026894865,0.23410404624277456,0.02384216402617409,35-55
oulad_BBB_2013J,OULAD,transferred,ukzn_ISTN3SA_2019,highest_education,3,0.26666666666666666,0.18095238095238095,0.08571428571428572,HE Qualification
oulad_BBB_2013J,OULAD,transferred,zambia_ICT1110_2020,gender,2,0.2937062937062937,0.2465753424657534,0.047130951240540286,F
oulad_BBB_2013J,OULAD,transferred,zambia_ICT1110_2020,imd_band,10,0.30833333333333335,0.18181818181818182,0.12651515151515152,90-100%
oulad_BBB_2013J,OULAD,transferred,zambia_ICT1110_2020,disability,2,0.2526621490803485,0.25,0.002662149080348508,Y
oulad_BBB_2013J,OULAD,transferred,zambia_ICT1110_2020,age_band,2,0.254278728606357,0.24855491329479767,0.005723815311559299,35-55
oulad_BBB_2013J,OULAD,transferred,zambia_ICT1110_2020,highest_education,3,0.27286821705426356,0.2193877551020408,0.05348046195222275,A Level or Equivalent
oulad_BBB_2013J,OULAD,transferred,zambia_ICT1110_2021,gender,2,0.1898238747553816,0.16083916083916083,0.02898471391622076,M
oulad_BBB_2013J,OULAD,transferred,zambia_ICT1110_2021,imd_band,10,0.25,0.13836477987421383,0.11163522012578617,10-20
oulad_BBB_2013J,OULAD,transferred,zambia_ICT1110_2021,disability,2,0.20454545454545456,0.18393030009680542,0.020615154448649142,N
oulad_BBB_2013J,OULAD,transferred,zambia_ICT1110_2021,age_band,2,0.19437652811735942,0.1676300578034682,0.026746470313891213,35-55
oulad_BBB_2013J,OULAD,transferred,zambia_ICT1110_2021,highest_education,3,0.2,0.17857142857142858,0.021428571428571436,A Level or Equivalent
oulad_BBB_2013J,OULAD,transferred,oviedo_C1112_1415,gender,2,0.42657342657342656,0.3258317025440313,0.10074172402939524,F
oulad_BBB_2013J,OULAD,transferred,oviedo_C1112_1415,imd_band,10,0.41818181818181815,0.24166666666666667,0.17651515151515149,40-50%
oulad_BBB_2013J,OULAD,transferred,oviedo_C1112_1415,disability,2,0.3388189738625363,0.3333333333333333,0.005485640529202973,Y
oulad_BBB_2013J,OULAD,transferred,oviedo_C1112_1415,age_band,2,0.3554913294797688,0.3312958435207824,0.024195485958986407,0-35
oulad_BBB_2013J,OULAD,transferred,oviedo_C1112_1415,highest_education,3,0.38095238095238093,0.3178294573643411,0.06312292358803984,Lower Than A Level
oulad_BBB_2013J,OULAD,transferred,oviedo_C1127_1415,gender,2,0.2876712328767123,0.26573426573426573,0.021936967142446584,M
oulad_BBB_2013J,OULAD,transferred,oviedo_C1127_1415,imd_band,10,0.3125,0.23863636363636365,0.07386363636363635,50-60%
oulad_BBB_2013J,OULAD,transferred,oviedo_C1127_1415,disability,2,0.3484848484848485,0.27686350435624396,0.07162134412860455,N
oulad_BBB_2013J,OULAD,transferred,oviedo_C1127_1415,age_band,2,0.2946210268948655,0.2630057803468208,0.031615246548044706,35-55
oulad_BBB_2013J,OULAD,transferred,oviedo_C1127_1415,highest_education,3,0.29147286821705426,0.23809523809523808,0.05337763012181618,HE Qualification
oulad_BBB_2013J,OULAD,transferred,oviedo_C1200_1415,gender,2,0.2455968688845401,0.13986013986013987,0.10573672902440023,M
oulad_BBB_2013J,OULAD,transferred,oviedo_C1200_1415,imd_band,10,0.2967032967032967,0.175,0.12170329670329672,80-90%
oulad_BBB_2013J,OULAD,transferred,oviedo_C1200_1415,disability,2,0.25757575757575757,0.22942884801548888,0.02814690956026869,N
oulad_BBB_2013J,OULAD,transferred,oviedo_C1200_1415,age_band,2,0.24449877750611246,0.20520231213872833,0.039296465367384126,35-55
oulad_BBB_2013J,OULAD,transferred,oviedo_C1200_1415,highest_education,3,0.23875968992248062,0.21904761904761905,0.01971207087486157,HE Qualification
oulad_BBB_2013J,OULAD,transferred,oviedo_C1303_1415,gender,2,0.45454545454545453,0.3473581213307241,0.10718733321473045,F
oulad_BBB_2013J,OULAD,transferred,oviedo_C1303_1415,imd_band,10,0.44654088050314467,0.275,0.17154088050314464,40-50%
oulad_BBB_2013J,OULAD,transferred,oviedo_C1303_1415,disability,2,0.3697967086156825,0.2878787878787879,0.08191792073689458,Y
oulad_BBB_2013J,OULAD,transferred,oviedo_C1303_1415,age_band,2,0.363080684596577,0.3554913294797688,0.007589355116808194,35-55
oulad_BBB_2013J,OULAD,transferred,oviedo_C1303_1415,highest_education,3,0.37142857142857144,0.3494897959183674,0.021938775510204067,A Level or Equivalent
oulad_BBB_2013J,OULAD,transferred,oviedo_C174_1415,gender,2,0.2937062937062937,0.21135029354207435,0.08235600016421935,F
oulad_BBB_2013J,OULAD,transferred,oviedo_C174_1415,imd_band,10,0.3090909090909091,0.16560509554140126,0.14348581354950782,20-30%
oulad_BBB_2013J,OULAD,transferred,oviedo_C174_1415,disability,2,0.2727272727272727,0.2149080348499516,0.0578192378773211,N
oulad_BBB_2013J,OULAD,transferred,oviedo_C174_1415,age_band,2,0.29190751445086704,0.19193154034229828,0.09997597410856876,0-35
oulad_BBB_2013J,OULAD,transferred,oviedo_C174_1415,highest_education,3,0.3238095238095238,0.2066326530612245,0.11717687074829933,A Level or Equivalent
oulad_BBB_2013J,OULAD,transferred,oviedo_C190_1415,gender,2,0.14383561643835616,0.06293706293706294,0.08089855350129321,M
oulad_BBB_2013J,OULAD,transferred,oviedo_C190_1415,imd_band,10,0.21666666666666667,0.07547169811320754,0.14119496855345914,10-20
oulad_BBB_2013J,OULAD,transferred,oviedo_C190_1415,disability,2,0.1590909090909091,0.13068731848983542,0.02840359060107367,N
oulad_BBB_2013J,OULAD,transferred,oviedo_C190_1415,age_band,2,0.1356968215158924,0.13005780346820808,0.005639018047684324,35-55
oulad_BBB_2013J,OULAD,transferred,oviedo_C190_1415,highest_education,3,0.13798449612403102,0.12380952380952381,0.014174972314507206,HE Qualification
oulad_BBB_2013J,OULAD,transferred,oviedo_C1978_1415,gender,2,0.0812133072407045,0.013986013986013986,0.06722729325469051,M
oulad_BBB_2013J,OULAD,transferred,oviedo_C1978_1415,imd_band,10,0.10975609756097561,0.041666666666666664,0.06808943089430894,40-50%
oulad_BBB_2013J,OULAD,transferred,oviedo_C1978_1415,disability,2,0.07575757575757576,0.07260406582768635,0.0031535099298894143,N
oulad_BBB_2013J,OULAD,transferred,oviedo_C1978_1415,age_band,2,0.0838150289017341,0.06845965770171149,0.015355371200022616,0-35
oulad_BBB_2013J,OULAD,transferred,oviedo_C1978_1415,highest_education,3,0.08418367346938775,0.06666666666666667,0.017517006802721086,Lower Than A Level
oulad_BBB_2013J,OULAD,transferred,oviedo_C2011_1415,gender,2,0.2573385518590998,0.23776223776223776,0.019576314096862057,M
oulad_BBB_2013J,OULAD,transferred,oviedo_C2011_1415,imd_band,10,0.35833333333333334,0.14634146341463414,0.2119918699186992,70-80%
oulad_BBB_2013J,OULAD,transferred,oviedo_C2011_1415,disability,2,0.30303030303030304,0.24878993223620524,0.0542403707940978,N
oulad_BBB_2013J,OULAD,transferred,oviedo_C2011_1415,age_band,2,0.2701711491442543,0.21965317919075145,0.05051796995350283,35-55
oulad_BBB_2013J,OULAD,transferred,oviedo_C2011_1415,highest_education,3,0.2653061224489796,0.18095238095238095,0.08435374149659866,HE Qualification
oulad_BBB_2013J,OULAD,transferred,oviedo_C2024_1415,gender,2,0.3006993006993007,0.27299412915851273,0.027705171540787943,F
oulad_BBB_2013J,OULAD,transferred,oviedo_C2024_1415,imd_band,10,0.3184713375796178,0.21705426356589147,0.10141707401372635,30-40%
oulad_BBB_2013J,OULAD,transferred,oviedo_C2024_1415,disability,2,0.3333333333333333,0.2691190706679574,0.06421426266537589,N
oulad_BBB_2013J,OULAD,transferred,oviedo_C2024_1415,age_band,2,0.2775061124694376,0.2745664739884393,0.002939638480998319,35-55
oulad_BBB_2013J,OULAD,transferred,oviedo_C2024_1415,highest_education,3,0.2930232558139535,0.24761904761904763,0.04540420819490587,HE Qualification
oulad_BBB_2013J,OULAD,transferred,oviedo_C2150_1415,gender,2,0.23776908023483365,0.22377622377622378,0.01399285645860987,M
oulad_BBB_2013J,OULAD,transferred,oviedo_C2150_1415,imd_band,10,0.275,0.16363636363636364,0.11136363636363639,90-100%
oulad_BBB_2013J,OULAD,transferred,oviedo_C2150_1415,disability,2,0.2878787878787879,0.22942884801548888,0.05844993986329902,N
oulad_BBB_2013J,OULAD,transferred,oviedo_C2150_1415,age_band,2,0.2555012224938875,0.1907514450867052,0.06474977740718232,35-55
oulad_BBB_2013J,OULAD,transferred,oviedo_C2150_1415,highest_education,3,0.2527131782945736,0.19047619047619047,0.06223698781838316,HE Qualification
oulad_BBB_2013J,OULAD,transferred,oviedo_C2271_1415,gender,2,0.46853146853146854,0.3561643835616438,0.11236708496982473,F
oulad_BBB_2013J,OULAD,transferred,oviedo_C2271_1415,imd_band,10,0.44654088050314467,0.26666666666666666,0.179874213836478,40-50%
oulad_BBB_2013J,OULAD,transferred,oviedo_C2271_1415,disability,2,0.3736689254598258,0.3409090909090909,0.03275983455073489,Y
oulad_BBB_2013J,OULAD,transferred,oviedo_C2271_1415,age_band,2,0.3872832369942196,0.363080684596577,0.02420255239764263,0-35
oulad_BBB_2013J,OULAD,transferred,oviedo_C2271_1415,highest_education,3,0.3904761904761905,0.3647959183673469,0.02568027210884355,A Level or Equivalent
oulad_BBB_2013J,OULAD,transferred,oviedo_C2335_1415,gender,2,0.2318982387475538,0.14685314685314685,0.08504509189440695,M
oulad_BBB_2013J,OULAD,transferred,oviedo_C2335_1415,imd_band,10,0.3,0.1375,0.16249999999999998,80-90%
oulad_BBB_2013J,OULAD,transferred,oviedo_C2335_1415,disability,2,0.22555663117134558,0.1893939393939394,0.03616269177740619,Y
oulad_BBB_2013J,OULAD,transferred,oviedo_C2335_1415,age_band,2,0.22832369942196531,0.2176039119804401,0.010719787441525214,0-35
oulad_BBB_2013J,OULAD,transferred,oviedo_C2335_1415,highest_education,3,0.22945736434108527,0.21173469387755103,0.017722670463534235,A Level or Equivalent
oulad_BBB_2013J,OULAD,transferred,oviedo_C2406_1415,gender,2,0.44755244755244755,0.34148727984344424,0.10606516770900332,F
oulad_BBB_2013J,OULAD,transferred,oviedo_C2406_1415,imd_band,10,0.41818181818181815,0.26666666666666666,0.1515151515151515,40-50%
oulad_BBB_2013J,OULAD,transferred,oviedo_C2406_1415,disability,2,0.3591481122942885,0.3181818181818182,0.040966294112470325,Y
oulad_BBB_2013J,OULAD,transferred,oviedo_C2406_1415,age_band,2,0.37283236994219654,0.3471882640586797,0.025644105883516843,0-35
oulad_BBB_2013J,OULAD,transferred,oviedo_C2406_1415,highest_education,3,0.3904761904761905,0.34183673469387754,0.048639455782312935,A Level or Equivalent
oulad_BBB_2013J,OULAD,transferred,oviedo_C2468_1415,gender,2,0.46853146853146854,0.35812133072407043,0.11041013780739811,F
oulad_BBB_2013J,OULAD,transferred,oviedo_C2468_1415,imd_band,10,0.4727272727272727,0.30833333333333335,0.16439393939393937,40-50%
oulad_BBB_2013J,OULAD,transferred,oviedo_C2468_1415,disability,2,0.3727008712487899,0.36363636363636365,0.009064507612426276,Y
oulad_BBB_2013J,OULAD,transferred,oviedo_C2468_1415,age_band,2,0.3815028901734104,0.36797066014669927,0.013532230026711112,0-35
oulad_BBB_2013J,OULAD,transferred,oviedo_C2468_1415,highest_education,3,0.3904761904761905,0.36989795918367346,0.020578231292517013,A Level or Equivalent
oulad_BBB_2013J,OULAD,transferred,oviedo_C2607_1415,gender,2,0.1908023483365949,0.14685314685314685,0.04394920148344805,M
oulad_BBB_2013J,OULAD,transferred,oviedo_C2607_1415,imd_band,10,0.21019108280254778,0.14545454545454545,0.06473653734800233,90-100%
oulad_BBB_2013J,OULAD,transferred,oviedo_C2607_1415,disability,2,0.1893939393939394,0.18489835430784124,0.004495585086098153,N
oulad_BBB_2013J,OULAD,transferred,oviedo_C2607_1415,age_band,2,0.19315403422982885,0.16473988439306358,0.028414149836765268,35-55
oulad_BBB_2013J,OULAD,transferred,oviedo_C2607_1415,highest_education,3,0.22857142857142856,0.17674418604651163,0.05182724252491694,Lower Than A Level
oulad_BBB_2013J,OULAD,transferred,oviedo_C3022_1415,gender,2,0.22211350293542073,0.17482517482517482,0.047288328110245914,M
oulad_BBB_2013J,OULAD,transferred,oviedo_C3022_1415,imd_band,10,0.25274725274725274,0.17346938775510204,0.0792778649921507,0-10%
oulad_BBB_2013J,OULAD,transferred,oviedo_C3022_1415,disability,2,0.30303030303030304,0.20522749273959343,0.09780281029070961,N
oulad_BBB_2013J,OULAD,transferred,oviedo_C3022_1415,age_band,2,0.21882640586797067,0.21098265895953758,0.007843746908433091,35-55
oulad_BBB_2013J,OULAD,transferred,oviedo_C3022_1415,highest_education,3,0.22635658914728682,0.14285714285714285,0.08349944629014397,HE Qualification
oulad_BBB_2013J,OULAD,transferred,oviedo_C3029_1415,gender,2,0.2622309197651663,0.2097902097902098,0.052440709974956534,M
oulad_BBB_2013J,OULAD,transferred,oviedo_C3029_1415,imd_band,10,0.3010204081632653,0.18181818181818182,0.11920222634508348,90-100%
oulad_BBB_2013J,OULAD,transferred,oviedo_C3029_1415,disability,2,0.26040658276863504,0.2196969696969697,0.040709613071665346,Y
oulad_BBB_2013J,OULAD,transferred,oviedo_C3029_1415,age_band,2,0.2762836185819071,0.20809248554913296,0.06819113303277413,35-55
oulad_BBB_2013J,OULAD,transferred,oviedo_C3029_1415,highest_education,3,0.28837209302325584,0.20153061224489796,0.08684148077835788,A Level or Equivalent
oulad_BBB_2013J,OULAD,transferred,oviedo_C4189_1415,gender,2,0.1506849315068493,0.1258741258741259,0.02481080563272342,M
oulad_BBB_2013J,OULAD,transferred,oviedo_C4189_1415,imd_band,10,0.2,0.08917197452229299,0.11082802547770702,20-30%
oulad_BBB_2013J,OULAD,transferred,oviedo_C4189_1415,disability,2,0.17424242424242425,0.1442400774443369,0.03000234679808736,N
oulad_BBB_2013J,OULAD,transferred,oviedo_C4189_1415,age_band,2,0.1907514450867052,0.1295843520782396,0.061167093008465595,0-35
oulad_BBB_2013J,OULAD,transferred,oviedo_C4189_1415,highest_education,3,0.1619047619047619,0.14418604651162792,0.017718715393133994,Lower Than A Level
oulad_BBB_2013J,OULAD,transferred,oviedo_C4213_1415,gender,2,0.2534246575342466,0.2097902097902098,0.0436344477440368,M
oulad_BBB_2013J,OULAD,transferred,oviedo_C4213_1415,imd_band,10,0.2916666666666667,0.1761006289308176,0.11556603773584909,10-20
oulad_BBB_2013J,OULAD,transferred,oviedo_C4213_1415,disability,2,0.2878787878787879,0.24298160696999033,0.044897180908797574,N
oulad_BBB_2013J,OULAD,transferred,oviedo_C4213_1415,age_band,2,0.2616136919315403,0.21676300578034682,0.0448506861511935,35-55
oulad_BBB_2013J,OULAD,transferred,oviedo_C4213_1415,highest_education,3,0.2589147286821705,0.22704081632653061,0.03187391235563991,A Level or Equivalent
oulad_BBB_2013J,OULAD,transferred,oviedo_C836_1415,gender,2,0.34965034965034963,0.3219178082191781,0.027732541431171542,F
oulad_BBB_2013J,OULAD,transferred,oviedo_C836_1415,imd_band,10,0.41818181818181815,0.2727272727272727,0.14545454545454545,50-60%
oulad_BBB_2013J,OULAD,transferred,oviedo_C836_1415,disability,2,0.3291384317521781,0.29545454545454547,0.03368388629763264,Y
oulad_BBB_2013J,OULAD,transferred,oviedo_C836_1415,age_band,2,0.33496332518337407,0.30346820809248554,0.031495117090888536,35-55
oulad_BBB_2013J,OULAD,transferred,oviedo_C836_1415,highest_education,3,0.3333333333333333,0.3086734693877551,0.02465986394557823,A Level or Equivalent
oulad_BBB_2014B,OULAD,local,oulad_BBB_2014B,gender,2,0.3894736842105263,0.3615676359039191,0.0279060483066072,F
oulad_BBB_2014B,OULAD,local,oulad_BBB_2014B,imd_band,10,0.46808510638297873,0.2857142857142857,0.18237082066869303,70-80%
oulad_BBB_2014B,OULAD,local,oulad_BBB_2014B,disability,2,0.37452229299363055,0.2871287128712871,0.08739358012234344,Y
oulad_BBB_2014B,OULAD,local,oulad_BBB_2014B,age_band,2,0.38461538461538464,0.31451612903225806,0.07009925558312657,35-55
oulad_BBB_2014B,OULAD,local,oulad_BBB_2014B,highest_education,3,0.4050632911392405,0.3333333333333333,0.07172995780590719,A Level or Equivalent
oulad_BBB_2014B,OULAD,transferred,ku_Accountancy_1819,gender,2,0.13527180783817952,0.07368421052631578,0.06158759731186374,M
oulad_BBB_2014B,OULAD,transferred,ku_Accountancy_1819,imd_band,10,0.21428571428571427,0.0967741935483871,0.11751152073732718,50-60%
oulad_BBB_2014B,OULAD,transferred,ku_Accountancy_1819,disability,2,0.12871287128712872,0.1286624203821656,5.045090496311189e-05,N
oulad_BBB_2014B,OULAD,transferred,ku_Accountancy_1819,age_band,2,0.14112903225806453,0.12401883830455258,0.017110193953511946,0-35
oulad_BBB_2014B,OULAD,transferred,ku_Accountancy_1819,highest_education,3,0.17721518987341772,0.10805084745762712,0.0691643424157906,Lower Than A Level
oulad_BBB_2014B,OULAD,transferred,ku_Globaleconom_1819,gender,2,0.3473684210526316,0.31605562579013907,0.03131279526249253,F
oulad_BBB_2014B,OULAD,transferred,ku_Globaleconom_1819,imd_band,10,0.3829787234042553,0.25555555555555554,0.12742316784869978,30-40%
oulad_BBB_2014B,OULAD,transferred,ku_Globaleconom_1819,disability,2,0.32101910828025476,0.3069306930693069,0.014088415210947836,Y
oulad_BBB_2014B,OULAD,transferred,ku_Globaleconom_1819,age_band,2,0.3281004709576138,0.29838709677419356,0.029713374183420238,35-55
oulad_BBB_2014B,OULAD,transferred,ku_Globaleconom_1819,highest_education,3,0.4177215189873418,0.2698412698412698,0.14788024914607195,A Level or Equivalent
oulad_BBB_2014B,OULAD,transferred,ku_Accountancy_1920,gender,2,0.10493046776232617,0.06315789473684211,0.04177257302548407,M
oulad_BBB_2014B,OULAD,transferred,ku_Accountancy_1920,imd_band,10,0.1484375,0.046153846153846156,0.10228365384615384,60-70%
oulad_BBB_2014B,OULAD,transferred,ku_Accountancy_1920,disability,2,0.12871287128712872,0.09681528662420383,0.03189758466292489,N
oulad_BBB_2014B,OULAD,transferred,ku_Accountancy_1920,age_band,2,0.11290322580645161,0.09576138147566719,0.017141844330784417,0-35
oulad_BBB_2014B,OULAD,transferred,ku_Accountancy_1920,highest_education,3,0.12380952380952381,0.0847457627118644,0.03906376109765941,Lower Than A Level
oulad_BBB_2014B,OULAD,transferred,ku_Globaleconom_1920,gender,2,0.20733249051833122,0.17894736842105263,0.028385122097278587,M
oulad_BBB_2014B,OULAD,transferred,ku_Globaleconom_1920,imd_band,10,0.2894736842105263,0.18461538461538463,0.1048582995951417,60-70%
oulad_BBB_2014B,OULAD,transferred,ku_Globaleconom_1920,disability,2,0.24752475247524752,0.19872611464968154,0.04879863782556598,N
oulad_BBB_2014B,OULAD,transferred,ku_Globaleconom_1920,age_band,2,0.20565149136577707,0.1975806451612903,0.008070846204486753,35-55
oulad_BBB_2014B,OULAD,transferred,ku_Globaleconom_1920,highest_education,3,0.23809523809523808,0.08860759493670886,0.14948764315852922,HE Qualification
oulad_BBB_2014B,OULAD,transferred,ku_Accountancy_2021,gender,2,0.16434892541087232,0.12631578947368421,0.0380331359371881,M
oulad_BBB_2014B,OULAD,transferred,ku_Accountancy_2021,imd_band,10,0.24285714285714285,0.12142857142857143,0.12142857142857143,10-20
oulad_BBB_2014B,OULAD,transferred,ku_Accountancy_2021,disability,2,0.16831683168316833,0.1592356687898089,0.009081162893359418,N
oulad_BBB_2014B,OULAD,transferred,ku_Accountancy_2021,age_band,2,0.1814516129032258,0.152276295133438,0.029175317769787823,0-35
oulad_BBB_2014B,OULAD,transferred,ku_Accountancy_2021,highest_education,3,0.16825396825396827,0.1518987341772152,0.016355234076753072,HE Qualification
oulad_BBB_2014B,OULAD,transferred,ku_Globaleconom_2021,gender,2,0.35789473684210527,0.33122629582806573,0.026668441014039534,F
oulad_BBB_2014B,OULAD,transferred,ku_Globaleconom_2021,imd_band,10,0.44680851063829785,0.2714285714285714,0.17537993920972644,70-80%
oulad_BBB_2014B,OULAD,transferred,ku_Globaleconom_2021,disability,2,0.33885350318471336,0.297029702970297,0.04182380021441634,Y
oulad_BBB_2014B,OULAD,transferred,ku_Globaleconom_2021,age_band,2,0.3548387096774194,0.32653061224489793,0.02830809743252144,0-35
oulad_BBB_2014B,OULAD,transferred,ku_Globaleconom_2021,highest_education,3,0.45569620253164556,0.27936507936507937,0.17633112316656618,A Level or Equivalent
oulad_BBB_2014B,OULAD,transferred,ukzn_ISTN101_2019,gender,2,0.37894736842105264,0.36030341340075855,0.01864395502029409,F
oulad_BBB_2014B,OULAD,transferred,ukzn_ISTN101_2019,imd_band,10,0.44680851063829785,0.2571428571428571,0.18966565349544073,70-80%
oulad_BBB_2014B,OULAD,transferred,ukzn_ISTN101_2019,disability,2,0.37070063694267513,0.297029702970297,0.07367093397237812,Y
oulad_BBB_2014B,OULAD,transferred,ukzn_ISTN101_2019,age_band,2,0.37990580847723704,0.3185483870967742,0.06135742138046285,35-55
oulad_BBB_2014B,OULAD,transferred,ukzn_ISTN101_2019,highest_education,3,0.4430379746835443,0.3238095238095238,0.11922845087402045,A Level or Equivalent
oulad_BBB_2014B,OULAD,transferred,ukzn_ISTN101_2020,gender,2,0.2,0.19848293299620734,0.0015170670037926715,F
oulad_BBB_2014B,OULAD,transferred,ukzn_ISTN101_2020,imd_band,10,0.2571428571428571,0.10526315789473684,0.15187969924812028,90-100%
oulad_BBB_2014B,OULAD,transferred,ukzn_ISTN101_2020,disability,2,0.25742574257425743,0.1910828025477707,0.06634294002648672,N
oulad_BBB_2014B,OULAD,transferred,ukzn_ISTN101_2020,age_band,2,0.2056451612903226,0.1946624803767661,0.010982680913556503,0-35
oulad_BBB_2014B,OULAD,transferred,ukzn_ISTN101_2020,highest_education,3,0.23174603174603176,0.11392405063291139,0.11782198111312037,HE Qualification
oulad_BBB_2014B,OULAD,transferred,ukzn_ISTN101_2021,gender,2,0.23767383059418457,0.18947368421052632,0.04820014638365824,M
oulad_BBB_2014B,OULAD,transferred,ukzn_ISTN101_2021,imd_band,10,0.3191489361702128,0.1935483870967742,0.1256005490734386,50-60%
oulad_BBB_2014B,OULAD,transferred,ukzn_ISTN101_2021,disability,2,0.23694267515923567,0.19801980198019803,0.03892287317903764,Y
oulad_BBB_2014B,OULAD,transferred,ukzn_ISTN101_2021,age_band,2,0.23390894819466249,0.22983870967741934,0.004070238517243141,35-55
oulad_BBB_2014B,OULAD,transferred,ukzn_ISTN101_2021,highest_education,3,0.27848101265822783,0.22033898305084745,0.05814202960738038,Lower Than A Level
oulad_BBB_2014B,OULAD,transferred,ukzn_ISTN102_2018,gender,2,0.3473684210526316,0.324905183312263,0.022463237740368625,F
oulad_BBB_2014B,OULAD,transferred,ukzn_ISTN102_2018,imd_band,10,0.4307692307692308,0.25,0.1807692307692308,40-50%
oulad_BBB_2014B,OULAD,transferred,ukzn_ISTN102_2018,disability,2,0.33503184713375794,0.26732673267326734,0.0677051144604906,Y
oulad_BBB_2014B,OULAD,transferred,ukzn_ISTN102_2018,age_band,2,0.3359497645211931,0.3064516129032258,0.02949815161796726,35-55
oulad_BBB_2014B,OULAD,transferred,ukzn_ISTN102_2018,highest_education,3,0.35443037974683544,0.3220338983050847,0.032396481441750724,Lower Than A Level
oulad_BBB_2014B,OULAD,transferred,ukzn_ISTN103_2019,gender,2,0.28421052631578947,0.27054361567635904,0.01366691063943043,F
oulad_BBB_2014B,OULAD,transferred,ukzn_ISTN103_2019,imd_band,10,0.3617021276595745,0.21428571428571427,0.14741641337386022,70-80%
oulad_BBB_2014B,OULAD,transferred,ukzn_ISTN103_2019,disability,2,0.27388535031847133,0.25742574257425743,0.0164596077442139,Y
oulad_BBB_2014B,OULAD,transferred,ukzn_ISTN103_2019,age_band,2,0.29838709677419356,0.2621664050235479,0.036220691750645684,0-35
oulad_BBB_2014B,OULAD,transferred,ukzn_ISTN103_2019,highest_education,3,0.2817796610169492,0.20253164556962025,0.07924801544732893,HE Qualification
oulad_BBB_2014B,OULAD,transferred,ukzn_ISTN103_2020,gender,2,0.32869785082174463,0.28421052631578947,0.04448732450595516,M
oulad_BBB_2014B,OULAD,transferred,ukzn_ISTN103_2020,imd_band,10,0.40425531914893614,0.21428571428571427,0.18996960486322187,70-80%
oulad_BBB_2014B,OULAD,transferred,ukzn_ISTN103_2020,disability,2,0.32673267326732675,0.3235668789808917,0.003165794286435042,N
oulad_BBB_2014B,OULAD,transferred,ukzn_ISTN103_2020,age_band,2,0.34222919937205654,0.2782258064516129,0.06400339292044366,35-55
oulad_BBB_2014B,OULAD,transferred,ukzn_ISTN103_2020,highest_education,3,0.33650793650793653,0.3093220338983051,0.02718590260963144,Lower Than A Level
oulad_BBB_2014B,OULAD,transferred,ukzn_ISTN211_2019,gender,2,0.2,0.1934260429835651,0.0065739570164349,F
oulad_BBB_2014B,OULAD,transferred,ukzn_ISTN211_2019,imd_band,10,0.27419354838709675,0.14444444444444443,0.12974910394265232,30-40%
oulad_BBB_2014B,OULAD,transferred,ukzn_ISTN211_2019,disability,2,0.19872611464968154,0.15841584158415842,0.04031027306552312,Y
oulad_BBB_2014B,OULAD,transferred,ukzn_ISTN211_2019,age_band,2,0.21774193548387097,0.18524332810047095,0.03249860738340002,0-35
oulad_BBB_2014B,OULAD,transferred,ukzn_ISTN211_2019,highest_education,3,0.21587301587301588,0.12658227848101267,0.08929073739200322,HE Qualification
oulad_BBB_2014B,OULAD,transferred,ukzn_ISTN211_2021,gender,2,0.3473684210526316,0.3324905183312263,0.014877902721405323,F
oulad_BBB_2014B,OULAD,transferred,ukzn_ISTN211_2021,imd_band,10,0.4153846153846154,0.21052631578947367,0.20485829959514174,90-100%
oulad_BBB_2014B,OULAD,transferred,ukzn_ISTN211_2021,disability,2,0.3375796178343949,0.3069306930693069,0.03064892476508796,Y
oulad_BBB_2014B,OULAD,transferred,ukzn_ISTN211_2021,age_band,2,0.3532182103610675,0.28225806451612906,0.07096014584493843,35-55
oulad_BBB_2014B,OULAD,transferred,ukzn_ISTN211_2021,highest_education,3,0.3495762711864407,0.2911392405063291,0.05843703068011158,HE Qualification
oulad_BBB_2014B,OULAD,transferred,ukzn_ISTN212_2018,gender,2,0.3173198482932996,0.29473684210526313,0.022583006188036492,M
oulad_BBB_2014B,OULAD,transferred,ukzn_ISTN212_2018,imd_band,10,0.39473684210526316,0.2553191489361702,0.13941769316909297,80-90%
oulad_BBB_2014B,OULAD,transferred,ukzn_ISTN212_2018,disability,2,0.31683168316831684,0.3146496815286624,0.0021820016396544295,N
oulad_BBB_2014B,OULAD,transferred,ukzn_ISTN212_2018,age_band,2,0.315541601255887,0.31048387096774194,0.005057730288145046,35-55
oulad_BBB_2014B,OULAD,transferred,ukzn_ISTN212_2018,highest_education,3,0.4430379746835443,0.2634920634920635,0.17954591119148078,A Level or Equivalent
oulad_BBB_2014B,OULAD,transferred,ukzn_ISTN212_2019,gender,2,0.3684210526315789,0.3552465233881163,0.01317452924346263,F
oulad_BBB_2014B,OULAD,transferred,ukzn_ISTN212_2019,imd_band,10,0.4153846153846154,0.2571428571428571,0.1582417582417583,70-80%
oulad_BBB_2014B,OULAD,transferred,ukzn_ISTN212_2019,disability,2,0.36560509554140125,0.2871287128712871,0.07847638267011414,Y
oulad_BBB_2014B,OULAD,transferred,ukzn_ISTN212_2019,age_band,2,0.36577708006279436,0.3346774193548387,0.031099660707955668,35-55
oulad_BBB_2014B,OULAD,transferred,ukzn_ISTN212_2019,highest_education,3,0.4430379746835443,0.2984126984126984,0.14462527627084587,A Level or Equivalent
oulad_BBB_2014B,OULAD,transferred,ukzn_ISTN2IP_2018,gender,2,0.3263157894736842,0.25410872313527183,0.0722070663384124,F
oulad_BBB_2014B,OULAD,transferred,ukzn_ISTN2IP_2018,imd_band,10,0.3064516129032258,0.2153846153846154,0.09106699751861042,60-70%
oulad_BBB_2014B,OULAD,transferred,ukzn_ISTN2IP_2018,disability,2,0.3069306930693069,0.25605095541401274,0.05087973765529419,N
oulad_BBB_2014B,OULAD,transferred,ukzn_ISTN2IP_2018,age_band,2,0.2862903225806452,0.25117739403453687,0.03511292854610831,0-35
oulad_BBB_2014B,OULAD,transferred,ukzn_ISTN2IP_2018,highest_education,3,0.28888888888888886,0.21518987341772153,0.07369901547116733,HE Qualification
oulad_BBB_2014B,OULAD,transferred,ukzn_ISTN2IP_2019,gender,2,0.23388116308470291,0.21052631578947367,0.023354847295229242,M
oulad_BBB_2014B,OULAD,transferred,ukzn_ISTN2IP_2019,imd_band,10,0.3225806451612903,0.16923076923076924,0.15334987593052107,60-70%
oulad_BBB_2014B,OULAD,transferred,ukzn_ISTN2IP_2019,disability,2,0.2871287128712871,0.22420382165605096,0.06292489121523615,N
oulad_BBB_2014B,OULAD,transferred,ukzn_ISTN2IP_2019,age_band,2,0.25806451612903225,0.22135007849293564,0.03671443763609661,0-35
oulad_BBB_2014B,OULAD,transferred,ukzn_ISTN2IP_2019,highest_education,3,0.25396825396825395,0.20253164556962025,0.051436608398633704,HE Qualification
oulad_BBB_2014B,OULAD,transferred,ukzn_ISTN3ND_2018,gender,2,0.3198482932996207,0.29473684210526313,0.025111451194357592,M
oulad_BBB_2014B,OULAD,transferred,ukzn_ISTN3ND_2018,imd_band,10,0.3828125,0.21428571428571427,0.16852678571428573,70-80%
oulad_BBB_2014B,OULAD,transferred,ukzn_ISTN3ND_2018,disability,2,0.32101910828025476,0.2871287128712871,0.033890395408967655,Y
oulad_BBB_2014B,OULAD,transferred,ukzn_ISTN3ND_2018,age_band,2,0.32653061224489793,0.2903225806451613,0.03620803159973662,35-55
oulad_BBB_2014B,OULAD,transferred,ukzn_ISTN3ND_2018,highest_education,3,0.3453389830508475,0.26666666666666666,0.07867231638418082,A Level or Equivalent
oulad_BBB_2014B,OULAD,transferred,ukzn_ISTN3ND_2019,gender,2,0.4,0.35398230088495575,0.046017699115044275,F
oulad_BBB_2014B,OULAD,transferred,ukzn_ISTN3ND_2019,imd_band,10,0.4142857142857143,0.2857142857142857,0.12857142857142861,70-80%
oulad_BBB_2014B,OULAD,transferred,ukzn_ISTN3ND_2019,disability,2,0.3681528662420382,0.2871287128712871,0.08102415337075108,Y
oulad_BBB_2014B,OULAD,transferred,ukzn_ISTN3ND_2019,age_band,2,0.37362637362637363,0.3225806451612903,0.05104572846508332,35-55
oulad_BBB_2014B,OULAD,transferred,ukzn_ISTN3ND_2019,highest_education,3,0.45569620253164556,0.326984126984127,0.12871207554751857,A Level or Equivalent
oulad_BBB_2014B,OULAD,transferred,ukzn_ISTN3SA_2018,gender,2,0.11578947368421053,0.10745891276864729,0.008330560915563237,F
oulad_BBB_2014B,OULAD,transferred,ukzn_ISTN3SA_2018,imd_band,10,0.15217391304347827,0.046153846153846156,0.10602006688963211,60-70%
oulad_BBB_2014B,OULAD,transferred,ukzn_ISTN3SA_2018,disability,2,0.10955414012738854,0.09900990099009901,0.010544239137289524,Y
oulad_BBB_2014B,OULAD,transferred,ukzn_ISTN3SA_2018,age_band,2,0.13306451612903225,0.0989010989010989,0.034163417227933354,0-35
oulad_BBB_2014B,OULAD,transferred,ukzn_ISTN3SA_2018,highest_education,3,0.13333333333333333,0.09533898305084745,0.03799435028248588,Lower Than A Level
oulad_BBB_2014B,OULAD,transferred,ukzn_ISTN3SA_2019,gender,2,0.29582806573957016,0.2,0.09582806573957015,M
oulad_BBB_2014B,OULAD,transferred,ukzn_ISTN3SA_2019,imd_band,10,0.32222222222222224,0.25,0.07222222222222224,20-30%
oulad_BBB_2014B,OULAD,transferred,ukzn_ISTN3SA_2019,disability,2,0.29426751592356687,0.21782178217821782,0.07644573374534905,Y
oulad_BBB_2014B,OULAD,transferred,ukzn_ISTN3SA_2019,age_band,2,0.3387096774193548,0.2653061224489796,0.0734035549703752,0-35
oulad_BBB_2014B,OULAD,transferred,ukzn_ISTN3SA_2019,highest_education,3,0.2911392405063291,0.2796610169491525,0.011478223557176592,Lower Than A Level
oulad_BBB_2014B,OULAD,transferred,zambia_ICT1110_2020,gender,2,0.24210526315789474,0.21618204804045513,0.025923215117439613,F
oulad_BBB_2014B,OULAD,transferred,zambia_ICT1110_2020,imd_band,10,0.3064516129032258,0.1702127659574468,0.136238846945779,80-90%
oulad_BBB_2014B,OULAD,transferred,zambia_ICT1110_2020,disability,2,0.25742574257425743,0.2140127388535032,0.04341300372075424,N
oulad_BBB_2014B,OULAD,transferred,zambia_ICT1110_2020,age_band,2,0.2217741935483871,0.21664050235478807,0.0051336911935990215,0-35
oulad_BBB_2014B,OULAD,transferred,zambia_ICT1110_2020,highest_education,3,0.23809523809523808,0.189873417721519,0.04822182037371908,HE Qualification
oulad_BBB_2014B,OULAD,transferred,zambia_ICT1110_2021,gender,2,0.20353982300884957,0.2,0.0035398230088495575,M
oulad_BBB_2014B,OULAD,transferred,zambia_ICT1110_2021,imd_band,10,0.2571428571428571,0.15714285714285714,0.09999999999999998,10-20
oulad_BBB_2014B,OULAD,transferred,zambia_ICT1110_2021,disability,2,0.21782178217821782,0.20127388535031848,0.01654789682789934,N
oulad_BBB_2014B,OULAD,transferred,zambia_ICT1110_2021,age_band,2,0.20251177394034536,0.20161290322580644,0.0008988707145389241,35-55
oulad_BBB_2014B,OULAD,transferred,zambia_ICT1110_2021,highest_education,3,0.2253968253968254,0.189873417721519,0.0355234076753064,HE Qualification
oulad_BBB_2014B,OULAD,transferred,oviedo_C1112_1415,gender,2,0.4105263157894737,0.3109987357774968,0.09952758001197687,F
oulad_BBB_2014B,OULAD,transferred,oviedo_C1112_1415,imd_band,10,0.4153846153846154,0.24193548387096775,0.17344913151364766,50-60%
oulad_BBB_2014B,OULAD,transferred,oviedo_C1112_1415,disability,2,0.32229299363057323,0.31683168316831684,0.005461310462256397,Y
oulad_BBB_2014B,OULAD,transferred,oviedo_C1112_1415,age_band,2,0.33124018838304553,0.29435483870967744,0.036885349673368095,35-55
oulad_BBB_2014B,OULAD,transferred,oviedo_C1112_1415,highest_education,3,0.326984126984127,0.3135593220338983,0.013424804950228686,Lower Than A Level
oulad_BBB_2014B,OULAD,transferred,oviedo_C1127_1415,gender,2,0.2736842105263158,0.2692793931731985,0.0044048173531173185,F
oulad_BBB_2014B,OULAD,transferred,oviedo_C1127_1415,imd_band,10,0.3709677419354839,0.23684210526315788,0.134125636672326,90-100%
oulad_BBB_2014B,OULAD,transferred,oviedo_C1127_1415,disability,2,0.3069306930693069,0.26496815286624203,0.04196254020306489,N
oulad_BBB_2014B,OULAD,transferred,oviedo_C1127_1415,age_band,2,0.28225806451612906,0.26373626373626374,0.018521800779865316,0-35
oulad_BBB_2014B,OULAD,transferred,oviedo_C1127_1415,highest_education,3,0.3047619047619048,0.21518987341772153,0.08957203134418326,HE Qualification
oulad_BBB_2014B,OULAD,transferred,oviedo_C1200_1415,gender,2,0.23640960809102401,0.23157894736842105,0.004830660722602964,M
oulad_BBB_2014B,OULAD,transferred,oviedo_C1200_1415,imd_band,10,0.27419354838709675,0.2,0.07419354838709674,60-70%
oulad_BBB_2014B,OULAD,transferred,oviedo_C1200_1415,disability,2,0.27722772277227725,0.23057324840764332,0.046654474364633935,N
oulad_BBB_2014B,OULAD,transferred,oviedo_C1200_1415,age_band,2,0.2782258064516129,0.21821036106750394,0.06001544538410894,0-35
oulad_BBB_2014B,OULAD,transferred,oviedo_C1200_1415,highest_education,3,0.2563559322033898,0.189873417721519,0.06648251448187081,HE Qualification
oulad_BBB_2014B,OULAD,transferred,oviedo_C1303_1415,gender,2,0.3438685208596713,0.3368421052631579,0.007026415596513402,M
oulad_BBB_2014B,OULAD,transferred,oviedo_C1303_1415,imd_band,10,0.4142857142857143,0.27419354838709675,0.14009216589861756,50-60%
oulad_BBB_2014B,OULAD,transferred,oviedo_C1303_1415,disability,2,0.3490445859872611,0.297029702970297,0.05201488301696411,Y
oulad_BBB_2014B,OULAD,transferred,oviedo_C1303_1415,age_band,2,0.3469387755102041,0.3346774193548387,0.012261356155365388,35-55
oulad_BBB_2014B,OULAD,transferred,oviedo_C1303_1415,highest_education,3,0.43037974683544306,0.32063492063492066,0.1097448262005224,A Level or Equivalent
oulad_BBB_2014B,OULAD,transferred,oviedo_C174_1415,gender,2,0.22105263157894736,0.18078381795195955,0.04026881362698781,F
oulad_BBB_2014B,OULAD,transferred,oviedo_C174_1415,imd_band,10,0.22142857142857142,0.1276595744680851,0.09376899696048632,80-90%
oulad_BBB_2014B,OULAD,transferred,oviedo_C174_1415,disability,2,0.27722772277227725,0.1732484076433121,0.10397931512896516,N
oulad_BBB_2014B,OULAD,transferred,oviedo_C174_1415,age_band,2,0.2903225806451613,0.14285714285714285,0.14746543778801846,0-35
oulad_BBB_2014B,OULAD,transferred,oviedo_C174_1415,highest_education,3,0.22784810126582278,0.17777777777777778,0.05007032348804499,A Level or Equivalent
oulad_BBB_2014B,OULAD,transferred,oviedo_C190_1415,gender,2,0.12389380530973451,0.09473684210526316,0.02915696320447135,M
oulad_BBB_2014B,OULAD,transferred,oviedo_C190_1415,imd_band,10,0.2,0.0851063829787234,0.11489361702127661,80-90%
oulad_BBB_2014B,OULAD,transferred,oviedo_C190_1415,disability,2,0.12611464968152866,0.07920792079207921,0.04690672888944945,Y
oulad_BBB_2014B,OULAD,transferred,oviedo_C190_1415,age_band,2,0.1532258064516129,0.10832025117739404,0.04490555527421887,0-35
oulad_BBB_2014B,OULAD,transferred,oviedo_C190_1415,highest_education,3,0.16455696202531644,0.09957627118644068,0.06498069083887577,Lower Than A Level
oulad_BBB_2014B,OULAD,transferred,oviedo_C1978_1415,gender,2,0.11578947368421053,0.09102402022756005,0.024765453456650474,F
oulad_BBB_2014B,OULAD,transferred,oviedo_C1978_1415,imd_band,10,0.12307692307692308,0.06382978723404255,0.059247135842880536,80-90%
oulad_BBB_2014B,OULAD,transferred,oviedo_C1978_1415,disability,2,0.13861386138613863,0.08789808917197452,0.05071577221416411,N
oulad_BBB_2014B,OULAD,transferred,oviedo_C1978_1415,age_band,2,0.0967741935483871,0.09262166405023547,0.004152529498151619,0-35
oulad_BBB_2014B,OULAD,transferred,oviedo_C1978_1415,highest_education,3,0.1038135593220339,0.05063291139240506,0.05318064792962884,HE Qualification
oulad_BBB_2014B,OULAD,transferred,oviedo_C2011_1415,gender,2,0.28421052631578947,0.22376738305941846,0.06044314325637101,F
oulad_BBB_2014B,OULAD,transferred,oviedo_C2011_1415,imd_band,10,0.27419354838709675,0.16923076923076924,0.10496277915632751,60-70%
oulad_BBB_2014B,OULAD,transferred,oviedo_C2011_1415,disability,2,0.23057324840764332,0.22772277227722773,0.0028504761304155857,Y
oulad_BBB_2014B,OULAD,transferred,oviedo_C2011_1415,age_band,2,0.23547880690737832,0.21370967741935484,0.02176912948802348,35-55
oulad_BBB_2014B,OULAD,transferred,oviedo_C2011_1415,highest_education,3,0.24761904761904763,0.17721518987341772,0.0704038577456299,HE Qualification
oulad_BBB_2014B,OULAD,transferred,oviedo_C2024_1415,gender,2,0.3263157894736842,0.2831858407079646,0.04312994876571963,F
oulad_BBB_2014B,OULAD,transferred,oviedo_C2024_1415,imd_band,10,0.3157894736842105,0.22826086956521738,0.08752860411899313,40-50%
oulad_BBB_2014B,OULAD,transferred,oviedo_C2024_1415,disability,2,0.3069306930693069,0.28535031847133757,0.021580374597969354,N
oulad_BBB_2014B,OULAD,transferred,oviedo_C2024_1415,age_band,2,0.29356357927786497,0.2701612903225806,0.023402288955284345,35-55
oulad_BBB_2014B,OULAD,transferred,oviedo_C2024_1415,highest_education,3,0.3047619047619048,0.22784810126582278,0.07691380349608201,HE Qualification
oulad_BBB_2014B,OULAD,transferred,oviedo_C2150_1415,gender,2,0.213653603034134,0.2,0.013653603034133988,M
oulad_BBB_2014B,OULAD,transferred,oviedo_C2150_1415,imd_band,10,0.3064516129032258,0.13846153846153847,0.16799007444168734,60-70%
oulad_BBB_2014B,OULAD,transferred,oviedo_C2150_1415,disability,2,0.24752475247524752,0.20764331210191084,0.039881440373336685,N
oulad_BBB_2014B,OULAD,transferred,oviedo_C2150_1415,age_band,2,0.21370967741935484,0.2119309262166405,0.0017787512027143404,0-35
oulad_BBB_2014B,OULAD,transferred,oviedo_C2150_1415,highest_education,3,0.2253968253968254,0.2033898305084746,0.02200699488835081,Lower Than A Level
oulad_BBB_2014B,OULAD,transferred,oviedo_C2271_1415,gender,2,0.37894736842105264,0.36030341340075855,0.01864395502029409,F
oulad_BBB_2014B,OULAD,transferred,oviedo_C2271_1415,imd_band,10,0.45,0.2714285714285714,0.1785714285714286,70-80%
oulad_BBB_2014B,OULAD,transferred,oviedo_C2271_1415,disability,2,0.36942675159235666,0.3069306930693069,0.062496058523049736,Y
oulad_BBB_2014B,OULAD,transferred,oviedo_C2271_1415,age_band,2,0.37990580847723704,0.3185483870967742,0.06135742138046285,35-55
oulad_BBB_2014B,OULAD,transferred,oviedo_C2271_1415,highest_education,3,0.4430379746835443,0.3111111111111111,0.13192686357243316,A Level or Equivalent
oulad_BBB_2014B,OULAD,transferred,oviedo_C2335_1415,gender,2,0.2,0.19848293299620734,0.0015170670037926715,F
oulad_BBB_2014B,OULAD,transferred,oviedo_C2335_1415,imd_band,10,0.271523178807947,0.14285714285714285,0.12866603595080417,10-20
oulad_BBB_2014B,OULAD,transferred,oviedo_C2335_1415,disability,2,0.21782178217821782,0.1961783439490446,0.021643438229173223,N
oulad_BBB_2014B,OULAD,transferred,oviedo_C2335_1415,age_band,2,0.2217741935483871,0.18995290423861852,0.031821289309768575,0-35
oulad_BBB_2014B,OULAD,transferred,oviedo_C2335_1415,highest_education,3,0.211864406779661,0.16455696202531644,0.04730744475434456,HE Qualification
oulad_BBB_2014B,OULAD,transferred,oviedo_C2406_1415,gender,2,0.35789473684210527,0.33375474083438683,0.024139996007718434,F
oulad_BBB_2014B,OULAD,transferred,oviedo_C2406_1415,imd_band,10,0.425531914893617,0.2571428571428571,0.1683890577507599,70-80%
oulad_BBB_2014B,OULAD,transferred,oviedo_C2406_1415,disability,2,0.34777070063694265,0.24752475247524752,0.10024594816169513,Y
oulad_BBB_2014B,OULAD,transferred,oviedo_C2406_1415,age_band,2,0.34222919937205654,0.3185483870967742,0.023680812275282348,35-55
oulad_BBB_2014B,OULAD,transferred,oviedo_C2406_1415,highest_education,3,0.3924050632911392,0.2920634920634921,0.10034157122764714,A Level or Equivalent
oulad_BBB_2014B,OULAD,transferred,oviedo_C2468_1415,gender,2,0.42105263157894735,0.3438685208596713,0.07718411071927606,F
oulad_BBB_2014B,OULAD,transferred,oviedo_C2468_1415,imd_band,10,0.4461538461538462,0.25555555555555554,0.19059829059829064,30-40%
oulad_BBB_2014B,OULAD,transferred,oviedo_C2468_1415,disability,2,0.35668789808917195,0.31683168316831684,0.039856214920855115,Y
oulad_BBB_2014B,OULAD,transferred,oviedo_C2468_1415,age_band,2,0.3579277864992151,0.3346774193548387,0.023250367144376394,35-55
oulad_BBB_2014B,OULAD,transferred,oviedo_C2468_1415,highest_education,3,0.3474576271186441,0.34177215189873417,0.005685475219909919,HE Qualification
oulad_BBB_2014B,OULAD,transferred,oviedo_C2607_1415,gender,2,0.1934260429835651,0.17894736842105263,0.014478674562512478,M
oulad_BBB_2014B,OULAD,transferred,oviedo_C2607_1415,imd_band,10,0.2857142857142857,0.1,0.1857142857142857,30-40%
oulad_BBB_2014B,OULAD,transferred,oviedo_C2607_1415,disability,2,0.19235668789808918,0.18811881188118812,0.004237876016901065,Y
oulad_BBB_2014B,OULAD,transferred,oviedo_C2607_1415,age_band,2,0.19309262166405022,0.18951612903225806,0.003576492631792161,35-55
oulad_BBB_2014B,OULAD,transferred,oviedo_C2607_1415,highest_education,3,0.2222222222222222,0.16455696202531644,0.057665260196905765,HE Qualification
oulad_BBB_2014B,OULAD,transferred,oviedo_C3022_1415,gender,2,0.18947368421052632,0.16308470290771176,0.026388981302814557,F
oulad_BBB_2014B,OULAD,transferred,oviedo_C3022_1415,imd_band,10,0.22580645161290322,0.08571428571428572,0.1400921658986175,70-80%
oulad_BBB_2014B,OULAD,transferred,oviedo_C3022_1415,disability,2,0.22772277227722773,0.15796178343949044,0.06976098883773729,N
oulad_BBB_2014B,OULAD,transferred,oviedo_C3022_1415,age_band,2,0.17739403453689168,0.13709677419354838,0.0402972603433433,35-55
oulad_BBB_2014B,OULAD,transferred,oviedo_C3022_1415,highest_education,3,0.17777777777777778,0.0759493670886076,0.10182841068917019,HE Qualification
oulad_BBB_2014B,OULAD,transferred,oviedo_C3029_1415,gender,2,0.23767383059418457,0.22105263157894736,0.016621199015237204,M
oulad_BBB_2014B,OULAD,transferred,oviedo_C3029_1415,imd_band,10,0.3111111111111111,0.18571428571428572,0.1253968253968254,10-20
oulad_BBB_2014B,OULAD,transferred,oviedo_C3029_1415,disability,2,0.24752475247524752,0.23439490445859873,0.013129848016648793,N
oulad_BBB_2014B,OULAD,transferred,oviedo_C3029_1415,age_band,2,0.2862903225806452,0.2150706436420722,0.07121967893857298,0-35
oulad_BBB_2014B,OULAD,transferred,oviedo_C3029_1415,highest_education,3,0.23809523809523808,0.22784810126582278,0.010247136829415304,HE Qualification
oulad_BBB_2014B,OULAD,transferred,oviedo_C4189_1415,gender,2,0.14736842105263157,0.10619469026548672,0.04117373078714484,F
oulad_BBB_2014B,OULAD,transferred,oviedo_C4189_1415,imd_band,10,0.15789473684210525,0.0425531914893617,0.11534154535274355,80-90%
oulad_BBB_2014B,OULAD,transferred,oviedo_C4189_1415,disability,2,0.16831683168316833,0.10318471337579618,0.06513211830737214,N
oulad_BBB_2014B,OULAD,transferred,oviedo_C4189_1415,age_band,2,0.14919354838709678,0.09576138147566719,0.05343216691142959,0-35
oulad_BBB_2014B,OULAD,transferred,oviedo_C4189_1415,highest_education,3,0.13924050632911392,0.1016949152542373,0.03754559107487662,Lower Than A Level
oulad_BBB_2014B,OULAD,transferred,oviedo_C4213_1415,gender,2,0.24652338811630847,0.17894736842105263,0.06757601969525584,M
oulad_BBB_2014B,OULAD,transferred,oviedo_C4213_1415,imd_band,10,0.34210526315789475,0.171875,0.17023026315789475,20-30%
oulad_BBB_2014B,OULAD,transferred,oviedo_C4213_1415,disability,2,0.24203821656050956,0.21782178217821782,0.024216434382291735,Y
oulad_BBB_2014B,OULAD,transferred,oviedo_C4213_1415,age_band,2,0.25806451612903225,0.23233908948194662,0.02572542664708563,0-35
oulad_BBB_2014B,OULAD,transferred,oviedo_C4213_1415,highest_education,3,0.2761904761904762,0.21822033898305085,0.05797013720742536,Lower Than A Level
oulad_BBB_2014B,OULAD,transferred,oviedo_C836_1415,gender,2,0.3684210526315789,0.3211125158027813,0.047308536828797654,F
oulad_BBB_2014B,OULAD,transferred,oviedo_C836_1415,imd_band,10,0.46808510638297873,0.2714285714285714,0.19665653495440732,70-80%
oulad_BBB_2014B,OULAD,transferred,oviedo_C836_1415,disability,2,0.3286624203821656,0.3069306930693069,0.021731727312858662,Y
oulad_BBB_2014B,OULAD,transferred,oviedo_C836_1415,age_band,2,0.3359497645211931,0.3024193548387097,0.033530409682483386,35-55
oulad_BBB_2014B,OULAD,transferred,oviedo_C836_1415,highest_education,3,0.3924050632911392,0.28253968253968254,0.10986538075145669,A Level or Equivalent
oulad_BBB_2014J,OULAD,local,oulad_BBB_2014J,gender,2,0.40562248995983935,0.3611111111111111,0.044511378848728245,M
oulad_BBB_2014J,OULAD,local,oulad_BBB_2014J,imd_band,10,0.4394904458598726,0.3418803418803419,0.09761010397953074,50-60%
oulad_BBB_2014J,OULAD,local,oulad_BBB_2014J,disability,2,0.4064327485380117,0.34210526315789475,0.06432748538011696,Y
oulad_BBB_2014J,OULAD,local,oulad_BBB_2014J,age_band,2,0.4163568773234201,0.3606060606060606,0.055750816717359486,35-55
oulad_BBB_2014J,OULAD,local,oulad_BBB_2014J,highest_education,3,0.4066666666666667,0.3851851851851852,0.02148148148148149,A Level or Equivalent
oulad_BBB_2014J,OULAD,transferred,ku_Accountancy_1819,gender,2,0.1736111111111111,0.1606425702811245,0.012968540829986608,F
oulad_BBB_2014J,OULAD,transferred,ku_Accountancy_1819,imd_band,10,0.20903954802259886,0.12422360248447205,0.08481594553812681,20-30%
oulad_BBB_2014J,OULAD,transferred,ku_Accountancy_1819,disability,2,0.16471734892787523,0.14035087719298245,0.024366471734892786,Y
oulad_BBB_2014J,OULAD,transferred,ku_Accountancy_1819,age_band,2,0.16604708798017348,0.15454545454545454,0.011501633434718939,35-55
oulad_BBB_2014J,OULAD,transferred,ku_Accountancy_1819,highest_education,3,0.18018018018018017,0.15666666666666668,0.023513513513513495,Lower Than A Level
oulad_BBB_2014J,OULAD,transferred,ku_Globaleconom_1819,gender,2,0.34036144578313254,0.2638888888888889,0.07647255689424365,M
oulad_BBB_2014J,OULAD,transferred,ku_Globaleconom_1819,imd_band,10,0.3898305084745763,0.2546583850931677,0.1351721233814086,20-30%
oulad_BBB_2014J,OULAD,transferred,ku_Globaleconom_1819,disability,2,0.33430799220272905,0.2982456140350877,0.03606237816764135,Y
oulad_BBB_2014J,OULAD,transferred,ku_Globaleconom_1819,age_band,2,0.3444857496902107,0.296969696969697,0.04751605272051368,35-55
oulad_BBB_2014J,OULAD,transferred,ku_Globaleconom_1819,highest_education,3,0.345679012345679,0.3153153153153153,0.03036369703036368,HE Qualification
oulad_BBB_2014J,OULAD,transferred,ku_Accountancy_1920,gender,2,0.125,0.10240963855421686,0.022590361445783136,F
oulad_BBB_2014J,OULAD,transferred,ku_Accountancy_1920,imd_band,10,0.136986301369863,0.06779661016949153,0.06918969120037148,0-10%
oulad_BBB_2014J,OULAD,transferred,ku_Accountancy_1920,disability,2,0.10818713450292397,0.07894736842105263,0.029239766081871343,Y
oulad_BBB_2014J,OULAD,transferred,ku_Accountancy_1920,age_band,2,0.12121212121212122,0.09913258983890955,0.02207953137321167,0-35
oulad_BBB_2014J,OULAD,transferred,ku_Accountancy_1920,highest_education,3,0.12839506172839507,0.09166666666666666,0.03672839506172841,Lower Than A Level
oulad_BBB_2014J,OULAD,transferred,ku_Globaleconom_1920,gender,2,0.25,0.24397590361445784,0.00602409638554216,F
oulad_BBB_2014J,OULAD,transferred,ku_Globaleconom_1920,imd_band,10,0.31496062992125984,0.1565217391304348,0.15843889079082504,30-40%
oulad_BBB_2014J,OULAD,transferred,ku_Globaleconom_1920,disability,2,0.2631578947368421,0.24269005847953215,0.02046783625730994,N
oulad_BBB_2014J,OULAD,transferred,ku_Globaleconom_1920,age_band,2,0.24659231722428748,0.24242424242424243,0.004168074800045052,35-55
oulad_BBB_2014J,OULAD,transferred,ku_Globaleconom_1920,highest_education,3,0.2617283950617284,0.1981981981981982,0.0635301968635302,HE Qualification
oulad_BBB_2014J,OULAD,transferred,ku_Accountancy_2021,gender,2,0.19444444444444445,0.15963855421686746,0.03480589022757699,F
oulad_BBB_2014J,OULAD,transferred,ku_Accountancy_2021,imd_band,10,0.23404255319148937,0.13043478260869565,0.10360777058279372,20-30%
oulad_BBB_2014J,OULAD,transferred,ku_Accountancy_2021,disability,2,0.20175438596491227,0.15984405458089668,0.04191033138401559,N
oulad_BBB_2014J,OULAD,transferred,ku_Accountancy_2021,age_band,2,0.18787878787878787,0.1524163568773234,0.035462431001464456,0-35
oulad_BBB_2014J,OULAD,transferred,ku_Accountancy_2021,highest_education,3,0.18518518518518517,0.15315315315315314,0.03203203203203203,HE Qualification
oulad_BBB_2014J,OULAD,transferred,ku_Globaleconom_2021,gender,2,0.3353413654618474,0.3055555555555556,0.029785809906291816,M
oulad_BBB_2014J,OULAD,transferred,ku_Globaleconom_2021,imd_band,10,0.3785310734463277,0.28346456692913385,0.09506650651719384,40-50%
oulad_BBB_2014J,OULAD,transferred,ku_Globaleconom_2021,disability,2,0.34307992202729043,0.22807017543859648,0.11500974658869395,Y
oulad_BBB_2014J,OULAD,transferred,ku_Globaleconom_2021,age_band,2,0.3358116480793061,0.3212121212121212,0.014599526867184853,35-55
oulad_BBB_2014J,OULAD,transferred,ku_Globaleconom_2021,highest_education,3,0.36036036036036034,0.32592592592592595,0.03443443443443439,A Level or Equivalent
oulad_BBB_2014J,OULAD,transferred,ukzn_ISTN101_2019,gender,2,0.37349397590361444,0.3402777777777778,0.03321619812583665,M
oulad_BBB_2014J,OULAD,transferred,ukzn_ISTN101_2019,imd_band,10,0.4225352112676056,0.2978723404255319,0.12466287084207373,90-100%
oulad_BBB_2014J,OULAD,transferred,ukzn_ISTN101_2019,disability,2,0.3791423001949318,0.2807017543859649,0.09844054580896688,Y
oulad_BBB_2014J,OULAD,transferred,ukzn_ISTN101_2019,age_band,2,0.3915737298636927,0.3151515151515151,0.07642221471217758,35-55
oulad_BBB_2014J,OULAD,transferred,ukzn_ISTN101_2019,highest_education,3,0.38738738738738737,0.35833333333333334,0.029054054054054035,Lower Than A Level
oulad_BBB_2014J,OULAD,transferred,ukzn_ISTN101_2020,gender,2,0.1875,0.18674698795180722,0.0007530120481927804,F
oulad_BBB_2014J,OULAD,transferred,ukzn_ISTN101_2020,imd_band,10,0.28346456692913385,0.09401709401709402,0.18944747291203984,50-60%
oulad_BBB_2014J,OULAD,transferred,ukzn_ISTN101_2020,disability,2,0.21929824561403508,0.18323586744639375,0.036062378167641324,N
oulad_BBB_2014J,OULAD,transferred,ukzn_ISTN101_2020,age_band,2,0.19206939281288724,0.17575757575757575,0.016311817055311484,35-55
oulad_BBB_2014J,OULAD,transferred,ukzn_ISTN101_2020,highest_education,3,0.20493827160493827,0.15315315315315314,0.05178511845178513,HE Qualification
oulad_BBB_2014J,OULAD,transferred,ukzn_ISTN101_2021,gender,2,0.3072289156626506,0.2916666666666667,0.015562248995983907,M
oulad_BBB_2014J,OULAD,transferred,ukzn_ISTN101_2021,imd_band,10,0.38461538461538464,0.21739130434782608,0.16722408026755856,30-40%
oulad_BBB_2014J,OULAD,transferred,ukzn_ISTN101_2021,disability,2,0.3138401559454191,0.22807017543859648,0.08576998050682261,Y
oulad_BBB_2014J,OULAD,transferred,ukzn_ISTN101_2021,age_band,2,0.3159851301115242,0.2787878787878788,0.037197251323645375,35-55
oulad_BBB_2014J,OULAD,transferred,ukzn_ISTN101_2021,highest_education,3,0.3333333333333333,0.28641975308641976,0.046913580246913555,A Level or Equivalent
oulad_BBB_2014J,OULAD,transferred,ukzn_ISTN102_2018,gender,2,0.34036144578313254,0.2638888888888889,0.07647255689424365,M
oulad_BBB_2014J,OULAD,transferred,ukzn_ISTN102_2018,imd_band,10,0.40425531914893614,0.24719101123595505,0.1570643079129811,60-70%
oulad_BBB_2014J,OULAD,transferred,ukzn_ISTN102_2018,disability,2,0.3508771929824561,0.3284600389863548,0.022417153996101336,N
oulad_BBB_2014J,OULAD,transferred,ukzn_ISTN102_2018,age_band,2,0.3358116480793061,0.3181818181818182,0.017629829897487903,35-55
oulad_BBB_2014J,OULAD,transferred,ukzn_ISTN102_2018,highest_education,3,0.36936936936936937,0.3111111111111111,0.058258258258258255,A Level or Equivalent
oulad_BBB_2014J,OULAD,transferred,ukzn_ISTN103_2019,gender,2,0.3042168674698795,0.2777777777777778,0.026439089692101736,M
oulad_BBB_2014J,OULAD,transferred,ukzn_ISTN103_2019,imd_band,10,0.327683615819209,0.2608695652173913,0.06681405060181772,30-40%
oulad_BBB_2014J,OULAD,transferred,ukzn_ISTN103_2019,disability,2,0.37719298245614036,0.29239766081871343,0.08479532163742692,N
oulad_BBB_2014J,OULAD,transferred,ukzn_ISTN103_2019,age_band,2,0.31212121212121213,0.29615861214374223,0.015962599977469905,0-35
oulad_BBB_2014J,OULAD,transferred,ukzn_ISTN103_2019,highest_education,3,0.315,0.2702702702702703,0.04472972972972972,HE Qualification
oulad_BBB_2014J,OULAD,transferred,ukzn_ISTN103_2020,gender,2,0.38052208835341367,0.2847222222222222,0.09579986613119146,M
oulad_BBB_2014J,OULAD,transferred,ukzn_ISTN103_2020,imd_band,10,0.42038216560509556,0.32919254658385094,0.09118961902124462,20-30%
oulad_BBB_2014J,OULAD,transferred,ukzn_ISTN103_2020,disability,2,0.3684210526315789,0.3684210526315789,0.0,N
oulad_BBB_2014J,OULAD,transferred,ukzn_ISTN103_2020,age_band,2,0.3878562577447336,0.3212121212121212,0.06664413653261236,35-55
oulad_BBB_2014J,OULAD,transferred,ukzn_ISTN103_2020,highest_education,3,0.38765432098765434,0.35333333333333333,0.03432098765432101,Lower Than A Level
oulad_BBB_2014J,OULAD,transferred,ukzn_ISTN211_2019,gender,2,0.20180722891566266,0.1875,0.014307228915662662,M
oulad_BBB_2014J,OULAD,transferred,ukzn_ISTN211_2019,imd_band,10,0.23404255319148937,0.1623931623931624,0.07164939079832697,50-60%
oulad_BBB_2014J,OULAD,transferred,ukzn_ISTN211_2019,disability,2,0.21929824561403508,0.19785575048732942,0.021442495126705652,N
oulad_BBB_2014J,OULAD,transferred,ukzn_ISTN211_2019,age_band,2,0.22424242424242424,0.18835192069392812,0.03589050354849613,0-35
oulad_BBB_2014J,OULAD,transferred,ukzn_ISTN211_2019,highest_education,3,0.2072072072072072,0.19753086419753085,0.009676343009676347,A Level or Equivalent
oulad_BBB_2014J,OULAD,transferred,ukzn_ISTN211_2021,gender,2,0.37751004016064255,0.3194444444444444,0.058065595716198126,M
oulad_BBB_2014J,OULAD,transferred,ukzn_ISTN211_2021,imd_band,10,0.4225352112676056,0.2755905511811024,0.14694466008650325,40-50%
oulad_BBB_2014J,OULAD,transferred,ukzn_ISTN211_2021,disability,2,0.37816764132553604,0.2982456140350877,0.07992202729044834,Y
oulad_BBB_2014J,OULAD,transferred,ukzn_ISTN211_2021,age_band,2,0.3915737298636927,0.3181818181818182,0.07339191168187453,35-55
oulad_BBB_2014J,OULAD,transferred,ukzn_ISTN211_2021,highest_education,3,0.4,0.3466666666666667,0.053333333333333344,Lower Than A Level
oulad_BBB_2014J,OULAD,transferred,ukzn_ISTN212_2018,gender,2,0.35040160642570284,0.3263888888888889,0.024012717536813943,M
oulad_BBB_2014J,OULAD,transferred,ukzn_ISTN212_2018,imd_band,10,0.39490445859872614,0.28205128205128205,0.11285317654744409,50-60%
oulad_BBB_2014J,OULAD,transferred,ukzn_ISTN212_2018,disability,2,0.3508771929824561,0.3157894736842105,0.03508771929824561,Y
oulad_BBB_2014J,OULAD,transferred,ukzn_ISTN212_2018,age_band,2,0.35315985130111527,0.3303030303030303,0.022856820998084948,35-55
oulad_BBB_2014J,OULAD,transferred,ukzn_ISTN212_2018,highest_education,3,0.35555555555555557,0.32432432432432434,0.031231231231231227,HE Qualification
oulad_BBB_2014J,OULAD,transferred,ukzn_ISTN212_2019,gender,2,0.39156626506024095,0.3333333333333333,0.05823293172690763,M
oulad_BBB_2014J,OULAD,transferred,ukzn_ISTN212_2019,imd_band,10,0.4647887323943662,0.3404255319148936,0.12436320047947258,90-100%
oulad_BBB_2014J,OULAD,transferred,ukzn_ISTN212_2019,disability,2,0.3937621832358674,0.2982456140350877,0.09551656920077972,Y
oulad_BBB_2014J,OULAD,transferred,ukzn_ISTN212_2019,age_band,2,0.40644361833952913,0.3303030303030303,0.07614058803649881,35-55
oulad_BBB_2014J,OULAD,transferred,ukzn_ISTN212_2019,highest_education,3,0.4144144144144144,0.375,0.0394144144144144,Lower Than A Level
oulad_BBB_2014J,OULAD,transferred,ukzn_ISTN2IP_2018,gender,2,0.3402777777777778,0.29417670682730923,0.04610107095046856,F
oulad_BBB_2014J,OULAD,transferred,ukzn_ISTN2IP_2018,imd_band,10,0.3504273504273504,0.24347826086956523,0.10694908955778518,30-40%
oulad_BBB_2014J,OULAD,transferred,ukzn_ISTN2IP_2018,disability,2,0.30214424951267055,0.2807017543859649,0.021442495126705652,Y
oulad_BBB_2014J,OULAD,transferred,ukzn_ISTN2IP_2018,age_band,2,0.30855018587360594,0.2787878787878788,0.029762307085727135,35-55
oulad_BBB_2014J,OULAD,transferred,ukzn_ISTN2IP_2018,highest_education,3,0.35135135135135137,0.28641975308641976,0.06493159826493161,A Level or Equivalent
oulad_BBB_2014J,OULAD,transferred,ukzn_ISTN2IP_2019,gender,2,0.2361111111111111,0.22791164658634538,0.00819946452476572,F
oulad_BBB_2014J,OULAD,transferred,ukzn_ISTN2IP_2019,imd_band,10,0.2677165354330709,0.18471337579617833,0.08300315963689256,10-20
oulad_BBB_2014J,OULAD,transferred,ukzn_ISTN2IP_2019,disability,2,0.32456140350877194,0.21832358674463936,0.10623781676413258,N
oulad_BBB_2014J,OULAD,transferred,ukzn_ISTN2IP_2019,age_band,2,0.24242424242424243,0.2218091697645601,0.02061507265968232,0-35
oulad_BBB_2014J,OULAD,transferred,ukzn_ISTN2IP_2019,highest_education,3,0.25225225225225223,0.2123456790123457,0.03990657323990654,A Level or Equivalent
oulad_BBB_2014J,OULAD,transferred,ukzn_ISTN3ND_2018,gender,2,0.3604417670682731,0.3125,0.04794176706827308,M
oulad_BBB_2014J,OULAD,transferred,ukzn_ISTN3ND_2018,imd_band,10,0.43661971830985913,0.2765957446808511,0.16002397362900805,90-100%
oulad_BBB_2014J,OULAD,transferred,ukzn_ISTN3ND_2018,disability,2,0.3645224171539961,0.2631578947368421,0.10136452241715399,Y
oulad_BBB_2014J,OULAD,transferred,ukzn_ISTN3ND_2018,age_band,2,0.37174721189591076,0.31212121212121213,0.059625999774698624,35-55
oulad_BBB_2014J,OULAD,transferred,ukzn_ISTN3ND_2018,highest_education,3,0.36790123456790125,0.3433333333333333,0.024567901234567924,Lower Than A Level
oulad_BBB_2014J,OULAD,transferred,ukzn_ISTN3ND_2019,gender,2,0.39156626506024095,0.3333333333333333,0.05823293172690763,M
oulad_BBB_2014J,OULAD,transferred,ukzn_ISTN3ND_2019,imd_band,10,0.43661971830985913,0.3464566929133858,0.0901630253964733,40-50%
oulad_BBB_2014J,OULAD,transferred,ukzn_ISTN3ND_2019,disability,2,0.391812865497076,0.3157894736842105,0.07602339181286549,Y
oulad_BBB_2014J,OULAD,transferred,ukzn_ISTN3ND_2019,age_band,2,0.3990086741016109,0.3484848484848485,0.050523825616762386,35-55
oulad_BBB_2014J,OULAD,transferred,ukzn_ISTN3ND_2019,highest_education,3,0.4144144144144144,0.37666666666666665,0.03774774774774775,Lower Than A Level
oulad_BBB_2014J,OULAD,transferred,ukzn_ISTN3SA_2018,gender,2,0.1388888888888889,0.12048192771084337,0.018406961178045522,F
oulad_BBB_2014J,OULAD,transferred,ukzn_ISTN3SA_2018,imd_band,10,0.16853932584269662,0.0425531914893617,0.12598613435333492,90-100%
oulad_BBB_2014J,OULAD,transferred,ukzn_ISTN3SA_2018,disability,2,0.14912280701754385,0.11988304093567251,0.029239766081871343,N
oulad_BBB_2014J,OULAD,transferred,ukzn_ISTN3SA_2018,age_band,2,0.1606060606060606,0.10656753407682776,0.054038526529232855,0-35
oulad_BBB_2014J,OULAD,transferred,ukzn_ISTN3SA_2018,highest_education,3,0.16216216216216217,0.10864197530864197,0.053520186853520196,A Level or Equivalent
oulad_BBB_2014J,OULAD,transferred,ukzn_ISTN3SA_2019,gender,2,0.28112449799196787,0.24305555555555555,0.03806894243641232,M
oulad_BBB_2014J,OULAD,transferred,ukzn_ISTN3SA_2019,imd_band,10,0.3287671232876712,0.24347826086956523,0.08528886241810599,30-40%
oulad_BBB_2014J,OULAD,transferred,ukzn_ISTN3SA_2019,disability,2,0.3333333333333333,0.2699805068226121,0.06335282651072122,N
oulad_BBB_2014J,OULAD,transferred,ukzn_ISTN3SA_2019,age_band,2,0.3181818181818182,0.2577447335811648,0.06043708460065339,0-35
oulad_BBB_2014J,OULAD,transferred,ukzn_ISTN3SA_2019,highest_education,3,0.2972972972972973,0.25679012345679014,0.04050717384050717,A Level or Equivalent
oulad_BBB_2014J,OULAD,transferred,zambia_ICT1110_2020,gender,2,0.15863453815261044,0.1527777777777778,0.0058567603748326535,M
oulad_BBB_2014J,OULAD,transferred,zambia_ICT1110_2020,imd_band,10,0.20512820512820512,0.0958904109589041,0.10923779416930102,70-80%
oulad_BBB_2014J,OULAD,transferred,zambia_ICT1110_2020,disability,2,0.22807017543859648,0.15009746588693956,0.07797270955165692,N
oulad_BBB_2014J,OULAD,transferred,zambia_ICT1110_2020,age_band,2,0.16356877323420074,0.14545454545454545,0.018114227779655295,35-55
oulad_BBB_2014J,OULAD,transferred,zambia_ICT1110_2020,highest_education,3,0.18271604938271604,0.145,0.037716049382716055,Lower Than A Level
oulad_BBB_2014J,OULAD,transferred,zambia_ICT1110_2021,gender,2,0.19444444444444445,0.1817269076305221,0.012717536813922348,F
oulad_BBB_2014J,OULAD,transferred,zambia_ICT1110_2021,imd_band,10,0.22535211267605634,0.1276595744680851,0.09769253820797125,90-100%
oulad_BBB_2014J,OULAD,transferred,zambia_ICT1110_2021,disability,2,0.18421052631578946,0.18323586744639375,0.0009746588693957114,N
oulad_BBB_2014J,OULAD,transferred,zambia_ICT1110_2021,age_band,2,0.18587360594795538,0.1787878787878788,0.007085727160076577,35-55
oulad_BBB_2014J,OULAD,transferred,zambia_ICT1110_2021,highest_education,3,0.1925925925925926,0.14414414414414414,0.04844844844844845,HE Qualification
oulad_BBB_2014J,OULAD,transferred,oviedo_C1112_1415,gender,2,0.3845381526104418,0.3194444444444444,0.06509370816599735,M
oulad_BBB_2014J,OULAD,transferred,oviedo_C1112_1415,imd_band,10,0.4140127388535032,0.3287671232876712,0.08524561556583199,70-80%
oulad_BBB_2014J,OULAD,transferred,oviedo_C1112_1415,disability,2,0.3830409356725146,0.3157894736842105,0.06725146198830412,Y
oulad_BBB_2014J,OULAD,transferred,oviedo_C1112_1415,age_band,2,0.39281288723667906,0.3393939393939394,0.05341894784273965,35-55
oulad_BBB_2014J,OULAD,transferred,oviedo_C1112_1415,highest_education,3,0.40540540540540543,0.36333333333333334,0.042072072072072086,Lower Than A Level
oulad_BBB_2014J,OULAD,transferred,oviedo_C1127_1415,gender,2,0.2986111111111111,0.27309236947791166,0.02551874163319945,F
oulad_BBB_2014J,OULAD,transferred,oviedo_C1127_1415,imd_band,10,0.30434782608695654,0.23478260869565218,0.06956521739130436,30-40%
oulad_BBB_2014J,OULAD,transferred,oviedo_C1127_1415,disability,2,0.3684210526315789,0.26608187134502925,0.10233918128654967,N
oulad_BBB_2014J,OULAD,transferred,oviedo_C1127_1415,age_band,2,0.2909090909090909,0.26889714993804215,0.02201194097104875,0-35
oulad_BBB_2014J,OULAD,transferred,oviedo_C1127_1415,highest_education,3,0.2966666666666667,0.23703703703703705,0.059629629629629644,A Level or Equivalent
oulad_BBB_2014J,OULAD,transferred,oviedo_C1200_1415,gender,2,0.32028112449799195,0.3194444444444444,0.0008366800535475338,M
oulad_BBB_2014J,OULAD,transferred,oviedo_C1200_1415,imd_band,10,0.425531914893617,0.22535211267605634,0.20017980221756068,80-90%
oulad_BBB_2014J,OULAD,transferred,oviedo_C1200_1415,disability,2,0.32456140350877194,0.31968810916179335,0.004873294346978585,N
oulad_BBB_2014J,OULAD,transferred,oviedo_C1200_1415,age_band,2,0.34076827757125155,0.26666666666666666,0.07410161090458489,35-55
oulad_BBB_2014J,OULAD,transferred,oviedo_C1200_1415,highest_education,3,0.34234234234234234,0.30617283950617286,0.03616950283616949,A Level or Equivalent
oulad_BBB_2014J,OULAD,transferred,oviedo_C1303_1415,gender,2,0.3815261044176707,0.3611111111111111,0.020414993306559603,M
oulad_BBB_2014J,OULAD,transferred,oviedo_C1303_1415,imd_band,10,0.4267515923566879,0.33070866141732286,0.09604293093936506,40-50%
oulad_BBB_2014J,OULAD,transferred,oviedo_C1303_1415,disability,2,0.3888888888888889,0.2894736842105263,0.09941520467836257,Y
oulad_BBB_2014J,OULAD,transferred,oviedo_C1303_1415,age_band,2,0.39776951672862454,0.3333333333333333,0.06443618339529122,35-55
oulad_BBB_2014J,OULAD,transferred,oviedo_C1303_1415,highest_education,3,0.3963963963963964,0.36833333333333335,0.028063063063063054,Lower Than A Level
oulad_BBB_2014J,OULAD,transferred,oviedo_C174_1415,gender,2,0.24305555555555555,0.20983935742971888,0.03321619812583668,F
oulad_BBB_2014J,OULAD,transferred,oviedo_C174_1415,imd_band,10,0.28346456692913385,0.1095890410958904,0.17387552583324345,70-80%
oulad_BBB_2014J,OULAD,transferred,oviedo_C174_1415,disability,2,0.37719298245614036,0.195906432748538,0.18128654970760236,N
oulad_BBB_2014J,OULAD,transferred,oviedo_C174_1415,age_band,2,0.30303030303030304,0.17596034696406443,0.1270699560662386,0-35
oulad_BBB_2014J,OULAD,transferred,oviedo_C174_1415,highest_education,3,0.26126126126126126,0.205,0.05626126126126127,Lower Than A Level
oulad_BBB_2014J,OULAD,transferred,oviedo_C190_1415,gender,2,0.1597222222222222,0.12751004016064257,0.032212182061579636,F
oulad_BBB_2014J,OULAD,transferred,oviedo_C190_1415,imd_band,10,0.1702127659574468,0.0684931506849315,0.1017196152725153,70-80%
oulad_BBB_2014J,OULAD,transferred,oviedo_C190_1415,disability,2,0.14912280701754385,0.12962962962962962,0.01949317738791423,N
oulad_BBB_2014J,OULAD,transferred,oviedo_C190_1415,age_band,2,0.17575757575757575,0.1127633209417596,0.06299425481581615,0-35
oulad_BBB_2014J,OULAD,transferred,oviedo_C190_1415,highest_education,3,0.145679012345679,0.12612612612612611,0.019552886219552895,HE Qualification
oulad_BBB_2014J,OULAD,transferred,oviedo_C1978_1415,gender,2,0.11805555555555555,0.07931726907630522,0.03873828647925033,F
oulad_BBB_2014J,OULAD,transferred,oviedo_C1978_1415,imd_band,10,0.11304347826086956,0.05732484076433121,0.055718637496538354,10-20
oulad_BBB_2014J,OULAD,transferred,oviedo_C1978_1415,disability,2,0.08771929824561403,0.05263157894736842,0.03508771929824561,Y
oulad_BBB_2014J,OULAD,transferred,oviedo_C1978_1415,age_band,2,0.11818181818181818,0.07063197026022305,0.047549847921595126,0-35
oulad_BBB_2014J,OULAD,transferred,oviedo_C1978_1415,highest_education,3,0.09876543209876543,0.05405405405405406,0.04471137804471137,HE Qualification
oulad_BBB_2014J,OULAD,transferred,oviedo_C2011_1415,gender,2,0.25,0.23694779116465864,0.013052208835341361,F
oulad_BBB_2014J,OULAD,transferred,oviedo_C2011_1415,imd_band,10,0.31496062992125984,0.1452991452991453,0.16966148462211453,50-60%
oulad_BBB_2014J,OULAD,transferred,oviedo_C2011_1415,disability,2,0.2719298245614035,0.23489278752436646,0.03703703703703706,N
oulad_BBB_2014J,OULAD,transferred,oviedo_C2011_1415,age_band,2,0.2606060606060606,0.22924411400247832,0.0313619466035823,0-35
oulad_BBB_2014J,OULAD,transferred,oviedo_C2011_1415,highest_education,3,0.25833333333333336,0.21481481481481482,0.04351851851851854,A Level or Equivalent
oulad_BBB_2014J,OULAD,transferred,oviedo_C2024_1415,gender,2,0.2986111111111111,0.2891566265060241,0.009454484605087021,F
oulad_BBB_2014J,OULAD,transferred,oviedo_C2024_1415,imd_band,10,0.352112676056338,0.21739130434782608,0.13472137170851192,30-40%
oulad_BBB_2014J,OULAD,transferred,oviedo_C2024_1415,disability,2,0.2982456140350877,0.2894736842105263,0.008771929824561375,N
oulad_BBB_2014J,OULAD,transferred,oviedo_C2024_1415,age_band,2,0.30359355638166047,0.2606060606060606,0.04298749577559985,35-55
oulad_BBB_2014J,OULAD,transferred,oviedo_C2024_1415,highest_education,3,0.29876543209876544,0.2816666666666667,0.01709876543209876,Lower Than A Level
oulad_BBB_2014J,OULAD,transferred,oviedo_C2150_1415,gender,2,0.22690763052208834,0.20833333333333334,0.018574297188755,M
oulad_BBB_2014J,OULAD,transferred,oviedo_C2150_1415,imd_band,10,0.28205128205128205,0.12173913043478261,0.16031215161649942,30-40%
oulad_BBB_2014J,OULAD,transferred,oviedo_C2150_1415,disability,2,0.22709551656920077,0.20175438596491227,0.025341130604288498,Y
oulad_BBB_2014J,OULAD,transferred,oviedo_C2150_1415,age_band,2,0.23296158612143741,0.20303030303030303,0.02993128309113438,35-55
oulad_BBB_2014J,OULAD,transferred,oviedo_C2150_1415,highest_education,3,0.23209876543209876,0.1891891891891892,0.04290957624290956,HE Qualification
oulad_BBB_2014J,OULAD,transferred,oviedo_C2271_1415,gender,2,0.39457831325301207,0.3402777777777778,0.05430053547523428,M
oulad_BBB_2014J,OULAD,transferred,oviedo_C2271_1415,imd_band,10,0.43661971830985913,0.3150684931506849,0.12155122515917421,70-80%
oulad_BBB_2014J,OULAD,transferred,oviedo_C2271_1415,disability,2,0.39766081871345027,0.2982456140350877,0.09941520467836257,Y
oulad_BBB_2014J,OULAD,transferred,oviedo_C2271_1415,age_band,2,0.40272614622057,0.3515151515151515,0.05121099470541851,35-55
oulad_BBB_2014J,OULAD,transferred,oviedo_C2271_1415,highest_education,3,0.4144144144144144,0.38,0.034414414414414396,Lower Than A Level
oulad_BBB_2014J,OULAD,transferred,oviedo_C2335_1415,gender,2,0.2359437751004016,0.22916666666666666,0.006777108433734941,M
oulad_BBB_2014J,OULAD,transferred,oviedo_C2335_1415,imd_band,10,0.425531914893617,0.16853932584269662,0.2569925890509204,60-70%
oulad_BBB_2014J,OULAD,transferred,oviedo_C2335_1415,disability,2,0.30701754385964913,0.22709551656920077,0.07992202729044837,N
oulad_BBB_2014J,OULAD,transferred,oviedo_C2335_1415,age_band,2,0.26666666666666666,0.2218091697645601,0.04485749690210655,0-35
oulad_BBB_2014J,OULAD,transferred,oviedo_C2335_1415,highest_education,3,0.24333333333333335,0.22469135802469137,0.018641975308641978,A Level or Equivalent
oulad_BBB_2014J,OULAD,transferred,oviedo_C2406_1415,gender,2,0.3885542168674699,0.3541666666666667,0.034387550200803196,M
oulad_BBB_2014J,OULAD,transferred,oviedo_C2406_1415,imd_band,10,0.43661971830985913,0.34831460674157305,0.08830511156828608,60-70%
oulad_BBB_2014J,OULAD,transferred,oviedo_C2406_1415,disability,2,0.3966861598440546,0.2719298245614035,0.12475633528265107,Y
oulad_BBB_2014J,OULAD,transferred,oviedo_C2406_1415,age_band,2,0.40148698884758366,0.3424242424242424,0.05906274642334125,35-55
oulad_BBB_2014J,OULAD,transferred,oviedo_C2406_1415,highest_education,3,0.40540540540540543,0.37,0.03540540540540543,Lower Than A Level
oulad_BBB_2014J,OULAD,transferred,oviedo_C2468_1415,gender,2,0.39056224899598396,0.3541666666666667,0.03639558232931728,M
oulad_BBB_2014J,OULAD,transferred,oviedo_C2468_1415,imd_band,10,0.410958904109589,0.33707865168539325,0.07388025242419577,60-70%
oulad_BBB_2014J,OULAD,transferred,oviedo_C2468_1415,disability,2,0.3908382066276803,0.34210526315789475,0.04873294346978557,Y
oulad_BBB_2014J,OULAD,transferred,oviedo_C2468_1415,age_band,2,0.40396530359355637,0.3424242424242424,0.06154106116931396,35-55
oulad_BBB_2014J,OULAD,transferred,oviedo_C2468_1415,highest_education,3,0.4144144144144144,0.38,0.034414414414414396,Lower Than A Level
oulad_BBB_2014J,OULAD,transferred,oviedo_C2607_1415,gender,2,0.2708333333333333,0.25100401606425704,0.019829317269076274,F
oulad_BBB_2014J,OULAD,transferred,oviedo_C2607_1415,imd_band,10,0.3404255319148936,0.1643835616438356,0.176041970271058,70-80%
oulad_BBB_2014J,OULAD,transferred,oviedo_C2607_1415,disability,2,0.2807017543859649,0.25048732943469787,0.030214424951267027,N
oulad_BBB_2014J,OULAD,transferred,oviedo_C2607_1415,age_band,2,0.2664188351920694,0.22121212121212122,0.04520671397994816,35-55
oulad_BBB_2014J,OULAD,transferred,oviedo_C2607_1415,highest_education,3,0.27927927927927926,0.24938271604938272,0.029896563229896533,A Level or Equivalent
oulad_BBB_2014J,OULAD,transferred,oviedo_C3022_1415,gender,2,0.17269076305220885,0.1597222222222222,0.012968540829986636,M
oulad_BBB_2014J,OULAD,transferred,oviedo_C3022_1415,imd_band,10,0.23595505617977527,0.1391304347826087,0.09682462139716658,30-40%
oulad_BBB_2014J,OULAD,transferred,oviedo_C3022_1415,disability,2,0.24561403508771928,0.1627680311890838,0.08284600389863547,N
oulad_BBB_2014J,OULAD,transferred,oviedo_C3022_1415,age_band,2,0.19393939393939394,0.1623296158612144,0.03160977807817955,0-35
oulad_BBB_2014J,OULAD,transferred,oviedo_C3022_1415,highest_education,3,0.24324324324324326,0.15666666666666668,0.08657657657657658,Lower Than A Level
oulad_BBB_2014J,OULAD,transferred,oviedo_C3029_1415,gender,2,0.24799196787148595,0.2361111111111111,0.011880856760374842,M
oulad_BBB_2014J,OULAD,transferred,oviedo_C3029_1415,imd_band,10,0.3617021276595745,0.20496894409937888,0.1567331835601956,20-30%
oulad_BBB_2014J,OULAD,transferred,oviedo_C3029_1415,disability,2,0.246588693957115,0.24561403508771928,0.0009746588693957114,Y
oulad_BBB_2014J,OULAD,transferred,oviedo_C3029_1415,age_band,2,0.2515151515151515,0.24411400247831475,0.007401149036836779,0-35
oulad_BBB_2014J,OULAD,transferred,oviedo_C3029_1415,highest_education,3,0.2683333333333333,0.2072072072072072,0.06112612612612611,HE Qualification
oulad_BBB_2014J,OULAD,transferred,oviedo_C4189_1415,gender,2,0.18055555555555555,0.13052208835341367,0.050033467202141885,F
oulad_BBB_2014J,OULAD,transferred,oviedo_C4189_1415,imd_band,10,0.19130434782608696,0.06837606837606838,0.12292827945001858,50-60%
oulad_BBB_2014J,OULAD,transferred,oviedo_C4189_1415,disability,2,0.21929824561403508,0.1276803118908382,0.09161793372319688,N
oulad_BBB_2014J,OULAD,transferred,oviedo_C4189_1415,age_band,2,0.20303030303030303,0.10780669144981413,0.0952236115804889,0-35
oulad_BBB_2014J,OULAD,transferred,oviedo_C4189_1415,highest_education,3,0.16216216216216217,0.13580246913580246,0.02635969302635971,A Level or Equivalent
oulad_BBB_2014J,OULAD,transferred,oviedo_C4213_1415,gender,2,0.2289156626506024,0.2152777777777778,0.013637884872824607,M
oulad_BBB_2014J,OULAD,transferred,oviedo_C4213_1415,imd_band,10,0.3150684931506849,0.1565217391304348,0.15854675402025012,30-40%
oulad_BBB_2014J,OULAD,transferred,oviedo_C4213_1415,disability,2,0.22807017543859648,0.22709551656920077,0.0009746588693957114,N
oulad_BBB_2014J,OULAD,transferred,oviedo_C4213_1415,age_band,2,0.22800495662949194,0.22424242424242424,0.0037625323870676963,35-55
oulad_BBB_2014J,OULAD,transferred,oviedo_C4213_1415,highest_education,3,0.25225225225225223,0.21481481481481482,0.03743743743743741,A Level or Equivalent
oulad_BBB_2014J,OULAD,transferred,oviedo_C836_1415,gender,2,0.38755020080321284,0.3472222222222222,0.04032797858099063,M
oulad_BBB_2014J,OULAD,transferred,oviedo_C836_1415,imd_band,10,0.4519774011299435,0.3150684931506849,0.1369089079792586,70-80%
oulad_BBB_2014J,OULAD,transferred,oviedo_C836_1415,disability,2,0.3898635477582846,0.3157894736842105,0.07407407407407407,Y
oulad_BBB_2014J,OULAD,transferred,oviedo_C836_1415,age_band,2,0.3965303593556382,0.3484848484848485,0.048045510870789676,35-55
oulad_BBB_2014J,OULAD,transferred,oviedo_C836_1415,highest_education,3,0.4144144144144144,0.3654320987654321,0.04898231564898231,A Level or Equivalent
oulad_CCC_2014B,OULAD,local,oulad_CCC_2014B,gender,2,0.3250883392226148,0.29797979797979796,0.027108541242816864,M
oulad_CCC_2014B,OULAD,local,oulad_CCC_2014B,imd_band,10,0.33070866141732286,0.2545454545454545,0.07616320687186834,80-90%
oulad_CCC_2014B,OULAD,local,oulad_CCC_2014B,disability,2,0.3305084745762712,0.3012987012987013,0.029209773277569906,N
oulad_CCC_2014B,OULAD,local,oulad_CCC_2014B,age_band,2,0.31528662420382164,0.29936974789915966,0.015916876304661987,0-35
oulad_CCC_2014B,OULAD,local,oulad_CCC_2014B,highest_education,3,0.3080357142857143,0.28688524590163933,0.021150468384074972,HE Qualification
oulad_CCC_2014B,OULAD,transferred,ku_Accountancy_1819,gender,2,0.18484848484848485,0.1625441696113074,0.022304315237177436,F
oulad_CCC_2014B,OULAD,transferred,ku_Accountancy_1819,imd_band,10,0.23157894736842105,0.13385826771653545,0.0977206796518856,0-10%
oulad_CCC_2014B,OULAD,transferred,ku_Accountancy_1819,disability,2,0.1864406779661017,0.17922077922077922,0.007219898745322473,N
oulad_CCC_2014B,OULAD,transferred,ku_Accountancy_1819,age_band,2,0.19012605042016806,0.1464968152866242,0.04362923513354386,35-55
oulad_CCC_2014B,OULAD,transferred,ku_Accountancy_1819,highest_education,3,0.19196428571428573,0.1721311475409836,0.019833138173302123,HE Qualification
oulad_CCC_2014B,OULAD,transferred,ku_Globaleconom_1819,gender,2,0.30742049469964666,0.28383838383838383,0.02358211086126283,M
oulad_CCC_2014B,OULAD,transferred,ku_Globaleconom_1819,imd_band,10,0.36666666666666664,0.21818181818181817,0.14848484848484847,80-90%
oulad_CCC_2014B,OULAD,transferred,ku_Globaleconom_1819,disability,2,0.3135593220338983,0.2865800865800866,0.0269792354538117,N
oulad_CCC_2014B,OULAD,transferred,ku_Globaleconom_1819,age_band,2,0.28991596638655465,0.2898089171974522,0.00010704918910242611,35-55
oulad_CCC_2014B,OULAD,transferred,ku_Globaleconom_1819,highest_education,3,0.3013392857142857,0.2786885245901639,0.022650761124121788,HE Qualification
oulad_CCC_2014B,OULAD,transferred,ku_Accountancy_1920,gender,2,0.1393939393939394,0.13074204946996468,0.008651889923974726,F
oulad_CCC_2014B,OULAD,transferred,ku_Accountancy_1920,imd_band,10,0.18333333333333332,0.08176100628930817,0.10157232704402515,20-30%
oulad_CCC_2014B,OULAD,transferred,ku_Accountancy_1920,disability,2,0.13852813852813853,0.1271186440677966,0.011409494460341923,Y
oulad_CCC_2014B,OULAD,transferred,ku_Accountancy_1920,age_band,2,0.13970588235294118,0.1337579617834395,0.005947920569501691,35-55
oulad_CCC_2014B,OULAD,transferred,ku_Accountancy_1920,highest_education,3,0.15942028985507245,0.11160714285714286,0.04781314699792959,Lower Than A Level
oulad_CCC_2014B,OULAD,transferred,ku_Globaleconom_1920,gender,2,0.25555555555555554,0.2332155477031802,0.022340007852375332,F
oulad_CCC_2014B,OULAD,transferred,ku_Globaleconom_1920,imd_band,10,0.30701754385964913,0.19327731092436976,0.11374023293527938,10-20
oulad_CCC_2014B,OULAD,transferred,ku_Globaleconom_1920,disability,2,0.2528138528138528,0.2288135593220339,0.024000293491818925,Y
oulad_CCC_2014B,OULAD,transferred,ku_Globaleconom_1920,age_band,2,0.25840336134453784,0.22611464968152867,0.03228871166300917,35-55
oulad_CCC_2014B,OULAD,transferred,ku_Globaleconom_1920,highest_education,3,0.2581967213114754,0.24456521739130435,0.013631503920171067,A Level or Equivalent
oulad_CCC_2014B,OULAD,transferred,ku_Accountancy_2021,gender,2,0.22828282828282828,0.20848056537102475,0.019802262911803536,F
oulad_CCC_2014B,OULAD,transferred,ku_Accountancy_2021,imd_band,10,0.2982456140350877,0.14414414414414414,0.15410146989094356,70-80%
oulad_CCC_2014B,OULAD,transferred,ku_Accountancy_2021,disability,2,0.22943722943722944,0.1694915254237288,0.059945704013500634,Y
oulad_CCC_2014B,OULAD,transferred,ku_Accountancy_2021,age_band,2,0.23109243697478993,0.20382165605095542,0.027270780923834503,35-55
oulad_CCC_2014B,OULAD,transferred,ku_Accountancy_2021,highest_education,3,0.24107142857142858,0.20901639344262296,0.032055035128805615,HE Qualification
oulad_CCC_2014B,OULAD,transferred,ku_Globaleconom_2021,gender,2,0.303886925795053,0.2808080808080808,0.023078844986972213,M
oulad_CCC_2014B,OULAD,transferred,ku_Globaleconom_2021,imd_band,10,0.3333333333333333,0.23636363636363636,0.09696969696969696,80-90%
oulad_CCC_2014B,OULAD,transferred,ku_Globaleconom_2021,disability,2,0.3728813559322034,0.27705627705627706,0.09582507887592634,N
oulad_CCC_2014B,OULAD,transferred,ku_Globaleconom_2021,age_band,2,0.2898089171974522,0.2857142857142857,0.004094631483166522,0-35
oulad_CCC_2014B,OULAD,transferred,ku_Globaleconom_2021,highest_education,3,0.3061594202898551,0.2540983606557377,0.05206105963411739,HE Qualification
oulad_CCC_2014B,OULAD,transferred,ukzn_ISTN101_2019,gender,2,0.31802120141342755,0.2797979797979798,0.03822322161544772,M
oulad_CCC_2014B,OULAD,transferred,ukzn_ISTN101_2019,imd_band,10,0.38333333333333336,0.23636363636363636,0.146969696969697,80-90%
oulad_CCC_2014B,OULAD,transferred,ukzn_ISTN101_2019,disability,2,0.3050847457627119,0.2865800865800866,0.018504659182625283,N
oulad_CCC_2014B,OULAD,transferred,ukzn_ISTN101_2019,age_band,2,0.2898089171974522,0.2867647058823529,0.003044211315099299,0-35
oulad_CCC_2014B,OULAD,transferred,ukzn_ISTN101_2019,highest_education,3,0.302536231884058,0.27232142857142855,0.030214803312629435,Lower Than A Level
oulad_CCC_2014B,OULAD,transferred,ukzn_ISTN101_2020,gender,2,0.2696969696969697,0.26148409893992935,0.008212870757040358,F
oulad_CCC_2014B,OULAD,transferred,ukzn_ISTN101_2020,imd_band,10,0.32608695652173914,0.22137404580152673,0.10471291072021241,30-40%
oulad_CCC_2014B,OULAD,transferred,ukzn_ISTN101_2020,disability,2,0.2683982683982684,0.2627118644067797,0.005686403991488731,Y
oulad_CCC_2014B,OULAD,transferred,ukzn_ISTN101_2020,age_band,2,0.2770700636942675,0.2647058823529412,0.01236418134132633,0-35
oulad_CCC_2014B,OULAD,transferred,ukzn_ISTN101_2020,highest_education,3,0.3237704918032787,0.2463768115942029,0.0773936802090758,A Level or Equivalent
oulad_CCC_2014B,OULAD,transferred,ukzn_ISTN101_2021,gender,2,0.31095406360424027,0.296969696969697,0.013984366634543277,M
oulad_CCC_2014B,OULAD,transferred,ukzn_ISTN101_2021,imd_band,10,0.36936936936936937,0.2543859649122807,0.11498340445708866,60-70%
oulad_CCC_2014B,OULAD,transferred,ukzn_ISTN101_2021,disability,2,0.3728813559322034,0.29264069264069265,0.08024066329151075,N
oulad_CCC_2014B,OULAD,transferred,ukzn_ISTN101_2021,age_band,2,0.3077731092436975,0.2802547770700637,0.027518332173633808,35-55
oulad_CCC_2014B,OULAD,transferred,ukzn_ISTN101_2021,highest_education,3,0.3188405797101449,0.27049180327868855,0.04834877643145635,HE Qualification
oulad_CCC_2014B,OULAD,transferred,ukzn_ISTN102_2018,gender,2,0.33568904593639576,0.2898989898989899,0.04579005603740588,M
oulad_CCC_2014B,OULAD,transferred,ukzn_ISTN102_2018,imd_band,10,0.375,0.24545454545454545,0.12954545454545455,80-90%
oulad_CCC_2014B,OULAD,transferred,ukzn_ISTN102_2018,disability,2,0.3474576271186441,0.29523809523809524,0.05221953188054884,N
oulad_CCC_2014B,OULAD,transferred,ukzn_ISTN102_2018,age_band,2,0.30254777070063693,0.3004201680672269,0.002127602633410053,0-35
oulad_CCC_2014B,OULAD,transferred,ukzn_ISTN102_2018,highest_education,3,0.3170289855072464,0.28688524590163933,0.030143739605607067,HE Qualification
oulad_CCC_2014B,OULAD,transferred,ukzn_ISTN103_2019,gender,2,0.31802120141342755,0.2868686868686869,0.03115251454474066,M
oulad_CCC_2014B,OULAD,transferred,ukzn_ISTN103_2019,imd_band,10,0.37735849056603776,0.21052631578947367,0.1668321747765641,60-70%
oulad_CCC_2014B,OULAD,transferred,ukzn_ISTN103_2019,disability,2,0.3474576271186441,0.2883116883116883,0.05914593880695579,N
oulad_CCC_2014B,OULAD,transferred,ukzn_ISTN103_2019,age_band,2,0.2930672268907563,0.2929936305732484,7.359631750791795e-05,35-55
oulad_CCC_2014B,OULAD,transferred,ukzn_ISTN103_2019,highest_education,3,0.3236607142857143,0.2608695652173913,0.062791149068323,A Level or Equivalent
oulad_CCC_2014B,OULAD,transferred,ukzn_ISTN103_2020,gender,2,0.3215547703180212,0.295959595959596,0.025595174358425232,M
oulad_CCC_2014B,OULAD,transferred,ukzn_ISTN103_2020,imd_band,10,0.3416666666666667,0.21818181818181817,0.1234848484848485,80-90%
oulad_CCC_2014B,OULAD,transferred,ukzn_ISTN103_2020,disability,2,0.3813559322033898,0.2935064935064935,0.08784943869689632,N
oulad_CCC_2014B,OULAD,transferred,ukzn_ISTN103_2020,age_band,2,0.3067226890756303,0.2898089171974522,0.016913771878178052,35-55
oulad_CCC_2014B,OULAD,transferred,ukzn_ISTN103_2020,highest_education,3,0.3188405797101449,0.28688524590163933,0.03195533380850557,HE Qualification
oulad_CCC_2014B,OULAD,transferred,ukzn_ISTN211_2019,gender,2,0.24848484848484848,0.22968197879858657,0.018802869686261908,F
oulad_CCC_2014B,OULAD,transferred,ukzn_ISTN211_2019,imd_band,10,0.28421052631578947,0.18110236220472442,0.10310816411106505,0-10%
oulad_CCC_2014B,OULAD,transferred,ukzn_ISTN211_2019,disability,2,0.2796610169491525,0.24069264069264068,0.03896837625651184,N
oulad_CCC_2014B,OULAD,transferred,ukzn_ISTN211_2019,age_band,2,0.24789915966386555,0.23248407643312102,0.01541508323074453,35-55
oulad_CCC_2014B,OULAD,transferred,ukzn_ISTN211_2019,highest_education,3,0.2544642857142857,0.23007246376811594,0.02439182194616976,A Level or Equivalent
oulad_CCC_2014B,OULAD,transferred,ukzn_ISTN211_2021,gender,2,0.30742049469964666,0.301010101010101,0.006410393689545657,M
oulad_CCC_2014B,OULAD,transferred,ukzn_ISTN211_2021,imd_band,10,0.38333333333333336,0.24545454545454545,0.1378787878787879,80-90%
oulad_CCC_2014B,OULAD,transferred,ukzn_ISTN211_2021,disability,2,0.3474576271186441,0.29783549783549784,0.049622129283146243,N
oulad_CCC_2014B,OULAD,transferred,ukzn_ISTN211_2021,age_band,2,0.31407563025210083,0.27070063694267515,0.04337499330942568,35-55
oulad_CCC_2014B,OULAD,transferred,ukzn_ISTN211_2021,highest_education,3,0.3333333333333333,0.2581967213114754,0.0751366120218579,HE Qualification
oulad_CCC_2014B,OULAD,transferred,ukzn_ISTN212_2018,gender,2,0.3250883392226148,0.28888888888888886,0.03619945033372596,M
oulad_CCC_2014B,OULAD,transferred,ukzn_ISTN212_2018,imd_band,10,0.35,0.24545454545454545,0.10454545454545452,80-90%
oulad_CCC_2014B,OULAD,transferred,ukzn_ISTN212_2018,disability,2,0.3135593220338983,0.29523809523809524,0.01832122679580306,N
oulad_CCC_2014B,OULAD,transferred,ukzn_ISTN212_2018,age_band,2,0.31528662420382164,0.2920168067226891,0.02326981748113255,0-35
oulad_CCC_2014B,OULAD,transferred,ukzn_ISTN212_2018,highest_education,3,0.3114754098360656,0.28794642857142855,0.02352898126463704,Lower Than A Level
oulad_CCC_2014B,OULAD,transferred,ukzn_ISTN212_2019,gender,2,0.31448763250883394,0.298989898989899,0.015497733518934964,M
oulad_CCC_2014B,OULAD,transferred,ukzn_ISTN212_2019,imd_band,10,0.4166666666666667,0.20909090909090908,0.2075757575757576,80-90%
oulad_CCC_2014B,OULAD,transferred,ukzn_ISTN212_2019,disability,2,0.3644067796610169,0.2961038961038961,0.06830288355712083,N
oulad_CCC_2014B,OULAD,transferred,ukzn_ISTN212_2019,age_band,2,0.30987394957983194,0.28343949044585987,0.026434459133972077,35-55
oulad_CCC_2014B,OULAD,transferred,ukzn_ISTN212_2019,highest_education,3,0.3188405797101449,0.28688524590163933,0.03195533380850557,HE Qualification
oulad_CCC_2014B,OULAD,transferred,ukzn_ISTN2IP_2018,gender,2,0.33568904593639576,0.2868686868686869,0.048820359067708874,M
oulad_CCC_2014B,OULAD,transferred,ukzn_ISTN2IP_2018,imd_band,10,0.39166666666666666,0.19090909090909092,0.20075757575757575,80-90%
oulad_CCC_2014B,OULAD,transferred,ukzn_ISTN2IP_2018,disability,2,0.3305084745762712,0.2943722943722944,0.0361361802039768,N
oulad_CCC_2014B,OULAD,transferred,ukzn_ISTN2IP_2018,age_band,2,0.3014705882352941,0.2898089171974522,0.01166167103784188,35-55
oulad_CCC_2014B,OULAD,transferred,ukzn_ISTN2IP_2018,highest_education,3,0.3237704918032787,0.286231884057971,0.037538607745307706,A Level or Equivalent
oulad_CCC_2014B,OULAD,transferred,ukzn_ISTN2IP_2019,gender,2,0.24545454545454545,0.24028268551236748,0.005171859942177975,F
oulad_CCC_2014B,OULAD,transferred,ukzn_ISTN2IP_2019,imd_band,10,0.34545454545454546,0.183206106870229,0.16224843858431645,30-40%
oulad_CCC_2014B,OULAD,transferred,ukzn_ISTN2IP_2019,disability,2,0.3050847457627119,0.23809523809523808,0.0669895076674738,N
oulad_CCC_2014B,OULAD,transferred,ukzn_ISTN2IP_2019,age_band,2,0.25796178343949044,0.23844537815126052,0.019516405288229927,0-35
oulad_CCC_2014B,OULAD,transferred,ukzn_ISTN2IP_2019,highest_education,3,0.26639344262295084,0.23883928571428573,0.02755415690866511,Lower Than A Level
oulad_CCC_2014B,OULAD,transferred,ukzn_ISTN3ND_2018,gender,2,0.3321554770318021,0.2797979797979798,0.05235749723382227,M
oulad_CCC_2014B,OULAD,transferred,ukzn_ISTN3ND_2018,imd_band,10,0.36666666666666664,0.2,0.16666666666666663,80-90%
oulad_CCC_2014B,OULAD,transferred,ukzn_ISTN3ND_2018,disability,2,0.3389830508474576,0.2865800865800866,0.05240296426737101,N
oulad_CCC_2014B,OULAD,transferred,ukzn_ISTN3ND_2018,age_band,2,0.2961783439490446,0.28991596638655465,0.006262377562489929,0-35
oulad_CCC_2014B,OULAD,transferred,ukzn_ISTN3ND_2018,highest_education,3,0.302536231884058,0.26639344262295084,0.036142789261107144,HE Qualification
oulad_CCC_2014B,OULAD,transferred,ukzn_ISTN3ND_2019,gender,2,0.3392226148409894,0.27575757575757576,0.06346503908341367,M
oulad_CCC_2014B,OULAD,transferred,ukzn_ISTN3ND_2019,imd_band,10,0.36666666666666664,0.18181818181818182,0.18484848484848482,80-90%
oulad_CCC_2014B,OULAD,transferred,ukzn_ISTN3ND_2019,disability,2,0.3559322033898305,0.2831168831168831,0.0728153202729474,N
oulad_CCC_2014B,OULAD,transferred,ukzn_ISTN3ND_2019,age_band,2,0.2961783439490446,0.28886554621848737,0.007312797730557208,0-35
oulad_CCC_2014B,OULAD,transferred,ukzn_ISTN3ND_2019,highest_education,3,0.3061594202898551,0.2767857142857143,0.029373706004140798,Lower Than A Level
oulad_CCC_2014B,OULAD,transferred,ukzn_ISTN3SA_2018,gender,2,0.1494949494949495,0.12367491166077739,0.025820037834172097,F
oulad_CCC_2014B,OULAD,transferred,ukzn_ISTN3SA_2018,imd_band,10,0.18421052631578946,0.10687022900763359,0.07734029730815588,30-40%
oulad_CCC_2014B,OULAD,transferred,ukzn_ISTN3SA_2018,disability,2,0.14805194805194805,0.1016949152542373,0.04635703279771075,Y
oulad_CCC_2014B,OULAD,transferred,ukzn_ISTN3SA_2018,age_band,2,0.18789808917197454,0.12920168067226892,0.058696408499705616,0-35
oulad_CCC_2014B,OULAD,transferred,ukzn_ISTN3SA_2018,highest_education,3,0.1680327868852459,0.1286231884057971,0.039409598479448804,A Level or Equivalent
oulad_CCC_2014B,OULAD,transferred,ukzn_ISTN3SA_2019,gender,2,0.2606060606060606,0.2332155477031802,0.027390512902880415,F
oulad_CCC_2014B,OULAD,transferred,ukzn_ISTN3SA_2019,imd_band,10,0.3181818181818182,0.1891891891891892,0.12899262899262898,70-80%
oulad_CCC_2014B,OULAD,transferred,ukzn_ISTN3SA_2019,disability,2,0.2554112554112554,0.2457627118644068,0.009648543546848631,Y
oulad_CCC_2014B,OULAD,transferred,ukzn_ISTN3SA_2019,age_band,2,0.267515923566879,0.24894957983193278,0.0185663437349462,0-35
oulad_CCC_2014B,OULAD,transferred,ukzn_ISTN3SA_2019,highest_education,3,0.27232142857142855,0.23731884057971014,0.035002587991718404,A Level or Equivalent
oulad_CCC_2014B,OULAD,transferred,zambia_ICT1110_2020,gender,2,0.19595959595959597,0.19434628975265017,0.0016133062069458026,F
oulad_CCC_2014B,OULAD,transferred,zambia_ICT1110_2020,imd_band,10,0.23333333333333334,0.15126050420168066,0.08207282913165267,10-20
oulad_CCC_2014B,OULAD,transferred,zambia_ICT1110_2020,disability,2,0.1974025974025974,0.17796610169491525,0.01943649570768216,Y
oulad_CCC_2014B,OULAD,transferred,zambia_ICT1110_2020,age_band,2,0.22611464968152867,0.18382352941176472,0.04229112026976395,0-35
oulad_CCC_2014B,OULAD,transferred,zambia_ICT1110_2020,highest_education,3,0.22950819672131148,0.17857142857142858,0.050936768149882905,Lower Than A Level
oulad_CCC_2014B,OULAD,transferred,zambia_ICT1110_2021,gender,2,0.22323232323232323,0.1872791519434629,0.03595317128886033,F
oulad_CCC_2014B,OULAD,transferred,zambia_ICT1110_2021,imd_band,10,0.2818181818181818,0.16216216216216217,0.11965601965601963,70-80%
oulad_CCC_2014B,OULAD,transferred,zambia_ICT1110_2021,disability,2,0.21818181818181817,0.1864406779661017,0.031741140215716473,Y
oulad_CCC_2014B,OULAD,transferred,zambia_ICT1110_2021,age_band,2,0.2184873949579832,0.2070063694267516,0.011481025531231592,35-55
oulad_CCC_2014B,OULAD,transferred,zambia_ICT1110_2021,highest_education,3,0.23550724637681159,0.19419642857142858,0.04131081780538301,Lower Than A Level
oulad_CCC_2014B,OULAD,transferred,oviedo_C1112_1415,gender,2,0.33568904593639576,0.2919191919191919,0.043769854017203846,M
oulad_CCC_2014B,OULAD,transferred,oviedo_C1112_1415,imd_band,10,0.375,0.2,0.175,80-90%
oulad_CCC_2014B,OULAD,transferred,oviedo_C1112_1415,disability,2,0.3474576271186441,0.296969696969697,0.05048793014894709,N
oulad_CCC_2014B,OULAD,transferred,oviedo_C1112_1415,age_band,2,0.3067226890756303,0.2929936305732484,0.013729058502381875,35-55
oulad_CCC_2014B,OULAD,transferred,oviedo_C1112_1415,highest_education,3,0.31473214285714285,0.28688524590163933,0.02784689695550352,HE Qualification
oulad_CCC_2014B,OULAD,transferred,oviedo_C1127_1415,gender,2,0.28888888888888886,0.26501766784452296,0.023871221044365898,F
oulad_CCC_2014B,OULAD,transferred,oviedo_C1127_1415,imd_band,10,0.33858267716535434,0.24545454545454545,0.09312813171080889,80-90%
oulad_CCC_2014B,OULAD,transferred,oviedo_C1127_1415,disability,2,0.3050847457627119,0.2813852813852814,0.02369946437743048,N
oulad_CCC_2014B,OULAD,transferred,oviedo_C1127_1415,age_band,2,0.29096638655462187,0.25796178343949044,0.033004603115131426,35-55
oulad_CCC_2014B,OULAD,transferred,oviedo_C1127_1415,highest_education,3,0.29464285714285715,0.25,0.04464285714285715,HE Qualification
oulad_CCC_2014B,OULAD,transferred,oviedo_C1200_1415,gender,2,0.2826855123674912,0.2727272727272727,0.00995823964021847,M
oulad_CCC_2014B,OULAD,transferred,oviedo_C1200_1415,imd_band,10,0.34782608695652173,0.19090909090909092,0.1569169960474308,80-90%
oulad_CCC_2014B,OULAD,transferred,oviedo_C1200_1415,disability,2,0.3135593220338983,0.270995670995671,0.04256365103822729,N
oulad_CCC_2014B,OULAD,transferred,oviedo_C1200_1415,age_band,2,0.28991596638655465,0.22929936305732485,0.0606166033292298,35-55
oulad_CCC_2014B,OULAD,transferred,oviedo_C1200_1415,highest_education,3,0.28348214285714285,0.2581967213114754,0.02528542154566743,HE Qualification
oulad_CCC_2014B,OULAD,transferred,oviedo_C1303_1415,gender,2,0.33568904593639576,0.2797979797979798,0.055891066138415935,M
oulad_CCC_2014B,OULAD,transferred,oviedo_C1303_1415,imd_band,10,0.38333333333333336,0.2318840579710145,0.15144927536231886,50-60%
oulad_CCC_2014B,OULAD,transferred,oviedo_C1303_1415,disability,2,0.3644067796610169,0.28484848484848485,0.07955829481253207,N
oulad_CCC_2014B,OULAD,transferred,oviedo_C1303_1415,age_band,2,0.3014705882352941,0.2643312101910828,0.0371393780442113,35-55
oulad_CCC_2014B,OULAD,transferred,oviedo_C1303_1415,highest_education,3,0.29910714285714285,0.2827868852459016,0.01632025761124123,HE Qualification
oulad_CCC_2014B,OULAD,transferred,oviedo_C174_1415,gender,2,0.254416961130742,0.20606060606060606,0.04835635507013597,M
oulad_CCC_2014B,OULAD,transferred,oviedo_C174_1415,imd_band,10,0.2736842105263158,0.08403361344537816,0.18965059708093765,10-20
oulad_CCC_2014B,OULAD,transferred,oviedo_C174_1415,disability,2,0.21991341991341992,0.1864406779661017,0.033472741947318224,Y
oulad_CCC_2014B,OULAD,transferred,oviedo_C174_1415,age_band,2,0.4394904458598726,0.13865546218487396,0.30083498367499867,0-35
oulad_CCC_2014B,OULAD,transferred,oviedo_C174_1415,highest_education,3,0.29918032786885246,0.19202898550724637,0.10715134236160609,A Level or Equivalent
oulad_CCC_2014B,OULAD,transferred,oviedo_C190_1415,gender,2,0.21212121212121213,0.1519434628975265,0.06017774922368563,F
oulad_CCC_2014B,OULAD,transferred,oviedo_C190_1415,imd_band,10,0.2727272727272727,0.15748031496062992,0.11524695776664279,0-10%
oulad_CCC_2014B,OULAD,transferred,oviedo_C190_1415,disability,2,0.20346320346320346,0.15254237288135594,0.050920830581847515,Y
oulad_CCC_2014B,OULAD,transferred,oviedo_C190_1415,age_band,2,0.20693277310924368,0.1751592356687898,0.031773537440453886,35-55
oulad_CCC_2014B,OULAD,transferred,oviedo_C190_1415,highest_education,3,0.20982142857142858,0.1680327868852459,0.04178864168618268,HE Qualification
oulad_CCC_2014B,OULAD,transferred,oviedo_C1978_1415,gender,2,0.14343434343434344,0.13074204946996468,0.012692293964378765,F
oulad_CCC_2014B,OULAD,transferred,oviedo_C1978_1415,imd_band,10,0.18840579710144928,0.0990990990990991,0.08930669800235018,70-80%
oulad_CCC_2014B,OULAD,transferred,oviedo_C1978_1415,disability,2,0.1694915254237288,0.13766233766233765,0.03182918776139115,N
oulad_CCC_2014B,OULAD,transferred,oviedo_C1978_1415,age_band,2,0.1751592356687898,0.12920168067226892,0.04595755499652088,0-35
oulad_CCC_2014B,OULAD,transferred,oviedo_C1978_1415,highest_education,3,0.14732142857142858,0.13524590163934427,0.012075526932084302,HE Qualification
oulad_CCC_2014B,OULAD,transferred,oviedo_C2011_1415,gender,2,0.27208480565371024,0.23737373737373738,0.03471106827997286,M
oulad_CCC_2014B,OULAD,transferred,oviedo_C2011_1415,imd_band,10,0.2857142857142857,0.1956521739130435,0.09006211180124221,50-60%
oulad_CCC_2014B,OULAD,transferred,oviedo_C2011_1415,disability,2,0.2542372881355932,0.24415584415584415,0.010081443979749055,N
oulad_CCC_2014B,OULAD,transferred,oviedo_C2011_1415,age_band,2,0.2611464968152866,0.23739495798319327,0.023751538832093355,0-35
oulad_CCC_2014B,OULAD,transferred,oviedo_C2011_1415,highest_education,3,0.26229508196721313,0.2210144927536232,0.04128058921358993,A Level or Equivalent
oulad_CCC_2014B,OULAD,transferred,oviedo_C2024_1415,gender,2,0.303886925795053,0.2686868686868687,0.0352000571081843,M
oulad_CCC_2014B,OULAD,transferred,oviedo_C2024_1415,imd_band,10,0.33070866141732286,0.2,0.13070866141732285,80-90%
oulad_CCC_2014B,OULAD,transferred,oviedo_C2024_1415,disability,2,0.2779220779220779,0.2627118644067797,0.015210213515298221,Y
oulad_CCC_2014B,OULAD,transferred,oviedo_C2024_1415,age_band,2,0.2770700636942675,0.2762605042016807,0.0008095594925868199,0-35
oulad_CCC_2014B,OULAD,transferred,oviedo_C2024_1415,highest_education,3,0.2857142857142857,0.2540983606557377,0.03161592505854799,HE Qualification
oulad_CCC_2014B,OULAD,transferred,oviedo_C2150_1415,gender,2,0.29393939393939394,0.27208480565371024,0.021854588285683707,F
oulad_CCC_2014B,OULAD,transferred,oviedo_C2150_1415,imd_band,10,0.3858267716535433,0.21052631578947367,0.17530045586406962,60-70%
oulad_CCC_2014B,OULAD,transferred,oviedo_C2150_1415,disability,2,0.3559322033898305,0.28225108225108225,0.07368112113874825,N
oulad_CCC_2014B,OULAD,transferred,oviedo_C2150_1415,age_band,2,0.30987394957983194,0.22611464968152867,0.08375929989830327,35-55
oulad_CCC_2014B,OULAD,transferred,oviedo_C2150_1415,highest_education,3,0.3169642857142857,0.23770491803278687,0.07925936768149883,HE Qualification
oulad_CCC_2014B,OULAD,transferred,oviedo_C2271_1415,gender,2,0.31802120141342755,0.29292929292929293,0.025091908484134617,M
oulad_CCC_2014B,OULAD,transferred,oviedo_C2271_1415,imd_band,10,0.4083333333333333,0.20909090909090908,0.19924242424242425,80-90%
oulad_CCC_2014B,OULAD,transferred,oviedo_C2271_1415,disability,2,0.3644067796610169,0.2917748917748918,0.07263188788612512,N
oulad_CCC_2014B,OULAD,transferred,oviedo_C2271_1415,age_band,2,0.3067226890756303,0.2770700636942675,0.029652625381362763,35-55
oulad_CCC_2014B,OULAD,transferred,oviedo_C2271_1415,highest_education,3,0.3061594202898551,0.2827868852459016,0.02337253504395348,HE Qualification
oulad_CCC_2014B,OULAD,transferred,oviedo_C2335_1415,gender,2,0.2756183745583039,0.2676767676767677,0.007941606881536223,M
oulad_CCC_2014B,OULAD,transferred,oviedo_C2335_1415,imd_band,10,0.33962264150943394,0.15,0.18962264150943395,40-50%
oulad_CCC_2014B,OULAD,transferred,oviedo_C2335_1415,disability,2,0.2966101694915254,0.26666666666666666,0.029943502824858748,N
oulad_CCC_2014B,OULAD,transferred,oviedo_C2335_1415,age_band,2,0.2804621848739496,0.2356687898089172,0.04479339506503238,35-55
oulad_CCC_2014B,OULAD,transferred,oviedo_C2335_1415,highest_education,3,0.3080357142857143,0.2391304347826087,0.0689052795031056,A Level or Equivalent
oulad_CCC_2014B,OULAD,transferred,oviedo_C2406_1415,gender,2,0.3321554770318021,0.2919191919191919,0.04023628511261018,M
oulad_CCC_2014B,OULAD,transferred,oviedo_C2406_1415,imd_band,10,0.35833333333333334,0.19090909090909092,0.16742424242424242,80-90%
oulad_CCC_2014B,OULAD,transferred,oviedo_C2406_1415,disability,2,0.3305084745762712,0.29783549783549784,0.03267297674077335,N
oulad_CCC_2014B,OULAD,transferred,oviedo_C2406_1415,age_band,2,0.30567226890756305,0.28662420382165604,0.019048065085907007,35-55
oulad_CCC_2014B,OULAD,transferred,oviedo_C2406_1415,highest_education,3,0.3125,0.29508196721311475,0.01741803278688525,HE Qualification
oulad_CCC_2014B,OULAD,transferred,oviedo_C2468_1415,gender,2,0.3392226148409894,0.2909090909090909,0.04831352393189853,M
oulad_CCC_2014B,OULAD,transferred,oviedo_C2468_1415,imd_band,10,0.375,0.20909090909090908,0.16590909090909092,80-90%
oulad_CCC_2014B,OULAD,transferred,oviedo_C2468_1415,disability,2,0.3644067796610169,0.29523809523809524,0.06916868442292168,N
oulad_CCC_2014B,OULAD,transferred,oviedo_C2468_1415,age_band,2,0.30357142857142855,0.29936305732484075,0.004208371246587794,35-55
oulad_CCC_2014B,OULAD,transferred,oviedo_C2468_1415,highest_education,3,0.31026785714285715,0.3007246376811594,0.009543219461697727,A Level or Equivalent
oulad_CCC_2014B,OULAD,transferred,oviedo_C2607_1415,gender,2,0.2292929292929293,0.2226148409893993,0.006678088303530005,F
oulad_CCC_2014B,OULAD,transferred,oviedo_C2607_1415,imd_band,10,0.30708661417322836,0.15454545454545454,0.15254115962777381,80-90%
oulad_CCC_2014B,OULAD,transferred,oviedo_C2607_1415,disability,2,0.2354978354978355,0.15254237288135594,0.08295546261647957,Y
oulad_CCC_2014B,OULAD,transferred,oviedo_C2607_1415,age_band,2,0.25210084033613445,0.15286624203821655,0.09923459829791789,35-55
oulad_CCC_2014B,OULAD,transferred,oviedo_C2607_1415,highest_education,3,0.25,0.2210144927536232,0.0289855072463768,A Level or Equivalent
oulad_CCC_2014B,OULAD,transferred,oviedo_C3022_1415,gender,2,0.24734982332155478,0.19696969696969696,0.05038012635185782,M
oulad_CCC_2014B,OULAD,transferred,oviedo_C3022_1415,imd_band,10,0.25157232704402516,0.1732283464566929,0.07834398058733225,0-10%
oulad_CCC_2014B,OULAD,transferred,oviedo_C3022_1415,disability,2,0.2796610169491525,0.20086580086580086,0.07879521608335166,N
oulad_CCC_2014B,OULAD,transferred,oviedo_C3022_1415,age_band,2,0.22611464968152867,0.2027310924369748,0.023383557244553876,0-35
oulad_CCC_2014B,OULAD,transferred,oviedo_C3022_1415,highest_education,3,0.21651785714285715,0.19927536231884058,0.017242494824016574,A Level or Equivalent
oulad_CCC_2014B,OULAD,transferred,oviedo_C3029_1415,gender,2,0.254416961130742,0.2474747474747475,0.006942213655994539,M
oulad_CCC_2014B,OULAD,transferred,oviedo_C3029_1415,imd_band,10,0.3090909090909091,0.20610687022900764,0.10298403886190144,30-40%
oulad_CCC_2014B,OULAD,transferred,oviedo_C3029_1415,disability,2,0.2542372881355932,0.24848484848484848,0.005752439650744734,N
oulad_CCC_2014B,OULAD,transferred,oviedo_C3029_1415,age_band,2,0.25315126050420167,0.2356687898089172,0.01748247069528447,35-55
oulad_CCC_2014B,OULAD,transferred,oviedo_C3029_1415,highest_education,3,0.2536231884057971,0.2336065573770492,0.020016631028747928,HE Qualification
oulad_CCC_2014B,OULAD,transferred,oviedo_C4189_1415,gender,2,0.15858585858585858,0.1413427561837456,0.017243102402112992,F
oulad_CCC_2014B,OULAD,transferred,oviedo_C4189_1415,imd_band,10,0.2246376811594203,0.07563025210084033,0.14900742905857994,10-20
oulad_CCC_2014B,OULAD,transferred,oviedo_C4189_1415,disability,2,0.15844155844155844,0.11864406779661017,0.039797490644948266,Y
oulad_CCC_2014B,OULAD,transferred,oviedo_C4189_1415,age_band,2,0.28343949044585987,0.11134453781512606,0.17209495263073382,0-35
oulad_CCC_2014B,OULAD,transferred,oviedo_C4189_1415,highest_education,3,0.18442622950819673,0.13949275362318841,0.04493347588500832,A Level or Equivalent
oulad_CCC_2014B,OULAD,transferred,oviedo_C4213_1415,gender,2,0.2737373737373737,0.2332155477031802,0.04052182603419352,F
oulad_CCC_2014B,OULAD,transferred,oviedo_C4213_1415,imd_band,10,0.3153153153153153,0.21929824561403508,0.09601706970128024,60-70%
oulad_CCC_2014B,OULAD,transferred,oviedo_C4213_1415,disability,2,0.2711864406779661,0.26406926406926406,0.007117176608702036,N
oulad_CCC_2014B,OULAD,transferred,oviedo_C4213_1415,age_band,2,0.28256302521008403,0.21337579617834396,0.06918722903174007,35-55
oulad_CCC_2014B,OULAD,transferred,oviedo_C4213_1415,highest_education,3,0.2767857142857143,0.2336065573770492,0.04317915690866511,HE Qualification
oulad_CCC_2014B,OULAD,transferred,oviedo_C836_1415,gender,2,0.33568904593639576,0.28888888888888886,0.046800157047506896,M
oulad_CCC_2014B,OULAD,transferred,oviedo_C836_1415,imd_band,10,0.425,0.2,0.22499999999999998,80-90%
oulad_CCC_2014B,OULAD,transferred,oviedo_C836_1415,disability,2,0.3389830508474576,0.29523809523809524,0.04374495560936237,N
oulad_CCC_2014B,OULAD,transferred,oviedo_C836_1415,age_band,2,0.3089171974522293,0.296218487394958,0.0126987100572713,0-35
oulad_CCC_2014B,OULAD,transferred,oviedo_C836_1415,highest_education,3,0.30978260869565216,0.2924107142857143,0.01737189440993786,Lower Than A Level
oulad_CCC_2014J,OULAD,local,oulad_CCC_2014J,gender,2,0.3529937444146559,0.28846153846153844,0.06453220595311748,F
oulad_CCC_2014J,OULAD,local,oulad_CCC_2014J,imd_band,10,0.4189189189189189,0.2702702702702703,0.14864864864864863,90-100%
oulad_CCC_2014J,OULAD,local,oulad_CCC_2014J,disability,2,0.35766423357664234,0.3350668647845468,0.022597368792095562,N
oulad_CCC_2014J,OULAD,local,oulad_CCC_2014J,age_band,2,0.3424787133396405,0.32524271844660196,0.01723599489303851,35-55
oulad_CCC_2014J,OULAD,local,oulad_CCC_2014J,highest_education,3,0.3424124513618677,0.3217726396917148,0.020639811670152886,Lower Than A Level
oulad_CCC_2014J,OULAD,transferred,ku_Accountancy_1819,gender,2,0.2032967032967033,0.16353887399463807,0.03975782930206523,M
oulad_CCC_2014J,OULAD,transferred,ku_Accountancy_1819,imd_band,10,0.27927927927927926,0.11320754716981132,0.16607173210946793,30-40%
oulad_CCC_2014J,OULAD,transferred,ku_Accountancy_1819,disability,2,0.17682020802377416,0.1386861313868613,0.038134076636912845,Y
oulad_CCC_2014J,OULAD,transferred,ku_Accountancy_1819,age_band,2,0.1966019417475728,0.16367076631977295,0.03293117542779986,0-35
oulad_CCC_2014J,OULAD,transferred,ku_Accountancy_1819,highest_education,3,0.22957198443579765,0.13102119460500963,0.09855078983078802,Lower Than A Level
oulad_CCC_2014J,OULAD,transferred,ku_Globaleconom_1819,gender,2,0.33516483516483514,0.2877569258266309,0.04740790933820421,M
oulad_CCC_2014J,OULAD,transferred,ku_Globaleconom_1819,imd_band,10,0.38028169014084506,0.2,0.18028169014084505,60-70%
oulad_CCC_2014J,OULAD,transferred,ku_Globaleconom_1819,disability,2,0.32116788321167883,0.2971768202080238,0.023991063003655055,N
oulad_CCC_2014J,OULAD,transferred,ku_Globaleconom_1819,age_band,2,0.3301797540208136,0.22330097087378642,0.1068787831470272,35-55
oulad_CCC_2014J,OULAD,transferred,ku_Globaleconom_1819,highest_education,3,0.3140655105973025,0.23735408560311283,0.07671142499418965,HE Qualification
oulad_CCC_2014J,OULAD,transferred,ku_Accountancy_1920,gender,2,0.1510989010989011,0.14387846291331546,0.007220438185585626,M
oulad_CCC_2014J,OULAD,transferred,ku_Accountancy_1920,imd_band,10,0.18461538461538463,0.11486486486486487,0.06975051975051975,40-50%
oulad_CCC_2014J,OULAD,transferred,ku_Accountancy_1920,disability,2,0.15328467153284672,0.1448736998514116,0.00841097168143512,N
oulad_CCC_2014J,OULAD,transferred,ku_Accountancy_1920,age_band,2,0.17233009708737865,0.13434247871333965,0.037987618374038995,0-35
oulad_CCC_2014J,OULAD,transferred,ku_Accountancy_1920,highest_education,3,0.16342412451361868,0.13095238095238096,0.03247174356123772,A Level or Equivalent
oulad_CCC_2014J,OULAD,transferred,ku_Globaleconom_1920,gender,2,0.2529043789097408,0.23626373626373626,0.016640642646004566,F
oulad_CCC_2014J,OULAD,transferred,ku_Globaleconom_1920,imd_band,10,0.3178294573643411,0.176056338028169,0.1417731193361721,0-10%
oulad_CCC_2014J,OULAD,transferred,ku_Globaleconom_1920,disability,2,0.26277372262773724,0.2473997028231798,0.015374019804557437,N
oulad_CCC_2014J,OULAD,transferred,ku_Globaleconom_1920,age_band,2,0.271523178807947,0.19174757281553398,0.07977560599241304,35-55
oulad_CCC_2014J,OULAD,transferred,ku_Globaleconom_1920,highest_education,3,0.2840466926070039,0.24470134874759153,0.03934534385941235,Lower Than A Level
oulad_CCC_2014J,OULAD,transferred,ku_Accountancy_2021,gender,2,0.2287756925826631,0.21153846153846154,0.01723723104420155,F
oulad_CCC_2014J,OULAD,transferred,ku_Accountancy_2021,imd_band,10,0.32592592592592595,0.16891891891891891,0.15700700700700704,40-50%
oulad_CCC_2014J,OULAD,transferred,ku_Accountancy_2021,disability,2,0.22808320950965824,0.1897810218978102,0.03830218761184803,Y
oulad_CCC_2014J,OULAD,transferred,ku_Accountancy_2021,age_band,2,0.25,0.21286660359508042,0.03713339640491958,0-35
oulad_CCC_2014J,OULAD,transferred,ku_Accountancy_2021,highest_education,3,0.33073929961089493,0.18601190476190477,0.14472739484899017,A Level or Equivalent
oulad_CCC_2014J,OULAD,transferred,ku_Globaleconom_2021,gender,2,0.31043956043956045,0.28328865058087577,0.02715090985868468,M
oulad_CCC_2014J,OULAD,transferred,ku_Globaleconom_2021,imd_band,10,0.3591549295774648,0.22522522522522523,0.13392970435223958,90-100%
oulad_CCC_2014J,OULAD,transferred,ku_Globaleconom_2021,disability,2,0.29927007299270075,0.2890044576523031,0.01026561534039766,N
oulad_CCC_2014J,OULAD,transferred,ku_Globaleconom_2021,age_band,2,0.3140964995269631,0.23058252427184467,0.08351397525511844,35-55
oulad_CCC_2014J,OULAD,transferred,ku_Globaleconom_2021,highest_education,3,0.3159922928709056,0.2723735408560311,0.04361875201487447,HE Qualification
oulad_CCC_2014J,OULAD,transferred,ukzn_ISTN101_2019,gender,2,0.2774725274725275,0.2457551385165326,0.03171738895599488,M
oulad_CCC_2014J,OULAD,transferred,ukzn_ISTN101_2019,imd_band,10,0.31690140845070425,0.17777777777777778,0.13912363067292646,70-80%
oulad_CCC_2014J,OULAD,transferred,ukzn_ISTN101_2019,disability,2,0.3284671532846715,0.24591381872213966,0.08255333456253186,N
oulad_CCC_2014J,OULAD,transferred,ukzn_ISTN101_2019,age_band,2,0.27909176915799433,0.19174757281553398,0.08734419634246035,35-55
oulad_CCC_2014J,OULAD,transferred,ukzn_ISTN101_2019,highest_education,3,0.2813102119460501,0.16342412451361868,0.11788608743243142,HE Qualification
oulad_CCC_2014J,OULAD,transferred,ukzn_ISTN101_2020,gender,2,0.290437890974084,0.25824175824175827,0.032196132732325744,F
oulad_CCC_2014J,OULAD,transferred,ukzn_ISTN101_2020,imd_band,10,0.3381294964028777,0.22522522522522523,0.11290427117765248,90-100%
oulad_CCC_2014J,OULAD,transferred,ukzn_ISTN101_2020,disability,2,0.30656934306569344,0.2800891530460624,0.026480190019631034,N
oulad_CCC_2014J,OULAD,transferred,ukzn_ISTN101_2020,age_band,2,0.29990539262062443,0.2354368932038835,0.06446849941674093,35-55
oulad_CCC_2014J,OULAD,transferred,ukzn_ISTN101_2020,highest_education,3,0.2961309523809524,0.25626204238921,0.03986890999174236,Lower Than A Level
oulad_CCC_2014J,OULAD,transferred,ukzn_ISTN101_2021,gender,2,0.33516483516483514,0.3154602323503128,0.019704602814522354,M
oulad_CCC_2014J,OULAD,transferred,ukzn_ISTN101_2021,imd_band,10,0.40540540540540543,0.26356589147286824,0.1418395139325372,80-90%
oulad_CCC_2014J,OULAD,transferred,ukzn_ISTN101_2021,disability,2,0.3357664233576642,0.3187221396731055,0.017044283684558736,N
oulad_CCC_2014J,OULAD,transferred,ukzn_ISTN101_2021,age_band,2,0.35288552507095555,0.23786407766990292,0.11502144740105263,35-55
oulad_CCC_2014J,OULAD,transferred,ukzn_ISTN101_2021,highest_education,3,0.34077380952380953,0.245136186770428,0.09563762275338153,HE Qualification
oulad_CCC_2014J,OULAD,transferred,ukzn_ISTN102_2018,gender,2,0.3489010989010989,0.3154602323503128,0.0334408665507861,M
oulad_CCC_2014J,OULAD,transferred,ukzn_ISTN102_2018,imd_band,10,0.3798449612403101,0.26126126126126126,0.11858369997904883,90-100%
oulad_CCC_2014J,OULAD,transferred,ukzn_ISTN102_2018,disability,2,0.34306569343065696,0.32169390787518576,0.0213717855554712,N
oulad_CCC_2014J,OULAD,transferred,ukzn_ISTN102_2018,age_band,2,0.3519394512771996,0.25485436893203883,0.09708508234516078,35-55
oulad_CCC_2014J,OULAD,transferred,ukzn_ISTN102_2018,highest_education,3,0.3352601156069364,0.2840466926070039,0.051213422999932534,HE Qualification
oulad_CCC_2014J,OULAD,transferred,ukzn_ISTN103_2019,gender,2,0.3199285075960679,0.26373626373626374,0.05619224385980415,F
oulad_CCC_2014J,OULAD,transferred,ukzn_ISTN103_2019,imd_band,10,0.3815789473684211,0.23943661971830985,0.14214232765011123,0-10%
oulad_CCC_2014J,OULAD,transferred,ukzn_ISTN103_2019,disability,2,0.31386861313868614,0.30534918276374445,0.008519430374941683,N
oulad_CCC_2014J,OULAD,transferred,ukzn_ISTN103_2019,age_band,2,0.31031220435193946,0.30097087378640774,0.009341330565531714,35-55
oulad_CCC_2014J,OULAD,transferred,ukzn_ISTN103_2019,highest_education,3,0.3273809523809524,0.2607003891050584,0.066680563275894,HE Qualification
oulad_CCC_2014J,OULAD,transferred,ukzn_ISTN103_2020,gender,2,0.3516483516483517,0.32439678284182305,0.027251568806528625,M
oulad_CCC_2014J,OULAD,transferred,ukzn_ISTN103_2020,imd_band,10,0.3732394366197183,0.24444444444444444,0.12879499217527388,70-80%
oulad_CCC_2014J,OULAD,transferred,ukzn_ISTN103_2020,disability,2,0.34306569343065696,0.3298662704309064,0.013199422999750576,N
oulad_CCC_2014J,OULAD,transferred,ukzn_ISTN103_2020,age_band,2,0.35856196783349104,0.2645631067961165,0.09399886103737454,35-55
oulad_CCC_2014J,OULAD,transferred,ukzn_ISTN103_2020,highest_education,3,0.37351190476190477,0.21011673151750973,0.16339517324439504,HE Qualification
oulad_CCC_2014J,OULAD,transferred,ukzn_ISTN211_2019,gender,2,0.2529043789097408,0.23076923076923078,0.02213514814051004,F
oulad_CCC_2014J,OULAD,transferred,ukzn_ISTN211_2019,imd_band,10,0.3076923076923077,0.15315315315315314,0.15453915453915457,90-100%
oulad_CCC_2014J,OULAD,transferred,ukzn_ISTN211_2019,disability,2,0.25547445255474455,0.24665676077265974,0.008817691782084802,N
oulad_CCC_2014J,OULAD,transferred,ukzn_ISTN211_2019,age_band,2,0.2535477767265847,0.23300970873786409,0.0205380679887206,35-55
oulad_CCC_2014J,OULAD,transferred,ukzn_ISTN211_2019,highest_education,3,0.3035019455252918,0.21001926782273603,0.09348267770255578,Lower Than A Level
oulad_CCC_2014J,OULAD,transferred,ukzn_ISTN211_2021,gender,2,0.32967032967032966,0.3163538873994638,0.01331644227086587,M
oulad_CCC_2014J,OULAD,transferred,ukzn_ISTN211_2021,imd_band,10,0.4084507042253521,0.22962962962962963,0.1788210745957225,70-80%
oulad_CCC_2014J,OULAD,transferred,ukzn_ISTN211_2021,disability,2,0.38686131386861317,0.312778603268945,0.07408271059966814,N
oulad_CCC_2014J,OULAD,transferred,ukzn_ISTN211_2021,age_band,2,0.3566698202459792,0.22815533980582525,0.12851448044015396,35-55
oulad_CCC_2014J,OULAD,transferred,ukzn_ISTN211_2021,highest_education,3,0.34226190476190477,0.22178988326848248,0.12047202149342229,HE Qualification
oulad_CCC_2014J,OULAD,transferred,ukzn_ISTN212_2018,gender,2,0.33516483516483514,0.3118856121537087,0.02327922301112645,M
oulad_CCC_2014J,OULAD,transferred,ukzn_ISTN212_2018,imd_band,10,0.4084507042253521,0.22522522522522523,0.1832254790001269,90-100%
oulad_CCC_2014J,OULAD,transferred,ukzn_ISTN212_2018,disability,2,0.35766423357664234,0.3135215453194651,0.044142688257177265,N
oulad_CCC_2014J,OULAD,transferred,ukzn_ISTN212_2018,age_band,2,0.336802270577105,0.27184466019417475,0.06495761038293024,35-55
oulad_CCC_2014J,OULAD,transferred,ukzn_ISTN212_2018,highest_education,3,0.36416184971098264,0.25680933852140075,0.10735251118958189,HE Qualification
oulad_CCC_2014J,OULAD,transferred,ukzn_ISTN212_2019,gender,2,0.3598901098901099,0.30473637176050045,0.05515373812960944,M
oulad_CCC_2014J,OULAD,transferred,ukzn_ISTN212_2019,imd_band,10,0.39864864864864863,0.23423423423423423,0.1644144144144144,90-100%
oulad_CCC_2014J,OULAD,transferred,ukzn_ISTN212_2019,disability,2,0.34306569343065696,0.31575037147102525,0.02731532195963171,N
oulad_CCC_2014J,OULAD,transferred,ukzn_ISTN212_2019,age_band,2,0.35572374645222327,0.23058252427184467,0.1251412221803786,35-55
oulad_CCC_2014J,OULAD,transferred,ukzn_ISTN212_2019,highest_education,3,0.3392857142857143,0.245136186770428,0.0941495275152863,HE Qualification
oulad_CCC_2014J,OULAD,transferred,ukzn_ISTN2IP_2018,gender,2,0.34615384615384615,0.31814119749776587,0.028012648656080275,M
oulad_CCC_2014J,OULAD,transferred,ukzn_ISTN2IP_2018,imd_band,10,0.4295774647887324,0.23846153846153847,0.1911159263271939,60-70%
oulad_CCC_2014J,OULAD,transferred,ukzn_ISTN2IP_2018,disability,2,0.3795620437956204,0.31946508172362553,0.060096962071994886,N
oulad_CCC_2014J,OULAD,transferred,ukzn_ISTN2IP_2018,age_band,2,0.3576158940397351,0.24514563106796117,0.11247026297177393,35-55
oulad_CCC_2014J,OULAD,transferred,ukzn_ISTN2IP_2018,highest_education,3,0.34970238095238093,0.2178988326848249,0.13180354826755603,HE Qualification
oulad_CCC_2014J,OULAD,transferred,ukzn_ISTN2IP_2019,gender,2,0.23771224307417338,0.23351648351648352,0.00419575955768986,F
oulad_CCC_2014J,OULAD,transferred,ukzn_ISTN2IP_2019,imd_band,10,0.3,0.18018018018018017,0.11981981981981982,90-100%
oulad_CCC_2014J,OULAD,transferred,ukzn_ISTN2IP_2019,disability,2,0.23922734026745915,0.2116788321167883,0.027548508150670836,Y
oulad_CCC_2014J,OULAD,transferred,ukzn_ISTN2IP_2019,age_band,2,0.2535477767265847,0.19174757281553398,0.061800203911050705,35-55
oulad_CCC_2014J,OULAD,transferred,ukzn_ISTN2IP_2019,highest_education,3,0.25680933852140075,0.22916666666666666,0.027642671854734097,A Level or Equivalent
oulad_CCC_2014J,OULAD,transferred,ukzn_ISTN3ND_2018,gender,2,0.3269230769230769,0.290437890974084,0.036485185948992915,M
oulad_CCC_2014J,OULAD,transferred,ukzn_ISTN3ND_2018,imd_band,10,0.3380281690140845,0.26356589147286824,0.07446227754121626,80-90%
oulad_CCC_2014J,OULAD,transferred,ukzn_ISTN3ND_2018,disability,2,0.32116788321167883,0.2971768202080238,0.023991063003655055,N
oulad_CCC_2014J,OULAD,transferred,ukzn_ISTN3ND_2018,age_band,2,0.3273415326395459,0.22815533980582525,0.09918619283372065,35-55
oulad_CCC_2014J,OULAD,transferred,ukzn_ISTN3ND_2018,highest_education,3,0.31994047619047616,0.22568093385214008,0.09425954233833608,HE Qualification
oulad_CCC_2014J,OULAD,transferred,ukzn_ISTN3ND_2019,gender,2,0.32967032967032966,0.30741733690795353,0.022252992762376134,M
oulad_CCC_2014J,OULAD,transferred,ukzn_ISTN3ND_2019,imd_band,10,0.4084507042253521,0.23703703703703705,0.17141366718831508,70-80%
oulad_CCC_2014J,OULAD,transferred,ukzn_ISTN3ND_2019,disability,2,0.35036496350364965,0.30906389301634474,0.041301070487304914,N
oulad_CCC_2014J,OULAD,transferred,ukzn_ISTN3ND_2019,age_band,2,0.3424787133396405,0.24514563106796117,0.0973330822716793,35-55
oulad_CCC_2014J,OULAD,transferred,ukzn_ISTN3ND_2019,highest_education,3,0.3448940269749518,0.20233463035019456,0.14255939662475725,HE Qualification
oulad_CCC_2014J,OULAD,transferred,ukzn_ISTN3SA_2018,gender,2,0.16532618409294011,0.1346153846153846,0.030710799477555506,F
oulad_CCC_2014J,OULAD,transferred,ukzn_ISTN3SA_2018,imd_band,10,0.18518518518518517,0.11267605633802817,0.072509128847157,0-10%
oulad_CCC_2014J,OULAD,transferred,ukzn_ISTN3SA_2018,disability,2,0.15973254086181277,0.1386861313868613,0.021046409474951455,Y
oulad_CCC_2014J,OULAD,transferred,ukzn_ISTN3SA_2018,age_band,2,0.24757281553398058,0.12109744560075686,0.12647536993322372,0-35
oulad_CCC_2014J,OULAD,transferred,ukzn_ISTN3SA_2018,highest_education,3,0.20622568093385213,0.13095238095238096,0.07527329998147117,A Level or Equivalent
oulad_CCC_2014J,OULAD,transferred,ukzn_ISTN3SA_2019,gender,2,0.2445054945054945,0.21805183199285075,0.02645366251264375,M
oulad_CCC_2014J,OULAD,transferred,ukzn_ISTN3SA_2019,imd_band,10,0.24528301886792453,0.17054263565891473,0.0747403832090098,80-90%
oulad_CCC_2014J,OULAD,transferred,ukzn_ISTN3SA_2019,disability,2,0.22734026745913818,0.19708029197080293,0.030259975488335256,Y
oulad_CCC_2014J,OULAD,transferred,ukzn_ISTN3SA_2019,age_band,2,0.27184466019417475,0.2043519394512772,0.06749272074289756,0-35
oulad_CCC_2014J,OULAD,transferred,ukzn_ISTN3SA_2019,highest_education,3,0.2918287937743191,0.19653179190751446,0.09529700186680462,Lower Than A Level
oulad_CCC_2014J,OULAD,transferred,zambia_ICT1110_2020,gender,2,0.20604395604395603,0.193923145665773,0.012120810378183022,M
oulad_CCC_2014J,OULAD,transferred,zambia_ICT1110_2020,imd_band,10,0.26126126126126126,0.16574585635359115,0.0955154049076701,20-30%
oulad_CCC_2014J,OULAD,transferred,zambia_ICT1110_2020,disability,2,0.23357664233576642,0.19316493313521546,0.040411709200550955,N
oulad_CCC_2014J,OULAD,transferred,zambia_ICT1110_2020,age_band,2,0.20340586565752128,0.18446601941747573,0.01893984624004555,35-55
oulad_CCC_2014J,OULAD,transferred,zambia_ICT1110_2020,highest_education,3,0.24124513618677043,0.1599229287090559,0.08132220747771454,Lower Than A Level
oulad_CCC_2014J,OULAD,transferred,zambia_ICT1110_2021,gender,2,0.21428571428571427,0.2037533512064343,0.01053236307927996,M
oulad_CCC_2014J,OULAD,transferred,zambia_ICT1110_2021,imd_band,10,0.25225225225225223,0.17266187050359713,0.0795903817486551,50-60%
oulad_CCC_2014J,OULAD,transferred,zambia_ICT1110_2021,disability,2,0.212481426448737,0.145985401459854,0.06649602498888299,Y
oulad_CCC_2014J,OULAD,transferred,zambia_ICT1110_2021,age_band,2,0.21286660359508042,0.19174757281553398,0.021119030779546438,35-55
oulad_CCC_2014J,OULAD,transferred,zambia_ICT1110_2021,highest_education,3,0.22916666666666666,0.18689788053949905,0.04226878612716761,Lower Than A Level
oulad_CCC_2014J,OULAD,transferred,oviedo_C1112_1415,gender,2,0.3261840929401251,0.3241758241758242,0.0020082687643009356,F
oulad_CCC_2014J,OULAD,transferred,oviedo_C1112_1415,imd_band,10,0.39436619718309857,0.25925925925925924,0.13510693792383932,70-80%
oulad_CCC_2014J,OULAD,transferred,oviedo_C1112_1415,disability,2,0.35766423357664234,0.3224368499257058,0.03522738365093653,N
oulad_CCC_2014J,OULAD,transferred,oviedo_C1112_1415,age_band,2,0.3623462630085147,0.24029126213592233,0.12205500087259236,35-55
oulad_CCC_2014J,OULAD,transferred,oviedo_C1112_1415,highest_education,3,0.3586309523809524,0.21011673151750973,0.14851422086344265,HE Qualification
oulad_CCC_2014J,OULAD,transferred,oviedo_C1127_1415,gender,2,0.2975871313672922,0.27197802197802196,0.025609109389270246,F
oulad_CCC_2014J,OULAD,transferred,oviedo_C1127_1415,imd_band,10,0.35251798561151076,0.23423423423423423,0.11828375137727654,90-100%
oulad_CCC_2014J,OULAD,transferred,oviedo_C1127_1415,disability,2,0.34306569343065696,0.28603268945022287,0.057033003980434094,N
oulad_CCC_2014J,OULAD,transferred,oviedo_C1127_1415,age_band,2,0.293282876064333,0.279126213592233,0.014156662472100012,35-55
oulad_CCC_2014J,OULAD,transferred,oviedo_C1127_1415,highest_education,3,0.3151750972762646,0.27360308285163776,0.041572014424626824,Lower Than A Level
oulad_CCC_2014J,OULAD,transferred,oviedo_C1200_1415,gender,2,0.2806076854334227,0.25824175824175827,0.022365927191664414,F
oulad_CCC_2014J,OULAD,transferred,oviedo_C1200_1415,imd_band,10,0.33783783783783783,0.20930232558139536,0.12853551225644247,80-90%
oulad_CCC_2014J,OULAD,transferred,oviedo_C1200_1415,disability,2,0.27786032689450224,0.24817518248175183,0.029685144412750414,Y
oulad_CCC_2014J,OULAD,transferred,oviedo_C1200_1415,age_band,2,0.3093661305581835,0.18446601941747573,0.12490011114070779,35-55
oulad_CCC_2014J,OULAD,transferred,oviedo_C1200_1415,highest_education,3,0.2961309523809524,0.24470134874759153,0.051429603633360854,Lower Than A Level
oulad_CCC_2014J,OULAD,transferred,oviedo_C1303_1415,gender,2,0.3159340659340659,0.290437890974084,0.02549617495998191,M
oulad_CCC_2014J,OULAD,transferred,oviedo_C1303_1415,imd_band,10,0.4084507042253521,0.2635135135135135,0.14493719071183864,40-50%
oulad_CCC_2014J,OULAD,transferred,oviedo_C1303_1415,disability,2,0.31386861313868614,0.2949479940564636,0.018920619082222534,N
oulad_CCC_2014J,OULAD,transferred,oviedo_C1303_1415,age_band,2,0.33774834437086093,0.1966019417475728,0.14114640262328812,35-55
oulad_CCC_2014J,OULAD,transferred,oviedo_C1303_1415,highest_education,3,0.325626204238921,0.245136186770428,0.08049001746849302,HE Qualification
oulad_CCC_2014J,OULAD,transferred,oviedo_C174_1415,gender,2,0.25824175824175827,0.2162645218945487,0.04197723634720957,M
oulad_CCC_2014J,OULAD,transferred,oviedo_C174_1415,imd_band,10,0.3178294573643411,0.15555555555555556,0.16227390180878554,70-80%
oulad_CCC_2014J,OULAD,transferred,oviedo_C174_1415,disability,2,0.26277372262773724,0.22288261515601784,0.039891107471719395,N
oulad_CCC_2014J,OULAD,transferred,oviedo_C174_1415,age_band,2,0.3446601941747573,0.1750236518448439,0.1696365423299134,0-35
oulad_CCC_2014J,OULAD,transferred,oviedo_C174_1415,highest_education,3,0.2918287937743191,0.20616570327552985,0.08566309049878923,Lower Than A Level
oulad_CCC_2014J,OULAD,transferred,oviedo_C190_1415,gender,2,0.21153846153846154,0.1742627345844504,0.03727572695401113,M
oulad_CCC_2014J,OULAD,transferred,oviedo_C190_1415,imd_band,10,0.22099447513812154,0.14728682170542637,0.07370765343269517,80-90%
oulad_CCC_2014J,OULAD,transferred,oviedo_C190_1415,disability,2,0.18722139673105498,0.145985401459854,0.041235995271200976,Y
oulad_CCC_2014J,OULAD,transferred,oviedo_C190_1415,age_band,2,0.21601941747572814,0.17029328287606432,0.04572613459966382,0-35
oulad_CCC_2014J,OULAD,transferred,oviedo_C190_1415,highest_education,3,0.22568093385214008,0.17261904761904762,0.053061886233092465,A Level or Equivalent
oulad_CCC_2014J,OULAD,transferred,oviedo_C1978_1415,gender,2,0.1644325290437891,0.1401098901098901,0.024322638933898993,F
oulad_CCC_2014J,OULAD,transferred,oviedo_C1978_1415,imd_band,10,0.20422535211267606,0.0990990990990991,0.10512625301357696,90-100%
oulad_CCC_2014J,OULAD,transferred,oviedo_C1978_1415,disability,2,0.1897810218978102,0.15527488855869243,0.034506133339117784,N
oulad_CCC_2014J,OULAD,transferred,oviedo_C1978_1415,age_band,2,0.17718446601941748,0.15137180700094607,0.025812659018471407,0-35
oulad_CCC_2014J,OULAD,transferred,oviedo_C1978_1415,highest_education,3,0.1811175337186898,0.14136904761904762,0.03974848609964218,A Level or Equivalent
oulad_CCC_2014J,OULAD,transferred,oviedo_C2011_1415,gender,2,0.25274725274725274,0.2359249329758713,0.016822319771381433,M
oulad_CCC_2014J,OULAD,transferred,oviedo_C2011_1415,imd_band,10,0.2962962962962963,0.1891891891891892,0.10710710710710708,90-100%
oulad_CCC_2014J,OULAD,transferred,oviedo_C2011_1415,disability,2,0.24087591240875914,0.2399702823179792,0.0009056300907799297,N
oulad_CCC_2014J,OULAD,transferred,oviedo_C2011_1415,age_band,2,0.27427184466019416,0.2261116367076632,0.04816020795253095,0-35
oulad_CCC_2014J,OULAD,transferred,oviedo_C2011_1415,highest_education,3,0.2490272373540856,0.23511904761904762,0.01390818973503799,A Level or Equivalent
oulad_CCC_2014J,OULAD,transferred,oviedo_C2024_1415,gender,2,0.3516483516483517,0.30563002680965146,0.04601832483870022,M
oulad_CCC_2014J,OULAD,transferred,oviedo_C2024_1415,imd_band,10,0.3591549295774648,0.2518518518518518,0.10730307772561298,70-80%
oulad_CCC_2014J,OULAD,transferred,oviedo_C2024_1415,disability,2,0.35766423357664234,0.312778603268945,0.04488563030769732,N
oulad_CCC_2014J,OULAD,transferred,oviedo_C2024_1415,age_band,2,0.3424787133396405,0.25485436893203883,0.08762434440760164,35-55
oulad_CCC_2014J,OULAD,transferred,oviedo_C2024_1415,highest_education,3,0.34672619047619047,0.20233463035019456,0.1443915601259959,HE Qualification
oulad_CCC_2014J,OULAD,transferred,oviedo_C2150_1415,gender,2,0.31868131868131866,0.30563002680965146,0.013051291871667203,M
oulad_CCC_2014J,OULAD,transferred,oviedo_C2150_1415,imd_band,10,0.3716216216216216,0.23423423423423423,0.13738738738738737,90-100%
oulad_CCC_2014J,OULAD,transferred,oviedo_C2150_1415,disability,2,0.34306569343065696,0.30534918276374445,0.037716510666912506,N
oulad_CCC_2014J,OULAD,transferred,oviedo_C2150_1415,age_band,2,0.33491012298959316,0.24029126213592233,0.09461886085367083,35-55
oulad_CCC_2014J,OULAD,transferred,oviedo_C2150_1415,highest_education,3,0.3288690476190476,0.2918287937743191,0.03704025384472853,HE Qualification
oulad_CCC_2014J,OULAD,transferred,oviedo_C2271_1415,gender,2,0.2940125111706881,0.29395604395604397,5.6467214644140284e-05,F
oulad_CCC_2014J,OULAD,transferred,oviedo_C2271_1415,imd_band,10,0.3591549295774648,0.22962962962962963,0.12952529994783518,70-80%
oulad_CCC_2014J,OULAD,transferred,oviedo_C2271_1415,disability,2,0.3357664233576642,0.2897473997028232,0.04601902365484101,N
oulad_CCC_2014J,OULAD,transferred,oviedo_C2271_1415,age_band,2,0.3197729422894986,0.23300970873786409,0.08676323355163451,35-55
oulad_CCC_2014J,OULAD,transferred,oviedo_C2271_1415,highest_education,3,0.325626204238921,0.20622568093385213,0.1194005233050689,HE Qualification
oulad_CCC_2014J,OULAD,transferred,oviedo_C2335_1415,gender,2,0.26373626373626374,0.26184092940125114,0.0018953343350125995,M
oulad_CCC_2014J,OULAD,transferred,oviedo_C2335_1415,imd_band,10,0.2962962962962963,0.20930232558139536,0.08699397071490092,80-90%
oulad_CCC_2014J,OULAD,transferred,oviedo_C2335_1415,disability,2,0.2846715328467153,0.2600297176820208,0.02464181516469449,N
oulad_CCC_2014J,OULAD,transferred,oviedo_C2335_1415,age_band,2,0.271523178807947,0.2354368932038835,0.03608628560406352,35-55
oulad_CCC_2014J,OULAD,transferred,oviedo_C2335_1415,highest_education,3,0.28125,0.22350674373795762,0.05774325626204238,Lower Than A Level
oulad_CCC_2014J,OULAD,transferred,oviedo_C2406_1415,gender,2,0.3434065934065934,0.29848078641644327,0.04492580699015014,M
oulad_CCC_2014J,OULAD,transferred,oviedo_C2406_1415,imd_band,10,0.39436619718309857,0.25384615384615383,0.14052004333694473,60-70%
oulad_CCC_2014J,OULAD,transferred,oviedo_C2406_1415,disability,2,0.3357664233576642,0.30683506686478457,0.028931356492879645,N
oulad_CCC_2014J,OULAD,transferred,oviedo_C2406_1415,age_band,2,0.3424787133396405,0.23300970873786409,0.10946900460177639,35-55
oulad_CCC_2014J,OULAD,transferred,oviedo_C2406_1415,highest_education,3,0.3333333333333333,0.20233463035019456,0.13099870298313876,HE Qualification
oulad_CCC_2014J,OULAD,transferred,oviedo_C2468_1415,gender,2,0.3021978021978022,0.27882037533512066,0.023377426862681516,M
oulad_CCC_2014J,OULAD,transferred,oviedo_C2468_1415,imd_band,10,0.3732394366197183,0.21481481481481482,0.1584246218049035,70-80%
oulad_CCC_2014J,OULAD,transferred,oviedo_C2468_1415,disability,2,0.3284671532846715,0.2800891530460624,0.04837800023860911,N
oulad_CCC_2014J,OULAD,transferred,oviedo_C2468_1415,age_band,2,0.304635761589404,0.23786407766990292,0.06677168391950106,35-55
oulad_CCC_2014J,OULAD,transferred,oviedo_C2468_1415,highest_education,3,0.30505952380952384,0.19844357976653695,0.10661594404298688,HE Qualification
oulad_CCC_2014J,OULAD,transferred,oviedo_C2607_1415,gender,2,0.20554066130473636,0.20054945054945056,0.004991210755285802,F
oulad_CCC_2014J,OULAD,transferred,oviedo_C2607_1415,imd_band,10,0.2702702702702703,0.16022099447513813,0.11004927579513216,20-30%
oulad_CCC_2014J,OULAD,transferred,oviedo_C2607_1415,disability,2,0.20437956204379562,0.20430906389301634,7.049815077928012e-05,N
oulad_CCC_2014J,OULAD,transferred,oviedo_C2607_1415,age_band,2,0.23651844843897823,0.12135922330097088,0.11515922513800736,35-55
oulad_CCC_2014J,OULAD,transferred,oviedo_C2607_1415,highest_education,3,0.22916666666666666,0.17341040462427745,0.055756262042389204,Lower Than A Level
oulad_CCC_2014J,OULAD,transferred,oviedo_C3022_1415,gender,2,0.2546916890080429,0.19505494505494506,0.05963674395309784,F
oulad_CCC_2014J,OULAD,transferred,oviedo_C3022_1415,imd_band,10,0.2830188679245283,0.1891891891891892,0.0938296787353391,90-100%
oulad_CCC_2014J,OULAD,transferred,oviedo_C3022_1415,disability,2,0.27007299270072993,0.23699851411589895,0.03307447858483098,N
oulad_CCC_2014J,OULAD,transferred,oviedo_C3022_1415,age_band,2,0.2669902912621359,0.22894985808893092,0.03804043317320499,0-35
oulad_CCC_2014J,OULAD,transferred,oviedo_C3022_1415,highest_education,3,0.2524084778420039,0.22172619047619047,0.03068228736581341,A Level or Equivalent
oulad_CCC_2014J,OULAD,transferred,oviedo_C3029_1415,gender,2,0.25,0.2457551385165326,0.004244861483467394,M
oulad_CCC_2014J,OULAD,transferred,oviedo_C3029_1415,imd_band,10,0.3108108108108108,0.18705035971223022,0.12376045109858058,50-60%
oulad_CCC_2014J,OULAD,transferred,oviedo_C3029_1415,disability,2,0.24814264487369986,0.23357664233576642,0.014566002537933442,Y
oulad_CCC_2014J,OULAD,transferred,oviedo_C3029_1415,age_band,2,0.25449385052034057,0.22572815533980584,0.028765695180534734,35-55
oulad_CCC_2014J,OULAD,transferred,oviedo_C3029_1415,highest_education,3,0.28793774319066145,0.21579961464354527,0.07213812854711618,Lower Than A Level
oulad_CCC_2014J,OULAD,transferred,oviedo_C4189_1415,gender,2,0.16532618409294011,0.16483516483516483,0.0004910192577752825,F
oulad_CCC_2014J,OULAD,transferred,oviedo_C4189_1415,imd_band,10,0.1981981981981982,0.11510791366906475,0.08309028452913345,50-60%
oulad_CCC_2014J,OULAD,transferred,oviedo_C4189_1415,disability,2,0.1686478454680535,0.13138686131386862,0.037260984154184884,Y
oulad_CCC_2014J,OULAD,transferred,oviedo_C4189_1415,age_band,2,0.25970873786407767,0.1239356669820246,0.13577307088205307,0-35
oulad_CCC_2014J,OULAD,transferred,oviedo_C4189_1415,highest_education,3,0.24124513618677043,0.13839285714285715,0.10285227904391328,A Level or Equivalent
oulad_CCC_2014J,OULAD,transferred,oviedo_C4213_1415,gender,2,0.25915996425379806,0.2445054945054945,0.014654469748303561,F
oulad_CCC_2014J,OULAD,transferred,oviedo_C4213_1415,imd_band,10,0.32432432432432434,0.18309859154929578,0.14122573277502856,0-10%
oulad_CCC_2014J,OULAD,transferred,oviedo_C4213_1415,disability,2,0.25705794947994054,0.24087591240875914,0.016182037071181404,Y
oulad_CCC_2014J,OULAD,transferred,oviedo_C4213_1415,age_band,2,0.26773888363292336,0.21844660194174756,0.049292281691175804,35-55
oulad_CCC_2014J,OULAD,transferred,oviedo_C4213_1415,highest_education,3,0.31906614785992216,0.24107142857142858,0.07799471928849358,A Level or Equivalent
oulad_CCC_2014J,OULAD,transferred,oviedo_C836_1415,gender,2,0.34065934065934067,0.28328865058087577,0.0573706900784649,M
oulad_CCC_2014J,OULAD,transferred,oviedo_C836_1415,imd_band,10,0.4084507042253521,0.2076923076923077,0.20075839653304442,60-70%
oulad_CCC_2014J,OULAD,transferred,oviedo_C836_1415,disability,2,0.3357664233576642,0.2934621099554235,0.04230431340224072,N
oulad_CCC_2014J,OULAD,transferred,oviedo_C836_1415,age_band,2,0.3330179754020814,0.2111650485436893,0.12185292685839208,35-55
oulad_CCC_2014J,OULAD,transferred,oviedo_C836_1415,highest_education,3,0.31398809523809523,0.24124513618677043,0.0727429590513248,HE Qualification
oulad_DDD_2013B,OULAD,local,oulad_DDD_2013B,gender,2,0.33472803347280333,0.32063492063492066,0.014093112837882671,F
oulad_DDD_2013B,OULAD,local,oulad_DDD_2013B,imd_band,10,0.4842105263157895,0.2,0.28421052631578947,90-100%
oulad_DDD_2013B,OULAD,local,oulad_DDD_2013B,disability,2,0.3473684210526316,0.32664756446991405,0.02072085658271755,N
oulad_DDD_2013B,OULAD,local,oulad_DDD_2013B,age_band,2,0.3412322274881517,0.32229965156794427,0.018932575920207417,0-35
oulad_DDD_2013B,OULAD,local,oulad_DDD_2013B,highest_education,3,0.336986301369863,0.2909090909090909,0.04607721046077212,HE Qualification
oulad_DDD_2013B,OULAD,transferred,ku_Accountancy_1819,gender,2,0.27615062761506276,0.2571428571428571,0.019007770472205643,F
oulad_DDD_2013B,OULAD,transferred,ku_Accountancy_1819,imd_band,10,0.3448275862068966,0.17721518987341772,0.16761239633347885,30-40%
oulad_DDD_2013B,OULAD,transferred,ku_Accountancy_1819,disability,2,0.2707736389684814,0.25263157894736843,0.01814206002111296,Y
oulad_DDD_2013B,OULAD,transferred,ku_Accountancy_1819,age_band,2,0.2770034843205575,0.23696682464454977,0.040036659676007724,35-55
oulad_DDD_2013B,OULAD,transferred,ku_Accountancy_1819,highest_education,3,0.2815533980582524,0.2545454545454545,0.027007943512797894,HE Qualification
oulad_DDD_2013B,OULAD,transferred,ku_Globaleconom_1819,gender,2,0.3472803347280335,0.29523809523809524,0.05204223948993825,F
oulad_DDD_2013B,OULAD,transferred,ku_Globaleconom_1819,imd_band,10,0.44285714285714284,0.23076923076923078,0.21208791208791206,90-100%
oulad_DDD_2013B,OULAD,transferred,ku_Globaleconom_1819,disability,2,0.37894736842105264,0.3194842406876791,0.05946312773337353,N
oulad_DDD_2013B,OULAD,transferred,ku_Globaleconom_1819,age_band,2,0.33175355450236965,0.3205574912891986,0.01119606321317107,0-35
oulad_DDD_2013B,OULAD,transferred,ku_Globaleconom_1819,highest_education,3,0.33424657534246577,0.3090909090909091,0.025155666251556685,HE Qualification
oulad_DDD_2013B,OULAD,transferred,ku_Accountancy_1920,gender,2,0.1523809523809524,0.09832635983263599,0.054054592548316405,M
oulad_DDD_2013B,OULAD,transferred,ku_Accountancy_1920,imd_band,10,0.189873417721519,0.06896551724137931,0.12090790048013969,40-50%
oulad_DDD_2013B,OULAD,transferred,ku_Accountancy_1920,disability,2,0.12034383954154727,0.11578947368421053,0.004554365857336748,Y
oulad_DDD_2013B,OULAD,transferred,ku_Accountancy_1920,age_band,2,0.12796208530805686,0.11672473867595819,0.011237346632098674,0-35
oulad_DDD_2013B,OULAD,transferred,ku_Accountancy_1920,highest_education,3,0.13636363636363635,0.10032362459546926,0.036040011768167096,A Level or Equivalent
oulad_DDD_2013B,OULAD,transferred,ku_Globaleconom_1920,gender,2,0.3284518828451883,0.3047619047619048,0.02368997808328349,F
oulad_DDD_2013B,OULAD,transferred,ku_Globaleconom_1920,imd_band,10,0.43157894736842106,0.18421052631578946,0.2473684210526316,60-70%
oulad_DDD_2013B,OULAD,transferred,ku_Globaleconom_1920,disability,2,0.3894736842105263,0.30945558739255014,0.08001809681797617,N
oulad_DDD_2013B,OULAD,transferred,ku_Globaleconom_1920,age_band,2,0.3240418118466899,0.3033175355450237,0.020724276301666178,35-55
oulad_DDD_2013B,OULAD,transferred,ku_Globaleconom_1920,highest_education,3,0.33980582524271846,0.21818181818181817,0.12162400706090029,HE Qualification
oulad_DDD_2013B,OULAD,transferred,ku_Accountancy_2021,gender,2,0.2824267782426778,0.2634920634920635,0.018934714750614312,F
oulad_DDD_2013B,OULAD,transferred,ku_Accountancy_2021,imd_band,10,0.3563218390804598,0.19736842105263158,0.1589534180278282,10-20
oulad_DDD_2013B,OULAD,transferred,ku_Accountancy_2021,disability,2,0.27793696275071633,0.25263157894736843,0.025305383803347903,Y
oulad_DDD_2013B,OULAD,transferred,ku_Accountancy_2021,age_band,2,0.30313588850174217,0.1990521327014218,0.10408375580032037,35-55
oulad_DDD_2013B,OULAD,transferred,ku_Accountancy_2021,highest_education,3,0.2912621359223301,0.24545454545454545,0.045807590467784626,HE Qualification
oulad_DDD_2013B,OULAD,transferred,ku_Globaleconom_2021,gender,2,0.33015873015873015,0.30962343096234307,0.02053529919638708,M
oulad_DDD_2013B,OULAD,transferred,ku_Globaleconom_2021,imd_band,10,0.42105263157894735,0.23076923076923078,0.19028340080971656,90-100%
oulad_DDD_2013B,OULAD,transferred,ku_Globaleconom_2021,disability,2,0.4,0.30659025787965616,0.09340974212034386,N
oulad_DDD_2013B,OULAD,transferred,ku_Globaleconom_2021,age_band,2,0.3175355450236967,0.313588850174216,0.003946694849480681,0-35
oulad_DDD_2013B,OULAD,transferred,ku_Globaleconom_2021,highest_education,3,0.3268608414239482,0.3095890410958904,0.017271800328057807,Lower Than A Level
oulad_DDD_2013B,OULAD,transferred,ukzn_ISTN101_2019,gender,2,0.22857142857142856,0.20502092050209206,0.023550508069336507,M
oulad_DDD_2013B,OULAD,transferred,ukzn_ISTN101_2019,imd_band,10,0.25287356321839083,0.1076923076923077,0.14518125552608313,90-100%
oulad_DDD_2013B,OULAD,transferred,ukzn_ISTN101_2019,disability,2,0.2148997134670487,0.21052631578947367,0.004373397677575025,Y
oulad_DDD_2013B,OULAD,transferred,ukzn_ISTN101_2019,age_band,2,0.26540284360189575,0.1951219512195122,0.07028089238238355,0-35
oulad_DDD_2013B,OULAD,transferred,ukzn_ISTN101_2019,highest_education,3,0.23636363636363636,0.19726027397260273,0.039103362391033625,Lower Than A Level
oulad_DDD_2013B,OULAD,transferred,ukzn_ISTN101_2020,gender,2,0.3263598326359833,0.3142857142857143,0.012074118350269003,F
oulad_DDD_2013B,OULAD,transferred,ukzn_ISTN101_2020,imd_band,10,0.42105263157894735,0.2459016393442623,0.17515099223468505,70-80%
oulad_DDD_2013B,OULAD,transferred,ukzn_ISTN101_2020,disability,2,0.35789473684210527,0.3166189111747851,0.04127582566732019,N
oulad_DDD_2013B,OULAD,transferred,ukzn_ISTN101_2020,age_band,2,0.32752613240418116,0.2985781990521327,0.028947933352048483,35-55
oulad_DDD_2013B,OULAD,transferred,ukzn_ISTN101_2020,highest_education,3,0.33980582524271846,0.3,0.03980582524271847,HE Qualification
oulad_DDD_2013B,OULAD,transferred,ukzn_ISTN101_2021,gender,2,0.3263598326359833,0.30158730158730157,0.024772531048681712,F
oulad_DDD_2013B,OULAD,transferred,ukzn_ISTN101_2021,imd_band,10,0.45263157894736844,0.19672131147540983,0.2559102674719586,70-80%
oulad_DDD_2013B,OULAD,transferred,ukzn_ISTN101_2021,disability,2,0.3223495702005731,0.2736842105263158,0.04866535967425728,Y
oulad_DDD_2013B,OULAD,transferred,ukzn_ISTN101_2021,age_band,2,0.3170731707317073,0.3033175355450237,0.013755635186683601,35-55
oulad_DDD_2013B,OULAD,transferred,ukzn_ISTN101_2021,highest_education,3,0.32362459546925565,0.2727272727272727,0.05089732274198294,HE Qualification
oulad_DDD_2013B,OULAD,transferred,ukzn_ISTN102_2018,gender,2,0.3472803347280335,0.30158730158730157,0.04569303314073192,F
oulad_DDD_2013B,OULAD,transferred,ukzn_ISTN102_2018,imd_band,10,0.47368421052631576,0.21311475409836064,0.26056945642795515,70-80%
oulad_DDD_2013B,OULAD,transferred,ukzn_ISTN102_2018,disability,2,0.3684210526315789,0.3237822349570201,0.04463881767455885,N
oulad_DDD_2013B,OULAD,transferred,ukzn_ISTN102_2018,age_band,2,0.3327526132404181,0.3080568720379147,0.024695741202503396,35-55
oulad_DDD_2013B,OULAD,transferred,ukzn_ISTN102_2018,highest_education,3,0.336986301369863,0.3,0.03698630136986303,HE Qualification
oulad_DDD_2013B,OULAD,transferred,ukzn_ISTN103_2019,gender,2,0.301255230125523,0.28888888888888886,0.01236634123663416,F
oulad_DDD_2013B,OULAD,transferred,ukzn_ISTN103_2019,imd_band,10,0.4105263157894737,0.15789473684210525,0.25263157894736843,10-20
oulad_DDD_2013B,OULAD,transferred,ukzn_ISTN103_2019,disability,2,0.3263157894736842,0.2922636103151863,0.03405217915849795,N
oulad_DDD_2013B,OULAD,transferred,ukzn_ISTN103_2019,age_band,2,0.3127962085308057,0.289198606271777,0.023597602259028683,0-35
oulad_DDD_2013B,OULAD,transferred,ukzn_ISTN103_2019,highest_education,3,0.3232876712328767,0.2545454545454545,0.0687422166874222,HE Qualification
oulad_DDD_2013B,OULAD,transferred,ukzn_ISTN103_2020,gender,2,0.34518828451882844,0.3047619047619048,0.04042637975692365,F
oulad_DDD_2013B,OULAD,transferred,ukzn_ISTN103_2020,imd_band,10,0.49473684210526314,0.2,0.29473684210526313,90-100%
oulad_DDD_2013B,OULAD,transferred,ukzn_ISTN103_2020,disability,2,0.35789473684210527,0.32521489971346706,0.0326798371286382,N
oulad_DDD_2013B,OULAD,transferred,ukzn_ISTN103_2020,age_band,2,0.32926829268292684,0.3175355450236967,0.011732747659230158,35-55
oulad_DDD_2013B,OULAD,transferred,ukzn_ISTN103_2020,highest_education,3,0.33980582524271846,0.2818181818181818,0.05798764342453666,HE Qualification
oulad_DDD_2013B,OULAD,transferred,ukzn_ISTN211_2019,gender,2,0.2301255230125523,0.2253968253968254,0.00472869761572689,F
oulad_DDD_2013B,OULAD,transferred,ukzn_ISTN211_2019,imd_band,10,0.31645569620253167,0.15714285714285714,0.15931283905967453,80-90%
oulad_DDD_2013B,OULAD,transferred,ukzn_ISTN211_2019,disability,2,0.3157894736842105,0.2163323782234957,0.0994570954607148,N
oulad_DDD_2013B,OULAD,transferred,ukzn_ISTN211_2019,age_band,2,0.22996515679442509,0.22274881516587677,0.007216341628548312,35-55
oulad_DDD_2013B,OULAD,transferred,ukzn_ISTN211_2019,highest_education,3,0.24383561643835616,0.14545454545454545,0.09838107098381071,HE Qualification
oulad_DDD_2013B,OULAD,transferred,ukzn_ISTN211_2021,gender,2,0.33015873015873015,0.32217573221757323,0.007982997941156922,M
oulad_DDD_2013B,OULAD,transferred,ukzn_ISTN211_2021,imd_band,10,0.43157894736842106,0.24615384615384617,0.1854251012145749,90-100%
oulad_DDD_2013B,OULAD,transferred,ukzn_ISTN211_2021,disability,2,0.3473684210526316,0.3223495702005731,0.025018850852058516,N
oulad_DDD_2013B,OULAD,transferred,ukzn_ISTN211_2021,age_band,2,0.3240418118466899,0.3222748815165877,0.0017669303301022232,35-55
oulad_DDD_2013B,OULAD,transferred,ukzn_ISTN211_2021,highest_education,3,0.33980582524271846,0.2636363636363636,0.07616946160635485,HE Qualification
oulad_DDD_2013B,OULAD,transferred,ukzn_ISTN212_2018,gender,2,0.3333333333333333,0.3179916317991632,0.015341701534170138,M
oulad_DDD_2013B,OULAD,transferred,ukzn_ISTN212_2018,imd_band,10,0.42105263157894735,0.2,0.22105263157894733,90-100%
oulad_DDD_2013B,OULAD,transferred,ukzn_ISTN212_2018,disability,2,0.35789473684210527,0.3194842406876791,0.038410496154426155,N
oulad_DDD_2013B,OULAD,transferred,ukzn_ISTN212_2018,age_band,2,0.35071090047393366,0.3118466898954704,0.03886421057846329,0-35
oulad_DDD_2013B,OULAD,transferred,ukzn_ISTN212_2018,highest_education,3,0.336986301369863,0.3074433656957929,0.029542935674070125,A Level or Equivalent
oulad_DDD_2013B,OULAD,transferred,ukzn_ISTN212_2019,gender,2,0.3493723849372385,0.2984126984126984,0.05095968652454008,F
oulad_DDD_2013B,OULAD,transferred,ukzn_ISTN212_2019,imd_band,10,0.45263157894736844,0.21052631578947367,0.24210526315789477,60-70%
oulad_DDD_2013B,OULAD,transferred,ukzn_ISTN212_2019,disability,2,0.32951289398280803,0.3263157894736842,0.003197104509123805,Y
oulad_DDD_2013B,OULAD,transferred,ukzn_ISTN212_2019,age_band,2,0.3362369337979094,0.2985781990521327,0.037658734745776745,35-55
oulad_DDD_2013B,OULAD,transferred,ukzn_ISTN212_2019,highest_education,3,0.33972602739726027,0.2909090909090909,0.04881693648816937,HE Qualification
oulad_DDD_2013B,OULAD,transferred,ukzn_ISTN2IP_2018,gender,2,0.3305439330543933,0.3142857142857143,0.016258218768679,F
oulad_DDD_2013B,OULAD,transferred,ukzn_ISTN2IP_2018,imd_band,10,0.47368421052631576,0.18421052631578946,0.2894736842105263,60-70%
oulad_DDD_2013B,OULAD,transferred,ukzn_ISTN2IP_2018,disability,2,0.3473684210526316,0.3209169054441261,0.026451515608505505,N
oulad_DDD_2013B,OULAD,transferred,ukzn_ISTN2IP_2018,age_band,2,0.3310104529616725,0.3033175355450237,0.027692917416648755,35-55
oulad_DDD_2013B,OULAD,transferred,ukzn_ISTN2IP_2018,highest_education,3,0.36245954692556637,0.2727272727272727,0.08973227419829366,HE Qualification
oulad_DDD_2013B,OULAD,transferred,ukzn_ISTN2IP_2019,gender,2,0.3263598326359833,0.29523809523809524,0.03112173739788804,F
oulad_DDD_2013B,OULAD,transferred,ukzn_ISTN2IP_2019,imd_band,10,0.4105263157894737,0.23684210526315788,0.1736842105263158,60-70%
oulad_DDD_2013B,OULAD,transferred,ukzn_ISTN2IP_2019,disability,2,0.37894736842105264,0.30515759312320917,0.07378977529784347,N
oulad_DDD_2013B,OULAD,transferred,ukzn_ISTN2IP_2019,age_band,2,0.3170731707317073,0.3033175355450237,0.013755635186683601,35-55
oulad_DDD_2013B,OULAD,transferred,ukzn_ISTN2IP_2019,highest_education,3,0.3424657534246575,0.2636363636363636,0.0788293897882939,HE Qualification
oulad_DDD_2013B,OULAD,transferred,ukzn_ISTN3ND_2018,gender,2,0.3158995815899582,0.28888888888888886,0.027010692701069317,F
oulad_DDD_2013B,OULAD,transferred,ukzn_ISTN3ND_2018,imd_band,10,0.3684210526315789,0.21052631578947367,0.15789473684210525,60-70%
oulad_DDD_2013B,OULAD,transferred,ukzn_ISTN3ND_2018,disability,2,0.30659025787965616,0.29473684210526313,0.011853415774393028,Y
oulad_DDD_2013B,OULAD,transferred,ukzn_ISTN3ND_2018,age_band,2,0.29965156794425085,0.2985781990521327,0.001073368892118176,35-55
oulad_DDD_2013B,OULAD,transferred,ukzn_ISTN3ND_2018,highest_education,3,0.32727272727272727,0.29315068493150687,0.034122042341220404,Lower Than A Level
oulad_DDD_2013B,OULAD,transferred,ukzn_ISTN3ND_2019,gender,2,0.28888888888888886,0.26569037656903766,0.023198512319851206,M
oulad_DDD_2013B,OULAD,transferred,ukzn_ISTN3ND_2019,imd_band,10,0.3684210526315789,0.13846153846153847,0.22995951417004046,90-100%
oulad_DDD_2013B,OULAD,transferred,ukzn_ISTN3ND_2019,disability,2,0.3263157894736842,0.2679083094555874,0.05840748001809681,N
oulad_DDD_2013B,OULAD,transferred,ukzn_ISTN3ND_2019,age_band,2,0.3080568720379147,0.2613240418118467,0.046732830226068,0-35
oulad_DDD_2013B,OULAD,transferred,ukzn_ISTN3ND_2019,highest_education,3,0.2818181818181818,0.2686084142394822,0.013209767578699627,A Level or Equivalent
oulad_DDD_2013B,OULAD,transferred,ukzn_ISTN3SA_2018,gender,2,0.19665271966527198,0.1873015873015873,0.009351132363684678,F
oulad_DDD_2013B,OULAD,transferred,ukzn_ISTN3SA_2018,imd_band,10,0.3076923076923077,0.11428571428571428,0.19340659340659344,80-90%
oulad_DDD_2013B,OULAD,transferred,ukzn_ISTN3SA_2018,disability,2,0.23157894736842105,0.1876790830945559,0.04389986427386516,N
oulad_DDD_2013B,OULAD,transferred,ukzn_ISTN3SA_2018,age_band,2,0.1943127962085308,0.1916376306620209,0.0026751655465099,0-35
oulad_DDD_2013B,OULAD,transferred,ukzn_ISTN3SA_2018,highest_education,3,0.2054794520547945,0.15454545454545454,0.05093399750933997,HE Qualification
oulad_DDD_2013B,OULAD,transferred,ukzn_ISTN3SA_2019,gender,2,0.3389121338912134,0.30158730158730157,0.037324832303911815,F
oulad_DDD_2013B,OULAD,transferred,ukzn_ISTN3SA_2019,imd_band,10,0.3924050632911392,0.2153846153846154,0.17702044790652383,90-100%
oulad_DDD_2013B,OULAD,transferred,ukzn_ISTN3SA_2019,disability,2,0.4105263157894737,0.3123209169054441,0.09820539888402957,N
oulad_DDD_2013B,OULAD,transferred,ukzn_ISTN3SA_2019,age_band,2,0.3886255924170616,0.2979094076655052,0.0907161847515564,0-35
oulad_DDD_2013B,OULAD,transferred,ukzn_ISTN3SA_2019,highest_education,3,0.3424657534246575,0.2909090909090909,0.05155666251556662,HE Qualification
oulad_DDD_2013B,OULAD,transferred,zambia_ICT1110_2020,gender,2,0.33263598326359833,0.2920634920634921,0.04057249120010625,F
oulad_DDD_2013B,OULAD,transferred,zambia_ICT1110_2020,imd_band,10,0.37142857142857144,0.23684210526315788,0.13458646616541356,60-70%
oulad_DDD_2013B,OULAD,transferred,zambia_ICT1110_2020,disability,2,0.32664756446991405,0.24210526315789474,0.08454230131201931,Y
oulad_DDD_2013B,OULAD,transferred,zambia_ICT1110_2020,age_band,2,0.3170731707317073,0.3080568720379147,0.009016298693792613,35-55
oulad_DDD_2013B,OULAD,transferred,zambia_ICT1110_2020,highest_education,3,0.34951456310679613,0.2958904109589041,0.05362415214789201,Lower Than A Level
oulad_DDD_2013B,OULAD,transferred,zambia_ICT1110_2021,gender,2,0.2510460251046025,0.21587301587301588,0.035173009231586616,F
oulad_DDD_2013B,OULAD,transferred,zambia_ICT1110_2021,imd_band,10,0.2923076923076923,0.19540229885057472,0.0969053934571176,40-50%
oulad_DDD_2013B,OULAD,transferred,zambia_ICT1110_2021,disability,2,0.24212034383954154,0.2,0.042120343839541524,Y
oulad_DDD_2013B,OULAD,transferred,zambia_ICT1110_2021,age_band,2,0.24644549763033174,0.23519163763066203,0.011253859999669713,0-35
oulad_DDD_2013B,OULAD,transferred,zambia_ICT1110_2021,highest_education,3,0.2547945205479452,0.21359223300970873,0.04120228753823649,A Level or Equivalent
oulad_DDD_2013B,OULAD,transferred,oviedo_C1112_1415,gender,2,0.3263598326359833,0.31746031746031744,0.00889951517566584,F
oulad_DDD_2013B,OULAD,transferred,oviedo_C1112_1415,imd_band,10,0.4142857142857143,0.2236842105263158,0.19060150375939852,60-70%
oulad_DDD_2013B,OULAD,transferred,oviedo_C1112_1415,disability,2,0.3684210526315789,0.3166189111747851,0.05180214145679385,N
oulad_DDD_2013B,OULAD,transferred,oviedo_C1112_1415,age_band,2,0.32578397212543553,0.3033175355450237,0.022466436580411808,35-55
oulad_DDD_2013B,OULAD,transferred,oviedo_C1112_1415,highest_education,3,0.33972602739726027,0.24545454545454545,0.09427148194271481,HE Qualification
oulad_DDD_2013B,OULAD,transferred,oviedo_C1127_1415,gender,2,0.34518828451882844,0.30158730158730157,0.043600982931526866,F
oulad_DDD_2013B,OULAD,transferred,oviedo_C1127_1415,imd_band,10,0.42528735632183906,0.18461538461538463,0.24067197170645444,90-100%
oulad_DDD_2013B,OULAD,transferred,oviedo_C1127_1415,disability,2,0.332378223495702,0.29473684210526313,0.03764138139043888,Y
oulad_DDD_2013B,OULAD,transferred,oviedo_C1127_1415,age_band,2,0.3310104529616725,0.3175355450236967,0.013474907937975789,35-55
oulad_DDD_2013B,OULAD,transferred,oviedo_C1127_1415,highest_education,3,0.3424657534246575,0.3090909090909091,0.03337484433374843,HE Qualification
oulad_DDD_2013B,OULAD,transferred,oviedo_C1200_1415,gender,2,0.33263598326359833,0.30793650793650795,0.02469947532709038,F
oulad_DDD_2013B,OULAD,transferred,oviedo_C1200_1415,imd_band,10,0.42105263157894735,0.21052631578947367,0.21052631578947367,60-70%
oulad_DDD_2013B,OULAD,transferred,oviedo_C1200_1415,disability,2,0.37894736842105264,0.3151862464183381,0.06376112200271455,N
oulad_DDD_2013B,OULAD,transferred,oviedo_C1200_1415,age_band,2,0.3222748815165877,0.3205574912891986,0.0017173902273890929,0-35
oulad_DDD_2013B,OULAD,transferred,oviedo_C1200_1415,highest_education,3,0.343042071197411,0.24545454545454545,0.09758752574286553,HE Qualification
oulad_DDD_2013B,OULAD,transferred,oviedo_C1303_1415,gender,2,0.3305439330543933,0.31746031746031744,0.013083615594075837,F
oulad_DDD_2013B,OULAD,transferred,oviedo_C1303_1415,imd_band,10,0.4631578947368421,0.16923076923076924,0.29392712550607286,90-100%
oulad_DDD_2013B,OULAD,transferred,oviedo_C1303_1415,disability,2,0.3684210526315789,0.3194842406876791,0.048936811943899816,N
oulad_DDD_2013B,OULAD,transferred,oviedo_C1303_1415,age_band,2,0.35071090047393366,0.3118466898954704,0.03886421057846329,0-35
oulad_DDD_2013B,OULAD,transferred,oviedo_C1303_1415,highest_education,3,0.343042071197411,0.31232876712328766,0.030713304074123315,Lower Than A Level
oulad_DDD_2013B,OULAD,transferred,oviedo_C174_1415,gender,2,0.28661087866108786,0.21904761904761905,0.06756325961346882,F
oulad_DDD_2013B,OULAD,transferred,oviedo_C174_1415,imd_band,10,0.3218390804597701,0.15789473684210525,0.16394434361766486,10-20
oulad_DDD_2013B,OULAD,transferred,oviedo_C174_1415,disability,2,0.2693409742120344,0.18947368421052632,0.07986729000150808,Y
oulad_DDD_2013B,OULAD,transferred,oviedo_C174_1415,age_band,2,0.33175355450236965,0.23170731707317074,0.10004623742919891,0-35
oulad_DDD_2013B,OULAD,transferred,oviedo_C174_1415,highest_education,3,0.39090909090909093,0.22465753424657534,0.1662515566625156,Lower Than A Level
oulad_DDD_2013B,OULAD,transferred,oviedo_C190_1415,gender,2,0.25523012552301255,0.20952380952380953,0.04570631599920302,F
oulad_DDD_2013B,OULAD,transferred,oviedo_C190_1415,imd_band,10,0.32786885245901637,0.18571428571428572,0.14215456674473065,80-90%
oulad_DDD_2013B,OULAD,transferred,oviedo_C190_1415,disability,2,0.2736842105263158,0.23209169054441262,0.04159251998190319,N
oulad_DDD_2013B,OULAD,transferred,oviedo_C190_1415,age_band,2,0.2559241706161137,0.23170731707317074,0.02421685354294298,0-35
oulad_DDD_2013B,OULAD,transferred,oviedo_C190_1415,highest_education,3,0.2636363636363636,0.22006472491909385,0.04357163871726977,A Level or Equivalent
oulad_DDD_2013B,OULAD,transferred,oviedo_C1978_1415,gender,2,0.11746031746031746,0.07740585774058577,0.04005445971973169,M
oulad_DDD_2013B,OULAD,transferred,oviedo_C1978_1415,imd_band,10,0.11842105263157894,0.046153846153846156,0.07226720647773278,90-100%
oulad_DDD_2013B,OULAD,transferred,oviedo_C1978_1415,disability,2,0.09598853868194843,0.07368421052631578,0.022304328155632644,Y
oulad_DDD_2013B,OULAD,transferred,oviedo_C1978_1415,age_band,2,0.10426540284360189,0.08885017421602788,0.01541522862757401,0-35
oulad_DDD_2013B,OULAD,transferred,oviedo_C1978_1415,highest_education,3,0.10909090909090909,0.0744336569579288,0.03465725213298028,A Level or Equivalent
oulad_DDD_2013B,OULAD,transferred,oviedo_C2011_1415,gender,2,0.3200836820083682,0.2920634920634921,0.028020189944876095,F
oulad_DDD_2013B,OULAD,transferred,oviedo_C2011_1415,imd_band,10,0.42105263157894735,0.21052631578947367,0.21052631578947367,10-20
oulad_DDD_2013B,OULAD,transferred,oviedo_C2011_1415,disability,2,0.3684210526315789,0.3008595988538682,0.06756145377771072,N
oulad_DDD_2013B,OULAD,transferred,oviedo_C2011_1415,age_band,2,0.35071090047393366,0.289198606271777,0.06151229420215665,0-35
oulad_DDD_2013B,OULAD,transferred,oviedo_C2011_1415,highest_education,3,0.3150684931506849,0.2977346278317152,0.017333865318969688,A Level or Equivalent
oulad_DDD_2013B,OULAD,transferred,oviedo_C2024_1415,gender,2,0.34309623430962344,0.29523809523809524,0.047858139071528194,F
oulad_DDD_2013B,OULAD,transferred,oviedo_C2024_1415,imd_band,10,0.42105263157894735,0.19736842105263158,0.22368421052631576,60-70%
oulad_DDD_2013B,OULAD,transferred,oviedo_C2024_1415,disability,2,0.3473684210526316,0.3209169054441261,0.026451515608505505,N
oulad_DDD_2013B,OULAD,transferred,oviedo_C2024_1415,age_band,2,0.3327526132404181,0.2890995260663507,0.043653087174067406,35-55
oulad_DDD_2013B,OULAD,transferred,oviedo_C2024_1415,highest_education,3,0.3424657534246575,0.24545454545454545,0.09701120797011206,HE Qualification
oulad_DDD_2013B,OULAD,transferred,oviedo_C2150_1415,gender,2,0.34309623430962344,0.2984126984126984,0.04468353589692503,F
oulad_DDD_2013B,OULAD,transferred,oviedo_C2150_1415,imd_band,10,0.45263157894736844,0.2153846153846154,0.23724696356275304,90-100%
oulad_DDD_2013B,OULAD,transferred,oviedo_C2150_1415,disability,2,0.3263157894736842,0.32521489971346706,0.0011008897602171608,N
oulad_DDD_2013B,OULAD,transferred,oviedo_C2150_1415,age_band,2,0.3327526132404181,0.2938388625592417,0.03891375068117642,35-55
oulad_DDD_2013B,OULAD,transferred,oviedo_C2150_1415,highest_education,3,0.3315068493150685,0.3,0.03150684931506853,HE Qualification
oulad_DDD_2013B,OULAD,transferred,oviedo_C2271_1415,gender,2,0.3305439330543933,0.2634920634920635,0.06705186956232978,F
oulad_DDD_2013B,OULAD,transferred,oviedo_C2271_1415,imd_band,10,0.39080459770114945,0.19736842105263158,0.19343617664851787,60-70%
oulad_DDD_2013B,OULAD,transferred,oviedo_C2271_1415,disability,2,0.30802292263610315,0.2736842105263158,0.03433871210978734,Y
oulad_DDD_2013B,OULAD,transferred,oviedo_C2271_1415,age_band,2,0.313588850174216,0.27488151658767773,0.03870733358653827,35-55
oulad_DDD_2013B,OULAD,transferred,oviedo_C2271_1415,highest_education,3,0.32362459546925565,0.23636363636363636,0.08726095910561929,HE Qualification
oulad_DDD_2013B,OULAD,transferred,oviedo_C2335_1415,gender,2,0.28870292887029286,0.2761904761904762,0.012512452679816655,F
oulad_DDD_2013B,OULAD,transferred,oviedo_C2335_1415,imd_band,10,0.3368421052631579,0.23684210526315788,0.1,60-70%
oulad_DDD_2013B,OULAD,transferred,oviedo_C2335_1415,disability,2,0.42105263157894735,0.26504297994269344,0.1560096516362539,N
oulad_DDD_2013B,OULAD,transferred,oviedo_C2335_1415,age_band,2,0.3412322274881517,0.26480836236933797,0.07642386511881372,0-35
oulad_DDD_2013B,OULAD,transferred,oviedo_C2335_1415,highest_education,3,0.3095890410958904,0.21818181818181817,0.09140722291407224,HE Qualification
oulad_DDD_2013B,OULAD,transferred,oviedo_C2406_1415,gender,2,0.3284518828451883,0.3047619047619048,0.02368997808328349,F
oulad_DDD_2013B,OULAD,transferred,oviedo_C2406_1415,imd_band,10,0.4,0.2236842105263158,0.17631578947368423,60-70%
oulad_DDD_2013B,OULAD,transferred,oviedo_C2406_1415,disability,2,0.3237822349570201,0.28421052631578947,0.03957170864123061,Y
oulad_DDD_2013B,OULAD,transferred,oviedo_C2406_1415,age_band,2,0.3170731707317073,0.3127962085308057,0.004276962200901624,35-55
oulad_DDD_2013B,OULAD,transferred,oviedo_C2406_1415,highest_education,3,0.34627831715210355,0.2545454545454545,0.09173286260664903,HE Qualification
oulad_DDD_2013B,OULAD,transferred,oviedo_C2468_1415,gender,2,0.2698744769874477,0.26666666666666666,0.003207810320781046,F
oulad_DDD_2013B,OULAD,transferred,oviedo_C2468_1415,imd_band,10,0.3114754098360656,0.19736842105263158,0.114106988783434,60-70%
oulad_DDD_2013B,OULAD,transferred,oviedo_C2468_1415,disability,2,0.2736842105263158,0.2679083094555874,0.005775901070728395,N
oulad_DDD_2013B,OULAD,transferred,oviedo_C2468_1415,age_band,2,0.27014218009478674,0.2665505226480836,0.003591657446703145,0-35
oulad_DDD_2013B,OULAD,transferred,oviedo_C2468_1415,highest_education,3,0.2815533980582524,0.20909090909090908,0.07246248896734334,HE Qualification
oulad_DDD_2013B,OULAD,transferred,oviedo_C2607_1415,gender,2,0.32426778242677823,0.30158730158730157,0.022680480839476658,F
oulad_DDD_2013B,OULAD,transferred,oviedo_C2607_1415,imd_band,10,0.3894736842105263,0.19736842105263158,0.19210526315789472,60-70%
oulad_DDD_2013B,OULAD,transferred,oviedo_C2607_1415,disability,2,0.3473684210526316,0.3108882521489971,0.03648016890363448,N
oulad_DDD_2013B,OULAD,transferred,oviedo_C2607_1415,age_band,2,0.3175355450236967,0.31010452961672474,0.007431015406971941,0-35
oulad_DDD_2013B,OULAD,transferred,oviedo_C2607_1415,highest_education,3,0.32362459546925565,0.2909090909090909,0.032715504560164754,HE Qualification
oulad_DDD_2013B,OULAD,transferred,oviedo_C3022_1415,gender,2,0.22857142857142856,0.19665271966527198,0.031918708906156584,M
oulad_DDD_2013B,OULAD,transferred,oviedo_C3022_1415,imd_band,10,0.2988505747126437,0.15384615384615385,0.14500442086648985,90-100%
oulad_DDD_2013B,OULAD,transferred,oviedo_C3022_1415,disability,2,0.21203438395415472,0.18947368421052632,0.0225606997436284,Y
oulad_DDD_2013B,OULAD,transferred,oviedo_C3022_1415,age_band,2,0.21800947867298578,0.20557491289198607,0.012434565780999718,0-35
oulad_DDD_2013B,OULAD,transferred,oviedo_C3022_1415,highest_education,3,0.23636363636363636,0.18770226537216828,0.048661370991468084,A Level or Equivalent
oulad_DDD_2013B,OULAD,transferred,oviedo_C3029_1415,gender,2,0.33650793650793653,0.3179916317991632,0.018516304708773357,M
oulad_DDD_2013B,OULAD,transferred,oviedo_C3029_1415,imd_band,10,0.4421052631578947,0.21052631578947367,0.23157894736842105,60-70%
oulad_DDD_2013B,OULAD,transferred,oviedo_C3029_1415,disability,2,0.3684210526315789,0.3194842406876791,0.048936811943899816,N
oulad_DDD_2013B,OULAD,transferred,oviedo_C3029_1415,age_band,2,0.32701421800947866,0.32229965156794427,0.004714566441534396,0-35
oulad_DDD_2013B,OULAD,transferred,oviedo_C3029_1415,highest_education,3,0.3333333333333333,0.3181818181818182,0.015151515151515138,HE Qualification
oulad_DDD_2013B,OULAD,transferred,oviedo_C4189_1415,gender,2,0.19246861924686193,0.15555555555555556,0.03691306369130637,F
oulad_DDD_2013B,OULAD,transferred,oviedo_C4189_1415,imd_band,10,0.2714285714285714,0.07792207792207792,0.1935064935064935,50-60%
oulad_DDD_2013B,OULAD,transferred,oviedo_C4189_1415,disability,2,0.18481375358166188,0.12631578947368421,0.05849796410797767,Y
oulad_DDD_2013B,OULAD,transferred,oviedo_C4189_1415,age_band,2,0.2890995260663507,0.13763066202090593,0.15146886404544477,0-35
oulad_DDD_2013B,OULAD,transferred,oviedo_C4189_1415,highest_education,3,0.3181818181818182,0.15342465753424658,0.1647571606475716,Lower Than A Level
oulad_DDD_2013B,OULAD,transferred,oviedo_C4213_1415,gender,2,0.326984126984127,0.3179916317991632,0.008992495184963811,M
oulad_DDD_2013B,OULAD,transferred,oviedo_C4213_1415,imd_band,10,0.37662337662337664,0.18461538461538463,0.192007992007992,90-100%
oulad_DDD_2013B,OULAD,transferred,oviedo_C4213_1415,disability,2,0.32664756446991405,0.28421052631578947,0.042437038154124584,Y
oulad_DDD_2013B,OULAD,transferred,oviedo_C4213_1415,age_band,2,0.3327526132404181,0.2843601895734597,0.048392423666958395,35-55
oulad_DDD_2013B,OULAD,transferred,oviedo_C4213_1415,highest_education,3,0.3365695792880259,0.2818181818181818,0.05475139746984409,HE Qualification
oulad_DDD_2013B,OULAD,transferred,oviedo_C836_1415,gender,2,0.3238095238095238,0.3054393305439331,0.01837019326559075,M
oulad_DDD_2013B,OULAD,transferred,oviedo_C836_1415,imd_band,10,0.42105263157894735,0.2,0.22105263157894733,90-100%
oulad_DDD_2013B,OULAD,transferred,oviedo_C836_1415,disability,2,0.37894736842105264,0.3037249283667622,0.07522244005429046,N
oulad_DDD_2013B,OULAD,transferred,oviedo_C836_1415,age_band,2,0.3118466898954704,0.3080568720379147,0.0037898178575556662,35-55
oulad_DDD_2013B,OULAD,transferred,oviedo_C836_1415,highest_education,3,0.3300970873786408,0.29863013698630136,0.03146695039233943,Lower Than A Level
oulad_DDD_2013J,OULAD,local,oulad_DDD_2013J,gender,2,0.3659574468085106,0.3380281690140845,0.02792927779442611,M
oulad_DDD_2013J,OULAD,local,oulad_DDD_2013J,imd_band,10,0.4342105263157895,0.29906542056074764,0.13514510575504185,50-60%
oulad_DDD_2013J,OULAD,local,oulad_DDD_2013J,disability,2,0.4342105263157895,0.33646812957157785,0.09774239674421165,N
oulad_DDD_2013J,OULAD,local,oulad_DDD_2013J,age_band,2,0.35365853658536583,0.34894613583138173,0.004712400753984103,0-35
oulad_DDD_2013J,OULAD,local,oulad_DDD_2013J,highest_education,3,0.3758099352051836,0.3227176220806794,0.05309231312450419,A Level or Equivalent
oulad_DDD_2013J,OULAD,transferred,ku_Accountancy_1819,gender,2,0.24569640062597808,0.2,0.04569640062597807,F
oulad_DDD_2013J,OULAD,transferred,ku_Accountancy_1819,imd_band,10,0.3176470588235294,0.18691588785046728,0.1307311709730621,50-60%
oulad_DDD_2013J,OULAD,transferred,ku_Accountancy_1819,disability,2,0.22675026123301986,0.2236842105263158,0.003066050706704071,Y
oulad_DDD_2013J,OULAD,transferred,ku_Accountancy_1819,age_band,2,0.23653395784543327,0.1951219512195122,0.041412006625921066,35-55
oulad_DDD_2013J,OULAD,transferred,ku_Accountancy_1819,highest_education,3,0.24190064794816415,0.208067940552017,0.03383270739614716,A Level or Equivalent
oulad_DDD_2013J,OULAD,transferred,ku_Globaleconom_1819,gender,2,0.3468085106382979,0.3348982785602504,0.011910232078047478,M
oulad_DDD_2013J,OULAD,transferred,ku_Globaleconom_1819,imd_band,10,0.4342105263157895,0.23655913978494625,0.19765138653084324,70-80%
oulad_DDD_2013J,OULAD,transferred,ku_Globaleconom_1819,disability,2,0.39473684210526316,0.33124346917450365,0.06349337293075952,N
oulad_DDD_2013J,OULAD,transferred,ku_Globaleconom_1819,age_band,2,0.34959349593495936,0.3372365339578454,0.012356961977113945,0-35
oulad_DDD_2013J,OULAD,transferred,ku_Globaleconom_1819,highest_education,3,0.3542116630669546,0.3246753246753247,0.029536338391629946,HE Qualification
oulad_DDD_2013J,OULAD,transferred,ku_Accountancy_1920,gender,2,0.12519561815336464,0.11702127659574468,0.008174341557619952,F
oulad_DDD_2013J,OULAD,transferred,ku_Accountancy_1920,imd_band,10,0.2,0.07317073170731707,0.12682926829268293,0-10%
oulad_DDD_2013J,OULAD,transferred,ku_Accountancy_1920,disability,2,0.125,0.12121212121212122,0.0037878787878787845,N
oulad_DDD_2013J,OULAD,transferred,ku_Accountancy_1920,age_band,2,0.12601626016260162,0.11943793911007025,0.006578321052531366,0-35
oulad_DDD_2013J,OULAD,transferred,ku_Accountancy_1920,highest_education,3,0.12742980561555076,0.11038961038961038,0.01704019522594037,HE Qualification
oulad_DDD_2013J,OULAD,transferred,ku_Globaleconom_1920,gender,2,0.3364632237871675,0.3,0.03646322378716749,F
oulad_DDD_2013J,OULAD,transferred,ku_Globaleconom_1920,imd_band,10,0.40789473684210525,0.25833333333333336,0.1495614035087719,10-20
oulad_DDD_2013J,OULAD,transferred,ku_Globaleconom_1920,disability,2,0.32894736842105265,0.31974921630094044,0.009198152120112213,N
oulad_DDD_2013J,OULAD,transferred,ku_Globaleconom_1920,age_band,2,0.319672131147541,0.3170731707317073,0.0025989604158336843,35-55
oulad_DDD_2013J,OULAD,transferred,ku_Globaleconom_1920,highest_education,3,0.37662337662337664,0.2908704883227176,0.08575288830065902,A Level or Equivalent
oulad_DDD_2013J,OULAD,transferred,ku_Accountancy_2021,gender,2,0.28085106382978725,0.27543035993740217,0.0054207038923850814,M
oulad_DDD_2013J,OULAD,transferred,ku_Accountancy_2021,imd_band,10,0.30597014925373134,0.2111111111111111,0.09485903814262023,60-70%
oulad_DDD_2013J,OULAD,transferred,ku_Accountancy_2021,disability,2,0.32894736842105265,0.26959247648902823,0.05935489193202442,N
oulad_DDD_2013J,OULAD,transferred,ku_Accountancy_2021,age_band,2,0.2845528455284553,0.2775175644028103,0.007035281125644999,0-35
oulad_DDD_2013J,OULAD,transferred,ku_Accountancy_2021,highest_education,3,0.2915766738660907,0.2653927813163482,0.026183892549742516,A Level or Equivalent
oulad_DDD_2013J,OULAD,transferred,ku_Globaleconom_2021,gender,2,0.35106382978723405,0.30672926447574334,0.044334565311490715,M
oulad_DDD_2013J,OULAD,transferred,ku_Globaleconom_2021,imd_band,10,0.373134328358209,0.28448275862068967,0.08865156973751931,20-30%
oulad_DDD_2013J,OULAD,transferred,ku_Globaleconom_2021,disability,2,0.3618421052631579,0.31974921630094044,0.04209288896221747,N
oulad_DDD_2013J,OULAD,transferred,ku_Globaleconom_2021,age_band,2,0.3252032520325203,0.3231850117096019,0.0020182403229184187,0-35
oulad_DDD_2013J,OULAD,transferred,ku_Globaleconom_2021,highest_education,3,0.33116883116883117,0.3184713375796178,0.012697493589213349,A Level or Equivalent
oulad_DDD_2013J,OULAD,transferred,ukzn_ISTN101_2019,gender,2,0.26382978723404255,0.2300469483568075,0.033782838877235044,M
oulad_DDD_2013J,OULAD,transferred,ukzn_ISTN101_2019,imd_band,10,0.3358208955223881,0.1827956989247312,0.1530251965976569,70-80%
oulad_DDD_2013J,OULAD,transferred,ukzn_ISTN101_2019,disability,2,0.2631578947368421,0.2413793103448276,0.021778584392014494,N
oulad_DDD_2013J,OULAD,transferred,ukzn_ISTN101_2019,age_band,2,0.24473067915690866,0.23983739837398374,0.004893280782924919,35-55
oulad_DDD_2013J,OULAD,transferred,ukzn_ISTN101_2019,highest_education,3,0.267515923566879,0.2203023758099352,0.04721354775694378,Lower Than A Level
oulad_DDD_2013J,OULAD,transferred,ukzn_ISTN101_2020,gender,2,0.3208137715179969,0.28936170212765955,0.031452069390337345,F
oulad_DDD_2013J,OULAD,transferred,ukzn_ISTN101_2020,imd_band,10,0.3764705882352941,0.23333333333333334,0.14313725490196078,10-20
oulad_DDD_2013J,OULAD,transferred,ukzn_ISTN101_2020,disability,2,0.3157894736842105,0.30616509926854757,0.00962437441566294,N
oulad_DDD_2013J,OULAD,transferred,ukzn_ISTN101_2020,age_band,2,0.32113821138211385,0.3044496487119438,0.01668856267017005,0-35
oulad_DDD_2013J,OULAD,transferred,ukzn_ISTN101_2020,highest_education,3,0.3347732181425486,0.27176220806794055,0.06301101007460808,A Level or Equivalent
oulad_DDD_2013J,OULAD,transferred,ukzn_ISTN101_2021,gender,2,0.352112676056338,0.30638297872340425,0.04572969733293375,F
oulad_DDD_2013J,OULAD,transferred,ukzn_ISTN101_2021,imd_band,10,0.43529411764705883,0.25806451612903225,0.17722960151802658,70-80%
oulad_DDD_2013J,OULAD,transferred,ukzn_ISTN101_2021,disability,2,0.3355263157894737,0.3322884012539185,0.003237914535555164,N
oulad_DDD_2013J,OULAD,transferred,ukzn_ISTN101_2021,age_band,2,0.3372365339578454,0.3170731707317073,0.020163363226138098,35-55
oulad_DDD_2013J,OULAD,transferred,ukzn_ISTN101_2021,highest_education,3,0.3390928725701944,0.3051948051948052,0.033898067375389196,HE Qualification
oulad_DDD_2013J,OULAD,transferred,ukzn_ISTN102_2018,gender,2,0.352112676056338,0.3148936170212766,0.0372190590350614,F
oulad_DDD_2013J,OULAD,transferred,ukzn_ISTN102_2018,imd_band,10,0.38823529411764707,0.25806451612903225,0.13017077798861482,70-80%
oulad_DDD_2013J,OULAD,transferred,ukzn_ISTN102_2018,disability,2,0.3815789473684211,0.329153605015674,0.052425342352747095,N
oulad_DDD_2013J,OULAD,transferred,ukzn_ISTN102_2018,age_band,2,0.3372365339578454,0.32926829268292684,0.007968241274918575,35-55
oulad_DDD_2013J,OULAD,transferred,ukzn_ISTN102_2018,highest_education,3,0.3542116630669546,0.3051948051948052,0.04901685787214943,HE Qualification
oulad_DDD_2013J,OULAD,transferred,ukzn_ISTN103_2019,gender,2,0.2942097026604069,0.2936170212765957,0.0005926813838111888,F
oulad_DDD_2013J,OULAD,transferred,ukzn_ISTN103_2019,imd_band,10,0.35526315789473684,0.24299065420560748,0.11227250368912936,50-60%
oulad_DDD_2013J,OULAD,transferred,ukzn_ISTN103_2019,disability,2,0.375,0.28108672936259144,0.09391327063740856,N
oulad_DDD_2013J,OULAD,transferred,ukzn_ISTN103_2019,age_band,2,0.34959349593495936,0.27985948477751754,0.06973401115744182,0-35
oulad_DDD_2013J,OULAD,transferred,ukzn_ISTN103_2019,highest_education,3,0.3181818181818182,0.2611464968152866,0.057035321366531555,A Level or Equivalent
oulad_DDD_2013J,OULAD,transferred,ukzn_ISTN103_2020,gender,2,0.350547730829421,0.3276595744680851,0.0228881563613359,F
oulad_DDD_2013J,OULAD,transferred,ukzn_ISTN103_2020,imd_band,10,0.4,0.24731182795698925,0.15268817204301077,70-80%
oulad_DDD_2013J,OULAD,transferred,ukzn_ISTN103_2020,disability,2,0.3881578947368421,0.3333333333333333,0.054824561403508776,N
oulad_DDD_2013J,OULAD,transferred,ukzn_ISTN103_2020,age_band,2,0.3430913348946136,0.32926829268292684,0.013823042211686731,35-55
oulad_DDD_2013J,OULAD,transferred,ukzn_ISTN103_2020,highest_education,3,0.3542116630669546,0.32696390658174096,0.02724775648521366,A Level or Equivalent
oulad_DDD_2013J,OULAD,transferred,ukzn_ISTN211_2019,gender,2,0.29148936170212764,0.2895148669796557,0.001974494722471909,M
oulad_DDD_2013J,OULAD,transferred,ukzn_ISTN211_2019,imd_band,10,0.34959349593495936,0.205607476635514,0.14398601929944535,50-60%
oulad_DDD_2013J,OULAD,transferred,ukzn_ISTN211_2019,disability,2,0.34868421052631576,0.28108672936259144,0.06759748116372433,N
oulad_DDD_2013J,OULAD,transferred,ukzn_ISTN211_2019,age_band,2,0.3170731707317073,0.28454332552693207,0.032529845204775254,0-35
oulad_DDD_2013J,OULAD,transferred,ukzn_ISTN211_2019,highest_education,3,0.3246753246753247,0.27176220806794055,0.052913116607384125,A Level or Equivalent
oulad_DDD_2013J,OULAD,transferred,ukzn_ISTN211_2021,gender,2,0.3617021276595745,0.3317683881064163,0.0299337395531582,M
oulad_DDD_2013J,OULAD,transferred,ukzn_ISTN211_2021,imd_band,10,0.3902439024390244,0.1935483870967742,0.19669551534225022,70-80%
oulad_DDD_2013J,OULAD,transferred,ukzn_ISTN211_2021,disability,2,0.40131578947368424,0.335423197492163,0.06589259198152125,N
oulad_DDD_2013J,OULAD,transferred,ukzn_ISTN211_2021,age_band,2,0.36533957845433257,0.27235772357723576,0.09298185487709681,35-55
oulad_DDD_2013J,OULAD,transferred,ukzn_ISTN211_2021,highest_education,3,0.35668789808917195,0.3051948051948052,0.051493092894366765,HE Qualification
oulad_DDD_2013J,OULAD,transferred,ukzn_ISTN212_2018,gender,2,0.3553191489361702,0.323943661971831,0.03137548696433923,M
oulad_DDD_2013J,OULAD,transferred,ukzn_ISTN212_2018,imd_band,10,0.3821138211382114,0.2672413793103448,0.1148724418278666,20-30%
oulad_DDD_2013J,OULAD,transferred,ukzn_ISTN212_2018,disability,2,0.3618421052631579,0.3333333333333333,0.028508771929824595,N
oulad_DDD_2013J,OULAD,transferred,ukzn_ISTN212_2018,age_band,2,0.36585365853658536,0.32669789227166274,0.03915576626492262,0-35
oulad_DDD_2013J,OULAD,transferred,ukzn_ISTN212_2018,highest_education,3,0.34773218142548595,0.3246753246753247,0.02305685675016128,HE Qualification
oulad_DDD_2013J,OULAD,transferred,ukzn_ISTN212_2019,gender,2,0.3427230046948357,0.3425531914893617,0.00016981320547398981,F
oulad_DDD_2013J,OULAD,transferred,ukzn_ISTN212_2019,imd_band,10,0.4205607476635514,0.27956989247311825,0.14099085519043314,70-80%
oulad_DDD_2013J,OULAD,transferred,ukzn_ISTN212_2019,disability,2,0.39473684210526316,0.3343782654127482,0.06035857669251499,N
oulad_DDD_2013J,OULAD,transferred,ukzn_ISTN212_2019,age_band,2,0.34543325526932084,0.32926829268292684,0.016164962586393994,35-55
oulad_DDD_2013J,OULAD,transferred,ukzn_ISTN212_2019,highest_education,3,0.3650107991360691,0.3246753246753247,0.040335474460744425,HE Qualification
oulad_DDD_2013J,OULAD,transferred,ukzn_ISTN2IP_2018,gender,2,0.3553191489361702,0.3208137715179969,0.03450537741817333,M
oulad_DDD_2013J,OULAD,transferred,ukzn_ISTN2IP_2018,imd_band,10,0.38317757009345793,0.25806451612903225,0.12511305396442568,70-80%
oulad_DDD_2013J,OULAD,transferred,ukzn_ISTN2IP_2018,disability,2,0.375,0.329153605015674,0.04584639498432602,N
oulad_DDD_2013J,OULAD,transferred,ukzn_ISTN2IP_2018,age_band,2,0.34192037470725994,0.3089430894308943,0.03297728527636562,35-55
oulad_DDD_2013J,OULAD,transferred,ukzn_ISTN2IP_2018,highest_education,3,0.35714285714285715,0.3227176220806794,0.03442523506217776,A Level or Equivalent
oulad_DDD_2013J,OULAD,transferred,ukzn_ISTN2IP_2019,gender,2,0.33191489361702126,0.3051643192488263,0.026750574368194946,M
oulad_DDD_2013J,OULAD,transferred,ukzn_ISTN2IP_2019,imd_band,10,0.3805970149253731,0.26666666666666666,0.11393034825870646,60-70%
oulad_DDD_2013J,OULAD,transferred,ukzn_ISTN2IP_2019,disability,2,0.3815789473684211,0.30616509926854757,0.0754138480998735,N
oulad_DDD_2013J,OULAD,transferred,ukzn_ISTN2IP_2019,age_band,2,0.34146341463414637,0.3114754098360656,0.02998800479808078,0-35
oulad_DDD_2013J,OULAD,transferred,ukzn_ISTN2IP_2019,highest_education,3,0.36363636363636365,0.28450106157112526,0.07913530206523839,A Level or Equivalent
oulad_DDD_2013J,OULAD,transferred,ukzn_ISTN3ND_2018,gender,2,0.3004694835680751,0.2957446808510638,0.004724802717011312,F
oulad_DDD_2013J,OULAD,transferred,ukzn_ISTN3ND_2018,imd_band,10,0.42990654205607476,0.19827586206896552,0.23163067998710923,20-30%
oulad_DDD_2013J,OULAD,transferred,ukzn_ISTN3ND_2018,disability,2,0.3223684210526316,0.2946708463949843,0.027697574657647273,N
oulad_DDD_2013J,OULAD,transferred,ukzn_ISTN3ND_2018,age_band,2,0.3044496487119438,0.27235772357723576,0.032091925134708044,35-55
oulad_DDD_2013J,OULAD,transferred,ukzn_ISTN3ND_2018,highest_education,3,0.3078556263269639,0.2922077922077922,0.0156478341191717,HE Qualification
oulad_DDD_2013J,OULAD,transferred,ukzn_ISTN3ND_2019,gender,2,0.3148936170212766,0.3145539906103286,0.00033962641094797963,M
oulad_DDD_2013J,OULAD,transferred,ukzn_ISTN3ND_2019,imd_band,10,0.3925233644859813,0.22580645161290322,0.16671691287307808,70-80%
oulad_DDD_2013J,OULAD,transferred,ukzn_ISTN3ND_2019,disability,2,0.34210526315789475,0.3103448275862069,0.03176043557168784,N
oulad_DDD_2013J,OULAD,transferred,ukzn_ISTN3ND_2019,age_band,2,0.31733021077283374,0.3048780487804878,0.012452161992345945,35-55
oulad_DDD_2013J,OULAD,transferred,ukzn_ISTN3ND_2019,highest_education,3,0.32696390658174096,0.2922077922077922,0.034756114373948765,HE Qualification
oulad_DDD_2013J,OULAD,transferred,ukzn_ISTN3SA_2018,gender,2,0.18085106382978725,0.15492957746478872,0.025921486364998525,M
oulad_DDD_2013J,OULAD,transferred,ukzn_ISTN3SA_2018,imd_band,10,0.27956989247311825,0.11842105263157894,0.16114883984153933,80-90%
oulad_DDD_2013J,OULAD,transferred,ukzn_ISTN3SA_2018,disability,2,0.19078947368421054,0.1619644723092999,0.028825001374910647,N
oulad_DDD_2013J,OULAD,transferred,ukzn_ISTN3SA_2018,age_band,2,0.1951219512195122,0.1592505854800937,0.035871365739418515,0-35
oulad_DDD_2013J,OULAD,transferred,ukzn_ISTN3SA_2018,highest_education,3,0.17278617710583152,0.12987012987012986,0.042916047235701665,HE Qualification
oulad_DDD_2013J,OULAD,transferred,ukzn_ISTN3SA_2019,gender,2,0.35106382978723405,0.3317683881064163,0.01929544168081776,M
oulad_DDD_2013J,OULAD,transferred,ukzn_ISTN3SA_2019,imd_band,10,0.4,0.3,0.10000000000000003,60-70%
oulad_DDD_2013J,OULAD,transferred,ukzn_ISTN3SA_2019,disability,2,0.4342105263157895,0.32497387669801464,0.10923664961777485,N
oulad_DDD_2013J,OULAD,transferred,ukzn_ISTN3SA_2019,age_band,2,0.3699186991869919,0.33138173302107726,0.03853696616591462,0-35
oulad_DDD_2013J,OULAD,transferred,ukzn_ISTN3SA_2019,highest_education,3,0.36069114470842334,0.3227176220806794,0.03797352262774395,A Level or Equivalent
oulad_DDD_2013J,OULAD,transferred,zambia_ICT1110_2020,gender,2,0.32340425531914896,0.3192488262910798,0.004155429028069146,M
oulad_DDD_2013J,OULAD,transferred,zambia_ICT1110_2020,imd_band,10,0.38823529411764707,0.25555555555555554,0.13267973856209153,60-70%
oulad_DDD_2013J,OULAD,transferred,zambia_ICT1110_2020,disability,2,0.3223684210526316,0.3207941483803553,0.0015742726722762779,N
oulad_DDD_2013J,OULAD,transferred,zambia_ICT1110_2020,age_band,2,0.3372365339578454,0.26422764227642276,0.07300889168142266,35-55
oulad_DDD_2013J,OULAD,transferred,zambia_ICT1110_2020,highest_education,3,0.32696390658174096,0.2922077922077922,0.034756114373948765,HE Qualification
oulad_DDD_2013J,OULAD,transferred,zambia_ICT1110_2021,gender,2,0.24893617021276596,0.2378716744913928,0.011064495721373163,M
oulad_DDD_2013J,OULAD,transferred,zambia_ICT1110_2021,imd_band,10,0.3111111111111111,0.18691588785046728,0.12419522326064383,50-60%
oulad_DDD_2013J,OULAD,transferred,zambia_ICT1110_2021,disability,2,0.25,0.2413793103448276,0.008620689655172403,N
oulad_DDD_2013J,OULAD,transferred,zambia_ICT1110_2021,age_band,2,0.2845528455284553,0.23185011709601874,0.052702728432436535,0-35
oulad_DDD_2013J,OULAD,transferred,zambia_ICT1110_2021,highest_education,3,0.2532467532467532,0.23142250530785563,0.02182424793889759,A Level or Equivalent
oulad_DDD_2013J,OULAD,transferred,oviedo_C1112_1415,gender,2,0.34893617021276596,0.3270735524256651,0.021862617787100858,M
oulad_DDD_2013J,OULAD,transferred,oviedo_C1112_1415,imd_band,10,0.4,0.2833333333333333,0.1166666666666667,10-20
oulad_DDD_2013J,OULAD,transferred,oviedo_C1112_1415,disability,2,0.3684210526315789,0.33124346917450365,0.03717758345707528,N
oulad_DDD_2013J,OULAD,transferred,oviedo_C1112_1415,age_band,2,0.35011709601873536,0.2886178861788618,0.06149920983987356,35-55
oulad_DDD_2013J,OULAD,transferred,oviedo_C1112_1415,highest_education,3,0.34394904458598724,0.3246753246753247,0.019273719910662568,HE Qualification
oulad_DDD_2013J,OULAD,transferred,oviedo_C1127_1415,gender,2,0.3458528951486698,0.3382978723404255,0.007555022808244272,F
oulad_DDD_2013J,OULAD,transferred,oviedo_C1127_1415,imd_band,10,0.42105263157894735,0.27956989247311825,0.1414827391058291,70-80%
oulad_DDD_2013J,OULAD,transferred,oviedo_C1127_1415,disability,2,0.39473684210526316,0.3343782654127482,0.06035857669251499,N
oulad_DDD_2013J,OULAD,transferred,oviedo_C1127_1415,age_band,2,0.34894613583138173,0.32113821138211385,0.027807924449267885,35-55
oulad_DDD_2013J,OULAD,transferred,oviedo_C1127_1415,highest_education,3,0.3563714902807775,0.3116883116883117,0.044683178592465844,HE Qualification
oulad_DDD_2013J,OULAD,transferred,oviedo_C1200_1415,gender,2,0.3404255319148936,0.3364632237871675,0.003962308127726133,M
oulad_DDD_2013J,OULAD,transferred,oviedo_C1200_1415,imd_band,10,0.4205607476635514,0.24731182795698925,0.17324891970656214,70-80%
oulad_DDD_2013J,OULAD,transferred,oviedo_C1200_1415,disability,2,0.375,0.3322884012539185,0.04271159874608149,N
oulad_DDD_2013J,OULAD,transferred,oviedo_C1200_1415,age_band,2,0.3477751756440281,0.3048780487804878,0.0428971268635403,35-55
oulad_DDD_2013J,OULAD,transferred,oviedo_C1200_1415,highest_education,3,0.34989200863930886,0.3181818181818182,0.03171019045749068,HE Qualification
oulad_DDD_2013J,OULAD,transferred,oviedo_C1303_1415,gender,2,0.3380281690140845,0.33191489361702126,0.006113275397063245,F
oulad_DDD_2013J,OULAD,transferred,oviedo_C1303_1415,imd_band,10,0.39552238805970147,0.21505376344086022,0.18046862461884125,70-80%
oulad_DDD_2013J,OULAD,transferred,oviedo_C1303_1415,disability,2,0.39473684210526316,0.32601880877742945,0.06871803332783372,N
oulad_DDD_2013J,OULAD,transferred,oviedo_C1303_1415,age_band,2,0.34552845528455284,0.33138173302107726,0.014146722263475575,0-35
oulad_DDD_2013J,OULAD,transferred,oviedo_C1303_1415,highest_education,3,0.35714285714285715,0.3304535637149028,0.02668929342795434,Lower Than A Level
oulad_DDD_2013J,OULAD,transferred,oviedo_C174_1415,gender,2,0.26291079812206575,0.2531914893617021,0.009719308760363643,F
oulad_DDD_2013J,OULAD,transferred,oviedo_C174_1415,imd_band,10,0.35555555555555557,0.21138211382113822,0.14417344173441735,0-10%
oulad_DDD_2013J,OULAD,transferred,oviedo_C174_1415,disability,2,0.2894736842105263,0.25391849529780564,0.03555518891272069,N
oulad_DDD_2013J,OULAD,transferred,oviedo_C174_1415,age_band,2,0.4024390243902439,0.21428571428571427,0.18815331010452965,0-35
oulad_DDD_2013J,OULAD,transferred,oviedo_C174_1415,highest_education,3,0.33116883116883117,0.24622030237580994,0.08494852879302123,Lower Than A Level
oulad_DDD_2013J,OULAD,transferred,oviedo_C190_1415,gender,2,0.23617021276595745,0.2190923317683881,0.01707788099756935,M
oulad_DDD_2013J,OULAD,transferred,oviedo_C190_1415,imd_band,10,0.34408602150537637,0.1308411214953271,0.21324490001004928,50-60%
oulad_DDD_2013J,OULAD,transferred,oviedo_C190_1415,disability,2,0.22988505747126436,0.20394736842105263,0.025937689050211737,Y
oulad_DDD_2013J,OULAD,transferred,oviedo_C190_1415,age_band,2,0.24390243902439024,0.2224824355971897,0.021420003427200546,0-35
oulad_DDD_2013J,OULAD,transferred,oviedo_C190_1415,highest_education,3,0.23991507430997877,0.2077922077922078,0.032122866517770965,HE Qualification
oulad_DDD_2013J,OULAD,transferred,oviedo_C1978_1415,gender,2,0.08936170212765958,0.0782472613458529,0.011114440781806678,M
oulad_DDD_2013J,OULAD,transferred,oviedo_C1978_1415,imd_band,10,0.11764705882352941,0.06542056074766354,0.052226498075865865,50-60%
oulad_DDD_2013J,OULAD,transferred,oviedo_C1978_1415,disability,2,0.09210526315789473,0.08150470219435736,0.01060056096353737,N
oulad_DDD_2013J,OULAD,transferred,oviedo_C1978_1415,age_band,2,0.08313817330210772,0.07723577235772358,0.005902400944384142,35-55
oulad_DDD_2013J,OULAD,transferred,oviedo_C1978_1415,highest_education,3,0.08492569002123142,0.07792207792207792,0.007003612099153497,HE Qualification
oulad_DDD_2013J,OULAD,transferred,oviedo_C2011_1415,gender,2,0.32553191489361705,0.3004694835680751,0.025062431325541923,M
oulad_DDD_2013J,OULAD,transferred,oviedo_C2011_1415,imd_band,10,0.373134328358209,0.24444444444444444,0.12868988391376454,60-70%
oulad_DDD_2013J,OULAD,transferred,oviedo_C2011_1415,disability,2,0.4276315789473684,0.29258098223615464,0.13505059671121378,N
oulad_DDD_2013J,OULAD,transferred,oviedo_C2011_1415,age_band,2,0.32113821138211385,0.3091334894613583,0.012004721920755523,0-35
oulad_DDD_2013J,OULAD,transferred,oviedo_C2011_1415,highest_education,3,0.3304535637149028,0.28874734607218683,0.04170621764271598,A Level or Equivalent
oulad_DDD_2013J,OULAD,transferred,oviedo_C2024_1415,gender,2,0.3395931142410016,0.3191489361702128,0.0204441780707888,F
oulad_DDD_2013J,OULAD,transferred,oviedo_C2024_1415,imd_band,10,0.4588235294117647,0.2413793103448276,0.2174442190669371,20-30%
oulad_DDD_2013J,OULAD,transferred,oviedo_C2024_1415,disability,2,0.375,0.3239289446185998,0.05107105538140022,N
oulad_DDD_2013J,OULAD,transferred,oviedo_C2024_1415,age_band,2,0.33489461358313816,0.3130081300813008,0.02188648350183736,35-55
oulad_DDD_2013J,OULAD,transferred,oviedo_C2024_1415,highest_education,3,0.34773218142548595,0.2987012987012987,0.049030882724187264,HE Qualification
oulad_DDD_2013J,OULAD,transferred,oviedo_C2150_1415,gender,2,0.3364632237871675,0.30851063829787234,0.027952585489295134,F
oulad_DDD_2013J,OULAD,transferred,oviedo_C2150_1415,imd_band,10,0.38823529411764707,0.2833333333333333,0.10490196078431374,10-20
oulad_DDD_2013J,OULAD,transferred,oviedo_C2150_1415,disability,2,0.375,0.3166144200626959,0.05838557993730409,N
oulad_DDD_2013J,OULAD,transferred,oviedo_C2150_1415,age_band,2,0.33138173302107726,0.3048780487804878,0.026503684240589465,35-55
oulad_DDD_2013J,OULAD,transferred,oviedo_C2150_1415,highest_education,3,0.35205183585313177,0.29936305732484075,0.052688778528291014,A Level or Equivalent
oulad_DDD_2013J,OULAD,transferred,oviedo_C2271_1415,gender,2,0.3191489361702128,0.3161189358372457,0.0030300003329670755,M
oulad_DDD_2013J,OULAD,transferred,oviedo_C2271_1415,imd_band,10,0.36470588235294116,0.25806451612903225,0.1066413662239089,70-80%
oulad_DDD_2013J,OULAD,transferred,oviedo_C2271_1415,disability,2,0.34210526315789475,0.31347962382445144,0.02862563933344331,N
oulad_DDD_2013J,OULAD,transferred,oviedo_C2271_1415,age_band,2,0.3185011709601874,0.3130081300813008,0.005493040878886579,35-55
oulad_DDD_2013J,OULAD,transferred,oviedo_C2271_1415,highest_education,3,0.3333333333333333,0.30669546436285094,0.02663786897048237,Lower Than A Level
oulad_DDD_2013J,OULAD,transferred,oviedo_C2335_1415,gender,2,0.30672926447574334,0.2957446808510638,0.010984583624679523,F
oulad_DDD_2013J,OULAD,transferred,oviedo_C2335_1415,imd_band,10,0.3880597014925373,0.24166666666666667,0.14639303482587065,10-20
oulad_DDD_2013J,OULAD,transferred,oviedo_C2335_1415,disability,2,0.3618421052631579,0.29258098223615464,0.06926112302700327,N
oulad_DDD_2013J,OULAD,transferred,oviedo_C2335_1415,age_band,2,0.36585365853658536,0.28454332552693207,0.08131033300965329,0-35
oulad_DDD_2013J,OULAD,transferred,oviedo_C2335_1415,highest_education,3,0.33766233766233766,0.2781316348195329,0.05953070284280476,A Level or Equivalent
oulad_DDD_2013J,OULAD,transferred,oviedo_C2406_1415,gender,2,0.33191489361702126,0.323943661971831,0.007971231645190258,M
oulad_DDD_2013J,OULAD,transferred,oviedo_C2406_1415,imd_band,10,0.4588235294117647,0.25862068965517243,0.20020283975659225,20-30%
oulad_DDD_2013J,OULAD,transferred,oviedo_C2406_1415,disability,2,0.3684210526315789,0.3207941483803553,0.04762690425122362,N
oulad_DDD_2013J,OULAD,transferred,oviedo_C2406_1415,age_band,2,0.3325526932084309,0.3048780487804878,0.027674644427943096,35-55
oulad_DDD_2013J,OULAD,transferred,oviedo_C2406_1415,highest_education,3,0.35064935064935066,0.31533477321814257,0.03531457743120808,Lower Than A Level
oulad_DDD_2013J,OULAD,transferred,oviedo_C2468_1415,gender,2,0.29890453834115804,0.2978723404255319,0.001032197915626143,F
oulad_DDD_2013J,OULAD,transferred,oviedo_C2468_1415,imd_band,10,0.36470588235294116,0.23703703703703705,0.1276688453159041,30-40%
oulad_DDD_2013J,OULAD,transferred,oviedo_C2468_1415,disability,2,0.3618421052631579,0.2884012539184953,0.0734408513446626,N
oulad_DDD_2013J,OULAD,transferred,oviedo_C2468_1415,age_band,2,0.3008130081300813,0.297423887587822,0.0033891205422593162,0-35
oulad_DDD_2013J,OULAD,transferred,oviedo_C2468_1415,highest_education,3,0.33116883116883117,0.28509719222462204,0.046071638944209126,Lower Than A Level
oulad_DDD_2013J,OULAD,transferred,oviedo_C2607_1415,gender,2,0.3348982785602504,0.30638297872340425,0.028515299836846142,F
oulad_DDD_2013J,OULAD,transferred,oviedo_C2607_1415,imd_band,10,0.3880597014925373,0.25806451612903225,0.12999518536350507,70-80%
oulad_DDD_2013J,OULAD,transferred,oviedo_C2607_1415,disability,2,0.3618421052631579,0.3166144200626959,0.045227685200462,N
oulad_DDD_2013J,OULAD,transferred,oviedo_C2607_1415,age_band,2,0.32201405152224827,0.32113821138211385,0.0008758401401344207,35-55
oulad_DDD_2013J,OULAD,transferred,oviedo_C2607_1415,highest_education,3,0.3248407643312102,0.31533477321814257,0.009505991113067602,Lower Than A Level
oulad_DDD_2013J,OULAD,transferred,oviedo_C3022_1415,gender,2,0.21752738654147105,0.1829787234042553,0.034548663137215746,F
oulad_DDD_2013J,OULAD,transferred,oviedo_C3022_1415,imd_band,10,0.3026315789473684,0.13333333333333333,0.1692982456140351,10-20
oulad_DDD_2013J,OULAD,transferred,oviedo_C3022_1415,disability,2,0.24342105263157895,0.19644723092998956,0.0469738217015894,N
oulad_DDD_2013J,OULAD,transferred,oviedo_C3022_1415,age_band,2,0.22764227642276422,0.19672131147540983,0.030920964947354385,0-35
oulad_DDD_2013J,OULAD,transferred,oviedo_C3022_1415,highest_education,3,0.2532467532467532,0.16985138004246284,0.08339537320429039,A Level or Equivalent
oulad_DDD_2013J,OULAD,transferred,oviedo_C3029_1415,gender,2,0.3427230046948357,0.3404255319148936,0.002297472779942078,F
oulad_DDD_2013J,OULAD,transferred,oviedo_C3029_1415,imd_band,10,0.4868421052631579,0.24731182795698925,0.23953027730616866,70-80%
oulad_DDD_2013J,OULAD,transferred,oviedo_C3029_1415,disability,2,0.35526315789473684,0.3396029258098224,0.01566023208491446,N
oulad_DDD_2013J,OULAD,transferred,oviedo_C3029_1415,age_band,2,0.35365853658536583,0.3395784543325527,0.014080082252813153,0-35
oulad_DDD_2013J,OULAD,transferred,oviedo_C3029_1415,highest_education,3,0.367170626349892,0.3051948051948052,0.06197582115508682,HE Qualification
oulad_DDD_2013J,OULAD,transferred,oviedo_C4189_1415,gender,2,0.19248826291079812,0.1574468085106383,0.03504145440015982,F
oulad_DDD_2013J,OULAD,transferred,oviedo_C4189_1415,imd_band,10,0.2631578947368421,0.13008130081300814,0.13307659392383395,0-10%
oulad_DDD_2013J,OULAD,transferred,oviedo_C4189_1415,disability,2,0.19078947368421054,0.1755485893416928,0.015240884342517746,N
oulad_DDD_2013J,OULAD,transferred,oviedo_C4189_1415,age_band,2,0.3089430894308943,0.13700234192037472,0.1719407475105196,0-35
oulad_DDD_2013J,OULAD,transferred,oviedo_C4189_1415,highest_education,3,0.2922077922077922,0.15711252653927812,0.13509526566851407,A Level or Equivalent
oulad_DDD_2013J,OULAD,transferred,oviedo_C4213_1415,gender,2,0.3380281690140845,0.3170212765957447,0.021006892418339806,F
oulad_DDD_2013J,OULAD,transferred,oviedo_C4213_1415,imd_band,10,0.3821138211382114,0.26881720430107525,0.11329661683713615,70-80%
oulad_DDD_2013J,OULAD,transferred,oviedo_C4213_1415,disability,2,0.3618421052631579,0.3239289446185998,0.03791316064455813,N
oulad_DDD_2013J,OULAD,transferred,oviedo_C4213_1415,age_band,2,0.35365853658536583,0.3231850117096019,0.030473524875763935,0-35
oulad_DDD_2013J,OULAD,transferred,oviedo_C4213_1415,highest_education,3,0.36069114470842334,0.2792207792207792,0.08147036548764414,HE Qualification
oulad_DDD_2013J,OULAD,transferred,oviedo_C836_1415,gender,2,0.3425531914893617,0.3270735524256651,0.015479639063696593,M
oulad_DDD_2013J,OULAD,transferred,oviedo_C836_1415,imd_band,10,0.38333333333333336,0.20430107526881722,0.17903225806451614,70-80%
oulad_DDD_2013J,OULAD,transferred,oviedo_C836_1415,disability,2,0.3815789473684211,0.32601880877742945,0.055560138590991626,N
oulad_DDD_2013J,OULAD,transferred,oviedo_C836_1415,age_band,2,0.3337236533957845,0.3252032520325203,0.008520401363264207,35-55
oulad_DDD_2013J,OULAD,transferred,oviedo_C836_1415,highest_education,3,0.3369330453563715,0.3246753246753247,0.012257720681046802,HE Qualification
oulad_DDD_2014B,OULAD,local,oulad_DDD_2014B,gender,2,0.33447098976109213,0.32456140350877194,0.00990958625232019,M
oulad_DDD_2014B,OULAD,local,oulad_DDD_2014B,imd_band,10,0.40476190476190477,0.20833333333333334,0.19642857142857142,90-100%
oulad_DDD_2014B,OULAD,local,oulad_DDD_2014B,disability,2,0.34951456310679613,0.32507739938080493,0.024437163725991196,N
oulad_DDD_2014B,OULAD,local,oulad_DDD_2014B,age_band,2,0.3309734513274336,0.3202247191011236,0.01074873222631001,35-55
oulad_DDD_2014B,OULAD,local,oulad_DDD_2014B,highest_education,3,0.3723076923076923,0.279874213836478,0.0924334784712143,A Level or Equivalent
oulad_DDD_2014B,OULAD,transferred,ku_Accountancy_1819,gender,2,0.22866894197952217,0.22807017543859648,0.0005987665409256937,M
oulad_DDD_2014B,OULAD,transferred,ku_Accountancy_1819,imd_band,10,0.34328358208955223,0.14457831325301204,0.1987052688365402,60-70%
oulad_DDD_2014B,OULAD,transferred,ku_Accountancy_1819,disability,2,0.23374613003095976,0.1941747572815534,0.039571372749406364,Y
oulad_DDD_2014B,OULAD,transferred,ku_Accountancy_1819,age_band,2,0.25309734513274335,0.15730337078651685,0.0957939743462265,35-55
oulad_DDD_2014B,OULAD,transferred,ku_Accountancy_1819,highest_education,3,0.25471698113207547,0.1827956989247312,0.07192128220734428,HE Qualification
oulad_DDD_2014B,OULAD,transferred,ku_Globaleconom_1819,gender,2,0.3355263157894737,0.29692832764505117,0.0385979881444225,F
oulad_DDD_2014B,OULAD,transferred,ku_Globaleconom_1819,imd_band,10,0.40298507462686567,0.2535211267605634,0.1494639478663023,50-60%
oulad_DDD_2014B,OULAD,transferred,ku_Globaleconom_1819,disability,2,0.3235294117647059,0.30097087378640774,0.022558537978298154,Y
oulad_DDD_2014B,OULAD,transferred,ku_Globaleconom_1819,age_band,2,0.3256637168141593,0.3089887640449438,0.01667495276921549,35-55
oulad_DDD_2014B,OULAD,transferred,ku_Globaleconom_1819,highest_education,3,0.3569230769230769,0.27358490566037735,0.08333817126269955,A Level or Equivalent
oulad_DDD_2014B,OULAD,transferred,ku_Accountancy_1920,gender,2,0.18771331058020477,0.13157894736842105,0.05613436321178372,M
oulad_DDD_2014B,OULAD,transferred,ku_Accountancy_1920,imd_band,10,0.2112676056338028,0.10227272727272728,0.10899487836107553,30-40%
oulad_DDD_2014B,OULAD,transferred,ku_Accountancy_1920,disability,2,0.20388349514563106,0.14551083591331268,0.05837265923231838,N
oulad_DDD_2014B,OULAD,transferred,ku_Accountancy_1920,age_band,2,0.20224719101123595,0.13982300884955753,0.062424182161678415,0-35
oulad_DDD_2014B,OULAD,transferred,ku_Accountancy_1920,highest_education,3,0.17204301075268819,0.13846153846153847,0.03358147229114972,Lower Than A Level
oulad_DDD_2014B,OULAD,transferred,ku_Globaleconom_1920,gender,2,0.31359649122807015,0.27986348122866894,0.03373300999940121,F
oulad_DDD_2014B,OULAD,transferred,ku_Globaleconom_1920,imd_band,10,0.38095238095238093,0.1875,0.19345238095238093,90-100%
oulad_DDD_2014B,OULAD,transferred,ku_Globaleconom_1920,disability,2,0.3080495356037152,0.2524271844660194,0.05562235113769576,Y
oulad_DDD_2014B,OULAD,transferred,ku_Globaleconom_1920,age_band,2,0.3008849557522124,0.29775280898876405,0.0031321467634483624,35-55
oulad_DDD_2014B,OULAD,transferred,ku_Globaleconom_1920,highest_education,3,0.3113207547169811,0.23655913978494625,0.07476161493203487,HE Qualification
oulad_DDD_2014B,OULAD,transferred,ku_Accountancy_2021,gender,2,0.25877192982456143,0.24573378839590443,0.013038141428657002,F
oulad_DDD_2014B,OULAD,transferred,ku_Accountancy_2021,imd_band,10,0.3333333333333333,0.140625,0.19270833333333331,70-80%
oulad_DDD_2014B,OULAD,transferred,ku_Accountancy_2021,disability,2,0.25386996904024767,0.2524271844660194,0.0014427845742282508,Y
oulad_DDD_2014B,OULAD,transferred,ku_Accountancy_2021,age_band,2,0.26902654867256637,0.19101123595505617,0.0780153127175102,35-55
oulad_DDD_2014B,OULAD,transferred,ku_Accountancy_2021,highest_education,3,0.25471698113207547,0.24731182795698925,0.007405153175086221,HE Qualification
oulad_DDD_2014B,OULAD,transferred,ku_Globaleconom_2021,gender,2,0.32456140350877194,0.2901023890784983,0.03445901443027366,F
oulad_DDD_2014B,OULAD,transferred,ku_Globaleconom_2021,imd_band,10,0.373134328358209,0.20481927710843373,0.16831505124977525,60-70%
oulad_DDD_2014B,OULAD,transferred,ku_Globaleconom_2021,disability,2,0.3300970873786408,0.3080495356037152,0.022047551774925622,N
oulad_DDD_2014B,OULAD,transferred,ku_Globaleconom_2021,age_band,2,0.30973451327433627,0.3089887640449438,0.0007457492293924672,35-55
oulad_DDD_2014B,OULAD,transferred,ku_Globaleconom_2021,highest_education,3,0.3446153846153846,0.27672955974842767,0.06788582486695693,A Level or Equivalent
oulad_DDD_2014B,OULAD,transferred,ukzn_ISTN101_2019,gender,2,0.24914675767918087,0.24561403508771928,0.00353272259146159,M
oulad_DDD_2014B,OULAD,transferred,ukzn_ISTN101_2019,imd_band,10,0.3125,0.16666666666666666,0.14583333333333334,0-10%
oulad_DDD_2014B,OULAD,transferred,ukzn_ISTN101_2019,disability,2,0.2621359223300971,0.24458204334365324,0.017553878986443838,N
oulad_DDD_2014B,OULAD,transferred,ukzn_ISTN101_2019,age_band,2,0.28651685393258425,0.23539823008849559,0.05111862384408866,0-35
oulad_DDD_2014B,OULAD,transferred,ukzn_ISTN101_2019,highest_education,3,0.26881720430107525,0.2138364779874214,0.05498072631365386,A Level or Equivalent
oulad_DDD_2014B,OULAD,transferred,ukzn_ISTN101_2020,gender,2,0.30701754385964913,0.27303754266211605,0.03398000119753308,F
oulad_DDD_2014B,OULAD,transferred,ukzn_ISTN101_2020,imd_band,10,0.36904761904761907,0.203125,0.16592261904761907,70-80%
oulad_DDD_2014B,OULAD,transferred,ukzn_ISTN101_2020,disability,2,0.3300970873786408,0.28792569659442724,0.04217139078421356,N
oulad_DDD_2014B,OULAD,transferred,ukzn_ISTN101_2020,age_band,2,0.30337078651685395,0.2902654867256637,0.01310529979119024,0-35
oulad_DDD_2014B,OULAD,transferred,ukzn_ISTN101_2020,highest_education,3,0.3169230769230769,0.26881720430107525,0.048105872622001666,HE Qualification
oulad_DDD_2014B,OULAD,transferred,ukzn_ISTN101_2021,gender,2,0.33114035087719296,0.3037542662116041,0.02738608466558884,F
oulad_DDD_2014B,OULAD,transferred,ukzn_ISTN101_2021,imd_band,10,0.390625,0.25301204819277107,0.13761295180722893,60-70%
oulad_DDD_2014B,OULAD,transferred,ukzn_ISTN101_2021,disability,2,0.32972136222910214,0.2621359223300971,0.06758543989900506,Y
oulad_DDD_2014B,OULAD,transferred,ukzn_ISTN101_2021,age_band,2,0.32035398230088497,0.3089887640449438,0.011365218255941167,35-55
oulad_DDD_2014B,OULAD,transferred,ukzn_ISTN101_2021,highest_education,3,0.3415384615384615,0.29559748427672955,0.04594097726173196,A Level or Equivalent
oulad_DDD_2014B,OULAD,transferred,ukzn_ISTN102_2018,gender,2,0.32894736842105265,0.310580204778157,0.018367163642895645,F
oulad_DDD_2014B,OULAD,transferred,ukzn_ISTN102_2018,imd_band,10,0.40476190476190477,0.22916666666666666,0.1755952380952381,90-100%
oulad_DDD_2014B,OULAD,transferred,ukzn_ISTN102_2018,disability,2,0.33436532507739936,0.24271844660194175,0.0916468784754576,Y
oulad_DDD_2014B,OULAD,transferred,ukzn_ISTN102_2018,age_band,2,0.3256637168141593,0.30337078651685395,0.022292930297305336,35-55
oulad_DDD_2014B,OULAD,transferred,ukzn_ISTN102_2018,highest_education,3,0.3569230769230769,0.24731182795698925,0.10961124896608765,HE Qualification
oulad_DDD_2014B,OULAD,transferred,ukzn_ISTN103_2019,gender,2,0.2807017543859649,0.2764505119453925,0.0042512424405724,F
oulad_DDD_2014B,OULAD,transferred,ukzn_ISTN103_2019,imd_band,10,0.34328358208955223,0.125,0.21828358208955223,90-100%
oulad_DDD_2014B,OULAD,transferred,ukzn_ISTN103_2019,disability,2,0.2848297213622291,0.24271844660194175,0.042111274760287365,Y
oulad_DDD_2014B,OULAD,transferred,ukzn_ISTN103_2019,age_band,2,0.30337078651685395,0.27256637168141595,0.030804414835438,0-35
oulad_DDD_2014B,OULAD,transferred,ukzn_ISTN103_2019,highest_education,3,0.3169230769230769,0.24213836477987422,0.0747847121432027,A Level or Equivalent
oulad_DDD_2014B,OULAD,transferred,ukzn_ISTN103_2020,gender,2,0.3355263157894737,0.3037542662116041,0.031772049577869554,F
oulad_DDD_2014B,OULAD,transferred,ukzn_ISTN103_2020,imd_band,10,0.373134328358209,0.25,0.12313432835820898,90-100%
oulad_DDD_2014B,OULAD,transferred,ukzn_ISTN103_2020,disability,2,0.33126934984520123,0.27184466019417475,0.059424689651026485,Y
oulad_DDD_2014B,OULAD,transferred,ukzn_ISTN103_2020,age_band,2,0.33146067415730335,0.3185840707964602,0.012876603360843175,0-35
oulad_DDD_2014B,OULAD,transferred,ukzn_ISTN103_2020,highest_education,3,0.36615384615384616,0.24731182795698925,0.11884201819685691,HE Qualification
oulad_DDD_2014B,OULAD,transferred,ukzn_ISTN211_2019,gender,2,0.2901023890784983,0.26973684210526316,0.020365546973235116,M
oulad_DDD_2014B,OULAD,transferred,ukzn_ISTN211_2019,imd_band,10,0.34328358208955223,0.1875,0.15578358208955223,70-80%
oulad_DDD_2014B,OULAD,transferred,ukzn_ISTN211_2019,disability,2,0.32038834951456313,0.2708978328173375,0.04949051669722565,N
oulad_DDD_2014B,OULAD,transferred,ukzn_ISTN211_2019,age_band,2,0.2778761061946903,0.2752808988764045,0.002595207318285775,35-55
oulad_DDD_2014B,OULAD,transferred,ukzn_ISTN211_2019,highest_education,3,0.3118279569892473,0.2672955974842767,0.04453235950497059,A Level or Equivalent
oulad_DDD_2014B,OULAD,transferred,ukzn_ISTN211_2021,gender,2,0.34210526315789475,0.3037542662116041,0.03835099694629063,F
oulad_DDD_2014B,OULAD,transferred,ukzn_ISTN211_2021,imd_band,10,0.3880597014925373,0.2638888888888889,0.12417081260364843,0-10%
oulad_DDD_2014B,OULAD,transferred,ukzn_ISTN211_2021,disability,2,0.32972136222910214,0.3106796116504854,0.019041750578616734,Y
oulad_DDD_2014B,OULAD,transferred,ukzn_ISTN211_2021,age_band,2,0.3398230088495575,0.28651685393258425,0.05330615491697327,35-55
oulad_DDD_2014B,OULAD,transferred,ukzn_ISTN211_2021,highest_education,3,0.3630769230769231,0.26881720430107525,0.09425971877584782,HE Qualification
oulad_DDD_2014B,OULAD,transferred,ukzn_ISTN212_2018,gender,2,0.32894736842105265,0.3003412969283277,0.028606071492724983,F
oulad_DDD_2014B,OULAD,transferred,ukzn_ISTN212_2018,imd_band,10,0.4177215189873418,0.22916666666666666,0.18855485232067512,90-100%
oulad_DDD_2014B,OULAD,transferred,ukzn_ISTN212_2018,disability,2,0.3235294117647059,0.2815533980582524,0.041976013706453486,Y
oulad_DDD_2014B,OULAD,transferred,ukzn_ISTN212_2018,age_band,2,0.3256637168141593,0.29213483146067415,0.03352888535348514,35-55
oulad_DDD_2014B,OULAD,transferred,ukzn_ISTN212_2018,highest_education,3,0.3569230769230769,0.23655913978494625,0.12036393713813065,HE Qualification
oulad_DDD_2014B,OULAD,transferred,ukzn_ISTN212_2019,gender,2,0.3333333333333333,0.3174061433447099,0.015927189988623414,F
oulad_DDD_2014B,OULAD,transferred,ukzn_ISTN212_2019,imd_band,10,0.4626865671641791,0.22916666666666666,0.23351990049751245,90-100%
oulad_DDD_2014B,OULAD,transferred,ukzn_ISTN212_2019,disability,2,0.33746130030959753,0.2621359223300971,0.07532537797950045,Y
oulad_DDD_2014B,OULAD,transferred,ukzn_ISTN212_2019,age_band,2,0.33146067415730335,0.32212389380530976,0.00933678035199359,0-35
oulad_DDD_2014B,OULAD,transferred,ukzn_ISTN212_2019,highest_education,3,0.3476923076923077,0.2903225806451613,0.05736972704714638,HE Qualification
oulad_DDD_2014B,OULAD,transferred,ukzn_ISTN2IP_2018,gender,2,0.3355263157894737,0.2901023890784983,0.04542392671097539,F
oulad_DDD_2014B,OULAD,transferred,ukzn_ISTN2IP_2018,imd_band,10,0.4626865671641791,0.2222222222222222,0.2404643449419569,0-10%
oulad_DDD_2014B,OULAD,transferred,ukzn_ISTN2IP_2018,disability,2,0.32507739938080493,0.27184466019417475,0.053232739186630185,Y
oulad_DDD_2014B,OULAD,transferred,ukzn_ISTN2IP_2018,age_band,2,0.33707865168539325,0.30796460176991153,0.02911404991548172,0-35
oulad_DDD_2014B,OULAD,transferred,ukzn_ISTN2IP_2018,highest_education,3,0.3476923076923077,0.2861635220125786,0.06152878567972908,A Level or Equivalent
oulad_DDD_2014B,OULAD,transferred,ukzn_ISTN2IP_2019,gender,2,0.2832764505119454,0.2807017543859649,0.0025746961259804912,M
oulad_DDD_2014B,OULAD,transferred,ukzn_ISTN2IP_2019,imd_band,10,0.43283582089552236,0.1686746987951807,0.26416112210034165,60-70%
oulad_DDD_2014B,OULAD,transferred,ukzn_ISTN2IP_2019,disability,2,0.34951456310679613,0.2708978328173375,0.07861673028945865,N
oulad_DDD_2014B,OULAD,transferred,ukzn_ISTN2IP_2019,age_band,2,0.2884955752212389,0.2640449438202247,0.024450631401014222,35-55
oulad_DDD_2014B,OULAD,transferred,ukzn_ISTN2IP_2019,highest_education,3,0.3118279569892473,0.24307692307692308,0.06875103391232423,Lower Than A Level
oulad_DDD_2014B,OULAD,transferred,ukzn_ISTN3ND_2018,gender,2,0.31359649122807015,0.2593856655290102,0.05421082569905994,F
oulad_DDD_2014B,OULAD,transferred,ukzn_ISTN3ND_2018,imd_band,10,0.3582089552238806,0.20833333333333334,0.14987562189054723,90-100%
oulad_DDD_2014B,OULAD,transferred,ukzn_ISTN3ND_2018,disability,2,0.29721362229102166,0.2621359223300971,0.03507769996092458,Y
oulad_DDD_2014B,OULAD,transferred,ukzn_ISTN3ND_2018,age_band,2,0.2938053097345133,0.28651685393258425,0.00728845580192905,35-55
oulad_DDD_2014B,OULAD,transferred,ukzn_ISTN3ND_2018,highest_education,3,0.32,0.25806451612903225,0.061935483870967756,HE Qualification
oulad_DDD_2014B,OULAD,transferred,ukzn_ISTN3ND_2019,gender,2,0.3223684210526316,0.3037542662116041,0.018614154841027464,F
oulad_DDD_2014B,OULAD,transferred,ukzn_ISTN3ND_2019,imd_band,10,0.359375,0.2638888888888889,0.0954861111111111,0-10%
oulad_DDD_2014B,OULAD,transferred,ukzn_ISTN3ND_2019,disability,2,0.3204334365325077,0.2815533980582524,0.03888003847425531,Y
oulad_DDD_2014B,OULAD,transferred,ukzn_ISTN3ND_2019,age_band,2,0.3202247191011236,0.31150442477876106,0.008720294322362543,0-35
oulad_DDD_2014B,OULAD,transferred,ukzn_ISTN3ND_2019,highest_education,3,0.3415384615384615,0.27956989247311825,0.06196856906534326,HE Qualification
oulad_DDD_2014B,OULAD,transferred,ukzn_ISTN3SA_2018,gender,2,0.15017064846416384,0.1337719298245614,0.016398718639602433,M
oulad_DDD_2014B,OULAD,transferred,ukzn_ISTN3SA_2018,imd_band,10,0.171875,0.0759493670886076,0.0959256329113924,20-30%
oulad_DDD_2014B,OULAD,transferred,ukzn_ISTN3SA_2018,disability,2,0.14563106796116504,0.1393188854489164,0.006312182512248632,N
oulad_DDD_2014B,OULAD,transferred,ukzn_ISTN3SA_2018,age_band,2,0.1797752808988764,0.12920353982300886,0.05057174107586754,0-35
oulad_DDD_2014B,OULAD,transferred,ukzn_ISTN3SA_2018,highest_education,3,0.16,0.11635220125786164,0.043647798742138366,A Level or Equivalent
oulad_DDD_2014B,OULAD,transferred,ukzn_ISTN3SA_2019,gender,2,0.33447098976109213,0.31359649122807015,0.02087449853302198,M
oulad_DDD_2014B,OULAD,transferred,ukzn_ISTN3SA_2019,imd_band,10,0.3977272727272727,0.2619047619047619,0.1358225108225108,10-20
oulad_DDD_2014B,OULAD,transferred,ukzn_ISTN3SA_2019,disability,2,0.32507739938080493,0.30097087378640774,0.024106525594397188,Y
oulad_DDD_2014B,OULAD,transferred,ukzn_ISTN3SA_2019,age_band,2,0.3258426966292135,0.3185840707964602,0.007258625832753329,0-35
oulad_DDD_2014B,OULAD,transferred,ukzn_ISTN3SA_2019,highest_education,3,0.3630769230769231,0.279874213836478,0.0832027092404451,A Level or Equivalent
oulad_DDD_2014B,OULAD,transferred,zambia_ICT1110_2020,gender,2,0.3333333333333333,0.2627986348122867,0.0705346985210466,F
oulad_DDD_2014B,OULAD,transferred,zambia_ICT1110_2020,imd_band,10,0.4084507042253521,0.24096385542168675,0.16748684880366538,60-70%
oulad_DDD_2014B,OULAD,transferred,zambia_ICT1110_2020,disability,2,0.3080495356037152,0.2912621359223301,0.016787399681385096,Y
oulad_DDD_2014B,OULAD,transferred,zambia_ICT1110_2020,age_band,2,0.3238938053097345,0.24157303370786518,0.08232077160186932,35-55
oulad_DDD_2014B,OULAD,transferred,zambia_ICT1110_2020,highest_education,3,0.3081761006289308,0.27956989247311825,0.02860620815581255,HE Qualification
oulad_DDD_2014B,OULAD,transferred,zambia_ICT1110_2021,gender,2,0.22587719298245615,0.20819112627986347,0.01768606670259268,F
oulad_DDD_2014B,OULAD,transferred,zambia_ICT1110_2021,imd_band,10,0.25,0.1388888888888889,0.1111111111111111,0-10%
oulad_DDD_2014B,OULAD,transferred,zambia_ICT1110_2021,disability,2,0.23300970873786409,0.21671826625386997,0.016291442483994112,N
oulad_DDD_2014B,OULAD,transferred,zambia_ICT1110_2021,age_band,2,0.2247191011235955,0.2176991150442478,0.007019986079347701,0-35
oulad_DDD_2014B,OULAD,transferred,zambia_ICT1110_2021,highest_education,3,0.22327044025157233,0.21505376344086022,0.008216676810712115,HE Qualification
oulad_DDD_2014B,OULAD,transferred,oviedo_C1112_1415,gender,2,0.3267543859649123,0.3003412969283277,0.026413089036584625,F
oulad_DDD_2014B,OULAD,transferred,oviedo_C1112_1415,imd_band,10,0.43283582089552236,0.25,0.18283582089552236,0-10%
oulad_DDD_2014B,OULAD,transferred,oviedo_C1112_1415,disability,2,0.3173374613003096,0.3106796116504854,0.006657849649824188,Y
oulad_DDD_2014B,OULAD,transferred,oviedo_C1112_1415,age_band,2,0.33707865168539325,0.31150442477876106,0.02557422690663219,0-35
oulad_DDD_2014B,OULAD,transferred,oviedo_C1112_1415,highest_education,3,0.3415384615384615,0.2830188679245283,0.05851959361393322,A Level or Equivalent
oulad_DDD_2014B,OULAD,transferred,oviedo_C1127_1415,gender,2,0.3333333333333333,0.3003412969283277,0.03299203640500564,F
oulad_DDD_2014B,OULAD,transferred,oviedo_C1127_1415,imd_band,10,0.4626865671641791,0.25,0.2126865671641791,70-80%
oulad_DDD_2014B,OULAD,transferred,oviedo_C1127_1415,disability,2,0.33126934984520123,0.2524271844660194,0.07884216537918182,Y
oulad_DDD_2014B,OULAD,transferred,oviedo_C1127_1415,age_band,2,0.3238938053097345,0.29775280898876405,0.026140996320970444,35-55
oulad_DDD_2014B,OULAD,transferred,oviedo_C1127_1415,highest_education,3,0.3569230769230769,0.25806451612903225,0.09885856079404465,HE Qualification
oulad_DDD_2014B,OULAD,transferred,oviedo_C1200_1415,gender,2,0.3174061433447099,0.3157894736842105,0.0016166696604993924,M
oulad_DDD_2014B,OULAD,transferred,oviedo_C1200_1415,imd_band,10,0.47761194029850745,0.22916666666666666,0.2484452736318408,90-100%
oulad_DDD_2014B,OULAD,transferred,oviedo_C1200_1415,disability,2,0.3219814241486068,0.2815533980582524,0.040428026090354396,Y
oulad_DDD_2014B,OULAD,transferred,oviedo_C1200_1415,age_band,2,0.3202247191011236,0.31150442477876106,0.008720294322362543,0-35
oulad_DDD_2014B,OULAD,transferred,oviedo_C1200_1415,highest_education,3,0.3230769230769231,0.2903225806451613,0.032754342431761785,HE Qualification
oulad_DDD_2014B,OULAD,transferred,oviedo_C1303_1415,gender,2,0.33114035087719296,0.30716723549488056,0.023973115382312393,F
oulad_DDD_2014B,OULAD,transferred,oviedo_C1303_1415,imd_band,10,0.36363636363636365,0.26506024096385544,0.0985761226725082,60-70%
oulad_DDD_2014B,OULAD,transferred,oviedo_C1303_1415,disability,2,0.3300970873786408,0.3204334365325077,0.009663650846133076,N
oulad_DDD_2014B,OULAD,transferred,oviedo_C1303_1415,age_band,2,0.3327433628318584,0.2808988764044944,0.051844486427364,35-55
oulad_DDD_2014B,OULAD,transferred,oviedo_C1303_1415,highest_education,3,0.36615384615384616,0.22580645161290322,0.14034739454094294,HE Qualification
oulad_DDD_2014B,OULAD,transferred,oviedo_C174_1415,gender,2,0.23026315789473684,0.21160409556313994,0.018659062331596893,F
oulad_DDD_2014B,OULAD,transferred,oviedo_C174_1415,imd_band,10,0.2876712328767123,0.1388888888888889,0.14878234398782342,0-10%
oulad_DDD_2014B,OULAD,transferred,oviedo_C174_1415,disability,2,0.2621359223300971,0.21671826625386997,0.04541765607622711,N
oulad_DDD_2014B,OULAD,transferred,oviedo_C174_1415,age_band,2,0.3258426966292135,0.18761061946902655,0.13823207716018696,0-35
oulad_DDD_2014B,OULAD,transferred,oviedo_C174_1415,highest_education,3,0.3225806451612903,0.1949685534591195,0.1276120917021708,A Level or Equivalent
oulad_DDD_2014B,OULAD,transferred,oviedo_C190_1415,gender,2,0.2236842105263158,0.19112627986348124,0.03255793066283455,F
oulad_DDD_2014B,OULAD,transferred,oviedo_C190_1415,imd_band,10,0.3333333333333333,0.14925373134328357,0.18407960199004975,80-90%
oulad_DDD_2014B,OULAD,transferred,oviedo_C190_1415,disability,2,0.21359223300970873,0.21052631578947367,0.0030659172202350538,N
oulad_DDD_2014B,OULAD,transferred,oviedo_C190_1415,age_band,2,0.22123893805309736,0.1797752808988764,0.041463657154220956,35-55
oulad_DDD_2014B,OULAD,transferred,oviedo_C190_1415,highest_education,3,0.23655913978494625,0.20307692307692307,0.03348221670802318,Lower Than A Level
oulad_DDD_2014B,OULAD,transferred,oviedo_C1978_1415,gender,2,0.13993174061433447,0.05701754385964912,0.08291419675468535,M
oulad_DDD_2014B,OULAD,transferred,oviedo_C1978_1415,imd_band,10,0.11267605633802817,0.07142857142857142,0.04124748490945675,10-20
oulad_DDD_2014B,OULAD,transferred,oviedo_C1978_1415,disability,2,0.08978328173374613,0.08737864077669903,0.002404640957047094,Y
oulad_DDD_2014B,OULAD,transferred,oviedo_C1978_1415,age_band,2,0.1404494382022472,0.0743362831858407,0.0661131550164065,0-35
oulad_DDD_2014B,OULAD,transferred,oviedo_C1978_1415,highest_education,3,0.11827956989247312,0.08176100628930817,0.03651856360316495,A Level or Equivalent
oulad_DDD_2014B,OULAD,transferred,oviedo_C2011_1415,gender,2,0.3242320819112628,0.3092105263157895,0.015021555595473302,M
oulad_DDD_2014B,OULAD,transferred,oviedo_C2011_1415,imd_band,10,0.375,0.234375,0.140625,70-80%
oulad_DDD_2014B,OULAD,transferred,oviedo_C2011_1415,disability,2,0.36893203883495146,0.3065015479876161,0.062430490847335374,N
oulad_DDD_2014B,OULAD,transferred,oviedo_C2011_1415,age_band,2,0.3185840707964602,0.30337078651685395,0.01521328427960622,35-55
oulad_DDD_2014B,OULAD,transferred,oviedo_C2011_1415,highest_education,3,0.3415384615384615,0.279874213836478,0.06166424770198353,A Level or Equivalent
oulad_DDD_2014B,OULAD,transferred,oviedo_C2024_1415,gender,2,0.3157894736842105,0.26621160409556316,0.04957786958864735,F
oulad_DDD_2014B,OULAD,transferred,oviedo_C2024_1415,imd_band,10,0.35714285714285715,0.16666666666666666,0.1904761904761905,90-100%
oulad_DDD_2014B,OULAD,transferred,oviedo_C2024_1415,disability,2,0.3080495356037152,0.22330097087378642,0.08474856472992875,Y
oulad_DDD_2014B,OULAD,transferred,oviedo_C2024_1415,age_band,2,0.29775280898876405,0.29557522123893804,0.0021775877498260154,0-35
oulad_DDD_2014B,OULAD,transferred,oviedo_C2024_1415,highest_education,3,0.3230769230769231,0.26881720430107525,0.05425971877584784,HE Qualification
oulad_DDD_2014B,OULAD,transferred,oviedo_C2150_1415,gender,2,0.3267543859649123,0.2764505119453925,0.0503038740195198,F
oulad_DDD_2014B,OULAD,transferred,oviedo_C2150_1415,imd_band,10,0.4166666666666667,0.1927710843373494,0.22389558232931728,60-70%
oulad_DDD_2014B,OULAD,transferred,oviedo_C2150_1415,disability,2,0.3126934984520124,0.27184466019417475,0.04084883825783764,Y
oulad_DDD_2014B,OULAD,transferred,oviedo_C2150_1415,age_band,2,0.30619469026548674,0.29775280898876405,0.008441881276722685,35-55
oulad_DDD_2014B,OULAD,transferred,oviedo_C2150_1415,highest_education,3,0.31761006289308175,0.24731182795698925,0.0702982349360925,HE Qualification
oulad_DDD_2014B,OULAD,transferred,oviedo_C2271_1415,gender,2,0.31798245614035087,0.2696245733788396,0.04835788276151126,F
oulad_DDD_2014B,OULAD,transferred,oviedo_C2271_1415,imd_band,10,0.373134328358209,0.20833333333333334,0.16480099502487564,0-10%
oulad_DDD_2014B,OULAD,transferred,oviedo_C2271_1415,disability,2,0.3126934984520124,0.21359223300970873,0.09910126544230366,Y
oulad_DDD_2014B,OULAD,transferred,oviedo_C2271_1415,age_band,2,0.30442477876106194,0.2808988764044944,0.02352590235656754,35-55
oulad_DDD_2014B,OULAD,transferred,oviedo_C2271_1415,highest_education,3,0.3046153846153846,0.2830188679245283,0.021596516690856327,A Level or Equivalent
oulad_DDD_2014B,OULAD,transferred,oviedo_C2335_1415,gender,2,0.2935153583617747,0.26973684210526316,0.02377851625651156,M
oulad_DDD_2014B,OULAD,transferred,oviedo_C2335_1415,imd_band,10,0.34328358208955223,0.140625,0.20265858208955223,70-80%
oulad_DDD_2014B,OULAD,transferred,oviedo_C2335_1415,disability,2,0.32038834951456313,0.2724458204334365,0.04794252908112662,N
oulad_DDD_2014B,OULAD,transferred,oviedo_C2335_1415,age_band,2,0.2902654867256637,0.24157303370786518,0.04869245301779854,35-55
oulad_DDD_2014B,OULAD,transferred,oviedo_C2335_1415,highest_education,3,0.3118279569892473,0.24528301886792453,0.06654493812132278,A Level or Equivalent
oulad_DDD_2014B,OULAD,transferred,oviedo_C2406_1415,gender,2,0.3355263157894737,0.28668941979522183,0.04883689599425184,F
oulad_DDD_2014B,OULAD,transferred,oviedo_C2406_1415,imd_band,10,0.390625,0.22916666666666666,0.16145833333333334,90-100%
oulad_DDD_2014B,OULAD,transferred,oviedo_C2406_1415,disability,2,0.32972136222910214,0.23300970873786409,0.09671165349123806,Y
oulad_DDD_2014B,OULAD,transferred,oviedo_C2406_1415,age_band,2,0.3238938053097345,0.29213483146067415,0.031758973849060346,35-55
oulad_DDD_2014B,OULAD,transferred,oviedo_C2406_1415,highest_education,3,0.3323076923076923,0.2903225806451613,0.041985111662530994,HE Qualification
oulad_DDD_2014B,OULAD,transferred,oviedo_C2468_1415,gender,2,0.29385964912280704,0.2696245733788396,0.024235075743967438,F
oulad_DDD_2014B,OULAD,transferred,oviedo_C2468_1415,imd_band,10,0.373134328358209,0.20833333333333334,0.16480099502487564,0-10%
oulad_DDD_2014B,OULAD,transferred,oviedo_C2468_1415,disability,2,0.29411764705882354,0.22330097087378642,0.07081667618503712,Y
oulad_DDD_2014B,OULAD,transferred,oviedo_C2468_1415,age_band,2,0.3146067415730337,0.2761061946902655,0.038500546882768216,0-35
oulad_DDD_2014B,OULAD,transferred,oviedo_C2468_1415,highest_education,3,0.31076923076923074,0.24731182795698925,0.06345740281224149,HE Qualification
oulad_DDD_2014B,OULAD,transferred,oviedo_C2607_1415,gender,2,0.3157894736842105,0.2832764505119454,0.03251302317226512,F
oulad_DDD_2014B,OULAD,transferred,oviedo_C2607_1415,imd_band,10,0.40298507462686567,0.20833333333333334,0.19465174129353233,90-100%
oulad_DDD_2014B,OULAD,transferred,oviedo_C2607_1415,disability,2,0.3126934984520124,0.24271844660194175,0.06997505185007064,Y
oulad_DDD_2014B,OULAD,transferred,oviedo_C2607_1415,age_band,2,0.3168141592920354,0.25280898876404495,0.06400517052799043,35-55
oulad_DDD_2014B,OULAD,transferred,oviedo_C2607_1415,highest_education,3,0.3270440251572327,0.25806451612903225,0.06897950902820044,HE Qualification
oulad_DDD_2014B,OULAD,transferred,oviedo_C3022_1415,gender,2,0.26621160409556316,0.20175438596491227,0.06445721813065089,M
oulad_DDD_2014B,OULAD,transferred,oviedo_C3022_1415,imd_band,10,0.2835820895522388,0.125,0.1585820895522388,90-100%
oulad_DDD_2014B,OULAD,transferred,oviedo_C3022_1415,disability,2,0.22910216718266255,0.21359223300970873,0.015509934172953821,Y
oulad_DDD_2014B,OULAD,transferred,oviedo_C3022_1415,age_band,2,0.2808988764044944,0.21061946902654868,0.07027940737794572,0-35
oulad_DDD_2014B,OULAD,transferred,oviedo_C3022_1415,highest_education,3,0.24615384615384617,0.20440251572327045,0.04175133043057572,A Level or Equivalent
oulad_DDD_2014B,OULAD,transferred,oviedo_C3029_1415,gender,2,0.3355263157894737,0.2935153583617747,0.04201095742769895,F
oulad_DDD_2014B,OULAD,transferred,oviedo_C3029_1415,imd_band,10,0.375,0.21686746987951808,0.15813253012048192,60-70%
oulad_DDD_2014B,OULAD,transferred,oviedo_C3029_1415,disability,2,0.33980582524271846,0.3157894736842105,0.024016351558507953,N
oulad_DDD_2014B,OULAD,transferred,oviedo_C3029_1415,age_band,2,0.3398230088495575,0.24719101123595505,0.09263199761360247,35-55
oulad_DDD_2014B,OULAD,transferred,oviedo_C3029_1415,highest_education,3,0.3507692307692308,0.26881720430107525,0.08195202646815553,HE Qualification
oulad_DDD_2014B,OULAD,transferred,oviedo_C4189_1415,gender,2,0.20136518771331058,0.1513157894736842,0.05004939823962637,M
oulad_DDD_2014B,OULAD,transferred,oviedo_C4189_1415,imd_band,10,0.23880597014925373,0.1111111111111111,0.12769485903814262,0-10%
oulad_DDD_2014B,OULAD,transferred,oviedo_C4189_1415,disability,2,0.2524271844660194,0.15789473684210525,0.09453244762391416,N
oulad_DDD_2014B,OULAD,transferred,oviedo_C4189_1415,age_band,2,0.28651685393258425,0.13274336283185842,0.15377349110072583,0-35
oulad_DDD_2014B,OULAD,transferred,oviedo_C4189_1415,highest_education,3,0.24731182795698925,0.1540880503144654,0.09322377764252385,A Level or Equivalent
oulad_DDD_2014B,OULAD,transferred,oviedo_C4213_1415,gender,2,0.30043859649122806,0.2935153583617747,0.006923238129453335,F
oulad_DDD_2014B,OULAD,transferred,oviedo_C4213_1415,imd_band,10,0.40298507462686567,0.14583333333333334,0.25715174129353235,90-100%
oulad_DDD_2014B,OULAD,transferred,oviedo_C4213_1415,disability,2,0.30097087378640774,0.29721362229102166,0.0037572514953860825,N
oulad_DDD_2014B,OULAD,transferred,oviedo_C4213_1415,age_band,2,0.30973451327433627,0.25280898876404495,0.056925524510291314,35-55
oulad_DDD_2014B,OULAD,transferred,oviedo_C4213_1415,highest_education,3,0.3230769230769231,0.24731182795698925,0.07576509511993385,HE Qualification
oulad_DDD_2014B,OULAD,transferred,oviedo_C836_1415,gender,2,0.3355263157894737,0.27986348122866894,0.05566283456080473,F
oulad_DDD_2014B,OULAD,transferred,oviedo_C836_1415,imd_band,10,0.375,0.22916666666666666,0.14583333333333334,90-100%
oulad_DDD_2014B,OULAD,transferred,oviedo_C836_1415,disability,2,0.3188854489164087,0.2815533980582524,0.037332050858156274,Y
oulad_DDD_2014B,OULAD,transferred,oviedo_C836_1415,age_band,2,0.32035398230088497,0.29213483146067415,0.028219150840210816,35-55
oulad_DDD_2014B,OULAD,transferred,oviedo_C836_1415,highest_education,3,0.35384615384615387,0.21505376344086022,0.13879239040529365,HE Qualification
oulad_DDD_2014J,OULAD,local,oulad_DDD_2014J,gender,2,0.36470588235294116,0.34982935153583616,0.014876530817104994,M
oulad_DDD_2014J,OULAD,local,oulad_DDD_2014J,imd_band,10,0.4083333333333333,0.27058823529411763,0.1377450980392157,80-90%
oulad_DDD_2014J,OULAD,local,oulad_DDD_2014J,disability,2,0.38461538461538464,0.3508771929824561,0.033738191632928516,N
oulad_DDD_2014J,OULAD,local,oulad_DDD_2014J,age_band,2,0.3684210526315789,0.35175879396984927,0.016662258661729656,0-35
oulad_DDD_2014J,OULAD,local,oulad_DDD_2014J,highest_education,3,0.3722627737226277,0.34801762114537443,0.024245152577253293,A Level or Equivalent
oulad_DDD_2014J,OULAD,transferred,ku_Accountancy_1819,gender,2,0.2030716723549488,0.2023529411764706,0.0007187311784782047,F
oulad_DDD_2014J,OULAD,transferred,ku_Accountancy_1819,imd_band,10,0.25,0.14102564102564102,0.10897435897435898,70-80%
oulad_DDD_2014J,OULAD,transferred,ku_Accountancy_1819,disability,2,0.2046783625730994,0.19230769230769232,0.012370670265407085,Y
oulad_DDD_2014J,OULAD,transferred,ku_Accountancy_1819,age_band,2,0.21231155778894473,0.1722488038277512,0.04006275396119352,35-55
oulad_DDD_2014J,OULAD,transferred,ku_Accountancy_1819,highest_education,3,0.22687224669603523,0.1678832116788321,0.05898903501720312,HE Qualification
oulad_DDD_2014J,OULAD,transferred,ku_Globaleconom_1819,gender,2,0.3464163822525597,0.30117647058823527,0.04523991166432445,F
oulad_DDD_2014J,OULAD,transferred,ku_Globaleconom_1819,imd_band,10,0.43103448275862066,0.25833333333333336,0.1727011494252873,20-30%
oulad_DDD_2014J,OULAD,transferred,ku_Globaleconom_1819,disability,2,0.3333333333333333,0.2948717948717949,0.038461538461538436,Y
oulad_DDD_2014J,OULAD,transferred,ku_Globaleconom_1819,age_band,2,0.34045226130653267,0.2727272727272727,0.06772498857925996,35-55
oulad_DDD_2014J,OULAD,transferred,ku_Globaleconom_1819,highest_education,3,0.3325062034739454,0.30656934306569344,0.02593686040825194,HE Qualification
oulad_DDD_2014J,OULAD,transferred,ku_Accountancy_1920,gender,2,0.15058823529411763,0.12457337883959044,0.026014856454527197,M
oulad_DDD_2014J,OULAD,transferred,ku_Accountancy_1920,imd_band,10,0.1935483870967742,0.0641025641025641,0.1294458229942101,70-80%
oulad_DDD_2014J,OULAD,transferred,ku_Accountancy_1920,disability,2,0.15384615384615385,0.13216374269005848,0.02168241115609537,N
oulad_DDD_2014J,OULAD,transferred,ku_Accountancy_1920,age_band,2,0.14354066985645933,0.13316582914572864,0.010374840710730693,0-35
oulad_DDD_2014J,OULAD,transferred,ku_Accountancy_1920,highest_education,3,0.14977973568281938,0.11662531017369727,0.03315442550912211,Lower Than A Level
oulad_DDD_2014J,OULAD,transferred,ku_Globaleconom_1920,gender,2,0.3464163822525597,0.28941176470588237,0.05700461754667735,F
oulad_DDD_2014J,OULAD,transferred,ku_Globaleconom_1920,imd_band,10,0.35294117647058826,0.3020833333333333,0.05085784313725494,0-10%
oulad_DDD_2014J,OULAD,transferred,ku_Globaleconom_1920,disability,2,0.3309941520467836,0.27564102564102566,0.05535312640575796,Y
oulad_DDD_2014J,OULAD,transferred,ku_Globaleconom_1920,age_band,2,0.3391959798994975,0.2631578947368421,0.07603808516265542,35-55
oulad_DDD_2014J,OULAD,transferred,ku_Globaleconom_1920,highest_education,3,0.3795620437956204,0.30837004405286345,0.07119199974275697,A Level or Equivalent
oulad_DDD_2014J,OULAD,transferred,ku_Accountancy_2021,gender,2,0.2776470588235294,0.23890784982935154,0.038739208994177876,M
oulad_DDD_2014J,OULAD,transferred,ku_Accountancy_2021,imd_band,10,0.3064516129032258,0.21794871794871795,0.08850289495450786,70-80%
oulad_DDD_2014J,OULAD,transferred,ku_Accountancy_2021,disability,2,0.3333333333333333,0.2409356725146199,0.09239766081871342,N
oulad_DDD_2014J,OULAD,transferred,ku_Accountancy_2021,age_band,2,0.2650753768844221,0.22488038277511962,0.040194994109302495,35-55
oulad_DDD_2014J,OULAD,transferred,ku_Accountancy_2021,highest_education,3,0.2846715328467153,0.23076923076923078,0.05390230207748453,Lower Than A Level
oulad_DDD_2014J,OULAD,transferred,ku_Globaleconom_2021,gender,2,0.32593856655290104,0.32,0.005938566552901037,F
oulad_DDD_2014J,OULAD,transferred,ku_Globaleconom_2021,imd_band,10,0.3870967741935484,0.24166666666666667,0.1454301075268817,20-30%
oulad_DDD_2014J,OULAD,transferred,ku_Globaleconom_2021,disability,2,0.32748538011695905,0.30128205128205127,0.02620332883490778,Y
oulad_DDD_2014J,OULAD,transferred,ku_Globaleconom_2021,age_band,2,0.32663316582914576,0.3157894736842105,0.010843692144935246,35-55
oulad_DDD_2014J,OULAD,transferred,ku_Globaleconom_2021,highest_education,3,0.36724565756823824,0.29927007299270075,0.06797558457553748,HE Qualification
oulad_DDD_2014J,OULAD,transferred,ukzn_ISTN101_2019,gender,2,0.2713310580204778,0.2447058823529412,0.02662517566753661,F
oulad_DDD_2014J,OULAD,transferred,ukzn_ISTN101_2019,imd_band,10,0.33064516129032256,0.15833333333333333,0.17231182795698924,20-30%
oulad_DDD_2014J,OULAD,transferred,ukzn_ISTN101_2019,disability,2,0.26432748538011697,0.23717948717948717,0.027147998200629797,Y
oulad_DDD_2014J,OULAD,transferred,ukzn_ISTN101_2019,age_band,2,0.2727272727272727,0.2550251256281407,0.017702147099131982,0-35
oulad_DDD_2014J,OULAD,transferred,ukzn_ISTN101_2019,highest_education,3,0.27791563275434245,0.24817518248175183,0.02974045027259062,HE Qualification
oulad_DDD_2014J,OULAD,transferred,ukzn_ISTN101_2020,gender,2,0.35294117647058826,0.2901023890784983,0.06283878739208998,M
oulad_DDD_2014J,OULAD,transferred,ukzn_ISTN101_2020,imd_band,10,0.4032258064516129,0.24705882352941178,0.1561669829222011,80-90%
oulad_DDD_2014J,OULAD,transferred,ukzn_ISTN101_2020,disability,2,0.32397660818713453,0.27564102564102566,0.04833558254610887,Y
oulad_DDD_2014J,OULAD,transferred,ukzn_ISTN101_2020,age_band,2,0.3178391959798995,0.31100478468899523,0.006834411290904285,35-55
oulad_DDD_2014J,OULAD,transferred,ukzn_ISTN101_2020,highest_education,3,0.35036496350364965,0.30616740088105726,0.04419756262259239,A Level or Equivalent
oulad_DDD_2014J,OULAD,transferred,ukzn_ISTN101_2021,gender,2,0.3651877133105802,0.28941176470588237,0.07577594860469783,F
oulad_DDD_2014J,OULAD,transferred,ukzn_ISTN101_2021,imd_band,10,0.3879310344827586,0.2696629213483146,0.11826811313444402,60-70%
oulad_DDD_2014J,OULAD,transferred,ukzn_ISTN101_2021,disability,2,0.33567251461988307,0.32051282051282054,0.015159694107062527,Y
oulad_DDD_2014J,OULAD,transferred,ukzn_ISTN101_2021,age_band,2,0.3417085427135678,0.3014354066985646,0.04027313601500321,35-55
oulad_DDD_2014J,OULAD,transferred,ukzn_ISTN101_2021,highest_education,3,0.3573200992555831,0.2773722627737226,0.07994783648186049,HE Qualification
oulad_DDD_2014J,OULAD,transferred,ukzn_ISTN102_2018,gender,2,0.3583617747440273,0.31529411764705884,0.04306765709696847,F
oulad_DDD_2014J,OULAD,transferred,ukzn_ISTN102_2018,imd_band,10,0.4032258064516129,0.27058823529411763,0.13263757115749525,80-90%
oulad_DDD_2014J,OULAD,transferred,ukzn_ISTN102_2018,disability,2,0.3532163742690059,0.2692307692307692,0.08398560503823665,Y
oulad_DDD_2014J,OULAD,transferred,ukzn_ISTN102_2018,age_band,2,0.3442211055276382,0.3253588516746411,0.018862253852997057,35-55
oulad_DDD_2014J,OULAD,transferred,ukzn_ISTN102_2018,highest_education,3,0.3598014888337469,0.32599118942731276,0.03381029940643415,A Level or Equivalent
oulad_DDD_2014J,OULAD,transferred,ukzn_ISTN103_2019,gender,2,0.30823529411764705,0.27474402730375425,0.033491266813892806,M
oulad_DDD_2014J,OULAD,transferred,ukzn_ISTN103_2019,imd_band,10,0.35,0.22413793103448276,0.12586206896551722,40-50%
oulad_DDD_2014J,OULAD,transferred,ukzn_ISTN103_2019,disability,2,0.3076923076923077,0.28538011695906434,0.022312190733243364,N
oulad_DDD_2014J,OULAD,transferred,ukzn_ISTN103_2019,age_band,2,0.3062200956937799,0.28391959798994976,0.022300497703830136,0-35
oulad_DDD_2014J,OULAD,transferred,ukzn_ISTN103_2019,highest_education,3,0.29280397022332505,0.2773722627737226,0.015431707449602428,HE Qualification
oulad_DDD_2014J,OULAD,transferred,ukzn_ISTN103_2020,gender,2,0.3703071672354949,0.3176470588235294,0.0526601084119655,F
oulad_DDD_2014J,OULAD,transferred,ukzn_ISTN103_2020,imd_band,10,0.41935483870967744,0.2823529411764706,0.13700189753320685,80-90%
oulad_DDD_2014J,OULAD,transferred,ukzn_ISTN103_2020,disability,2,0.36608187134502923,0.25,0.11608187134502923,Y
oulad_DDD_2014J,OULAD,transferred,ukzn_ISTN103_2020,age_band,2,0.35406698564593303,0.34673366834170855,0.007333317304224485,0-35
oulad_DDD_2014J,OULAD,transferred,ukzn_ISTN103_2020,highest_education,3,0.369727047146402,0.33480176211453744,0.03492528503186454,A Level or Equivalent
oulad_DDD_2014J,OULAD,transferred,ukzn_ISTN211_2019,gender,2,0.27058823529411763,0.24573378839590443,0.0248544468982132,M
oulad_DDD_2014J,OULAD,transferred,ukzn_ISTN211_2019,imd_band,10,0.31666666666666665,0.1794871794871795,0.13717948717948716,70-80%
oulad_DDD_2014J,OULAD,transferred,ukzn_ISTN211_2019,disability,2,0.2948717948717949,0.24912280701754386,0.04574898785425102,N
oulad_DDD_2014J,OULAD,transferred,ukzn_ISTN211_2019,age_band,2,0.2663316582914573,0.215311004784689,0.051020653506768265,35-55
oulad_DDD_2014J,OULAD,transferred,ukzn_ISTN211_2019,highest_education,3,0.3357664233576642,0.23788546255506607,0.09788096080259814,A Level or Equivalent
oulad_DDD_2014J,OULAD,transferred,ukzn_ISTN211_2021,gender,2,0.39078498293515357,0.2823529411764706,0.10843204175868298,F
oulad_DDD_2014J,OULAD,transferred,ukzn_ISTN211_2021,imd_band,10,0.3944954128440367,0.27058823529411763,0.12390717754991909,80-90%
oulad_DDD_2014J,OULAD,transferred,ukzn_ISTN211_2021,disability,2,0.35789473684210527,0.27564102564102566,0.0822537112010796,Y
oulad_DDD_2014J,OULAD,transferred,ukzn_ISTN211_2021,age_band,2,0.35804020100502515,0.291866028708134,0.06617417229689115,35-55
oulad_DDD_2014J,OULAD,transferred,ukzn_ISTN211_2021,highest_education,3,0.3598014888337469,0.2773722627737226,0.08242922606002429,HE Qualification
oulad_DDD_2014J,OULAD,transferred,ukzn_ISTN212_2018,gender,2,0.3430034129692833,0.30823529411764705,0.03476811885163622,F
oulad_DDD_2014J,OULAD,transferred,ukzn_ISTN212_2018,imd_band,10,0.43548387096774194,0.25842696629213485,0.17705690467560709,60-70%
oulad_DDD_2014J,OULAD,transferred,ukzn_ISTN212_2018,disability,2,0.3309941520467836,0.3141025641025641,0.01689158794421952,Y
oulad_DDD_2014J,OULAD,transferred,ukzn_ISTN212_2018,age_band,2,0.35406698564593303,0.3228643216080402,0.031202664037892847,0-35
oulad_DDD_2014J,OULAD,transferred,ukzn_ISTN212_2018,highest_education,3,0.34491315136476425,0.32158590308370044,0.023327248281063806,A Level or Equivalent
oulad_DDD_2014J,OULAD,transferred,ukzn_ISTN212_2019,gender,2,0.34982935153583616,0.3341176470588235,0.015711704477012645,F
oulad_DDD_2014J,OULAD,transferred,ukzn_ISTN212_2019,imd_band,10,0.41935483870967744,0.24705882352941178,0.17229601518026566,80-90%
oulad_DDD_2014J,OULAD,transferred,ukzn_ISTN212_2019,disability,2,0.3532163742690059,0.28846153846153844,0.06475483580746744,Y
oulad_DDD_2014J,OULAD,transferred,ukzn_ISTN212_2019,age_band,2,0.3454773869346734,0.3349282296650718,0.010549157269601594,35-55
oulad_DDD_2014J,OULAD,transferred,ukzn_ISTN212_2019,highest_education,3,0.3523573200992556,0.3284671532846715,0.023890166814584057,HE Qualification
oulad_DDD_2014J,OULAD,transferred,ukzn_ISTN2IP_2018,gender,2,0.363481228668942,0.3129411764705882,0.05054005219835378,F
oulad_DDD_2014J,OULAD,transferred,ukzn_ISTN2IP_2018,imd_band,10,0.4270833333333333,0.28205128205128205,0.14503205128205127,70-80%
oulad_DDD_2014J,OULAD,transferred,ukzn_ISTN2IP_2018,disability,2,0.36374269005847953,0.22435897435897437,0.13938371569950517,Y
oulad_DDD_2014J,OULAD,transferred,ukzn_ISTN2IP_2018,age_band,2,0.34296482412060303,0.3349282296650718,0.008036594455531232,35-55
oulad_DDD_2014J,OULAD,transferred,ukzn_ISTN2IP_2018,highest_education,3,0.36724565756823824,0.3237885462555066,0.04345711131273161,A Level or Equivalent
oulad_DDD_2014J,OULAD,transferred,ukzn_ISTN2IP_2019,gender,2,0.30117647058823527,0.2781569965870307,0.023019474001204576,M
oulad_DDD_2014J,OULAD,transferred,ukzn_ISTN2IP_2019,imd_band,10,0.3709677419354839,0.20512820512820512,0.16583953680727875,70-80%
oulad_DDD_2014J,OULAD,transferred,ukzn_ISTN2IP_2019,disability,2,0.3076923076923077,0.28421052631578947,0.02348178137651824,N
oulad_DDD_2014J,OULAD,transferred,ukzn_ISTN2IP_2019,age_band,2,0.3015075376884422,0.23444976076555024,0.06705777692289194,35-55
oulad_DDD_2014J,OULAD,transferred,ukzn_ISTN2IP_2019,highest_education,3,0.30656934306569344,0.2878411910669975,0.01872815199869593,Lower Than A Level
oulad_DDD_2014J,OULAD,transferred,ukzn_ISTN3ND_2018,gender,2,0.32764505119453924,0.28941176470588237,0.03823328648865687,F
oulad_DDD_2014J,OULAD,transferred,ukzn_ISTN3ND_2018,imd_band,10,0.3944954128440367,0.20833333333333334,0.18616207951070338,20-30%
oulad_DDD_2014J,OULAD,transferred,ukzn_ISTN3ND_2018,disability,2,0.3169590643274854,0.28205128205128205,0.034907782276203336,Y
oulad_DDD_2014J,OULAD,transferred,ukzn_ISTN3ND_2018,age_band,2,0.3241206030150754,0.2631578947368421,0.0609627082782333,35-55
oulad_DDD_2014J,OULAD,transferred,ukzn_ISTN3ND_2018,highest_education,3,0.3225806451612903,0.29927007299270075,0.02331057216858956,HE Qualification
oulad_DDD_2014J,OULAD,transferred,ukzn_ISTN3ND_2019,gender,2,0.3412969283276451,0.3129411764705882,0.028355751857056855,F
oulad_DDD_2014J,OULAD,transferred,ukzn_ISTN3ND_2019,imd_band,10,0.3958333333333333,0.25882352941176473,0.13700980392156858,80-90%
oulad_DDD_2014J,OULAD,transferred,ukzn_ISTN3ND_2019,disability,2,0.34619883040935673,0.23717948717948717,0.10901934322986956,Y
oulad_DDD_2014J,OULAD,transferred,ukzn_ISTN3ND_2019,age_band,2,0.3341708542713568,0.3062200956937799,0.027950758577576895,35-55
oulad_DDD_2014J,OULAD,transferred,ukzn_ISTN3ND_2019,highest_education,3,0.3399503722084367,0.31386861313868614,0.026081759069750576,HE Qualification
oulad_DDD_2014J,OULAD,transferred,ukzn_ISTN3SA_2018,gender,2,0.18352941176470589,0.09726962457337884,0.08625978719132704,M
oulad_DDD_2014J,OULAD,transferred,ukzn_ISTN3SA_2018,imd_band,10,0.19230769230769232,0.10416666666666667,0.08814102564102565,0-10%
oulad_DDD_2014J,OULAD,transferred,ukzn_ISTN3SA_2018,disability,2,0.16025641025641027,0.1286549707602339,0.03160143949617636,N
oulad_DDD_2014J,OULAD,transferred,ukzn_ISTN3SA_2018,age_band,2,0.1674641148325359,0.12437185929648241,0.04309225553605349,0-35
oulad_DDD_2014J,OULAD,transferred,ukzn_ISTN3SA_2018,highest_education,3,0.14392059553349876,0.12334801762114538,0.020572577912353382,A Level or Equivalent
oulad_DDD_2014J,OULAD,transferred,ukzn_ISTN3SA_2019,gender,2,0.3270588235294118,0.28498293515358364,0.04207588837582815,M
oulad_DDD_2014J,OULAD,transferred,ukzn_ISTN3SA_2019,imd_band,10,0.3790322580645161,0.20512820512820512,0.173904052936311,70-80%
oulad_DDD_2014J,OULAD,transferred,ukzn_ISTN3SA_2019,disability,2,0.3141025641025641,0.30058479532163745,0.013517768780926642,N
oulad_DDD_2014J,OULAD,transferred,ukzn_ISTN3SA_2019,age_band,2,0.30527638190954776,0.3014354066985646,0.003840975210983144,35-55
oulad_DDD_2014J,OULAD,transferred,ukzn_ISTN3SA_2019,highest_education,3,0.3076923076923077,0.2773722627737226,0.030320044918585087,HE Qualification
oulad_DDD_2014J,OULAD,transferred,zambia_ICT1110_2020,gender,2,0.3412969283276451,0.23294117647058823,0.10835575185705684,F
oulad_DDD_2014J,OULAD,transferred,zambia_ICT1110_2020,imd_band,10,0.3974358974358974,0.22641509433962265,0.17102080309627476,50-60%
oulad_DDD_2014J,OULAD,transferred,zambia_ICT1110_2020,disability,2,0.2994152046783626,0.27564102564102566,0.023774179037336918,Y
oulad_DDD_2014J,OULAD,transferred,zambia_ICT1110_2020,age_band,2,0.30402010050251255,0.2631578947368421,0.040862205765670456,35-55
oulad_DDD_2014J,OULAD,transferred,zambia_ICT1110_2020,highest_education,3,0.31057268722466963,0.25547445255474455,0.055098234669925084,HE Qualification
oulad_DDD_2014J,OULAD,transferred,zambia_ICT1110_2021,gender,2,0.2235494880546075,0.17882352941176471,0.04472595864284279,F
oulad_DDD_2014J,OULAD,transferred,zambia_ICT1110_2021,imd_band,10,0.2833333333333333,0.1411764705882353,0.14215686274509803,80-90%
oulad_DDD_2014J,OULAD,transferred,zambia_ICT1110_2021,disability,2,0.20584795321637428,0.1987179487179487,0.007130004498425574,Y
oulad_DDD_2014J,OULAD,transferred,zambia_ICT1110_2021,age_band,2,0.20854271356783918,0.19138755980861244,0.017155153759226743,35-55
oulad_DDD_2014J,OULAD,transferred,zambia_ICT1110_2021,highest_education,3,0.22026431718061673,0.18362282878411912,0.03664148839649761,Lower Than A Level
oulad_DDD_2014J,OULAD,transferred,oviedo_C1112_1415,gender,2,0.36177474402730375,0.3176470588235294,0.04412768520377436,F
oulad_DDD_2014J,OULAD,transferred,oviedo_C1112_1415,imd_band,10,0.3958333333333333,0.275,0.12083333333333329,20-30%
oulad_DDD_2014J,OULAD,transferred,oviedo_C1112_1415,disability,2,0.35555555555555557,0.27564102564102566,0.07991452991452991,Y
oulad_DDD_2014J,OULAD,transferred,oviedo_C1112_1415,age_band,2,0.3442211055276382,0.3349282296650718,0.009292875862566385,35-55
oulad_DDD_2014J,OULAD,transferred,oviedo_C1112_1415,highest_education,3,0.36228287841191065,0.29927007299270075,0.0630128054192099,HE Qualification
oulad_DDD_2014J,OULAD,transferred,oviedo_C1127_1415,gender,2,0.36860068259385664,0.31058823529411766,0.05801244729973898,F
oulad_DDD_2014J,OULAD,transferred,oviedo_C1127_1415,imd_band,10,0.4166666666666667,0.25862068965517243,0.15804597701149425,40-50%
oulad_DDD_2014J,OULAD,transferred,oviedo_C1127_1415,disability,2,0.391025641025641,0.33567251461988307,0.05535312640575796,N
oulad_DDD_2014J,OULAD,transferred,oviedo_C1127_1415,age_band,2,0.35678391959798994,0.291866028708134,0.06491789088985594,35-55
oulad_DDD_2014J,OULAD,transferred,oviedo_C1127_1415,highest_education,3,0.3548387096774194,0.32116788321167883,0.033670826465740544,HE Qualification
oulad_DDD_2014J,OULAD,transferred,oviedo_C1200_1415,gender,2,0.3447098976109215,0.31529411764705884,0.029415779963862687,F
oulad_DDD_2014J,OULAD,transferred,oviedo_C1200_1415,imd_band,10,0.4375,0.2564102564102564,0.1810897435897436,70-80%
oulad_DDD_2014J,OULAD,transferred,oviedo_C1200_1415,disability,2,0.3345029239766082,0.32051282051282054,0.013990103463787651,Y
oulad_DDD_2014J,OULAD,transferred,oviedo_C1200_1415,age_band,2,0.33291457286432163,0.3253588516746411,0.007555721189680509,35-55
oulad_DDD_2014J,OULAD,transferred,oviedo_C1200_1415,highest_education,3,0.3598014888337469,0.31057268722466963,0.04922880160907728,A Level or Equivalent
oulad_DDD_2014J,OULAD,transferred,oviedo_C1303_1415,gender,2,0.3293515358361775,0.3176470588235294,0.011704477012648096,F
oulad_DDD_2014J,OULAD,transferred,oviedo_C1303_1415,imd_band,10,0.41379310344827586,0.25833333333333336,0.1554597701149425,20-30%
oulad_DDD_2014J,OULAD,transferred,oviedo_C1303_1415,disability,2,0.33567251461988307,0.26282051282051283,0.07285200179937024,Y
oulad_DDD_2014J,OULAD,transferred,oviedo_C1303_1415,age_band,2,0.3379396984924623,0.2631578947368421,0.07478180375562021,35-55
oulad_DDD_2014J,OULAD,transferred,oviedo_C1303_1415,highest_education,3,0.32754342431761785,0.31386861313868614,0.013674811178931712,HE Qualification
oulad_DDD_2014J,OULAD,transferred,oviedo_C174_1415,gender,2,0.2354948805460751,0.23058823529411765,0.004906645251957442,F
oulad_DDD_2014J,OULAD,transferred,oviedo_C174_1415,imd_band,10,0.3411764705882353,0.16379310344827586,0.17738336713995945,40-50%
oulad_DDD_2014J,OULAD,transferred,oviedo_C174_1415,disability,2,0.26282051282051283,0.22807017543859648,0.03475033738191635,N
oulad_DDD_2014J,OULAD,transferred,oviedo_C174_1415,age_band,2,0.3397129186602871,0.20351758793969849,0.1361953307205886,0-35
oulad_DDD_2014J,OULAD,transferred,oviedo_C174_1415,highest_education,3,0.291970802919708,0.20595533498759305,0.08601546793211495,Lower Than A Level
oulad_DDD_2014J,OULAD,transferred,oviedo_C190_1415,gender,2,0.20941176470588235,0.17918088737201365,0.0302308773338687,M
oulad_DDD_2014J,OULAD,transferred,oviedo_C190_1415,imd_band,10,0.25806451612903225,0.1559633027522936,0.10210121337673866,30-40%
oulad_DDD_2014J,OULAD,transferred,oviedo_C190_1415,disability,2,0.19415204678362574,0.1794871794871795,0.014664867296446255,Y
oulad_DDD_2014J,OULAD,transferred,oviedo_C190_1415,age_band,2,0.1934673366834171,0.19138755980861244,0.002079776874804651,35-55
oulad_DDD_2014J,OULAD,transferred,oviedo_C190_1415,highest_education,3,0.19383259911894274,0.18248175182481752,0.011350847294125221,HE Qualification
oulad_DDD_2014J,OULAD,transferred,oviedo_C1978_1415,gender,2,0.09176470588235294,0.06484641638225255,0.02691828950010039,M
oulad_DDD_2014J,OULAD,transferred,oviedo_C1978_1415,imd_band,10,0.12941176470588237,0.03125,0.09816176470588237,0-10%
oulad_DDD_2014J,OULAD,transferred,oviedo_C1978_1415,disability,2,0.10256410256410256,0.07134502923976609,0.031219073324336474,N
oulad_DDD_2014J,OULAD,transferred,oviedo_C1978_1415,age_band,2,0.1339712918660287,0.06030150753768844,0.07366978432834027,0-35
oulad_DDD_2014J,OULAD,transferred,oviedo_C1978_1415,highest_education,3,0.12408759124087591,0.06451612903225806,0.05957146220861785,Lower Than A Level
oulad_DDD_2014J,OULAD,transferred,oviedo_C2011_1415,gender,2,0.28941176470588237,0.27986348122866894,0.009548283477213426,M
oulad_DDD_2014J,OULAD,transferred,oviedo_C2011_1415,imd_band,10,0.3629032258064516,0.21875,0.14415322580645162,0-10%
oulad_DDD_2014J,OULAD,transferred,oviedo_C2011_1415,disability,2,0.3076923076923077,0.2795321637426901,0.028160143949617633,N
oulad_DDD_2014J,OULAD,transferred,oviedo_C2011_1415,age_band,2,0.2864321608040201,0.27751196172248804,0.008920199081532076,35-55
oulad_DDD_2014J,OULAD,transferred,oviedo_C2011_1415,highest_education,3,0.2878411910669975,0.2773722627737226,0.010468928293274893,HE Qualification
oulad_DDD_2014J,OULAD,transferred,oviedo_C2024_1415,gender,2,0.3191126279863481,0.30117647058823527,0.01793615739811283,F
oulad_DDD_2014J,OULAD,transferred,oviedo_C2024_1415,imd_band,10,0.3645833333333333,0.24166666666666667,0.12291666666666665,20-30%
oulad_DDD_2014J,OULAD,transferred,oviedo_C2024_1415,disability,2,0.32514619883040935,0.23717948717948717,0.08796671165092218,Y
oulad_DDD_2014J,OULAD,transferred,oviedo_C2024_1415,age_band,2,0.32057416267942584,0.30778894472361806,0.012785217955807782,0-35
oulad_DDD_2014J,OULAD,transferred,oviedo_C2024_1415,highest_education,3,0.3399503722084367,0.28854625550660795,0.05140411670182876,A Level or Equivalent
oulad_DDD_2014J,OULAD,transferred,oviedo_C2150_1415,gender,2,0.3412969283276451,0.2776470588235294,0.06364986950411566,F
oulad_DDD_2014J,OULAD,transferred,oviedo_C2150_1415,imd_band,10,0.3548387096774194,0.2696629213483146,0.08517578832910477,60-70%
oulad_DDD_2014J,OULAD,transferred,oviedo_C2150_1415,disability,2,0.3269230769230769,0.312280701754386,0.014642375168690935,N
oulad_DDD_2014J,OULAD,transferred,oviedo_C2150_1415,age_band,2,0.32663316582914576,0.2679425837320574,0.05869058209708833,35-55
oulad_DDD_2014J,OULAD,transferred,oviedo_C2150_1415,highest_education,3,0.34306569343065696,0.29280397022332505,0.05026172320733191,Lower Than A Level
oulad_DDD_2014J,OULAD,transferred,oviedo_C2271_1415,gender,2,0.3412969283276451,0.31058823529411766,0.030708693033527412,F
oulad_DDD_2014J,OULAD,transferred,oviedo_C2271_1415,imd_band,10,0.40625,0.25833333333333336,0.14791666666666664,20-30%
oulad_DDD_2014J,OULAD,transferred,oviedo_C2271_1415,disability,2,0.34269005847953216,0.25,0.09269005847953216,Y
oulad_DDD_2014J,OULAD,transferred,oviedo_C2271_1415,age_band,2,0.33542713567839194,0.2966507177033493,0.038776417975042665,35-55
oulad_DDD_2014J,OULAD,transferred,oviedo_C2271_1415,highest_education,3,0.3573200992555831,0.30837004405286345,0.04895005520271967,A Level or Equivalent
oulad_DDD_2014J,OULAD,transferred,oviedo_C2335_1415,gender,2,0.2883959044368601,0.2776470588235294,0.010748845613330671,F
oulad_DDD_2014J,OULAD,transferred,oviedo_C2335_1415,imd_band,10,0.3387096774193548,0.19230769230769232,0.1464019851116625,70-80%
oulad_DDD_2014J,OULAD,transferred,oviedo_C2335_1415,disability,2,0.28846153846153844,0.2830409356725146,0.005420602789023843,N
oulad_DDD_2014J,OULAD,transferred,oviedo_C2335_1415,age_band,2,0.2864321608040201,0.27751196172248804,0.008920199081532076,35-55
oulad_DDD_2014J,OULAD,transferred,oviedo_C2335_1415,highest_education,3,0.3284671532846715,0.2555066079295154,0.07296054535515611,A Level or Equivalent
oulad_DDD_2014J,OULAD,transferred,oviedo_C2406_1415,gender,2,0.3651877133105802,0.28941176470588237,0.07577594860469783,F
oulad_DDD_2014J,OULAD,transferred,oviedo_C2406_1415,imd_band,10,0.4479166666666667,0.26666666666666666,0.18125000000000002,20-30%
oulad_DDD_2014J,OULAD,transferred,oviedo_C2406_1415,disability,2,0.3508771929824561,0.23717948717948717,0.11369770580296895,Y
oulad_DDD_2014J,OULAD,transferred,oviedo_C2406_1415,age_band,2,0.33668341708542715,0.3157894736842105,0.02089394340121664,35-55
oulad_DDD_2014J,OULAD,transferred,oviedo_C2406_1415,highest_education,3,0.3548387096774194,0.31497797356828194,0.03986073610913743,A Level or Equivalent
oulad_DDD_2014J,OULAD,transferred,oviedo_C2468_1415,gender,2,0.33276450511945393,0.30117647058823527,0.03158803453121867,F
oulad_DDD_2014J,OULAD,transferred,oviedo_C2468_1415,imd_band,10,0.3958333333333333,0.25833333333333336,0.13749999999999996,20-30%
oulad_DDD_2014J,OULAD,transferred,oviedo_C2468_1415,disability,2,0.33567251461988307,0.23076923076923078,0.10490328385065228,Y
oulad_DDD_2014J,OULAD,transferred,oviedo_C2468_1415,age_band,2,0.3228643216080402,0.3014354066985646,0.02142891490947557,35-55
oulad_DDD_2014J,OULAD,transferred,oviedo_C2468_1415,highest_education,3,0.34739454094292804,0.291970802919708,0.05542373802322004,HE Qualification
oulad_DDD_2014J,OULAD,transferred,oviedo_C2607_1415,gender,2,0.3412969283276451,0.24705882352941178,0.0942381047982333,F
oulad_DDD_2014J,OULAD,transferred,oviedo_C2607_1415,imd_band,10,0.3854166666666667,0.2564102564102564,0.1290064102564103,70-80%
oulad_DDD_2014J,OULAD,transferred,oviedo_C2607_1415,disability,2,0.312280701754386,0.24358974358974358,0.06869095816464241,Y
oulad_DDD_2014J,OULAD,transferred,oviedo_C2607_1415,age_band,2,0.3103015075376884,0.2679425837320574,0.042358923805631,35-55
oulad_DDD_2014J,OULAD,transferred,oviedo_C2607_1415,highest_education,3,0.35766423357664234,0.28193832599118945,0.07572590758545289,A Level or Equivalent
oulad_DDD_2014J,OULAD,transferred,oviedo_C3022_1415,gender,2,0.22588235294117648,0.2030716723549488,0.022810680586227677,M
oulad_DDD_2014J,OULAD,transferred,oviedo_C3022_1415,imd_band,10,0.26666666666666666,0.14516129032258066,0.12150537634408601,10-20
oulad_DDD_2014J,OULAD,transferred,oviedo_C3022_1415,disability,2,0.26282051282051283,0.20350877192982456,0.059311740890688275,N
oulad_DDD_2014J,OULAD,transferred,oviedo_C3022_1415,age_band,2,0.2679425837320574,0.1972361809045226,0.07070640282753482,0-35
oulad_DDD_2014J,OULAD,transferred,oviedo_C3022_1415,highest_education,3,0.2290748898678414,0.19602977667493796,0.03304511319290346,Lower Than A Level
oulad_DDD_2014J,OULAD,transferred,oviedo_C3029_1415,gender,2,0.31569965870307165,0.24235294117647058,0.07334671752660107,F
oulad_DDD_2014J,OULAD,transferred,oviedo_C3029_1415,imd_band,10,0.3870967741935484,0.22916666666666666,0.15793010752688172,0-10%
oulad_DDD_2014J,OULAD,transferred,oviedo_C3029_1415,disability,2,0.30128205128205127,0.2818713450292398,0.019410706252811494,N
oulad_DDD_2014J,OULAD,transferred,oviedo_C3029_1415,age_band,2,0.2952261306532663,0.24401913875598086,0.05120699189728545,35-55
oulad_DDD_2014J,OULAD,transferred,oviedo_C3029_1415,highest_education,3,0.3039647577092511,0.2630272952853598,0.04093746242389129,Lower Than A Level
oulad_DDD_2014J,OULAD,transferred,oviedo_C4189_1415,gender,2,0.17406143344709898,0.1623529411764706,0.011708492270628396,F
oulad_DDD_2014J,OULAD,transferred,oviedo_C4189_1415,imd_band,10,0.27058823529411763,0.11009174311926606,0.16049649217485157,30-40%
oulad_DDD_2014J,OULAD,transferred,oviedo_C4189_1415,disability,2,0.23076923076923078,0.15789473684210525,0.07287449392712553,N
oulad_DDD_2014J,OULAD,transferred,oviedo_C4189_1415,age_band,2,0.2679425837320574,0.1407035175879397,0.12723906614411773,0-35
oulad_DDD_2014J,OULAD,transferred,oviedo_C4189_1415,highest_education,3,0.23357664233576642,0.15632754342431762,0.0772490989114488,Lower Than A Level
oulad_DDD_2014J,OULAD,transferred,oviedo_C4213_1415,gender,2,0.31569965870307165,0.24,0.07569965870307166,F
oulad_DDD_2014J,OULAD,transferred,oviedo_C4213_1415,imd_band,10,0.35833333333333334,0.21176470588235294,0.1465686274509804,80-90%
oulad_DDD_2014J,OULAD,transferred,oviedo_C4213_1415,disability,2,0.30128205128205127,0.2807017543859649,0.02058029689608637,N
oulad_DDD_2014J,OULAD,transferred,oviedo_C4213_1415,age_band,2,0.29396984924623115,0.2535885167464115,0.04038133249981968,35-55
oulad_DDD_2014J,OULAD,transferred,oviedo_C4213_1415,highest_education,3,0.30656934306569344,0.2531017369727047,0.05346760609298873,Lower Than A Level
oulad_DDD_2014J,OULAD,transferred,oviedo_C836_1415,gender,2,0.3361774744027304,0.31058823529411766,0.025589239108612716,F
oulad_DDD_2014J,OULAD,transferred,oviedo_C836_1415,imd_band,10,0.4051724137931034,0.21348314606741572,0.1916892677256877,60-70%
oulad_DDD_2014J,OULAD,transferred,oviedo_C836_1415,disability,2,0.3309941520467836,0.2948717948717949,0.03612235717498874,Y
oulad_DDD_2014J,OULAD,transferred,oviedo_C836_1415,age_band,2,0.3417085427135678,0.2631578947368421,0.07855064797672573,35-55
oulad_DDD_2014J,OULAD,transferred,oviedo_C836_1415,highest_education,3,0.3325062034739454,0.31497797356828194,0.01752822990566344,A Level or Equivalent
oulad_EEE_2013J,OULAD,local,oulad_EEE_2013J,gender,2,0.4801980198019802,0.41025641025641024,0.06994160954556994,F
oulad_EEE_2013J,OULAD,local,oulad_EEE_2013J,imd_band,10,0.6052631578947368,0.3,0.30526315789473685,80-90%
oulad_EEE_2013J,OULAD,local,oulad_EEE_2013J,disability,2,0.4758454106280193,0.4482758620689655,0.027569548559053803,Y
oulad_EEE_2013J,OULAD,local,oulad_EEE_2013J,age_band,2,0.4752186588921283,0.47,0.005218658892128303,35-55
oulad_EEE_2013J,OULAD,local,oulad_EEE_2013J,highest_education,3,0.5102040816326531,0.38095238095238093,0.12925170068027214,HE Qualification
oulad_EEE_2013J,OULAD,transferred,ku_Accountancy_1819,gender,2,0.3333333333333333,0.3292079207920792,0.004125412541254092,M
oulad_EEE_2013J,OULAD,transferred,ku_Accountancy_1819,imd_band,10,0.43333333333333335,0.22448979591836735,0.208843537414966,40-50%
oulad_EEE_2013J,OULAD,transferred,ku_Accountancy_1819,disability,2,0.41379310344827586,0.32367149758454106,0.0901216058637348,N
oulad_EEE_2013J,OULAD,transferred,ku_Accountancy_1819,age_band,2,0.35276967930029157,0.25,0.10276967930029157,35-55
oulad_EEE_2013J,OULAD,transferred,ku_Accountancy_1819,highest_education,3,0.3657142857142857,0.3112244897959184,0.054489795918367334,Lower Than A Level
oulad_EEE_2013J,OULAD,transferred,ku_Globaleconom_1819,gender,2,0.44801980198019803,0.41025641025641024,0.03776339172378779,F
oulad_EEE_2013J,OULAD,transferred,ku_Globaleconom_1819,imd_band,10,0.5106382978723404,0.3333333333333333,0.17730496453900707,80-90%
oulad_EEE_2013J,OULAD,transferred,ku_Globaleconom_1819,disability,2,0.4468599033816425,0.41379310344827586,0.03306679993336664,Y
oulad_EEE_2013J,OULAD,transferred,ku_Globaleconom_1819,age_band,2,0.446064139941691,0.44,0.006064139941690971,35-55
oulad_EEE_2013J,OULAD,transferred,ku_Globaleconom_1819,highest_education,3,0.4742857142857143,0.3968253968253968,0.07746031746031751,HE Qualification
oulad_EEE_2013J,OULAD,transferred,ku_Accountancy_1920,gender,2,0.10256410256410256,0.06930693069306931,0.03325717187103325,M
oulad_EEE_2013J,OULAD,transferred,ku_Accountancy_1920,imd_band,10,0.12244897959183673,0.0,0.12244897959183673,90-100%
oulad_EEE_2013J,OULAD,transferred,ku_Accountancy_1920,disability,2,0.10344827586206896,0.07004830917874397,0.033399966683325,N
oulad_EEE_2013J,OULAD,transferred,ku_Accountancy_1920,age_band,2,0.09,0.06705539358600583,0.022944606413994165,0-35
oulad_EEE_2013J,OULAD,transferred,ku_Accountancy_1920,highest_education,3,0.08,0.05612244897959184,0.023877551020408165,Lower Than A Level
oulad_EEE_2013J,OULAD,transferred,ku_Globaleconom_1920,gender,2,0.4306930693069307,0.41025641025641024,0.020436659050520445,F
oulad_EEE_2013J,OULAD,transferred,ku_Globaleconom_1920,imd_band,10,0.47619047619047616,0.36666666666666664,0.10952380952380952,80-90%
oulad_EEE_2013J,OULAD,transferred,ku_Globaleconom_1920,disability,2,0.43478260869565216,0.3448275862068966,0.08995502248875559,Y
oulad_EEE_2013J,OULAD,transferred,ku_Globaleconom_1920,age_band,2,0.44,0.42565597667638483,0.014344023323615174,0-35
oulad_EEE_2013J,OULAD,transferred,ku_Globaleconom_1920,highest_education,3,0.45408163265306123,0.36507936507936506,0.08900226757369617,HE Qualification
oulad_EEE_2013J,OULAD,transferred,ku_Accountancy_2021,gender,2,0.28205128205128205,0.27722772277227725,0.0048235592790047965,M
oulad_EEE_2013J,OULAD,transferred,ku_Accountancy_2021,imd_band,10,0.40476190476190477,0.16666666666666666,0.2380952380952381,0-10%
oulad_EEE_2013J,OULAD,transferred,ku_Accountancy_2021,disability,2,0.3448275862068966,0.27294685990338163,0.07188072630351494,N
oulad_EEE_2013J,OULAD,transferred,ku_Accountancy_2021,age_band,2,0.2857142857142857,0.25,0.0357142857142857,35-55
oulad_EEE_2013J,OULAD,transferred,ku_Accountancy_2021,highest_education,3,0.29714285714285715,0.25396825396825395,0.0431746031746032,HE Qualification
oulad_EEE_2013J,OULAD,transferred,ku_Globaleconom_2021,gender,2,0.41025641025641024,0.40594059405940597,0.004315816197004274,M
oulad_EEE_2013J,OULAD,transferred,ku_Globaleconom_2021,imd_band,10,0.5,0.3,0.2,80-90%
oulad_EEE_2013J,OULAD,transferred,ku_Globaleconom_2021,disability,2,0.4482758620689655,0.4033816425120773,0.044894219556888215,N
oulad_EEE_2013J,OULAD,transferred,ku_Globaleconom_2021,age_band,2,0.41690962099125367,0.37,0.046909620991253675,35-55
oulad_EEE_2013J,OULAD,transferred,ku_Globaleconom_2021,highest_education,3,0.44,0.38095238095238093,0.05904761904761907,HE Qualification
oulad_EEE_2013J,OULAD,transferred,ukzn_ISTN101_2019,gender,2,0.3094059405940594,0.3076923076923077,0.0017136329017516938,F
oulad_EEE_2013J,OULAD,transferred,ukzn_ISTN101_2019,imd_band,10,0.425531914893617,0.1,0.325531914893617,80-90%
oulad_EEE_2013J,OULAD,transferred,ukzn_ISTN101_2019,disability,2,0.3103448275862069,0.30917874396135264,0.0011660836248542639,N
oulad_EEE_2013J,OULAD,transferred,ukzn_ISTN101_2019,age_band,2,0.3119533527696793,0.3,0.011953352769679293,35-55
oulad_EEE_2013J,OULAD,transferred,ukzn_ISTN101_2019,highest_education,3,0.3333333333333333,0.29591836734693877,0.037414965986394544,Lower Than A Level
oulad_EEE_2013J,OULAD,transferred,ukzn_ISTN101_2020,gender,2,0.39603960396039606,0.358974358974359,0.03706524498603708,F
oulad_EEE_2013J,OULAD,transferred,ukzn_ISTN101_2020,imd_band,10,0.4838709677419355,0.30612244897959184,0.17774851876234365,40-50%
oulad_EEE_2013J,OULAD,transferred,ukzn_ISTN101_2020,disability,2,0.39855072463768115,0.3103448275862069,0.08820589705147425,Y
oulad_EEE_2013J,OULAD,transferred,ukzn_ISTN101_2020,age_band,2,0.40816326530612246,0.34,0.06816326530612243,35-55
oulad_EEE_2013J,OULAD,transferred,ukzn_ISTN101_2020,highest_education,3,0.44571428571428573,0.3333333333333333,0.11238095238095241,HE Qualification
oulad_EEE_2013J,OULAD,transferred,ukzn_ISTN101_2021,gender,2,0.45792079207920794,0.4358974358974359,0.022023356181772036,F
oulad_EEE_2013J,OULAD,transferred,ukzn_ISTN101_2021,imd_band,10,0.5531914893617021,0.3548387096774194,0.19835277968428278,90-100%
oulad_EEE_2013J,OULAD,transferred,ukzn_ISTN101_2021,disability,2,0.5517241379310345,0.4492753623188406,0.1024487756121939,N
oulad_EEE_2013J,OULAD,transferred,ukzn_ISTN101_2021,age_band,2,0.4577259475218659,0.45,0.007725947521865895,35-55
oulad_EEE_2013J,OULAD,transferred,ukzn_ISTN101_2021,highest_education,3,0.48,0.36507936507936506,0.11492063492063492,HE Qualification
oulad_EEE_2013J,OULAD,transferred,ukzn_ISTN102_2018,gender,2,0.48717948717948717,0.4504950495049505,0.03668443767453666,M
oulad_EEE_2013J,OULAD,transferred,ukzn_ISTN102_2018,imd_band,10,0.631578947368421,0.26666666666666666,0.36491228070175435,80-90%
oulad_EEE_2013J,OULAD,transferred,ukzn_ISTN102_2018,disability,2,0.5172413793103449,0.4492753623188406,0.06796601699150429,N
oulad_EEE_2013J,OULAD,transferred,ukzn_ISTN102_2018,age_band,2,0.49,0.44314868804664725,0.04685131195335274,0-35
oulad_EEE_2013J,OULAD,transferred,ukzn_ISTN102_2018,highest_education,3,0.47959183673469385,0.3492063492063492,0.13038548752834467,HE Qualification
oulad_EEE_2013J,OULAD,transferred,ukzn_ISTN103_2019,gender,2,0.29207920792079206,0.23076923076923078,0.06130997715156128,F
oulad_EEE_2013J,OULAD,transferred,ukzn_ISTN103_2019,imd_band,10,0.4,0.19148936170212766,0.20851063829787236,70-80%
oulad_EEE_2013J,OULAD,transferred,ukzn_ISTN103_2019,disability,2,0.2898550724637681,0.2413793103448276,0.04847576211894053,Y
oulad_EEE_2013J,OULAD,transferred,ukzn_ISTN103_2019,age_band,2,0.32,0.27696793002915454,0.043032069970845466,0-35
oulad_EEE_2013J,OULAD,transferred,ukzn_ISTN103_2019,highest_education,3,0.34183673469387754,0.1746031746031746,0.16723356009070295,HE Qualification
oulad_EEE_2013J,OULAD,transferred,ukzn_ISTN103_2020,gender,2,0.4752475247524752,0.41025641025641024,0.06499111449606498,F
oulad_EEE_2013J,OULAD,transferred,ukzn_ISTN103_2020,imd_band,10,0.6052631578947368,0.36666666666666664,0.2385964912280702,80-90%
oulad_EEE_2013J,OULAD,transferred,ukzn_ISTN103_2020,disability,2,0.4827586206896552,0.46859903381642515,0.014159586873230046,N
oulad_EEE_2013J,OULAD,transferred,ukzn_ISTN103_2020,age_band,2,0.5,0.4606413994169096,0.039358600583090375,0-35
oulad_EEE_2013J,OULAD,transferred,ukzn_ISTN103_2020,highest_education,3,0.49142857142857144,0.3333333333333333,0.15809523809523812,HE Qualification
oulad_EEE_2013J,OULAD,transferred,ukzn_ISTN211_2019,gender,2,0.3613861386138614,0.3076923076923077,0.053693830921553665,F
oulad_EEE_2013J,OULAD,transferred,ukzn_ISTN211_2019,imd_band,10,0.4523809523809524,0.27906976744186046,0.17331118493909192,20-30%
oulad_EEE_2013J,OULAD,transferred,ukzn_ISTN211_2019,disability,2,0.4482758620689655,0.3502415458937198,0.09803431617524572,N
oulad_EEE_2013J,OULAD,transferred,ukzn_ISTN211_2019,age_band,2,0.36,0.3556851311953353,0.0043148688046646955,0-35
oulad_EEE_2013J,OULAD,transferred,ukzn_ISTN211_2019,highest_education,3,0.413265306122449,0.3142857142857143,0.09897959183673471,A Level or Equivalent
oulad_EEE_2013J,OULAD,transferred,ukzn_ISTN211_2021,gender,2,0.4381188118811881,0.4358974358974359,0.0022213759837522162,F
oulad_EEE_2013J,OULAD,transferred,ukzn_ISTN211_2021,imd_band,10,0.5277777777777778,0.3,0.2277777777777778,80-90%
oulad_EEE_2013J,OULAD,transferred,ukzn_ISTN211_2021,disability,2,0.5862068965517241,0.427536231884058,0.1586706646676661,N
oulad_EEE_2013J,OULAD,transferred,ukzn_ISTN211_2021,age_band,2,0.44,0.43731778425655976,0.0026822157434402416,0-35
oulad_EEE_2013J,OULAD,transferred,ukzn_ISTN211_2021,highest_education,3,0.4742857142857143,0.3492063492063492,0.12507936507936512,HE Qualification
oulad_EEE_2013J,OULAD,transferred,ukzn_ISTN212_2018,gender,2,0.46153846153846156,0.3787128712871287,0.08282559025133285,M
oulad_EEE_2013J,OULAD,transferred,ukzn_ISTN212_2018,imd_band,10,0.47368421052631576,0.23333333333333334,0.24035087719298243,80-90%
oulad_EEE_2013J,OULAD,transferred,ukzn_ISTN212_2018,disability,2,0.3888888888888889,0.3448275862068966,0.04406130268199232,Y
oulad_EEE_2013J,OULAD,transferred,ukzn_ISTN212_2018,age_band,2,0.3877551020408163,0.38,0.0077551020408163085,35-55
oulad_EEE_2013J,OULAD,transferred,ukzn_ISTN212_2018,highest_education,3,0.413265306122449,0.2698412698412698,0.14342403628117917,HE Qualification
oulad_EEE_2013J,OULAD,transferred,ukzn_ISTN212_2019,gender,2,0.46782178217821785,0.41025641025641024,0.05756537192180761,F
oulad_EEE_2013J,OULAD,transferred,ukzn_ISTN212_2019,imd_band,10,0.5789473684210527,0.36666666666666664,0.21228070175438601,80-90%
oulad_EEE_2013J,OULAD,transferred,ukzn_ISTN212_2019,disability,2,0.5172413793103449,0.45893719806763283,0.05830418124271203,N
oulad_EEE_2013J,OULAD,transferred,ukzn_ISTN212_2019,age_band,2,0.46355685131195334,0.46,0.003556851311953324,35-55
oulad_EEE_2013J,OULAD,transferred,ukzn_ISTN212_2019,highest_education,3,0.4857142857142857,0.38095238095238093,0.10476190476190478,HE Qualification
oulad_EEE_2013J,OULAD,transferred,ukzn_ISTN2IP_2018,gender,2,0.46153846153846156,0.4504950495049505,0.011043412033511057,M
oulad_EEE_2013J,OULAD,transferred,ukzn_ISTN2IP_2018,imd_band,10,0.631578947368421,0.26666666666666666,0.36491228070175435,80-90%
oulad_EEE_2013J,OULAD,transferred,ukzn_ISTN2IP_2018,disability,2,0.4827586206896552,0.4492753623188406,0.03348325837081462,N
oulad_EEE_2013J,OULAD,transferred,ukzn_ISTN2IP_2018,age_band,2,0.46,0.4489795918367347,0.011020408163265327,0-35
oulad_EEE_2013J,OULAD,transferred,ukzn_ISTN2IP_2018,highest_education,3,0.5028571428571429,0.38095238095238093,0.12190476190476196,HE Qualification
oulad_EEE_2013J,OULAD,transferred,ukzn_ISTN2IP_2019,gender,2,0.29455445544554454,0.28205128205128205,0.01250317339426249,F
oulad_EEE_2013J,OULAD,transferred,ukzn_ISTN2IP_2019,imd_band,10,0.3684210526315789,0.21428571428571427,0.15413533834586465,30-40%
oulad_EEE_2013J,OULAD,transferred,ukzn_ISTN2IP_2019,disability,2,0.3448275862068966,0.2898550724637681,0.05497251374312845,N
oulad_EEE_2013J,OULAD,transferred,ukzn_ISTN2IP_2019,age_band,2,0.30029154518950435,0.27,0.030291545189504332,35-55
oulad_EEE_2013J,OULAD,transferred,ukzn_ISTN2IP_2019,highest_education,3,0.30857142857142855,0.2698412698412698,0.038730158730158726,HE Qualification
oulad_EEE_2013J,OULAD,transferred,ukzn_ISTN3ND_2018,gender,2,0.4358974358974359,0.39851485148514854,0.03738258441228737,M
oulad_EEE_2013J,OULAD,transferred,ukzn_ISTN3ND_2018,imd_band,10,0.5319148936170213,0.25806451612903225,0.273850377487989,90-100%
oulad_EEE_2013J,OULAD,transferred,ukzn_ISTN3ND_2018,disability,2,0.4033816425120773,0.3793103448275862,0.024071297684491122,Y
oulad_EEE_2013J,OULAD,transferred,ukzn_ISTN3ND_2018,age_band,2,0.40233236151603496,0.4,0.002332361516034942,35-55
oulad_EEE_2013J,OULAD,transferred,ukzn_ISTN3ND_2018,highest_education,3,0.41714285714285715,0.3492063492063492,0.06793650793650796,HE Qualification
oulad_EEE_2013J,OULAD,transferred,ukzn_ISTN3ND_2019,gender,2,0.42326732673267325,0.3333333333333333,0.08993399339933994,F
oulad_EEE_2013J,OULAD,transferred,ukzn_ISTN3ND_2019,imd_band,10,0.5263157894736842,0.3333333333333333,0.19298245614035087,80-90%
oulad_EEE_2013J,OULAD,transferred,ukzn_ISTN3ND_2019,disability,2,0.5517241379310345,0.4057971014492754,0.1459270364817591,N
oulad_EEE_2013J,OULAD,transferred,ukzn_ISTN3ND_2019,age_band,2,0.43,0.4110787172011662,0.018921282798833816,0-35
oulad_EEE_2013J,OULAD,transferred,ukzn_ISTN3ND_2019,highest_education,3,0.4514285714285714,0.31746031746031744,0.13396825396825396,HE Qualification
oulad_EEE_2013J,OULAD,transferred,ukzn_ISTN3SA_2018,gender,2,0.13861386138613863,0.1282051282051282,0.010408733181010432,F
oulad_EEE_2013J,OULAD,transferred,ukzn_ISTN3SA_2018,imd_band,10,0.21052631578947367,0.08333333333333333,0.12719298245614036,0-10%
oulad_EEE_2013J,OULAD,transferred,ukzn_ISTN3SA_2018,disability,2,0.1473429951690821,0.0,0.1473429951690821,Y
oulad_EEE_2013J,OULAD,transferred,ukzn_ISTN3SA_2018,age_band,2,0.14,0.13702623906705538,0.00297376093294463,0-35
oulad_EEE_2013J,OULAD,transferred,ukzn_ISTN3SA_2018,highest_education,3,0.17857142857142858,0.07936507936507936,0.09920634920634921,HE Qualification
oulad_EEE_2013J,OULAD,transferred,ukzn_ISTN3SA_2019,gender,2,0.25742574257425743,0.20512820512820512,0.05229753744605231,F
oulad_EEE_2013J,OULAD,transferred,ukzn_ISTN3SA_2019,imd_band,10,0.3548387096774194,0.19148936170212766,0.16334934797529171,70-80%
oulad_EEE_2013J,OULAD,transferred,ukzn_ISTN3SA_2019,disability,2,0.3103448275862069,0.24879227053140096,0.061552557054805945,N
oulad_EEE_2013J,OULAD,transferred,ukzn_ISTN3SA_2019,age_band,2,0.26239067055393583,0.22,0.04239067055393583,35-55
oulad_EEE_2013J,OULAD,transferred,ukzn_ISTN3SA_2019,highest_education,3,0.2755102040816326,0.2342857142857143,0.041224489795918334,A Level or Equivalent
oulad_EEE_2013J,OULAD,transferred,zambia_ICT1110_2020,gender,2,0.2400990099009901,0.20512820512820512,0.03497080477278497,F
oulad_EEE_2013J,OULAD,transferred,zambia_ICT1110_2020,imd_band,10,0.4666666666666667,0.11904761904761904,0.3476190476190476,50-60%
oulad_EEE_2013J,OULAD,transferred,zambia_ICT1110_2020,disability,2,0.41379310344827586,0.2246376811594203,0.18915542228885557,N
oulad_EEE_2013J,OULAD,transferred,zambia_ICT1110_2020,age_band,2,0.25,0.23323615160349853,0.01676384839650147,0-35
oulad_EEE_2013J,OULAD,transferred,zambia_ICT1110_2020,highest_education,3,0.2742857142857143,0.1989795918367347,0.0753061224489796,Lower Than A Level
oulad_EEE_2013J,OULAD,transferred,zambia_ICT1110_2021,gender,2,0.18811881188118812,0.15384615384615385,0.034272658035034265,F
oulad_EEE_2013J,OULAD,transferred,zambia_ICT1110_2021,imd_band,10,0.3,0.13157894736842105,0.16842105263157894,60-70%
oulad_EEE_2013J,OULAD,transferred,zambia_ICT1110_2021,disability,2,0.20689655172413793,0.18357487922705315,0.023321672497084778,N
oulad_EEE_2013J,OULAD,transferred,zambia_ICT1110_2021,age_band,2,0.23,0.17201166180758018,0.05798833819241983,0-35
oulad_EEE_2013J,OULAD,transferred,zambia_ICT1110_2021,highest_education,3,0.25396825396825395,0.1657142857142857,0.08825396825396825,A Level or Equivalent
oulad_EEE_2013J,OULAD,transferred,oviedo_C1112_1415,gender,2,0.47029702970297027,0.41025641025641024,0.06004061944656003,F
oulad_EEE_2013J,OULAD,transferred,oviedo_C1112_1415,imd_band,10,0.631578947368421,0.375,0.256578947368421,30-40%
oulad_EEE_2013J,OULAD,transferred,oviedo_C1112_1415,disability,2,0.4827586206896552,0.463768115942029,0.018990504747626202,N
oulad_EEE_2013J,OULAD,transferred,oviedo_C1112_1415,age_band,2,0.49,0.4577259475218659,0.032274052478134085,0-35
oulad_EEE_2013J,OULAD,transferred,oviedo_C1112_1415,highest_education,3,0.5142857142857142,0.3492063492063492,0.16507936507936505,HE Qualification
oulad_EEE_2013J,OULAD,transferred,oviedo_C1127_1415,gender,2,0.45792079207920794,0.3333333333333333,0.12458745874587462,F
oulad_EEE_2013J,OULAD,transferred,oviedo_C1127_1415,imd_band,10,0.6578947368421053,0.38095238095238093,0.2769423558897244,50-60%
oulad_EEE_2013J,OULAD,transferred,oviedo_C1127_1415,disability,2,0.4482758620689655,0.4468599033816425,0.0014159586873230268,N
oulad_EEE_2013J,OULAD,transferred,oviedo_C1127_1415,age_band,2,0.46,0.44314868804664725,0.016851311953352766,0-35
oulad_EEE_2013J,OULAD,transferred,oviedo_C1127_1415,highest_education,3,0.49714285714285716,0.30158730158730157,0.1955555555555556,HE Qualification
oulad_EEE_2013J,OULAD,transferred,oviedo_C1200_1415,gender,2,0.4430693069306931,0.358974358974359,0.0840949479563341,F
oulad_EEE_2013J,OULAD,transferred,oviedo_C1200_1415,imd_band,10,0.574468085106383,0.3333333333333333,0.24113475177304972,80-90%
oulad_EEE_2013J,OULAD,transferred,oviedo_C1200_1415,disability,2,0.5172413793103449,0.42995169082125606,0.0872896884890888,N
oulad_EEE_2013J,OULAD,transferred,oviedo_C1200_1415,age_band,2,0.4402332361516035,0.42,0.020233236151603495,35-55
oulad_EEE_2013J,OULAD,transferred,oviedo_C1200_1415,highest_education,3,0.46285714285714286,0.3968253968253968,0.06603174603174605,HE Qualification
oulad_EEE_2013J,OULAD,transferred,oviedo_C1303_1415,gender,2,0.4504950495049505,0.41025641025641024,0.040238639248540264,F
oulad_EEE_2013J,OULAD,transferred,oviedo_C1303_1415,imd_band,10,0.574468085106383,0.2,0.374468085106383,80-90%
oulad_EEE_2013J,OULAD,transferred,oviedo_C1303_1415,disability,2,0.4482758620689655,0.4468599033816425,0.0014159586873230268,N
oulad_EEE_2013J,OULAD,transferred,oviedo_C1303_1415,age_band,2,0.4577259475218659,0.41,0.04772594752186593,35-55
oulad_EEE_2013J,OULAD,transferred,oviedo_C1303_1415,highest_education,3,0.4642857142857143,0.36507936507936506,0.09920634920634924,HE Qualification
oulad_EEE_2013J,OULAD,transferred,oviedo_C174_1415,gender,2,0.23076923076923078,0.2079207920792079,0.02284843869002287,M
oulad_EEE_2013J,OULAD,transferred,oviedo_C174_1415,imd_band,10,0.2777777777777778,0.14893617021276595,0.12884160756501184,70-80%
oulad_EEE_2013J,OULAD,transferred,oviedo_C174_1415,disability,2,0.3103448275862069,0.2028985507246377,0.10744627686156921,N
oulad_EEE_2013J,OULAD,transferred,oviedo_C174_1415,age_band,2,0.36,0.1661807580174927,0.19381924198250727,0-35
oulad_EEE_2013J,OULAD,transferred,oviedo_C174_1415,highest_education,3,0.2857142857142857,0.18857142857142858,0.09714285714285711,A Level or Equivalent
oulad_EEE_2013J,OULAD,transferred,oviedo_C190_1415,gender,2,0.1794871794871795,0.16831683168316833,0.01117034780401116,M
oulad_EEE_2013J,OULAD,transferred,oviedo_C190_1415,imd_band,10,0.26666666666666666,0.05263157894736842,0.21403508771929824,60-70%
oulad_EEE_2013J,OULAD,transferred,oviedo_C190_1415,disability,2,0.1724137931034483,0.16908212560386474,0.0033316674995835516,N
oulad_EEE_2013J,OULAD,transferred,oviedo_C190_1415,age_band,2,0.17,0.16909620991253643,0.0009037900874635796,0-35
oulad_EEE_2013J,OULAD,transferred,oviedo_C190_1415,highest_education,3,0.1746031746031746,0.1657142857142857,0.00888888888888889,A Level or Equivalent
oulad_EEE_2013J,OULAD,transferred,oviedo_C1978_1415,gender,2,0.10256410256410256,0.04950495049504951,0.05305915206905305,M
oulad_EEE_2013J,OULAD,transferred,oviedo_C1978_1415,imd_band,10,0.1,0.01694915254237288,0.08305084745762713,10-20
oulad_EEE_2013J,OULAD,transferred,oviedo_C1978_1415,disability,2,0.05555555555555555,0.034482758620689655,0.021072796934865898,Y
oulad_EEE_2013J,OULAD,transferred,oviedo_C1978_1415,age_band,2,0.08,0.04664723032069971,0.033352769679300294,0-35
oulad_EEE_2013J,OULAD,transferred,oviedo_C1978_1415,highest_education,3,0.07936507936507936,0.045714285714285714,0.033650793650793646,A Level or Equivalent
oulad_EEE_2013J,OULAD,transferred,oviedo_C2011_1415,gender,2,0.28205128205128205,0.26485148514851486,0.017199796902767184,M
oulad_EEE_2013J,OULAD,transferred,oviedo_C2011_1415,imd_band,10,0.34210526315789475,0.1836734693877551,0.15843179377013963,40-50%
oulad_EEE_2013J,OULAD,transferred,oviedo_C2011_1415,disability,2,0.41379310344827586,0.2560386473429952,0.15775445610528066,N
oulad_EEE_2013J,OULAD,transferred,oviedo_C2011_1415,age_band,2,0.27,0.2653061224489796,0.004693877551020409,0-35
oulad_EEE_2013J,OULAD,transferred,oviedo_C2011_1415,highest_education,3,0.29081632653061223,0.24571428571428572,0.045102040816326516,A Level or Equivalent
oulad_EEE_2013J,OULAD,transferred,oviedo_C2024_1415,gender,2,0.4430693069306931,0.38461538461538464,0.05845392231530844,F
oulad_EEE_2013J,OULAD,transferred,oviedo_C2024_1415,imd_band,10,0.5263157894736842,0.3333333333333333,0.19298245614035087,80-90%
oulad_EEE_2013J,OULAD,transferred,oviedo_C2024_1415,disability,2,0.4396135265700483,0.41379310344827586,0.025820423121772462,Y
oulad_EEE_2013J,OULAD,transferred,oviedo_C2024_1415,age_band,2,0.47,0.42857142857142855,0.041428571428571426,0-35
oulad_EEE_2013J,OULAD,transferred,oviedo_C2024_1415,highest_education,3,0.4685714285714286,0.3492063492063492,0.1193650793650794,HE Qualification
oulad_EEE_2013J,OULAD,transferred,oviedo_C2150_1415,gender,2,0.45792079207920794,0.38461538461538464,0.0733054074638233,F
oulad_EEE_2013J,OULAD,transferred,oviedo_C2150_1415,imd_band,10,0.5833333333333334,0.3333333333333333,0.25000000000000006,80-90%
oulad_EEE_2013J,OULAD,transferred,oviedo_C2150_1415,disability,2,0.5172413793103449,0.4468599033816425,0.07038147592870236,N
oulad_EEE_2013J,OULAD,transferred,oviedo_C2150_1415,age_band,2,0.46,0.4489795918367347,0.011020408163265327,0-35
oulad_EEE_2013J,OULAD,transferred,oviedo_C2150_1415,highest_education,3,0.49142857142857144,0.38095238095238093,0.1104761904761905,HE Qualification
oulad_EEE_2013J,OULAD,transferred,oviedo_C2271_1415,gender,2,0.38613861386138615,0.358974358974359,0.027164254887027173,F
oulad_EEE_2013J,OULAD,transferred,oviedo_C2271_1415,imd_band,10,0.5,0.3,0.2,80-90%
oulad_EEE_2013J,OULAD,transferred,oviedo_C2271_1415,disability,2,0.38405797101449274,0.3793103448275862,0.004747626186906551,Y
oulad_EEE_2013J,OULAD,transferred,oviedo_C2271_1415,age_band,2,0.39,0.3819241982507289,0.008075801749271139,0-35
oulad_EEE_2013J,OULAD,transferred,oviedo_C2271_1415,highest_education,3,0.4114285714285714,0.3622448979591837,0.049183673469387734,Lower Than A Level
oulad_EEE_2013J,OULAD,transferred,oviedo_C2335_1415,gender,2,0.32673267326732675,0.20512820512820512,0.12160446813912162,F
oulad_EEE_2013J,OULAD,transferred,oviedo_C2335_1415,imd_band,10,0.42857142857142855,0.20408163265306123,0.22448979591836732,40-50%
oulad_EEE_2013J,OULAD,transferred,oviedo_C2335_1415,disability,2,0.3188405797101449,0.27586206896551724,0.04297851074462766,Y
oulad_EEE_2013J,OULAD,transferred,oviedo_C2335_1415,age_band,2,0.34110787172011664,0.23,0.11110787172011663,35-55
oulad_EEE_2013J,OULAD,transferred,oviedo_C2335_1415,highest_education,3,0.3469387755102041,0.29714285714285715,0.049795918367346925,A Level or Equivalent
oulad_EEE_2013J,OULAD,transferred,oviedo_C2406_1415,gender,2,0.43316831683168316,0.358974358974359,0.07419395785732419,F
oulad_EEE_2013J,OULAD,transferred,oviedo_C2406_1415,imd_band,10,0.5789473684210527,0.26666666666666666,0.312280701754386,80-90%
oulad_EEE_2013J,OULAD,transferred,oviedo_C2406_1415,disability,2,0.4827586206896552,0.4227053140096618,0.06005330667999337,N
oulad_EEE_2013J,OULAD,transferred,oviedo_C2406_1415,age_band,2,0.4314868804664723,0.41,0.021486880466472347,35-55
oulad_EEE_2013J,OULAD,transferred,oviedo_C2406_1415,highest_education,3,0.4685714285714286,0.3492063492063492,0.1193650793650794,HE Qualification
oulad_EEE_2013J,OULAD,transferred,oviedo_C2468_1415,gender,2,0.37623762376237624,0.358974358974359,0.017263264788017263,F
oulad_EEE_2013J,OULAD,transferred,oviedo_C2468_1415,imd_band,10,0.4473684210526316,0.3,0.1473684210526316,80-90%
oulad_EEE_2013J,OULAD,transferred,oviedo_C2468_1415,disability,2,0.41379310344827586,0.3719806763285024,0.041812427119773454,N
oulad_EEE_2013J,OULAD,transferred,oviedo_C2468_1415,age_band,2,0.3760932944606414,0.37,0.006093294460641385,35-55
oulad_EEE_2013J,OULAD,transferred,oviedo_C2468_1415,highest_education,3,0.38285714285714284,0.3333333333333333,0.049523809523809526,HE Qualification
oulad_EEE_2013J,OULAD,transferred,oviedo_C2607_1415,gender,2,0.39851485148514854,0.3333333333333333,0.06518151815181522,F
oulad_EEE_2013J,OULAD,transferred,oviedo_C2607_1415,imd_band,10,0.5277777777777778,0.16666666666666666,0.36111111111111116,80-90%
oulad_EEE_2013J,OULAD,transferred,oviedo_C2607_1415,disability,2,0.4482758620689655,0.3888888888888889,0.05938697318007663,N
oulad_EEE_2013J,OULAD,transferred,oviedo_C2607_1415,age_band,2,0.3965014577259475,0.38,0.01650145772594752,35-55
oulad_EEE_2013J,OULAD,transferred,oviedo_C2607_1415,highest_education,3,0.4114285714285714,0.3333333333333333,0.0780952380952381,HE Qualification
oulad_EEE_2013J,OULAD,transferred,oviedo_C3022_1415,gender,2,0.2564102564102564,0.23267326732673269,0.023736989083523702,M
oulad_EEE_2013J,OULAD,transferred,oviedo_C3022_1415,imd_band,10,0.32558139534883723,0.16326530612244897,0.16231608922638827,40-50%
oulad_EEE_2013J,OULAD,transferred,oviedo_C3022_1415,disability,2,0.2413793103448276,0.23429951690821257,0.007079793436615023,N
oulad_EEE_2013J,OULAD,transferred,oviedo_C3022_1415,age_band,2,0.25,0.2303206997084548,0.019679300291545188,0-35
oulad_EEE_2013J,OULAD,transferred,oviedo_C3022_1415,highest_education,3,0.27040816326530615,0.15873015873015872,0.11167800453514742,HE Qualification
oulad_EEE_2013J,OULAD,transferred,oviedo_C3029_1415,gender,2,0.3094059405940594,0.2564102564102564,0.052995684183803016,F
oulad_EEE_2013J,OULAD,transferred,oviedo_C3029_1415,imd_band,10,0.4642857142857143,0.19444444444444445,0.2698412698412699,0-10%
oulad_EEE_2013J,OULAD,transferred,oviedo_C3029_1415,disability,2,0.30917874396135264,0.2413793103448276,0.06779943361652505,Y
oulad_EEE_2013J,OULAD,transferred,oviedo_C3029_1415,age_band,2,0.35,0.2915451895043732,0.058454810495626786,0-35
oulad_EEE_2013J,OULAD,transferred,oviedo_C3029_1415,highest_education,3,0.336734693877551,0.26857142857142857,0.06816326530612243,A Level or Equivalent
oulad_EEE_2013J,OULAD,transferred,oviedo_C4189_1415,gender,2,0.14108910891089108,0.1282051282051282,0.012883980705762882,F
oulad_EEE_2013J,OULAD,transferred,oviedo_C4189_1415,imd_band,10,0.23333333333333334,0.05263157894736842,0.18070175438596492,60-70%
oulad_EEE_2013J,OULAD,transferred,oviedo_C4189_1415,disability,2,0.14251207729468598,0.10344827586206896,0.03906380143261702,Y
oulad_EEE_2013J,OULAD,transferred,oviedo_C4189_1415,age_band,2,0.21,0.119533527696793,0.090466472303207,0-35
oulad_EEE_2013J,OULAD,transferred,oviedo_C4189_1415,highest_education,3,0.1746031746031746,0.11428571428571428,0.06031746031746031,A Level or Equivalent
oulad_EEE_2013J,OULAD,transferred,oviedo_C4213_1415,gender,2,0.4358974358974359,0.4207920792079208,0.015105356689515126,M
oulad_EEE_2013J,OULAD,transferred,oviedo_C4213_1415,imd_band,10,0.47619047619047616,0.3,0.17619047619047618,80-90%
oulad_EEE_2013J,OULAD,transferred,oviedo_C4213_1415,disability,2,0.4482758620689655,0.42028985507246375,0.027986006996501778,N
oulad_EEE_2013J,OULAD,transferred,oviedo_C4213_1415,age_band,2,0.47,0.40816326530612246,0.061836734693877515,0-35
oulad_EEE_2013J,OULAD,transferred,oviedo_C4213_1415,highest_education,3,0.46285714285714286,0.31746031746031744,0.1453968253968254,HE Qualification
oulad_EEE_2013J,OULAD,transferred,oviedo_C836_1415,gender,2,0.45792079207920794,0.4358974358974359,0.022023356181772036,F
oulad_EEE_2013J,OULAD,transferred,oviedo_C836_1415,imd_band,10,0.5531914893617021,0.3333333333333333,0.21985815602836883,80-90%
oulad_EEE_2013J,OULAD,transferred,oviedo_C836_1415,disability,2,0.45652173913043476,0.4482758620689655,0.008245877061469231,Y
oulad_EEE_2013J,OULAD,transferred,oviedo_C836_1415,age_band,2,0.48,0.4489795918367347,0.03102040816326529,0-35
oulad_EEE_2013J,OULAD,transferred,oviedo_C836_1415,highest_education,3,0.4744897959183674,0.3968253968253968,0.07766439909297057,HE Qualification
oulad_EEE_2014B,OULAD,local,oulad_EEE_2014B,gender,2,0.4152823920265781,0.3888888888888889,0.026393503137689178,F
oulad_EEE_2014B,OULAD,local,oulad_EEE_2014B,imd_band,8,0.6129032258064516,0.2647058823529412,0.34819734345351044,50-60%
oulad_EEE_2014B,OULAD,local,oulad_EEE_2014B,age_band,2,0.4357976653696498,0.3375,0.09829766536964979,35-55
oulad_EEE_2014B,OULAD,local,oulad_EEE_2014B,highest_education,3,0.4253731343283582,0.40816326530612246,0.017209869022235758,HE Qualification
oulad_EEE_2014B,OULAD,transferred,ku_Accountancy_1819,gender,2,0.2956810631229236,0.2777777777777778,0.017903285345145792,F
oulad_EEE_2014B,OULAD,transferred,ku_Accountancy_1819,imd_band,8,0.46153846153846156,0.16129032258064516,0.30024813895781644,0-10%
oulad_EEE_2014B,OULAD,transferred,ku_Accountancy_1819,age_band,2,0.29961089494163423,0.275,0.02461089494163421,35-55
oulad_EEE_2014B,OULAD,transferred,ku_Accountancy_1819,highest_education,3,0.3283582089552239,0.2635135135135135,0.0648446954417104,Lower Than A Level
oulad_EEE_2014B,OULAD,transferred,ku_Globaleconom_1819,gender,2,0.3953488372093023,0.3611111111111111,0.0342377260981912,F
oulad_EEE_2014B,OULAD,transferred,ku_Globaleconom_1819,imd_band,8,0.5483870967741935,0.20588235294117646,0.34250474383301704,50-60%
oulad_EEE_2014B,OULAD,transferred,ku_Globaleconom_1819,age_band,2,0.41245136186770426,0.325,0.08745136186770425,35-55
oulad_EEE_2014B,OULAD,transferred,ku_Globaleconom_1819,highest_education,3,0.46938775510204084,0.3581081081081081,0.11127964699393272,Lower Than A Level
oulad_EEE_2014B,OULAD,transferred,ku_Accountancy_1920,gender,2,0.16666666666666666,0.10299003322259136,0.0636766334440753,M
oulad_EEE_2014B,OULAD,transferred,ku_Accountancy_1920,imd_band,8,0.1891891891891892,0.038461538461538464,0.15072765072765074,30-40%
oulad_EEE_2014B,OULAD,transferred,ku_Accountancy_1920,age_band,2,0.15,0.09727626459143969,0.052723735408560304,0-35
oulad_EEE_2014B,OULAD,transferred,ku_Accountancy_1920,highest_education,3,0.16326530612244897,0.0945945945945946,0.06867071152785437,Lower Than A Level
oulad_EEE_2014B,OULAD,transferred,ku_Globaleconom_1920,gender,2,0.39867109634551495,0.3333333333333333,0.06533776301218164,F
oulad_EEE_2014B,OULAD,transferred,ku_Globaleconom_1920,imd_band,8,0.5526315789473685,0.25,0.3026315789473685,80-90%
oulad_EEE_2014B,OULAD,transferred,ku_Globaleconom_1920,age_band,2,0.4280155642023346,0.275,0.1530155642023346,35-55
oulad_EEE_2014B,OULAD,transferred,ku_Globaleconom_1920,highest_education,3,0.40816326530612246,0.38513513513513514,0.023028130170987315,Lower Than A Level
oulad_EEE_2014B,OULAD,transferred,ku_Accountancy_2021,gender,2,0.3089700996677741,0.2777777777777778,0.03119232188999632,F
oulad_EEE_2014B,OULAD,transferred,ku_Accountancy_2021,imd_band,8,0.4117647058823529,0.22580645161290322,0.1859582542694497,0-10%
oulad_EEE_2014B,OULAD,transferred,ku_Accountancy_2021,age_band,2,0.3125,0.3035019455252918,0.008998054474708195,0-35
oulad_EEE_2014B,OULAD,transferred,ku_Accountancy_2021,highest_education,3,0.31343283582089554,0.2857142857142857,0.02771855010660984,HE Qualification
oulad_EEE_2014B,OULAD,transferred,ku_Globaleconom_2021,gender,2,0.4444444444444444,0.3754152823920266,0.06902916205241783,M
oulad_EEE_2014B,OULAD,transferred,ku_Globaleconom_2021,imd_band,8,0.5135135135135135,0.2647058823529412,0.2488076311605723,50-60%
oulad_EEE_2014B,OULAD,transferred,ku_Globaleconom_2021,age_band,2,0.38910505836575876,0.3625,0.02660505836575877,35-55
oulad_EEE_2014B,OULAD,transferred,ku_Globaleconom_2021,highest_education,3,0.46938775510204084,0.3582089552238806,0.11117879987816026,A Level or Equivalent
oulad_EEE_2014B,OULAD,transferred,ukzn_ISTN101_2019,gender,2,0.3055555555555556,0.2857142857142857,0.019841269841269882,M
oulad_EEE_2014B,OULAD,transferred,ukzn_ISTN101_2019,imd_band,8,0.5161290322580645,0.15555555555555556,0.36057347670250894,20-30%
oulad_EEE_2014B,OULAD,transferred,ukzn_ISTN101_2019,age_band,2,0.2918287937743191,0.275,0.016828793774319062,35-55
oulad_EEE_2014B,OULAD,transferred,ukzn_ISTN101_2019,highest_education,3,0.3673469387755102,0.2635135135135135,0.10383342526199674,Lower Than A Level
oulad_EEE_2014B,OULAD,transferred,ukzn_ISTN101_2020,gender,2,0.3611111111111111,0.34219269102990035,0.01891842008121075,M
oulad_EEE_2014B,OULAD,transferred,ukzn_ISTN101_2020,imd_band,8,0.5,0.26666666666666666,0.23333333333333334,20-30%
oulad_EEE_2014B,OULAD,transferred,ukzn_ISTN101_2020,age_band,2,0.36964980544747084,0.2625,0.10714980544747083,35-55
oulad_EEE_2014B,OULAD,transferred,ukzn_ISTN101_2020,highest_education,3,0.3880597014925373,0.30612244897959184,0.08193725251294548,HE Qualification
oulad_EEE_2014B,OULAD,transferred,ukzn_ISTN101_2021,gender,2,0.4166666666666667,0.4019933554817276,0.014673311184939086,M
oulad_EEE_2014B,OULAD,transferred,ukzn_ISTN101_2021,imd_band,8,0.5161290322580645,0.3235294117647059,0.1925996204933586,50-60%
oulad_EEE_2014B,OULAD,transferred,ukzn_ISTN101_2021,age_band,2,0.42412451361867703,0.3375,0.08662451361867701,35-55
oulad_EEE_2014B,OULAD,transferred,ukzn_ISTN101_2021,highest_education,3,0.41044776119402987,0.40540540540540543,0.005042355788624442,Lower Than A Level
oulad_EEE_2014B,OULAD,transferred,ukzn_ISTN102_2018,gender,2,0.4444444444444444,0.4019933554817276,0.04245108896271682,M
oulad_EEE_2014B,OULAD,transferred,ukzn_ISTN102_2018,imd_band,8,0.6129032258064516,0.2647058823529412,0.34819734345351044,50-60%
oulad_EEE_2014B,OULAD,transferred,ukzn_ISTN102_2018,age_band,2,0.4357976653696498,0.3125,0.12329766536964981,35-55
oulad_EEE_2014B,OULAD,transferred,ukzn_ISTN102_2018,highest_education,3,0.4489795918367347,0.3880597014925373,0.06091989034419737,A Level or Equivalent
oulad_EEE_2014B,OULAD,transferred,ukzn_ISTN103_2019,gender,2,0.3888888888888889,0.2956810631229236,0.09320782576596531,M
oulad_EEE_2014B,OULAD,transferred,ukzn_ISTN103_2019,imd_band,8,0.5769230769230769,0.16129032258064516,0.41563275434243174,0-10%
oulad_EEE_2014B,OULAD,transferred,ukzn_ISTN103_2019,age_band,2,0.3151750972762646,0.275,0.04017509727626456,35-55
oulad_EEE_2014B,OULAD,transferred,ukzn_ISTN103_2019,highest_education,3,0.33783783783783783,0.1836734693877551,0.15416436845008272,HE Qualification
oulad_EEE_2014B,OULAD,transferred,ukzn_ISTN103_2020,gender,2,0.4444444444444444,0.40863787375415284,0.035806570690291584,M
oulad_EEE_2014B,OULAD,transferred,ukzn_ISTN103_2020,imd_band,8,0.6129032258064516,0.29411764705882354,0.3187855787476281,50-60%
oulad_EEE_2014B,OULAD,transferred,ukzn_ISTN103_2020,age_band,2,0.4357976653696498,0.3375,0.09829766536964979,35-55
oulad_EEE_2014B,OULAD,transferred,ukzn_ISTN103_2020,highest_education,3,0.42857142857142855,0.40540540540540543,0.02316602316602312,Lower Than A Level
oulad_EEE_2014B,OULAD,transferred,ukzn_ISTN211_2019,gender,2,0.3611111111111111,0.28903654485049834,0.07207456626061276,M
oulad_EEE_2014B,OULAD,transferred,ukzn_ISTN211_2019,imd_band,8,0.37777777777777777,0.16216216216216217,0.2156156156156156,40-50%
oulad_EEE_2014B,OULAD,transferred,ukzn_ISTN211_2019,age_band,2,0.3035019455252918,0.275,0.028501945525291783,35-55
oulad_EEE_2014B,OULAD,transferred,ukzn_ISTN211_2019,highest_education,3,0.32653061224489793,0.26865671641791045,0.05787389582698749,A Level or Equivalent
oulad_EEE_2014B,OULAD,transferred,ukzn_ISTN211_2021,gender,2,0.4119601328903654,0.3333333333333333,0.07862679955703211,F
oulad_EEE_2014B,OULAD,transferred,ukzn_ISTN211_2021,imd_band,8,0.5483870967741935,0.29411764705882354,0.25426944971536997,50-60%
oulad_EEE_2014B,OULAD,transferred,ukzn_ISTN211_2021,age_band,2,0.41245136186770426,0.375,0.03745136186770426,35-55
oulad_EEE_2014B,OULAD,transferred,ukzn_ISTN211_2021,highest_education,3,0.43283582089552236,0.38513513513513514,0.04770068576038722,Lower Than A Level
oulad_EEE_2014B,OULAD,transferred,ukzn_ISTN212_2018,gender,2,0.3853820598006645,0.3055555555555556,0.0798265042451089,F
oulad_EEE_2014B,OULAD,transferred,ukzn_ISTN212_2018,imd_band,8,0.5135135135135135,0.2647058823529412,0.2488076311605723,50-60%
oulad_EEE_2014B,OULAD,transferred,ukzn_ISTN212_2018,age_band,2,0.38910505836575876,0.3375,0.05160505836575874,35-55
oulad_EEE_2014B,OULAD,transferred,ukzn_ISTN212_2018,highest_education,3,0.39552238805970147,0.36486486486486486,0.03065752319483661,Lower Than A Level
oulad_EEE_2014B,OULAD,transferred,ukzn_ISTN212_2019,gender,2,0.4166666666666667,0.40863787375415284,0.008028792912513849,M
oulad_EEE_2014B,OULAD,transferred,ukzn_ISTN212_2019,imd_band,8,0.6129032258064516,0.28888888888888886,0.32401433691756276,20-30%
oulad_EEE_2014B,OULAD,transferred,ukzn_ISTN212_2019,age_band,2,0.4396887159533074,0.3125,0.12718871595330739,35-55
oulad_EEE_2014B,OULAD,transferred,ukzn_ISTN212_2019,highest_education,3,0.46938775510204084,0.3880597014925373,0.08132805360950351,A Level or Equivalent
oulad_EEE_2014B,OULAD,transferred,ukzn_ISTN2IP_2018,gender,2,0.4444444444444444,0.39867109634551495,0.04577334809892947,M
oulad_EEE_2014B,OULAD,transferred,ukzn_ISTN2IP_2018,imd_band,8,0.5483870967741935,0.2647058823529412,0.2836812144212523,50-60%
oulad_EEE_2014B,OULAD,transferred,ukzn_ISTN2IP_2018,age_band,2,0.4357976653696498,0.3,0.13579766536964982,35-55
oulad_EEE_2014B,OULAD,transferred,ukzn_ISTN2IP_2018,highest_education,3,0.46938775510204084,0.373134328358209,0.09625342674383186,A Level or Equivalent
oulad_EEE_2014B,OULAD,transferred,ukzn_ISTN2IP_2019,gender,2,0.3055555555555556,0.2823920265780731,0.023163528977482473,M
oulad_EEE_2014B,OULAD,transferred,ukzn_ISTN2IP_2019,imd_band,8,0.38235294117647056,0.10810810810810811,0.27424483306836245,40-50%
oulad_EEE_2014B,OULAD,transferred,ukzn_ISTN2IP_2019,age_band,2,0.3035019455252918,0.225,0.0785019455252918,35-55
oulad_EEE_2014B,OULAD,transferred,ukzn_ISTN2IP_2019,highest_education,3,0.32653061224489793,0.2462686567164179,0.08026195552848003,A Level or Equivalent
oulad_EEE_2014B,OULAD,transferred,ukzn_ISTN3ND_2018,gender,2,0.3754152823920266,0.2777777777777778,0.0976375046142488,F
oulad_EEE_2014B,OULAD,transferred,ukzn_ISTN3ND_2018,imd_band,8,0.5483870967741935,0.23529411764705882,0.3130929791271347,50-60%
oulad_EEE_2014B,OULAD,transferred,ukzn_ISTN3ND_2018,age_band,2,0.38132295719844356,0.3125,0.06882295719844356,35-55
oulad_EEE_2014B,OULAD,transferred,ukzn_ISTN3ND_2018,highest_education,3,0.4489795918367347,0.3283582089552239,0.12062138288151081,A Level or Equivalent
oulad_EEE_2014B,OULAD,transferred,ukzn_ISTN3ND_2019,gender,2,0.4166666666666667,0.3853820598006645,0.03128460686600221,M
oulad_EEE_2014B,OULAD,transferred,ukzn_ISTN3ND_2019,imd_band,8,0.5483870967741935,0.23529411764705882,0.3130929791271347,50-60%
oulad_EEE_2014B,OULAD,transferred,ukzn_ISTN3ND_2019,age_band,2,0.41245136186770426,0.3125,0.09995136186770426,35-55
oulad_EEE_2014B,OULAD,transferred,ukzn_ISTN3ND_2019,highest_education,3,0.4489795918367347,0.3656716417910448,0.08330795004568992,A Level or Equivalent
oulad_EEE_2014B,OULAD,transferred,ukzn_ISTN3SA_2018,gender,2,0.15282392026578073,0.1388888888888889,0.013935031376891838,F
oulad_EEE_2014B,OULAD,transferred,ukzn_ISTN3SA_2018,imd_band,8,0.20588235294117646,0.08108108108108109,0.12480127186009538,40-50%
oulad_EEE_2014B,OULAD,transferred,ukzn_ISTN3SA_2018,age_band,2,0.1517509727626459,0.15,0.0017509727626459082,35-55
oulad_EEE_2014B,OULAD,transferred,ukzn_ISTN3SA_2018,highest_education,3,0.20149253731343283,0.08163265306122448,0.11985988425220835,HE Qualification
oulad_EEE_2014B,OULAD,transferred,ukzn_ISTN3SA_2019,gender,2,0.3611111111111111,0.3222591362126246,0.03885197489848652,M
oulad_EEE_2014B,OULAD,transferred,ukzn_ISTN3SA_2019,imd_band,8,0.4,0.12903225806451613,0.2709677419354839,0-10%
oulad_EEE_2014B,OULAD,transferred,ukzn_ISTN3SA_2019,age_band,2,0.4,0.3035019455252918,0.09649805447470822,0-35
oulad_EEE_2014B,OULAD,transferred,ukzn_ISTN3SA_2019,highest_education,3,0.35074626865671643,0.2653061224489796,0.08544014620773682,HE Qualification
oulad_EEE_2014B,OULAD,transferred,zambia_ICT1110_2020,gender,2,0.24916943521594684,0.19444444444444445,0.05472499077150239,F
oulad_EEE_2014B,OULAD,transferred,zambia_ICT1110_2020,imd_band,8,0.38235294117647056,0.02631578947368421,0.3560371517027864,70-80%
oulad_EEE_2014B,OULAD,transferred,zambia_ICT1110_2020,age_band,2,0.25680933852140075,0.2,0.05680933852140074,35-55
oulad_EEE_2014B,OULAD,transferred,zambia_ICT1110_2020,highest_education,3,0.2702702702702703,0.1836734693877551,0.08659680088251517,HE Qualification
oulad_EEE_2014B,OULAD,transferred,zambia_ICT1110_2021,gender,2,0.2159468438538206,0.1111111111111111,0.10483573274270949,F
oulad_EEE_2014B,OULAD,transferred,zambia_ICT1110_2021,imd_band,8,0.3076923076923077,0.0967741935483871,0.21091811414392062,0-10%
oulad_EEE_2014B,OULAD,transferred,zambia_ICT1110_2021,age_band,2,0.225,0.19844357976653695,0.02655642023346305,0-35
oulad_EEE_2014B,OULAD,transferred,zambia_ICT1110_2021,highest_education,3,0.21621621621621623,0.12244897959183673,0.0937672366243795,HE Qualification
oulad_EEE_2014B,OULAD,transferred,oviedo_C1112_1415,gender,2,0.4119601328903654,0.3888888888888889,0.023071244001476532,F
oulad_EEE_2014B,OULAD,transferred,oviedo_C1112_1415,imd_band,8,0.6129032258064516,0.29411764705882354,0.3187855787476281,50-60%
oulad_EEE_2014B,OULAD,transferred,oviedo_C1112_1415,age_band,2,0.4357976653696498,0.325,0.1107976653696498,35-55
oulad_EEE_2014B,OULAD,transferred,oviedo_C1112_1415,highest_education,3,0.46938775510204084,0.39552238805970147,0.07386536704233937,A Level or Equivalent
oulad_EEE_2014B,OULAD,transferred,oviedo_C1127_1415,gender,2,0.3920265780730897,0.3611111111111111,0.03091546696197861,F
oulad_EEE_2014B,OULAD,transferred,oviedo_C1127_1415,imd_band,8,0.4594594594594595,0.325,0.13445945945945947,80-90%
oulad_EEE_2014B,OULAD,transferred,oviedo_C1127_1415,age_band,2,0.4163424124513619,0.3,0.1163424124513619,35-55
oulad_EEE_2014B,OULAD,transferred,oviedo_C1127_1415,highest_education,3,0.4253731343283582,0.3469387755102041,0.07843435881815414,HE Qualification
oulad_EEE_2014B,OULAD,transferred,oviedo_C1200_1415,gender,2,0.3888888888888889,0.38870431893687707,0.00018456995201182602,M
oulad_EEE_2014B,OULAD,transferred,oviedo_C1200_1415,imd_band,8,0.6129032258064516,0.2647058823529412,0.34819734345351044,50-60%
oulad_EEE_2014B,OULAD,transferred,oviedo_C1200_1415,age_band,2,0.39299610894941633,0.375,0.017996108949416334,35-55
oulad_EEE_2014B,OULAD,transferred,oviedo_C1200_1415,highest_education,3,0.4489795918367347,0.3805970149253731,0.06838257691136157,A Level or Equivalent
oulad_EEE_2014B,OULAD,transferred,oviedo_C1303_1415,gender,2,0.4444444444444444,0.3787375415282392,0.06570690291620523,M
oulad_EEE_2014B,OULAD,transferred,oviedo_C1303_1415,imd_band,8,0.5806451612903226,0.2222222222222222,0.3584229390681004,20-30%
oulad_EEE_2014B,OULAD,transferred,oviedo_C1303_1415,age_band,2,0.4046692607003891,0.325,0.0796692607003891,35-55
oulad_EEE_2014B,OULAD,transferred,oviedo_C1303_1415,highest_education,3,0.42857142857142855,0.3656716417910448,0.06289978678038377,A Level or Equivalent
oulad_EEE_2014B,OULAD,transferred,oviedo_C174_1415,gender,2,0.2026578073089701,0.16666666666666666,0.03599114064230344,F
oulad_EEE_2014B,OULAD,transferred,oviedo_C174_1415,imd_band,8,0.28888888888888886,0.125,0.16388888888888886,80-90%
oulad_EEE_2014B,OULAD,transferred,oviedo_C174_1415,age_band,2,0.3125,0.16342412451361868,0.14907587548638132,0-35
oulad_EEE_2014B,OULAD,transferred,oviedo_C174_1415,highest_education,3,0.2857142857142857,0.16216216216216217,0.12355212355212353,Lower Than A Level
oulad_EEE_2014B,OULAD,transferred,oviedo_C190_1415,gender,2,0.16611295681063123,0.1388888888888889,0.02722406792174234,F
oulad_EEE_2014B,OULAD,transferred,oviedo_C190_1415,imd_band,8,0.23529411764705882,0.07692307692307693,0.1583710407239819,30-40%
oulad_EEE_2014B,OULAD,transferred,oviedo_C190_1415,age_band,2,0.16342412451361868,0.1625,0.0009241245136186738,35-55
oulad_EEE_2014B,OULAD,transferred,oviedo_C190_1415,highest_education,3,0.17567567567567569,0.14285714285714285,0.032818532818532836,HE Qualification
oulad_EEE_2014B,OULAD,transferred,oviedo_C1978_1415,gender,2,0.16666666666666666,0.053156146179401995,0.11351052048726466,M
oulad_EEE_2014B,OULAD,transferred,oviedo_C1978_1415,imd_band,8,0.13157894736842105,0.02702702702702703,0.10455192034139402,10-20
oulad_EEE_2014B,OULAD,transferred,oviedo_C1978_1415,age_band,2,0.0875,0.058365758754863814,0.02913424124513618,0-35
oulad_EEE_2014B,OULAD,transferred,oviedo_C1978_1415,highest_education,3,0.10204081632653061,0.05970149253731343,0.04233932378921718,A Level or Equivalent
oulad_EEE_2014B,OULAD,transferred,oviedo_C2011_1415,gender,2,0.30564784053156147,0.3055555555555556,9.228497600588526e-05,F
oulad_EEE_2014B,OULAD,transferred,oviedo_C2011_1415,imd_band,8,0.3783783783783784,0.2222222222222222,0.1561561561561562,20-30%
oulad_EEE_2014B,OULAD,transferred,oviedo_C2011_1415,age_band,2,0.30739299610894943,0.3,0.007392996108949446,35-55
oulad_EEE_2014B,OULAD,transferred,oviedo_C2011_1415,highest_education,3,0.3673469387755102,0.27611940298507465,0.09122753579043558,A Level or Equivalent
oulad_EEE_2014B,OULAD,transferred,oviedo_C2024_1415,gender,2,0.4019933554817276,0.3888888888888889,0.013104466592838704,F
oulad_EEE_2014B,OULAD,transferred,oviedo_C2024_1415,imd_band,8,0.5483870967741935,0.3111111111111111,0.2372759856630824,20-30%
oulad_EEE_2014B,OULAD,transferred,oviedo_C2024_1415,age_band,2,0.42412451361867703,0.325,0.09912451361867702,35-55
oulad_EEE_2014B,OULAD,transferred,oviedo_C2024_1415,highest_education,3,0.41216216216216217,0.39552238805970147,0.016639774102460703,A Level or Equivalent
oulad_EEE_2014B,OULAD,transferred,oviedo_C2150_1415,gender,2,0.4166666666666667,0.3953488372093023,0.02131782945736438,M
oulad_EEE_2014B,OULAD,transferred,oviedo_C2150_1415,imd_band,8,0.4864864864864865,0.35,0.13648648648648654,80-90%
oulad_EEE_2014B,OULAD,transferred,oviedo_C2150_1415,age_band,2,0.41245136186770426,0.35,0.06245136186770428,35-55
oulad_EEE_2014B,OULAD,transferred,oviedo_C2150_1415,highest_education,3,0.417910447761194,0.3783783783783784,0.039532069382815616,Lower Than A Level
oulad_EEE_2014B,OULAD,transferred,oviedo_C2271_1415,gender,2,0.3888888888888889,0.3588039867109635,0.03008490217792542,M
oulad_EEE_2014B,OULAD,transferred,oviedo_C2271_1415,imd_band,8,0.5483870967741935,0.23529411764705882,0.3130929791271347,50-60%
oulad_EEE_2014B,OULAD,transferred,oviedo_C2271_1415,age_band,2,0.36964980544747084,0.3375,0.032149805447470814,35-55
oulad_EEE_2014B,OULAD,transferred,oviedo_C2271_1415,highest_education,3,0.40816326530612246,0.34459459459459457,0.06356867071152789,Lower Than A Level
oulad_EEE_2014B,OULAD,transferred,oviedo_C2335_1415,gender,2,0.4444444444444444,0.2724252491694352,0.1720191952750092,M
oulad_EEE_2014B,OULAD,transferred,oviedo_C2335_1415,imd_band,8,0.39473684210526316,0.16216216216216217,0.232574679943101,10-20
oulad_EEE_2014B,OULAD,transferred,oviedo_C2335_1415,age_band,2,0.29571984435797666,0.275,0.020719844357976636,35-55
oulad_EEE_2014B,OULAD,transferred,oviedo_C2335_1415,highest_education,3,0.3469387755102041,0.2537313432835821,0.09320743222662198,A Level or Equivalent
oulad_EEE_2014B,OULAD,transferred,oviedo_C2406_1415,gender,2,0.3953488372093023,0.3888888888888889,0.006459948320413411,F
oulad_EEE_2014B,OULAD,transferred,oviedo_C2406_1415,imd_band,8,0.5806451612903226,0.2647058823529412,0.31593927893738144,50-60%
oulad_EEE_2014B,OULAD,transferred,oviedo_C2406_1415,age_band,2,0.42023346303501946,0.3125,0.10773346303501946,35-55
oulad_EEE_2014B,OULAD,transferred,oviedo_C2406_1415,highest_education,3,0.4489795918367347,0.38513513513513514,0.06384445670159955,Lower Than A Level
oulad_EEE_2014B,OULAD,transferred,oviedo_C2468_1415,gender,2,0.3611111111111111,0.34551495016611294,0.01559616094499816,M
oulad_EEE_2014B,OULAD,transferred,oviedo_C2468_1415,imd_band,8,0.5483870967741935,0.20588235294117646,0.34250474383301704,50-60%
oulad_EEE_2014B,OULAD,transferred,oviedo_C2468_1415,age_band,2,0.35797665369649806,0.3125,0.04547665369649806,35-55
oulad_EEE_2014B,OULAD,transferred,oviedo_C2468_1415,highest_education,3,0.40816326530612246,0.3283582089552239,0.07980505635089857,A Level or Equivalent
oulad_EEE_2014B,OULAD,transferred,oviedo_C2607_1415,gender,2,0.3920265780730897,0.3611111111111111,0.03091546696197861,F
oulad_EEE_2014B,OULAD,transferred,oviedo_C2607_1415,imd_band,8,0.6129032258064516,0.2647058823529412,0.34819734345351044,50-60%
oulad_EEE_2014B,OULAD,transferred,oviedo_C2607_1415,age_band,2,0.4085603112840467,0.325,0.08356031128404667,35-55
oulad_EEE_2014B,OULAD,transferred,oviedo_C2607_1415,highest_education,3,0.42857142857142855,0.3581081081081081,0.07046332046332043,Lower Than A Level
oulad_EEE_2014B,OULAD,transferred,oviedo_C3022_1415,gender,2,0.2777777777777778,0.24584717607973422,0.03193060169804357,M
oulad_EEE_2014B,OULAD,transferred,oviedo_C3022_1415,imd_band,8,0.4230769230769231,0.13513513513513514,0.28794178794178793,10-20
oulad_EEE_2014B,OULAD,transferred,oviedo_C3022_1415,age_band,2,0.25680933852140075,0.225,0.03180933852140075,35-55
oulad_EEE_2014B,OULAD,transferred,oviedo_C3022_1415,highest_education,3,0.26119402985074625,0.20408163265306123,0.057112397197685016,HE Qualification
oulad_EEE_2014B,OULAD,transferred,oviedo_C3029_1415,gender,2,0.3754152823920266,0.3055555555555556,0.06985972683647101,F
oulad_EEE_2014B,OULAD,transferred,oviedo_C3029_1415,imd_band,8,0.5675675675675675,0.2,0.36756756756756753,20-30%
oulad_EEE_2014B,OULAD,transferred,oviedo_C3029_1415,age_band,2,0.377431906614786,0.3375,0.03993190661478596,35-55
oulad_EEE_2014B,OULAD,transferred,oviedo_C3029_1415,highest_education,3,0.43283582089552236,0.30612244897959184,0.12671337191593052,HE Qualification
oulad_EEE_2014B,OULAD,transferred,oviedo_C4189_1415,gender,2,0.1388888888888889,0.12956810631229235,0.009320782576596548,M
oulad_EEE_2014B,OULAD,transferred,oviedo_C4189_1415,imd_band,8,0.1935483870967742,0.02702702702702703,0.16652136006974716,10-20
oulad_EEE_2014B,OULAD,transferred,oviedo_C4189_1415,age_band,2,0.2125,0.10505836575875487,0.10744163424124513,0-35
oulad_EEE_2014B,OULAD,transferred,oviedo_C4189_1415,highest_education,3,0.1417910447761194,0.12162162162162163,0.020169423154497768,Lower Than A Level
oulad_EEE_2014B,OULAD,transferred,oviedo_C4213_1415,gender,2,0.3754152823920266,0.3611111111111111,0.01430417128091549,F
oulad_EEE_2014B,OULAD,transferred,oviedo_C4213_1415,imd_band,8,0.46153846153846156,0.29411764705882354,0.16742081447963802,50-60%
oulad_EEE_2014B,OULAD,transferred,oviedo_C4213_1415,age_band,2,0.3968871595330739,0.3,0.09688715953307392,35-55
oulad_EEE_2014B,OULAD,transferred,oviedo_C4213_1415,highest_education,3,0.39552238805970147,0.3581081081081081,0.037414279951593354,Lower Than A Level
oulad_EEE_2014B,OULAD,transferred,oviedo_C836_1415,gender,2,0.40863787375415284,0.3888888888888889,0.01974898486526394,F
oulad_EEE_2014B,OULAD,transferred,oviedo_C836_1415,imd_band,8,0.5483870967741935,0.24444444444444444,0.30394265232974904,20-30%
oulad_EEE_2014B,OULAD,transferred,oviedo_C836_1415,age_band,2,0.4280155642023346,0.3375,0.09051556420233459,35-55
oulad_EEE_2014B,OULAD,transferred,oviedo_C836_1415,highest_education,3,0.46938775510204084,0.39864864864864863,0.07073910645339221,Lower Than A Level
oulad_EEE_2014J,OULAD,local,oulad_EEE_2014J,gender,2,0.4861111111111111,0.4675925925925926,0.01851851851851849,M
oulad_EEE_2014J,OULAD,local,oulad_EEE_2014J,imd_band,10,0.5666666666666667,0.38596491228070173,0.18070175438596492,30-40%
oulad_EEE_2014J,OULAD,local,oulad_EEE_2014J,disability,2,0.4796573875802998,0.35135135135135137,0.12830603622894843,Y
oulad_EEE_2014J,OULAD,local,oulad_EEE_2014J,age_band,2,0.5,0.3577981651376147,0.1422018348623853,35-55
oulad_EEE_2014J,OULAD,local,oulad_EEE_2014J,highest_education,3,0.49504950495049505,0.4433497536945813,0.05169975125591375,A Level or Equivalent
oulad_EEE_2014J,OULAD,transferred,ku_Accountancy_1819,gender,2,0.33564814814814814,0.2916666666666667,0.043981481481481455,F
oulad_EEE_2014J,OULAD,transferred,ku_Accountancy_1819,imd_band,10,0.4473684210526316,0.23529411764705882,0.21207430340557276,0-10%
oulad_EEE_2014J,OULAD,transferred,ku_Accountancy_1819,disability,2,0.3783783783783784,0.32548179871520344,0.05289657966317496,N
oulad_EEE_2014J,OULAD,transferred,ku_Accountancy_1819,age_band,2,0.3469387755102041,0.26605504587155965,0.08088372963864443,35-55
oulad_EEE_2014J,OULAD,transferred,ku_Accountancy_1819,highest_education,3,0.3465346534653465,0.21839080459770116,0.12814384886764535,HE Qualification
oulad_EEE_2014J,OULAD,transferred,ku_Globaleconom_1819,gender,2,0.4444444444444444,0.4166666666666667,0.027777777777777735,F
oulad_EEE_2014J,OULAD,transferred,ku_Globaleconom_1819,imd_band,10,0.5333333333333333,0.3684210526315789,0.1649122807017544,70-80%
oulad_EEE_2014J,OULAD,transferred,ku_Globaleconom_1819,disability,2,0.6216216216216216,0.4261241970021413,0.19549742461948028,N
oulad_EEE_2014J,OULAD,transferred,ku_Globaleconom_1819,age_band,2,0.46683673469387754,0.3302752293577982,0.13656150533607936,35-55
oulad_EEE_2014J,OULAD,transferred,ku_Globaleconom_1819,highest_education,3,0.4900990099009901,0.39901477832512317,0.09108423157586693,A Level or Equivalent
oulad_EEE_2014J,OULAD,transferred,ku_Accountancy_1920,gender,2,0.1111111111111111,0.0763888888888889,0.03472222222222221,M
oulad_EEE_2014J,OULAD,transferred,ku_Accountancy_1920,imd_band,10,0.17647058823529413,0.023255813953488372,0.15321477428180574,60-70%
oulad_EEE_2014J,OULAD,transferred,ku_Accountancy_1920,disability,2,0.08137044967880086,0.08108108108108109,0.00028936859771977463,Y
oulad_EEE_2014J,OULAD,transferred,ku_Accountancy_1920,age_band,2,0.12844036697247707,0.06887755102040816,0.059562815952068915,0-35
oulad_EEE_2014J,OULAD,transferred,ku_Accountancy_1920,highest_education,3,0.0891089108910891,0.06896551724137931,0.020143393649709795,A Level or Equivalent
oulad_EEE_2014J,OULAD,transferred,ku_Globaleconom_1920,gender,2,0.4861111111111111,0.4375,0.048611111111111105,M
oulad_EEE_2014J,OULAD,transferred,ku_Globaleconom_1920,imd_band,10,0.5405405405405406,0.3333333333333333,0.20720720720720726,30-40%
oulad_EEE_2014J,OULAD,transferred,ku_Globaleconom_1920,disability,2,0.4864864864864865,0.4411134903640257,0.04537299612246082,N
oulad_EEE_2014J,OULAD,transferred,ku_Globaleconom_1920,age_band,2,0.4642857142857143,0.3669724770642202,0.0973132372214941,35-55
oulad_EEE_2014J,OULAD,transferred,ku_Globaleconom_1920,highest_education,3,0.4942528735632184,0.4236453201970443,0.07060755336617408,A Level or Equivalent
oulad_EEE_2014J,OULAD,transferred,ku_Accountancy_2021,gender,2,0.2777777777777778,0.2361111111111111,0.041666666666666685,F
oulad_EEE_2014J,OULAD,transferred,ku_Accountancy_2021,imd_band,10,0.38596491228070173,0.13333333333333333,0.25263157894736843,90-100%
oulad_EEE_2014J,OULAD,transferred,ku_Accountancy_2021,disability,2,0.32432432432432434,0.2676659528907923,0.05665837143353203,N
oulad_EEE_2014J,OULAD,transferred,ku_Accountancy_2021,age_band,2,0.2780612244897959,0.24770642201834864,0.030354802471447284,35-55
oulad_EEE_2014J,OULAD,transferred,ku_Accountancy_2021,highest_education,3,0.297029702970297,0.22988505747126436,0.06714464549903265,HE Qualification
oulad_EEE_2014J,OULAD,transferred,ku_Globaleconom_2021,gender,2,0.4074074074074074,0.3472222222222222,0.060185185185185175,F
oulad_EEE_2014J,OULAD,transferred,ku_Globaleconom_2021,imd_band,10,0.5454545454545454,0.29310344827586204,0.25235109717868337,40-50%
oulad_EEE_2014J,OULAD,transferred,ku_Globaleconom_2021,disability,2,0.5675675675675675,0.3854389721627409,0.18212859540482662,N
oulad_EEE_2014J,OULAD,transferred,ku_Globaleconom_2021,age_band,2,0.43112244897959184,0.28440366972477066,0.14671877925482119,35-55
oulad_EEE_2014J,OULAD,transferred,ku_Globaleconom_2021,highest_education,3,0.4306930693069307,0.37438423645320196,0.05630883285372873,A Level or Equivalent
oulad_EEE_2014J,OULAD,transferred,ukzn_ISTN101_2019,gender,2,0.3194444444444444,0.30324074074074076,0.016203703703703665,M
oulad_EEE_2014J,OULAD,transferred,ukzn_ISTN101_2019,imd_band,10,0.4098360655737705,0.21052631578947367,0.19930974978429683,70-80%
oulad_EEE_2014J,OULAD,transferred,ukzn_ISTN101_2019,disability,2,0.30620985010706636,0.2972972972972973,0.008912552809769048,Y
oulad_EEE_2014J,OULAD,transferred,ukzn_ISTN101_2019,age_band,2,0.33163265306122447,0.21100917431192662,0.12062347874929785,35-55
oulad_EEE_2014J,OULAD,transferred,ukzn_ISTN101_2019,highest_education,3,0.3415841584158416,0.27586206896551724,0.06572208945032437,A Level or Equivalent
oulad_EEE_2014J,OULAD,transferred,ukzn_ISTN101_2020,gender,2,0.38657407407407407,0.3611111111111111,0.025462962962962965,F
oulad_EEE_2014J,OULAD,transferred,ukzn_ISTN101_2020,imd_band,10,0.5531914893617021,0.29411764705882354,0.2590738423028786,0-10%
oulad_EEE_2014J,OULAD,transferred,ukzn_ISTN101_2020,disability,2,0.43243243243243246,0.37901498929336186,0.0534174431390706,N
oulad_EEE_2014J,OULAD,transferred,ukzn_ISTN101_2020,age_band,2,0.3877551020408163,0.3577981651376147,0.029956936903201614,35-55
oulad_EEE_2014J,OULAD,transferred,ukzn_ISTN101_2020,highest_education,3,0.4405940594059406,0.3103448275862069,0.1302492318197337,HE Qualification
oulad_EEE_2014J,OULAD,transferred,ukzn_ISTN101_2021,gender,2,0.4537037037037037,0.4305555555555556,0.02314814814814814,F
oulad_EEE_2014J,OULAD,transferred,ukzn_ISTN101_2021,imd_band,10,0.5454545454545454,0.3508771929824561,0.1945773524720893,30-40%
oulad_EEE_2014J,OULAD,transferred,ukzn_ISTN101_2021,disability,2,0.4864864864864865,0.4475374732334047,0.03894901325308181,N
oulad_EEE_2014J,OULAD,transferred,ukzn_ISTN101_2021,age_band,2,0.48214285714285715,0.3302752293577982,0.15186762778505897,35-55
oulad_EEE_2014J,OULAD,transferred,ukzn_ISTN101_2021,highest_education,3,0.458128078817734,0.4367816091954023,0.021346469622331665,HE Qualification
oulad_EEE_2014J,OULAD,transferred,ukzn_ISTN102_2018,gender,2,0.46296296296296297,0.4444444444444444,0.018518518518518545,F
oulad_EEE_2014J,OULAD,transferred,ukzn_ISTN102_2018,imd_band,10,0.5666666666666667,0.3333333333333333,0.23333333333333334,0-10%
oulad_EEE_2014J,OULAD,transferred,ukzn_ISTN102_2018,disability,2,0.5405405405405406,0.4539614561027837,0.08657908443775686,N
oulad_EEE_2014J,OULAD,transferred,ukzn_ISTN102_2018,age_band,2,0.4897959183673469,0.3486238532110092,0.14117206515633773,35-55
oulad_EEE_2014J,OULAD,transferred,ukzn_ISTN102_2018,highest_education,3,0.4942528735632184,0.4433497536945813,0.0509031198686371,A Level or Equivalent
oulad_EEE_2014J,OULAD,transferred,ukzn_ISTN103_2019,gender,2,0.4027777777777778,0.3194444444444444,0.08333333333333337,M
oulad_EEE_2014J,OULAD,transferred,ukzn_ISTN103_2019,imd_band,10,0.5666666666666667,0.19607843137254902,0.37058823529411766,0-10%
oulad_EEE_2014J,OULAD,transferred,ukzn_ISTN103_2019,disability,2,0.3404710920770878,0.21621621621621623,0.12425487586087158,Y
oulad_EEE_2014J,OULAD,transferred,ukzn_ISTN103_2019,age_band,2,0.3853211009174312,0.3137755102040816,0.0715455907133496,0-35
oulad_EEE_2014J,OULAD,transferred,ukzn_ISTN103_2019,highest_education,3,0.3465346534653465,0.28735632183908044,0.05917833162626607,HE Qualification
oulad_EEE_2014J,OULAD,transferred,ukzn_ISTN103_2020,gender,2,0.4722222222222222,0.46296296296296297,0.009259259259259245,M
oulad_EEE_2014J,OULAD,transferred,ukzn_ISTN103_2020,imd_band,10,0.6,0.3684210526315789,0.23157894736842105,30-40%
oulad_EEE_2014J,OULAD,transferred,ukzn_ISTN103_2020,disability,2,0.4689507494646681,0.40540540540540543,0.06354534405926265,Y
oulad_EEE_2014J,OULAD,transferred,ukzn_ISTN103_2020,age_band,2,0.5025510204081632,0.3302752293577982,0.17227579105036506,35-55
oulad_EEE_2014J,OULAD,transferred,ukzn_ISTN103_2020,highest_education,3,0.4801980198019802,0.4482758620689655,0.031922157733014656,A Level or Equivalent
oulad_EEE_2014J,OULAD,transferred,ukzn_ISTN211_2019,gender,2,0.3888888888888889,0.33564814814814814,0.053240740740740755,M
oulad_EEE_2014J,OULAD,transferred,ukzn_ISTN211_2019,imd_band,10,0.44680851063829785,0.21621621621621623,0.23059229442208162,80-90%
oulad_EEE_2014J,OULAD,transferred,ukzn_ISTN211_2019,disability,2,0.3490364025695932,0.2702702702702703,0.07876613229932289,Y
oulad_EEE_2014J,OULAD,transferred,ukzn_ISTN211_2019,age_band,2,0.34438775510204084,0.3302752293577982,0.014112525744242654,35-55
oulad_EEE_2014J,OULAD,transferred,ukzn_ISTN211_2019,highest_education,3,0.3910891089108911,0.27586206896551724,0.11522703994537387,HE Qualification
oulad_EEE_2014J,OULAD,transferred,ukzn_ISTN211_2021,gender,2,0.44675925925925924,0.4027777777777778,0.043981481481481455,F
oulad_EEE_2014J,OULAD,transferred,ukzn_ISTN211_2021,imd_band,10,0.5245901639344263,0.39215686274509803,0.13243330118932822,0-10%
oulad_EEE_2014J,OULAD,transferred,ukzn_ISTN211_2021,disability,2,0.5675675675675675,0.430406852248394,0.13716071531917357,N
oulad_EEE_2014J,OULAD,transferred,ukzn_ISTN211_2021,age_band,2,0.46683673469387754,0.3302752293577982,0.13656150533607936,35-55
oulad_EEE_2014J,OULAD,transferred,ukzn_ISTN211_2021,highest_education,3,0.4801980198019802,0.39080459770114945,0.08939342210083073,HE Qualification
oulad_EEE_2014J,OULAD,transferred,ukzn_ISTN212_2018,gender,2,0.3958333333333333,0.2916666666666667,0.10416666666666663,F
oulad_EEE_2014J,OULAD,transferred,ukzn_ISTN212_2018,imd_band,10,0.4666666666666667,0.27450980392156865,0.19215686274509802,0-10%
oulad_EEE_2014J,OULAD,transferred,ukzn_ISTN212_2018,disability,2,0.43243243243243246,0.37687366167023556,0.055558770762196896,N
oulad_EEE_2014J,OULAD,transferred,ukzn_ISTN212_2018,age_band,2,0.40561224489795916,0.27522935779816515,0.130382887099794,35-55
oulad_EEE_2014J,OULAD,transferred,ukzn_ISTN212_2018,highest_education,3,0.4306930693069307,0.33497536945812806,0.09571769984880263,A Level or Equivalent
oulad_EEE_2014J,OULAD,transferred,ukzn_ISTN212_2019,gender,2,0.4652777777777778,0.4583333333333333,0.006944444444444475,F
oulad_EEE_2014J,OULAD,transferred,ukzn_ISTN212_2019,imd_band,10,0.5573770491803278,0.37254901960784315,0.18482802957248468,0-10%
oulad_EEE_2014J,OULAD,transferred,ukzn_ISTN212_2019,disability,2,0.46466809421841543,0.4594594594594595,0.005208634758955943,Y
oulad_EEE_2014J,OULAD,transferred,ukzn_ISTN212_2019,age_band,2,0.5025510204081632,0.3302752293577982,0.17227579105036506,35-55
oulad_EEE_2014J,OULAD,transferred,ukzn_ISTN212_2019,highest_education,3,0.48514851485148514,0.43842364532019706,0.04672486953128807,A Level or Equivalent
oulad_EEE_2014J,OULAD,transferred,ukzn_ISTN2IP_2018,gender,2,0.4722222222222222,0.45601851851851855,0.016203703703703665,M
oulad_EEE_2014J,OULAD,transferred,ukzn_ISTN2IP_2018,imd_band,10,0.5666666666666667,0.3137254901960784,0.2529411764705882,0-10%
oulad_EEE_2014J,OULAD,transferred,ukzn_ISTN2IP_2018,disability,2,0.4864864864864865,0.45610278372591007,0.030383702760576448,N
oulad_EEE_2014J,OULAD,transferred,ukzn_ISTN2IP_2018,age_band,2,0.4846938775510204,0.3577981651376147,0.1268957124134057,35-55
oulad_EEE_2014J,OULAD,transferred,ukzn_ISTN2IP_2018,highest_education,3,0.5057471264367817,0.42857142857142855,0.07717569786535311,A Level or Equivalent
oulad_EEE_2014J,OULAD,transferred,ukzn_ISTN2IP_2019,gender,2,0.3055555555555556,0.29398148148148145,0.011574074074074125,M
oulad_EEE_2014J,OULAD,transferred,ukzn_ISTN2IP_2019,imd_band,10,0.47368421052631576,0.13333333333333333,0.3403508771929824,90-100%
oulad_EEE_2014J,OULAD,transferred,ukzn_ISTN2IP_2019,disability,2,0.29764453961456105,0.2702702702702703,0.02737426934429077,Y
oulad_EEE_2014J,OULAD,transferred,ukzn_ISTN2IP_2019,age_band,2,0.30275229357798167,0.29336734693877553,0.009384946639206138,0-35
oulad_EEE_2014J,OULAD,transferred,ukzn_ISTN2IP_2019,highest_education,3,0.35148514851485146,0.19540229885057472,0.15608284966427674,HE Qualification
oulad_EEE_2014J,OULAD,transferred,ukzn_ISTN3ND_2018,gender,2,0.41435185185185186,0.3333333333333333,0.08101851851851855,F
oulad_EEE_2014J,OULAD,transferred,ukzn_ISTN3ND_2018,imd_band,10,0.5245901639344263,0.29411764705882354,0.23047251687560272,0-10%
oulad_EEE_2014J,OULAD,transferred,ukzn_ISTN3ND_2018,disability,2,0.4864864864864865,0.3961456102783726,0.09034087620811393,N
oulad_EEE_2014J,OULAD,transferred,ukzn_ISTN3ND_2018,age_band,2,0.4260204081632653,0.3119266055045872,0.11409380265867813,35-55
oulad_EEE_2014J,OULAD,transferred,ukzn_ISTN3ND_2018,highest_education,3,0.4306930693069307,0.3645320197044335,0.06616104960249719,A Level or Equivalent
oulad_EEE_2014J,OULAD,transferred,ukzn_ISTN3ND_2019,gender,2,0.4444444444444444,0.4444444444444444,0.0,F
oulad_EEE_2014J,OULAD,transferred,ukzn_ISTN3ND_2019,imd_band,10,0.5666666666666667,0.3157894736842105,0.25087719298245614,30-40%
oulad_EEE_2014J,OULAD,transferred,ukzn_ISTN3ND_2019,disability,2,0.4864864864864865,0.4411134903640257,0.04537299612246082,N
oulad_EEE_2014J,OULAD,transferred,ukzn_ISTN3ND_2019,age_band,2,0.4719387755102041,0.3394495412844037,0.1324892342258004,35-55
oulad_EEE_2014J,OULAD,transferred,ukzn_ISTN3ND_2019,highest_education,3,0.47126436781609193,0.42857142857142855,0.042692939244663386,A Level or Equivalent
oulad_EEE_2014J,OULAD,transferred,ukzn_ISTN3SA_2018,gender,2,0.125,0.12037037037037036,0.004629629629629636,M
oulad_EEE_2014J,OULAD,transferred,ukzn_ISTN3SA_2018,imd_band,10,0.22807017543859648,0.06896551724137931,0.15910465819721717,40-50%
oulad_EEE_2014J,OULAD,transferred,ukzn_ISTN3SA_2018,disability,2,0.1284796573875803,0.02702702702702703,0.10145263036055327,Y
oulad_EEE_2014J,OULAD,transferred,ukzn_ISTN3SA_2018,age_band,2,0.1926605504587156,0.09948979591836735,0.09317075454034826,0-35
oulad_EEE_2014J,OULAD,transferred,ukzn_ISTN3SA_2018,highest_education,3,0.13793103448275862,0.10891089108910891,0.02902014339364971,Lower Than A Level
oulad_EEE_2014J,OULAD,transferred,ukzn_ISTN3SA_2019,gender,2,0.2222222222222222,0.1527777777777778,0.06944444444444442,F
oulad_EEE_2014J,OULAD,transferred,ukzn_ISTN3SA_2019,imd_band,10,0.3275862068965517,0.1,0.2275862068965517,90-100%
oulad_EEE_2014J,OULAD,transferred,ukzn_ISTN3SA_2019,disability,2,0.21621621621621623,0.21199143468950749,0.004224781526708743,N
oulad_EEE_2014J,OULAD,transferred,ukzn_ISTN3SA_2019,age_band,2,0.21428571428571427,0.2018348623853211,0.012450851900393162,35-55
oulad_EEE_2014J,OULAD,transferred,ukzn_ISTN3SA_2019,highest_education,3,0.2315270935960591,0.13793103448275862,0.09359605911330049,HE Qualification
oulad_EEE_2014J,OULAD,transferred,zambia_ICT1110_2020,gender,2,0.2361111111111111,0.2337962962962963,0.0023148148148147973,M
oulad_EEE_2014J,OULAD,transferred,zambia_ICT1110_2020,imd_band,10,0.3829787234042553,0.03333333333333333,0.349645390070922,90-100%
oulad_EEE_2014J,OULAD,transferred,zambia_ICT1110_2020,disability,2,0.23768736616702354,0.1891891891891892,0.048498176977834345,Y
oulad_EEE_2014J,OULAD,transferred,zambia_ICT1110_2020,age_band,2,0.2423469387755102,0.21100917431192662,0.03133776446358358,35-55
oulad_EEE_2014J,OULAD,transferred,zambia_ICT1110_2020,highest_education,3,0.26108374384236455,0.21782178217821782,0.043261961664146725,Lower Than A Level
oulad_EEE_2014J,OULAD,transferred,zambia_ICT1110_2021,gender,2,0.16666666666666666,0.1527777777777778,0.013888888888888867,F
oulad_EEE_2014J,OULAD,transferred,zambia_ICT1110_2021,imd_band,10,0.24561403508771928,0.10638297872340426,0.13923105636431504,50-60%
oulad_EEE_2014J,OULAD,transferred,zambia_ICT1110_2021,disability,2,0.1891891891891892,0.16274089935760172,0.02644828983158748,N
oulad_EEE_2014J,OULAD,transferred,zambia_ICT1110_2021,age_band,2,0.1834862385321101,0.16071428571428573,0.022771952817824376,0-35
oulad_EEE_2014J,OULAD,transferred,zambia_ICT1110_2021,highest_education,3,0.1724137931034483,0.16336633663366337,0.009047456469784915,Lower Than A Level
oulad_EEE_2014J,OULAD,transferred,oviedo_C1112_1415,gender,2,0.4722222222222222,0.4537037037037037,0.01851851851851849,M
oulad_EEE_2014J,OULAD,transferred,oviedo_C1112_1415,imd_band,10,0.6333333333333333,0.3508771929824561,0.2824561403508772,30-40%
oulad_EEE_2014J,OULAD,transferred,oviedo_C1112_1415,disability,2,0.4594594594594595,0.45610278372591007,0.003356675733549419,N
oulad_EEE_2014J,OULAD,transferred,oviedo_C1112_1415,age_band,2,0.4846938775510204,0.3486238532110092,0.1360700243400112,35-55
oulad_EEE_2014J,OULAD,transferred,oviedo_C1112_1415,highest_education,3,0.4801980198019802,0.42857142857142855,0.05162659123055163,A Level or Equivalent
oulad_EEE_2014J,OULAD,transferred,oviedo_C1127_1415,gender,2,0.5,0.4236111111111111,0.0763888888888889,M
oulad_EEE_2014J,OULAD,transferred,oviedo_C1127_1415,imd_band,10,0.5573770491803278,0.3333333333333333,0.2240437158469945,0-10%
oulad_EEE_2014J,OULAD,transferred,oviedo_C1127_1415,disability,2,0.4864864864864865,0.430406852248394,0.056079634238092535,N
oulad_EEE_2014J,OULAD,transferred,oviedo_C1127_1415,age_band,2,0.4489795918367347,0.3761467889908257,0.07283280284590898,35-55
oulad_EEE_2014J,OULAD,transferred,oviedo_C1127_1415,highest_education,3,0.47029702970297027,0.367816091954023,0.10248093774894729,HE Qualification
oulad_EEE_2014J,OULAD,transferred,oviedo_C1200_1415,gender,2,0.44675925925925924,0.4166666666666667,0.03009259259259256,F
oulad_EEE_2014J,OULAD,transferred,oviedo_C1200_1415,imd_band,10,0.5319148936170213,0.3333333333333333,0.19858156028368795,30-40%
oulad_EEE_2014J,OULAD,transferred,oviedo_C1200_1415,disability,2,0.5405405405405406,0.4346895074946467,0.10585103304589388,N
oulad_EEE_2014J,OULAD,transferred,oviedo_C1200_1415,age_band,2,0.4719387755102041,0.3394495412844037,0.1324892342258004,35-55
oulad_EEE_2014J,OULAD,transferred,oviedo_C1200_1415,highest_education,3,0.49504950495049505,0.40229885057471265,0.0927506543757824,HE Qualification
oulad_EEE_2014J,OULAD,transferred,oviedo_C1303_1415,gender,2,0.4375,0.4305555555555556,0.00694444444444442,F
oulad_EEE_2014J,OULAD,transferred,oviedo_C1303_1415,imd_band,10,0.5106382978723404,0.3137254901960784,0.19691280767626196,0-10%
oulad_EEE_2014J,OULAD,transferred,oviedo_C1303_1415,disability,2,0.43897216274089934,0.40540540540540543,0.03356675733549391,Y
oulad_EEE_2014J,OULAD,transferred,oviedo_C1303_1415,age_band,2,0.461734693877551,0.3302752293577982,0.13145946451975282,35-55
oulad_EEE_2014J,OULAD,transferred,oviedo_C1303_1415,highest_education,3,0.4900990099009901,0.39901477832512317,0.09108423157586693,A Level or Equivalent
oulad_EEE_2014J,OULAD,transferred,oviedo_C174_1415,gender,2,0.2152777777777778,0.1527777777777778,0.0625,F
oulad_EEE_2014J,OULAD,transferred,oviedo_C174_1415,imd_band,10,0.35135135135135137,0.14754098360655737,0.203810367744794,10-20
oulad_EEE_2014J,OULAD,transferred,oviedo_C174_1415,disability,2,0.21621621621621623,0.20556745182012848,0.010648764396087751,N
oulad_EEE_2014J,OULAD,transferred,oviedo_C174_1415,age_band,2,0.3486238532110092,0.1683673469387755,0.1802565062722337,0-35
oulad_EEE_2014J,OULAD,transferred,oviedo_C174_1415,highest_education,3,0.25287356321839083,0.18811881188118812,0.06475475133720271,Lower Than A Level
oulad_EEE_2014J,OULAD,transferred,oviedo_C190_1415,gender,2,0.19444444444444445,0.13194444444444445,0.0625,M
oulad_EEE_2014J,OULAD,transferred,oviedo_C190_1415,imd_band,10,0.2631578947368421,0.06666666666666667,0.19649122807017544,90-100%
oulad_EEE_2014J,OULAD,transferred,oviedo_C190_1415,disability,2,0.1891891891891892,0.13704496788008566,0.05214422130910354,N
oulad_EEE_2014J,OULAD,transferred,oviedo_C190_1415,age_band,2,0.1743119266055046,0.1326530612244898,0.04165886538101479,0-35
oulad_EEE_2014J,OULAD,transferred,oviedo_C190_1415,highest_education,3,0.14356435643564355,0.13793103448275862,0.005633321952884934,A Level or Equivalent
oulad_EEE_2014J,OULAD,transferred,oviedo_C1978_1415,gender,2,0.09722222222222222,0.05787037037037037,0.03935185185185185,M
oulad_EEE_2014J,OULAD,transferred,oviedo_C1978_1415,imd_band,10,0.11764705882352941,0.02702702702702703,0.09062003179650238,80-90%
oulad_EEE_2014J,OULAD,transferred,oviedo_C1978_1415,disability,2,0.06852248394004283,0.0,0.06852248394004283,Y
oulad_EEE_2014J,OULAD,transferred,oviedo_C1978_1415,age_band,2,0.07339449541284404,0.061224489795918366,0.012170005616925675,0-35
oulad_EEE_2014J,OULAD,transferred,oviedo_C1978_1415,highest_education,3,0.08045977011494253,0.04455445544554455,0.035905314669397975,Lower Than A Level
oulad_EEE_2014J,OULAD,transferred,oviedo_C2011_1415,gender,2,0.2638888888888889,0.2569444444444444,0.006944444444444475,M
oulad_EEE_2014J,OULAD,transferred,oviedo_C2011_1415,imd_band,10,0.3333333333333333,0.16666666666666666,0.16666666666666666,90-100%
oulad_EEE_2014J,OULAD,transferred,oviedo_C2011_1415,disability,2,0.2702702702702703,0.2569593147751606,0.013310955495109689,N
oulad_EEE_2014J,OULAD,transferred,oviedo_C2011_1415,age_band,2,0.27522935779816515,0.25255102040816324,0.022678337390001913,0-35
oulad_EEE_2014J,OULAD,transferred,oviedo_C2011_1415,highest_education,3,0.28217821782178215,0.22988505747126436,0.05229316035051779,HE Qualification
oulad_EEE_2014J,OULAD,transferred,oviedo_C2024_1415,gender,2,0.4583333333333333,0.4212962962962963,0.037037037037037035,M
oulad_EEE_2014J,OULAD,transferred,oviedo_C2024_1415,imd_band,10,0.5245901639344263,0.3157894736842105,0.20880069025021575,30-40%
oulad_EEE_2014J,OULAD,transferred,oviedo_C2024_1415,disability,2,0.430406852248394,0.3783783783783784,0.05202847387001558,Y
oulad_EEE_2014J,OULAD,transferred,oviedo_C2024_1415,age_band,2,0.4489795918367347,0.3486238532110092,0.1003557386257255,35-55
oulad_EEE_2014J,OULAD,transferred,oviedo_C2024_1415,highest_education,3,0.47126436781609193,0.41379310344827586,0.05747126436781608,A Level or Equivalent
oulad_EEE_2014J,OULAD,transferred,oviedo_C2150_1415,gender,2,0.45601851851851855,0.3611111111111111,0.09490740740740744,F
oulad_EEE_2014J,OULAD,transferred,oviedo_C2150_1415,imd_band,10,0.5409836065573771,0.32558139534883723,0.21540221120853986,60-70%
oulad_EEE_2014J,OULAD,transferred,oviedo_C2150_1415,disability,2,0.4864864864864865,0.43897216274089934,0.04751432374558717,N
oulad_EEE_2014J,OULAD,transferred,oviedo_C2150_1415,age_band,2,0.4642857142857143,0.3577981651376147,0.1064875491480996,35-55
oulad_EEE_2014J,OULAD,transferred,oviedo_C2150_1415,highest_education,3,0.46534653465346537,0.4187192118226601,0.046627322830805285,A Level or Equivalent
oulad_EEE_2014J,OULAD,transferred,oviedo_C2271_1415,gender,2,0.3912037037037037,0.375,0.01620370370370372,F
oulad_EEE_2014J,OULAD,transferred,oviedo_C2271_1415,imd_band,10,0.47540983606557374,0.2807017543859649,0.19470808167960885,30-40%
oulad_EEE_2014J,OULAD,transferred,oviedo_C2271_1415,disability,2,0.39186295503211993,0.35135135135135137,0.04051160368076856,Y
oulad_EEE_2014J,OULAD,transferred,oviedo_C2271_1415,age_band,2,0.41836734693877553,0.28440366972477066,0.13396367721400487,35-55
oulad_EEE_2014J,OULAD,transferred,oviedo_C2271_1415,highest_education,3,0.4367816091954023,0.37438423645320196,0.06239737274220036,A Level or Equivalent
oulad_EEE_2014J,OULAD,transferred,oviedo_C2335_1415,gender,2,0.2777777777777778,0.2638888888888889,0.013888888888888895,F
oulad_EEE_2014J,OULAD,transferred,oviedo_C2335_1415,imd_band,10,0.3829787234042553,0.19607843137254902,0.1869002920317063,0-10%
oulad_EEE_2014J,OULAD,transferred,oviedo_C2335_1415,disability,2,0.278372591006424,0.24324324324324326,0.03512934776318072,Y
oulad_EEE_2014J,OULAD,transferred,oviedo_C2335_1415,age_band,2,0.288265306122449,0.23853211009174313,0.04973319603070586,35-55
oulad_EEE_2014J,OULAD,transferred,oviedo_C2335_1415,highest_education,3,0.3103448275862069,0.19540229885057472,0.11494252873563218,HE Qualification
oulad_EEE_2014J,OULAD,transferred,oviedo_C2406_1415,gender,2,0.5,0.42592592592592593,0.07407407407407407,M
oulad_EEE_2014J,OULAD,transferred,oviedo_C2406_1415,imd_band,10,0.5409836065573771,0.2631578947368421,0.277825711820535,30-40%
oulad_EEE_2014J,OULAD,transferred,oviedo_C2406_1415,disability,2,0.4864864864864865,0.43254817987152033,0.05393830661496618,N
oulad_EEE_2014J,OULAD,transferred,oviedo_C2406_1415,age_band,2,0.45918367346938777,0.3486238532110092,0.11055982025837857,35-55
oulad_EEE_2014J,OULAD,transferred,oviedo_C2406_1415,highest_education,3,0.47126436781609193,0.4039408866995074,0.06732348111658454,A Level or Equivalent
oulad_EEE_2014J,OULAD,transferred,oviedo_C2468_1415,gender,2,0.3888888888888889,0.3726851851851852,0.01620370370370372,M
oulad_EEE_2014J,OULAD,transferred,oviedo_C2468_1415,imd_band,10,0.4666666666666667,0.24561403508771928,0.2210526315789474,30-40%
oulad_EEE_2014J,OULAD,transferred,oviedo_C2468_1415,disability,2,0.37687366167023556,0.35135135135135137,0.02552231031888419,Y
oulad_EEE_2014J,OULAD,transferred,oviedo_C2468_1415,age_band,2,0.4005102040816326,0.28440366972477066,0.11610653435686197,35-55
oulad_EEE_2014J,OULAD,transferred,oviedo_C2468_1415,highest_education,3,0.41379310344827586,0.3497536945812808,0.06403940886699505,A Level or Equivalent
oulad_EEE_2014J,OULAD,transferred,oviedo_C2607_1415,gender,2,0.4305555555555556,0.39351851851851855,0.037037037037037035,M
oulad_EEE_2014J,OULAD,transferred,oviedo_C2607_1415,imd_band,10,0.5409836065573771,0.2631578947368421,0.277825711820535,30-40%
oulad_EEE_2014J,OULAD,transferred,oviedo_C2607_1415,disability,2,0.5135135135135135,0.3897216274089936,0.12379188610451991,N
oulad_EEE_2014J,OULAD,transferred,oviedo_C2607_1415,age_band,2,0.41836734693877553,0.3211009174311927,0.09726642950758285,35-55
oulad_EEE_2014J,OULAD,transferred,oviedo_C2607_1415,highest_education,3,0.45977011494252873,0.35960591133004927,0.10016420361247946,A Level or Equivalent
oulad_EEE_2014J,OULAD,transferred,oviedo_C3022_1415,gender,2,0.3194444444444444,0.2824074074074074,0.037037037037037035,M
oulad_EEE_2014J,OULAD,transferred,oviedo_C3022_1415,imd_band,10,0.34210526315789475,0.21621621621621623,0.12588904694167852,80-90%
oulad_EEE_2014J,OULAD,transferred,oviedo_C3022_1415,disability,2,0.29978586723768735,0.13513513513513514,0.1646507321025522,Y
oulad_EEE_2014J,OULAD,transferred,oviedo_C3022_1415,age_band,2,0.29591836734693877,0.25688073394495414,0.03903763340198463,35-55
oulad_EEE_2014J,OULAD,transferred,oviedo_C3022_1415,highest_education,3,0.297029702970297,0.27586206896551724,0.02116763400477978,HE Qualification
oulad_EEE_2014J,OULAD,transferred,oviedo_C3029_1415,gender,2,0.3101851851851852,0.2916666666666667,0.01851851851851849,F
oulad_EEE_2014J,OULAD,transferred,oviedo_C3029_1415,imd_band,10,0.5,0.20930232558139536,0.2906976744186046,60-70%
oulad_EEE_2014J,OULAD,transferred,oviedo_C3029_1415,disability,2,0.3083511777301927,0.2972972972972973,0.011053880432895402,Y
oulad_EEE_2014J,OULAD,transferred,oviedo_C3029_1415,age_band,2,0.3086734693877551,0.29357798165137616,0.01509548773637892,35-55
oulad_EEE_2014J,OULAD,transferred,oviedo_C3029_1415,highest_education,3,0.3316831683168317,0.2413793103448276,0.0903038579720041,HE Qualification
oulad_EEE_2014J,OULAD,transferred,oviedo_C4189_1415,gender,2,0.1574074074074074,0.125,0.03240740740740741,F
oulad_EEE_2014J,OULAD,transferred,oviedo_C4189_1415,imd_band,10,0.20930232558139536,0.06666666666666667,0.14263565891472868,90-100%
oulad_EEE_2014J,OULAD,transferred,oviedo_C4189_1415,disability,2,0.15845824411134904,0.08108108108108109,0.07737716303026795,Y
oulad_EEE_2014J,OULAD,transferred,oviedo_C4189_1415,age_band,2,0.29357798165137616,0.11479591836734694,0.17878206328402924,0-35
oulad_EEE_2014J,OULAD,transferred,oviedo_C4189_1415,highest_education,3,0.1839080459770115,0.13793103448275862,0.04597701149425287,A Level or Equivalent
oulad_EEE_2014J,OULAD,transferred,oviedo_C4213_1415,gender,2,0.3912037037037037,0.3888888888888889,0.002314814814814825,F
oulad_EEE_2014J,OULAD,transferred,oviedo_C4213_1415,imd_band,10,0.5245901639344263,0.3023255813953488,0.22226458253907744,60-70%
oulad_EEE_2014J,OULAD,transferred,oviedo_C4213_1415,disability,2,0.4864864864864865,0.38329764453961457,0.10318884194687195,N
oulad_EEE_2014J,OULAD,transferred,oviedo_C4213_1415,age_band,2,0.41581632653061223,0.30275229357798167,0.11306403295263057,35-55
oulad_EEE_2014J,OULAD,transferred,oviedo_C4213_1415,highest_education,3,0.41379310344827586,0.367816091954023,0.04597701149425287,HE Qualification
oulad_EEE_2014J,OULAD,transferred,oviedo_C836_1415,gender,2,0.4513888888888889,0.4305555555555556,0.020833333333333315,F
oulad_EEE_2014J,OULAD,transferred,oviedo_C836_1415,imd_band,10,0.5573770491803278,0.3137254901960784,0.2436515589842494,0-10%
oulad_EEE_2014J,OULAD,transferred,oviedo_C836_1415,disability,2,0.5135135135135135,0.44325481798715205,0.07025869552636144,N
oulad_EEE_2014J,OULAD,transferred,oviedo_C836_1415,age_band,2,0.461734693877551,0.3944954128440367,0.06723928103351429,35-55
oulad_EEE_2014J,OULAD,transferred,oviedo_C836_1415,highest_education,3,0.5287356321839081,0.3842364532019704,0.14449917898193765,A Level or Equivalent
oulad_FFF_2013B,OULAD,local,oulad_FFF_2013B,gender,2,0.38880706921944036,0.38562091503267976,0.0031861541867606036,F
oulad_FFF_2013B,OULAD,local,oulad_FFF_2013B,imd_band,10,0.5,0.30612244897959184,0.19387755102040816,60-70%
oulad_FFF_2013B,OULAD,local,oulad_FFF_2013B,disability,2,0.3921832884097035,0.35555555555555557,0.03662773285414794,Y
oulad_FFF_2013B,OULAD,local,oulad_FFF_2013B,age_band,2,0.42410714285714285,0.375,0.04910714285714285,0-35
oulad_FFF_2013B,OULAD,local,oulad_FFF_2013B,highest_education,3,0.4143920595533499,0.3606060606060606,0.053785998947289304,A Level or Equivalent
oulad_FFF_2013B,OULAD,transferred,ku_Accountancy_1819,gender,2,0.3137254901960784,0.28276877761413843,0.030956712581939994,M
oulad_FFF_2013B,OULAD,transferred,ku_Accountancy_1819,imd_band,10,0.38333333333333336,0.19402985074626866,0.1893034825870647,40-50%
oulad_FFF_2013B,OULAD,transferred,ku_Accountancy_1819,disability,2,0.29110512129380056,0.26666666666666666,0.0244384546271339,Y
oulad_FFF_2013B,OULAD,transferred,ku_Accountancy_1819,age_band,2,0.31085526315789475,0.22767857142857142,0.08317669172932332,35-55
oulad_FFF_2013B,OULAD,transferred,ku_Accountancy_1819,highest_education,3,0.30606060606060603,0.2222222222222222,0.08383838383838382,HE Qualification
oulad_FFF_2013B,OULAD,transferred,ku_Globaleconom_1819,gender,2,0.37260677466863035,0.3333333333333333,0.03927344133529703,F
oulad_FFF_2013B,OULAD,transferred,ku_Globaleconom_1819,imd_band,10,0.44,0.24489795918367346,0.19510204081632654,60-70%
oulad_FFF_2013B,OULAD,transferred,ku_Globaleconom_1819,disability,2,0.3692722371967655,0.3333333333333333,0.03593890386343218,Y
oulad_FFF_2013B,OULAD,transferred,ku_Globaleconom_1819,age_band,2,0.3881578947368421,0.30357142857142855,0.08458646616541354,35-55
oulad_FFF_2013B,OULAD,transferred,ku_Globaleconom_1819,highest_education,3,0.38461538461538464,0.3333333333333333,0.05128205128205132,HE Qualification
oulad_FFF_2013B,OULAD,transferred,ku_Accountancy_1920,gender,2,0.09803921568627451,0.08247422680412371,0.015564988882150799,M
oulad_FFF_2013B,OULAD,transferred,ku_Accountancy_1920,imd_band,10,0.12371134020618557,0.039473684210526314,0.08423765599565926,70-80%
oulad_FFF_2013B,OULAD,transferred,ku_Accountancy_1920,disability,2,0.13333333333333333,0.07951482479784366,0.05381850853548967,N
oulad_FFF_2013B,OULAD,transferred,ku_Accountancy_1920,age_band,2,0.11160714285714286,0.0756578947368421,0.03594924812030076,0-35
oulad_FFF_2013B,OULAD,transferred,ku_Accountancy_1920,highest_education,3,0.13580246913580246,0.0794044665012407,0.05639800263456177,Lower Than A Level
oulad_FFF_2013B,OULAD,transferred,ku_Globaleconom_1920,gender,2,0.3431516936671576,0.27450980392156865,0.06864188974558894,F
oulad_FFF_2013B,OULAD,transferred,ku_Globaleconom_1920,imd_band,10,0.4166666666666667,0.24489795918367346,0.17176870748299322,60-70%
oulad_FFF_2013B,OULAD,transferred,ku_Globaleconom_1920,disability,2,0.33153638814016173,0.32222222222222224,0.009314165917939488,Y
oulad_FFF_2013B,OULAD,transferred,ku_Globaleconom_1920,age_band,2,0.33881578947368424,0.3080357142857143,0.030780075187969935,35-55
oulad_FFF_2013B,OULAD,transferred,ku_Globaleconom_1920,highest_education,3,0.41975308641975306,0.3181818181818182,0.10157126823793489,A Level or Equivalent
oulad_FFF_2013B,OULAD,transferred,ku_Accountancy_2021,gender,2,0.3202614379084967,0.28865979381443296,0.03160164409406374,M
oulad_FFF_2013B,OULAD,transferred,ku_Accountancy_2021,imd_band,10,0.39473684210526316,0.22388059701492538,0.17085624509033778,40-50%
oulad_FFF_2013B,OULAD,transferred,ku_Accountancy_2021,disability,2,0.29649595687331537,0.2777777777777778,0.01871817909553758,Y
oulad_FFF_2013B,OULAD,transferred,ku_Accountancy_2021,age_band,2,0.3157894736842105,0.23660714285714285,0.07918233082706766,35-55
oulad_FFF_2013B,OULAD,transferred,ku_Accountancy_2021,highest_education,3,0.32727272727272727,0.19753086419753085,0.12974186307519642,HE Qualification
oulad_FFF_2013B,OULAD,transferred,ku_Globaleconom_2021,gender,2,0.35640648011782033,0.33986928104575165,0.016537199072068687,F
oulad_FFF_2013B,OULAD,transferred,ku_Globaleconom_2021,imd_band,10,0.48333333333333334,0.24489795918367346,0.23843537414965987,60-70%
oulad_FFF_2013B,OULAD,transferred,ku_Globaleconom_2021,disability,2,0.3584905660377358,0.3111111111111111,0.04737945492662471,Y
oulad_FFF_2013B,OULAD,transferred,ku_Globaleconom_2021,age_band,2,0.3651315789473684,0.32142857142857145,0.043703007518796966,35-55
oulad_FFF_2013B,OULAD,transferred,ku_Globaleconom_2021,highest_education,3,0.3606060606060606,0.34987593052109184,0.010730130084968759,Lower Than A Level
oulad_FFF_2013B,OULAD,transferred,ukzn_ISTN101_2019,gender,2,0.23269513991163476,0.1895424836601307,0.04315265625150405,F
oulad_FFF_2013B,OULAD,transferred,ukzn_ISTN101_2019,imd_band,10,0.29850746268656714,0.14473684210526316,0.15377062058130397,70-80%
oulad_FFF_2013B,OULAD,transferred,ukzn_ISTN101_2019,disability,2,0.22641509433962265,0.2111111111111111,0.015303983228511536,Y
oulad_FFF_2013B,OULAD,transferred,ukzn_ISTN101_2019,age_band,2,0.2857142857142857,0.20230263157894737,0.08341165413533833,0-35
oulad_FFF_2013B,OULAD,transferred,ukzn_ISTN101_2019,highest_education,3,0.2716049382716049,0.21818181818181817,0.05342312008978675,A Level or Equivalent
oulad_FFF_2013B,OULAD,transferred,ukzn_ISTN101_2020,gender,2,0.35198821796759944,0.3006535947712418,0.05133462319635762,F
oulad_FFF_2013B,OULAD,transferred,ukzn_ISTN101_2020,imd_band,10,0.42342342342342343,0.22448979591836735,0.19893362750505608,60-70%
oulad_FFF_2013B,OULAD,transferred,ukzn_ISTN101_2020,disability,2,0.3504043126684636,0.2777777777777778,0.07262653489068582,Y
oulad_FFF_2013B,OULAD,transferred,ukzn_ISTN101_2020,age_band,2,0.3569078947368421,0.30357142857142855,0.05333646616541354,35-55
oulad_FFF_2013B,OULAD,transferred,ukzn_ISTN101_2020,highest_education,3,0.3573200992555831,0.32098765432098764,0.036332444934595476,HE Qualification
oulad_FFF_2013B,OULAD,transferred,ukzn_ISTN101_2021,gender,2,0.36671575846833576,0.33986928104575165,0.026846477422584114,F
oulad_FFF_2013B,OULAD,transferred,ukzn_ISTN101_2021,imd_band,10,0.45,0.20408163265306123,0.24591836734693878,60-70%
oulad_FFF_2013B,OULAD,transferred,ukzn_ISTN101_2021,disability,2,0.36792452830188677,0.3111111111111111,0.05681341719077565,Y
oulad_FFF_2013B,OULAD,transferred,ukzn_ISTN101_2021,age_band,2,0.3782894736842105,0.3169642857142857,0.06132518796992481,35-55
oulad_FFF_2013B,OULAD,transferred,ukzn_ISTN101_2021,highest_education,3,0.369727047146402,0.3333333333333333,0.03639371381306866,HE Qualification
oulad_FFF_2013B,OULAD,transferred,ukzn_ISTN102_2018,gender,2,0.3660130718954248,0.36524300441826213,0.0007700674771626836,M
oulad_FFF_2013B,OULAD,transferred,ukzn_ISTN102_2018,imd_band,10,0.4666666666666667,0.1836734693877551,0.2829931972789116,60-70%
oulad_FFF_2013B,OULAD,transferred,ukzn_ISTN102_2018,disability,2,0.36792452830188677,0.34444444444444444,0.023480083857442324,Y
oulad_FFF_2013B,OULAD,transferred,ukzn_ISTN102_2018,age_band,2,0.3782894736842105,0.33035714285714285,0.04793233082706766,35-55
oulad_FFF_2013B,OULAD,transferred,ukzn_ISTN102_2018,highest_education,3,0.3746898263027295,0.3333333333333333,0.0413564929693962,HE Qualification
oulad_FFF_2013B,OULAD,transferred,ukzn_ISTN103_2019,gender,2,0.39869281045751637,0.3078055964653903,0.09088721399212607,M
oulad_FFF_2013B,OULAD,transferred,ukzn_ISTN103_2019,imd_band,10,0.3815789473684211,0.22388059701492538,0.1576983503534957,40-50%
oulad_FFF_2013B,OULAD,transferred,ukzn_ISTN103_2019,disability,2,0.36666666666666664,0.3194070080862534,0.047259658580413255,N
oulad_FFF_2013B,OULAD,transferred,ukzn_ISTN103_2019,age_band,2,0.33482142857142855,0.3207236842105263,0.01409774436090222,0-35
oulad_FFF_2013B,OULAD,transferred,ukzn_ISTN103_2019,highest_education,3,0.36476426799007444,0.2787878787878788,0.08597638920219564,A Level or Equivalent
oulad_FFF_2013B,OULAD,transferred,ukzn_ISTN103_2020,gender,2,0.35294117647058826,0.34167893961708395,0.011262236853504304,M
oulad_FFF_2013B,OULAD,transferred,ukzn_ISTN103_2020,imd_band,10,0.42718446601941745,0.22448979591836735,0.2026946701010501,60-70%
oulad_FFF_2013B,OULAD,transferred,ukzn_ISTN103_2020,disability,2,0.3477088948787062,0.3111111111111111,0.03659778376759509,Y
oulad_FFF_2013B,OULAD,transferred,ukzn_ISTN103_2020,age_band,2,0.3519736842105263,0.32142857142857145,0.030545112781954875,35-55
oulad_FFF_2013B,OULAD,transferred,ukzn_ISTN103_2020,highest_education,3,0.35802469135802467,0.3212121212121212,0.036812570145903445,A Level or Equivalent
oulad_FFF_2013B,OULAD,transferred,ukzn_ISTN211_2019,gender,2,0.16993464052287582,0.11634756995581738,0.05358707056705844,M
oulad_FFF_2013B,OULAD,transferred,ukzn_ISTN211_2019,imd_band,10,0.18421052631578946,0.08737864077669903,0.09683188553909043,20-30%
oulad_FFF_2013B,OULAD,transferred,ukzn_ISTN211_2019,disability,2,0.1347708894878706,0.05555555555555555,0.07921533393231506,Y
oulad_FFF_2013B,OULAD,transferred,ukzn_ISTN211_2019,age_band,2,0.14732142857142858,0.11842105263157894,0.028900375939849635,0-35
oulad_FFF_2013B,OULAD,transferred,ukzn_ISTN211_2019,highest_education,3,0.14640198511166252,0.08641975308641975,0.059982232025242777,HE Qualification
oulad_FFF_2013B,OULAD,transferred,ukzn_ISTN211_2021,gender,2,0.3593519882179676,0.33986928104575165,0.01948270717221595,F
oulad_FFF_2013B,OULAD,transferred,ukzn_ISTN211_2021,imd_band,10,0.42718446601941745,0.26804123711340205,0.1591432289060154,30-40%
oulad_FFF_2013B,OULAD,transferred,ukzn_ISTN211_2021,disability,2,0.3638814016172507,0.28888888888888886,0.07499251272836183,Y
oulad_FFF_2013B,OULAD,transferred,ukzn_ISTN211_2021,age_band,2,0.36607142857142855,0.3519736842105263,0.01409774436090222,0-35
oulad_FFF_2013B,OULAD,transferred,ukzn_ISTN211_2021,highest_education,3,0.3950617283950617,0.3303030303030303,0.06475869809203139,A Level or Equivalent
oulad_FFF_2013B,OULAD,transferred,ukzn_ISTN212_2018,gender,2,0.36082474226804123,0.3333333333333333,0.027491408934707917,F
oulad_FFF_2013B,OULAD,transferred,ukzn_ISTN212_2018,imd_band,10,0.4666666666666667,0.2653061224489796,0.20136054421768707,60-70%
oulad_FFF_2013B,OULAD,transferred,ukzn_ISTN212_2018,disability,2,0.35714285714285715,0.34444444444444444,0.012698412698412709,Y
oulad_FFF_2013B,OULAD,transferred,ukzn_ISTN212_2018,age_band,2,0.3618421052631579,0.3392857142857143,0.022556390977443608,35-55
oulad_FFF_2013B,OULAD,transferred,ukzn_ISTN212_2018,highest_education,3,0.4567901234567901,0.3393939393939394,0.11739618406285068,A Level or Equivalent
oulad_FFF_2013B,OULAD,transferred,ukzn_ISTN212_2019,gender,2,0.3790849673202614,0.374079528718704,0.005005438601557444,M
oulad_FFF_2013B,OULAD,transferred,ukzn_ISTN212_2019,imd_band,10,0.45,0.2653061224489796,0.1846938775510204,60-70%
oulad_FFF_2013B,OULAD,transferred,ukzn_ISTN212_2019,disability,2,0.37735849056603776,0.35555555555555557,0.021802935010482194,Y
oulad_FFF_2013B,OULAD,transferred,ukzn_ISTN212_2019,age_band,2,0.37993421052631576,0.36160714285714285,0.018327067669172914,35-55
oulad_FFF_2013B,OULAD,transferred,ukzn_ISTN212_2019,highest_education,3,0.38213399503722084,0.3606060606060606,0.021527934431160245,A Level or Equivalent
oulad_FFF_2013B,OULAD,transferred,ukzn_ISTN2IP_2018,gender,2,0.3660130718954248,0.3593519882179676,0.0066610836774572135,M
oulad_FFF_2013B,OULAD,transferred,ukzn_ISTN2IP_2018,imd_band,10,0.44660194174757284,0.2857142857142857,0.16088765603328714,60-70%
oulad_FFF_2013B,OULAD,transferred,ukzn_ISTN2IP_2018,disability,2,0.3638814016172507,0.3333333333333333,0.030548068283917373,Y
oulad_FFF_2013B,OULAD,transferred,ukzn_ISTN2IP_2018,age_band,2,0.3684210526315789,0.3392857142857143,0.029135338345864625,35-55
oulad_FFF_2013B,OULAD,transferred,ukzn_ISTN2IP_2018,highest_education,3,0.3950617283950617,0.3424317617866005,0.0526299666084612,Lower Than A Level
oulad_FFF_2013B,OULAD,transferred,ukzn_ISTN2IP_2019,gender,2,0.3333333333333333,0.3225331369661267,0.010800196367206638,M
oulad_FFF_2013B,OULAD,transferred,ukzn_ISTN2IP_2019,imd_band,10,0.42105263157894735,0.22388059701492538,0.19717203456402196,40-50%
oulad_FFF_2013B,OULAD,transferred,ukzn_ISTN2IP_2019,disability,2,0.3247978436657682,0.32222222222222224,0.00257562144354595,Y
oulad_FFF_2013B,OULAD,transferred,ukzn_ISTN2IP_2019,age_band,2,0.34868421052631576,0.25892857142857145,0.08975563909774431,35-55
oulad_FFF_2013B,OULAD,transferred,ukzn_ISTN2IP_2019,highest_education,3,0.3424317617866005,0.24691358024691357,0.09551818153968694,HE Qualification
oulad_FFF_2013B,OULAD,transferred,ukzn_ISTN3ND_2018,gender,2,0.34609720176730485,0.27450980392156865,0.0715873978457362,F
oulad_FFF_2013B,OULAD,transferred,ukzn_ISTN3ND_2018,imd_band,10,0.4,0.20408163265306123,0.1959183673469388,60-70%
oulad_FFF_2013B,OULAD,transferred,ukzn_ISTN3ND_2018,disability,2,0.33557951482479786,0.3111111111111111,0.02446840371368675,Y
oulad_FFF_2013B,OULAD,transferred,ukzn_ISTN3ND_2018,age_band,2,0.34868421052631576,0.29017857142857145,0.05850563909774431,35-55
oulad_FFF_2013B,OULAD,transferred,ukzn_ISTN3ND_2018,highest_education,3,0.38271604938271603,0.3250620347394541,0.05765401464326192,Lower Than A Level
oulad_FFF_2013B,OULAD,transferred,ukzn_ISTN3ND_2019,gender,2,0.22875816993464052,0.19734904270986744,0.03140912722477307,M
oulad_FFF_2013B,OULAD,transferred,ukzn_ISTN3ND_2019,imd_band,10,0.2537313432835821,0.10526315789473684,0.14846818538884526,70-80%
oulad_FFF_2013B,OULAD,transferred,ukzn_ISTN3ND_2019,disability,2,0.2222222222222222,0.20080862533692723,0.021413596885294983,N
oulad_FFF_2013B,OULAD,transferred,ukzn_ISTN3ND_2019,age_band,2,0.22321428571428573,0.19572368421052633,0.0274906015037594,0-35
oulad_FFF_2013B,OULAD,transferred,ukzn_ISTN3ND_2019,highest_education,3,0.2716049382716049,0.18484848484848485,0.08675645342312008,A Level or Equivalent
oulad_FFF_2013B,OULAD,transferred,ukzn_ISTN3SA_2018,gender,2,0.21649484536082475,0.21568627450980393,0.0008085708510208178,F
oulad_FFF_2013B,OULAD,transferred,ukzn_ISTN3SA_2018,imd_band,10,0.27631578947368424,0.1134020618556701,0.16291372761801415,30-40%
oulad_FFF_2013B,OULAD,transferred,ukzn_ISTN3SA_2018,disability,2,0.2183288409703504,0.2,0.018328840970350396,Y
oulad_FFF_2013B,OULAD,transferred,ukzn_ISTN3SA_2018,age_band,2,0.22767857142857142,0.21217105263157895,0.01550751879699247,0-35
oulad_FFF_2013B,OULAD,transferred,ukzn_ISTN3SA_2018,highest_education,3,0.22727272727272727,0.1728395061728395,0.05443322109988777,HE Qualification
oulad_FFF_2013B,OULAD,transferred,ukzn_ISTN3SA_2019,gender,2,0.39869281045751637,0.33431516936671574,0.06437764109080063,M
oulad_FFF_2013B,OULAD,transferred,ukzn_ISTN3SA_2019,imd_band,10,0.42,0.23880597014925373,0.18119402985074626,40-50%
oulad_FFF_2013B,OULAD,transferred,ukzn_ISTN3SA_2019,disability,2,0.3584905660377358,0.24444444444444444,0.11404612159329139,Y
oulad_FFF_2013B,OULAD,transferred,ukzn_ISTN3SA_2019,age_band,2,0.3536184210526316,0.32589285714285715,0.02772556390977443,35-55
oulad_FFF_2013B,OULAD,transferred,ukzn_ISTN3SA_2019,highest_education,3,0.3523573200992556,0.3333333333333333,0.019023986765922263,HE Qualification
oulad_FFF_2013B,OULAD,transferred,zambia_ICT1110_2020,gender,2,0.36229749631811486,0.32679738562091504,0.03550011069719983,F
oulad_FFF_2013B,OULAD,transferred,zambia_ICT1110_2020,imd_band,10,0.4174757281553398,0.24489795918367346,0.17257776897166632,60-70%
oulad_FFF_2013B,OULAD,transferred,zambia_ICT1110_2020,disability,2,0.3557951482479784,0.35555555555555557,0.00023959269242285197,Y
oulad_FFF_2013B,OULAD,transferred,zambia_ICT1110_2020,age_band,2,0.35855263157894735,0.3482142857142857,0.010338345864661647,35-55
oulad_FFF_2013B,OULAD,transferred,zambia_ICT1110_2020,highest_education,3,0.37037037037037035,0.3424242424242424,0.02794612794612794,A Level or Equivalent
oulad_FFF_2013B,OULAD,transferred,zambia_ICT1110_2021,gender,2,0.24836601307189543,0.24153166421207659,0.006834348859818845,M
oulad_FFF_2013B,OULAD,transferred,zambia_ICT1110_2021,imd_band,10,0.3026315789473684,0.14,0.1626315789473684,80-90%
oulad_FFF_2013B,OULAD,transferred,zambia_ICT1110_2021,disability,2,0.24393530997304583,0.23333333333333334,0.01060197663971249,Y
oulad_FFF_2013B,OULAD,transferred,zambia_ICT1110_2021,age_band,2,0.26785714285714285,0.23355263157894737,0.034304511278195476,0-35
oulad_FFF_2013B,OULAD,transferred,zambia_ICT1110_2021,highest_education,3,0.30864197530864196,0.228287841191067,0.08035413411757497,Lower Than A Level
oulad_FFF_2013B,OULAD,transferred,oviedo_C1112_1415,gender,2,0.3696612665684831,0.3660130718954248,0.0036481946730582693,F
oulad_FFF_2013B,OULAD,transferred,oviedo_C1112_1415,imd_band,10,0.4368932038834951,0.22448979591836735,0.21240340796512777,60-70%
oulad_FFF_2013B,OULAD,transferred,oviedo_C1112_1415,disability,2,0.3719676549865229,0.34444444444444444,0.027523210542078458,Y
oulad_FFF_2013B,OULAD,transferred,oviedo_C1112_1415,age_band,2,0.37993421052631576,0.3392857142857143,0.04064849624060146,35-55
oulad_FFF_2013B,OULAD,transferred,oviedo_C1112_1415,highest_education,3,0.3746898263027295,0.3575757575757576,0.01711406872697191,A Level or Equivalent
oulad_FFF_2013B,OULAD,transferred,oviedo_C1127_1415,gender,2,0.38144329896907214,0.3464052287581699,0.03503807021090222,F
oulad_FFF_2013B,OULAD,transferred,oviedo_C1127_1415,imd_band,10,0.47572815533980584,0.2653061224489796,0.21042203289082623,60-70%
oulad_FFF_2013B,OULAD,transferred,oviedo_C1127_1415,disability,2,0.37870619946091644,0.34444444444444444,0.034261755016471995,Y
oulad_FFF_2013B,OULAD,transferred,oviedo_C1127_1415,age_band,2,0.375,0.375,0.0,0-35
oulad_FFF_2013B,OULAD,transferred,oviedo_C1127_1415,highest_education,3,0.40694789081885857,0.33636363636363636,0.0705842544552222,A Level or Equivalent
oulad_FFF_2013B,OULAD,transferred,oviedo_C1200_1415,gender,2,0.3660130718954248,0.3593519882179676,0.0066610836774572135,M
oulad_FFF_2013B,OULAD,transferred,oviedo_C1200_1415,imd_band,10,0.46601941747572817,0.2236842105263158,0.24233520694941238,70-80%
oulad_FFF_2013B,OULAD,transferred,oviedo_C1200_1415,disability,2,0.3611859838274933,0.35555555555555557,0.005630428271937715,Y
oulad_FFF_2013B,OULAD,transferred,oviedo_C1200_1415,age_band,2,0.38839285714285715,0.3503289473684211,0.03806390977443608,0-35
oulad_FFF_2013B,OULAD,transferred,oviedo_C1200_1415,highest_education,3,0.3950617283950617,0.33636363636363636,0.05869809203142534,A Level or Equivalent
oulad_FFF_2013B,OULAD,transferred,oviedo_C1303_1415,gender,2,0.3784977908689249,0.33986928104575165,0.03862850982317323,F
oulad_FFF_2013B,OULAD,transferred,oviedo_C1303_1415,imd_band,10,0.48333333333333334,0.2857142857142857,0.19761904761904764,60-70%
oulad_FFF_2013B,OULAD,transferred,oviedo_C1303_1415,disability,2,0.3746630727762803,0.34444444444444444,0.03021862833183586,Y
oulad_FFF_2013B,OULAD,transferred,oviedo_C1303_1415,age_band,2,0.37993421052631576,0.3482142857142857,0.031719924812030065,35-55
oulad_FFF_2013B,OULAD,transferred,oviedo_C1303_1415,highest_education,3,0.3870967741935484,0.3333333333333333,0.05376344086021506,HE Qualification
oulad_FFF_2013B,OULAD,transferred,oviedo_C174_1415,gender,2,0.2549019607843137,0.2533136966126657,0.001588264171648035,M
oulad_FFF_2013B,OULAD,transferred,oviedo_C174_1415,imd_band,10,0.2835820895522388,0.1553398058252427,0.1282422837269961,20-30%
oulad_FFF_2013B,OULAD,transferred,oviedo_C174_1415,disability,2,0.2587601078167116,0.2111111111111111,0.047648996705600494,Y
oulad_FFF_2013B,OULAD,transferred,oviedo_C174_1415,age_band,2,0.3080357142857143,0.23355263157894737,0.07448308270676693,0-35
oulad_FFF_2013B,OULAD,transferred,oviedo_C174_1415,highest_education,3,0.32098765432098764,0.228287841191067,0.09269981312992065,Lower Than A Level
oulad_FFF_2013B,OULAD,transferred,oviedo_C190_1415,gender,2,0.28865979381443296,0.24836601307189543,0.04029378074253753,F
oulad_FFF_2013B,OULAD,transferred,oviedo_C190_1415,imd_band,10,0.35,0.21359223300970873,0.13640776699029125,20-30%
oulad_FFF_2013B,OULAD,transferred,oviedo_C190_1415,disability,2,0.28975741239892183,0.2111111111111111,0.07864630128781072,Y
oulad_FFF_2013B,OULAD,transferred,oviedo_C190_1415,age_band,2,0.2993421052631579,0.23214285714285715,0.06719924812030076,35-55
oulad_FFF_2013B,OULAD,transferred,oviedo_C190_1415,highest_education,3,0.2909090909090909,0.25925925925925924,0.03164983164983165,HE Qualification
oulad_FFF_2013B,OULAD,transferred,oviedo_C1978_1415,gender,2,0.10457516339869281,0.048600883652430045,0.05597427974626277,M
oulad_FFF_2013B,OULAD,transferred,oviedo_C1978_1415,imd_band,10,0.1,0.016666666666666666,0.08333333333333334,90-100%
oulad_FFF_2013B,OULAD,transferred,oviedo_C1978_1415,disability,2,0.13333333333333333,0.04986522911051213,0.0834681042228212,N
oulad_FFF_2013B,OULAD,transferred,oviedo_C1978_1415,age_band,2,0.09375,0.046052631578947366,0.047697368421052634,0-35
oulad_FFF_2013B,OULAD,transferred,oviedo_C1978_1415,highest_education,3,0.09876543209876543,0.04242424242424243,0.056341189674523,A Level or Equivalent
oulad_FFF_2013B,OULAD,transferred,oviedo_C2011_1415,gender,2,0.38562091503267976,0.33136966126656847,0.054251253766111285,M
oulad_FFF_2013B,OULAD,transferred,oviedo_C2011_1415,imd_band,10,0.48,0.2537313432835821,0.22626865671641788,40-50%
oulad_FFF_2013B,OULAD,transferred,oviedo_C2011_1415,disability,2,0.3490566037735849,0.2777777777777778,0.0712788259958071,Y
oulad_FFF_2013B,OULAD,transferred,oviedo_C2011_1415,age_band,2,0.34868421052631576,0.32142857142857145,0.02725563909774431,35-55
oulad_FFF_2013B,OULAD,transferred,oviedo_C2011_1415,highest_education,3,0.34739454094292804,0.3333333333333333,0.014061207609594728,A Level or Equivalent
oulad_FFF_2013B,OULAD,transferred,oviedo_C2024_1415,gender,2,0.36818851251840945,0.32679738562091504,0.04139112689749441,F
oulad_FFF_2013B,OULAD,transferred,oviedo_C2024_1415,imd_band,10,0.48333333333333334,0.1836734693877551,0.2996598639455782,60-70%
oulad_FFF_2013B,OULAD,transferred,oviedo_C2024_1415,disability,2,0.36666666666666664,0.35983827493261455,0.006828391734052086,N
oulad_FFF_2013B,OULAD,transferred,oviedo_C2024_1415,age_band,2,0.37664473684210525,0.3169642857142857,0.059680451127819556,35-55
oulad_FFF_2013B,OULAD,transferred,oviedo_C2024_1415,highest_education,3,0.36724565756823824,0.35454545454545455,0.012700203022783685,A Level or Equivalent
oulad_FFF_2013B,OULAD,transferred,oviedo_C2150_1415,gender,2,0.37702503681885124,0.33986928104575165,0.0371557557730996,F
oulad_FFF_2013B,OULAD,transferred,oviedo_C2150_1415,imd_band,10,0.4666666666666667,0.1836734693877551,0.2829931972789116,60-70%
oulad_FFF_2013B,OULAD,transferred,oviedo_C2150_1415,disability,2,0.3746630727762803,0.3333333333333333,0.04132973944294699,Y
oulad_FFF_2013B,OULAD,transferred,oviedo_C2150_1415,age_band,2,0.3881578947368421,0.32142857142857145,0.06672932330827064,35-55
oulad_FFF_2013B,OULAD,transferred,oviedo_C2150_1415,highest_education,3,0.3746898263027295,0.3606060606060606,0.014083765696668915,A Level or Equivalent
oulad_FFF_2013B,OULAD,transferred,oviedo_C2271_1415,gender,2,0.3122238586156112,0.2875816993464052,0.024642159269205988,F
oulad_FFF_2013B,OULAD,transferred,oviedo_C2271_1415,imd_band,10,0.38144329896907214,0.16326530612244897,0.21817799284662318,60-70%
oulad_FFF_2013B,OULAD,transferred,oviedo_C2271_1415,disability,2,0.3140161725067385,0.25555555555555554,0.058460616951182987,Y
oulad_FFF_2013B,OULAD,transferred,oviedo_C2271_1415,age_band,2,0.31743421052631576,0.28125,0.03618421052631576,35-55
oulad_FFF_2013B,OULAD,transferred,oviedo_C2271_1415,highest_education,3,0.3325062034739454,0.27575757575757576,0.056748627716369626,A Level or Equivalent
oulad_FFF_2013B,OULAD,transferred,oviedo_C2335_1415,gender,2,0.35947712418300654,0.30486008836524303,0.054617035817763504,M
oulad_FFF_2013B,OULAD,transferred,oviedo_C2335_1415,imd_band,10,0.3815789473684211,0.22522522522522523,0.15635372214319584,0-10%
oulad_FFF_2013B,OULAD,transferred,oviedo_C2335_1415,disability,2,0.31536388140161725,0.3111111111111111,0.004252770290506136,Y
oulad_FFF_2013B,OULAD,transferred,oviedo_C2335_1415,age_band,2,0.33223684210526316,0.26785714285714285,0.06437969924812031,35-55
oulad_FFF_2013B,OULAD,transferred,oviedo_C2335_1415,highest_education,3,0.37037037037037035,0.30303030303030304,0.06734006734006731,A Level or Equivalent
oulad_FFF_2013B,OULAD,transferred,oviedo_C2406_1415,gender,2,0.29896907216494845,0.2679738562091503,0.030995215955798128,F
oulad_FFF_2013B,OULAD,transferred,oviedo_C2406_1415,imd_band,10,0.36936936936936937,0.12244897959183673,0.24692038977753264,60-70%
oulad_FFF_2013B,OULAD,transferred,oviedo_C2406_1415,disability,2,0.29380053908355797,0.28888888888888886,0.004911650194669104,Y
oulad_FFF_2013B,OULAD,transferred,oviedo_C2406_1415,age_band,2,0.30098684210526316,0.27232142857142855,0.028665413533834616,35-55
oulad_FFF_2013B,OULAD,transferred,oviedo_C2406_1415,highest_education,3,0.3052109181141439,0.2727272727272727,0.03248364538687121,A Level or Equivalent
oulad_FFF_2013B,OULAD,transferred,oviedo_C2468_1415,gender,2,0.24594992636229748,0.23529411764705882,0.010655808715238663,F
oulad_FFF_2013B,OULAD,transferred,oviedo_C2468_1415,imd_band,10,0.3300970873786408,0.10204081632653061,0.22805627105211018,60-70%
oulad_FFF_2013B,OULAD,transferred,oviedo_C2468_1415,disability,2,0.26666666666666666,0.24123989218328842,0.02542677448337824,N
oulad_FFF_2013B,OULAD,transferred,oviedo_C2468_1415,age_band,2,0.26785714285714285,0.23519736842105263,0.03265977443609022,0-35
oulad_FFF_2013B,OULAD,transferred,oviedo_C2468_1415,highest_education,3,0.2839506172839506,0.23030303030303031,0.05364758698092029,A Level or Equivalent
oulad_FFF_2013B,OULAD,transferred,oviedo_C2607_1415,gender,2,0.34609720176730485,0.33986928104575165,0.006227920721553204,F
oulad_FFF_2013B,OULAD,transferred,oviedo_C2607_1415,imd_band,10,0.39805825242718446,0.20408163265306123,0.19397661977412323,60-70%
oulad_FFF_2013B,OULAD,transferred,oviedo_C2607_1415,disability,2,0.35555555555555557,0.3436657681940701,0.011889787361485493,N
oulad_FFF_2013B,OULAD,transferred,oviedo_C2607_1415,age_band,2,0.3519736842105263,0.32589285714285715,0.026080827067669177,35-55
oulad_FFF_2013B,OULAD,transferred,oviedo_C2607_1415,highest_education,3,0.41975308641975306,0.3303030303030303,0.08945005611672274,A Level or Equivalent
oulad_FFF_2013B,OULAD,transferred,oviedo_C3022_1415,gender,2,0.22875816993464052,0.16642120765832105,0.06233696227631946,M
oulad_FFF_2013B,OULAD,transferred,oviedo_C3022_1415,imd_band,10,0.25,0.06578947368421052,0.1842105263157895,70-80%
oulad_FFF_2013B,OULAD,transferred,oviedo_C3022_1415,disability,2,0.2222222222222222,0.1725067385444744,0.04971548367774781,N
oulad_FFF_2013B,OULAD,transferred,oviedo_C3022_1415,age_band,2,0.20982142857142858,0.16611842105263158,0.043703007518796994,0-35
oulad_FFF_2013B,OULAD,transferred,oviedo_C3022_1415,highest_education,3,0.18858560794044665,0.13580246913580246,0.05278313880464419,HE Qualification
oulad_FFF_2013B,OULAD,transferred,oviedo_C3029_1415,gender,2,0.37702503681885124,0.3137254901960784,0.06329954662277282,F
oulad_FFF_2013B,OULAD,transferred,oviedo_C3029_1415,imd_band,10,0.4666666666666667,0.22448979591836735,0.24217687074829933,60-70%
oulad_FFF_2013B,OULAD,transferred,oviedo_C3029_1415,disability,2,0.3719676549865229,0.3111111111111111,0.060856543875411784,Y
oulad_FFF_2013B,OULAD,transferred,oviedo_C3029_1415,age_band,2,0.3684210526315789,0.35714285714285715,0.011278195488721776,35-55
oulad_FFF_2013B,OULAD,transferred,oviedo_C3029_1415,highest_education,3,0.40198511166253104,0.3242424242424242,0.07774268742010682,A Level or Equivalent
oulad_FFF_2013B,OULAD,transferred,oviedo_C4189_1415,gender,2,0.2222222222222222,0.13991163475699558,0.08231058746522663,M
oulad_FFF_2013B,OULAD,transferred,oviedo_C4189_1415,imd_band,10,0.20618556701030927,0.08,0.12618556701030925,80-90%
oulad_FFF_2013B,OULAD,transferred,oviedo_C4189_1415,disability,2,0.15902964959568733,0.12222222222222222,0.03680742737346511,Y
oulad_FFF_2013B,OULAD,transferred,oviedo_C4189_1415,age_band,2,0.22767857142857142,0.12828947368421054,0.09938909774436089,0-35
oulad_FFF_2013B,OULAD,transferred,oviedo_C4189_1415,highest_education,3,0.20987654320987653,0.1513647642679901,0.058511778941886444,Lower Than A Level
oulad_FFF_2013B,OULAD,transferred,oviedo_C4213_1415,gender,2,0.37702503681885124,0.3006535947712418,0.07637144204760943,F
oulad_FFF_2013B,OULAD,transferred,oviedo_C4213_1415,imd_band,10,0.42342342342342343,0.22448979591836735,0.19893362750505608,60-70%
oulad_FFF_2013B,OULAD,transferred,oviedo_C4213_1415,disability,2,0.36522911051212936,0.34444444444444444,0.02078466606768492,Y
oulad_FFF_2013B,OULAD,transferred,oviedo_C4213_1415,age_band,2,0.3717105263157895,0.3392857142857143,0.03242481203007519,35-55
oulad_FFF_2013B,OULAD,transferred,oviedo_C4213_1415,highest_education,3,0.38271604938271603,0.3424242424242424,0.04029180695847362,A Level or Equivalent
oulad_FFF_2013B,OULAD,transferred,oviedo_C836_1415,gender,2,0.374079528718704,0.3137254901960784,0.06035403852262555,F
oulad_FFF_2013B,OULAD,transferred,oviedo_C836_1415,imd_band,10,0.4117647058823529,0.20408163265306123,0.2076830732292917,60-70%
oulad_FFF_2013B,OULAD,transferred,oviedo_C836_1415,disability,2,0.3665768194070081,0.3333333333333333,0.03324348607367478,Y
oulad_FFF_2013B,OULAD,transferred,oviedo_C836_1415,age_band,2,0.37335526315789475,0.33482142857142855,0.0385338345864662,35-55
oulad_FFF_2013B,OULAD,transferred,oviedo_C836_1415,highest_education,3,0.369727047146402,0.3333333333333333,0.03639371381306866,HE Qualification
oulad_FFF_2013J,OULAD,local,oulad_FFF_2013J,gender,2,0.43283582089552236,0.37487335359675783,0.05796246729876453,M
oulad_FFF_2013J,OULAD,local,oulad_FFF_2013J,imd_band,10,0.43,0.32051282051282054,0.10948717948717945,90-100%
oulad_FFF_2013J,OULAD,local,oulad_FFF_2013J,disability,2,0.43548387096774194,0.37875939849624063,0.05672447247150131,N
oulad_FFF_2013J,OULAD,local,oulad_FFF_2013J,age_band,2,0.43223443223443225,0.3717105263157895,0.06052390591864276,0-35
oulad_FFF_2013J,OULAD,local,oulad_FFF_2013J,highest_education,3,0.38979118329466356,0.37268128161888703,0.01710990167577653,Lower Than A Level
oulad_FFF_2013J,OULAD,transferred,ku_Accountancy_1819,gender,2,0.3059777102330294,0.263681592039801,0.04229611819322837,F
oulad_FFF_2013J,OULAD,transferred,ku_Accountancy_1819,imd_band,10,0.34146341463414637,0.24719101123595505,0.09427240339819132,80-90%
oulad_FFF_2013J,OULAD,transferred,ku_Accountancy_1819,disability,2,0.3073308270676692,0.22580645161290322,0.08152437545476596,Y
oulad_FFF_2013J,OULAD,transferred,ku_Accountancy_1819,age_band,2,0.3125,0.25274725274725274,0.05975274725274726,35-55
oulad_FFF_2013J,OULAD,transferred,ku_Accountancy_1819,highest_education,3,0.30354131534569984,0.2900232018561485,0.013518113489551342,A Level or Equivalent
oulad_FFF_2013J,OULAD,transferred,ku_Globaleconom_1819,gender,2,0.38308457711442784,0.3698074974670719,0.013277079647355916,M
oulad_FFF_2013J,OULAD,transferred,ku_Globaleconom_1819,imd_band,10,0.40384615384615385,0.28205128205128205,0.1217948717948718,90-100%
oulad_FFF_2013J,OULAD,transferred,ku_Globaleconom_1819,disability,2,0.4112903225806452,0.3674812030075188,0.04380911957312639,N
oulad_FFF_2013J,OULAD,transferred,ku_Globaleconom_1819,age_band,2,0.39194139194139194,0.3673245614035088,0.02461683053788316,0-35
oulad_FFF_2013J,OULAD,transferred,ku_Globaleconom_1819,highest_education,3,0.3972602739726027,0.3608768971332209,0.03638337683938181,Lower Than A Level
oulad_FFF_2013J,OULAD,transferred,ku_Accountancy_1920,gender,2,0.07801418439716312,0.07462686567164178,0.0033873187255213377,F
oulad_FFF_2013J,OULAD,transferred,ku_Accountancy_1920,imd_band,10,0.10588235294117647,0.03896103896103896,0.06692131398013751,60-70%
oulad_FFF_2013J,OULAD,transferred,ku_Accountancy_1920,disability,2,0.08064516129032258,0.07706766917293233,0.003577492117390252,N
oulad_FFF_2013J,OULAD,transferred,ku_Accountancy_1920,age_band,2,0.10622710622710622,0.06798245614035088,0.038244650086755344,0-35
oulad_FFF_2013J,OULAD,transferred,ku_Accountancy_1920,highest_education,3,0.08263069139966273,0.06728538283062645,0.015345308569036278,A Level or Equivalent
oulad_FFF_2013J,OULAD,transferred,ku_Globaleconom_1920,gender,2,0.3482587064676617,0.3414387031408308,0.006820003326830915,M
oulad_FFF_2013J,OULAD,transferred,ku_Globaleconom_1920,imd_band,10,0.42857142857142855,0.3,0.12857142857142856,10-20
oulad_FFF_2013J,OULAD,transferred,ku_Globaleconom_1920,disability,2,0.3458646616541353,0.31451612903225806,0.031348532621877256,Y
oulad_FFF_2013J,OULAD,transferred,ku_Globaleconom_1920,age_band,2,0.3443223443223443,0.34210526315789475,0.0022170811644495747,0-35
oulad_FFF_2013J,OULAD,transferred,ku_Globaleconom_1920,highest_education,3,0.35962877030162416,0.3288364249578415,0.030792345343782668,Lower Than A Level
oulad_FFF_2013J,OULAD,transferred,ku_Accountancy_2021,gender,2,0.29850746268656714,0.28368794326241137,0.01481951942415577,M
oulad_FFF_2013J,OULAD,transferred,ku_Accountancy_2021,imd_band,10,0.34285714285714286,0.21951219512195122,0.12334494773519164,30-40%
oulad_FFF_2013J,OULAD,transferred,ku_Accountancy_2021,disability,2,0.29135338345864664,0.24193548387096775,0.04941789958767889,Y
oulad_FFF_2013J,OULAD,transferred,ku_Accountancy_2021,age_band,2,0.2949561403508772,0.25274725274725274,0.042208887603624456,35-55
oulad_FFF_2013J,OULAD,transferred,ku_Accountancy_2021,highest_education,3,0.2945205479452055,0.2765598650927487,0.017960682852456777,Lower Than A Level
oulad_FFF_2013J,OULAD,transferred,ku_Globaleconom_2021,gender,2,0.3681592039800995,0.3485309017223911,0.019628302257708397,M
oulad_FFF_2013J,OULAD,transferred,ku_Globaleconom_2021,imd_band,10,0.4155844155844156,0.28205128205128205,0.13353313353313356,90-100%
oulad_FFF_2013J,OULAD,transferred,ku_Globaleconom_2021,disability,2,0.35714285714285715,0.3064516129032258,0.05069124423963134,Y
oulad_FFF_2013J,OULAD,transferred,ku_Globaleconom_2021,age_band,2,0.36293859649122806,0.315018315018315,0.04792028147291305,35-55
oulad_FFF_2013J,OULAD,transferred,ku_Globaleconom_2021,highest_education,3,0.4041095890410959,0.33220910623946037,0.07190048280163552,Lower Than A Level
oulad_FFF_2013J,OULAD,transferred,ukzn_ISTN101_2019,gender,2,0.27860696517412936,0.26038500506585616,0.018221960108273205,M
oulad_FFF_2013J,OULAD,transferred,ukzn_ISTN101_2019,imd_band,10,0.3148148148148148,0.22123893805309736,0.09357587676171747,50-60%
oulad_FFF_2013J,OULAD,transferred,ukzn_ISTN101_2019,disability,2,0.3064516129032258,0.25845864661654133,0.04799296628668448,N
oulad_FFF_2013J,OULAD,transferred,ukzn_ISTN101_2019,age_band,2,0.2783882783882784,0.2598684210526316,0.018519857335646817,0-35
oulad_FFF_2013J,OULAD,transferred,ukzn_ISTN101_2019,highest_education,3,0.2923433874709977,0.23777403035413153,0.05456935711686617,Lower Than A Level
oulad_FFF_2013J,OULAD,transferred,ukzn_ISTN101_2020,gender,2,0.373134328358209,0.3252279635258359,0.047906364832373094,M
oulad_FFF_2013J,OULAD,transferred,ukzn_ISTN101_2020,imd_band,10,0.42857142857142855,0.2692307692307692,0.15934065934065933,90-100%
oulad_FFF_2013J,OULAD,transferred,ukzn_ISTN101_2020,disability,2,0.34116541353383456,0.2661290322580645,0.07503638127577006,Y
oulad_FFF_2013J,OULAD,transferred,ukzn_ISTN101_2020,age_band,2,0.3442982456140351,0.2967032967032967,0.0475949489107384,35-55
oulad_FFF_2013J,OULAD,transferred,ukzn_ISTN101_2020,highest_education,3,0.33642691415313225,0.3305227655986509,0.005904148554481348,Lower Than A Level
oulad_FFF_2013J,OULAD,transferred,ukzn_ISTN101_2021,gender,2,0.417910447761194,0.3546099290780142,0.06330051868317982,M
oulad_FFF_2013J,OULAD,transferred,ukzn_ISTN101_2021,imd_band,10,0.4675324675324675,0.32051282051282054,0.14701964701964698,90-100%
oulad_FFF_2013J,OULAD,transferred,ukzn_ISTN101_2021,disability,2,0.3684210526315789,0.3387096774193548,0.02971137521222411,Y
oulad_FFF_2013J,OULAD,transferred,ukzn_ISTN101_2021,age_band,2,0.375,0.3333333333333333,0.041666666666666685,35-55
oulad_FFF_2013J,OULAD,transferred,ukzn_ISTN101_2021,highest_education,3,0.3904109589041096,0.342327150084317,0.04808380881979257,Lower Than A Level
oulad_FFF_2013J,OULAD,transferred,ukzn_ISTN102_2018,gender,2,0.4079601990049751,0.3596757852077001,0.048284413797274994,M
oulad_FFF_2013J,OULAD,transferred,ukzn_ISTN102_2018,imd_band,10,0.45454545454545453,0.2948717948717949,0.15967365967365965,90-100%
oulad_FFF_2013J,OULAD,transferred,ukzn_ISTN102_2018,disability,2,0.37218045112781956,0.33064516129032256,0.04153528983749699,Y
oulad_FFF_2013J,OULAD,transferred,ukzn_ISTN102_2018,age_band,2,0.3782894736842105,0.336996336996337,0.04129313668787349,35-55
oulad_FFF_2013J,OULAD,transferred,ukzn_ISTN102_2018,highest_education,3,0.382830626450116,0.357504215851602,0.025326410598513982,Lower Than A Level
oulad_FFF_2013J,OULAD,transferred,ukzn_ISTN103_2019,gender,2,0.3383084577114428,0.3171225937183384,0.021185863993104403,M
oulad_FFF_2013J,OULAD,transferred,ukzn_ISTN103_2019,imd_band,10,0.38,0.2857142857142857,0.0942857142857143,60-70%
oulad_FFF_2013J,OULAD,transferred,ukzn_ISTN103_2019,disability,2,0.3548387096774194,0.3167293233082707,0.03810938636914868,N
oulad_FFF_2013J,OULAD,transferred,ukzn_ISTN103_2019,age_band,2,0.38095238095238093,0.30372807017543857,0.07722431077694236,0-35
oulad_FFF_2013J,OULAD,transferred,ukzn_ISTN103_2019,highest_education,3,0.33389544688026984,0.2945205479452055,0.03937489893506435,HE Qualification
oulad_FFF_2013J,OULAD,transferred,ukzn_ISTN103_2020,gender,2,0.40298507462686567,0.36879432624113473,0.03419074838573094,M
oulad_FFF_2013J,OULAD,transferred,ukzn_ISTN103_2020,imd_band,10,0.45454545454545453,0.30337078651685395,0.15117466802860058,80-90%
oulad_FFF_2013J,OULAD,transferred,ukzn_ISTN103_2020,disability,2,0.3870967741935484,0.3731203007518797,0.013976473441668691,N
oulad_FFF_2013J,OULAD,transferred,ukzn_ISTN103_2020,age_band,2,0.3956043956043956,0.36951754385964913,0.026086851744746453,0-35
oulad_FFF_2013J,OULAD,transferred,ukzn_ISTN103_2020,highest_education,3,0.39675174013921116,0.35413153456998314,0.04262020556922802,Lower Than A Level
oulad_FFF_2013J,OULAD,transferred,ukzn_ISTN211_2019,gender,2,0.208955223880597,0.17831813576494426,0.030637088115652744,M
oulad_FFF_2013J,OULAD,transferred,ukzn_ISTN211_2019,imd_band,10,0.25,0.14102564102564102,0.10897435897435898,0-10%
oulad_FFF_2013J,OULAD,transferred,ukzn_ISTN211_2019,disability,2,0.20967741935483872,0.18045112781954886,0.029226291535289856,N
oulad_FFF_2013J,OULAD,transferred,ukzn_ISTN211_2019,age_band,2,0.21611721611721613,0.17324561403508773,0.042871602082128396,0-35
oulad_FFF_2013J,OULAD,transferred,ukzn_ISTN211_2019,highest_education,3,0.2088167053364269,0.16526138279932545,0.043555322537101454,Lower Than A Level
oulad_FFF_2013J,OULAD,transferred,ukzn_ISTN211_2021,gender,2,0.4228855721393035,0.3708206686930091,0.052064903446294386,M
oulad_FFF_2013J,OULAD,transferred,ukzn_ISTN211_2021,imd_band,10,0.4146341463414634,0.32051282051282054,0.09412132582864285,90-100%
oulad_FFF_2013J,OULAD,transferred,ukzn_ISTN211_2021,disability,2,0.4032258064516129,0.3768796992481203,0.026346107203492564,N
oulad_FFF_2013J,OULAD,transferred,ukzn_ISTN211_2021,age_band,2,0.4175824175824176,0.36951754385964913,0.048064873722768464,0-35
oulad_FFF_2013J,OULAD,transferred,ukzn_ISTN211_2021,highest_education,3,0.4246575342465753,0.342327150084317,0.0823303841622583,Lower Than A Level
oulad_FFF_2013J,OULAD,transferred,ukzn_ISTN212_2018,gender,2,0.373134328358209,0.3576494427558257,0.015484885602383258,M
oulad_FFF_2013J,OULAD,transferred,ukzn_ISTN212_2018,imd_band,10,0.46,0.29213483146067415,0.16786516853932587,80-90%
oulad_FFF_2013J,OULAD,transferred,ukzn_ISTN212_2018,disability,2,0.3618421052631579,0.3467741935483871,0.015067911714770788,Y
oulad_FFF_2013J,OULAD,transferred,ukzn_ISTN212_2018,age_band,2,0.4249084249084249,0.34210526315789475,0.08280316175053015,0-35
oulad_FFF_2013J,OULAD,transferred,ukzn_ISTN212_2018,highest_education,3,0.38979118329466356,0.33220910623946037,0.057582077055203185,Lower Than A Level
oulad_FFF_2013J,OULAD,transferred,ukzn_ISTN212_2019,gender,2,0.39303482587064675,0.3657548125633232,0.027280013307323547,M
oulad_FFF_2013J,OULAD,transferred,ukzn_ISTN212_2019,imd_band,10,0.44155844155844154,0.2948717948717949,0.14668664668664666,90-100%
oulad_FFF_2013J,OULAD,transferred,ukzn_ISTN212_2019,disability,2,0.3709677419354839,0.37030075187969924,0.0006669900557846331,N
oulad_FFF_2013J,OULAD,transferred,ukzn_ISTN212_2019,age_band,2,0.37280701754385964,0.3663003663003663,0.0065066512434933665,35-55
oulad_FFF_2013J,OULAD,transferred,ukzn_ISTN212_2019,highest_education,3,0.3972602739726027,0.3440134907251265,0.053246783247476226,Lower Than A Level
oulad_FFF_2013J,OULAD,transferred,ukzn_ISTN2IP_2018,gender,2,0.39303482587064675,0.3617021276595745,0.03133269821107226,M
oulad_FFF_2013J,OULAD,transferred,ukzn_ISTN2IP_2018,imd_band,10,0.4675324675324675,0.3142857142857143,0.15324675324675324,20-30%
oulad_FFF_2013J,OULAD,transferred,ukzn_ISTN2IP_2018,disability,2,0.3674812030075188,0.3629032258064516,0.004577977201067174,Y
oulad_FFF_2013J,OULAD,transferred,ukzn_ISTN2IP_2018,age_band,2,0.3717105263157895,0.3553113553113553,0.016399171004434165,35-55
oulad_FFF_2013J,OULAD,transferred,ukzn_ISTN2IP_2018,highest_education,3,0.39675174013921116,0.3473861720067454,0.04936556813246579,Lower Than A Level
oulad_FFF_2013J,OULAD,transferred,ukzn_ISTN2IP_2019,gender,2,0.34328358208955223,0.3029381965552178,0.04034538553433442,M
oulad_FFF_2013J,OULAD,transferred,ukzn_ISTN2IP_2019,imd_band,10,0.3595505617977528,0.2777777777777778,0.08177278401997501,70-80%
oulad_FFF_2013J,OULAD,transferred,ukzn_ISTN2IP_2019,disability,2,0.31860902255639095,0.23387096774193547,0.08473805481445548,Y
oulad_FFF_2013J,OULAD,transferred,ukzn_ISTN2IP_2019,age_band,2,0.31030701754385964,0.3076923076923077,0.002614709851551933,35-55
oulad_FFF_2013J,OULAD,transferred,ukzn_ISTN2IP_2019,highest_education,3,0.32018561484918795,0.29679595278246207,0.02338966206672588,Lower Than A Level
oulad_FFF_2013J,OULAD,transferred,ukzn_ISTN3ND_2018,gender,2,0.3505572441742654,0.3482587064676617,0.0022985377066037094,F
oulad_FFF_2013J,OULAD,transferred,ukzn_ISTN3ND_2018,imd_band,10,0.391025641025641,0.2692307692307692,0.1217948717948718,90-100%
oulad_FFF_2013J,OULAD,transferred,ukzn_ISTN3ND_2018,disability,2,0.35620300751879697,0.29838709677419356,0.057815910744603405,Y
oulad_FFF_2013J,OULAD,transferred,ukzn_ISTN3ND_2018,age_band,2,0.35855263157894735,0.31868131868131866,0.039871312897628686,35-55
oulad_FFF_2013J,OULAD,transferred,ukzn_ISTN3ND_2018,highest_education,3,0.4246575342465753,0.32040472175379425,0.10425281249278107,Lower Than A Level
oulad_FFF_2013J,OULAD,transferred,ukzn_ISTN3ND_2019,gender,2,0.2835820895522388,0.23809523809523808,0.04548685145700071,M
oulad_FFF_2013J,OULAD,transferred,ukzn_ISTN3ND_2019,imd_band,10,0.3116883116883117,0.20512820512820512,0.10656010656010656,90-100%
oulad_FFF_2013J,OULAD,transferred,ukzn_ISTN3ND_2019,disability,2,0.25,0.24530075187969924,0.0046992481203007586,N
oulad_FFF_2013J,OULAD,transferred,ukzn_ISTN3ND_2019,age_band,2,0.2673992673992674,0.24013157894736842,0.027267688451898975,0-35
oulad_FFF_2013J,OULAD,transferred,ukzn_ISTN3ND_2019,highest_education,3,0.2945205479452055,0.2209106239460371,0.07360992399916838,Lower Than A Level
oulad_FFF_2013J,OULAD,transferred,ukzn_ISTN3SA_2018,gender,2,0.24378109452736318,0.2006079027355623,0.043173191791800875,M
oulad_FFF_2013J,OULAD,transferred,ukzn_ISTN3SA_2018,imd_band,10,0.2857142857142857,0.12987012987012986,0.15584415584415584,60-70%
oulad_FFF_2013J,OULAD,transferred,ukzn_ISTN3SA_2018,disability,2,0.20958646616541354,0.1935483870967742,0.016038079068639355,Y
oulad_FFF_2013J,OULAD,transferred,ukzn_ISTN3SA_2018,age_band,2,0.24175824175824176,0.19736842105263158,0.04438982070561018,0-35
oulad_FFF_2013J,OULAD,transferred,ukzn_ISTN3SA_2018,highest_education,3,0.273972602739726,0.18718381112984822,0.08678879160987779,Lower Than A Level
oulad_FFF_2013J,OULAD,transferred,ukzn_ISTN3SA_2019,gender,2,0.3090172239108409,0.3034825870646766,0.005534636846164287,F
oulad_FFF_2013J,OULAD,transferred,ukzn_ISTN3SA_2019,imd_band,10,0.39823008849557523,0.23376623376623376,0.16446385472934147,60-70%
oulad_FFF_2013J,OULAD,transferred,ukzn_ISTN3SA_2019,disability,2,0.3548387096774194,0.3026315789473684,0.052207130730050955,N
oulad_FFF_2013J,OULAD,transferred,ukzn_ISTN3SA_2019,age_band,2,0.34798534798534797,0.29714912280701755,0.05083622517833042,0-35
oulad_FFF_2013J,OULAD,transferred,ukzn_ISTN3SA_2019,highest_education,3,0.3220910623946037,0.21232876712328766,0.10976229527131606,HE Qualification
oulad_FFF_2013J,OULAD,transferred,zambia_ICT1110_2020,gender,2,0.3681592039800995,0.3444782168186423,0.023680987161457168,M
oulad_FFF_2013J,OULAD,transferred,zambia_ICT1110_2020,imd_band,10,0.41025641025641024,0.2692307692307692,0.14102564102564102,90-100%
oulad_FFF_2013J,OULAD,transferred,zambia_ICT1110_2020,disability,2,0.34962406015037595,0.3387096774193548,0.010914382731021133,Y
oulad_FFF_2013J,OULAD,transferred,zambia_ICT1110_2020,age_band,2,0.36293859649122806,0.304029304029304,0.05890929246192406,35-55
oulad_FFF_2013J,OULAD,transferred,zambia_ICT1110_2020,highest_education,3,0.38979118329466356,0.32040472175379425,0.0693864615408693,Lower Than A Level
oulad_FFF_2013J,OULAD,transferred,zambia_ICT1110_2021,gender,2,0.2198581560283688,0.1890547263681592,0.030803429660209602,F
oulad_FFF_2013J,OULAD,transferred,zambia_ICT1110_2021,imd_band,10,0.24390243902439024,0.16853932584269662,0.07536311318169361,80-90%
oulad_FFF_2013J,OULAD,transferred,zambia_ICT1110_2021,disability,2,0.25,0.21052631578947367,0.03947368421052633,N
oulad_FFF_2013J,OULAD,transferred,zambia_ICT1110_2021,age_band,2,0.22039473684210525,0.1978021978021978,0.02259253903990746,35-55
oulad_FFF_2013J,OULAD,transferred,zambia_ICT1110_2021,highest_education,3,0.23440134907251264,0.1780821917808219,0.056319157291690736,HE Qualification
oulad_FFF_2013J,OULAD,transferred,oviedo_C1112_1415,gender,2,0.4228855721393035,0.3617021276595745,0.06118344447972901,M
oulad_FFF_2013J,OULAD,transferred,oviedo_C1112_1415,imd_band,10,0.42948717948717946,0.32857142857142857,0.10091575091575089,20-30%
oulad_FFF_2013J,OULAD,transferred,oviedo_C1112_1415,disability,2,0.3790322580645161,0.37124060150375937,0.0077916565607567545,N
oulad_FFF_2013J,OULAD,transferred,oviedo_C1112_1415,age_band,2,0.3782894736842105,0.3553113553113553,0.022978118372855183,35-55
oulad_FFF_2013J,OULAD,transferred,oviedo_C1112_1415,highest_education,3,0.4041095890410959,0.3524451939291737,0.05166439511192222,Lower Than A Level
oulad_FFF_2013J,OULAD,transferred,oviedo_C1127_1415,gender,2,0.38308457711442784,0.364741641337386,0.018342935777041824,M
oulad_FFF_2013J,OULAD,transferred,oviedo_C1127_1415,imd_band,10,0.43,0.28205128205128205,0.14794871794871794,90-100%
oulad_FFF_2013J,OULAD,transferred,oviedo_C1127_1415,disability,2,0.3693609022556391,0.3548387096774194,0.01452219257821974,Y
oulad_FFF_2013J,OULAD,transferred,oviedo_C1127_1415,age_band,2,0.375,0.34798534798534797,0.02701465201465203,35-55
oulad_FFF_2013J,OULAD,transferred,oviedo_C1127_1415,highest_education,3,0.36930860033726814,0.3424657534246575,0.02684284691261063,HE Qualification
oulad_FFF_2013J,OULAD,transferred,oviedo_C1200_1415,gender,2,0.38308457711442784,0.3576494427558257,0.02543513435860212,M
oulad_FFF_2013J,OULAD,transferred,oviedo_C1200_1415,imd_band,10,0.42857142857142855,0.32857142857142857,0.09999999999999998,20-30%
oulad_FFF_2013J,OULAD,transferred,oviedo_C1200_1415,disability,2,0.3790322580645161,0.3599624060150376,0.01906985204947853,N
oulad_FFF_2013J,OULAD,transferred,oviedo_C1200_1415,age_band,2,0.3706140350877193,0.336996336996337,0.033617698091382264,35-55
oulad_FFF_2013J,OULAD,transferred,oviedo_C1200_1415,highest_education,3,0.38979118329466356,0.33895446880269814,0.05083671449196542,Lower Than A Level
oulad_FFF_2013J,OULAD,transferred,oviedo_C1303_1415,gender,2,0.38308457711442784,0.3566362715298885,0.02644830558453931,M
oulad_FFF_2013J,OULAD,transferred,oviedo_C1303_1415,imd_band,10,0.40384615384615385,0.2948717948717949,0.10897435897435898,90-100%
oulad_FFF_2013J,OULAD,transferred,oviedo_C1303_1415,disability,2,0.3629032258064516,0.3609022556390977,0.0020009701673538993,N
oulad_FFF_2013J,OULAD,transferred,oviedo_C1303_1415,age_band,2,0.37362637362637363,0.3574561403508772,0.016170233275496437,0-35
oulad_FFF_2013J,OULAD,transferred,oviedo_C1303_1415,highest_education,3,0.39675174013921116,0.33389544688026984,0.06285629325894132,Lower Than A Level
oulad_FFF_2013J,OULAD,transferred,oviedo_C174_1415,gender,2,0.2736318407960199,0.24822695035460993,0.02540489044140995,M
oulad_FFF_2013J,OULAD,transferred,oviedo_C174_1415,imd_band,10,0.3,0.21238938053097345,0.08761061946902654,50-60%
oulad_FFF_2013J,OULAD,transferred,oviedo_C174_1415,disability,2,0.2575187969924812,0.20967741935483872,0.047841377637642485,Y
oulad_FFF_2013J,OULAD,transferred,oviedo_C174_1415,age_band,2,0.40293040293040294,0.20723684210526316,0.19569356082513978,0-35
oulad_FFF_2013J,OULAD,transferred,oviedo_C174_1415,highest_education,3,0.3356164383561644,0.2296983758700696,0.10591806248609478,A Level or Equivalent
oulad_FFF_2013J,OULAD,transferred,oviedo_C190_1415,gender,2,0.26646403242147926,0.24378109452736318,0.022682937894116073,F
oulad_FFF_2013J,OULAD,transferred,oviedo_C190_1415,imd_band,10,0.336283185840708,0.15584415584415584,0.18043902999655215,60-70%
oulad_FFF_2013J,OULAD,transferred,oviedo_C190_1415,disability,2,0.26785714285714285,0.21774193548387097,0.05011520737327188,Y
oulad_FFF_2013J,OULAD,transferred,oviedo_C190_1415,age_band,2,0.26373626373626374,0.2631578947368421,0.0005783689994216523,0-35
oulad_FFF_2013J,OULAD,transferred,oviedo_C190_1415,highest_education,3,0.29698375870069604,0.19863013698630136,0.09835362171439468,HE Qualification
oulad_FFF_2013J,OULAD,transferred,oviedo_C1978_1415,gender,2,0.1044776119402985,0.0547112462006079,0.0497663657396906,M
oulad_FFF_2013J,OULAD,transferred,oviedo_C1978_1415,imd_band,10,0.0898876404494382,0.024390243902439025,0.06549739654699918,30-40%
oulad_FFF_2013J,OULAD,transferred,oviedo_C1978_1415,disability,2,0.12096774193548387,0.05639097744360902,0.06457676449187486,N
oulad_FFF_2013J,OULAD,transferred,oviedo_C1978_1415,age_band,2,0.0695970695970696,0.06030701754385965,0.00929005205320995,0-35
oulad_FFF_2013J,OULAD,transferred,oviedo_C1978_1415,highest_education,3,0.07534246575342465,0.06070826306913996,0.01463420268428469,Lower Than A Level
oulad_FFF_2013J,OULAD,transferred,oviedo_C2011_1415,gender,2,0.3363728470111449,0.29850746268656714,0.037865384324577755,F
oulad_FFF_2013J,OULAD,transferred,oviedo_C2011_1415,imd_band,10,0.39,0.28823529411764703,0.10176470588235298,10-20
oulad_FFF_2013J,OULAD,transferred,oviedo_C2011_1415,disability,2,0.3387096774193548,0.32894736842105265,0.00976230899830216,N
oulad_FFF_2013J,OULAD,transferred,oviedo_C2011_1415,age_band,2,0.358974358974359,0.32127192982456143,0.037702429149797545,0-35
oulad_FFF_2013J,OULAD,transferred,oviedo_C2011_1415,highest_education,3,0.3689095127610209,0.2602739726027397,0.1086355401582812,HE Qualification
oulad_FFF_2013J,OULAD,transferred,oviedo_C2024_1415,gender,2,0.39303482587064675,0.3546099290780142,0.03842489679263256,M
oulad_FFF_2013J,OULAD,transferred,oviedo_C2024_1415,imd_band,10,0.45454545454545453,0.3185840707964602,0.13596138374899436,50-60%
oulad_FFF_2013J,OULAD,transferred,oviedo_C2024_1415,disability,2,0.36278195488721804,0.3467741935483871,0.016007761338830917,Y
oulad_FFF_2013J,OULAD,transferred,oviedo_C2024_1415,age_band,2,0.36951754385964913,0.336996336996337,0.03252120686331211,35-55
oulad_FFF_2013J,OULAD,transferred,oviedo_C2024_1415,highest_education,3,0.410958904109589,0.3473861720067454,0.06357273210284364,Lower Than A Level
oulad_FFF_2013J,OULAD,transferred,oviedo_C2150_1415,gender,2,0.40298507462686567,0.3617021276595745,0.04128294696729118,M
oulad_FFF_2013J,OULAD,transferred,oviedo_C2150_1415,imd_band,10,0.40588235294117647,0.2692307692307692,0.13665158371040725,90-100%
oulad_FFF_2013J,OULAD,transferred,oviedo_C2150_1415,disability,2,0.3693609022556391,0.3629032258064516,0.006457676449187488,Y
oulad_FFF_2013J,OULAD,transferred,oviedo_C2150_1415,age_band,2,0.3815789473684211,0.326007326007326,0.05557162136109506,35-55
oulad_FFF_2013J,OULAD,transferred,oviedo_C2150_1415,highest_education,3,0.3904109589041096,0.35581787521079256,0.03459308369331704,Lower Than A Level
oulad_FFF_2013J,OULAD,transferred,oviedo_C2271_1415,gender,2,0.3252279635258359,0.32338308457711445,0.001844878948721429,F
oulad_FFF_2013J,OULAD,transferred,oviedo_C2271_1415,imd_band,10,0.38961038961038963,0.26,0.12961038961038962,40-50%
oulad_FFF_2013J,OULAD,transferred,oviedo_C2271_1415,disability,2,0.32612781954887216,0.31451612903225806,0.011611690516614093,Y
oulad_FFF_2013J,OULAD,transferred,oviedo_C2271_1415,age_band,2,0.33114035087719296,0.3076923076923077,0.023448043184885248,35-55
oulad_FFF_2013J,OULAD,transferred,oviedo_C2271_1415,highest_education,3,0.3698630136986301,0.3136593591905565,0.05620365450807363,Lower Than A Level
oulad_FFF_2013J,OULAD,transferred,oviedo_C2335_1415,gender,2,0.3191489361702128,0.30845771144278605,0.01069122472742673,F
oulad_FFF_2013J,OULAD,transferred,oviedo_C2335_1415,imd_band,10,0.4142857142857143,0.25882352941176473,0.15546218487394958,10-20
oulad_FFF_2013J,OULAD,transferred,oviedo_C2335_1415,disability,2,0.3176691729323308,0.31451612903225806,0.0031530439000727606,Y
oulad_FFF_2013J,OULAD,transferred,oviedo_C2335_1415,age_band,2,0.326007326007326,0.31469298245614036,0.011314343551185657,0-35
oulad_FFF_2013J,OULAD,transferred,oviedo_C2335_1415,highest_education,3,0.33220910623946037,0.2328767123287671,0.09933239391069326,HE Qualification
oulad_FFF_2013J,OULAD,transferred,oviedo_C2406_1415,gender,2,0.353596757852077,0.3283582089552239,0.02523854889685312,F
oulad_FFF_2013J,OULAD,transferred,oviedo_C2406_1415,imd_band,10,0.42857142857142855,0.3,0.12857142857142856,40-50%
oulad_FFF_2013J,OULAD,transferred,oviedo_C2406_1415,disability,2,0.35150375939849626,0.33064516129032256,0.020858598108173698,Y
oulad_FFF_2013J,OULAD,transferred,oviedo_C2406_1415,age_band,2,0.35964912280701755,0.31868131868131866,0.04096780412569889,35-55
oulad_FFF_2013J,OULAD,transferred,oviedo_C2406_1415,highest_education,3,0.363013698630137,0.3372681281618887,0.02574557046824827,Lower Than A Level
oulad_FFF_2013J,OULAD,transferred,oviedo_C2468_1415,gender,2,0.3034825870646766,0.2847011144883485,0.018781472576328118,M
oulad_FFF_2013J,OULAD,transferred,oviedo_C2468_1415,imd_band,10,0.4155844155844156,0.23076923076923078,0.18481518481518483,90-100%
oulad_FFF_2013J,OULAD,transferred,oviedo_C2468_1415,disability,2,0.3064516129032258,0.2857142857142857,0.020737327188940113,N
oulad_FFF_2013J,OULAD,transferred,oviedo_C2468_1415,age_band,2,0.31135531135531136,0.2817982456140351,0.029557065741276256,0-35
oulad_FFF_2013J,OULAD,transferred,oviedo_C2468_1415,highest_education,3,0.3150684931506849,0.26981450252951095,0.04525399062117397,Lower Than A Level
oulad_FFF_2013J,OULAD,transferred,oviedo_C2607_1415,gender,2,0.3373860182370821,0.3283582089552239,0.009027809281858201,F
oulad_FFF_2013J,OULAD,transferred,oviedo_C2607_1415,imd_band,10,0.4155844155844156,0.29285714285714287,0.12272727272727274,20-30%
oulad_FFF_2013J,OULAD,transferred,oviedo_C2607_1415,disability,2,0.34022556390977443,0.29838709677419356,0.04183846713558087,Y
oulad_FFF_2013J,OULAD,transferred,oviedo_C2607_1415,age_band,2,0.34539473684210525,0.3076923076923077,0.037702429149797545,35-55
oulad_FFF_2013J,OULAD,transferred,oviedo_C2607_1415,highest_education,3,0.3972602739726027,0.3086003372681282,0.08865993670447453,Lower Than A Level
oulad_FFF_2013J,OULAD,transferred,oviedo_C3022_1415,gender,2,0.19402985074626866,0.17223910840932116,0.0217907423369475,M
oulad_FFF_2013J,OULAD,transferred,oviedo_C3022_1415,imd_band,10,0.23,0.11235955056179775,0.11764044943820226,80-90%
oulad_FFF_2013J,OULAD,transferred,oviedo_C3022_1415,disability,2,0.22580645161290322,0.17011278195488722,0.055693669658016004,N
oulad_FFF_2013J,OULAD,transferred,oviedo_C3022_1415,age_band,2,0.21611721611721613,0.16337719298245615,0.05274002313475998,0-35
oulad_FFF_2013J,OULAD,transferred,oviedo_C3022_1415,highest_education,3,0.19561551433389546,0.14383561643835616,0.0517798978955393,HE Qualification
oulad_FFF_2013J,OULAD,transferred,oviedo_C3029_1415,gender,2,0.3582089552238806,0.3525835866261398,0.005625368597740765,M
oulad_FFF_2013J,OULAD,transferred,oviedo_C3029_1415,imd_band,10,0.42857142857142855,0.23076923076923078,0.19780219780219777,90-100%
oulad_FFF_2013J,OULAD,transferred,oviedo_C3029_1415,disability,2,0.35902255639097747,0.3064516129032258,0.052570943487751653,Y
oulad_FFF_2013J,OULAD,transferred,oviedo_C3029_1415,age_band,2,0.35635964912280704,0.3443223443223443,0.012037304800462723,35-55
oulad_FFF_2013J,OULAD,transferred,oviedo_C3029_1415,highest_education,3,0.3805104408352668,0.33389544688026984,0.046614993954996964,Lower Than A Level
oulad_FFF_2013J,OULAD,transferred,oviedo_C4189_1415,gender,2,0.16417910447761194,0.1641337386018237,4.536587578823914e-05,M
oulad_FFF_2013J,OULAD,transferred,oviedo_C4189_1415,imd_band,10,0.21348314606741572,0.14102564102564102,0.0724575050417747,90-100%
oulad_FFF_2013J,OULAD,transferred,oviedo_C4189_1415,disability,2,0.16729323308270677,0.13709677419354838,0.030196458889158395,Y
oulad_FFF_2013J,OULAD,transferred,oviedo_C4189_1415,age_band,2,0.2857142857142857,0.125,0.1607142857142857,0-35
oulad_FFF_2013J,OULAD,transferred,oviedo_C4189_1415,highest_education,3,0.22602739726027396,0.14839797639123103,0.07762942086904293,Lower Than A Level
oulad_FFF_2013J,OULAD,transferred,oviedo_C4213_1415,gender,2,0.36271529888551163,0.3482587064676617,0.014456592417849912,F
oulad_FFF_2013J,OULAD,transferred,oviedo_C4213_1415,imd_band,10,0.3983739837398374,0.32051282051282054,0.07786116322701686,90-100%
oulad_FFF_2013J,OULAD,transferred,oviedo_C4213_1415,disability,2,0.36278195488721804,0.3387096774193548,0.024072277467863223,Y
oulad_FFF_2013J,OULAD,transferred,oviedo_C4213_1415,age_band,2,0.3684210526315789,0.3333333333333333,0.03508771929824561,35-55
oulad_FFF_2013J,OULAD,transferred,oviedo_C4213_1415,highest_education,3,0.3904109589041096,0.33895446880269814,0.051456490101411456,Lower Than A Level
oulad_FFF_2013J,OULAD,transferred,oviedo_C836_1415,gender,2,0.3657548125633232,0.34328358208955223,0.022471230473770976,F
oulad_FFF_2013J,OULAD,transferred,oviedo_C836_1415,imd_band,10,0.41025641025641024,0.3185840707964602,0.09167233945995007,50-60%
oulad_FFF_2013J,OULAD,transferred,oviedo_C836_1415,disability,2,0.3684210526315789,0.3064516129032258,0.061969439728353115,Y
oulad_FFF_2013J,OULAD,transferred,oviedo_C836_1415,age_band,2,0.3673245614035088,0.34798534798534797,0.019339213418160806,35-55
oulad_FFF_2013J,OULAD,transferred,oviedo_C836_1415,highest_education,3,0.3851508120649652,0.3406408094435076,0.0445100026214576,Lower Than A Level
oulad_FFF_2014B,OULAD,local,oulad_FFF_2014B,gender,2,0.35488505747126436,0.35333333333333333,0.001551724137931032,F
oulad_FFF_2014B,OULAD,local,oulad_FFF_2014B,imd_band,10,0.4496124031007752,0.19642857142857142,0.2531838316722038,70-80%
oulad_FFF_2014B,OULAD,local,oulad_FFF_2014B,disability,2,0.3581890812250333,0.3263157894736842,0.031873291751349064,Y
oulad_FFF_2014B,OULAD,local,oulad_FFF_2014B,age_band,2,0.4020618556701031,0.3415384615384615,0.060523394131641595,0-35
oulad_FFF_2014B,OULAD,local,oulad_FFF_2014B,highest_education,3,0.42168674698795183,0.3166144200626959,0.10507232692525592,A Level or Equivalent
oulad_FFF_2014B,OULAD,transferred,ku_Accountancy_1819,gender,2,0.29454022988505746,0.22666666666666666,0.0678735632183908,F
oulad_FFF_2014B,OULAD,transferred,ku_Accountancy_1819,imd_band,10,0.3584905660377358,0.22330097087378642,0.1351895951639494,0-10%
oulad_FFF_2014B,OULAD,transferred,ku_Accountancy_1819,disability,2,0.29027962716378164,0.22105263157894736,0.06922699558483428,Y
oulad_FFF_2014B,OULAD,transferred,ku_Accountancy_1819,age_band,2,0.28350515463917525,0.2815384615384615,0.0019666931007137345,0-35
oulad_FFF_2014B,OULAD,transferred,ku_Accountancy_1819,highest_education,3,0.3373493975903614,0.23317307692307693,0.1041763206672845,Lower Than A Level
oulad_FFF_2014B,OULAD,transferred,ku_Globaleconom_1819,gender,2,0.34770114942528735,0.34,0.007701149425287324,F
oulad_FFF_2014B,OULAD,transferred,ku_Globaleconom_1819,imd_band,10,0.391304347826087,0.26785714285714285,0.12344720496894412,70-80%
oulad_FFF_2014B,OULAD,transferred,ku_Globaleconom_1819,disability,2,0.35019973368841545,0.3157894736842105,0.03441026000420494,Y
oulad_FFF_2014B,OULAD,transferred,ku_Globaleconom_1819,age_band,2,0.3507692307692308,0.33505154639175255,0.015717684377478225,35-55
oulad_FFF_2014B,OULAD,transferred,ku_Globaleconom_1819,highest_education,3,0.3855421686746988,0.33413461538461536,0.05140755329008345,Lower Than A Level
oulad_FFF_2014B,OULAD,transferred,ku_Accountancy_1920,gender,2,0.12666666666666668,0.08908045977011494,0.03758620689655173,M
oulad_FFF_2014B,OULAD,transferred,ku_Accountancy_1920,imd_band,10,0.14754098360655737,0.06422018348623854,0.08332080012031884,10-20
oulad_FFF_2014B,OULAD,transferred,ku_Accountancy_1920,disability,2,0.10526315789473684,0.09454061251664447,0.010722545378092363,N
oulad_FFF_2014B,OULAD,transferred,ku_Accountancy_1920,age_band,2,0.10153846153846154,0.07731958762886598,0.024218873909595554,35-55
oulad_FFF_2014B,OULAD,transferred,ku_Accountancy_1920,highest_education,3,0.10344827586206896,0.07228915662650602,0.031159119235562943,HE Qualification
oulad_FFF_2014B,OULAD,transferred,ku_Globaleconom_1920,gender,2,0.34,0.3074712643678161,0.03252873563218395,M
oulad_FFF_2014B,OULAD,transferred,ku_Globaleconom_1920,imd_band,10,0.39285714285714285,0.23214285714285715,0.1607142857142857,70-80%
oulad_FFF_2014B,OULAD,transferred,ku_Globaleconom_1920,disability,2,0.3209054593874834,0.25263157894736843,0.06827388044011495,Y
oulad_FFF_2014B,OULAD,transferred,ku_Globaleconom_1920,age_band,2,0.35051546391752575,0.3030769230769231,0.04743854084060267,0-35
oulad_FFF_2014B,OULAD,transferred,ku_Globaleconom_1920,highest_education,3,0.37349397590361444,0.2860576923076923,0.08743628359592215,Lower Than A Level
oulad_FFF_2014B,OULAD,transferred,ku_Accountancy_2021,gender,2,0.29022988505747127,0.24,0.05022988505747128,F
oulad_FFF_2014B,OULAD,transferred,ku_Accountancy_2021,imd_band,10,0.3698630136986301,0.17829457364341086,0.19156844005521925,20-30%
oulad_FFF_2014B,OULAD,transferred,ku_Accountancy_2021,disability,2,0.28495339547270304,0.25263157894736843,0.03232181652533461,Y
oulad_FFF_2014B,OULAD,transferred,ku_Accountancy_2021,age_band,2,0.28307692307692306,0.27835051546391754,0.004726407613005523,35-55
oulad_FFF_2014B,OULAD,transferred,ku_Accountancy_2021,highest_education,3,0.329153605015674,0.24096385542168675,0.08818974959398723,HE Qualification
oulad_FFF_2014B,OULAD,transferred,ku_Globaleconom_2021,gender,2,0.35333333333333333,0.3275862068965517,0.02574712643678162,M
oulad_FFF_2014B,OULAD,transferred,ku_Globaleconom_2021,imd_band,10,0.43119266055045874,0.25757575757575757,0.17361690297470117,50-60%
oulad_FFF_2014B,OULAD,transferred,ku_Globaleconom_2021,disability,2,0.3382157123834887,0.28421052631578947,0.05400518606769922,Y
oulad_FFF_2014B,OULAD,transferred,ku_Globaleconom_2021,age_band,2,0.3556701030927835,0.3261538461538461,0.02951625693893739,0-35
oulad_FFF_2014B,OULAD,transferred,ku_Globaleconom_2021,highest_education,3,0.40963855421686746,0.28125,0.12838855421686746,Lower Than A Level
oulad_FFF_2014B,OULAD,transferred,ukzn_ISTN101_2019,gender,2,0.32,0.2442528735632184,0.07574712643678161,M
oulad_FFF_2014B,OULAD,transferred,ukzn_ISTN101_2019,imd_band,10,0.3178294573643411,0.16981132075471697,0.14801813660962412,90-100%
oulad_FFF_2014B,OULAD,transferred,ukzn_ISTN101_2019,disability,2,0.2736842105263158,0.255659121171771,0.018025089354544832,N
oulad_FFF_2014B,OULAD,transferred,ukzn_ISTN101_2019,age_band,2,0.29896907216494845,0.24615384615384617,0.05281522601110228,0-35
oulad_FFF_2014B,OULAD,transferred,ukzn_ISTN101_2019,highest_education,3,0.3132530120481928,0.25240384615384615,0.060849165894346635,Lower Than A Level
oulad_FFF_2014B,OULAD,transferred,ukzn_ISTN101_2020,gender,2,0.3204022988505747,0.28,0.04040229885057467,F
oulad_FFF_2014B,OULAD,transferred,ukzn_ISTN101_2020,imd_band,10,0.4383561643835616,0.1941747572815534,0.24418140710200822,0-10%
oulad_FFF_2014B,OULAD,transferred,ukzn_ISTN101_2020,disability,2,0.3249001331557923,0.22105263157894736,0.10384750157684494,Y
oulad_FFF_2014B,OULAD,transferred,ukzn_ISTN101_2020,age_band,2,0.3323076923076923,0.25257731958762886,0.07973037272006345,35-55
oulad_FFF_2014B,OULAD,transferred,ukzn_ISTN101_2020,highest_education,3,0.3573667711598746,0.28846153846153844,0.06890523269833615,Lower Than A Level
oulad_FFF_2014B,OULAD,transferred,ukzn_ISTN101_2021,gender,2,0.36,0.3448275862068966,0.015172413793103412,M
oulad_FFF_2014B,OULAD,transferred,ukzn_ISTN101_2021,imd_band,10,0.4107142857142857,0.21212121212121213,0.19859307359307357,50-60%
oulad_FFF_2014B,OULAD,transferred,ukzn_ISTN101_2021,disability,2,0.35153129161118507,0.3157894736842105,0.03574181792697456,Y
oulad_FFF_2014B,OULAD,transferred,ukzn_ISTN101_2021,age_band,2,0.3711340206185567,0.34,0.03113402061855669,0-35
oulad_FFF_2014B,OULAD,transferred,ukzn_ISTN101_2021,highest_education,3,0.40963855421686746,0.3389423076923077,0.07069624652455975,Lower Than A Level
oulad_FFF_2014B,OULAD,transferred,ukzn_ISTN102_2018,gender,2,0.3466666666666667,0.3448275862068966,0.0018390804597701038,M
oulad_FFF_2014B,OULAD,transferred,ukzn_ISTN102_2018,imd_band,10,0.4108527131782946,0.25,0.16085271317829458,70-80%
oulad_FFF_2014B,OULAD,transferred,ukzn_ISTN102_2018,disability,2,0.35019973368841545,0.30526315789473685,0.0449365757936786,Y
oulad_FFF_2014B,OULAD,transferred,ukzn_ISTN102_2018,age_band,2,0.36597938144329895,0.34,0.02597938144329892,0-35
oulad_FFF_2014B,OULAD,transferred,ukzn_ISTN102_2018,highest_education,3,0.42168674698795183,0.32211538461538464,0.0995713623725672,Lower Than A Level
oulad_FFF_2014B,OULAD,transferred,ukzn_ISTN103_2019,gender,2,0.3160919540229885,0.22,0.09609195402298851,F
oulad_FFF_2014B,OULAD,transferred,ukzn_ISTN103_2019,imd_band,10,0.3787878787878788,0.19642857142857142,0.18235930735930736,80-90%
oulad_FFF_2014B,OULAD,transferred,ukzn_ISTN103_2019,disability,2,0.30758988015978694,0.23157894736842105,0.07601093279136589,Y
oulad_FFF_2014B,OULAD,transferred,ukzn_ISTN103_2019,age_band,2,0.32989690721649484,0.2907692307692308,0.03912767644726406,0-35
oulad_FFF_2014B,OULAD,transferred,ukzn_ISTN103_2019,highest_education,3,0.3373493975903614,0.26332288401253917,0.07402651357782225,A Level or Equivalent
oulad_FFF_2014B,OULAD,transferred,ukzn_ISTN103_2020,gender,2,0.36,0.34051724137931033,0.019482758620689655,M
oulad_FFF_2014B,OULAD,transferred,ukzn_ISTN103_2020,imd_band,10,0.4108527131782946,0.23214285714285715,0.17870985603543743,70-80%
oulad_FFF_2014B,OULAD,transferred,ukzn_ISTN103_2020,disability,2,0.35286284953395475,0.2736842105263158,0.07917863900763894,Y
oulad_FFF_2014B,OULAD,transferred,ukzn_ISTN103_2020,age_band,2,0.37628865979381443,0.3353846153846154,0.040904044409199036,0-35
oulad_FFF_2014B,OULAD,transferred,ukzn_ISTN103_2020,highest_education,3,0.3855421686746988,0.3293269230769231,0.05621524559777574,Lower Than A Level
oulad_FFF_2014B,OULAD,transferred,ukzn_ISTN211_2019,gender,2,0.17672413793103448,0.14,0.03672413793103446,F
oulad_FFF_2014B,OULAD,transferred,ukzn_ISTN211_2019,imd_band,10,0.32786885245901637,0.03773584905660377,0.2901330034024126,90-100%
oulad_FFF_2014B,OULAD,transferred,ukzn_ISTN211_2019,disability,2,0.24210526315789474,0.1611185086551265,0.08098675450276824,N
oulad_FFF_2014B,OULAD,transferred,ukzn_ISTN211_2019,age_band,2,0.1958762886597938,0.16307692307692306,0.03279936558287075,0-35
oulad_FFF_2014B,OULAD,transferred,ukzn_ISTN211_2019,highest_education,3,0.17548076923076922,0.10843373493975904,0.06704703429101018,HE Qualification
oulad_FFF_2014B,OULAD,transferred,ukzn_ISTN211_2021,gender,2,0.36,0.34195402298850575,0.01804597701149424,M
oulad_FFF_2014B,OULAD,transferred,ukzn_ISTN211_2021,imd_band,10,0.45217391304347826,0.22727272727272727,0.224901185770751,50-60%
oulad_FFF_2014B,OULAD,transferred,ukzn_ISTN211_2021,disability,2,0.34753661784287615,0.3263157894736842,0.021220828369191924,Y
oulad_FFF_2014B,OULAD,transferred,ukzn_ISTN211_2021,age_band,2,0.34615384615384615,0.34536082474226804,0.0007930214115781098,35-55
oulad_FFF_2014B,OULAD,transferred,ukzn_ISTN211_2021,highest_education,3,0.3855421686746988,0.322884012539185,0.06265815613551384,A Level or Equivalent
oulad_FFF_2014B,OULAD,transferred,ukzn_ISTN212_2018,gender,2,0.36666666666666664,0.33764367816091956,0.029022988505747083,M
oulad_FFF_2014B,OULAD,transferred,ukzn_ISTN212_2018,imd_band,10,0.3953488372093023,0.23214285714285715,0.16320598006644516,70-80%
oulad_FFF_2014B,OULAD,transferred,ukzn_ISTN212_2018,disability,2,0.34620505992010653,0.3157894736842105,0.03041558623589602,Y
oulad_FFF_2014B,OULAD,transferred,ukzn_ISTN212_2018,age_band,2,0.3917525773195876,0.3292307692307692,0.06252180808881841,0-35
oulad_FFF_2014B,OULAD,transferred,ukzn_ISTN212_2018,highest_education,3,0.3542319749216301,0.33413461538461536,0.020097359537014747,Lower Than A Level
oulad_FFF_2014B,OULAD,transferred,ukzn_ISTN212_2019,gender,2,0.37333333333333335,0.33189655172413796,0.041436781609195394,M
oulad_FFF_2014B,OULAD,transferred,ukzn_ISTN212_2019,imd_band,10,0.39285714285714285,0.2641509433962264,0.12870619946091644,90-100%
oulad_FFF_2014B,OULAD,transferred,ukzn_ISTN212_2019,disability,2,0.3473684210526316,0.3382157123834887,0.009152708669142917,N
oulad_FFF_2014B,OULAD,transferred,ukzn_ISTN212_2019,age_band,2,0.39690721649484534,0.3230769230769231,0.07383029341792224,0-35
oulad_FFF_2014B,OULAD,transferred,ukzn_ISTN212_2019,highest_education,3,0.39759036144578314,0.31971153846153844,0.0778788229842447,Lower Than A Level
oulad_FFF_2014B,OULAD,transferred,ukzn_ISTN2IP_2018,gender,2,0.36,0.33189655172413796,0.02810344827586203,M
oulad_FFF_2014B,OULAD,transferred,ukzn_ISTN2IP_2018,imd_band,10,0.3761467889908257,0.25,0.1261467889908257,70-80%
oulad_FFF_2014B,OULAD,transferred,ukzn_ISTN2IP_2018,disability,2,0.340878828229028,0.30526315789473685,0.03561567033429114,Y
oulad_FFF_2014B,OULAD,transferred,ukzn_ISTN2IP_2018,age_band,2,0.38144329896907214,0.32461538461538464,0.0568279143536875,0-35
oulad_FFF_2014B,OULAD,transferred,ukzn_ISTN2IP_2018,highest_education,3,0.37349397590361444,0.3173076923076923,0.05618628359592215,Lower Than A Level
oulad_FFF_2014B,OULAD,transferred,ukzn_ISTN2IP_2019,gender,2,0.3160919540229885,0.22,0.09609195402298851,F
oulad_FFF_2014B,OULAD,transferred,ukzn_ISTN2IP_2019,imd_band,10,0.3787878787878788,0.24528301886792453,0.13350485991995426,90-100%
oulad_FFF_2014B,OULAD,transferred,ukzn_ISTN2IP_2019,disability,2,0.3157894736842105,0.2969374167776298,0.018852056906580705,N
oulad_FFF_2014B,OULAD,transferred,ukzn_ISTN2IP_2019,age_band,2,0.3046153846153846,0.28350515463917525,0.02111022997620937,35-55
oulad_FFF_2014B,OULAD,transferred,ukzn_ISTN2IP_2019,highest_education,3,0.3103448275862069,0.25301204819277107,0.05733277939343584,HE Qualification
oulad_FFF_2014B,OULAD,transferred,ukzn_ISTN3ND_2018,gender,2,0.36666666666666664,0.3074712643678161,0.059195402298850563,M
oulad_FFF_2014B,OULAD,transferred,ukzn_ISTN3ND_2018,imd_band,10,0.36065573770491804,0.22727272727272727,0.13338301043219078,50-60%
oulad_FFF_2014B,OULAD,transferred,ukzn_ISTN3ND_2018,disability,2,0.322237017310253,0.28421052631578947,0.038026490994463535,Y
oulad_FFF_2014B,OULAD,transferred,ukzn_ISTN3ND_2018,age_band,2,0.3402061855670103,0.3123076923076923,0.027898493259318036,0-35
oulad_FFF_2014B,OULAD,transferred,ukzn_ISTN3ND_2018,highest_education,3,0.39759036144578314,0.30288461538461536,0.09470574606116777,Lower Than A Level
oulad_FFF_2014B,OULAD,transferred,ukzn_ISTN3ND_2019,gender,2,0.26,0.21839080459770116,0.04160919540229885,M
oulad_FFF_2014B,OULAD,transferred,ukzn_ISTN3ND_2019,imd_band,10,0.3114754098360656,0.1320754716981132,0.17939993813795238,90-100%
oulad_FFF_2014B,OULAD,transferred,ukzn_ISTN3ND_2019,disability,2,0.25263157894736843,0.22237017310252996,0.030261405844838468,N
oulad_FFF_2014B,OULAD,transferred,ukzn_ISTN3ND_2019,age_band,2,0.25257731958762886,0.21846153846153846,0.0341157811260904,0-35
oulad_FFF_2014B,OULAD,transferred,ukzn_ISTN3ND_2019,highest_education,3,0.27710843373493976,0.21630094043887146,0.0608074932960683,A Level or Equivalent
oulad_FFF_2014B,OULAD,transferred,ukzn_ISTN3SA_2018,gender,2,0.22557471264367815,0.14,0.08557471264367814,F
oulad_FFF_2014B,OULAD,transferred,ukzn_ISTN3SA_2018,imd_band,10,0.2876712328767123,0.1650485436893204,0.12262268918739191,0-10%
oulad_FFF_2014B,OULAD,transferred,ukzn_ISTN3SA_2018,disability,2,0.21052631578947367,0.2103861517976032,0.00014016399187047335,N
oulad_FFF_2014B,OULAD,transferred,ukzn_ISTN3SA_2018,age_band,2,0.23711340206185566,0.20153846153846153,0.03557494052339413,0-35
oulad_FFF_2014B,OULAD,transferred,ukzn_ISTN3SA_2018,highest_education,3,0.21686746987951808,0.19951923076923078,0.017348239110287295,Lower Than A Level
oulad_FFF_2014B,OULAD,transferred,ukzn_ISTN3SA_2019,gender,2,0.33477011494252873,0.26,0.07477011494252872,F
oulad_FFF_2014B,OULAD,transferred,ukzn_ISTN3SA_2019,imd_band,10,0.3944954128440367,0.21428571428571427,0.18020969855832245,80-90%
oulad_FFF_2014B,OULAD,transferred,ukzn_ISTN3SA_2019,disability,2,0.322237017310253,0.3157894736842105,0.006447543626042496,Y
oulad_FFF_2014B,OULAD,transferred,ukzn_ISTN3SA_2019,age_band,2,0.3556701030927835,0.31076923076923074,0.044900872323552776,0-35
oulad_FFF_2014B,OULAD,transferred,ukzn_ISTN3SA_2019,highest_education,3,0.33653846153846156,0.30120481927710846,0.035333642261353104,HE Qualification
oulad_FFF_2014B,OULAD,transferred,zambia_ICT1110_2020,gender,2,0.35333333333333333,0.3218390804597701,0.03149425287356322,M
oulad_FFF_2014B,OULAD,transferred,zambia_ICT1110_2020,imd_band,10,0.3826086956521739,0.21428571428571427,0.16832298136645965,70-80%
oulad_FFF_2014B,OULAD,transferred,zambia_ICT1110_2020,disability,2,0.33155792276964047,0.29473684210526313,0.03682108066437734,Y
oulad_FFF_2014B,OULAD,transferred,zambia_ICT1110_2020,age_band,2,0.3323076923076923,0.31443298969072164,0.01787470261697066,35-55
oulad_FFF_2014B,OULAD,transferred,zambia_ICT1110_2020,highest_education,3,0.3385579937304075,0.30120481927710846,0.037353174453299054,HE Qualification
oulad_FFF_2014B,OULAD,transferred,zambia_ICT1110_2021,gender,2,0.23132183908045978,0.22,0.011321839080459778,F
oulad_FFF_2014B,OULAD,transferred,zambia_ICT1110_2021,imd_band,10,0.32142857142857145,0.1509433962264151,0.17048517520215636,90-100%
oulad_FFF_2014B,OULAD,transferred,zambia_ICT1110_2021,disability,2,0.25263157894736843,0.22636484687083888,0.026266732076529548,N
oulad_FFF_2014B,OULAD,transferred,zambia_ICT1110_2021,age_band,2,0.22923076923076924,0.22164948453608246,0.007581284694686774,35-55
oulad_FFF_2014B,OULAD,transferred,zambia_ICT1110_2021,highest_education,3,0.25721153846153844,0.18072289156626506,0.07648864689527338,HE Qualification
oulad_FFF_2014B,OULAD,transferred,oviedo_C1112_1415,gender,2,0.34051724137931033,0.3333333333333333,0.007183908045977017,F
oulad_FFF_2014B,OULAD,transferred,oviedo_C1112_1415,imd_band,10,0.4,0.23214285714285715,0.16785714285714287,70-80%
oulad_FFF_2014B,OULAD,transferred,oviedo_C1112_1415,disability,2,0.34354194407456723,0.30526315789473685,0.03827878617983038,Y
oulad_FFF_2014B,OULAD,transferred,oviedo_C1112_1415,age_band,2,0.36597938144329895,0.3323076923076923,0.03367168913560664,0-35
oulad_FFF_2014B,OULAD,transferred,oviedo_C1112_1415,highest_education,3,0.3493975903614458,0.34169278996865204,0.007704800392793754,A Level or Equivalent
oulad_FFF_2014B,OULAD,transferred,oviedo_C1127_1415,gender,2,0.34770114942528735,0.32,0.02770114942528734,F
oulad_FFF_2014B,OULAD,transferred,oviedo_C1127_1415,imd_band,10,0.43410852713178294,0.23300970873786409,0.20109881839391885,0-10%
oulad_FFF_2014B,OULAD,transferred,oviedo_C1127_1415,disability,2,0.34753661784287615,0.30526315789473685,0.0422734599481393,Y
oulad_FFF_2014B,OULAD,transferred,oviedo_C1127_1415,age_band,2,0.36597938144329895,0.33692307692307694,0.02905630452022201,0-35
oulad_FFF_2014B,OULAD,transferred,oviedo_C1127_1415,highest_education,3,0.42168674698795183,0.32601880877742945,0.09566793821052239,A Level or Equivalent
oulad_FFF_2014B,OULAD,transferred,oviedo_C1200_1415,gender,2,0.35333333333333333,0.34051724137931033,0.012816091954023001,M
oulad_FFF_2014B,OULAD,transferred,oviedo_C1200_1415,imd_band,10,0.41739130434782606,0.19642857142857142,0.22096273291925464,70-80%
oulad_FFF_2014B,OULAD,transferred,oviedo_C1200_1415,disability,2,0.34620505992010653,0.3157894736842105,0.03041558623589602,Y
oulad_FFF_2014B,OULAD,transferred,oviedo_C1200_1415,age_band,2,0.36597938144329895,0.33692307692307694,0.02905630452022201,0-35
oulad_FFF_2014B,OULAD,transferred,oviedo_C1200_1415,highest_education,3,0.43373493975903615,0.3322884012539185,0.10144653850511764,A Level or Equivalent
oulad_FFF_2014B,OULAD,transferred,oviedo_C1303_1415,gender,2,0.34770114942528735,0.3333333333333333,0.014367816091954033,F
oulad_FFF_2014B,OULAD,transferred,oviedo_C1303_1415,imd_band,10,0.4263565891472868,0.23214285714285715,0.19421373200442965,70-80%
oulad_FFF_2014B,OULAD,transferred,oviedo_C1303_1415,disability,2,0.35019973368841545,0.30526315789473685,0.0449365757936786,Y
oulad_FFF_2014B,OULAD,transferred,oviedo_C1303_1415,age_band,2,0.35051546391752575,0.3446153846153846,0.005900079302141148,0-35
oulad_FFF_2014B,OULAD,transferred,oviedo_C1303_1415,highest_education,3,0.37349397590361444,0.33653846153846156,0.036955514365152875,Lower Than A Level
oulad_FFF_2014B,OULAD,transferred,oviedo_C174_1415,gender,2,0.24,0.23706896551724138,0.00293103448275861,M
oulad_FFF_2014B,OULAD,transferred,oviedo_C174_1415,imd_band,10,0.2786885245901639,0.1941747572815534,0.08451376730861052,0-10%
oulad_FFF_2014B,OULAD,transferred,oviedo_C174_1415,disability,2,0.24101198402130491,0.21052631578947367,0.030485668231831242,Y
oulad_FFF_2014B,OULAD,transferred,oviedo_C174_1415,age_band,2,0.3865979381443299,0.19230769230769232,0.1942902458366376,0-35
oulad_FFF_2014B,OULAD,transferred,oviedo_C174_1415,highest_education,3,0.30120481927710846,0.20432692307692307,0.09687789620018539,Lower Than A Level
oulad_FFF_2014B,OULAD,transferred,oviedo_C190_1415,gender,2,0.27298850574712646,0.23333333333333334,0.03965517241379313,F
oulad_FFF_2014B,OULAD,transferred,oviedo_C190_1415,imd_band,10,0.3577981651376147,0.16071428571428573,0.19708387942332897,80-90%
oulad_FFF_2014B,OULAD,transferred,oviedo_C190_1415,disability,2,0.26764314247669774,0.25263157894736843,0.015011563529329308,Y
oulad_FFF_2014B,OULAD,transferred,oviedo_C190_1415,age_band,2,0.28,0.21649484536082475,0.06350515463917528,35-55
oulad_FFF_2014B,OULAD,transferred,oviedo_C190_1415,highest_education,3,0.2884012539184953,0.1566265060240964,0.1317747478943989,HE Qualification
oulad_FFF_2014B,OULAD,transferred,oviedo_C1978_1415,gender,2,0.08,0.06896551724137931,0.011034482758620692,M
oulad_FFF_2014B,OULAD,transferred,oviedo_C1978_1415,imd_band,10,0.13114754098360656,0.009174311926605505,0.12197322905700106,10-20
oulad_FFF_2014B,OULAD,transferred,oviedo_C1978_1415,disability,2,0.09473684210526316,0.06790945406125166,0.026827388044011496,N
oulad_FFF_2014B,OULAD,transferred,oviedo_C1978_1415,age_band,2,0.08762886597938144,0.06615384615384616,0.021475019825535277,0-35
oulad_FFF_2014B,OULAD,transferred,oviedo_C1978_1415,highest_education,3,0.07932692307692307,0.05956112852664577,0.019765794550277306,A Level or Equivalent
oulad_FFF_2014B,OULAD,transferred,oviedo_C2011_1415,gender,2,0.34051724137931033,0.26,0.08051724137931032,F
oulad_FFF_2014B,OULAD,transferred,oviedo_C2011_1415,imd_band,10,0.4393939393939394,0.22330097087378642,0.21609296852015297,0-10%
oulad_FFF_2014B,OULAD,transferred,oviedo_C2011_1415,disability,2,0.3368421052631579,0.3249001331557923,0.011941972107365584,N
oulad_FFF_2014B,OULAD,transferred,oviedo_C2011_1415,age_band,2,0.33505154639175255,0.3230769230769231,0.011974623314829458,0-35
oulad_FFF_2014B,OULAD,transferred,oviedo_C2011_1415,highest_education,3,0.3389423076923077,0.3103448275862069,0.028597480106100803,A Level or Equivalent
oulad_FFF_2014B,OULAD,transferred,oviedo_C2024_1415,gender,2,0.36666666666666664,0.3204022988505747,0.046264367816091945,M
oulad_FFF_2014B,OULAD,transferred,oviedo_C2024_1415,imd_band,10,0.3669724770642202,0.19642857142857142,0.17054390563564878,70-80%
oulad_FFF_2014B,OULAD,transferred,oviedo_C2024_1415,disability,2,0.3355525965379494,0.2736842105263158,0.06186838601163358,Y
oulad_FFF_2014B,OULAD,transferred,oviedo_C2024_1415,age_band,2,0.36082474226804123,0.32,0.040824742268041225,0-35
oulad_FFF_2014B,OULAD,transferred,oviedo_C2024_1415,highest_education,3,0.37349397590361444,0.3125,0.06099397590361444,Lower Than A Level
oulad_FFF_2014B,OULAD,transferred,oviedo_C2150_1415,gender,2,0.34339080459770116,0.29333333333333333,0.050057471264367825,F
oulad_FFF_2014B,OULAD,transferred,oviedo_C2150_1415,imd_band,10,0.3798449612403101,0.21212121212121213,0.16772374911909796,50-60%
oulad_FFF_2014B,OULAD,transferred,oviedo_C2150_1415,disability,2,0.3473684210526316,0.33288948069241014,0.01447894036022146,N
oulad_FFF_2014B,OULAD,transferred,oviedo_C2150_1415,age_band,2,0.3556701030927835,0.3292307692307692,0.026439333862014303,0-35
oulad_FFF_2014B,OULAD,transferred,oviedo_C2150_1415,highest_education,3,0.4457831325301205,0.31490384615384615,0.13087928637627433,Lower Than A Level
oulad_FFF_2014B,OULAD,transferred,oviedo_C2271_1415,gender,2,0.35333333333333333,0.3031609195402299,0.05017241379310344,M
oulad_FFF_2014B,OULAD,transferred,oviedo_C2271_1415,imd_band,10,0.3669724770642202,0.14285714285714285,0.22411533420707735,70-80%
oulad_FFF_2014B,OULAD,transferred,oviedo_C2271_1415,disability,2,0.3155792276964048,0.28421052631578947,0.031368701380615316,Y
oulad_FFF_2014B,OULAD,transferred,oviedo_C2271_1415,age_band,2,0.35051546391752575,0.30153846153846153,0.048977002379064216,0-35
oulad_FFF_2014B,OULAD,transferred,oviedo_C2271_1415,highest_education,3,0.3614457831325301,0.30528846153846156,0.056157321594068554,Lower Than A Level
oulad_FFF_2014B,OULAD,transferred,oviedo_C2335_1415,gender,2,0.3045977011494253,0.2866666666666667,0.017931034482758623,F
oulad_FFF_2014B,OULAD,transferred,oviedo_C2335_1415,imd_band,10,0.4090909090909091,0.24271844660194175,0.16637246248896737,0-10%
oulad_FFF_2014B,OULAD,transferred,oviedo_C2335_1415,disability,2,0.30492676431424764,0.2736842105263158,0.031242553787931837,Y
oulad_FFF_2014B,OULAD,transferred,oviedo_C2335_1415,age_band,2,0.31384615384615383,0.25773195876288657,0.05611419508326726,35-55
oulad_FFF_2014B,OULAD,transferred,oviedo_C2335_1415,highest_education,3,0.31490384615384615,0.1927710843373494,0.12213276181649674,HE Qualification
oulad_FFF_2014B,OULAD,transferred,oviedo_C2406_1415,gender,2,0.34,0.3333333333333333,0.00666666666666671,M
oulad_FFF_2014B,OULAD,transferred,oviedo_C2406_1415,imd_band,10,0.40869565217391307,0.21428571428571427,0.1944099378881988,70-80%
oulad_FFF_2014B,OULAD,transferred,oviedo_C2406_1415,disability,2,0.3355525965379494,0.3263157894736842,0.009236807064265162,Y
oulad_FFF_2014B,OULAD,transferred,oviedo_C2406_1415,age_band,2,0.3556701030927835,0.3292307692307692,0.026439333862014303,0-35
oulad_FFF_2014B,OULAD,transferred,oviedo_C2406_1415,highest_education,3,0.40963855421686746,0.3173076923076923,0.09233086190917517,Lower Than A Level
oulad_FFF_2014B,OULAD,transferred,oviedo_C2468_1415,gender,2,0.3,0.2988505747126437,0.0011494252873562871,M
oulad_FFF_2014B,OULAD,transferred,oviedo_C2468_1415,imd_band,10,0.3652173913043478,0.17857142857142858,0.18664596273291925,70-80%
oulad_FFF_2014B,OULAD,transferred,oviedo_C2468_1415,disability,2,0.2996005326231691,0.29473684210526313,0.004863690517905972,Y
oulad_FFF_2014B,OULAD,transferred,oviedo_C2468_1415,age_band,2,0.30927835051546393,0.2969230769230769,0.012355273592387028,0-35
oulad_FFF_2014B,OULAD,transferred,oviedo_C2468_1415,highest_education,3,0.3253012048192771,0.29153605015673983,0.03376515466253727,A Level or Equivalent
oulad_FFF_2014B,OULAD,transferred,oviedo_C2607_1415,gender,2,0.3333333333333333,0.3218390804597701,0.011494252873563204,M
oulad_FFF_2014B,OULAD,transferred,oviedo_C2607_1415,imd_band,10,0.4107142857142857,0.21428571428571427,0.19642857142857142,70-80%
oulad_FFF_2014B,OULAD,transferred,oviedo_C2607_1415,disability,2,0.3262316910785619,0.30526315789473685,0.020968533183825078,Y
oulad_FFF_2014B,OULAD,transferred,oviedo_C2607_1415,age_band,2,0.35051546391752575,0.3169230769230769,0.03359238699444883,0-35
oulad_FFF_2014B,OULAD,transferred,oviedo_C2607_1415,highest_education,3,0.3855421686746988,0.3173076923076923,0.06823447636700652,Lower Than A Level
oulad_FFF_2014B,OULAD,transferred,oviedo_C3022_1415,gender,2,0.1781609195402299,0.17333333333333334,0.00482758620689655,F
oulad_FFF_2014B,OULAD,transferred,oviedo_C3022_1415,imd_band,10,0.2602739726027397,0.10714285714285714,0.15313111545988256,70-80%
oulad_FFF_2014B,OULAD,transferred,oviedo_C3022_1415,disability,2,0.18508655126498003,0.11578947368421053,0.0692970775807695,Y
oulad_FFF_2014B,OULAD,transferred,oviedo_C3022_1415,age_band,2,0.24742268041237114,0.15692307692307692,0.09049960348929423,0-35
oulad_FFF_2014B,OULAD,transferred,oviedo_C3022_1415,highest_education,3,0.2289156626506024,0.16826923076923078,0.060646431881371615,Lower Than A Level
oulad_FFF_2014B,OULAD,transferred,oviedo_C3029_1415,gender,2,0.36,0.3333333333333333,0.026666666666666672,M
oulad_FFF_2014B,OULAD,transferred,oviedo_C3029_1415,imd_band,10,0.40310077519379844,0.23214285714285715,0.1709579180509413,70-80%
oulad_FFF_2014B,OULAD,transferred,oviedo_C3029_1415,disability,2,0.340878828229028,0.3157894736842105,0.025089354544817477,Y
oulad_FFF_2014B,OULAD,transferred,oviedo_C3029_1415,age_band,2,0.36082474226804123,0.3323076923076923,0.028517049960348928,0-35
oulad_FFF_2014B,OULAD,transferred,oviedo_C3029_1415,highest_education,3,0.3855421686746988,0.32211538461538464,0.06342678405931418,Lower Than A Level
oulad_FFF_2014B,OULAD,transferred,oviedo_C4189_1415,gender,2,0.16666666666666666,0.15660919540229884,0.010057471264367818,M
oulad_FFF_2014B,OULAD,transferred,oviedo_C4189_1415,imd_band,10,0.26229508196721313,0.09302325581395349,0.16927182615325964,20-30%
oulad_FFF_2014B,OULAD,transferred,oviedo_C4189_1415,disability,2,0.17894736842105263,0.15579227696404793,0.0231550914570047,N
oulad_FFF_2014B,OULAD,transferred,oviedo_C4189_1415,age_band,2,0.25773195876288657,0.1276923076923077,0.13003965107057888,0-35
oulad_FFF_2014B,OULAD,transferred,oviedo_C4189_1415,highest_education,3,0.2289156626506024,0.1346153846153846,0.09430027803521779,Lower Than A Level
oulad_FFF_2014B,OULAD,transferred,oviedo_C4213_1415,gender,2,0.3466666666666667,0.33764367816091956,0.00902298850574712,M
oulad_FFF_2014B,OULAD,transferred,oviedo_C4213_1415,imd_band,10,0.4260869565217391,0.21428571428571427,0.21180124223602484,70-80%
oulad_FFF_2014B,OULAD,transferred,oviedo_C4213_1415,disability,2,0.340878828229028,0.3263157894736842,0.01456303875534376,Y
oulad_FFF_2014B,OULAD,transferred,oviedo_C4213_1415,age_band,2,0.3402061855670103,0.34,0.00020618556701029744,0-35
oulad_FFF_2014B,OULAD,transferred,oviedo_C4213_1415,highest_education,3,0.3855421686746988,0.32211538461538464,0.06342678405931418,Lower Than A Level
oulad_FFF_2014B,OULAD,transferred,oviedo_C836_1415,gender,2,0.36666666666666664,0.3261494252873563,0.04051724137931034,M
oulad_FFF_2014B,OULAD,transferred,oviedo_C836_1415,imd_band,10,0.39622641509433965,0.21428571428571427,0.18194070080862537,70-80%
oulad_FFF_2014B,OULAD,transferred,oviedo_C836_1415,disability,2,0.3355525965379494,0.3157894736842105,0.01976312285373888,Y
oulad_FFF_2014B,OULAD,transferred,oviedo_C836_1415,age_band,2,0.33692307692307694,0.3247422680412371,0.01218080888183981,35-55
oulad_FFF_2014B,OULAD,transferred,oviedo_C836_1415,highest_education,3,0.40963855421686746,0.3245192307692308,0.08511932344763667,Lower Than A Level
oulad_FFF_2014J,OULAD,local,oulad_FFF_2014J,gender,2,0.3820662768031189,0.36486486486486486,0.01720141193825403,F
oulad_FFF_2014J,OULAD,local,oulad_FFF_2014J,imd_band,10,0.42528735632183906,0.31868131868131866,0.1066060376405204,80-90%
oulad_FFF_2014J,OULAD,local,oulad_FFF_2014J,disability,2,0.38632162661737524,0.3313253012048193,0.054996325412555946,Y
oulad_FFF_2014J,OULAD,local,oulad_FFF_2014J,age_band,2,0.3928944618599791,0.3368421052631579,0.05605235659682123,35-55
oulad_FFF_2014J,OULAD,local,oulad_FFF_2014J,highest_education,3,0.3885350318471338,0.3508771929824561,0.03765783886467766,HE Qualification
oulad_FFF_2014J,OULAD,transferred,ku_Accountancy_1819,gender,2,0.32651072124756336,0.23423423423423423,0.09227648701332913,F
oulad_FFF_2014J,OULAD,transferred,ku_Accountancy_1819,imd_band,10,0.3786407766990291,0.27472527472527475,0.10391550197375438,80-90%
oulad_FFF_2014J,OULAD,transferred,ku_Accountancy_1819,disability,2,0.31515711645101663,0.27710843373493976,0.038048682716076865,Y
oulad_FFF_2014J,OULAD,transferred,ku_Accountancy_1819,age_band,2,0.335423197492163,0.23157894736842105,0.10384425012374193,35-55
oulad_FFF_2014J,OULAD,transferred,ku_Accountancy_1819,highest_education,3,0.32854209445585214,0.24561403508771928,0.08292805936813286,HE Qualification
oulad_FFF_2014J,OULAD,transferred,ku_Globaleconom_1819,gender,2,0.3963963963963964,0.3645224171539961,0.03187397924240032,M
oulad_FFF_2014J,OULAD,transferred,ku_Globaleconom_1819,imd_band,10,0.42857142857142855,0.2621359223300971,0.16643550624133147,60-70%
oulad_FFF_2014J,OULAD,transferred,ku_Globaleconom_1819,disability,2,0.3752310536044362,0.3373493975903614,0.03788165601407478,Y
oulad_FFF_2014J,OULAD,transferred,ku_Globaleconom_1819,age_band,2,0.38035527690700105,0.34035087719298246,0.04000439971401859,35-55
oulad_FFF_2014J,OULAD,transferred,ku_Globaleconom_1819,highest_education,3,0.37719298245614036,0.36344969199178645,0.013743290464353908,A Level or Equivalent
oulad_FFF_2014J,OULAD,transferred,ku_Accountancy_1920,gender,2,0.07212475633528265,0.06756756756756757,0.004557188767715076,F
oulad_FFF_2014J,OULAD,transferred,ku_Accountancy_1920,imd_band,10,0.09655172413793103,0.018867924528301886,0.07768379960962915,70-80%
oulad_FFF_2014J,OULAD,transferred,ku_Accountancy_1920,disability,2,0.07208872458410351,0.06626506024096386,0.005823664343139648,Y
oulad_FFF_2014J,OULAD,transferred,ku_Accountancy_1920,age_band,2,0.0912280701754386,0.06478578892371996,0.026442281251718644,0-35
oulad_FFF_2014J,OULAD,transferred,ku_Accountancy_1920,highest_education,3,0.10526315789473684,0.06847133757961783,0.036791820315119,Lower Than A Level
oulad_FFF_2014J,OULAD,transferred,ku_Globaleconom_1920,gender,2,0.347953216374269,0.32432432432432434,0.023628892049944672,F
oulad_FFF_2014J,OULAD,transferred,ku_Globaleconom_1920,imd_band,10,0.367816091954023,0.29906542056074764,0.06875067139327534,50-60%
oulad_FFF_2014J,OULAD,transferred,ku_Globaleconom_1920,disability,2,0.3521256931608133,0.2891566265060241,0.06296906665478924,Y
oulad_FFF_2014J,OULAD,transferred,ku_Globaleconom_1920,age_band,2,0.3563218390804598,0.3017543859649123,0.054567453115547504,35-55
oulad_FFF_2014J,OULAD,transferred,ku_Globaleconom_1920,highest_education,3,0.3860369609856263,0.2894736842105263,0.09656327677509996,HE Qualification
oulad_FFF_2014J,OULAD,transferred,ku_Accountancy_2021,gender,2,0.28654970760233917,0.2702702702702703,0.01627943733206888,F
oulad_FFF_2014J,OULAD,transferred,ku_Accountancy_2021,imd_band,10,0.3185840707964602,0.2358490566037736,0.08273501419268658,70-80%
oulad_FFF_2014J,OULAD,transferred,ku_Accountancy_2021,disability,2,0.3072289156626506,0.2800369685767098,0.027191947085940804,N
oulad_FFF_2014J,OULAD,transferred,ku_Accountancy_2021,age_band,2,0.2936259143155695,0.256140350877193,0.0374855634383765,35-55
oulad_FFF_2014J,OULAD,transferred,ku_Accountancy_2021,highest_education,3,0.2936344969199179,0.2719298245614035,0.021704672358514365,HE Qualification
oulad_FFF_2014J,OULAD,transferred,ku_Globaleconom_2021,gender,2,0.3738738738738739,0.35477582846003897,0.01909804541383492,M
oulad_FFF_2014J,OULAD,transferred,ku_Globaleconom_2021,imd_band,10,0.42758620689655175,0.291044776119403,0.13654143077714875,30-40%
oulad_FFF_2014J,OULAD,transferred,ku_Globaleconom_2021,disability,2,0.3614457831325301,0.3576709796672828,0.003774803465247334,N
oulad_FFF_2014J,OULAD,transferred,ku_Globaleconom_2021,age_band,2,0.3709508881922675,0.3192982456140351,0.05165264257823243,35-55
oulad_FFF_2014J,OULAD,transferred,ku_Globaleconom_2021,highest_education,3,0.37719298245614036,0.34291581108829566,0.034277171367844694,A Level or Equivalent
oulad_FFF_2014J,OULAD,transferred,ukzn_ISTN101_2019,gender,2,0.38738738738738737,0.30116959064327486,0.08621779674411251,M
oulad_FFF_2014J,OULAD,transferred,ukzn_ISTN101_2019,imd_band,10,0.41420118343195267,0.20388349514563106,0.2103176882863216,60-70%
oulad_FFF_2014J,OULAD,transferred,ukzn_ISTN101_2019,disability,2,0.32162661737523107,0.28313253012048195,0.03849408725474912,Y
oulad_FFF_2014J,OULAD,transferred,ukzn_ISTN101_2019,age_band,2,0.34035087719298246,0.30929989550679204,0.031050981686190415,0-35
oulad_FFF_2014J,OULAD,transferred,ukzn_ISTN101_2019,highest_education,3,0.38596491228070173,0.2813141683778234,0.10465074390287832,A Level or Equivalent
oulad_FFF_2014J,OULAD,transferred,ukzn_ISTN101_2020,gender,2,0.3401559454191033,0.3153153153153153,0.02484063010378801,F
oulad_FFF_2014J,OULAD,transferred,ukzn_ISTN101_2020,imd_band,10,0.3974358974358974,0.2835820895522388,0.11385380788365862,30-40%
oulad_FFF_2014J,OULAD,transferred,ukzn_ISTN101_2020,disability,2,0.3391866913123845,0.3132530120481928,0.02593367926419171,Y
oulad_FFF_2014J,OULAD,transferred,ukzn_ISTN101_2020,age_band,2,0.34273772204806685,0.3157894736842105,0.026948248363856342,35-55
oulad_FFF_2014J,OULAD,transferred,ukzn_ISTN101_2020,highest_education,3,0.351129363449692,0.3184713375796178,0.03265802587007416,Lower Than A Level
oulad_FFF_2014J,OULAD,transferred,ukzn_ISTN101_2021,gender,2,0.3918918918918919,0.3635477582846004,0.02834413360729149,M
oulad_FFF_2014J,OULAD,transferred,ukzn_ISTN101_2021,imd_band,10,0.43448275862068964,0.27611940298507465,0.158363355635615,30-40%
oulad_FFF_2014J,OULAD,transferred,ukzn_ISTN101_2021,disability,2,0.37349397590361444,0.3678373382624769,0.005656637641137552,N
oulad_FFF_2014J,OULAD,transferred,ukzn_ISTN101_2021,age_band,2,0.36990595611285265,0.3649122807017544,0.004993675411098242,35-55
oulad_FFF_2014J,OULAD,transferred,ukzn_ISTN101_2021,highest_education,3,0.3737166324435318,0.3508771929824561,0.022839439461075695,HE Qualification
oulad_FFF_2014J,OULAD,transferred,ukzn_ISTN102_2018,gender,2,0.3918918918918919,0.36744639376218324,0.024445498129708643,M
oulad_FFF_2014J,OULAD,transferred,ukzn_ISTN102_2018,imd_band,10,0.4206896551724138,0.3076923076923077,0.11299734748010609,90-100%
oulad_FFF_2014J,OULAD,transferred,ukzn_ISTN102_2018,disability,2,0.37615526802218113,0.3433734939759036,0.03278177404627752,Y
oulad_FFF_2014J,OULAD,transferred,ukzn_ISTN102_2018,age_band,2,0.3782654127481714,0.3508771929824561,0.02738821976571526,35-55
oulad_FFF_2014J,OULAD,transferred,ukzn_ISTN102_2018,highest_education,3,0.37719298245614036,0.3655030800821355,0.011689902374004857,A Level or Equivalent
oulad_FFF_2014J,OULAD,transferred,ukzn_ISTN103_2019,gender,2,0.35769980506822613,0.3063063063063063,0.05139349876191984,F
oulad_FFF_2014J,OULAD,transferred,ukzn_ISTN103_2019,imd_band,10,0.38461538461538464,0.3113207547169811,0.07329462989840352,70-80%
oulad_FFF_2014J,OULAD,transferred,ukzn_ISTN103_2019,disability,2,0.3521256931608133,0.3253012048192771,0.026824488341536223,Y
oulad_FFF_2014J,OULAD,transferred,ukzn_ISTN103_2019,age_band,2,0.3543859649122807,0.34796238244514105,0.0064235824671396435,0-35
oulad_FFF_2014J,OULAD,transferred,ukzn_ISTN103_2019,highest_education,3,0.3675564681724846,0.23684210526315788,0.13071436290932673,HE Qualification
oulad_FFF_2014J,OULAD,transferred,ukzn_ISTN103_2020,gender,2,0.40540540540540543,0.37037037037037035,0.03503503503503508,M
oulad_FFF_2014J,OULAD,transferred,ukzn_ISTN103_2020,imd_band,10,0.42758620689655175,0.3177570093457944,0.10982919755075737,50-60%
oulad_FFF_2014J,OULAD,transferred,ukzn_ISTN103_2020,disability,2,0.38170055452865065,0.3433734939759036,0.03832706055274704,Y
oulad_FFF_2014J,OULAD,transferred,ukzn_ISTN103_2020,age_band,2,0.3876698014629049,0.34035087719298246,0.04731892426992246,35-55
oulad_FFF_2014J,OULAD,transferred,ukzn_ISTN103_2020,highest_education,3,0.37719298245614036,0.36960985626283366,0.0075831261933067,A Level or Equivalent
oulad_FFF_2014J,OULAD,transferred,ukzn_ISTN211_2019,gender,2,0.19980506822612085,0.16216216216216217,0.037642906063958675,F
oulad_FFF_2014J,OULAD,transferred,ukzn_ISTN211_2019,imd_band,10,0.2743362831858407,0.12264150943396226,0.15169477375187843,70-80%
oulad_FFF_2014J,OULAD,transferred,ukzn_ISTN211_2019,disability,2,0.19685767097966728,0.1686746987951807,0.028182972184486565,Y
oulad_FFF_2014J,OULAD,transferred,ukzn_ISTN211_2019,age_band,2,0.20350877192982456,0.19122257053291536,0.012286201396909197,0-35
oulad_FFF_2014J,OULAD,transferred,ukzn_ISTN211_2019,highest_education,3,0.2213375796178344,0.11403508771929824,0.10730249189853616,HE Qualification
oulad_FFF_2014J,OULAD,transferred,ukzn_ISTN211_2021,gender,2,0.38288288288288286,0.3762183235867446,0.006664559296138239,M
oulad_FFF_2014J,OULAD,transferred,ukzn_ISTN211_2021,imd_band,10,0.44970414201183434,0.2815533980582524,0.16815074395358193,60-70%
oulad_FFF_2014J,OULAD,transferred,ukzn_ISTN211_2021,disability,2,0.3798521256931608,0.3614457831325301,0.018406342560630673,Y
oulad_FFF_2014J,OULAD,transferred,ukzn_ISTN211_2021,age_band,2,0.38035527690700105,0.3684210526315789,0.011934224275422123,35-55
oulad_FFF_2014J,OULAD,transferred,ukzn_ISTN211_2021,highest_education,3,0.4298245614035088,0.34496919917864477,0.084855362224864,A Level or Equivalent
oulad_FFF_2014J,OULAD,transferred,ukzn_ISTN212_2018,gender,2,0.3963963963963964,0.3654970760233918,0.03089932037300458,M
oulad_FFF_2014J,OULAD,transferred,ukzn_ISTN212_2018,imd_band,10,0.42452830188679247,0.27184466019417475,0.15268364169261772,60-70%
oulad_FFF_2014J,OULAD,transferred,ukzn_ISTN212_2018,disability,2,0.37153419593345655,0.3674698795180723,0.004064316415384239,Y
oulad_FFF_2014J,OULAD,transferred,ukzn_ISTN212_2018,age_band,2,0.41403508771929826,0.3594566353187043,0.054578452400593946,0-35
oulad_FFF_2014J,OULAD,transferred,ukzn_ISTN212_2018,highest_education,3,0.3980891719745223,0.3326488706365503,0.06544030133797202,A Level or Equivalent
oulad_FFF_2014J,OULAD,transferred,ukzn_ISTN212_2019,gender,2,0.40540540540540543,0.3645224171539961,0.04088298825140935,M
oulad_FFF_2014J,OULAD,transferred,ukzn_ISTN212_2019,imd_band,10,0.46226415094339623,0.30097087378640774,0.1612932771569885,60-70%
oulad_FFF_2014J,OULAD,transferred,ukzn_ISTN212_2019,disability,2,0.37430683918669133,0.35542168674698793,0.0188851524397034,Y
oulad_FFF_2014J,OULAD,transferred,ukzn_ISTN212_2019,age_band,2,0.3719958202716823,0.3719298245614035,6.599571027882112e-05,35-55
oulad_FFF_2014J,OULAD,transferred,ukzn_ISTN212_2019,highest_education,3,0.39473684210526316,0.3593429158110883,0.03539392629417487,A Level or Equivalent
oulad_FFF_2014J,OULAD,transferred,ukzn_ISTN2IP_2018,gender,2,0.3713450292397661,0.36486486486486486,0.006480164374901232,F
oulad_FFF_2014J,OULAD,transferred,ukzn_ISTN2IP_2018,imd_band,10,0.4339622641509434,0.3274336283185841,0.10652863583235933,40-50%
oulad_FFF_2014J,OULAD,transferred,ukzn_ISTN2IP_2018,disability,2,0.37615526802218113,0.3313253012048193,0.044829966817361844,Y
oulad_FFF_2014J,OULAD,transferred,ukzn_ISTN2IP_2018,age_band,2,0.3719958202716823,0.3684210526315789,0.0035747676401033934,35-55
oulad_FFF_2014J,OULAD,transferred,ukzn_ISTN2IP_2018,highest_education,3,0.41228070175438597,0.35728952772073924,0.05499117403364673,A Level or Equivalent
oulad_FFF_2014J,OULAD,transferred,ukzn_ISTN2IP_2019,gender,2,0.3148148148148148,0.30180180180180183,0.013013013013012997,F
oulad_FFF_2014J,OULAD,transferred,ukzn_ISTN2IP_2019,imd_band,10,0.3883495145631068,0.2641509433962264,0.12419857116688038,70-80%
oulad_FFF_2014J,OULAD,transferred,ukzn_ISTN2IP_2019,disability,2,0.3132530120481928,0.3123844731977819,0.0008685388504108826,N
oulad_FFF_2014J,OULAD,transferred,ukzn_ISTN2IP_2019,age_band,2,0.3239289446185998,0.2771929824561403,0.046735962162459455,35-55
oulad_FFF_2014J,OULAD,transferred,ukzn_ISTN2IP_2019,highest_education,3,0.3264887063655031,0.23684210526315788,0.08964660110234521,HE Qualification
oulad_FFF_2014J,OULAD,transferred,ukzn_ISTN3ND_2018,gender,2,0.36486486486486486,0.3538011695906433,0.011063695274221574,M
oulad_FFF_2014J,OULAD,transferred,ukzn_ISTN3ND_2018,imd_band,10,0.4339622641509434,0.2815533980582524,0.152408866092691,60-70%
oulad_FFF_2014J,OULAD,transferred,ukzn_ISTN3ND_2018,disability,2,0.3585951940850277,0.3373493975903614,0.02124579649466629,Y
oulad_FFF_2014J,OULAD,transferred,ukzn_ISTN3ND_2018,age_band,2,0.3563218390804598,0.3543859649122807,0.0019358741681790859,35-55
oulad_FFF_2014J,OULAD,transferred,ukzn_ISTN3ND_2018,highest_education,3,0.3684210526315789,0.3470225872689938,0.021398465362585106,A Level or Equivalent
oulad_FFF_2014J,OULAD,transferred,ukzn_ISTN3ND_2019,gender,2,0.3333333333333333,0.26413255360623783,0.06920077972709548,M
oulad_FFF_2014J,OULAD,transferred,ukzn_ISTN3ND_2019,imd_band,10,0.35172413793103446,0.20512820512820512,0.14659593280282934,90-100%
oulad_FFF_2014J,OULAD,transferred,ukzn_ISTN3ND_2019,disability,2,0.27818853974122,0.26506024096385544,0.013128298777364544,Y
oulad_FFF_2014J,OULAD,transferred,ukzn_ISTN3ND_2019,age_band,2,0.28421052631578947,0.27481713688610243,0.009393389429687038,0-35
oulad_FFF_2014J,OULAD,transferred,ukzn_ISTN3ND_2019,highest_education,3,0.3508771929824561,0.24845995893223818,0.10241723405021794,A Level or Equivalent
oulad_FFF_2014J,OULAD,transferred,ukzn_ISTN3SA_2018,gender,2,0.21171171171171171,0.19785575048732942,0.01385596122438229,M
oulad_FFF_2014J,OULAD,transferred,ukzn_ISTN3SA_2018,imd_band,10,0.2564102564102564,0.14150943396226415,0.11490082244799224,70-80%
oulad_FFF_2014J,OULAD,transferred,ukzn_ISTN3SA_2018,disability,2,0.2033271719038817,0.18072289156626506,0.022604280337616633,Y
oulad_FFF_2014J,OULAD,transferred,ukzn_ISTN3SA_2018,age_band,2,0.22807017543859648,0.1922675026123302,0.035802672826266285,0-35
oulad_FFF_2014J,OULAD,transferred,ukzn_ISTN3SA_2018,highest_education,3,0.2054140127388535,0.19298245614035087,0.012431556598502647,HE Qualification
oulad_FFF_2014J,OULAD,transferred,ukzn_ISTN3SA_2019,gender,2,0.3063063063063063,0.297270955165692,0.009035351140614267,M
oulad_FFF_2014J,OULAD,transferred,ukzn_ISTN3SA_2019,imd_band,10,0.41025641025641024,0.24299065420560748,0.16726575605080277,50-60%
oulad_FFF_2014J,OULAD,transferred,ukzn_ISTN3SA_2019,disability,2,0.3433734939759036,0.2920517560073937,0.05132173796850992,N
oulad_FFF_2014J,OULAD,transferred,ukzn_ISTN3SA_2019,age_band,2,0.3192982456140351,0.29258098223615464,0.02671726337788044,0-35
oulad_FFF_2014J,OULAD,transferred,ukzn_ISTN3SA_2019,highest_education,3,0.3089171974522293,0.23684210526315788,0.0720750921890714,HE Qualification
oulad_FFF_2014J,OULAD,transferred,zambia_ICT1110_2020,gender,2,0.3963963963963964,0.341130604288499,0.055265792107897393,M
oulad_FFF_2014J,OULAD,transferred,zambia_ICT1110_2020,imd_band,10,0.42857142857142855,0.27611940298507465,0.1524520255863539,30-40%
oulad_FFF_2014J,OULAD,transferred,zambia_ICT1110_2020,disability,2,0.3539741219963031,0.3313253012048193,0.022648820791483837,Y
oulad_FFF_2014J,OULAD,transferred,zambia_ICT1110_2020,age_band,2,0.3563218390804598,0.3333333333333333,0.022988505747126464,35-55
oulad_FFF_2014J,OULAD,transferred,zambia_ICT1110_2020,highest_education,3,0.36960985626283366,0.3157894736842105,0.05382038257862315,HE Qualification
oulad_FFF_2014J,OULAD,transferred,zambia_ICT1110_2021,gender,2,0.21052631578947367,0.2072072072072072,0.0033191085822664723,F
oulad_FFF_2014J,OULAD,transferred,zambia_ICT1110_2021,imd_band,10,0.2692307692307692,0.16822429906542055,0.10100647016534867,50-60%
oulad_FFF_2014J,OULAD,transferred,zambia_ICT1110_2021,disability,2,0.22289156626506024,0.20794824399260628,0.014943322272453957,N
oulad_FFF_2014J,OULAD,transferred,zambia_ICT1110_2021,age_band,2,0.24561403508771928,0.19958202716823406,0.046032007919485224,0-35
oulad_FFF_2014J,OULAD,transferred,zambia_ICT1110_2021,highest_education,3,0.2213375796178344,0.19917864476386038,0.02215893485397402,A Level or Equivalent
oulad_FFF_2014J,OULAD,transferred,oviedo_C1112_1415,gender,2,0.3738738738738739,0.3732943469785575,0.0005795268953163735,M
oulad_FFF_2014J,OULAD,transferred,oviedo_C1112_1415,imd_band,10,0.4339622641509434,0.3106796116504854,0.123282652500458,60-70%
oulad_FFF_2014J,OULAD,transferred,oviedo_C1112_1415,disability,2,0.3798521256931608,0.3313253012048193,0.0485268244883415,Y
oulad_FFF_2014J,OULAD,transferred,oviedo_C1112_1415,age_band,2,0.3772204806687565,0.36140350877192984,0.01581697189682668,35-55
oulad_FFF_2014J,OULAD,transferred,oviedo_C1112_1415,highest_education,3,0.40350877192982454,0.3531827515400411,0.050326020389783455,A Level or Equivalent
oulad_FFF_2014J,OULAD,transferred,oviedo_C1127_1415,gender,2,0.3723196881091618,0.32432432432432434,0.04799536378483743,F
oulad_FFF_2014J,OULAD,transferred,oviedo_C1127_1415,imd_band,10,0.42990654205607476,0.31343283582089554,0.11647370623517922,30-40%
oulad_FFF_2014J,OULAD,transferred,oviedo_C1127_1415,disability,2,0.3687615526802218,0.3313253012048193,0.03743625147540253,Y
oulad_FFF_2014J,OULAD,transferred,oviedo_C1127_1415,age_band,2,0.3709508881922675,0.34385964912280703,0.027091239069460482,35-55
oulad_FFF_2014J,OULAD,transferred,oviedo_C1127_1415,highest_education,3,0.3921971252566735,0.34210526315789475,0.05009186209877875,HE Qualification
oulad_FFF_2014J,OULAD,transferred,oviedo_C1200_1415,gender,2,0.3738738738738739,0.36062378167641324,0.01325009219746065,M
oulad_FFF_2014J,OULAD,transferred,oviedo_C1200_1415,imd_band,10,0.42452830188679247,0.24271844660194175,0.18180985528485072,60-70%
oulad_FFF_2014J,OULAD,transferred,oviedo_C1200_1415,disability,2,0.3659889094269871,0.3433734939759036,0.022615415451083476,Y
oulad_FFF_2014J,OULAD,transferred,oviedo_C1200_1415,age_band,2,0.3719298245614035,0.361546499477534,0.010383325083869521,0-35
oulad_FFF_2014J,OULAD,transferred,oviedo_C1200_1415,highest_education,3,0.41228070175438597,0.34291581108829566,0.0693648906660903,A Level or Equivalent
oulad_FFF_2014J,OULAD,transferred,oviedo_C1303_1415,gender,2,0.4009009009009009,0.36257309941520466,0.038327801485696256,M
oulad_FFF_2014J,OULAD,transferred,oviedo_C1303_1415,imd_band,10,0.41420118343195267,0.2815533980582524,0.13264778537370026,60-70%
oulad_FFF_2014J,OULAD,transferred,oviedo_C1303_1415,disability,2,0.37153419593345655,0.35542168674698793,0.016112509186468615,Y
oulad_FFF_2014J,OULAD,transferred,oviedo_C1303_1415,age_band,2,0.37408568443051204,0.35789473684210527,0.01619094758840678,35-55
oulad_FFF_2014J,OULAD,transferred,oviedo_C1303_1415,highest_education,3,0.38596491228070173,0.35728952772073924,0.02867538455996249,A Level or Equivalent
oulad_FFF_2014J,OULAD,transferred,oviedo_C174_1415,gender,2,0.30180180180180183,0.24171539961013644,0.06008640219166539,M
oulad_FFF_2014J,OULAD,transferred,oviedo_C174_1415,imd_band,10,0.28402366863905326,0.17475728155339806,0.1092663870856552,60-70%
oulad_FFF_2014J,OULAD,transferred,oviedo_C174_1415,disability,2,0.3253012048192771,0.2412199630314233,0.08408124178785381,N
oulad_FFF_2014J,OULAD,transferred,oviedo_C174_1415,age_band,2,0.3473684210526316,0.22152560083594566,0.12584282021668594,0-35
oulad_FFF_2014J,OULAD,transferred,oviedo_C174_1415,highest_education,3,0.30701754385964913,0.2372611464968153,0.06975639736283384,Lower Than A Level
oulad_FFF_2014J,OULAD,transferred,oviedo_C190_1415,gender,2,0.2972972972972973,0.25925925925925924,0.03803803803803807,M
oulad_FFF_2014J,OULAD,transferred,oviedo_C190_1415,imd_band,10,0.32051282051282054,0.22330097087378642,0.09721184963903412,60-70%
oulad_FFF_2014J,OULAD,transferred,oviedo_C190_1415,disability,2,0.26709796672828096,0.25903614457831325,0.008061822149967701,Y
oulad_FFF_2014J,OULAD,transferred,oviedo_C190_1415,age_band,2,0.2736842105263158,0.26332288401253917,0.010361326513776636,0-35
oulad_FFF_2014J,OULAD,transferred,oviedo_C190_1415,highest_education,3,0.2754777070063694,0.23684210526315788,0.03863560174321154,HE Qualification
oulad_FFF_2014J,OULAD,transferred,oviedo_C1978_1415,gender,2,0.05847953216374269,0.04954954954954955,0.008929982614193137,F
oulad_FFF_2014J,OULAD,transferred,oviedo_C1978_1415,imd_band,10,0.08974358974358974,0.018867924528301886,0.07087566521528786,70-80%
oulad_FFF_2014J,OULAD,transferred,oviedo_C1978_1415,disability,2,0.07228915662650602,0.054528650646950096,0.017760505979555925,N
oulad_FFF_2014J,OULAD,transferred,oviedo_C1978_1415,age_band,2,0.07719298245614035,0.050156739811912224,0.02703624264422813,0-35
oulad_FFF_2014J,OULAD,transferred,oviedo_C1978_1415,highest_education,3,0.06210191082802548,0.0513347022587269,0.01076720856929858,A Level or Equivalent
oulad_FFF_2014J,OULAD,transferred,oviedo_C2011_1415,gender,2,0.3157894736842105,0.3153153153153153,0.00047415836889519447,F
oulad_FFF_2014J,OULAD,transferred,oviedo_C2011_1415,imd_band,10,0.3893805309734513,0.22641509433962265,0.16296543663382868,70-80%
oulad_FFF_2014J,OULAD,transferred,oviedo_C2011_1415,disability,2,0.35542168674698793,0.3096118299445471,0.04580985680244082,N
oulad_FFF_2014J,OULAD,transferred,oviedo_C2011_1415,age_band,2,0.3239289446185998,0.28771929824561404,0.03620964637298574,35-55
oulad_FFF_2014J,OULAD,transferred,oviedo_C2011_1415,highest_education,3,0.3531827515400411,0.17543859649122806,0.17774415504881302,HE Qualification
oulad_FFF_2014J,OULAD,transferred,oviedo_C2024_1415,gender,2,0.4099099099099099,0.3586744639376218,0.051235445972288074,M
oulad_FFF_2014J,OULAD,transferred,oviedo_C2024_1415,imd_band,10,0.42011834319526625,0.2831858407079646,0.13693250248730165,40-50%
oulad_FFF_2014J,OULAD,transferred,oviedo_C2024_1415,disability,2,0.378003696857671,0.30120481927710846,0.07679887758056253,Y
oulad_FFF_2014J,OULAD,transferred,oviedo_C2024_1415,age_band,2,0.3719958202716823,0.3543859649122807,0.017609855359401627,35-55
oulad_FFF_2014J,OULAD,transferred,oviedo_C2024_1415,highest_education,3,0.37719298245614036,0.35987261146496813,0.01732037099117223,Lower Than A Level
oulad_FFF_2014J,OULAD,transferred,oviedo_C2150_1415,gender,2,0.3732943469785575,0.2927927927927928,0.08050155418576471,F
oulad_FFF_2014J,OULAD,transferred,oviedo_C2150_1415,imd_band,10,0.43448275862068964,0.32051282051282054,0.1139699381078691,90-100%
oulad_FFF_2014J,OULAD,transferred,oviedo_C2150_1415,disability,2,0.37349397590361444,0.3567467652495379,0.016747210654076528,N
oulad_FFF_2014J,OULAD,transferred,oviedo_C2150_1415,age_band,2,0.3793103448275862,0.2912280701754386,0.08808227465214757,35-55
oulad_FFF_2014J,OULAD,transferred,oviedo_C2150_1415,highest_education,3,0.39014373716632444,0.3157894736842105,0.07435426348211394,HE Qualification
oulad_FFF_2014J,OULAD,transferred,oviedo_C2271_1415,gender,2,0.3783783783783784,0.34307992202729043,0.03529845635108797,M
oulad_FFF_2014J,OULAD,transferred,oviedo_C2271_1415,imd_band,10,0.40828402366863903,0.2743362831858407,0.13394774048279834,40-50%
oulad_FFF_2014J,OULAD,transferred,oviedo_C2271_1415,disability,2,0.3567467652495379,0.30120481927710846,0.05554194597242945,Y
oulad_FFF_2014J,OULAD,transferred,oviedo_C2271_1415,age_band,2,0.36140350877192984,0.34691745036572624,0.014486058406203595,0-35
oulad_FFF_2014J,OULAD,transferred,oviedo_C2271_1415,highest_education,3,0.38596491228070173,0.34291581108829566,0.04304910119240607,A Level or Equivalent
oulad_FFF_2014J,OULAD,transferred,oviedo_C2335_1415,gender,2,0.310916179337232,0.2927927927927928,0.01812338654443918,F
oulad_FFF_2014J,OULAD,transferred,oviedo_C2335_1415,imd_band,10,0.41025641025641024,0.24528301886792453,0.1649733913884857,70-80%
oulad_FFF_2014J,OULAD,transferred,oviedo_C2335_1415,disability,2,0.35542168674698793,0.300369685767098,0.05505200097988994,N
oulad_FFF_2014J,OULAD,transferred,oviedo_C2335_1415,age_band,2,0.3124346917450366,0.2912280701754386,0.02120662156959796,35-55
oulad_FFF_2014J,OULAD,transferred,oviedo_C2335_1415,highest_education,3,0.3182751540041068,0.2631578947368421,0.055117259267264684,HE Qualification
oulad_FFF_2014J,OULAD,transferred,oviedo_C2406_1415,gender,2,0.38288288288288286,0.3664717348927875,0.016411147990095354,M
oulad_FFF_2014J,OULAD,transferred,oviedo_C2406_1415,imd_band,10,0.42758620689655175,0.2743362831858407,0.15324992371071106,40-50%
oulad_FFF_2014J,OULAD,transferred,oviedo_C2406_1415,disability,2,0.37615526802218113,0.3253012048192771,0.05085406320290403,Y
oulad_FFF_2014J,OULAD,transferred,oviedo_C2406_1415,age_band,2,0.37408568443051204,0.3543859649122807,0.01969971951823135,35-55
oulad_FFF_2014J,OULAD,transferred,oviedo_C2406_1415,highest_education,3,0.38596491228070173,0.3655030800821355,0.020461832198566232,A Level or Equivalent
oulad_FFF_2014J,OULAD,transferred,oviedo_C2468_1415,gender,2,0.3738738738738739,0.33430799220272905,0.03956588167114483,M
oulad_FFF_2014J,OULAD,transferred,oviedo_C2468_1415,imd_band,10,0.41509433962264153,0.26548672566371684,0.1496076139589247,40-50%
oulad_FFF_2014J,OULAD,transferred,oviedo_C2468_1415,disability,2,0.3456561922365989,0.3132530120481928,0.0324031801884061,Y
oulad_FFF_2014J,OULAD,transferred,oviedo_C2468_1415,age_band,2,0.34273772204806685,0.3368421052631579,0.005895616784908964,35-55
oulad_FFF_2014J,OULAD,transferred,oviedo_C2468_1415,highest_education,3,0.37719298245614036,0.3347022587268994,0.04249072372924095,A Level or Equivalent
oulad_FFF_2014J,OULAD,transferred,oviedo_C2607_1415,gender,2,0.3508771929824561,0.34684684684684686,0.004030346135609264,F
oulad_FFF_2014J,OULAD,transferred,oviedo_C2607_1415,imd_band,10,0.41509433962264153,0.2524271844660194,0.1626671551566221,60-70%
oulad_FFF_2014J,OULAD,transferred,oviedo_C2607_1415,disability,2,0.3521256931608133,0.3373493975903614,0.014776295570451903,Y
oulad_FFF_2014J,OULAD,transferred,oviedo_C2607_1415,age_band,2,0.3542319749216301,0.34035087719298246,0.013881097728647651,35-55
oulad_FFF_2014J,OULAD,transferred,oviedo_C2607_1415,highest_education,3,0.3519108280254777,0.3333333333333333,0.01857749469214437,HE Qualification
oulad_FFF_2014J,OULAD,transferred,oviedo_C3022_1415,gender,2,0.20662768031189083,0.18468468468468469,0.02194299562720614,F
oulad_FFF_2014J,OULAD,transferred,oviedo_C3022_1415,imd_band,10,0.30097087378640774,0.15384615384615385,0.1471247199402539,0-10%
oulad_FFF_2014J,OULAD,transferred,oviedo_C3022_1415,disability,2,0.2097966728280961,0.1566265060240964,0.05317016680399972,Y
oulad_FFF_2014J,OULAD,transferred,oviedo_C3022_1415,age_band,2,0.21003134796238246,0.17894736842105263,0.031083979541329826,35-55
oulad_FFF_2014J,OULAD,transferred,oviedo_C3022_1415,highest_education,3,0.23203285420944558,0.18312101910828024,0.04891183510116534,Lower Than A Level
oulad_FFF_2014J,OULAD,transferred,oviedo_C3029_1415,gender,2,0.3645224171539961,0.3333333333333333,0.031189083820662766,F
oulad_FFF_2014J,OULAD,transferred,oviedo_C3029_1415,imd_band,10,0.4065934065934066,0.30597014925373134,0.10062325733967525,30-40%
oulad_FFF_2014J,OULAD,transferred,oviedo_C3029_1415,disability,2,0.3855421686746988,0.35489833641404805,0.03064383226065076,N
oulad_FFF_2014J,OULAD,transferred,oviedo_C3029_1415,age_band,2,0.3761755485893417,0.30526315789473685,0.07091239069460487,35-55
oulad_FFF_2014J,OULAD,transferred,oviedo_C3029_1415,highest_education,3,0.3630573248407643,0.32456140350877194,0.03849592133199237,HE Qualification
oulad_FFF_2014J,OULAD,transferred,oviedo_C4189_1415,gender,2,0.16666666666666666,0.1442495126705653,0.022417153996101363,M
oulad_FFF_2014J,OULAD,transferred,oviedo_C4189_1415,imd_band,10,0.1839080459770115,0.0989010989010989,0.0850069470759126,80-90%
oulad_FFF_2014J,OULAD,transferred,oviedo_C4189_1415,disability,2,0.1566265060240964,0.14695009242144177,0.009676413602654615,N
oulad_FFF_2014J,OULAD,transferred,oviedo_C4189_1415,age_band,2,0.24561403508771928,0.11703239289446186,0.1285816421932574,0-35
oulad_FFF_2014J,OULAD,transferred,oviedo_C4189_1415,highest_education,3,0.22807017543859648,0.1337579617834395,0.09431221365515699,Lower Than A Level
oulad_FFF_2014J,OULAD,transferred,oviedo_C4213_1415,gender,2,0.3664717348927875,0.31981981981981983,0.046651915072967676,F
oulad_FFF_2014J,OULAD,transferred,oviedo_C4213_1415,imd_band,10,0.4175824175824176,0.3136094674556213,0.1039729501267963,0-10%
oulad_FFF_2014J,OULAD,transferred,oviedo_C4213_1415,disability,2,0.36044362292051757,0.3433734939759036,0.01707012894461396,Y
oulad_FFF_2014J,OULAD,transferred,oviedo_C4213_1415,age_band,2,0.3719958202716823,0.3157894736842105,0.05620634658747181,35-55
oulad_FFF_2014J,OULAD,transferred,oviedo_C4213_1415,highest_education,3,0.3675564681724846,0.30701754385964913,0.060538924312835474,HE Qualification
oulad_FFF_2014J,OULAD,transferred,oviedo_C836_1415,gender,2,0.38288288288288286,0.3654970760233918,0.017385806859491038,M
oulad_FFF_2014J,OULAD,transferred,oviedo_C836_1415,imd_band,10,0.4260355029585799,0.3076923076923077,0.11834319526627218,90-100%
oulad_FFF_2014J,OULAD,transferred,oviedo_C836_1415,disability,2,0.3706099815157117,0.35542168674698793,0.015188294768723742,Y
oulad_FFF_2014J,OULAD,transferred,oviedo_C836_1415,age_band,2,0.3793103448275862,0.3368421052631579,0.0424682395644283,35-55
oulad_FFF_2014J,OULAD,transferred,oviedo_C836_1415,highest_education,3,0.37101910828025475,0.3593429158110883,0.011676192469166458,A Level or Equivalent
ukzn_ISTN101_2019,UKZN,local,ukzn_ISTN101_2019,GENDER,2,0.7362637362637363,0.6774193548387096,0.05884438142502668,F
ukzn_ISTN101_2019,UKZN,local,ukzn_ISTN101_2019,QUINTILE,4,0.7837837837837838,0.6756756756756757,0.10810810810810811,3.0
ukzn_ISTN101_2019,UKZN,transferred,oulad_AAA_2013J,GENDER,2,0.2903225806451613,0.2857142857142857,0.004608294930875612,M
ukzn_ISTN101_2019,UKZN,transferred,oulad_AAA_2013J,QUINTILE,4,0.3333333333333333,0.2682926829268293,0.06504065040650403,2.0
ukzn_ISTN101_2019,UKZN,transferred,oulad_AAA_2014J,GENDER,2,0.31868131868131866,0.22580645161290322,0.09287486706841544,F
ukzn_ISTN101_2019,UKZN,transferred,oulad_AAA_2014J,QUINTILE,4,0.3170731707317073,0.16216216216216217,0.15491100856954515,3.0
ukzn_ISTN101_2019,UKZN,transferred,oulad_BBB_2013B,GENDER,2,0.3010752688172043,0.25274725274725274,0.048328016069951574,M
ukzn_ISTN101_2019,UKZN,transferred,oulad_BBB_2013B,QUINTILE,4,0.32432432432432434,0.24242424242424243,0.08190008190008191,4.0
ukzn_ISTN101_2019,UKZN,transferred,oulad_BBB_2013J,GENDER,2,0.25274725274725274,0.22580645161290322,0.026940801134349518,F
ukzn_ISTN101_2019,UKZN,transferred,oulad_BBB_2013J,QUINTILE,4,0.2972972972972973,0.1951219512195122,0.10217534607778511,2.0
ukzn_ISTN101_2019,UKZN,transferred,oulad_BBB_2014B,GENDER,2,0.27956989247311825,0.23076923076923078,0.04880066170388747,M
ukzn_ISTN101_2019,UKZN,transferred,oulad_BBB_2014B,QUINTILE,4,0.3783783783783784,0.17073170731707318,0.20764667106130522,2.0
ukzn_ISTN101_2019,UKZN,transferred,oulad_BBB_2014J,GENDER,2,0.1935483870967742,0.15384615384615385,0.039702233250620333,M
ukzn_ISTN101_2019,UKZN,transferred,oulad_BBB_2014J,QUINTILE,4,0.2682926829268293,0.06060606060606061,0.20768662232076868,4.0
ukzn_ISTN101_2019,UKZN,transferred,oulad_CCC_2014B,GENDER,2,0.31868131868131866,0.3010752688172043,0.017606049864114348,F
ukzn_ISTN101_2019,UKZN,transferred,oulad_CCC_2014B,QUINTILE,4,0.4594594594594595,0.17073170731707318,0.28872775214238633,2.0
ukzn_ISTN101_2019,UKZN,transferred,oulad_CCC_2014J,GENDER,2,0.3626373626373626,0.3225806451612903,0.04005671747607231,F
ukzn_ISTN101_2019,UKZN,transferred,oulad_CCC_2014J,QUINTILE,4,0.5135135135135135,0.2682926829268293,0.2452208305866842,2.0
ukzn_ISTN101_2019,UKZN,transferred,oulad_DDD_2013B,GENDER,2,0.3978494623655914,0.34065934065934067,0.05719012170625071,M
ukzn_ISTN101_2019,UKZN,transferred,oulad_DDD_2013B,QUINTILE,4,0.5405405405405406,0.3170731707317073,0.22346736980883325,2.0
ukzn_ISTN101_2019,UKZN,transferred,oulad_DDD_2013J,GENDER,2,0.3956043956043956,0.34408602150537637,0.051518374099019215,F
ukzn_ISTN101_2019,UKZN,transferred,oulad_DDD_2013J,QUINTILE,4,0.5405405405405406,0.2972972972972973,0.24324324324324326,3.0
ukzn_ISTN101_2019,UKZN,transferred,oulad_DDD_2014B,GENDER,2,0.31868131868131866,0.24731182795698925,0.07136949072432941,F
ukzn_ISTN101_2019,UKZN,transferred,oulad_DDD_2014B,QUINTILE,4,0.4864864864864865,0.21621621621621623,0.2702702702702703,3.0
ukzn_ISTN101_2019,UKZN,transferred,oulad_DDD_2014J,GENDER,2,0.3516483516483517,0.3118279569892473,0.03982039465910436,F
ukzn_ISTN101_2019,UKZN,transferred,oulad_DDD_2014J,QUINTILE,4,0.3939393939393939,0.2702702702702703,0.12366912366912364,5.0
ukzn_ISTN101_2019,UKZN,transferred,oulad_EEE_2013J,GENDER,2,0.3956043956043956,0.3548387096774194,0.040765685926976214,F
ukzn_ISTN101_2019,UKZN,transferred,oulad_EEE_2013J,QUINTILE,4,0.5675675675675675,0.2682926829268293,0.29927488464073826,2.0
ukzn_ISTN101_2019,UKZN,transferred,oulad_EEE_2014B,GENDER,2,0.43956043956043955,0.34408602150537637,0.09547441805506318,F
ukzn_ISTN101_2019,UKZN,transferred,oulad_EEE_2014B,QUINTILE,4,0.6216216216216216,0.2972972972972973,0.3243243243243243,3.0
ukzn_ISTN101_2019,UKZN,transferred,oulad_EEE_2014J,GENDER,2,0.42857142857142855,0.3548387096774194,0.07373271889400917,F
ukzn_ISTN101_2019,UKZN,transferred,oulad_EEE_2014J,QUINTILE,4,0.5675675675675675,0.32432432432432434,0.2432432432432432,3.0
ukzn_ISTN101_2019,UKZN,transferred,oulad_FFF_2013B,GENDER,2,0.3956043956043956,0.3548387096774194,0.040765685926976214,F
ukzn_ISTN101_2019,UKZN,transferred,oulad_FFF_2013B,QUINTILE,4,0.5405405405405406,0.2926829268292683,0.2478576137112723,2.0
ukzn_ISTN101_2019,UKZN,transferred,oulad_FFF_2013J,GENDER,2,0.3956043956043956,0.3655913978494624,0.030012997754933213,F
ukzn_ISTN101_2019,UKZN,transferred,oulad_FFF_2013J,QUINTILE,4,0.4864864864864865,0.2926829268292683,0.19380355965721824,2.0
ukzn_ISTN101_2019,UKZN,transferred,oulad_FFF_2014B,GENDER,2,0.3956043956043956,0.3548387096774194,0.040765685926976214,F
ukzn_ISTN101_2019,UKZN,transferred,oulad_FFF_2014B,QUINTILE,4,0.5405405405405406,0.2926829268292683,0.2478576137112723,2.0
ukzn_ISTN101_2019,UKZN,transferred,oulad_FFF_2014J,GENDER,2,0.3225806451612903,0.25274725274725274,0.06983339241403758,M
ukzn_ISTN101_2019,UKZN,transferred,oulad_FFF_2014J,QUINTILE,4,0.4594594594594595,0.21951219512195122,0.23994726433750826,2.0
ukzn_ISTN101_2019,UKZN,transferred,ku_Accountancy_1819,GENDER,2,0.2857142857142857,0.20430107526881722,0.08141321044546848,F
ukzn_ISTN101_2019,UKZN,transferred,ku_Accountancy_1819,QUINTILE,4,0.2972972972972973,0.18181818181818182,0.11547911547911549,4.0
ukzn_ISTN101_2019,UKZN,transferred,ku_Globaleconom_1819,GENDER,2,0.26373626373626374,0.22580645161290322,0.03792981212336052,F
ukzn_ISTN101_2019,UKZN,transferred,ku_Globaleconom_1819,QUINTILE,4,0.35135135135135137,0.12195121951219512,0.22940013183915625,2.0
ukzn_ISTN101_2019,UKZN,transferred,ku_Accountancy_1920,GENDER,2,0.21978021978021978,0.20430107526881722,0.01547914451140256,F
ukzn_ISTN101_2019,UKZN,transferred,ku_Accountancy_1920,QUINTILE,4,0.32432432432432434,0.1951219512195122,0.12920237310481214,2.0
ukzn_ISTN101_2019,UKZN,transferred,ku_Globaleconom_1920,GENDER,2,0.32967032967032966,0.24731182795698925,0.08235850171334042,F
ukzn_ISTN101_2019,UKZN,transferred,ku_Globaleconom_1920,QUINTILE,4,0.3783783783783784,0.1951219512195122,0.1832564271588662,2.0
ukzn_ISTN101_2019,UKZN,transferred,ku_Accountancy_2021,GENDER,2,0.22580645161290322,0.1978021978021978,0.028004253810705426,M
ukzn_ISTN101_2019,UKZN,transferred,ku_Accountancy_2021,QUINTILE,4,0.2727272727272727,0.10810810810810811,0.1646191646191646,3.0
ukzn_ISTN101_2019,UKZN,transferred,ku_Globaleconom_2021,GENDER,2,0.27472527472527475,0.26881720430107525,0.005908070424199496,F
ukzn_ISTN101_2019,UKZN,transferred,ku_Globaleconom_2021,QUINTILE,4,0.32432432432432434,0.1891891891891892,0.13513513513513514,3.0
ukzn_ISTN101_2019,UKZN,transferred,zambia_ICT1110_2020,GENDER,2,0.27472527472527475,0.16129032258064516,0.11343495214462959,F
ukzn_ISTN101_2019,UKZN,transferred,zambia_ICT1110_2020,QUINTILE,4,0.2972972972972973,0.06060606060606061,0.2366912366912367,4.0
ukzn_ISTN101_2019,UKZN,transferred,zambia_ICT1110_2021,GENDER,2,0.1827956989247312,0.17582417582417584,0.006971523100555349,M
ukzn_ISTN101_2019,UKZN,transferred,zambia_ICT1110_2021,QUINTILE,4,0.1951219512195122,0.12121212121212122,0.07390983000739099,4.0
ukzn_ISTN101_2019,UKZN,transferred,oviedo_C1112_1415,GENDER,2,0.3956043956043956,0.3118279569892473,0.08377643861514827,F
ukzn_ISTN101_2019,UKZN,transferred,oviedo_C1112_1415,QUINTILE,4,0.43243243243243246,0.2926829268292683,0.13974950560316418,2.0
ukzn_ISTN101_2019,UKZN,transferred,oviedo_C1127_1415,GENDER,2,0.32967032967032966,0.21505376344086022,0.11461656622946945,F
ukzn_ISTN101_2019,UKZN,transferred,oviedo_C1127_1415,QUINTILE,4,0.3939393939393939,0.1951219512195122,0.19881744271988172,2.0
ukzn_ISTN101_2019,UKZN,transferred,oviedo_C1200_1415,GENDER,2,0.3076923076923077,0.24731182795698925,0.06038047973531846,F
ukzn_ISTN101_2019,UKZN,transferred,oviedo_C1200_1415,QUINTILE,4,0.3783783783783784,0.1951219512195122,0.1832564271588662,2.0
ukzn_ISTN101_2019,UKZN,transferred,oviedo_C1303_1415,GENDER,2,0.20430107526881722,0.13186813186813187,0.07243294340068535,M
ukzn_ISTN101_2019,UKZN,transferred,oviedo_C1303_1415,QUINTILE,4,0.1891891891891892,0.14634146341463414,0.04284772577455506,2.0
ukzn_ISTN101_2019,UKZN,transferred,oviedo_C174_1415,GENDER,2,0.3010752688172043,0.17582417582417584,0.12525109299302847,M
ukzn_ISTN101_2019,UKZN,transferred,oviedo_C174_1415,QUINTILE,4,0.4146341463414634,0.16216216216216217,0.2524719841793012,3.0
ukzn_ISTN101_2019,UKZN,transferred,oviedo_C190_1415,GENDER,2,0.13978494623655913,0.12087912087912088,0.018905825357438247,M
ukzn_ISTN101_2019,UKZN,transferred,oviedo_C190_1415,QUINTILE,4,0.1891891891891892,0.05405405405405406,0.13513513513513514,5.0
ukzn_ISTN101_2019,UKZN,transferred,oviedo_C1978_1415,GENDER,2,0.34065934065934067,0.21505376344086022,0.12560557721848045,F
ukzn_ISTN101_2019,UKZN,transferred,oviedo_C1978_1415,QUINTILE,4,0.3783783783783784,0.21621621621621623,0.16216216216216217,3.0
ukzn_ISTN101_2019,UKZN,transferred,oviedo_C2011_1415,GENDER,2,0.14285714285714285,0.13978494623655913,0.0030721966205837226,F
ukzn_ISTN101_2019,UKZN,transferred,oviedo_C2011_1415,QUINTILE,4,0.17073170731707318,0.09090909090909091,0.07982261640798227,4.0
ukzn_ISTN101_2019,UKZN,transferred,oviedo_C2024_1415,GENDER,2,0.3076923076923077,0.3010752688172043,0.006617038875103398,F
ukzn_ISTN101_2019,UKZN,transferred,oviedo_C2024_1415,QUINTILE,4,0.34146341463414637,0.24242424242424243,0.09903917220990394,4.0
ukzn_ISTN101_2019,UKZN,transferred,oviedo_C2150_1415,GENDER,2,0.27472527472527475,0.25806451612903225,0.016660758596242498,F
ukzn_ISTN101_2019,UKZN,transferred,oviedo_C2150_1415,QUINTILE,4,0.30303030303030304,0.24324324324324326,0.05978705978705978,5.0
ukzn_ISTN101_2019,UKZN,transferred,oviedo_C2271_1415,GENDER,2,0.26373626373626374,0.1935483870967742,0.07018787663948955,F
ukzn_ISTN101_2019,UKZN,transferred,oviedo_C2271_1415,QUINTILE,4,0.35135135135135137,0.10810810810810811,0.24324324324324326,3.0
ukzn_ISTN101_2019,UKZN,transferred,oviedo_C2335_1415,GENDER,2,0.32967032967032966,0.24731182795698925,0.08235850171334042,F
ukzn_ISTN101_2019,UKZN,transferred,oviedo_C2335_1415,QUINTILE,4,0.40540540540540543,0.16216216216216217,0.24324324324324326,3.0
ukzn_ISTN101_2019,UKZN,transferred,oviedo_C2406_1415,GENDER,2,0.2087912087912088,0.1827956989247312,0.025995509866477612,F
ukzn_ISTN101_2019,UKZN,transferred,oviedo_C2406_1415,QUINTILE,4,0.32432432432432434,0.06060606060606061,0.26371826371826373,4.0
ukzn_ISTN101_2019,UKZN,transferred,oviedo_C2468_1415,GENDER,2,0.25274725274725274,0.23655913978494625,0.01618811296230649,F
ukzn_ISTN101_2019,UKZN,transferred,oviedo_C2468_1415,QUINTILE,4,0.3783783783783784,0.1951219512195122,0.1832564271588662,2.0
ukzn_ISTN101_2019,UKZN,transferred,oviedo_C2607_1415,GENDER,2,0.21505376344086022,0.1978021978021978,0.017251565638662425,M
ukzn_ISTN101_2019,UKZN,transferred,oviedo_C2607_1415,QUINTILE,4,0.32432432432432434,0.07317073170731707,0.25115359261700726,2.0
ukzn_ISTN101_2019,UKZN,transferred,oviedo_C3022_1415,GENDER,2,0.2087912087912088,0.1935483870967742,0.01524282169443461,F
ukzn_ISTN101_2019,UKZN,transferred,oviedo_C3022_1415,QUINTILE,4,0.1891891891891892,0.17073170731707318,0.018457481872116016,2.0
ukzn_ISTN101_2019,UKZN,transferred,oviedo_C3029_1415,GENDER,2,0.21505376344086022,0.2087912087912088,0.0062625546496514195,M
ukzn_ISTN101_2019,UKZN,transferred,oviedo_C3029_1415,QUINTILE,4,0.24324324324324326,0.15151515151515152,0.09172809172809174,4.0
ukzn_ISTN101_2019,UKZN,transferred,oviedo_C4189_1415,GENDER,2,0.22580645161290322,0.1978021978021978,0.028004253810705426,M
ukzn_ISTN101_2019,UKZN,transferred,oviedo_C4189_1415,QUINTILE,4,0.34146341463414637,0.08108108108108109,0.2603823335530653,5.0
ukzn_ISTN101_2019,UKZN,transferred,oviedo_C4213_1415,GENDER,2,0.3118279569892473,0.2967032967032967,0.015124660285950609,M
ukzn_ISTN101_2019,UKZN,transferred,oviedo_C4213_1415,QUINTILE,4,0.40540540540540543,0.24242424242424243,0.162981162981163,4.0
ukzn_ISTN101_2019,UKZN,transferred,oviedo_C836_1415,GENDER,2,0.21978021978021978,0.20430107526881722,0.01547914451140256,F
ukzn_ISTN101_2019,UKZN,transferred,oviedo_C836_1415,QUINTILE,4,0.2702702702702703,0.0975609756097561,0.17270929466051418,2.0
ukzn_ISTN101_2021,UKZN,local,ukzn_ISTN101_2021,GENDER,2,1.0,1.0,0.0,F
ukzn_ISTN101_2021,UKZN,transferred,oulad_AAA_2013J,GENDER,2,0.4,0.35714285714285715,0.04285714285714287,F
ukzn_ISTN101_2021,UKZN,transferred,oulad_AAA_2014J,GENDER,2,0.6285714285714286,0.5714285714285714,0.05714285714285716,F
ukzn_ISTN101_2021,UKZN,transferred,oulad_BBB_2013B,GENDER,2,0.4857142857142857,0.35714285714285715,0.12857142857142856,F
ukzn_ISTN101_2021,UKZN,transferred,oulad_BBB_2013J,GENDER,2,0.17857142857142858,0.17142857142857143,0.007142857142857145,M
ukzn_ISTN101_2021,UKZN,transferred,oulad_BBB_2014B,GENDER,2,0.2857142857142857,0.14285714285714285,0.14285714285714285,F
ukzn_ISTN101_2021,UKZN,transferred,oulad_BBB_2014J,GENDER,2,0.17857142857142858,0.14285714285714285,0.035714285714285726,M
ukzn_ISTN101_2021,UKZN,transferred,oulad_CCC_2014B,GENDER,2,0.6,0.5,0.09999999999999998,F
ukzn_ISTN101_2021,UKZN,transferred,oulad_CCC_2014J,GENDER,2,0.6071428571428571,0.5428571428571428,0.06428571428571428,M
ukzn_ISTN101_2021,UKZN,transferred,oulad_DDD_2013B,GENDER,2,0.5714285714285714,0.4642857142857143,0.1071428571428571,F
ukzn_ISTN101_2021,UKZN,transferred,oulad_DDD_2013J,GENDER,2,0.5,0.45714285714285713,0.04285714285714287,M
ukzn_ISTN101_2021,UKZN,transferred,oulad_DDD_2014B,GENDER,2,0.42857142857142855,0.4,0.028571428571428525,M
ukzn_ISTN101_2021,UKZN,transferred,oulad_DDD_2014J,GENDER,2,0.2857142857142857,0.14285714285714285,0.14285714285714285,M
ukzn_ISTN101_2021,UKZN,transferred,oulad_EEE_2013J,GENDER,2,0.37142857142857144,0.2857142857142857,0.08571428571428574,F
ukzn_ISTN101_2021,UKZN,transferred,oulad_EEE_2014B,GENDER,2,0.5357142857142857,0.5142857142857142,0.021428571428571463,M
ukzn_ISTN101_2021,UKZN,transferred,oulad_EEE_2014J,GENDER,2,0.45714285714285713,0.25,0.20714285714285713,F
ukzn_ISTN101_2021,UKZN,transferred,oulad_FFF_2013B,GENDER,2,0.45714285714285713,0.25,0.20714285714285713,F
ukzn_ISTN101_2021,UKZN,transferred,oulad_FFF_2013J,GENDER,2,0.6,0.5,0.09999999999999998,F
ukzn_ISTN101_2021,UKZN,transferred,oulad_FFF_2014B,GENDER,2,0.5142857142857142,0.42857142857142855,0.08571428571428569,F
ukzn_ISTN101_2021,UKZN,transferred,oulad_FFF_2014J,GENDER,2,0.5714285714285714,0.5428571428571428,0.02857142857142858,M
ukzn_ISTN101_2021,UKZN,transferred,ku_Accountancy_1819,GENDER,2,0.39285714285714285,0.14285714285714285,0.25,M
ukzn_ISTN101_2021,UKZN,transferred,ku_Globaleconom_1819,GENDER,2,0.4857142857142857,0.42857142857142855,0.05714285714285716,F
ukzn_ISTN101_2021,UKZN,transferred,ku_Accountancy_1920,GENDER,2,0.14285714285714285,0.10714285714285714,0.03571428571428571,F
ukzn_ISTN101_2021,UKZN,transferred,ku_Globaleconom_1920,GENDER,2,0.21428571428571427,0.14285714285714285,0.07142857142857142,M
ukzn_ISTN101_2021,UKZN,transferred,ku_Accountancy_2021,GENDER,2,0.45714285714285713,0.35714285714285715,0.09999999999999998,F
ukzn_ISTN101_2021,UKZN,transferred,ku_Globaleconom_2021,GENDER,2,0.42857142857142855,0.32142857142857145,0.1071428571428571,F
ukzn_ISTN101_2021,UKZN,transferred,zambia_ICT1110_2020,GENDER,2,0.6285714285714286,0.5,0.12857142857142856,F
ukzn_ISTN101_2021,UKZN,transferred,zambia_ICT1110_2021,GENDER,2,0.3142857142857143,0.2857142857142857,0.02857142857142858,F
ukzn_ISTN101_2021,UKZN,transferred,oviedo_C1112_1415,GENDER,2,0.6285714285714286,0.5714285714285714,0.05714285714285716,F
ukzn_ISTN101_2021,UKZN,transferred,oviedo_C1127_1415,GENDER,2,0.6,0.5,0.09999999999999998,F
ukzn_ISTN101_2021,UKZN,transferred,oviedo_C1200_1415,GENDER,2,0.5,0.42857142857142855,0.07142857142857145,M
ukzn_ISTN101_2021,UKZN,transferred,oviedo_C1303_1415,GENDER,2,0.5428571428571428,0.5357142857142857,0.0071428571428571175,F
ukzn_ISTN101_2021,UKZN,transferred,oviedo_C174_1415,GENDER,2,0.2857142857142857,0.2857142857142857,0.0,F
ukzn_ISTN101_2021,UKZN,transferred,oviedo_C190_1415,GENDER,2,0.2857142857142857,0.22857142857142856,0.057142857142857134,M
ukzn_ISTN101_2021,UKZN,transferred,oviedo_C1978_1415,GENDER,2,0.14285714285714285,0.07142857142857142,0.07142857142857142,F
ukzn_ISTN101_2021,UKZN,transferred,oviedo_C2011_1415,GENDER,2,0.14285714285714285,0.10714285714285714,0.03571428571428571,F
ukzn_ISTN101_2021,UKZN,transferred,oviedo_C2024_1415,GENDER,2,0.4857142857142857,0.4642857142857143,0.021428571428571408,F
ukzn_ISTN101_2021,UKZN,transferred,oviedo_C2150_1415,GENDER,2,0.6,0.5,0.09999999999999998,F
ukzn_ISTN101_2021,UKZN,transferred,oviedo_C2271_1415,GENDER,2,0.2,0.10714285714285714,0.09285714285714287,F
ukzn_ISTN101_2021,UKZN,transferred,oviedo_C2335_1415,GENDER,2,0.4,0.35714285714285715,0.04285714285714287,F
ukzn_ISTN101_2021,UKZN,transferred,oviedo_C2406_1415,GENDER,2,0.5142857142857142,0.35714285714285715,0.15714285714285708,F
ukzn_ISTN101_2021,UKZN,transferred,oviedo_C2468_1415,GENDER,2,0.34285714285714286,0.21428571428571427,0.1285714285714286,F
ukzn_ISTN101_2021,UKZN,transferred,oviedo_C2607_1415,GENDER,2,0.39285714285714285,0.3142857142857143,0.07857142857142857,M
ukzn_ISTN101_2021,UKZN,transferred,oviedo_C3022_1415,GENDER,2,0.22857142857142856,0.21428571428571427,0.01428571428571429,F
ukzn_ISTN101_2021,UKZN,transferred,oviedo_C3029_1415,GENDER,2,0.5357142857142857,0.4857142857142857,0.04999999999999999,M
ukzn_ISTN101_2021,UKZN,transferred,oviedo_C4189_1415,GENDER,2,0.21428571428571427,0.2,0.014285714285714263,M
ukzn_ISTN101_2021,UKZN,transferred,oviedo_C4213_1415,GENDER,2,0.5357142857142857,0.4,0.13571428571428568,M
ukzn_ISTN101_2021,UKZN,transferred,oviedo_C836_1415,GENDER,2,0.4,0.2857142857142857,0.11428571428571432,F
ukzn_ISTN102_2018,UKZN,local,ukzn_ISTN102_2018,GENDER,2,0.8333333333333334,0.65625,0.17708333333333337,F
ukzn_ISTN102_2018,UKZN,transferred,oulad_AAA_2013J,GENDER,2,0.4166666666666667,0.21875,0.19791666666666669,F
ukzn_ISTN102_2018,UKZN,transferred,oulad_AAA_2014J,GENDER,2,0.3333333333333333,0.15625,0.17708333333333331,F
ukzn_ISTN102_2018,UKZN,transferred,oulad_BBB_2013B,GENDER,2,0.3888888888888889,0.21875,0.1701388888888889,F
ukzn_ISTN102_2018,UKZN,transferred,oulad_BBB_2013J,GENDER,2,0.28125,0.2222222222222222,0.05902777777777779,M
ukzn_ISTN102_2018,UKZN,transferred,oulad_BBB_2014B,GENDER,2,0.4166666666666667,0.21875,0.19791666666666669,F
ukzn_ISTN102_2018,UKZN,transferred,oulad_BBB_2014J,GENDER,2,0.3333333333333333,0.28125,0.052083333333333315,F
ukzn_ISTN102_2018,UKZN,transferred,oulad_CCC_2014B,GENDER,2,0.25,0.25,0.0,F
ukzn_ISTN102_2018,UKZN,transferred,oulad_CCC_2014J,GENDER,2,0.25,0.21875,0.03125,F
ukzn_ISTN102_2018,UKZN,transferred,oulad_DDD_2013B,GENDER,2,0.3125,0.3055555555555556,0.00694444444444442,M
ukzn_ISTN102_2018,UKZN,transferred,oulad_DDD_2013J,GENDER,2,0.25,0.25,0.0,F
ukzn_ISTN102_2018,UKZN,transferred,oulad_DDD_2014B,GENDER,2,0.25,0.16666666666666666,0.08333333333333334,M
ukzn_ISTN102_2018,UKZN,transferred,oulad_DDD_2014J,GENDER,2,0.2222222222222222,0.21875,0.00347222222222221,F
ukzn_ISTN102_2018,UKZN,transferred,oulad_EEE_2013J,GENDER,2,0.4166666666666667,0.25,0.16666666666666669,F
ukzn_ISTN102_2018,UKZN,transferred,oulad_EEE_2014B,GENDER,2,0.2222222222222222,0.1875,0.03472222222222221,F
ukzn_ISTN102_2018,UKZN,transferred,oulad_EEE_2014J,GENDER,2,0.19444444444444445,0.09375,0.10069444444444445,F
ukzn_ISTN102_2018,UKZN,transferred,oulad_FFF_2013B,GENDER,2,0.3888888888888889,0.21875,0.1701388888888889,F
ukzn_ISTN102_2018,UKZN,transferred,oulad_FFF_2013J,GENDER,2,0.21875,0.1388888888888889,0.0798611111111111,M
ukzn_ISTN102_2018,UKZN,transferred,oulad_FFF_2014B,GENDER,2,0.3055555555555556,0.21875,0.08680555555555558,F
ukzn_ISTN102_2018,UKZN,transferred,oulad_FFF_2014J,GENDER,2,0.3888888888888889,0.25,0.1388888888888889,F
ukzn_ISTN102_2018,UKZN,transferred,ku_Accountancy_1819,GENDER,2,0.2222222222222222,0.125,0.09722222222222221,F
ukzn_ISTN102_2018,UKZN,transferred,ku_Globaleconom_1819,GENDER,2,0.21875,0.16666666666666666,0.05208333333333334,M
ukzn_ISTN102_2018,UKZN,transferred,ku_Accountancy_1920,GENDER,2,0.19444444444444445,0.1875,0.0069444444444444475,F
ukzn_ISTN102_2018,UKZN,transferred,ku_Globaleconom_1920,GENDER,2,0.3055555555555556,0.25,0.05555555555555558,F
ukzn_ISTN102_2018,UKZN,transferred,ku_Accountancy_2021,GENDER,2,0.21875,0.19444444444444445,0.024305555555555552,M
ukzn_ISTN102_2018,UKZN,transferred,ku_Globaleconom_2021,GENDER,2,0.2222222222222222,0.21875,0.00347222222222221,F
ukzn_ISTN102_2018,UKZN,transferred,zambia_ICT1110_2020,GENDER,2,0.19444444444444445,0.1875,0.0069444444444444475,F
ukzn_ISTN102_2018,UKZN,transferred,zambia_ICT1110_2021,GENDER,2,0.15625,0.1388888888888889,0.017361111111111105,M
ukzn_ISTN102_2018,UKZN,transferred,oviedo_C1112_1415,GENDER,2,0.3333333333333333,0.3125,0.020833333333333315,F
ukzn_ISTN102_2018,UKZN,transferred,oviedo_C1127_1415,GENDER,2,0.3055555555555556,0.21875,0.08680555555555558,F
ukzn_ISTN102_2018,UKZN,transferred,oviedo_C1200_1415,GENDER,2,0.2222222222222222,0.15625,0.06597222222222221,F
ukzn_ISTN102_2018,UKZN,transferred,oviedo_C1303_1415,GENDER,2,0.3611111111111111,0.25,0.1111111111111111,F
ukzn_ISTN102_2018,UKZN,transferred,oviedo_C174_1415,GENDER,2,0.2777777777777778,0.21875,0.05902777777777779,F
ukzn_ISTN102_2018,UKZN,transferred,oviedo_C190_1415,GENDER,2,0.15625,0.08333333333333333,0.07291666666666667,M
ukzn_ISTN102_2018,UKZN,transferred,oviedo_C1978_1415,GENDER,2,0.2222222222222222,0.15625,0.06597222222222221,F
ukzn_ISTN102_2018,UKZN,transferred,oviedo_C2011_1415,GENDER,2,0.3888888888888889,0.21875,0.1701388888888889,F
ukzn_ISTN102_2018,UKZN,transferred,oviedo_C2024_1415,GENDER,2,0.2777777777777778,0.25,0.02777777777777779,F
ukzn_ISTN102_2018,UKZN,transferred,oviedo_C2150_1415,GENDER,2,0.1875,0.1111111111111111,0.0763888888888889,M
ukzn_ISTN102_2018,UKZN,transferred,oviedo_C2271_1415,GENDER,2,0.4444444444444444,0.25,0.19444444444444442,F
ukzn_ISTN102_2018,UKZN,transferred,oviedo_C2335_1415,GENDER,2,0.28125,0.1388888888888889,0.1423611111111111,M
ukzn_ISTN102_2018,UKZN,transferred,oviedo_C2406_1415,GENDER,2,0.21875,0.19444444444444445,0.024305555555555552,M
ukzn_ISTN102_2018,UKZN,transferred,oviedo_C2468_1415,GENDER,2,0.3888888888888889,0.1875,0.2013888888888889,F
ukzn_ISTN102_2018,UKZN,transferred,oviedo_C2607_1415,GENDER,2,0.1875,0.1388888888888889,0.048611111111111105,M
ukzn_ISTN102_2018,UKZN,transferred,oviedo_C3022_1415,GENDER,2,0.21875,0.19444444444444445,0.024305555555555552,M
ukzn_ISTN102_2018,UKZN,transferred,oviedo_C3029_1415,GENDER,2,0.3333333333333333,0.15625,0.17708333333333331,F
ukzn_ISTN102_2018,UKZN,transferred,oviedo_C4189_1415,GENDER,2,0.1875,0.1388888888888889,0.048611111111111105,M
ukzn_ISTN102_2018,UKZN,transferred,oviedo_C4213_1415,GENDER,2,0.3888888888888889,0.28125,0.1076388888888889,F
ukzn_ISTN102_2018,UKZN,transferred,oviedo_C836_1415,GENDER,2,0.2777777777777778,0.1875,0.09027777777777779,F
ukzn_ISTN103_2019,UKZN,local,ukzn_ISTN103_2019,GENDER,2,0.5694444444444444,0.5192307692307693,0.050213675213675146,M
ukzn_ISTN103_2019,UKZN,local,ukzn_ISTN103_2019,RACE,2,0.627906976744186,0.525691699604743,0.102215277139443,A
ukzn_ISTN103_2019,UKZN,local,ukzn_ISTN103_2019,QUINTILE,5,0.5930232558139535,0.4411764705882353,0.15184678522571826,1.0
ukzn_ISTN103_2019,UKZN,transferred,oulad_AAA_2013J,GENDER,2,0.3269230769230769,0.2777777777777778,0.04914529914529914,F
ukzn_ISTN103_2019,UKZN,transferred,oulad_AAA_2013J,RACE,2,0.3488372093023256,0.2964426877470356,0.05239452155529001,A
ukzn_ISTN103_2019,UKZN,transferred,oulad_AAA_2013J,QUINTILE,5,0.36046511627906974,0.22448979591836735,0.1359753203607024,2.0
ukzn_ISTN103_2019,UKZN,transferred,oulad_AAA_2014J,GENDER,2,0.28846153846153844,0.2777777777777778,0.010683760683760646,F
ukzn_ISTN103_2019,UKZN,transferred,oulad_AAA_2014J,RACE,2,0.4186046511627907,0.25691699604743085,0.16168765511535987,A
ukzn_ISTN103_2019,UKZN,transferred,oulad_AAA_2014J,QUINTILE,5,0.35294117647058826,0.1896551724137931,0.16328600405679516,4.0
ukzn_ISTN103_2019,UKZN,transferred,oulad_BBB_2013B,GENDER,2,0.2569444444444444,0.1987179487179487,0.058226495726495714,M
ukzn_ISTN103_2019,UKZN,transferred,oulad_BBB_2013B,RACE,2,0.5116279069767442,0.17391304347826086,0.33771486349848334,A
ukzn_ISTN103_2019,UKZN,transferred,oulad_BBB_2013B,QUINTILE,5,0.3488372093023256,0.10204081632653061,0.24679639297579498,2.0
ukzn_ISTN103_2019,UKZN,transferred,oulad_BBB_2013J,GENDER,2,0.1794871794871795,0.125,0.05448717948717949,F
ukzn_ISTN103_2019,UKZN,transferred,oulad_BBB_2013J,RACE,2,0.3488372093023256,0.1225296442687747,0.22630756503355087,A
ukzn_ISTN103_2019,UKZN,transferred,oulad_BBB_2013J,QUINTILE,5,0.18604651162790697,0.08823529411764706,0.09781121751025991,1.0
ukzn_ISTN103_2019,UKZN,transferred,oulad_BBB_2014B,GENDER,2,0.3525641025641026,0.2916666666666667,0.0608974358974359,F
ukzn_ISTN103_2019,UKZN,transferred,oulad_BBB_2014B,RACE,2,0.5116279069767442,0.2845849802371542,0.22704292673959003,A
ukzn_ISTN103_2019,UKZN,transferred,oulad_BBB_2014B,QUINTILE,5,0.4418604651162791,0.1896551724137931,0.252205292702486,4.0
ukzn_ISTN103_2019,UKZN,transferred,oulad_BBB_2014J,GENDER,2,0.28205128205128205,0.2569444444444444,0.02510683760683763,F
ukzn_ISTN103_2019,UKZN,transferred,oulad_BBB_2014J,RACE,2,0.3488372093023256,0.25296442687747034,0.09587278242485525,A
ukzn_ISTN103_2019,UKZN,transferred,oulad_BBB_2014J,QUINTILE,5,0.3372093023255814,0.17647058823529413,0.16073871409028725,1.0
ukzn_ISTN103_2019,UKZN,transferred,oulad_CCC_2014B,GENDER,2,0.24305555555555555,0.21794871794871795,0.0251068376068376,M
ukzn_ISTN103_2019,UKZN,transferred,oulad_CCC_2014B,RACE,2,0.3953488372093023,0.19367588932806323,0.20167294788123907,A
ukzn_ISTN103_2019,UKZN,transferred,oulad_CCC_2014B,QUINTILE,5,0.32558139534883723,0.14705882352941177,0.17852257181942546,1.0
ukzn_ISTN103_2019,UKZN,transferred,oulad_CCC_2014J,GENDER,2,0.2777777777777778,0.22435897435897437,0.05341880341880342,M
ukzn_ISTN103_2019,UKZN,transferred,oulad_CCC_2014J,RACE,2,0.2608695652173913,0.20930232558139536,0.05156723963599594,I
ukzn_ISTN103_2019,UKZN,transferred,oulad_CCC_2014J,QUINTILE,5,0.38235294117647056,0.20408163265306123,0.17827130852340933,2.0
ukzn_ISTN103_2019,UKZN,transferred,oulad_DDD_2013B,GENDER,2,0.2777777777777778,0.27564102564102566,0.002136752136752129,M
ukzn_ISTN103_2019,UKZN,transferred,oulad_DDD_2013B,RACE,2,0.4883720930232558,0.23715415019762845,0.25121794282562737,A
ukzn_ISTN103_2019,UKZN,transferred,oulad_DDD_2013B,QUINTILE,5,0.3488372093023256,0.17647058823529413,0.17236662106703146,1.0
ukzn_ISTN103_2019,UKZN,transferred,oulad_DDD_2013J,GENDER,2,0.2847222222222222,0.24358974358974358,0.041132478632478625,M
ukzn_ISTN103_2019,UKZN,transferred,oulad_DDD_2013J,RACE,2,0.4186046511627907,0.22529644268774704,0.19330820847504368,A
ukzn_ISTN103_2019,UKZN,transferred,oulad_DDD_2013J,QUINTILE,5,0.3488372093023256,0.20588235294117646,0.14295485636114913,1.0
ukzn_ISTN103_2019,UKZN,transferred,oulad_DDD_2014B,GENDER,2,0.21794871794871795,0.2013888888888889,0.016559829059829057,F
ukzn_ISTN103_2019,UKZN,transferred,oulad_DDD_2014B,RACE,2,0.2558139534883721,0.2015810276679842,0.05423292582038791,A
ukzn_ISTN103_2019,UKZN,transferred,oulad_DDD_2014B,QUINTILE,5,0.3235294117647059,0.1724137931034483,0.1511156186612576,4.0
ukzn_ISTN103_2019,UKZN,transferred,oulad_DDD_2014J,GENDER,2,0.20512820512820512,0.1527777777777778,0.05235042735042733,F
ukzn_ISTN103_2019,UKZN,transferred,oulad_DDD_2014J,RACE,2,0.2558139534883721,0.16205533596837945,0.09375861751999265,A
ukzn_ISTN103_2019,UKZN,transferred,oulad_DDD_2014J,QUINTILE,5,0.2441860465116279,0.08823529411764706,0.15595075239398082,1.0
ukzn_ISTN103_2019,UKZN,transferred,oulad_EEE_2013J,GENDER,2,0.2986111111111111,0.28205128205128205,0.016559829059829057,M
ukzn_ISTN103_2019,UKZN,transferred,oulad_EEE_2013J,RACE,2,0.6046511627906976,0.233201581027668,0.37144958176302967,A
ukzn_ISTN103_2019,UKZN,transferred,oulad_EEE_2013J,QUINTILE,5,0.4186046511627907,0.17647058823529413,0.2421340629274966,1.0
ukzn_ISTN103_2019,UKZN,transferred,oulad_EEE_2014B,GENDER,2,0.2692307692307692,0.2569444444444444,0.012286324786324798,F
ukzn_ISTN103_2019,UKZN,transferred,oulad_EEE_2014B,RACE,2,0.37209302325581395,0.23715415019762845,0.1349388730581855,A
ukzn_ISTN103_2019,UKZN,transferred,oulad_EEE_2014B,QUINTILE,5,0.3372093023255814,0.17647058823529413,0.16073871409028725,1.0
ukzn_ISTN103_2019,UKZN,transferred,oulad_EEE_2014J,GENDER,2,0.21794871794871795,0.1736111111111111,0.04433760683760685,F
ukzn_ISTN103_2019,UKZN,transferred,oulad_EEE_2014J,RACE,2,0.2134387351778656,0.09302325581395349,0.12041547936391211,I
ukzn_ISTN103_2019,UKZN,transferred,oulad_EEE_2014J,QUINTILE,5,0.24489795918367346,0.14705882352941177,0.0978391356542617,1.0
ukzn_ISTN103_2019,UKZN,transferred,oulad_FFF_2013B,GENDER,2,0.28846153846153844,0.2569444444444444,0.031517094017094016,F
ukzn_ISTN103_2019,UKZN,transferred,oulad_FFF_2013B,RACE,2,0.5813953488372093,0.21739130434782608,0.3640040444893833,A
ukzn_ISTN103_2019,UKZN,transferred,oulad_FFF_2013B,QUINTILE,5,0.36046511627906974,0.1836734693877551,0.17679164689131463,2.0
ukzn_ISTN103_2019,UKZN,transferred,oulad_FFF_2013J,GENDER,2,0.13194444444444445,0.1282051282051282,0.003739316239316254,M
ukzn_ISTN103_2019,UKZN,transferred,oulad_FFF_2013J,RACE,2,0.14624505928853754,0.046511627906976744,0.0997334313815608,I
ukzn_ISTN103_2019,UKZN,transferred,oulad_FFF_2013J,QUINTILE,5,0.22448979591836735,0.08620689655172414,0.1382828993666432,4.0
ukzn_ISTN103_2019,UKZN,transferred,oulad_FFF_2014B,GENDER,2,0.3125,0.25,0.0625,M
ukzn_ISTN103_2019,UKZN,transferred,oulad_FFF_2014B,RACE,2,0.37209302325581395,0.2648221343873518,0.10727088886846214,A
ukzn_ISTN103_2019,UKZN,transferred,oulad_FFF_2014B,QUINTILE,5,0.41379310344827586,0.17647058823529413,0.23732251521298173,1.0
ukzn_ISTN103_2019,UKZN,transferred,oulad_FFF_2014J,GENDER,2,0.2986111111111111,0.2948717948717949,0.003739316239316226,M
ukzn_ISTN103_2019,UKZN,transferred,oulad_FFF_2014J,RACE,2,0.5813953488372093,0.24110671936758893,0.3402886294696204,A
ukzn_ISTN103_2019,UKZN,transferred,oulad_FFF_2014J,QUINTILE,5,0.43023255813953487,0.13793103448275862,0.29230152365677625,4.0
ukzn_ISTN103_2019,UKZN,transferred,ku_Accountancy_1819,GENDER,2,0.3125,0.27564102564102566,0.03685897435897434,M
ukzn_ISTN103_2019,UKZN,transferred,ku_Accountancy_1819,RACE,2,0.3023255813953488,0.2845849802371542,0.017740601158194647,A
ukzn_ISTN103_2019,UKZN,transferred,ku_Accountancy_1819,QUINTILE,5,0.32558139534883723,0.20588235294117646,0.11969904240766077,1.0
ukzn_ISTN103_2019,UKZN,transferred,ku_Globaleconom_1819,GENDER,2,0.26282051282051283,0.2361111111111111,0.026709401709401726,F
ukzn_ISTN103_2019,UKZN,transferred,ku_Globaleconom_1819,RACE,2,0.32558139534883723,0.23715415019762845,0.08842724515120878,A
ukzn_ISTN103_2019,UKZN,transferred,ku_Globaleconom_1819,QUINTILE,5,0.28846153846153844,0.20408163265306123,0.0843799058084772,2.0
ukzn_ISTN103_2019,UKZN,transferred,ku_Accountancy_1920,GENDER,2,0.24305555555555555,0.1858974358974359,0.05715811965811965,M
ukzn_ISTN103_2019,UKZN,transferred,ku_Accountancy_1920,RACE,2,0.24110671936758893,0.046511627906976744,0.19459509146061219,I
ukzn_ISTN103_2019,UKZN,transferred,ku_Accountancy_1920,QUINTILE,5,0.3620689655172414,0.08163265306122448,0.2804363124560169,2.0
ukzn_ISTN103_2019,UKZN,transferred,ku_Globaleconom_1920,GENDER,2,0.23717948717948717,0.2361111111111111,0.0010683760683760646,F
ukzn_ISTN103_2019,UKZN,transferred,ku_Globaleconom_1920,RACE,2,0.233201581027668,0.23255813953488372,0.0006434414927842802,I
ukzn_ISTN103_2019,UKZN,transferred,ku_Globaleconom_1920,QUINTILE,5,0.3023255813953488,0.15384615384615385,0.14847942754919496,3.0
ukzn_ISTN103_2019,UKZN,transferred,ku_Accountancy_2021,GENDER,2,0.2152777777777778,0.21153846153846154,0.003739316239316254,M
ukzn_ISTN103_2019,UKZN,transferred,ku_Accountancy_2021,RACE,2,0.22134387351778656,0.18604651162790697,0.035297361889879586,I
ukzn_ISTN103_2019,UKZN,transferred,ku_Accountancy_2021,QUINTILE,5,0.32653061224489793,0.14705882352941177,0.17947178871548616,1.0
ukzn_ISTN103_2019,UKZN,transferred,ku_Globaleconom_2021,GENDER,2,0.2777777777777778,0.1987179487179487,0.07905982905982908,M
ukzn_ISTN103_2019,UKZN,transferred,ku_Globaleconom_2021,RACE,2,0.25691699604743085,0.13953488372093023,0.11738211232650061,I
ukzn_ISTN103_2019,UKZN,transferred,ku_Globaleconom_2021,QUINTILE,5,0.3235294117647059,0.20930232558139536,0.11422708618331054,5.0
ukzn_ISTN103_2019,UKZN,transferred,zambia_ICT1110_2020,GENDER,2,0.3680555555555556,0.28846153846153844,0.07959401709401714,M
ukzn_ISTN103_2019,UKZN,transferred,zambia_ICT1110_2020,RACE,2,0.33201581027667987,0.27906976744186046,0.05294604283481941,I
ukzn_ISTN103_2019,UKZN,transferred,zambia_ICT1110_2020,QUINTILE,5,0.43103448275862066,0.2653061224489796,0.16572836030964105,2.0
ukzn_ISTN103_2019,UKZN,transferred,zambia_ICT1110_2021,GENDER,2,0.1858974358974359,0.16666666666666666,0.019230769230769246,F
ukzn_ISTN103_2019,UKZN,transferred,zambia_ICT1110_2021,RACE,2,0.18604651162790697,0.17391304347826086,0.01213346814964611,A
ukzn_ISTN103_2019,UKZN,transferred,zambia_ICT1110_2021,QUINTILE,5,0.23255813953488372,0.10344827586206896,0.12910986367281474,4.0
ukzn_ISTN103_2019,UKZN,transferred,oviedo_C1112_1415,GENDER,2,0.3055555555555556,0.23717948717948717,0.06837606837606841,M
ukzn_ISTN103_2019,UKZN,transferred,oviedo_C1112_1415,RACE,2,0.46511627906976744,0.233201581027668,0.23191469804209944,A
ukzn_ISTN103_2019,UKZN,transferred,oviedo_C1112_1415,QUINTILE,5,0.3488372093023256,0.14285714285714285,0.20598006644518274,2.0
ukzn_ISTN103_2019,UKZN,transferred,oviedo_C1127_1415,GENDER,2,0.3055555555555556,0.2564102564102564,0.04914529914529919,M
ukzn_ISTN103_2019,UKZN,transferred,oviedo_C1127_1415,RACE,2,0.4418604651162791,0.2490118577075099,0.1928486074087692,A
ukzn_ISTN103_2019,UKZN,transferred,oviedo_C1127_1415,QUINTILE,5,0.3448275862068966,0.20408163265306123,0.14074595355383535,2.0
ukzn_ISTN103_2019,UKZN,transferred,oviedo_C1200_1415,GENDER,2,0.3263888888888889,0.25,0.0763888888888889,M
ukzn_ISTN103_2019,UKZN,transferred,oviedo_C1200_1415,RACE,2,0.5116279069767442,0.2490118577075099,0.2626160492692343,A
ukzn_ISTN103_2019,UKZN,transferred,oviedo_C1200_1415,QUINTILE,5,0.3448275862068966,0.17647058823529413,0.16835699797160245,1.0
ukzn_ISTN103_2019,UKZN,transferred,oviedo_C1303_1415,GENDER,2,0.2916666666666667,0.28846153846153844,0.0032051282051282493,M
ukzn_ISTN103_2019,UKZN,transferred,oviedo_C1303_1415,RACE,2,0.3953488372093023,0.26877470355731226,0.12657413365199005,A
ukzn_ISTN103_2019,UKZN,transferred,oviedo_C1303_1415,QUINTILE,5,0.37209302325581395,0.22448979591836735,0.1476032273374466,2.0
ukzn_ISTN103_2019,UKZN,transferred,oviedo_C174_1415,GENDER,2,0.2948717948717949,0.2638888888888889,0.030982905982905984,F
ukzn_ISTN103_2019,UKZN,transferred,oviedo_C174_1415,RACE,2,0.30039525691699603,0.18604651162790697,0.11434874528908906,I
ukzn_ISTN103_2019,UKZN,transferred,oviedo_C174_1415,QUINTILE,5,0.35294117647058826,0.2441860465116279,0.10875512995896036,5.0
ukzn_ISTN103_2019,UKZN,transferred,oviedo_C190_1415,GENDER,2,0.14743589743589744,0.1111111111111111,0.036324786324786335,F
ukzn_ISTN103_2019,UKZN,transferred,oviedo_C190_1415,RACE,2,0.13438735177865613,0.11627906976744186,0.01810828201121427,I
ukzn_ISTN103_2019,UKZN,transferred,oviedo_C190_1415,QUINTILE,5,0.19230769230769232,0.10344827586206896,0.08885941644562335,4.0
ukzn_ISTN103_2019,UKZN,transferred,oviedo_C1978_1415,GENDER,2,0.26282051282051283,0.1875,0.07532051282051283,F
ukzn_ISTN103_2019,UKZN,transferred,oviedo_C1978_1415,RACE,2,0.3488372093023256,0.2015810276679842,0.1472561816343414,A
ukzn_ISTN103_2019,UKZN,transferred,oviedo_C1978_1415,QUINTILE,5,0.3488372093023256,0.13793103448275862,0.21090617481956697,4.0
ukzn_ISTN103_2019,UKZN,transferred,oviedo_C2011_1415,GENDER,2,0.27564102564102566,0.2569444444444444,0.01869658119658124,F
ukzn_ISTN103_2019,UKZN,transferred,oviedo_C2011_1415,RACE,2,0.5581395348837209,0.2134387351778656,0.3447007997058553,A
ukzn_ISTN103_2019,UKZN,transferred,oviedo_C2011_1415,QUINTILE,5,0.43023255813953487,0.17307692307692307,0.2571556350626118,3.0
ukzn_ISTN103_2019,UKZN,transferred,oviedo_C2024_1415,GENDER,2,0.22435897435897437,0.2152777777777778,0.009081196581196577,F
ukzn_ISTN103_2019,UKZN,transferred,oviedo_C2024_1415,RACE,2,0.37209302325581395,0.1976284584980237,0.17446456475779024,A
ukzn_ISTN103_2019,UKZN,transferred,oviedo_C2024_1415,QUINTILE,5,0.29069767441860467,0.08823529411764706,0.2024623803009576,1.0
ukzn_ISTN103_2019,UKZN,transferred,oviedo_C2150_1415,GENDER,2,0.11805555555555555,0.11538461538461539,0.0026709401709401615,M
ukzn_ISTN103_2019,UKZN,transferred,oviedo_C2150_1415,RACE,2,0.13043478260869565,0.046511627906976744,0.0839231547017189,I
ukzn_ISTN103_2019,UKZN,transferred,oviedo_C2150_1415,QUINTILE,5,0.25,0.06896551724137931,0.1810344827586207,4.0
ukzn_ISTN103_2019,UKZN,transferred,oviedo_C2271_1415,GENDER,2,0.3055555555555556,0.30128205128205127,0.004273504273504314,M
ukzn_ISTN103_2019,UKZN,transferred,oviedo_C2271_1415,RACE,2,0.5116279069767442,0.2648221343873518,0.2468057725893924,A
ukzn_ISTN103_2019,UKZN,transferred,oviedo_C2271_1415,QUINTILE,5,0.4186046511627907,0.20689655172413793,0.2117080994386528,4.0
ukzn_ISTN103_2019,UKZN,transferred,oviedo_C2335_1415,GENDER,2,0.20833333333333334,0.20512820512820512,0.0032051282051282215,M
ukzn_ISTN103_2019,UKZN,transferred,oviedo_C2335_1415,RACE,2,0.27906976744186046,0.1976284584980237,0.08144130894383675,A
ukzn_ISTN103_2019,UKZN,transferred,oviedo_C2335_1415,QUINTILE,5,0.27586206896551724,0.10204081632653061,0.17382125263898662,2.0
ukzn_ISTN103_2019,UKZN,transferred,oviedo_C2406_1415,GENDER,2,0.2916666666666667,0.2692307692307692,0.022435897435897467,M
ukzn_ISTN103_2019,UKZN,transferred,oviedo_C2406_1415,RACE,2,0.2964426877470356,0.16279069767441862,0.13365199007261697,I
ukzn_ISTN103_2019,UKZN,transferred,oviedo_C2406_1415,QUINTILE,5,0.3103448275862069,0.20588235294117646,0.10446247464503045,1.0
ukzn_ISTN103_2019,UKZN,transferred,oviedo_C2468_1415,GENDER,2,0.3333333333333333,0.2708333333333333,0.0625,F
ukzn_ISTN103_2019,UKZN,transferred,oviedo_C2468_1415,RACE,2,0.5348837209302325,0.25691699604743085,0.27796672488280166,A
ukzn_ISTN103_2019,UKZN,transferred,oviedo_C2468_1415,QUINTILE,5,0.3953488372093023,0.17647058823529413,0.21887824897400818,1.0
ukzn_ISTN103_2019,UKZN,transferred,oviedo_C2607_1415,GENDER,2,0.24358974358974358,0.2013888888888889,0.04220085470085469,F
ukzn_ISTN103_2019,UKZN,transferred,oviedo_C2607_1415,RACE,2,0.27906976744186046,0.2134387351778656,0.06563103226399486,A
ukzn_ISTN103_2019,UKZN,transferred,oviedo_C2607_1415,QUINTILE,5,0.2692307692307692,0.15517241379310345,0.11405835543766576,4.0
ukzn_ISTN103_2019,UKZN,transferred,oviedo_C3022_1415,GENDER,2,0.25,0.1858974358974359,0.0641025641025641,M
ukzn_ISTN103_2019,UKZN,transferred,oviedo_C3022_1415,RACE,2,0.3488372093023256,0.18972332015810275,0.15911388914422284,A
ukzn_ISTN103_2019,UKZN,transferred,oviedo_C3022_1415,QUINTILE,5,0.27906976744186046,0.1346153846153846,0.14445438282647585,3.0
ukzn_ISTN103_2019,UKZN,transferred,oviedo_C3029_1415,GENDER,2,0.32051282051282054,0.24305555555555555,0.07745726495726499,F
ukzn_ISTN103_2019,UKZN,transferred,oviedo_C3029_1415,RACE,2,0.28063241106719367,0.27906976744186046,0.0015626436253332043,I
ukzn_ISTN103_2019,UKZN,transferred,oviedo_C3029_1415,QUINTILE,5,0.3673469387755102,0.23529411764705882,0.1320528211284514,1.0
ukzn_ISTN103_2019,UKZN,transferred,oviedo_C4189_1415,GENDER,2,0.1736111111111111,0.16666666666666666,0.0069444444444444475,M
ukzn_ISTN103_2019,UKZN,transferred,oviedo_C4189_1415,RACE,2,0.18972332015810275,0.06976744186046512,0.11995587829763764,I
ukzn_ISTN103_2019,UKZN,transferred,oviedo_C4189_1415,QUINTILE,5,0.29411764705882354,0.1206896551724138,0.17342799188640973,4.0
ukzn_ISTN103_2019,UKZN,transferred,oviedo_C4213_1415,GENDER,2,0.28846153846153844,0.2708333333333333,0.01762820512820512,F
ukzn_ISTN103_2019,UKZN,transferred,oviedo_C4213_1415,RACE,2,0.46511627906976744,0.2450592885375494,0.22005699053221803,A
ukzn_ISTN103_2019,UKZN,transferred,oviedo_C4213_1415,QUINTILE,5,0.29069767441860467,0.22448979591836735,0.06620787850023732,2.0
ukzn_ISTN103_2019,UKZN,transferred,oviedo_C836_1415,GENDER,2,0.3141025641025641,0.3055555555555556,0.008547008547008517,F
ukzn_ISTN103_2019,UKZN,transferred,oviedo_C836_1415,RACE,2,0.5116279069767442,0.2727272727272727,0.2389006342494715,A
ukzn_ISTN103_2019,UKZN,transferred,oviedo_C836_1415,QUINTILE,5,0.37209302325581395,0.22413793103448276,0.14795509222133119,4.0
ukzn_ISTN103_2020,UKZN,local,ukzn_ISTN103_2020,GENDER,2,0.8285714285714286,0.8222222222222222,0.006349206349206438,F
ukzn_ISTN103_2020,UKZN,local,ukzn_ISTN103_2020,QUINTILE,2,0.96,0.8461538461538461,0.11384615384615382,3.0
ukzn_ISTN103_2020,UKZN,transferred,oulad_AAA_2013J,GENDER,2,0.35714285714285715,0.28888888888888886,0.06825396825396829,F
ukzn_ISTN103_2020,UKZN,transferred,oulad_AAA_2013J,QUINTILE,2,0.32,0.3076923076923077,0.012307692307692297,3.0
ukzn_ISTN103_2020,UKZN,transferred,oulad_AAA_2014J,GENDER,2,0.4222222222222222,0.2571428571428571,0.1650793650793651,M
ukzn_ISTN103_2020,UKZN,transferred,oulad_AAA_2014J,QUINTILE,2,0.56,0.11538461538461539,0.44461538461538463,3.0
ukzn_ISTN103_2020,UKZN,transferred,oulad_BBB_2013B,GENDER,2,0.2714285714285714,0.26666666666666666,0.004761904761904745,F
ukzn_ISTN103_2020,UKZN,transferred,oulad_BBB_2013B,QUINTILE,2,0.36,0.15384615384615385,0.20615384615384613,3.0
ukzn_ISTN103_2020,UKZN,transferred,oulad_BBB_2013J,GENDER,2,0.17777777777777778,0.14285714285714285,0.034920634920634935,M
ukzn_ISTN103_2020,UKZN,transferred,oulad_BBB_2013J,QUINTILE,2,0.32,0.07692307692307693,0.24307692307692308,3.0
ukzn_ISTN103_2020,UKZN,transferred,oulad_BBB_2014B,GENDER,2,0.35555555555555557,0.3,0.05555555555555558,M
ukzn_ISTN103_2020,UKZN,transferred,oulad_BBB_2014B,QUINTILE,2,0.4,0.19230769230769232,0.2076923076923077,3.0
ukzn_ISTN103_2020,UKZN,transferred,oulad_BBB_2014J,GENDER,2,0.3333333333333333,0.21428571428571427,0.11904761904761904,M
ukzn_ISTN103_2020,UKZN,transferred,oulad_BBB_2014J,QUINTILE,2,0.2692307692307692,0.2,0.0692307692307692,5.0
ukzn_ISTN103_2020,UKZN,transferred,oulad_CCC_2014B,GENDER,2,0.3111111111111111,0.2571428571428571,0.053968253968254,M
ukzn_ISTN103_2020,UKZN,transferred,oulad_CCC_2014B,QUINTILE,2,0.36,0.11538461538461539,0.2446153846153846,3.0
ukzn_ISTN103_2020,UKZN,transferred,oulad_CCC_2014J,GENDER,2,0.22857142857142856,0.17777777777777778,0.05079365079365078,F
ukzn_ISTN103_2020,UKZN,transferred,oulad_CCC_2014J,QUINTILE,2,0.23076923076923078,0.2,0.03076923076923077,5.0
ukzn_ISTN103_2020,UKZN,transferred,oulad_DDD_2013B,GENDER,2,0.28888888888888886,0.2857142857142857,0.0031746031746031633,M
ukzn_ISTN103_2020,UKZN,transferred,oulad_DDD_2013B,QUINTILE,2,0.32,0.2692307692307692,0.05076923076923079,3.0
ukzn_ISTN103_2020,UKZN,transferred,oulad_DDD_2013J,GENDER,2,0.32857142857142857,0.17777777777777778,0.15079365079365079,F
ukzn_ISTN103_2020,UKZN,transferred,oulad_DDD_2013J,QUINTILE,2,0.28,0.19230769230769232,0.08769230769230771,3.0
ukzn_ISTN103_2020,UKZN,transferred,oulad_DDD_2014B,GENDER,2,0.2571428571428571,0.15555555555555556,0.10158730158730156,F
ukzn_ISTN103_2020,UKZN,transferred,oulad_DDD_2014B,QUINTILE,2,0.32,0.19230769230769232,0.1276923076923077,3.0
ukzn_ISTN103_2020,UKZN,transferred,oulad_DDD_2014J,GENDER,2,0.2714285714285714,0.2,0.0714285714285714,F
ukzn_ISTN103_2020,UKZN,transferred,oulad_DDD_2014J,QUINTILE,2,0.36,0.23076923076923078,0.1292307692307692,3.0
ukzn_ISTN103_2020,UKZN,transferred,oulad_EEE_2013J,GENDER,2,0.3,0.24444444444444444,0.05555555555555555,F
ukzn_ISTN103_2020,UKZN,transferred,oulad_EEE_2013J,QUINTILE,2,0.52,0.19230769230769232,0.3276923076923077,3.0
ukzn_ISTN103_2020,UKZN,transferred,oulad_EEE_2014B,GENDER,2,0.32857142857142857,0.2,0.12857142857142856,F
ukzn_ISTN103_2020,UKZN,transferred,oulad_EEE_2014B,QUINTILE,2,0.32,0.19230769230769232,0.1276923076923077,3.0
ukzn_ISTN103_2020,UKZN,transferred,oulad_EEE_2014J,GENDER,2,0.2714285714285714,0.17777777777777778,0.09365079365079362,F
ukzn_ISTN103_2020,UKZN,transferred,oulad_EEE_2014J,QUINTILE,2,0.4230769230769231,0.16,0.2630769230769231,5.0
ukzn_ISTN103_2020,UKZN,transferred,oulad_FFF_2013B,GENDER,2,0.3142857142857143,0.24444444444444444,0.06984126984126984,F
ukzn_ISTN103_2020,UKZN,transferred,oulad_FFF_2013B,QUINTILE,2,0.4,0.15384615384615385,0.24615384615384617,3.0
ukzn_ISTN103_2020,UKZN,transferred,oulad_FFF_2013J,GENDER,2,0.22857142857142856,0.2222222222222222,0.006349206349206354,F
ukzn_ISTN103_2020,UKZN,transferred,oulad_FFF_2013J,QUINTILE,2,0.32,0.19230769230769232,0.1276923076923077,3.0
ukzn_ISTN103_2020,UKZN,transferred,oulad_FFF_2014B,GENDER,2,0.2,0.17142857142857143,0.02857142857142858,M
ukzn_ISTN103_2020,UKZN,transferred,oulad_FFF_2014B,QUINTILE,2,0.36,0.15384615384615385,0.20615384615384613,3.0
ukzn_ISTN103_2020,UKZN,transferred,oulad_FFF_2014J,GENDER,2,0.32857142857142857,0.28888888888888886,0.03968253968253971,F
ukzn_ISTN103_2020,UKZN,transferred,oulad_FFF_2014J,QUINTILE,2,0.48,0.19230769230769232,0.2876923076923077,3.0
ukzn_ISTN103_2020,UKZN,transferred,ku_Accountancy_1819,GENDER,2,0.2222222222222222,0.17142857142857143,0.05079365079365078,M
ukzn_ISTN103_2020,UKZN,transferred,ku_Accountancy_1819,QUINTILE,2,0.2,0.07692307692307693,0.12307692307692308,3.0
ukzn_ISTN103_2020,UKZN,transferred,ku_Globaleconom_1819,GENDER,2,0.21428571428571427,0.15555555555555556,0.058730158730158716,F
ukzn_ISTN103_2020,UKZN,transferred,ku_Globaleconom_1819,QUINTILE,2,0.24,0.19230769230769232,0.04769230769230767,3.0
ukzn_ISTN103_2020,UKZN,transferred,ku_Accountancy_1920,GENDER,2,0.15714285714285714,0.06666666666666667,0.09047619047619047,F
ukzn_ISTN103_2020,UKZN,transferred,ku_Accountancy_1920,QUINTILE,2,0.19230769230769232,0.04,0.1523076923076923,5.0
ukzn_ISTN103_2020,UKZN,transferred,ku_Globaleconom_1920,GENDER,2,0.3111111111111111,0.3,0.011111111111111127,M
ukzn_ISTN103_2020,UKZN,transferred,ku_Globaleconom_1920,QUINTILE,2,0.3076923076923077,0.24,0.06769230769230772,5.0
ukzn_ISTN103_2020,UKZN,transferred,ku_Accountancy_2021,GENDER,2,0.15714285714285714,0.1111111111111111,0.046031746031746035,F
ukzn_ISTN103_2020,UKZN,transferred,ku_Accountancy_2021,QUINTILE,2,0.23076923076923078,0.04,0.19076923076923077,5.0
ukzn_ISTN103_2020,UKZN,transferred,ku_Globaleconom_2021,GENDER,2,0.3333333333333333,0.3142857142857143,0.019047619047619035,M
ukzn_ISTN103_2020,UKZN,transferred,ku_Globaleconom_2021,QUINTILE,2,0.44,0.15384615384615385,0.28615384615384615,3.0
ukzn_ISTN103_2020,UKZN,transferred,zambia_ICT1110_2020,GENDER,2,0.24444444444444444,0.24285714285714285,0.0015873015873015817,M
ukzn_ISTN103_2020,UKZN,transferred,zambia_ICT1110_2020,QUINTILE,2,0.2,0.11538461538461539,0.08461538461538462,3.0
ukzn_ISTN103_2020,UKZN,transferred,zambia_ICT1110_2021,GENDER,2,0.17777777777777778,0.15714285714285714,0.020634920634920645,M
ukzn_ISTN103_2020,UKZN,transferred,zambia_ICT1110_2021,QUINTILE,2,0.2,0.07692307692307693,0.12307692307692308,3.0
ukzn_ISTN103_2020,UKZN,transferred,oviedo_C1112_1415,GENDER,2,0.3111111111111111,0.12857142857142856,0.18253968253968256,M
ukzn_ISTN103_2020,UKZN,transferred,oviedo_C1112_1415,QUINTILE,2,0.23076923076923078,0.2,0.03076923076923077,5.0
ukzn_ISTN103_2020,UKZN,transferred,oviedo_C1127_1415,GENDER,2,0.28888888888888886,0.24285714285714285,0.04603174603174601,M
ukzn_ISTN103_2020,UKZN,transferred,oviedo_C1127_1415,QUINTILE,2,0.36,0.34615384615384615,0.013846153846153841,3.0
ukzn_ISTN103_2020,UKZN,transferred,oviedo_C1200_1415,GENDER,2,0.28888888888888886,0.2,0.08888888888888885,M
ukzn_ISTN103_2020,UKZN,transferred,oviedo_C1200_1415,QUINTILE,2,0.4,0.23076923076923078,0.16923076923076924,3.0
ukzn_ISTN103_2020,UKZN,transferred,oviedo_C1303_1415,GENDER,2,0.3333333333333333,0.32857142857142857,0.004761904761904745,M
ukzn_ISTN103_2020,UKZN,transferred,oviedo_C1303_1415,QUINTILE,2,0.3076923076923077,0.28,0.027692307692307683,5.0
ukzn_ISTN103_2020,UKZN,transferred,oviedo_C174_1415,GENDER,2,0.37777777777777777,0.37142857142857144,0.006349206349206327,M
ukzn_ISTN103_2020,UKZN,transferred,oviedo_C174_1415,QUINTILE,2,0.4230769230769231,0.28,0.14307692307692305,5.0
ukzn_ISTN103_2020,UKZN,transferred,oviedo_C190_1415,GENDER,2,0.11428571428571428,0.08888888888888889,0.02539682539682539,F
ukzn_ISTN103_2020,UKZN,transferred,oviedo_C190_1415,QUINTILE,2,0.19230769230769232,0.16,0.032307692307692315,5.0
ukzn_ISTN103_2020,UKZN,transferred,oviedo_C1978_1415,GENDER,2,0.35714285714285715,0.17777777777777778,0.17936507936507937,F
ukzn_ISTN103_2020,UKZN,transferred,oviedo_C1978_1415,QUINTILE,2,0.32,0.2692307692307692,0.05076923076923079,3.0
ukzn_ISTN103_2020,UKZN,transferred,oviedo_C2011_1415,GENDER,2,0.2714285714285714,0.26666666666666666,0.004761904761904745,F
ukzn_ISTN103_2020,UKZN,transferred,oviedo_C2011_1415,QUINTILE,2,0.32,0.3076923076923077,0.012307692307692297,3.0
ukzn_ISTN103_2020,UKZN,transferred,oviedo_C2024_1415,GENDER,2,0.35714285714285715,0.24444444444444444,0.11269841269841271,F
ukzn_ISTN103_2020,UKZN,transferred,oviedo_C2024_1415,QUINTILE,2,0.36,0.23076923076923078,0.1292307692307692,3.0
ukzn_ISTN103_2020,UKZN,transferred,oviedo_C2150_1415,GENDER,2,0.26666666666666666,0.2571428571428571,0.009523809523809545,M
ukzn_ISTN103_2020,UKZN,transferred,oviedo_C2150_1415,QUINTILE,2,0.2692307692307692,0.24,0.029230769230769227,5.0
ukzn_ISTN103_2020,UKZN,transferred,oviedo_C2271_1415,GENDER,2,0.37777777777777777,0.2857142857142857,0.09206349206349207,M
ukzn_ISTN103_2020,UKZN,transferred,oviedo_C2271_1415,QUINTILE,2,0.32,0.23076923076923078,0.08923076923076922,3.0
ukzn_ISTN103_2020,UKZN,transferred,oviedo_C2335_1415,GENDER,2,0.26666666666666666,0.24285714285714285,0.023809523809523808,M
ukzn_ISTN103_2020,UKZN,transferred,oviedo_C2335_1415,QUINTILE,2,0.34615384615384615,0.28,0.06615384615384612,5.0
ukzn_ISTN103_2020,UKZN,transferred,oviedo_C2406_1415,GENDER,2,0.24444444444444444,0.21428571428571427,0.030158730158730163,M
ukzn_ISTN103_2020,UKZN,transferred,oviedo_C2406_1415,QUINTILE,2,0.19230769230769232,0.16,0.032307692307692315,5.0
ukzn_ISTN103_2020,UKZN,transferred,oviedo_C2468_1415,GENDER,2,0.35714285714285715,0.3333333333333333,0.023809523809523836,F
ukzn_ISTN103_2020,UKZN,transferred,oviedo_C2468_1415,QUINTILE,2,0.32,0.3076923076923077,0.012307692307692297,3.0
ukzn_ISTN103_2020,UKZN,transferred,oviedo_C2607_1415,GENDER,2,0.28888888888888886,0.11428571428571428,0.1746031746031746,M
ukzn_ISTN103_2020,UKZN,transferred,oviedo_C2607_1415,QUINTILE,2,0.24,0.15384615384615385,0.08615384615384614,3.0
ukzn_ISTN103_2020,UKZN,transferred,oviedo_C3022_1415,GENDER,2,0.15714285714285714,0.13333333333333333,0.023809523809523808,F
ukzn_ISTN103_2020,UKZN,transferred,oviedo_C3022_1415,QUINTILE,2,0.24,0.11538461538461539,0.1246153846153846,3.0
ukzn_ISTN103_2020,UKZN,transferred,oviedo_C3029_1415,GENDER,2,0.37777777777777777,0.18571428571428572,0.19206349206349205,M
ukzn_ISTN103_2020,UKZN,transferred,oviedo_C3029_1415,QUINTILE,2,0.2,0.07692307692307693,0.12307692307692308,3.0
ukzn_ISTN103_2020,UKZN,transferred,oviedo_C4189_1415,GENDER,2,0.17777777777777778,0.11428571428571428,0.0634920634920635,M
ukzn_ISTN103_2020,UKZN,transferred,oviedo_C4189_1415,QUINTILE,2,0.16,0.15384615384615385,0.006153846153846149,3.0
ukzn_ISTN103_2020,UKZN,transferred,oviedo_C4213_1415,GENDER,2,0.37777777777777777,0.2714285714285714,0.10634920634920636,M
ukzn_ISTN103_2020,UKZN,transferred,oviedo_C4213_1415,QUINTILE,2,0.56,0.15384615384615385,0.4061538461538462,3.0
ukzn_ISTN103_2020,UKZN,transferred,oviedo_C836_1415,GENDER,2,0.4666666666666667,0.2857142857142857,0.18095238095238098,M
ukzn_ISTN103_2020,UKZN,transferred,oviedo_C836_1415,QUINTILE,2,0.44,0.2692307692307692,0.17076923076923078,3.0
