source,target,source_institution,target_institution,distance,representation,model,n_target,auc,f1_at_0.5,explanation_tau,explanation_jaccard_top3
oulad_BBB_2013B,oulad_BBB_2013B,OULAD,OULAD,D0_within_cohort,raw,gradient_boosting,1767,0.8596516951473467,0.7575938058368076,1.0,1.0
oulad_BBB_2013B,oulad_BBB_2013J,OULAD,OULAD,D1_same_module,raw,gradient_boosting,2237,0.8559953718531804,0.69676048858205,-0.04761904761904762,0.2
oulad_BBB_2013B,oulad_BBB_2014B,OULAD,OULAD,D1_same_module,raw,gradient_boosting,1613,0.8550623950121251,0.6722817764165391,0.33333333333333337,0.2
oulad_BBB_2013B,oulad_BBB_2014J,OULAD,OULAD,D1_same_module,raw,gradient_boosting,2292,0.8406371832358674,0.5523590333716916,0.14285714285714288,0.2
oulad_BBB_2013B,oulad_DDD_2013B,OULAD,OULAD,D2_other_module,raw,gradient_boosting,1303,0.8046040105827956,0.712241653418124,-0.23809523809523814,0.2
oulad_BBB_2013B,oulad_DDD_2013J,OULAD,OULAD,D2_other_module,raw,gradient_boosting,1938,0.8297175973311899,0.7498660953401178,-0.33333333333333337,0.2
oulad_BBB_2013B,oulad_DDD_2014B,OULAD,OULAD,D2_other_module,raw,gradient_boosting,1228,0.8235113763375524,0.6713852376137512,0.5238095238095238,0.2
oulad_BBB_2013B,oulad_DDD_2014J,OULAD,OULAD,D2_other_module,raw,gradient_boosting,1803,0.8375651919791385,0.7018229166666666,0.23809523809523814,0.2
oulad_BBB_2013B,oulad_FFF_2013B,OULAD,OULAD,D2_other_module,raw,gradient_boosting,1614,0.7390758717784773,0.5540540540540541,-0.23809523809523814,0.5
oulad_BBB_2013B,oulad_FFF_2013J,OULAD,OULAD,D2_other_module,raw,gradient_boosting,2283,0.7991605553249389,0.5379710144927536,0.04761904761904762,0.5
oulad_BBB_2013B,oulad_FFF_2014B,OULAD,OULAD,D2_other_module,raw,gradient_boosting,1500,0.7695234273899119,0.5514184397163121,-0.33333333333333337,0.2
oulad_BBB_2013B,oulad_FFF_2014J,OULAD,OULAD,D2_other_module,raw,gradient_boosting,2365,0.8277778016895072,0.5727221279003961,0.14285714285714288,0.2
oulad_BBB_2013B,ku_Accountancy_1819,OULAD,KU Leuven,D3_other_institution,raw,gradient_boosting,756,0.5651684452814396,0.4581151832460733,0.5238095238095238,0.5
oulad_BBB_2013B,ku_Globaleconom_1819,OULAD,KU Leuven,D3_other_institution,raw,gradient_boosting,743,0.563018034596982,0.21095334685598377,-0.33333333333333337,0.2
oulad_BBB_2013B,ukzn_ISTN101_2019,OULAD,UKZN,D3_other_institution,raw,gradient_boosting,1056,0.573684308934982,0.424978317432784,0.14285714285714288,0.2
oulad_BBB_2013B,ukzn_ISTN101_2020,OULAD,UKZN,D3_other_institution,raw,gradient_boosting,978,0.6501065442323323,0.2838709677419355,-0.5238095238095238,0.0
oulad_BBB_2013B,ukzn_ISTN101_2021,OULAD,UKZN,D3_other_institution,raw,gradient_boosting,741,0.6873273399822073,0.8325123152709359,-0.23809523809523814,0.2
oulad_BBB_2013B,ukzn_ISTN102_2018,OULAD,UKZN,D3_other_institution,raw,gradient_boosting,257,0.5911920323685032,0.12440191387559808,-0.4285714285714286,0.0
oulad_BBB_2013B,ukzn_ISTN103_2019,OULAD,UKZN,D3_other_institution,raw,gradient_boosting,1113,0.5304961049610497,0.1646273637374861,-0.14285714285714288,0.2
oulad_BBB_2013B,ukzn_ISTN103_2020,OULAD,UKZN,D3_other_institution,raw,gradient_boosting,1082,0.5782923429701902,0.2751322751322751,-0.33333333333333337,0.2
oulad_BBB_2013B,ukzn_ISTN211_2019,OULAD,UKZN,D3_other_institution,raw,gradient_boosting,280,0.6301673724541238,0.6941747572815534,0.04761904761904762,0.5
oulad_BBB_2013B,ukzn_ISTN211_2021,OULAD,UKZN,D3_other_institution,raw,gradient_boosting,327,0.7409867172675522,0.5386416861826698,-0.4285714285714286,0.0
oulad_BBB_2013B,ukzn_ISTN212_2018,OULAD,UKZN,D3_other_institution,raw,gradient_boosting,238,0.6710402999062792,0.4728682170542636,0.5238095238095238,1.0
oulad_BBB_2013B,ukzn_ISTN212_2019,OULAD,UKZN,D3_other_institution,raw,gradient_boosting,264,0.6063921063921064,0.2548262548262548,-0.33333333333333337,0.2
oulad_BBB_2013B,ukzn_ISTN2IP_2018,OULAD,UKZN,D3_other_institution,raw,gradient_boosting,99,0.6067567567567567,0.2558139534883721,-0.4285714285714286,0.2
oulad_BBB_2013B,ukzn_ISTN2IP_2019,OULAD,UKZN,D3_other_institution,raw,gradient_boosting,116,0.601663961038961,0.6878980891719745,0.33333333333333337,0.5
oulad_BBB_2013B,ukzn_ISTN3ND_2018,OULAD,UKZN,D3_other_institution,raw,gradient_boosting,144,0.40976003226456953,0.17475728155339806,-0.7142857142857143,0.0
oulad_BBB_2013B,ukzn_ISTN3ND_2019,OULAD,UKZN,D3_other_institution,raw,gradient_boosting,223,0.5365033011681056,0.7621951219512195,0.33333333333333337,1.0
oulad_BBB_2013B,ukzn_ISTN3SA_2018,OULAD,UKZN,D3_other_institution,raw,gradient_boosting,141,0.5987987987987988,0.6022727272727273,-0.23809523809523814,0.0
oulad_BBB_2013B,ukzn_ISTN3SA_2019,OULAD,UKZN,D3_other_institution,raw,gradient_boosting,195,0.49588235294117644,0.48333333333333334,-0.04761904761904762,0.2
oulad_BBB_2013J,oulad_BBB_2013B,OULAD,OULAD,D1_same_module,raw,gradient_boosting,1767,0.8435560631036104,0.7802874743326489,-0.04761904761904762,0.2
oulad_BBB_2013J,oulad_BBB_2013J,OULAD,OULAD,D0_within_cohort,raw,gradient_boosting,2237,0.8597867689449746,0.7783207463349623,1.0,1.0
oulad_BBB_2013J,oulad_BBB_2014B,OULAD,OULAD,D1_same_module,raw,gradient_boosting,1613,0.8602322230881727,0.7622641509433963,0.23809523809523814,0.5
oulad_BBB_2013J,oulad_BBB_2014J,OULAD,OULAD,D1_same_module,raw,gradient_boosting,2292,0.843969678971735,0.7040229885057471,0.04761904761904762,0.5
oulad_BBB_2013J,oulad_DDD_2013B,OULAD,OULAD,D2_other_module,raw,gradient_boosting,1303,0.7579185520361991,0.675226586102719,-0.14285714285714288,0.2
oulad_BBB_2013J,oulad_DDD_2013J,OULAD,OULAD,D2_other_module,raw,gradient_boosting,1938,0.8106782863314846,0.7415617128463476,0.14285714285714288,0.2
oulad_BBB_2013J,oulad_DDD_2014B,OULAD,OULAD,D2_other_module,raw,gradient_boosting,1228,0.8293744477675176,0.726962457337884,0.23809523809523814,0.5
oulad_BBB_2013J,oulad_DDD_2014J,OULAD,OULAD,D2_other_module,raw,gradient_boosting,1803,0.8277083395777758,0.7392035894559731,0.04761904761904762,0.2
oulad_BBB_2013J,oulad_FFF_2013B,OULAD,OULAD,D2_other_module,raw,gradient_boosting,1614,0.7468353457603778,0.7394002068252327,-0.14285714285714288,0.2
oulad_BBB_2013J,oulad_FFF_2013J,OULAD,OULAD,D2_other_module,raw,gradient_boosting,2283,0.8419799209753548,0.7887323943661971,0.23809523809523814,0.5
oulad_BBB_2013J,oulad_FFF_2014B,OULAD,OULAD,D2_other_module,raw,gradient_boosting,1500,0.7938039054084339,0.7465667915106118,-0.14285714285714288,0.2
oulad_BBB_2013J,oulad_FFF_2014J,OULAD,OULAD,D2_other_module,raw,gradient_boosting,2365,0.8619771939489934,0.8048387096774193,0.7142857142857143,0.5
oulad_BBB_2013J,ku_Accountancy_1819,OULAD,KU Leuven,D3_other_institution,raw,gradient_boosting,756,0.45876543209876547,0.4810744810744811,-0.23809523809523814,0.2
oulad_BBB_2013J,ku_Globaleconom_1819,OULAD,KU Leuven,D3_other_institution,raw,gradient_boosting,743,0.5825579683474421,0.5806451612903226,0.23809523809523814,0.5
oulad_BBB_2013J,ukzn_ISTN101_2019,OULAD,UKZN,D3_other_institution,raw,gradient_boosting,1056,0.5658375299162346,0.7567567567567568,-0.04761904761904762,0.2
oulad_BBB_2013J,ukzn_ISTN101_2020,OULAD,UKZN,D3_other_institution,raw,gradient_boosting,978,0.6036993914896421,0.45507007419620776,-0.23809523809523814,0.0
oulad_BBB_2013J,ukzn_ISTN101_2021,OULAD,UKZN,D3_other_institution,raw,gradient_boosting,741,0.4711569977056703,0.5354166666666667,-0.23809523809523814,0.2
oulad_BBB_2013J,ukzn_ISTN102_2018,OULAD,UKZN,D3_other_institution,raw,gradient_boosting,257,0.5684718331777155,0.6206896551724138,0.33333333333333337,0.2
oulad_BBB_2013J,ukzn_ISTN103_2019,OULAD,UKZN,D3_other_institution,raw,gradient_boosting,1113,0.46125051250512505,0.5506807866868382,-0.04761904761904762,0.2
oulad_BBB_2013J,ukzn_ISTN103_2020,OULAD,UKZN,D3_other_institution,raw,gradient_boosting,1082,0.44942223820871363,0.6601941747572816,-0.23809523809523814,0.2
oulad_BBB_2013J,ukzn_ISTN211_2019,OULAD,UKZN,D3_other_institution,raw,gradient_boosting,280,0.7194998991732203,0.8778467908902692,0.23809523809523814,0.5
oulad_BBB_2013J,ukzn_ISTN211_2021,OULAD,UKZN,D3_other_institution,raw,gradient_boosting,327,0.47201138519924096,0.6762886597938145,-0.23809523809523814,0.2
oulad_BBB_2013J,ukzn_ISTN212_2018,OULAD,UKZN,D3_other_institution,raw,gradient_boosting,238,0.5763238050609185,0.7435158501440923,0.14285714285714288,0.5
oulad_BBB_2013J,ukzn_ISTN212_2019,OULAD,UKZN,D3_other_institution,raw,gradient_boosting,264,0.5068103818103818,0.6864864864864865,0.23809523809523814,0.2
oulad_BBB_2013J,ukzn_ISTN2IP_2018,OULAD,UKZN,D3_other_institution,raw,gradient_boosting,99,0.5008108108108108,0.47706422018348627,0.23809523809523814,0.5
oulad_BBB_2013J,ukzn_ISTN2IP_2019,OULAD,UKZN,D3_other_institution,raw,gradient_boosting,116,0.5482954545454546,0.7337278106508875,0.14285714285714288,0.5
oulad_BBB_2013J,ukzn_ISTN3ND_2018,OULAD,UKZN,D3_other_institution,raw,gradient_boosting,144,0.4235733010687639,0.5411764705882353,-0.14285714285714288,0.2
oulad_BBB_2013J,ukzn_ISTN3ND_2019,OULAD,UKZN,D3_other_institution,raw,gradient_boosting,223,0.5831005586592178,0.8816120906801007,0.23809523809523814,0.5
oulad_BBB_2013J,ukzn_ISTN3SA_2018,OULAD,UKZN,D3_other_institution,raw,gradient_boosting,141,0.5355855855855856,0.7627906976744186,-0.6190476190476191,0.0
oulad_BBB_2013J,ukzn_ISTN3SA_2019,OULAD,UKZN,D3_other_institution,raw,gradient_boosting,195,0.5525882352941176,0.8126984126984127,-0.14285714285714288,0.2
oulad_BBB_2014B,oulad_BBB_2013B,OULAD,OULAD,D1_same_module,raw,gradient_boosting,1767,0.8584774161210812,0.7793964620187305,0.33333333333333337,0.5
oulad_BBB_2014B,oulad_BBB_2013J,OULAD,OULAD,D1_same_module,raw,gradient_boosting,2237,0.8652196367945679,0.7864467231386536,0.33333333333333337,0.5
oulad_BBB_2014B,oulad_BBB_2014B,OULAD,OULAD,D0_within_cohort,raw,gradient_boosting,1613,0.8534066527769584,0.7716836734693877,1.0,1.0
oulad_BBB_2014B,oulad_BBB_2014J,OULAD,OULAD,D1_same_module,raw,gradient_boosting,2292,0.856578947368421,0.7267631947687996,0.33333333333333337,0.5
oulad_BBB_2014B,oulad_DDD_2013B,OULAD,OULAD,D2_other_module,raw,gradient_boosting,1303,0.8178201419281457,0.7117437722419929,-0.4285714285714286,0.0
oulad_BBB_2014B,oulad_DDD_2013J,OULAD,OULAD,D2_other_module,raw,gradient_boosting,1938,0.8479536330124945,0.7686387686387687,-0.23809523809523814,0.2
oulad_BBB_2014B,oulad_DDD_2014B,OULAD,OULAD,D2_other_module,raw,gradient_boosting,1228,0.854048961593886,0.7489911218724778,0.8095238095238096,0.5
oulad_BBB_2014B,oulad_DDD_2014J,OULAD,OULAD,D2_other_module,raw,gradient_boosting,1803,0.8565670303429946,0.7640086206896551,0.14285714285714288,0.5
oulad_BBB_2014B,oulad_FFF_2013B,OULAD,OULAD,D2_other_module,raw,gradient_boosting,1614,0.7995378283002164,0.7594291539245668,-0.8095238095238096,0.2
oulad_BBB_2014B,oulad_FFF_2013J,OULAD,OULAD,D2_other_module,raw,gradient_boosting,2283,0.8591881524529925,0.7965503724029792,-0.33333333333333337,0.2
oulad_BBB_2014B,oulad_FFF_2014B,OULAD,OULAD,D2_other_module,raw,gradient_boosting,1500,0.8467712784031347,0.7539779681762546,-0.6190476190476191,0.0
oulad_BBB_2014B,oulad_FFF_2014J,OULAD,OULAD,D2_other_module,raw,gradient_boosting,2365,0.8859507351422079,0.8220810166799047,0.14285714285714288,0.2
oulad_BBB_2014B,ku_Accountancy_1819,OULAD,KU Leuven,D3_other_institution,raw,gradient_boosting,756,0.5142875078468299,0.5155875299760192,-0.04761904761904762,0.2
oulad_BBB_2014B,ku_Globaleconom_1819,OULAD,KU Leuven,D3_other_institution,raw,gradient_boosting,743,0.5651048951048951,0.46402349486049926,0.23809523809523814,0.5
oulad_BBB_2014B,ukzn_ISTN101_2019,OULAD,UKZN,D3_other_institution,raw,gradient_boosting,1056,0.5870687076186678,0.8747276688453159,-0.04761904761904762,0.2
oulad_BBB_2014B,ukzn_ISTN101_2020,OULAD,UKZN,D3_other_institution,raw,gradient_boosting,978,0.6303134816897695,0.652452025586354,-0.4285714285714286,0.2
oulad_BBB_2014B,ukzn_ISTN101_2021,OULAD,UKZN,D3_other_institution,raw,gradient_boosting,741,0.49900501006695697,0.7586206896551724,-0.23809523809523814,0.2
oulad_BBB_2014B,ukzn_ISTN102_2018,OULAD,UKZN,D3_other_institution,raw,gradient_boosting,257,0.5943043884220355,0.6706586826347305,0.14285714285714288,0.2
oulad_BBB_2014B,ukzn_ISTN103_2019,OULAD,UKZN,D3_other_institution,raw,gradient_boosting,1113,0.5578577285772858,0.6915389740173218,0.04761904761904762,0.2
oulad_BBB_2014B,ukzn_ISTN103_2020,OULAD,UKZN,D3_other_institution,raw,gradient_boosting,1082,0.5940200530551684,0.6596306068601583,0.04761904761904762,0.2
oulad_BBB_2014B,ukzn_ISTN211_2019,OULAD,UKZN,D3_other_institution,raw,gradient_boosting,280,0.43990723936277476,0.8434237995824635,-0.4285714285714286,0.0
oulad_BBB_2014B,ukzn_ISTN211_2021,OULAD,UKZN,D3_other_institution,raw,gradient_boosting,327,0.7550284629981026,0.7224489795918367,0.23809523809523814,0.5
oulad_BBB_2014B,ukzn_ISTN212_2018,OULAD,UKZN,D3_other_institution,raw,gradient_boosting,238,0.6128163074039363,0.7845303867403315,0.23809523809523814,0.5
oulad_BBB_2014B,ukzn_ISTN212_2019,OULAD,UKZN,D3_other_institution,raw,gradient_boosting,264,0.5964178464178465,0.7753086419753087,-0.14285714285714288,0.2
oulad_BBB_2014B,ukzn_ISTN2IP_2018,OULAD,UKZN,D3_other_institution,raw,gradient_boosting,99,0.6564864864864866,0.7482014388489209,0.14285714285714288,0.2
oulad_BBB_2014B,ukzn_ISTN2IP_2019,OULAD,UKZN,D3_other_institution,raw,gradient_boosting,116,0.5543831168831169,0.8191489361702128,-0.14285714285714288,0.2
oulad_BBB_2014B,ukzn_ISTN3ND_2018,OULAD,UKZN,D3_other_institution,raw,gradient_boosting,144,0.48689251865295424,0.5575757575757576,-0.33333333333333337,0.0
oulad_BBB_2014B,ukzn_ISTN3ND_2019,OULAD,UKZN,D3_other_institution,raw,gradient_boosting,223,0.41715337734890806,0.5037593984962406,-0.04761904761904762,0.2
oulad_BBB_2014B,ukzn_ISTN3SA_2018,OULAD,UKZN,D3_other_institution,raw,gradient_boosting,141,0.5373873873873873,0.808695652173913,-0.4285714285714286,0.2
oulad_BBB_2014B,ukzn_ISTN3SA_2019,OULAD,UKZN,D3_other_institution,raw,gradient_boosting,195,0.6025882352941175,0.8213166144200627,-0.33333333333333337,0.2
oulad_BBB_2014J,oulad_BBB_2013B,OULAD,OULAD,D1_same_module,raw,gradient_boosting,1767,0.836464528764023,0.7610441767068273,0.33333333333333337,0.5
oulad_BBB_2014J,oulad_BBB_2013J,OULAD,OULAD,D1_same_module,raw,gradient_boosting,2237,0.8462710588687465,0.7813953488372093,0.23809523809523814,0.2
oulad_BBB_2014J,oulad_BBB_2014B,OULAD,OULAD,D1_same_module,raw,gradient_boosting,1613,0.8457706769835528,0.7655334114888629,0.04761904761904762,0.5
oulad_BBB_2014J,oulad_BBB_2014J,OULAD,OULAD,D0_within_cohort,raw,gradient_boosting,2292,0.8686673824317739,0.8129755706848217,1.0,1.0
oulad_BBB_2014J,oulad_DDD_2013B,OULAD,OULAD,D2_other_module,raw,gradient_boosting,1303,0.828287960833766,0.6940451745379876,-0.04761904761904762,0.5
oulad_BBB_2014J,oulad_DDD_2013J,OULAD,OULAD,D2_other_module,raw,gradient_boosting,1938,0.8466124841058082,0.7502304147465437,-0.14285714285714288,0.2
oulad_BBB_2014J,oulad_DDD_2014B,OULAD,OULAD,D2_other_module,raw,gradient_boosting,1228,0.8429039693843705,0.7221789883268482,0.04761904761904762,0.2
oulad_BBB_2014J,oulad_DDD_2014J,OULAD,OULAD,D2_other_module,raw,gradient_boosting,1803,0.8267342065561651,0.742798353909465,0.33333333333333337,0.5
oulad_BBB_2014J,oulad_FFF_2013B,OULAD,OULAD,D2_other_module,raw,gradient_boosting,1614,0.8399874581939799,0.7479278400780107,0.04761904761904762,0.5
oulad_BBB_2014J,oulad_FFF_2013J,OULAD,OULAD,D2_other_module,raw,gradient_boosting,2283,0.8693906338883508,0.7877657590451325,0.6190476190476191,1.0
oulad_BBB_2014J,oulad_FFF_2014B,OULAD,OULAD,D2_other_module,raw,gradient_boosting,1500,0.8606628783771084,0.7355134825014343,0.04761904761904762,0.5
oulad_BBB_2014J,oulad_FFF_2014J,OULAD,OULAD,D2_other_module,raw,gradient_boosting,2365,0.8931977825218649,0.8163574403634987,0.14285714285714288,0.5
oulad_BBB_2014J,ku_Accountancy_1819,OULAD,KU Leuven,D3_other_institution,raw,gradient_boosting,756,0.4898556183301946,0.802943581357318,0.14285714285714288,0.5
oulad_BBB_2014J,ku_Globaleconom_1819,OULAD,KU Leuven,D3_other_institution,raw,gradient_boosting,743,0.4995693779904306,0.6259067357512953,0.14285714285714288,0.5
oulad_BBB_2014J,ukzn_ISTN101_2019,OULAD,UKZN,D3_other_institution,raw,gradient_boosting,1056,0.45547467092142,0.6953125,-0.7142857142857143,0.0
oulad_BBB_2014J,ukzn_ISTN101_2020,OULAD,UKZN,D3_other_institution,raw,gradient_boosting,978,0.6110256804551746,0.6456692913385826,-0.4285714285714286,0.2
oulad_BBB_2014J,ukzn_ISTN101_2021,OULAD,UKZN,D3_other_institution,raw,gradient_boosting,741,0.521152315400103,0.6304558680892337,-0.4285714285714286,0.2
oulad_BBB_2014J,ukzn_ISTN102_2018,OULAD,UKZN,D3_other_institution,raw,gradient_boosting,257,0.5931372549019608,0.7444444444444445,0.33333333333333337,0.5
oulad_BBB_2014J,ukzn_ISTN103_2019,OULAD,UKZN,D3_other_institution,raw,gradient_boosting,1113,0.5325563755637557,0.7061889250814333,0.5238095238095238,0.5
oulad_BBB_2014J,ukzn_ISTN103_2020,OULAD,UKZN,D3_other_institution,raw,gradient_boosting,1082,0.5165280338114293,0.6820512820512821,0.04761904761904762,0.5
oulad_BBB_2014J,ukzn_ISTN211_2019,OULAD,UKZN,D3_other_institution,raw,gradient_boosting,280,0.43022786852187944,0.8434237995824635,-0.04761904761904762,0.5
oulad_BBB_2014J,ukzn_ISTN211_2021,OULAD,UKZN,D3_other_institution,raw,gradient_boosting,327,0.6894686907020873,0.7010309278350515,0.14285714285714288,0.2
oulad_BBB_2014J,ukzn_ISTN212_2018,OULAD,UKZN,D3_other_institution,raw,gradient_boosting,238,0.5158153701968134,0.7616438356164383,-0.04761904761904762,0.2
oulad_BBB_2014J,ukzn_ISTN212_2019,OULAD,UKZN,D3_other_institution,raw,gradient_boosting,264,0.4797833547833548,0.7815533980582524,0.04761904761904762,0.5
oulad_BBB_2014J,ukzn_ISTN2IP_2018,OULAD,UKZN,D3_other_institution,raw,gradient_boosting,99,0.5132432432432432,0.7785234899328859,0.14285714285714288,0.5
oulad_BBB_2014J,ukzn_ISTN2IP_2019,OULAD,UKZN,D3_other_institution,raw,gradient_boosting,116,0.45474837662337664,0.6410256410256411,0.04761904761904762,0.5
oulad_BBB_2014J,ukzn_ISTN3ND_2018,OULAD,UKZN,D3_other_institution,raw,gradient_boosting,144,0.4459568461383343,0.6387434554973822,-0.33333333333333337,0.2
oulad_BBB_2014J,ukzn_ISTN3ND_2019,OULAD,UKZN,D3_other_institution,raw,gradient_boosting,223,0.3972828847130523,0.7758620689655172,-0.23809523809523814,0.2
oulad_BBB_2014J,ukzn_ISTN3SA_2018,OULAD,UKZN,D3_other_institution,raw,gradient_boosting,141,0.39579579579579577,0.7636363636363637,-0.4285714285714286,0.2
oulad_BBB_2014J,ukzn_ISTN3SA_2019,OULAD,UKZN,D3_other_institution,raw,gradient_boosting,195,0.5674117647058824,0.8201892744479495,-0.14285714285714288,0.5
oulad_DDD_2013B,oulad_BBB_2013B,OULAD,OULAD,D2_other_module,raw,gradient_boosting,1767,0.8545076037473582,0.4894366197183099,-0.23809523809523814,0.5
oulad_DDD_2013B,oulad_BBB_2013J,OULAD,OULAD,D2_other_module,raw,gradient_boosting,2237,0.829650166549228,0.40625,0.23809523809523814,0.5
oulad_DDD_2013B,oulad_BBB_2014B,OULAD,OULAD,D2_other_module,raw,gradient_boosting,1613,0.8355226183859579,0.26248548199767713,0.04761904761904762,0.5
oulad_DDD_2013B,oulad_BBB_2014J,OULAD,OULAD,D2_other_module,raw,gradient_boosting,2292,0.8354680646929824,0.3845108695652174,0.04761904761904762,0.2
oulad_DDD_2013B,oulad_DDD_2013B,OULAD,OULAD,D0_within_cohort,raw,gradient_boosting,1303,0.8224229162030512,0.684981684981685,1.0,1.0
oulad_DDD_2013B,oulad_DDD_2013J,OULAD,OULAD,D1_same_module,raw,gradient_boosting,1938,0.8612889822387505,0.7236679058240396,0.8095238095238096,1.0
oulad_DDD_2013B,oulad_DDD_2014B,OULAD,OULAD,D1_same_module,raw,gradient_boosting,1228,0.8580724194541922,0.6276849642004774,0.33333333333333337,0.5
oulad_DDD_2013B,oulad_DDD_2014J,OULAD,OULAD,D1_same_module,raw,gradient_boosting,1803,0.85063980557304,0.6250962278675904,-0.33333333333333337,0.0
oulad_DDD_2013B,oulad_FFF_2013B,OULAD,OULAD,D2_other_module,raw,gradient_boosting,1614,0.8211025108203818,0.6624113475177305,0.33333333333333337,0.5
oulad_DDD_2013B,oulad_FFF_2013J,OULAD,OULAD,D2_other_module,raw,gradient_boosting,2283,0.8599464969327982,0.656910569105691,-0.04761904761904762,0.5
oulad_DDD_2013B,oulad_FFF_2014B,OULAD,OULAD,D2_other_module,raw,gradient_boosting,1500,0.8591184635738607,0.6584289496910856,0.14285714285714288,0.5
oulad_DDD_2013B,oulad_FFF_2014J,OULAD,OULAD,D2_other_module,raw,gradient_boosting,2365,0.8861655820306222,0.6755745590593266,0.04761904761904762,0.2
oulad_DDD_2013B,ku_Accountancy_1819,OULAD,KU Leuven,D3_other_institution,raw,gradient_boosting,756,0.6123289391086001,0.06170598911070781,0.33333333333333337,0.5
oulad_DDD_2013B,ku_Globaleconom_1819,OULAD,KU Leuven,D3_other_institution,raw,gradient_boosting,743,0.6159587780640412,0.009523809523809525,0.04761904761904762,0.5
oulad_DDD_2013B,ukzn_ISTN101_2019,OULAD,UKZN,D3_other_institution,raw,gradient_boosting,1056,0.6533051206621459,0.057777777777777775,0.33333333333333337,0.2
oulad_DDD_2013B,ukzn_ISTN101_2020,OULAD,UKZN,D3_other_institution,raw,gradient_boosting,978,0.706684826783243,0.00857449088960343,-0.33333333333333337,0.0
oulad_DDD_2013B,ukzn_ISTN101_2021,OULAD,UKZN,D3_other_institution,raw,gradient_boosting,741,0.7270449969565012,0.3934040047114252,0.04761904761904762,0.2
oulad_DDD_2013B,ukzn_ISTN102_2018,OULAD,UKZN,D3_other_institution,raw,gradient_boosting,257,0.6411064425770308,0.0,-0.14285714285714288,0.2
oulad_DDD_2013B,ukzn_ISTN103_2019,OULAD,UKZN,D3_other_institution,raw,gradient_boosting,1113,0.6170274702747027,0.01705237515225335,-0.14285714285714288,0.2
oulad_DDD_2013B,ukzn_ISTN103_2020,OULAD,UKZN,D3_other_institution,raw,gradient_boosting,1082,0.5923204891866374,0.05040322580645161,-0.14285714285714288,0.2
oulad_DDD_2013B,ukzn_ISTN211_2019,OULAD,UKZN,D3_other_institution,raw,gradient_boosting,280,0.5539423270820729,0.07352941176470588,-0.23809523809523814,0.2
oulad_DDD_2013B,ukzn_ISTN211_2021,OULAD,UKZN,D3_other_institution,raw,gradient_boosting,327,0.759392789373814,0.025477707006369428,-0.4285714285714286,0.0
oulad_DDD_2013B,ukzn_ISTN212_2018,OULAD,UKZN,D3_other_institution,raw,gradient_boosting,238,0.7545688847235239,0.06,0.23809523809523814,0.5
oulad_DDD_2013B,ukzn_ISTN212_2019,OULAD,UKZN,D3_other_institution,raw,gradient_boosting,264,0.6305233805233805,0.0,-0.04761904761904762,0.2
oulad_DDD_2013B,ukzn_ISTN2IP_2018,OULAD,UKZN,D3_other_institution,raw,gradient_boosting,99,0.5764864864864865,0.02666666666666667,-0.5238095238095238,0.0
oulad_DDD_2013B,ukzn_ISTN2IP_2019,OULAD,UKZN,D3_other_institution,raw,gradient_boosting,116,0.6881087662337663,0.19801980198019803,0.04761904761904762,0.2
oulad_DDD_2013B,ukzn_ISTN3ND_2018,OULAD,UKZN,D3_other_institution,raw,gradient_boosting,144,0.46743295019157094,0.0,0.23809523809523814,0.5
oulad_DDD_2013B,ukzn_ISTN3ND_2019,OULAD,UKZN,D3_other_institution,raw,gradient_boosting,223,0.6241112239715592,0.2,0.4285714285714286,0.5
oulad_DDD_2013B,ukzn_ISTN3SA_2018,OULAD,UKZN,D3_other_institution,raw,gradient_boosting,141,0.5902402402402402,0.08620689655172414,-0.14285714285714288,0.2
oulad_DDD_2013B,ukzn_ISTN3SA_2019,OULAD,UKZN,D3_other_institution,raw,gradient_boosting,195,0.5423529411764706,0.0898876404494382,-0.4285714285714286,0.2
oulad_DDD_2013J,oulad_BBB_2013B,OULAD,OULAD,D2_other_module,raw,gradient_boosting,1767,0.8451889439498148,0.6250927988121752,0.04761904761904762,0.5
oulad_DDD_2013J,oulad_BBB_2013J,OULAD,OULAD,D2_other_module,raw,gradient_boosting,2237,0.8252858561270898,0.5372374283895608,0.33333333333333337,0.5
oulad_DDD_2013J,oulad_BBB_2014B,OULAD,OULAD,D2_other_module,raw,gradient_boosting,1613,0.8448593589413187,0.43887775551102204,0.23809523809523814,0.5
oulad_DDD_2013J,oulad_BBB_2014J,OULAD,OULAD,D2_other_module,raw,gradient_boosting,2292,0.8243718019005849,0.48237476808905383,-0.04761904761904762,0.2
oulad_DDD_2013J,oulad_DDD_2013B,OULAD,OULAD,D1_same_module,raw,gradient_boosting,1303,0.832906807111243,0.7346600331674958,0.6190476190476191,0.5
oulad_DDD_2013J,oulad_DDD_2013J,OULAD,OULAD,D0_within_cohort,raw,gradient_boosting,1938,0.8592495222225003,0.7574563871693866,1.0,1.0
oulad_DDD_2013J,oulad_DDD_2014B,OULAD,OULAD,D1_same_module,raw,gradient_boosting,1228,0.856563100139086,0.6976744186046512,0.23809523809523814,0.5
oulad_DDD_2013J,oulad_DDD_2014J,OULAD,OULAD,D1_same_module,raw,gradient_boosting,1803,0.8495239237079001,0.6848739495798319,-0.04761904761904762,0.5
oulad_DDD_2013J,oulad_FFF_2013B,OULAD,OULAD,D2_other_module,raw,gradient_boosting,1614,0.8188977043576627,0.7475247524752475,0.04761904761904762,0.5
oulad_DDD_2013J,oulad_FFF_2013J,OULAD,OULAD,D2_other_module,raw,gradient_boosting,2283,0.860355841520225,0.7405614714424008,-0.23809523809523814,0.5
oulad_DDD_2013J,oulad_FFF_2014B,OULAD,OULAD,D2_other_module,raw,gradient_boosting,1500,0.8618557558143738,0.7425057647963106,0.14285714285714288,0.5
oulad_DDD_2013J,oulad_FFF_2014J,OULAD,OULAD,D2_other_module,raw,gradient_boosting,2365,0.8886730855312995,0.777882797731569,0.14285714285714288,0.2
oulad_DDD_2013J,ku_Accountancy_1819,OULAD,KU Leuven,D3_other_institution,raw,gradient_boosting,756,0.5788951663527934,0.367816091954023,0.04761904761904762,0.5
oulad_DDD_2013J,ku_Globaleconom_1819,OULAD,KU Leuven,D3_other_institution,raw,gradient_boosting,743,0.5819433198380566,0.023474178403755867,-0.14285714285714288,0.0
oulad_DDD_2013J,ukzn_ISTN101_2019,OULAD,UKZN,D3_other_institution,raw,gradient_boosting,1056,0.6078417929796569,0.3507805325987144,0.04761904761904762,0.2
oulad_DDD_2013J,ukzn_ISTN101_2020,OULAD,UKZN,D3_other_institution,raw,gradient_boosting,978,0.7123854924100964,0.08847736625514403,-0.23809523809523814,0.2
oulad_DDD_2013J,ukzn_ISTN101_2021,OULAD,UKZN,D3_other_institution,raw,gradient_boosting,741,0.6386547736105258,0.5807106598984771,-0.4285714285714286,0.2
oulad_DDD_2013J,ukzn_ISTN102_2018,OULAD,UKZN,D3_other_institution,raw,gradient_boosting,257,0.585239651416122,0.061224489795918366,-0.23809523809523814,0.2
oulad_DDD_2013J,ukzn_ISTN103_2019,OULAD,UKZN,D3_other_institution,raw,gradient_boosting,1113,0.6314821648216481,0.066429418742586,-0.04761904761904762,0.2
oulad_DDD_2013J,ukzn_ISTN103_2020,OULAD,UKZN,D3_other_institution,raw,gradient_boosting,1082,0.6007463693179264,0.12209302325581395,0.33333333333333337,0.2
oulad_DDD_2013J,ukzn_ISTN211_2019,OULAD,UKZN,D3_other_institution,raw,gradient_boosting,280,0.6426698931236137,0.38153846153846155,-0.04761904761904762,0.5
oulad_DDD_2013J,ukzn_ISTN211_2021,OULAD,UKZN,D3_other_institution,raw,gradient_boosting,327,0.8006641366223908,0.2967032967032967,-0.14285714285714288,0.2
oulad_DDD_2013J,ukzn_ISTN212_2018,OULAD,UKZN,D3_other_institution,raw,gradient_boosting,238,0.6696930646672916,0.10679611650485436,0.33333333333333337,0.5
oulad_DDD_2013J,ukzn_ISTN212_2019,OULAD,UKZN,D3_other_institution,raw,gradient_boosting,264,0.7578292578292579,0.0944206008583691,-0.4285714285714286,0.2
oulad_DDD_2013J,ukzn_ISTN2IP_2018,OULAD,UKZN,D3_other_institution,raw,gradient_boosting,99,0.6451351351351352,0.02666666666666667,-0.4285714285714286,0.0
oulad_DDD_2013J,ukzn_ISTN2IP_2019,OULAD,UKZN,D3_other_institution,raw,gradient_boosting,116,0.5700081168831169,0.64,-0.8095238095238096,0.0
oulad_DDD_2013J,ukzn_ISTN3ND_2018,OULAD,UKZN,D3_other_institution,raw,gradient_boosting,144,0.5671506352087115,0.0449438202247191,-0.23809523809523814,0.2
oulad_DDD_2013J,ukzn_ISTN3ND_2019,OULAD,UKZN,D3_other_institution,raw,gradient_boosting,223,0.675088877602844,0.24271844660194175,0.14285714285714288,0.5
oulad_DDD_2013J,ukzn_ISTN3SA_2018,OULAD,UKZN,D3_other_institution,raw,gradient_boosting,141,0.6034534534534534,0.47368421052631576,-0.14285714285714288,0.2
oulad_DDD_2013J,ukzn_ISTN3SA_2019,OULAD,UKZN,D3_other_institution,raw,gradient_boosting,195,0.5437647058823529,0.24120603015075376,-0.4285714285714286,0.2
oulad_DDD_2014B,oulad_BBB_2013B,OULAD,OULAD,D2_other_module,raw,gradient_boosting,1767,0.8426685716943205,0.7225891677675033,0.04761904761904762,0.2
oulad_DDD_2014B,oulad_BBB_2013J,OULAD,OULAD,D2_other_module,raw,gradient_boosting,2237,0.8182491512395105,0.6264501160092807,0.14285714285714288,0.2
oulad_DDD_2014B,oulad_BBB_2014B,OULAD,OULAD,D2_other_module,raw,gradient_boosting,1613,0.8217333051813166,0.5452881976212259,0.5238095238095238,1.0
oulad_DDD_2014B,oulad_BBB_2014J,OULAD,OULAD,D2_other_module,raw,gradient_boosting,2292,0.8117115162037037,0.508761329305136,0.33333333333333337,0.5
oulad_DDD_2014B,oulad_DDD_2013B,OULAD,OULAD,D1_same_module,raw,gradient_boosting,1303,0.8189241648740202,0.7056827820186599,-0.4285714285714286,0.0
oulad_DDD_2014B,oulad_DDD_2013J,OULAD,OULAD,D1_same_module,raw,gradient_boosting,1938,0.8429920346849606,0.7403628117913832,-0.23809523809523814,0.2
oulad_DDD_2014B,oulad_DDD_2014B,OULAD,OULAD,D0_within_cohort,raw,gradient_boosting,1228,0.8574592149309727,0.7441860465116279,1.0,1.0
oulad_DDD_2014B,oulad_DDD_2014J,OULAD,OULAD,D1_same_module,raw,gradient_boosting,1803,0.8398050734845987,0.7437810945273632,0.14285714285714288,0.5
oulad_DDD_2014B,oulad_FFF_2013B,OULAD,OULAD,D2_other_module,raw,gradient_boosting,1614,0.8177518812709029,0.734820322180917,-0.23809523809523814,0.2
oulad_DDD_2014B,oulad_FFF_2013J,OULAD,OULAD,D2_other_module,raw,gradient_boosting,2283,0.8475051120028289,0.7273593898951383,-0.04761904761904762,0.2
oulad_DDD_2014B,oulad_FFF_2014B,OULAD,OULAD,D2_other_module,raw,gradient_boosting,1500,0.8410861329805307,0.7128560431100847,-0.33333333333333337,0.0
oulad_DDD_2014B,oulad_FFF_2014J,OULAD,OULAD,D2_other_module,raw,gradient_boosting,2365,0.8778823198585957,0.7510791366906475,0.04761904761904762,0.2
oulad_DDD_2014B,ku_Accountancy_1819,OULAD,KU Leuven,D3_other_institution,raw,gradient_boosting,756,0.5462983887842645,0.007407407407407408,0.4285714285714286,0.5
oulad_DDD_2014B,ku_Globaleconom_1819,OULAD,KU Leuven,D3_other_institution,raw,gradient_boosting,743,0.5500441663599559,0.027777777777777776,-0.14285714285714288,0.5
oulad_DDD_2014B,ukzn_ISTN101_2019,OULAD,UKZN,D3_other_institution,raw,gradient_boosting,1056,0.5615993966892701,0.0,0.04761904761904762,0.5
oulad_DDD_2014B,ukzn_ISTN101_2020,OULAD,UKZN,D3_other_institution,raw,gradient_boosting,978,0.6481733705322817,0.07261410788381743,-0.4285714285714286,0.2
oulad_DDD_2014B,ukzn_ISTN101_2021,OULAD,UKZN,D3_other_institution,raw,gradient_boosting,741,0.6768038582197874,0.6563407550822846,-0.14285714285714288,0.2
oulad_DDD_2014B,ukzn_ISTN102_2018,OULAD,UKZN,D3_other_institution,raw,gradient_boosting,257,0.4694989106753812,0.10784313725490197,-0.04761904761904762,0.2
oulad_DDD_2014B,ukzn_ISTN103_2019,OULAD,UKZN,D3_other_institution,raw,gradient_boosting,1113,0.43139811398113986,0.056074766355140186,-0.5238095238095238,0.0
oulad_DDD_2014B,ukzn_ISTN103_2020,OULAD,UKZN,D3_other_institution,raw,gradient_boosting,1082,0.45480419045906206,0.12260536398467432,-0.7142857142857143,0.2
oulad_DDD_2014B,ukzn_ISTN211_2019,OULAD,UKZN,D3_other_institution,raw,gradient_boosting,280,0.5502117362371446,0.08727272727272728,-0.04761904761904762,0.2
oulad_DDD_2014B,ukzn_ISTN211_2021,OULAD,UKZN,D3_other_institution,raw,gradient_boosting,327,0.486527514231499,0.18023255813953487,-0.33333333333333337,0.2
oulad_DDD_2014B,ukzn_ISTN212_2018,OULAD,UKZN,D3_other_institution,raw,gradient_boosting,238,0.46134020618556704,0.06829268292682927,-0.23809523809523814,0.2
oulad_DDD_2014B,ukzn_ISTN212_2019,OULAD,UKZN,D3_other_institution,raw,gradient_boosting,264,0.480963105963106,0.02654867256637168,-0.23809523809523814,0.2
oulad_DDD_2014B,ukzn_ISTN2IP_2018,OULAD,UKZN,D3_other_institution,raw,gradient_boosting,99,0.41000000000000003,0.0,0.23809523809523814,0.5
oulad_DDD_2014B,ukzn_ISTN2IP_2019,OULAD,UKZN,D3_other_institution,raw,gradient_boosting,116,0.6594967532467533,0.06593406593406594,-0.5238095238095238,0.2
oulad_DDD_2014B,ukzn_ISTN3ND_2018,OULAD,UKZN,D3_other_institution,raw,gradient_boosting,144,0.4674329501915709,0.0625,0.14285714285714288,0.2
oulad_DDD_2014B,ukzn_ISTN3ND_2019,OULAD,UKZN,D3_other_institution,raw,gradient_boosting,223,0.5538344337227019,0.022099447513812154,0.14285714285714288,0.5
oulad_DDD_2014B,ukzn_ISTN3SA_2018,OULAD,UKZN,D3_other_institution,raw,gradient_boosting,141,0.49219219219219223,0.13333333333333333,-0.5238095238095238,0.0
oulad_DDD_2014B,ukzn_ISTN3SA_2019,OULAD,UKZN,D3_other_institution,raw,gradient_boosting,195,0.5027058823529411,0.11049723756906077,-0.14285714285714288,0.2
oulad_DDD_2014J,oulad_BBB_2013B,OULAD,OULAD,D2_other_module,raw,gradient_boosting,1767,0.8444370953323377,0.7444987775061125,0.23809523809523814,0.2
oulad_DDD_2014J,oulad_BBB_2013J,OULAD,OULAD,D2_other_module,raw,gradient_boosting,2237,0.8466045576836845,0.6778741865509761,0.33333333333333337,0.5
oulad_DDD_2014J,oulad_BBB_2014B,OULAD,OULAD,D2_other_module,raw,gradient_boosting,1613,0.8419623922176235,0.6213114754098361,0.5238095238095238,0.5
oulad_DDD_2014J,oulad_BBB_2014J,OULAD,OULAD,D2_other_module,raw,gradient_boosting,2292,0.8266359801413256,0.483271375464684,-0.04761904761904762,0.2
oulad_DDD_2014J,oulad_DDD_2013B,OULAD,OULAD,D1_same_module,raw,gradient_boosting,1303,0.8088247657196548,0.7240547063555913,-0.04761904761904762,0.2
oulad_DDD_2014J,oulad_DDD_2013J,OULAD,OULAD,D1_same_module,raw,gradient_boosting,1938,0.8462595215589961,0.7645788336933045,-0.14285714285714288,0.5
oulad_DDD_2014J,oulad_DDD_2014B,OULAD,OULAD,D1_same_module,raw,gradient_boosting,1228,0.8487266250616687,0.7288801571709234,0.7142857142857143,1.0
oulad_DDD_2014J,oulad_DDD_2014J,OULAD,OULAD,D0_within_cohort,raw,gradient_boosting,1803,0.8530757625713116,0.736068585425597,1.0,1.0
oulad_DDD_2014J,oulad_FFF_2013B,OULAD,OULAD,D2_other_module,raw,gradient_boosting,1614,0.7684561282707062,0.6977329974811083,-0.5238095238095238,0.0
oulad_DDD_2014J,oulad_FFF_2013J,OULAD,OULAD,D2_other_module,raw,gradient_boosting,2283,0.8258271451193826,0.7004830917874396,-0.04761904761904762,0.2
oulad_DDD_2014J,oulad_FFF_2014B,OULAD,OULAD,D2_other_module,raw,gradient_boosting,1500,0.8018739020105408,0.683969465648855,-0.04761904761904762,0.2
oulad_DDD_2014J,oulad_FFF_2014J,OULAD,OULAD,D2_other_module,raw,gradient_boosting,2365,0.8493930485733308,0.7076023391812866,0.4285714285714286,0.5
oulad_DDD_2014J,ku_Accountancy_1819,OULAD,KU Leuven,D3_other_institution,raw,gradient_boosting,756,0.5414145218664993,0.014953271028037384,0.04761904761904762,0.2
oulad_DDD_2014J,ku_Globaleconom_1819,OULAD,KU Leuven,D3_other_institution,raw,gradient_boosting,743,0.5198306956201693,0.05963302752293578,-0.23809523809523814,0.0
oulad_DDD_2014J,ukzn_ISTN101_2019,OULAD,UKZN,D3_other_institution,raw,gradient_boosting,1056,0.6412731850817711,0.30505243088655865,0.4285714285714286,0.5
oulad_DDD_2014J,ukzn_ISTN101_2020,OULAD,UKZN,D3_other_institution,raw,gradient_boosting,978,0.6525779310647832,0.21153846153846154,0.14285714285714288,0.2
oulad_DDD_2014J,ukzn_ISTN101_2021,OULAD,UKZN,D3_other_institution,raw,gradient_boosting,741,0.54887156435829,0.05714285714285714,0.04761904761904762,0.2
oulad_DDD_2014J,ukzn_ISTN102_2018,OULAD,UKZN,D3_other_institution,raw,gradient_boosting,257,0.5189853719265484,0.010526315789473684,-0.23809523809523814,0.2
oulad_DDD_2014J,ukzn_ISTN103_2019,OULAD,UKZN,D3_other_institution,raw,gradient_boosting,1113,0.48251332513325135,0.024301336573511544,-0.14285714285714288,0.2
oulad_DDD_2014J,ukzn_ISTN103_2020,OULAD,UKZN,D3_other_institution,raw,gradient_boosting,1082,0.569335911155074,0.006185567010309278,-0.04761904761904762,0.2
oulad_DDD_2014J,ukzn_ISTN211_2019,OULAD,UKZN,D3_other_institution,raw,gradient_boosting,280,0.7171808832425892,0.2591362126245847,0.4285714285714286,0.5
oulad_DDD_2014J,ukzn_ISTN211_2021,OULAD,UKZN,D3_other_institution,raw,gradient_boosting,327,0.572011385199241,0.050314465408805034,-0.14285714285714288,0.2
oulad_DDD_2014J,ukzn_ISTN212_2018,OULAD,UKZN,D3_other_institution,raw,gradient_boosting,238,0.45249531396438614,0.05025125628140704,-0.33333333333333337,0.2
oulad_DDD_2014J,ukzn_ISTN212_2019,OULAD,UKZN,D3_other_institution,raw,gradient_boosting,264,0.5478871728871729,0.008968609865470852,-0.5238095238095238,0.2
oulad_DDD_2014J,ukzn_ISTN2IP_2018,OULAD,UKZN,D3_other_institution,raw,gradient_boosting,99,0.3294594594594594,0.02666666666666667,-0.33333333333333337,0.2
oulad_DDD_2014J,ukzn_ISTN2IP_2019,OULAD,UKZN,D3_other_institution,raw,gradient_boosting,116,0.6625405844155845,0.2912621359223301,-0.33333333333333337,0.0
oulad_DDD_2014J,ukzn_ISTN3ND_2018,OULAD,UKZN,D3_other_institution,raw,gradient_boosting,144,0.5568663036902601,0.0,-0.04761904761904762,0.2
oulad_DDD_2014J,ukzn_ISTN3ND_2019,OULAD,UKZN,D3_other_institution,raw,gradient_boosting,223,0.6778186896901981,0.011111111111111112,0.5238095238095238,0.5
oulad_DDD_2014J,ukzn_ISTN3SA_2018,OULAD,UKZN,D3_other_institution,raw,gradient_boosting,141,0.5581081081081081,0.23076923076923078,-0.23809523809523814,0.2
oulad_DDD_2014J,ukzn_ISTN3SA_2019,OULAD,UKZN,D3_other_institution,raw,gradient_boosting,195,0.5417647058823529,0.28292682926829266,-0.5238095238095238,0.2
oulad_FFF_2013B,oulad_BBB_2013B,OULAD,OULAD,D2_other_module,raw,gradient_boosting,1767,0.8572798840447905,0.46953405017921146,-0.14285714285714288,0.5
oulad_FFF_2013B,oulad_BBB_2013J,OULAD,OULAD,D2_other_module,raw,gradient_boosting,2237,0.844771315098328,0.35345454545454547,0.4285714285714286,0.5
oulad_FFF_2013B,oulad_BBB_2014B,OULAD,OULAD,D2_other_module,raw,gradient_boosting,1613,0.8508077662306208,0.375,0.14285714285714288,0.5
oulad_FFF_2013B,oulad_BBB_2014J,OULAD,OULAD,D2_other_module,raw,gradient_boosting,2292,0.8528242263645226,0.5649913344887348,0.33333333333333337,0.2
oulad_FFF_2013B,oulad_DDD_2013B,OULAD,OULAD,D2_other_module,raw,gradient_boosting,1303,0.821215043394407,0.7231920199501247,0.23809523809523814,0.5
oulad_FFF_2013B,oulad_DDD_2013J,OULAD,OULAD,D2_other_module,raw,gradient_boosting,1938,0.8437882398753046,0.7281323877068558,0.23809523809523814,0.5
oulad_FFF_2013B,oulad_DDD_2014B,OULAD,OULAD,D2_other_module,raw,gradient_boosting,1228,0.8409556513765049,0.6212471131639723,0.23809523809523814,0.5
oulad_FFF_2013B,oulad_DDD_2014J,OULAD,OULAD,D2_other_module,raw,gradient_boosting,1803,0.82119601055061,0.5800604229607251,-0.23809523809523814,0.2
oulad_FFF_2013B,oulad_FFF_2013B,OULAD,OULAD,D0_within_cohort,raw,gradient_boosting,1614,0.8306302872319495,0.7554744525547445,1.0,1.0
oulad_FFF_2013B,oulad_FFF_2013J,OULAD,OULAD,D1_same_module,raw,gradient_boosting,2283,0.868329028488846,0.7360233349538162,0.23809523809523814,1.0
oulad_FFF_2013B,oulad_FFF_2014B,OULAD,OULAD,D1_same_module,raw,gradient_boosting,1500,0.8614319228461333,0.7411402157164869,0.04761904761904762,0.5
oulad_FFF_2013B,oulad_FFF_2014J,OULAD,OULAD,D1_same_module,raw,gradient_boosting,2365,0.9008035058421138,0.7753346080305927,0.23809523809523814,0.5
oulad_FFF_2013B,ku_Accountancy_1819,OULAD,KU Leuven,D3_other_institution,raw,gradient_boosting,756,0.6224231010671688,0.05454545454545454,0.4285714285714286,0.5
oulad_FFF_2013B,ku_Globaleconom_1819,OULAD,KU Leuven,D3_other_institution,raw,gradient_boosting,743,0.602373941847626,0.03255813953488372,0.14285714285714288,0.2
oulad_FFF_2013B,ukzn_ISTN101_2019,OULAD,UKZN,D3_other_institution,raw,gradient_boosting,1056,0.6526507030315118,0.548770816812054,0.33333333333333337,0.5
oulad_FFF_2013B,ukzn_ISTN101_2020,OULAD,UKZN,D3_other_institution,raw,gradient_boosting,978,0.7092550690889919,0.1603960396039604,-0.4285714285714286,0.0
oulad_FFF_2013B,ukzn_ISTN101_2021,OULAD,UKZN,D3_other_institution,raw,gradient_boosting,741,0.636676499508358,0.29,0.33333333333333337,0.2
oulad_FFF_2013B,ukzn_ISTN102_2018,OULAD,UKZN,D3_other_institution,raw,gradient_boosting,257,0.6265561780267662,0.020942408376963352,0.04761904761904762,0.2
oulad_FFF_2013B,ukzn_ISTN103_2019,OULAD,UKZN,D3_other_institution,raw,gradient_boosting,1113,0.6384481344813449,0.03618817852834741,0.33333333333333337,0.5
oulad_FFF_2013B,ukzn_ISTN103_2020,OULAD,UKZN,D3_other_institution,raw,gradient_boosting,1082,0.6548536486668766,0.064,0.23809523809523814,0.5
oulad_FFF_2013B,ukzn_ISTN211_2019,OULAD,UKZN,D3_other_institution,raw,gradient_boosting,280,0.7693083282919944,0.5783783783783784,-0.4285714285714286,0.2
oulad_FFF_2013B,ukzn_ISTN211_2021,OULAD,UKZN,D3_other_institution,raw,gradient_boosting,327,0.827134724857685,0.14925373134328357,0.04761904761904762,0.2
oulad_FFF_2013B,ukzn_ISTN212_2018,OULAD,UKZN,D3_other_institution,raw,gradient_boosting,238,0.6744376757263356,0.02040816326530612,0.23809523809523814,0.5
oulad_FFF_2013B,ukzn_ISTN212_2019,OULAD,UKZN,D3_other_institution,raw,gradient_boosting,264,0.7669455169455169,0.02666666666666667,0.23809523809523814,0.5
oulad_FFF_2013B,ukzn_ISTN2IP_2018,OULAD,UKZN,D3_other_institution,raw,gradient_boosting,99,0.7008108108108108,0.02666666666666667,-0.23809523809523814,0.2
oulad_FFF_2013B,ukzn_ISTN2IP_2019,OULAD,UKZN,D3_other_institution,raw,gradient_boosting,116,0.6753246753246753,0.5343511450381679,0.04761904761904762,0.2
oulad_FFF_2013B,ukzn_ISTN3ND_2018,OULAD,UKZN,D3_other_institution,raw,gradient_boosting,144,0.5789473684210525,0.0,0.14285714285714288,0.2
oulad_FFF_2013B,ukzn_ISTN3ND_2019,OULAD,UKZN,D3_other_institution,raw,gradient_boosting,223,0.7715210766886744,0.03278688524590164,0.7142857142857143,0.5
oulad_FFF_2013B,ukzn_ISTN3SA_2018,OULAD,UKZN,D3_other_institution,raw,gradient_boosting,141,0.6557057057057057,0.4533333333333333,0.04761904761904762,0.2
oulad_FFF_2013B,ukzn_ISTN3SA_2019,OULAD,UKZN,D3_other_institution,raw,gradient_boosting,195,0.5641176470588235,0.45614035087719296,-0.33333333333333337,0.0
oulad_FFF_2013J,oulad_BBB_2013B,OULAD,OULAD,D2_other_module,raw,gradient_boosting,1767,0.8487305126522429,0.7547619047619047,0.23809523809523814,0.5
oulad_FFF_2013J,oulad_BBB_2013J,OULAD,OULAD,D2_other_module,raw,gradient_boosting,2237,0.8485975433988855,0.677055346587856,0.33333333333333337,0.5
oulad_FFF_2013J,oulad_BBB_2014B,OULAD,OULAD,D2_other_module,raw,gradient_boosting,1613,0.8420019809911786,0.639871382636656,0.14285714285714288,0.2
oulad_FFF_2013J,oulad_BBB_2014J,OULAD,OULAD,D2_other_module,raw,gradient_boosting,2292,0.8510747898391813,0.6621831350232799,0.5238095238095238,0.5
oulad_FFF_2013J,oulad_DDD_2013B,OULAD,OULAD,D2_other_module,raw,gradient_boosting,1303,0.818361644784017,0.7311827956989247,0.23809523809523814,0.5
oulad_FFF_2013J,oulad_DDD_2013J,OULAD,OULAD,D2_other_module,raw,gradient_boosting,1938,0.842281758743301,0.77209797657082,-0.04761904761904762,0.2
oulad_FFF_2013J,oulad_DDD_2014B,OULAD,OULAD,D2_other_module,raw,gradient_boosting,1228,0.8357169336429087,0.7083734359961501,0.14285714285714288,0.5
oulad_FFF_2013J,oulad_DDD_2014J,OULAD,OULAD,D2_other_module,raw,gradient_boosting,1803,0.8389970426320574,0.7182741116751269,0.23809523809523814,0.2
oulad_FFF_2013J,oulad_FFF_2013B,OULAD,OULAD,D1_same_module,raw,gradient_boosting,1614,0.8410210813004131,0.7748049052396878,0.14285714285714288,0.5
oulad_FFF_2013J,oulad_FFF_2013J,OULAD,OULAD,D0_within_cohort,raw,gradient_boosting,2283,0.8779076918346325,0.7954841511072515,1.0,1.0
oulad_FFF_2013J,oulad_FFF_2014B,OULAD,OULAD,D1_same_module,raw,gradient_boosting,1500,0.8623699582854376,0.7773995915588836,0.04761904761904762,0.5
oulad_FFF_2013J,oulad_FFF_2014J,OULAD,OULAD,D1_same_module,raw,gradient_boosting,2365,0.9001600412046922,0.8185328185328186,0.7142857142857143,0.5
oulad_FFF_2013J,ku_Accountancy_1819,OULAD,KU Leuven,D3_other_institution,raw,gradient_boosting,756,0.6019962335216572,0.44959128065395093,0.23809523809523814,0.5
oulad_FFF_2013J,ku_Globaleconom_1819,OULAD,KU Leuven,D3_other_institution,raw,gradient_boosting,743,0.5288516746411484,0.06711409395973154,-0.23809523809523814,0.2
oulad_FFF_2013J,ukzn_ISTN101_2019,OULAD,UKZN,D3_other_institution,raw,gradient_boosting,1056,0.6505939619066613,0.56,0.7142857142857143,0.5
oulad_FFF_2013J,ukzn_ISTN101_2020,OULAD,UKZN,D3_other_institution,raw,gradient_boosting,978,0.6878583510907054,0.38687392055267705,-0.33333333333333337,0.2
oulad_FFF_2013J,ukzn_ISTN101_2021,OULAD,UKZN,D3_other_institution,raw,gradient_boosting,741,0.7543428384136348,0.892018779342723,0.5238095238095238,0.5
oulad_FFF_2013J,ukzn_ISTN102_2018,OULAD,UKZN,D3_other_institution,raw,gradient_boosting,257,0.4517195767195767,0.12380952380952381,-0.14285714285714288,0.2
oulad_FFF_2013J,ukzn_ISTN103_2019,OULAD,UKZN,D3_other_institution,raw,gradient_boosting,1113,0.445330053300533,0.16666666666666666,-0.33333333333333337,0.2
oulad_FFF_2013J,ukzn_ISTN103_2020,OULAD,UKZN,D3_other_institution,raw,gradient_boosting,1082,0.536243873926532,0.2391304347826087,-0.23809523809523814,0.2
oulad_FFF_2013J,ukzn_ISTN211_2019,OULAD,UKZN,D3_other_institution,raw,gradient_boosting,280,0.7117362371445856,0.5768194070080862,-0.14285714285714288,0.2
oulad_FFF_2013J,ukzn_ISTN211_2021,OULAD,UKZN,D3_other_institution,raw,gradient_boosting,327,0.6075901328273245,0.32432432432432434,-0.5238095238095238,0.0
oulad_FFF_2013J,ukzn_ISTN212_2018,OULAD,UKZN,D3_other_institution,raw,gradient_boosting,238,0.5644329896907216,0.17757009345794392,-0.4285714285714286,0.2
oulad_FFF_2013J,ukzn_ISTN212_2019,OULAD,UKZN,D3_other_institution,raw,gradient_boosting,264,0.5291184041184042,0.16326530612244897,-0.23809523809523814,0.2
oulad_FFF_2013J,ukzn_ISTN2IP_2018,OULAD,UKZN,D3_other_institution,raw,gradient_boosting,99,0.41135135135135137,0.05194805194805195,-0.33333333333333337,0.2
oulad_FFF_2013J,ukzn_ISTN2IP_2019,OULAD,UKZN,D3_other_institution,raw,gradient_boosting,116,0.6759334415584416,0.5,-0.14285714285714288,0.2
oulad_FFF_2013J,ukzn_ISTN3ND_2018,OULAD,UKZN,D3_other_institution,raw,gradient_boosting,144,0.4813470457753579,0.08602150537634409,-0.23809523809523814,0.2
oulad_FFF_2013J,ukzn_ISTN3ND_2019,OULAD,UKZN,D3_other_institution,raw,gradient_boosting,223,0.6905154900964958,0.6296296296296297,0.6190476190476191,0.5
oulad_FFF_2013J,ukzn_ISTN3SA_2018,OULAD,UKZN,D3_other_institution,raw,gradient_boosting,141,0.5677177177177177,0.34285714285714286,-0.33333333333333337,0.2
oulad_FFF_2013J,ukzn_ISTN3SA_2019,OULAD,UKZN,D3_other_institution,raw,gradient_boosting,195,0.52,0.47413793103448276,-0.33333333333333337,0.2
oulad_FFF_2014B,oulad_BBB_2013B,OULAD,OULAD,D2_other_module,raw,gradient_boosting,1767,0.8369657611756742,0.5779889152810768,0.04761904761904762,0.2
oulad_FFF_2014B,oulad_BBB_2013J,OULAD,OULAD,D2_other_module,raw,gradient_boosting,2237,0.847732368201909,0.4852459016393443,0.4285714285714286,0.5
oulad_FFF_2014B,oulad_BBB_2014B,OULAD,OULAD,D2_other_module,raw,gradient_boosting,1613,0.8371542968568066,0.4262626262626263,-0.04761904761904762,0.2
oulad_FFF_2014B,oulad_BBB_2014J,OULAD,OULAD,D2_other_module,raw,gradient_boosting,2292,0.8594720851608189,0.4857849196538937,-0.33333333333333337,0.2
oulad_FFF_2014B,oulad_DDD_2013B,OULAD,OULAD,D2_other_module,raw,gradient_boosting,1303,0.8319696857305343,0.7262103505843072,0.14285714285714288,0.5
oulad_FFF_2014B,oulad_DDD_2013J,OULAD,OULAD,D2_other_module,raw,gradient_boosting,1938,0.8508958939959385,0.7309048178613397,0.23809523809523814,0.5
oulad_FFF_2014B,oulad_DDD_2014B,OULAD,OULAD,D2_other_module,raw,gradient_boosting,1228,0.850511886412224,0.6788008565310493,0.6190476190476191,1.0
oulad_FFF_2014B,oulad_DDD_2014J,OULAD,OULAD,D2_other_module,raw,gradient_boosting,1803,0.8493927904165293,0.6809688581314879,0.04761904761904762,0.5
oulad_FFF_2014B,oulad_FFF_2013B,OULAD,OULAD,D1_same_module,raw,gradient_boosting,1614,0.835759209620303,0.7726190476190476,0.5238095238095238,1.0
oulad_FFF_2014B,oulad_FFF_2013J,OULAD,OULAD,D1_same_module,raw,gradient_boosting,2283,0.8727276570883877,0.775830258302583,0.14285714285714288,0.2
oulad_FFF_2014B,oulad_FFF_2014B,OULAD,OULAD,D0_within_cohort,raw,gradient_boosting,1500,0.8598143087455989,0.7516778523489933,1.0,1.0
oulad_FFF_2014B,oulad_FFF_2014J,OULAD,OULAD,D1_same_module,raw,gradient_boosting,2365,0.8969204801092672,0.8025652771415483,0.6190476190476191,0.5
oulad_FFF_2014B,ku_Accountancy_1819,OULAD,KU Leuven,D3_other_institution,raw,gradient_boosting,756,0.5520318058171165,0.0,0.14285714285714288,0.5
oulad_FFF_2014B,ku_Globaleconom_1819,OULAD,KU Leuven,D3_other_institution,raw,gradient_boosting,743,0.5631247699668751,0.0,-0.04761904761904762,0.2
oulad_FFF_2014B,ukzn_ISTN101_2019,OULAD,UKZN,D3_other_institution,raw,gradient_boosting,1056,0.6458447596729158,0.06629834254143646,0.33333333333333337,0.2
oulad_FFF_2014B,ukzn_ISTN101_2020,OULAD,UKZN,D3_other_institution,raw,gradient_boosting,978,0.6907690955822587,0.14570858283433133,-0.14285714285714288,0.2
oulad_FFF_2014B,ukzn_ISTN101_2021,OULAD,UKZN,D3_other_institution,raw,gradient_boosting,741,0.6989277520250972,0.512987012987013,-0.04761904761904762,0.5
oulad_FFF_2014B,ukzn_ISTN102_2018,OULAD,UKZN,D3_other_institution,raw,gradient_boosting,257,0.5413943355119826,0.0,-0.23809523809523814,0.0
oulad_FFF_2014B,ukzn_ISTN103_2019,OULAD,UKZN,D3_other_institution,raw,gradient_boosting,1113,0.5816338663386634,0.0,-0.14285714285714288,0.2
oulad_FFF_2014B,ukzn_ISTN103_2020,OULAD,UKZN,D3_other_institution,raw,gradient_boosting,1082,0.5267568904275887,0.032454361054766734,-0.4285714285714286,0.0
oulad_FFF_2014B,ukzn_ISTN211_2019,OULAD,UKZN,D3_other_institution,raw,gradient_boosting,280,0.6603145795523292,0.3470031545741325,-0.14285714285714288,0.2
oulad_FFF_2014B,ukzn_ISTN211_2021,OULAD,UKZN,D3_other_institution,raw,gradient_boosting,327,0.7734345351043643,0.0804953560371517,-0.7142857142857143,0.0
oulad_FFF_2014B,ukzn_ISTN212_2018,OULAD,UKZN,D3_other_institution,raw,gradient_boosting,238,0.5992268041237114,0.01020408163265306,0.14285714285714288,0.2
oulad_FFF_2014B,ukzn_ISTN212_2019,OULAD,UKZN,D3_other_institution,raw,gradient_boosting,264,0.536036036036036,0.0,-0.4285714285714286,0.0
oulad_FFF_2014B,ukzn_ISTN2IP_2018,OULAD,UKZN,D3_other_institution,raw,gradient_boosting,99,0.6816216216216217,0.02666666666666667,-0.14285714285714288,0.2
oulad_FFF_2014B,ukzn_ISTN2IP_2019,OULAD,UKZN,D3_other_institution,raw,gradient_boosting,116,0.6241883116883117,0.49206349206349204,-0.14285714285714288,0.2
oulad_FFF_2014B,ukzn_ISTN3ND_2018,OULAD,UKZN,D3_other_institution,raw,gradient_boosting,144,0.45472877596289574,0.022222222222222223,-0.4285714285714286,0.2
oulad_FFF_2014B,ukzn_ISTN3ND_2019,OULAD,UKZN,D3_other_institution,raw,gradient_boosting,223,0.6253809040121889,0.308411214953271,0.5238095238095238,0.5
oulad_FFF_2014B,ukzn_ISTN3SA_2018,OULAD,UKZN,D3_other_institution,raw,gradient_boosting,141,0.5966966966966967,0.36879432624113473,-0.23809523809523814,0.2
oulad_FFF_2014B,ukzn_ISTN3SA_2019,OULAD,UKZN,D3_other_institution,raw,gradient_boosting,195,0.5516470588235294,0.41964285714285715,-0.23809523809523814,0.2
oulad_FFF_2014J,oulad_BBB_2013B,OULAD,OULAD,D2_other_module,raw,gradient_boosting,1767,0.8376497883972447,0.6466809421841542,0.23809523809523814,0.5
oulad_FFF_2014J,oulad_BBB_2013J,OULAD,OULAD,D2_other_module,raw,gradient_boosting,2237,0.847741976811223,0.5669291338582677,0.33333333333333337,0.2
oulad_FFF_2014J,oulad_BBB_2014B,OULAD,OULAD,D2_other_module,raw,gradient_boosting,1613,0.8524394447014698,0.5726795096322241,0.14285714285714288,0.5
oulad_FFF_2014J,oulad_BBB_2014J,OULAD,OULAD,D2_other_module,raw,gradient_boosting,2292,0.8514265807748538,0.6407249466950959,-0.04761904761904762,0.2
oulad_FFF_2014J,oulad_DDD_2013B,OULAD,OULAD,D2_other_module,raw,gradient_boosting,1303,0.8154377766238905,0.720125786163522,0.04761904761904762,0.5
oulad_FFF_2014J,oulad_DDD_2013J,OULAD,OULAD,D2_other_module,raw,gradient_boosting,1938,0.8490973621896077,0.7482093663911846,0.04761904761904762,0.5
oulad_FFF_2014J,oulad_DDD_2014B,OULAD,OULAD,D2_other_module,raw,gradient_boosting,1228,0.8476144950400117,0.7012448132780082,0.5238095238095238,1.0
oulad_FFF_2014J,oulad_DDD_2014J,OULAD,OULAD,D2_other_module,raw,gradient_boosting,1803,0.839791335711217,0.6634214186369958,0.33333333333333337,0.5
oulad_FFF_2014J,oulad_FFF_2013B,OULAD,OULAD,D1_same_module,raw,gradient_boosting,1614,0.8460915982195554,0.78,-0.04761904761904762,0.2
oulad_FFF_2014J,oulad_FFF_2013J,OULAD,OULAD,D1_same_module,raw,gradient_boosting,2283,0.876824946573805,0.8005093378607809,0.33333333333333337,0.5
oulad_FFF_2014J,oulad_FFF_2014B,OULAD,OULAD,D1_same_module,raw,gradient_boosting,1500,0.8682638572595629,0.7725729803122878,0.04761904761904762,0.5
oulad_FFF_2014J,oulad_FFF_2014J,OULAD,OULAD,D0_within_cohort,raw,gradient_boosting,2365,0.8971514674150081,0.8277328796256912,1.0,1.0
oulad_FFF_2014J,ku_Accountancy_1819,OULAD,KU Leuven,D3_other_institution,raw,gradient_boosting,756,0.5367984934086629,0.360056258790436,-0.14285714285714288,0.2
oulad_FFF_2014J,ku_Globaleconom_1819,OULAD,KU Leuven,D3_other_institution,raw,gradient_boosting,743,0.6067464114832536,0.33214285714285713,-0.14285714285714288,0.2
oulad_FFF_2014J,ukzn_ISTN101_2019,OULAD,UKZN,D3_other_institution,raw,gradient_boosting,1056,0.5528115027921818,0.5357142857142857,-0.14285714285714288,0.2
oulad_FFF_2014J,ukzn_ISTN101_2020,OULAD,UKZN,D3_other_institution,raw,gradient_boosting,978,0.6626721732826607,0.2198852772466539,-0.4285714285714286,0.0
oulad_FFF_2014J,ukzn_ISTN101_2021,OULAD,UKZN,D3_other_institution,raw,gradient_boosting,741,0.7327222924568056,0.9258698940998488,0.14285714285714288,0.5
oulad_FFF_2014J,ukzn_ISTN102_2018,OULAD,UKZN,D3_other_institution,raw,gradient_boosting,257,0.5943043884220355,0.376,-0.14285714285714288,0.2
oulad_FFF_2014J,ukzn_ISTN103_2019,OULAD,UKZN,D3_other_institution,raw,gradient_boosting,1113,0.6031693316933169,0.4301270417422868,-0.04761904761904762,0.2
oulad_FFF_2014J,ukzn_ISTN103_2020,OULAD,UKZN,D3_other_institution,raw,gradient_boosting,1082,0.6112494941774201,0.3421276595744681,-0.23809523809523814,0.2
oulad_FFF_2014J,ukzn_ISTN211_2019,OULAD,UKZN,D3_other_institution,raw,gradient_boosting,280,0.4206493244605768,0.6435643564356436,-0.33333333333333337,0.0
oulad_FFF_2014J,ukzn_ISTN211_2021,OULAD,UKZN,D3_other_institution,raw,gradient_boosting,327,0.7892789373814042,0.5882352941176471,-0.4285714285714286,0.2
oulad_FFF_2014J,ukzn_ISTN212_2018,OULAD,UKZN,D3_other_institution,raw,gradient_boosting,238,0.6751991565135894,0.5401459854014599,0.23809523809523814,0.5
oulad_FFF_2014J,ukzn_ISTN212_2019,OULAD,UKZN,D3_other_institution,raw,gradient_boosting,264,0.663073788073788,0.48184818481848185,-0.14285714285714288,0.2
oulad_FFF_2014J,ukzn_ISTN2IP_2018,OULAD,UKZN,D3_other_institution,raw,gradient_boosting,99,0.6372972972972972,0.1927710843373494,-0.7142857142857143,0.0
oulad_FFF_2014J,ukzn_ISTN2IP_2019,OULAD,UKZN,D3_other_institution,raw,gradient_boosting,116,0.5665584415584415,0.7037037037037037,-0.33333333333333337,0.2
oulad_FFF_2014J,ukzn_ISTN3ND_2018,OULAD,UKZN,D3_other_institution,raw,gradient_boosting,144,0.5108892921960073,0.4264705882352941,0.33333333333333337,0.5
oulad_FFF_2014J,ukzn_ISTN3ND_2019,OULAD,UKZN,D3_other_institution,raw,gradient_boosting,223,0.6168740477399695,0.5617977528089888,0.23809523809523814,0.5
oulad_FFF_2014J,ukzn_ISTN3SA_2018,OULAD,UKZN,D3_other_institution,raw,gradient_boosting,141,0.5594594594594595,0.6091954022988506,-0.04761904761904762,0.2
oulad_FFF_2014J,ukzn_ISTN3SA_2019,OULAD,UKZN,D3_other_institution,raw,gradient_boosting,195,0.5764705882352942,0.44642857142857145,-0.23809523809523814,0.2
ku_Accountancy_1819,oulad_BBB_2013B,KU Leuven,OULAD,D3_other_institution,raw,gradient_boosting,1767,0.43805775024157334,0.35135135135135137,0.6190476190476191,1.0
ku_Accountancy_1819,oulad_BBB_2013J,KU Leuven,OULAD,D3_other_institution,raw,gradient_boosting,2237,0.39165692460444557,0.3336663336663337,-0.4285714285714286,0.0
ku_Accountancy_1819,oulad_BBB_2014B,KU Leuven,OULAD,D3_other_institution,raw,gradient_boosting,1613,0.3779338386206339,0.3162217659137577,-0.23809523809523814,0.0
ku_Accountancy_1819,oulad_BBB_2014J,KU Leuven,OULAD,D3_other_institution,raw,gradient_boosting,2292,0.5661275584795322,0.5432788193059434,-0.04761904761904762,0.0
ku_Accountancy_1819,oulad_DDD_2013B,KU Leuven,OULAD,D3_other_institution,raw,gradient_boosting,1303,0.7194236332616275,0.6078301260783012,-0.23809523809523814,0.2
ku_Accountancy_1819,oulad_DDD_2013J,KU Leuven,OULAD,D3_other_institution,raw,gradient_boosting,1938,0.6833322274927912,0.5977011494252874,-0.4285714285714286,0.2
ku_Accountancy_1819,oulad_DDD_2014B,KU Leuven,OULAD,D3_other_institution,raw,gradient_boosting,1228,0.6851933405988779,0.5714285714285714,-0.14285714285714288,0.0
ku_Accountancy_1819,oulad_DDD_2014J,KU Leuven,OULAD,D3_other_institution,raw,gradient_boosting,1803,0.6507889228586559,0.5752544188537762,0.14285714285714288,0.2
ku_Accountancy_1819,oulad_FFF_2013B,KU Leuven,OULAD,D3_other_institution,raw,gradient_boosting,1614,0.7203269476686995,0.6704707560627675,0.04761904761904762,0.5
ku_Accountancy_1819,oulad_FFF_2013J,KU Leuven,OULAD,D3_other_institution,raw,gradient_boosting,2283,0.7445059422228373,0.6675938803894298,0.04761904761904762,0.2
ku_Accountancy_1819,oulad_FFF_2014B,KU Leuven,OULAD,D3_other_institution,raw,gradient_boosting,1500,0.7300915985280615,0.6249313563975838,-0.33333333333333337,0.2
ku_Accountancy_1819,oulad_FFF_2014J,KU Leuven,OULAD,D3_other_institution,raw,gradient_boosting,2365,0.7619489302848748,0.6668923493568043,-0.23809523809523814,0.2
ku_Accountancy_1819,ku_Accountancy_1819,KU Leuven,KU Leuven,D0_within_cohort,raw,gradient_boosting,756,0.6125925925925926,0.8040540540540541,1.0,1.0
ku_Accountancy_1819,ku_Globaleconom_1819,KU Leuven,KU Leuven,D2_other_module,raw,gradient_boosting,743,0.5825101214574899,0.6307339449541285,0.5238095238095238,1.0
ku_Accountancy_1819,ukzn_ISTN101_2019,KU Leuven,UKZN,D3_other_institution,raw,gradient_boosting,1056,0.5643666483845233,0.31431244153414406,0.33333333333333337,0.5
ku_Accountancy_1819,ukzn_ISTN101_2020,KU Leuven,UKZN,D3_other_institution,raw,gradient_boosting,978,0.5241756551921091,0.38275862068965516,0.04761904761904762,0.2
ku_Accountancy_1819,ukzn_ISTN101_2021,KU Leuven,UKZN,D3_other_institution,raw,gradient_boosting,741,0.5254483307580653,0.2874845105328377,0.14285714285714288,0.5
ku_Accountancy_1819,ukzn_ISTN102_2018,KU Leuven,UKZN,D3_other_institution,raw,gradient_boosting,257,0.5193355119825708,0.4727272727272727,0.23809523809523814,0.5
ku_Accountancy_1819,ukzn_ISTN103_2019,KU Leuven,UKZN,D3_other_institution,raw,gradient_boosting,1113,0.6376732267322675,0.5909451945988881,0.7142857142857143,1.0
ku_Accountancy_1819,ukzn_ISTN103_2020,KU Leuven,UKZN,D3_other_institution,raw,gradient_boosting,1082,0.521406411582213,0.5875785066294487,0.33333333333333337,0.5
ku_Accountancy_1819,ukzn_ISTN211_2019,KU Leuven,UKZN,D3_other_institution,raw,gradient_boosting,280,0.6102036700947772,0.35403726708074534,0.33333333333333337,0.5
ku_Accountancy_1819,ukzn_ISTN211_2021,KU Leuven,UKZN,D3_other_institution,raw,gradient_boosting,327,0.5419354838709678,0.6845360824742268,-0.4285714285714286,0.0
ku_Accountancy_1819,ukzn_ISTN212_2018,KU Leuven,UKZN,D3_other_institution,raw,gradient_boosting,238,0.5895032802249297,0.6517571884984026,0.23809523809523814,1.0
ku_Accountancy_1819,ukzn_ISTN212_2019,KU Leuven,UKZN,D3_other_institution,raw,gradient_boosting,264,0.5918597168597168,0.6180758017492711,0.33333333333333337,0.2
ku_Accountancy_1819,ukzn_ISTN2IP_2018,KU Leuven,UKZN,D3_other_institution,raw,gradient_boosting,99,0.5856756756756757,0.42718446601941745,0.4285714285714286,0.5
ku_Accountancy_1819,ukzn_ISTN2IP_2019,KU Leuven,UKZN,D3_other_institution,raw,gradient_boosting,116,0.5227272727272727,0.21359223300970873,0.33333333333333337,0.5
ku_Accountancy_1819,ukzn_ISTN3ND_2018,KU Leuven,UKZN,D3_other_institution,raw,gradient_boosting,144,0.5311554748941318,0.5165562913907285,0.5238095238095238,0.5
ku_Accountancy_1819,ukzn_ISTN3ND_2019,KU Leuven,UKZN,D3_other_institution,raw,gradient_boosting,223,0.6237938039614017,0.8103448275862069,0.14285714285714288,0.5
ku_Accountancy_1819,ukzn_ISTN3SA_2018,KU Leuven,UKZN,D3_other_institution,raw,gradient_boosting,141,0.5948948948948949,0.2204724409448819,0.6190476190476191,0.5
ku_Accountancy_1819,ukzn_ISTN3SA_2019,KU Leuven,UKZN,D3_other_institution,raw,gradient_boosting,195,0.5077647058823529,0.2912621359223301,0.4285714285714286,0.5
ku_Globaleconom_1819,oulad_BBB_2013B,KU Leuven,OULAD,D3_other_institution,raw,gradient_boosting,1767,0.8322008236747054,0.7239150507848569,-0.33333333333333337,0.2
ku_Globaleconom_1819,oulad_BBB_2013J,KU Leuven,OULAD,D3_other_institution,raw,gradient_boosting,2237,0.8086281308052015,0.7425287356321839,-0.23809523809523814,0.2
ku_Globaleconom_1819,oulad_BBB_2014B,KU Leuven,OULAD,D3_other_institution,raw,gradient_boosting,1613,0.7967496840660621,0.7344444444444445,-0.4285714285714286,0.2
ku_Globaleconom_1819,oulad_BBB_2014J,KU Leuven,OULAD,D3_other_institution,raw,gradient_boosting,2292,0.8070007919103315,0.7699316628701595,-0.14285714285714288,0.5
ku_Globaleconom_1819,oulad_DDD_2013B,KU Leuven,OULAD,D3_other_institution,raw,gradient_boosting,1303,0.8258178176693123,0.6334785314250155,0.23809523809523814,0.5
ku_Globaleconom_1819,oulad_DDD_2013J,KU Leuven,OULAD,D3_other_institution,raw,gradient_boosting,1938,0.8345290914015278,0.6856663872590109,-0.14285714285714288,0.2
ku_Globaleconom_1819,oulad_DDD_2014B,KU Leuven,OULAD,D3_other_institution,raw,gradient_boosting,1228,0.8381850818488674,0.650137741046832,-0.6190476190476191,0.0
ku_Globaleconom_1819,oulad_DDD_2014J,KU Leuven,OULAD,D3_other_institution,raw,gradient_boosting,1803,0.8167318586458052,0.6850429281518301,-0.04761904761904762,0.0
ku_Globaleconom_1819,oulad_FFF_2013B,KU Leuven,OULAD,D3_other_institution,raw,gradient_boosting,1614,0.8239251856679125,0.7001811594202898,0.5238095238095238,0.5
ku_Globaleconom_1819,oulad_FFF_2013J,KU Leuven,OULAD,D3_other_institution,raw,gradient_boosting,2283,0.8606468028842458,0.7255163224516988,0.5238095238095238,0.5
ku_Globaleconom_1819,oulad_FFF_2014B,KU Leuven,OULAD,D3_other_institution,raw,gradient_boosting,1500,0.8580195704195313,0.6867724867724868,0.14285714285714288,0.5
ku_Globaleconom_1819,oulad_FFF_2014J,KU Leuven,OULAD,D3_other_institution,raw,gradient_boosting,2365,0.8822162012487661,0.7349517791819089,-0.14285714285714288,0.2
ku_Globaleconom_1819,ku_Accountancy_1819,KU Leuven,KU Leuven,D2_other_module,raw,gradient_boosting,756,0.5379451768152332,0.7166979362101313,-0.04761904761904762,0.2
ku_Globaleconom_1819,ku_Globaleconom_1819,KU Leuven,KU Leuven,D0_within_cohort,raw,gradient_boosting,743,0.5915421420684579,0.6696230598669624,1.0,1.0
ku_Globaleconom_1819,ukzn_ISTN101_2019,KU Leuven,UKZN,D3_other_institution,raw,gradient_boosting,1056,0.5633320452732349,0.8275462962962963,0.6190476190476191,0.5
ku_Globaleconom_1819,ukzn_ISTN101_2020,KU Leuven,UKZN,D3_other_institution,raw,gradient_boosting,978,0.6203290788866677,0.8733880422039859,0.7142857142857143,0.5
ku_Globaleconom_1819,ukzn_ISTN101_2021,KU Leuven,UKZN,D3_other_institution,raw,gradient_boosting,741,0.7078241326028938,0.9034220532319391,0.5238095238095238,0.2
ku_Globaleconom_1819,ukzn_ISTN102_2018,KU Leuven,UKZN,D3_other_institution,raw,gradient_boosting,257,0.5802987861811391,0.6282051282051282,0.33333333333333337,1.0
ku_Globaleconom_1819,ukzn_ISTN103_2019,KU Leuven,UKZN,D3_other_institution,raw,gradient_boosting,1113,0.6074456744567446,0.5937007874015748,0.8095238095238096,1.0
ku_Globaleconom_1819,ukzn_ISTN103_2020,KU Leuven,UKZN,D3_other_institution,raw,gradient_boosting,1082,0.5189200125893619,0.5804638088545326,0.5238095238095238,0.5
ku_Globaleconom_1819,ukzn_ISTN211_2019,KU Leuven,UKZN,D3_other_institution,raw,gradient_boosting,280,0.6351078846541641,0.9364161849710982,-0.14285714285714288,0.5
ku_Globaleconom_1819,ukzn_ISTN211_2021,KU Leuven,UKZN,D3_other_institution,raw,gradient_boosting,327,0.74573055028463,0.7134020618556701,0.4285714285714286,0.5
ku_Globaleconom_1819,ukzn_ISTN212_2018,KU Leuven,UKZN,D3_other_institution,raw,gradient_boosting,238,0.7150304592314901,0.8275862068965517,0.5238095238095238,0.5
ku_Globaleconom_1819,ukzn_ISTN212_2019,KU Leuven,UKZN,D3_other_institution,raw,gradient_boosting,264,0.7139103389103388,0.8309178743961353,0.6190476190476191,0.5
ku_Globaleconom_1819,ukzn_ISTN2IP_2018,KU Leuven,UKZN,D3_other_institution,raw,gradient_boosting,99,0.7024324324324325,0.7692307692307693,0.5238095238095238,1.0
ku_Globaleconom_1819,ukzn_ISTN2IP_2019,KU Leuven,UKZN,D3_other_institution,raw,gradient_boosting,116,0.6712662337662337,0.8673469387755102,0.5238095238095238,1.0
ku_Globaleconom_1819,ukzn_ISTN3ND_2018,KU Leuven,UKZN,D3_other_institution,raw,gradient_boosting,144,0.5348860657390604,0.6421052631578947,0.4285714285714286,0.5
ku_Globaleconom_1819,ukzn_ISTN3ND_2019,KU Leuven,UKZN,D3_other_institution,raw,gradient_boosting,223,0.39334687658710005,0.6792452830188679,-0.23809523809523814,0.0
ku_Globaleconom_1819,ukzn_ISTN3SA_2018,KU Leuven,UKZN,D3_other_institution,raw,gradient_boosting,141,0.5900900900900902,0.8547717842323651,0.5238095238095238,0.5
ku_Globaleconom_1819,ukzn_ISTN3SA_2019,KU Leuven,UKZN,D3_other_institution,raw,gradient_boosting,195,0.5145882352941176,0.9096045197740112,0.33333333333333337,0.5
ukzn_ISTN101_2019,oulad_BBB_2013B,UKZN,OULAD,D3_other_institution,raw,gradient_boosting,1767,0.7002249086671868,0.6200227531285551,0.4285714285714286,0.5
ukzn_ISTN101_2019,oulad_BBB_2013J,UKZN,OULAD,D3_other_institution,raw,gradient_boosting,2237,0.7513588175004804,0.6574330563250231,0.23809523809523814,0.2
ukzn_ISTN101_2019,oulad_BBB_2014B,UKZN,OULAD,D3_other_institution,raw,gradient_boosting,1613,0.7680982795184764,0.6921606118546845,0.7142857142857143,0.5
ukzn_ISTN101_2019,oulad_BBB_2014J,UKZN,OULAD,D3_other_institution,raw,gradient_boosting,2292,0.6797815393518519,0.6226252158894646,0.14285714285714288,0.2
ukzn_ISTN101_2019,oulad_DDD_2013B,UKZN,OULAD,D3_other_institution,raw,gradient_boosting,1303,0.46383923052196924,0.2900919305413687,-0.14285714285714288,0.2
ukzn_ISTN101_2019,oulad_DDD_2013J,UKZN,OULAD,D3_other_institution,raw,gradient_boosting,1938,0.5390097034788294,0.40950639853747717,0.04761904761904762,0.5
ukzn_ISTN101_2019,oulad_DDD_2014B,UKZN,OULAD,D3_other_institution,raw,gradient_boosting,1228,0.5239177636988497,0.383060635226179,0.6190476190476191,0.5
ukzn_ISTN101_2019,oulad_DDD_2014J,UKZN,OULAD,D3_other_institution,raw,gradient_boosting,1803,0.5822480492361797,0.4861683343143025,-0.04761904761904762,0.2
ukzn_ISTN101_2019,oulad_FFF_2013B,UKZN,OULAD,D3_other_institution,raw,gradient_boosting,1614,0.3915487286051544,0.14505893019038985,-0.5238095238095238,0.0
ukzn_ISTN101_2019,oulad_FFF_2013J,UKZN,OULAD,D3_other_institution,raw,gradient_boosting,2283,0.4279311378626447,0.1814814814814815,0.14285714285714288,0.2
ukzn_ISTN101_2019,oulad_FFF_2014B,UKZN,OULAD,D3_other_institution,raw,gradient_boosting,1500,0.4169395825651926,0.19288389513108614,-0.14285714285714288,0.2
ukzn_ISTN101_2019,oulad_FFF_2014J,UKZN,OULAD,D3_other_institution,raw,gradient_boosting,2365,0.4692234522415812,0.16093366093366093,0.5238095238095238,0.5
ukzn_ISTN101_2019,ku_Accountancy_1819,UKZN,KU Leuven,D3_other_institution,raw,gradient_boosting,756,0.5908265327474367,0.8043478260869565,0.33333333333333337,0.5
ukzn_ISTN101_2019,ku_Globaleconom_1819,UKZN,KU Leuven,D3_other_institution,raw,gradient_boosting,743,0.5450717703349282,0.6830708661417323,0.14285714285714288,0.5
ukzn_ISTN101_2019,ukzn_ISTN101_2019,UKZN,UKZN,D0_within_cohort,raw,gradient_boosting,1056,0.6696188173115277,0.8982418753329782,1.0,1.0
ukzn_ISTN101_2019,ukzn_ISTN101_2020,UKZN,UKZN,D1_same_module,raw,gradient_boosting,978,0.6340480217921399,0.8188002473716759,0.14285714285714288,0.5
ukzn_ISTN101_2019,ukzn_ISTN101_2021,UKZN,UKZN,D1_same_module,raw,gradient_boosting,741,0.7146720044950133,0.9253731343283582,0.5238095238095238,1.0
ukzn_ISTN101_2019,ukzn_ISTN102_2018,UKZN,UKZN,D2_other_module,raw,gradient_boosting,257,0.5964052287581699,0.7458563535911602,0.23809523809523814,0.5
ukzn_ISTN101_2019,ukzn_ISTN103_2019,UKZN,UKZN,D2_other_module,raw,gradient_boosting,1113,0.5765846658466584,0.7433628318584071,0.33333333333333337,0.5
ukzn_ISTN101_2019,ukzn_ISTN103_2020,UKZN,UKZN,D2_other_module,raw,gradient_boosting,1082,0.6274852749426735,0.630716723549488,0.23809523809523814,0.5
ukzn_ISTN101_2019,ukzn_ISTN211_2019,UKZN,UKZN,D2_other_module,raw,gradient_boosting,280,0.6238152853397861,0.9449715370018975,-0.33333333333333337,0.2
ukzn_ISTN101_2019,ukzn_ISTN211_2021,UKZN,UKZN,D2_other_module,raw,gradient_boosting,327,0.8375711574952562,0.7584830339321357,0.6190476190476191,0.5
ukzn_ISTN101_2019,ukzn_ISTN212_2018,UKZN,UKZN,D2_other_module,raw,gradient_boosting,238,0.6138120899718837,0.7843137254901961,-0.14285714285714288,0.2
ukzn_ISTN101_2019,ukzn_ISTN212_2019,UKZN,UKZN,D2_other_module,raw,gradient_boosting,264,0.6722972972972974,0.8164251207729468,0.7142857142857143,0.5
ukzn_ISTN101_2019,ukzn_ISTN2IP_2018,UKZN,UKZN,D2_other_module,raw,gradient_boosting,99,0.5886486486486486,0.7659574468085106,-0.04761904761904762,0.2
ukzn_ISTN101_2019,ukzn_ISTN2IP_2019,UKZN,UKZN,D2_other_module,raw,gradient_boosting,116,0.6627435064935064,0.865979381443299,-0.04761904761904762,0.2
ukzn_ISTN101_2019,ukzn_ISTN3ND_2018,UKZN,UKZN,D2_other_module,raw,gradient_boosting,144,0.577636620286348,0.6844919786096256,0.7142857142857143,1.0
ukzn_ISTN101_2019,ukzn_ISTN3ND_2019,UKZN,UKZN,D2_other_module,raw,gradient_boosting,223,0.5182833925850685,0.23809523809523808,-0.04761904761904762,0.2
ukzn_ISTN101_2019,ukzn_ISTN3SA_2018,UKZN,UKZN,D2_other_module,raw,gradient_boosting,141,0.6063063063063063,0.8425531914893617,-0.04761904761904762,0.2
ukzn_ISTN101_2019,ukzn_ISTN3SA_2019,UKZN,UKZN,D2_other_module,raw,gradient_boosting,195,0.6094117647058823,0.9048991354466859,0.5238095238095238,0.5
ukzn_ISTN101_2020,oulad_BBB_2013B,UKZN,OULAD,D3_other_institution,raw,gradient_boosting,1767,0.7530849046366581,0.6245558626135018,-0.14285714285714288,0.2
ukzn_ISTN101_2020,oulad_BBB_2013J,UKZN,OULAD,D3_other_institution,raw,gradient_boosting,2237,0.6901183460380502,0.6429665951578302,-0.14285714285714288,0.2
ukzn_ISTN101_2020,oulad_BBB_2014B,UKZN,OULAD,D3_other_institution,raw,gradient_boosting,1613,0.6737396021250632,0.6204188481675392,-0.04761904761904762,0.5
ukzn_ISTN101_2020,oulad_BBB_2014J,UKZN,OULAD,D3_other_institution,raw,gradient_boosting,2292,0.6701476455896687,0.652511961722488,0.14285714285714288,0.2
ukzn_ISTN101_2020,oulad_DDD_2013B,UKZN,OULAD,D3_other_institution,raw,gradient_boosting,1303,0.7820092475830182,0.5687150837988827,-0.23809523809523814,0.0
ukzn_ISTN101_2020,oulad_DDD_2013J,UKZN,OULAD,D3_other_institution,raw,gradient_boosting,1938,0.8011548238396016,0.6010968921389397,-0.04761904761904762,0.2
ukzn_ISTN101_2020,oulad_DDD_2014B,UKZN,OULAD,D3_other_institution,raw,gradient_boosting,1228,0.7927145728054943,0.5612788632326821,-0.04761904761904762,0.2
ukzn_ISTN101_2020,oulad_DDD_2014J,UKZN,OULAD,D3_other_institution,raw,gradient_boosting,1803,0.7794550350188332,0.6127393513091052,-0.7142857142857143,0.2
ukzn_ISTN101_2020,oulad_FFF_2013B,UKZN,OULAD,D3_other_institution,raw,gradient_boosting,1614,0.7875478002655912,0.6581956797966964,0.14285714285714288,0.5
ukzn_ISTN101_2020,oulad_FFF_2013J,UKZN,OULAD,D3_other_institution,raw,gradient_boosting,2283,0.819331057915533,0.6487951807228916,-0.6190476190476191,0.0
ukzn_ISTN101_2020,oulad_FFF_2014B,UKZN,OULAD,D3_other_institution,raw,gradient_boosting,1500,0.8148057778645326,0.6117424242424242,-0.5238095238095238,0.0
ukzn_ISTN101_2020,oulad_FFF_2014J,UKZN,OULAD,D3_other_institution,raw,gradient_boosting,2365,0.8513349201156944,0.6446907817969662,-0.4285714285714286,0.0
ukzn_ISTN101_2020,ku_Accountancy_1819,UKZN,KU Leuven,D3_other_institution,raw,gradient_boosting,756,0.6049382716049383,0.829153605015674,0.4285714285714286,0.5
ukzn_ISTN101_2020,ku_Globaleconom_1819,UKZN,KU Leuven,D3_other_institution,raw,gradient_boosting,743,0.575391976444608,0.7094474153297683,0.4285714285714286,0.5
ukzn_ISTN101_2020,ukzn_ISTN101_2019,UKZN,UKZN,D1_same_module,raw,gradient_boosting,1056,0.6606719934184284,0.9033264033264033,0.6190476190476191,0.5
ukzn_ISTN101_2020,ukzn_ISTN101_2020,UKZN,UKZN,D0_within_cohort,raw,gradient_boosting,978,0.7177456558511456,0.9715489989462592,1.0,1.0
ukzn_ISTN101_2020,ukzn_ISTN101_2021,UKZN,UKZN,D1_same_module,raw,gradient_boosting,741,0.7609448892634735,0.9544807965860598,0.33333333333333337,0.2
ukzn_ISTN101_2020,ukzn_ISTN102_2018,UKZN,UKZN,D2_other_module,raw,gradient_boosting,257,0.6215375038904449,0.8058968058968059,0.33333333333333337,0.5
ukzn_ISTN101_2020,ukzn_ISTN103_2019,UKZN,UKZN,D2_other_module,raw,gradient_boosting,1113,0.614190241902419,0.8187535734705546,0.4285714285714286,0.5
ukzn_ISTN101_2020,ukzn_ISTN103_2020,UKZN,UKZN,D2_other_module,raw,gradient_boosting,1082,0.5748392608246032,0.8275862068965517,0.4285714285714286,0.5
ukzn_ISTN101_2020,ukzn_ISTN211_2019,UKZN,UKZN,D2_other_module,raw,gradient_boosting,280,0.7274652147610405,0.9648798521256932,0.33333333333333337,0.5
ukzn_ISTN101_2020,ukzn_ISTN211_2021,UKZN,UKZN,D2_other_module,raw,gradient_boosting,327,0.6740037950664136,0.9448051948051948,0.33333333333333337,0.5
ukzn_ISTN101_2020,ukzn_ISTN212_2018,UKZN,UKZN,D2_other_module,raw,gradient_boosting,238,0.6997422680412371,0.8771084337349397,0.33333333333333337,0.2
ukzn_ISTN101_2020,ukzn_ISTN212_2019,UKZN,UKZN,D2_other_module,raw,gradient_boosting,264,0.6383526383526383,0.8912579957356077,-0.23809523809523814,0.5
ukzn_ISTN101_2020,ukzn_ISTN2IP_2018,UKZN,UKZN,D2_other_module,raw,gradient_boosting,99,0.6740540540540542,0.8588957055214724,0.23809523809523814,0.2
ukzn_ISTN101_2020,ukzn_ISTN2IP_2019,UKZN,UKZN,D2_other_module,raw,gradient_boosting,116,0.6868912337662338,0.8669950738916257,-0.04761904761904762,0.2
ukzn_ISTN101_2020,ukzn_ISTN3ND_2018,UKZN,UKZN,D2_other_module,raw,gradient_boosting,144,0.5568663036902601,0.7410714285714286,0.14285714285714288,0.5
ukzn_ISTN101_2020,ukzn_ISTN3ND_2019,UKZN,UKZN,D2_other_module,raw,gradient_boosting,223,0.4809547993905535,0.8296703296703297,-0.4285714285714286,0.0
ukzn_ISTN101_2020,ukzn_ISTN3SA_2018,UKZN,UKZN,D2_other_module,raw,gradient_boosting,141,0.6490990990990991,0.8809523809523809,0.33333333333333337,0.5
ukzn_ISTN101_2020,ukzn_ISTN3SA_2019,UKZN,UKZN,D2_other_module,raw,gradient_boosting,195,0.6038823529411765,0.9315068493150684,0.23809523809523814,0.5
ukzn_ISTN101_2021,oulad_BBB_2013B,UKZN,OULAD,D3_other_institution,raw,gradient_boosting,1767,0.7795953194193972,0.7231430325352978,0.04761904761904762,0.5
ukzn_ISTN101_2021,oulad_BBB_2013J,UKZN,OULAD,D3_other_institution,raw,gradient_boosting,2237,0.7397892511690476,0.6438136047134441,-0.04761904761904762,0.2
ukzn_ISTN101_2021,oulad_BBB_2014B,UKZN,OULAD,D3_other_institution,raw,gradient_boosting,1613,0.7313630026609865,0.6309246309246309,-0.23809523809523814,0.0
ukzn_ISTN101_2021,oulad_BBB_2014J,UKZN,OULAD,D3_other_institution,raw,gradient_boosting,2292,0.7777556956627679,0.7255772646536413,0.23809523809523814,0.2
ukzn_ISTN101_2021,oulad_DDD_2013B,UKZN,OULAD,D3_other_institution,raw,gradient_boosting,1303,0.7812452093069258,0.6756949394155382,-0.14285714285714288,0.2
ukzn_ISTN101_2021,oulad_DDD_2013J,UKZN,OULAD,D3_other_institution,raw,gradient_boosting,1938,0.8019504851739415,0.7225871652349671,-0.33333333333333337,0.2
ukzn_ISTN101_2021,oulad_DDD_2014B,UKZN,OULAD,D3_other_institution,raw,gradient_boosting,1228,0.7972341688709511,0.6928327645051194,-0.33333333333333337,0.2
ukzn_ISTN101_2021,oulad_DDD_2014J,UKZN,OULAD,D3_other_institution,raw,gradient_boosting,1803,0.7981496468143352,0.7122668174109666,-0.14285714285714288,0.0
ukzn_ISTN101_2021,oulad_FFF_2013B,UKZN,OULAD,D3_other_institution,raw,gradient_boosting,1614,0.7635892620007869,0.7375677006400788,0.33333333333333337,0.5
ukzn_ISTN101_2021,oulad_FFF_2013J,UKZN,OULAD,D3_other_institution,raw,gradient_boosting,2283,0.8296411604630782,0.7545787545787546,0.4285714285714286,0.5
ukzn_ISTN101_2021,oulad_FFF_2014B,UKZN,OULAD,D3_other_institution,raw,gradient_boosting,1500,0.8100866824271079,0.7249417249417249,-0.23809523809523814,0.2
ukzn_ISTN101_2021,oulad_FFF_2014J,UKZN,OULAD,D3_other_institution,raw,gradient_boosting,2365,0.8622447662006748,0.7726608187134503,0.14285714285714288,0.5
ukzn_ISTN101_2021,ku_Accountancy_1819,UKZN,KU Leuven,D3_other_institution,raw,gradient_boosting,756,0.5720611006486712,0.6027088036117382,0.33333333333333337,0.5
ukzn_ISTN101_2021,ku_Globaleconom_1819,UKZN,KU Leuven,D3_other_institution,raw,gradient_boosting,743,0.5701582627898418,0.33273703041144903,0.5238095238095238,0.5
ukzn_ISTN101_2021,ukzn_ISTN101_2019,UKZN,UKZN,D1_same_module,raw,gradient_boosting,1056,0.6065765855604308,0.79,0.23809523809523814,0.5
ukzn_ISTN101_2021,ukzn_ISTN101_2020,UKZN,UKZN,D1_same_module,raw,gradient_boosting,978,0.6293688627226994,0.7882653061224489,0.14285714285714288,0.5
ukzn_ISTN101_2021,ukzn_ISTN101_2021,UKZN,UKZN,D0_within_cohort,raw,gradient_boosting,741,0.7943999625415555,0.952449567723343,1.0,1.0
ukzn_ISTN101_2021,ukzn_ISTN102_2018,UKZN,UKZN,D2_other_module,raw,gradient_boosting,257,0.5138499844382197,0.35856573705179284,-0.4285714285714286,0.2
ukzn_ISTN101_2021,ukzn_ISTN103_2019,UKZN,UKZN,D2_other_module,raw,gradient_boosting,1113,0.5683743337433375,0.40398550724637683,-0.23809523809523814,0.2
ukzn_ISTN101_2021,ukzn_ISTN103_2020,UKZN,UKZN,D2_other_module,raw,gradient_boosting,1082,0.5577087361179802,0.5287187039764359,0.33333333333333337,0.5
ukzn_ISTN101_2021,ukzn_ISTN211_2019,UKZN,UKZN,D2_other_module,raw,gradient_boosting,280,0.6626335954829604,0.8193832599118943,-0.14285714285714288,0.2
ukzn_ISTN101_2021,ukzn_ISTN211_2021,UKZN,UKZN,D2_other_module,raw,gradient_boosting,327,0.7408918406072105,0.7719298245614035,0.14285714285714288,0.2
ukzn_ISTN101_2021,ukzn_ISTN212_2018,UKZN,UKZN,D2_other_module,raw,gradient_boosting,238,0.6570407685098407,0.4943820224719101,0.8095238095238096,0.5
ukzn_ISTN101_2021,ukzn_ISTN212_2019,UKZN,UKZN,D2_other_module,raw,gradient_boosting,264,0.5852638352638353,0.4181184668989547,-0.04761904761904762,0.2
ukzn_ISTN101_2021,ukzn_ISTN2IP_2018,UKZN,UKZN,D2_other_module,raw,gradient_boosting,99,0.5375675675675676,0.2988505747126437,-0.33333333333333337,0.0
ukzn_ISTN101_2021,ukzn_ISTN2IP_2019,UKZN,UKZN,D2_other_module,raw,gradient_boosting,116,0.6828327922077922,0.6805555555555556,0.33333333333333337,0.5
ukzn_ISTN101_2021,ukzn_ISTN3ND_2018,UKZN,UKZN,D2_other_module,raw,gradient_boosting,144,0.5134099616858238,0.25,-0.04761904761904762,0.2
ukzn_ISTN101_2021,ukzn_ISTN3ND_2019,UKZN,UKZN,D2_other_module,raw,gradient_boosting,223,0.7085449466734383,0.7588424437299035,0.6190476190476191,1.0
ukzn_ISTN101_2021,ukzn_ISTN3SA_2018,UKZN,UKZN,D2_other_module,raw,gradient_boosting,141,0.6174174174174174,0.6989247311827957,0.23809523809523814,0.5
ukzn_ISTN101_2021,ukzn_ISTN3SA_2019,UKZN,UKZN,D2_other_module,raw,gradient_boosting,195,0.6148235294117647,0.7137809187279152,0.04761904761904762,0.2
ukzn_ISTN102_2018,oulad_BBB_2013B,UKZN,OULAD,D3_other_institution,raw,gradient_boosting,1767,0.8151724859577414,0.7477203647416414,0.4285714285714286,0.5
ukzn_ISTN102_2018,oulad_BBB_2013J,UKZN,OULAD,D3_other_institution,raw,gradient_boosting,2237,0.7962330247902121,0.7526161573880285,0.04761904761904762,0.5
ukzn_ISTN102_2018,oulad_BBB_2014B,UKZN,OULAD,D3_other_institution,raw,gradient_boosting,1613,0.8056206743443013,0.7506024096385542,0.04761904761904762,0.2
ukzn_ISTN102_2018,oulad_BBB_2014J,UKZN,OULAD,D3_other_institution,raw,gradient_boosting,2292,0.7867012365984405,0.7733654231849177,0.5238095238095238,0.5
ukzn_ISTN102_2018,oulad_DDD_2013B,UKZN,OULAD,D3_other_institution,raw,gradient_boosting,1303,0.7722152164775116,0.6671043992120814,0.04761904761904762,0.5
ukzn_ISTN102_2018,oulad_DDD_2013J,UKZN,OULAD,D3_other_institution,raw,gradient_boosting,1938,0.8085768267307403,0.7055214723926381,-0.23809523809523814,0.2
ukzn_ISTN102_2018,oulad_DDD_2014B,UKZN,OULAD,D3_other_institution,raw,gradient_boosting,1228,0.7984800889704017,0.6844444444444444,-0.33333333333333337,0.2
ukzn_ISTN102_2018,oulad_DDD_2014J,UKZN,OULAD,D3_other_institution,raw,gradient_boosting,1803,0.7876196435172697,0.717089516515079,-0.04761904761904762,0.2
ukzn_ISTN102_2018,oulad_FFF_2013B,UKZN,OULAD,D3_other_institution,raw,gradient_boosting,1614,0.7487442824119614,0.7297811607992388,0.04761904761904762,0.5
ukzn_ISTN102_2018,oulad_FFF_2013J,UKZN,OULAD,D3_other_institution,raw,gradient_boosting,2283,0.8051465953292437,0.7495609413417632,0.5238095238095238,0.5
ukzn_ISTN102_2018,oulad_FFF_2014B,UKZN,OULAD,D3_other_institution,raw,gradient_boosting,1500,0.8012883076322468,0.7165354330708661,-0.23809523809523814,0.2
ukzn_ISTN102_2018,oulad_FFF_2014J,UKZN,OULAD,D3_other_institution,raw,gradient_boosting,2365,0.8347906336799578,0.7617379117028732,0.23809523809523814,0.5
ukzn_ISTN102_2018,ku_Accountancy_1819,UKZN,KU Leuven,D3_other_institution,raw,gradient_boosting,756,0.5834944549068843,0.7911714770797963,0.04761904761904762,0.2
ukzn_ISTN102_2018,ku_Globaleconom_1819,UKZN,KU Leuven,D3_other_institution,raw,gradient_boosting,743,0.5500772911299228,0.6714876033057852,0.14285714285714288,0.2
ukzn_ISTN102_2018,ukzn_ISTN101_2019,UKZN,UKZN,D2_other_module,raw,gradient_boosting,1056,0.587333590945353,0.8900747065101388,0.4285714285714286,0.5
ukzn_ISTN102_2018,ukzn_ISTN101_2020,UKZN,UKZN,D2_other_module,raw,gradient_boosting,978,0.5576437248742339,0.8942252715837622,0.14285714285714288,0.5
ukzn_ISTN102_2018,ukzn_ISTN101_2021,UKZN,UKZN,D2_other_module,raw,gradient_boosting,741,0.4023154001030107,0.8962406015037594,-0.5238095238095238,0.0
ukzn_ISTN102_2018,ukzn_ISTN102_2018,UKZN,UKZN,D0_within_cohort,raw,gradient_boosting,257,0.5453625894802365,0.7960687960687961,1.0,1.0
ukzn_ISTN102_2018,ukzn_ISTN103_2019,UKZN,UKZN,D2_other_module,raw,gradient_boosting,1113,0.5798646986469864,0.8126737076153419,0.04761904761904762,0.5
ukzn_ISTN102_2018,ukzn_ISTN103_2020,UKZN,UKZN,D2_other_module,raw,gradient_boosting,1082,0.6465491659547683,0.8509695290858725,0.14285714285714288,0.5
ukzn_ISTN102_2018,ukzn_ISTN211_2019,UKZN,UKZN,D2_other_module,raw,gradient_boosting,280,0.5725952813067151,0.9532710280373832,-0.23809523809523814,0.5
ukzn_ISTN102_2018,ukzn_ISTN211_2021,UKZN,UKZN,D2_other_module,raw,gradient_boosting,327,0.749146110056926,0.893542757417103,0.23809523809523814,0.5
ukzn_ISTN102_2018,ukzn_ISTN212_2018,UKZN,UKZN,D2_other_module,raw,gradient_boosting,238,0.6131677600749765,0.8656716417910447,0.5238095238095238,1.0
ukzn_ISTN102_2018,ukzn_ISTN212_2019,UKZN,UKZN,D2_other_module,raw,gradient_boosting,264,0.6544401544401546,0.8845315904139434,0.23809523809523814,0.5
ukzn_ISTN102_2018,ukzn_ISTN2IP_2018,UKZN,UKZN,D2_other_module,raw,gradient_boosting,99,0.5294594594594595,0.8050314465408805,-0.04761904761904762,0.2
ukzn_ISTN102_2018,ukzn_ISTN2IP_2019,UKZN,UKZN,D2_other_module,raw,gradient_boosting,116,0.6698457792207793,0.8656716417910447,0.4285714285714286,0.5
ukzn_ISTN102_2018,ukzn_ISTN3ND_2018,UKZN,UKZN,D2_other_module,raw,gradient_boosting,144,0.5353901996370235,0.7246376811594203,0.5238095238095238,1.0
ukzn_ISTN102_2018,ukzn_ISTN3ND_2019,UKZN,UKZN,D2_other_module,raw,gradient_boosting,223,0.46711528694768917,0.8682170542635659,-0.14285714285714288,0.2
ukzn_ISTN102_2018,ukzn_ISTN3SA_2018,UKZN,UKZN,D2_other_module,raw,gradient_boosting,141,0.5968468468468469,0.859504132231405,0.14285714285714288,0.2
ukzn_ISTN102_2018,ukzn_ISTN3SA_2019,UKZN,UKZN,D2_other_module,raw,gradient_boosting,195,0.5378823529411765,0.8895348837209303,0.04761904761904762,0.2
ukzn_ISTN103_2019,oulad_BBB_2013B,UKZN,OULAD,D3_other_institution,raw,gradient_boosting,1767,0.7458441632260766,0.6649594536918481,0.23809523809523814,0.5
ukzn_ISTN103_2019,oulad_BBB_2013J,UKZN,OULAD,D3_other_institution,raw,gradient_boosting,2237,0.7260517423611555,0.6642238507661559,0.04761904761904762,0.5
ukzn_ISTN103_2019,oulad_BBB_2014B,UKZN,OULAD,D3_other_institution,raw,gradient_boosting,1613,0.7581972048773369,0.6363636363636364,0.4285714285714286,0.5
ukzn_ISTN103_2019,oulad_BBB_2014J,UKZN,OULAD,D3_other_institution,raw,gradient_boosting,2292,0.7772333394249512,0.69965112591183,0.14285714285714288,0.5
ukzn_ISTN103_2019,oulad_DDD_2013B,UKZN,OULAD,D3_other_institution,raw,gradient_boosting,1303,0.7423287095418244,0.6189320388349514,0.04761904761904762,0.2
ukzn_ISTN103_2019,oulad_DDD_2013J,UKZN,OULAD,D3_other_institution,raw,gradient_boosting,1938,0.7174657180367668,0.6537242472266244,0.23809523809523814,0.5
ukzn_ISTN103_2019,oulad_DDD_2014B,UKZN,OULAD,D3_other_institution,raw,gradient_boosting,1228,0.6305233700605679,0.6167741935483871,0.4285714285714286,0.5
ukzn_ISTN103_2019,oulad_DDD_2014J,UKZN,OULAD,D3_other_institution,raw,gradient_boosting,1803,0.6686617660282349,0.6630160067396799,-0.04761904761904762,0.2
ukzn_ISTN103_2019,oulad_FFF_2013B,UKZN,OULAD,D3_other_institution,raw,gradient_boosting,1614,0.7767927405075743,0.6939866369710468,-0.33333333333333337,0.2
ukzn_ISTN103_2019,oulad_FFF_2013J,UKZN,OULAD,D3_other_institution,raw,gradient_boosting,2283,0.776112725427794,0.706845725515886,-0.04761904761904762,0.5
ukzn_ISTN103_2019,oulad_FFF_2014B,UKZN,OULAD,D3_other_institution,raw,gradient_boosting,1500,0.7674675212006854,0.6545820745216515,-0.04761904761904762,0.2
ukzn_ISTN103_2019,oulad_FFF_2014J,UKZN,OULAD,D3_other_institution,raw,gradient_boosting,2365,0.7949568010697152,0.7165532879818595,-0.23809523809523814,0.2
ukzn_ISTN103_2019,ku_Accountancy_1819,UKZN,KU Leuven,D3_other_institution,raw,gradient_boosting,756,0.5409290646578783,0.7698961937716263,-0.04761904761904762,0.2
ukzn_ISTN103_2019,ku_Globaleconom_1819,UKZN,KU Leuven,D3_other_institution,raw,gradient_boosting,743,0.5945785793154215,0.7062043795620438,0.23809523809523814,0.5
ukzn_ISTN103_2019,ukzn_ISTN101_2019,UKZN,UKZN,D2_other_module,raw,gradient_boosting,1056,0.546005559433586,0.8987939171473519,0.5238095238095238,0.5
ukzn_ISTN103_2019,ukzn_ISTN101_2020,UKZN,UKZN,D2_other_module,raw,gradient_boosting,978,0.6927242371652643,0.8676557863501484,-0.04761904761904762,0.2
ukzn_ISTN103_2019,ukzn_ISTN101_2021,UKZN,UKZN,D2_other_module,raw,gradient_boosting,741,0.7505501709041532,0.9516943042537851,0.33333333333333337,0.5
ukzn_ISTN103_2019,ukzn_ISTN102_2018,UKZN,UKZN,D2_other_module,raw,gradient_boosting,257,0.5692888266417677,0.8151658767772512,0.04761904761904762,0.5
ukzn_ISTN103_2019,ukzn_ISTN103_2019,UKZN,UKZN,D0_within_cohort,raw,gradient_boosting,1113,0.6532164821648216,0.8254665203073546,1.0,1.0
ukzn_ISTN103_2019,ukzn_ISTN103_2020,UKZN,UKZN,D1_same_module,raw,gradient_boosting,1082,0.6042893754777213,0.7920560747663551,0.4285714285714286,0.5
ukzn_ISTN103_2019,ukzn_ISTN211_2019,UKZN,UKZN,D2_other_module,raw,gradient_boosting,280,0.593063117564025,0.9628252788104089,-0.04761904761904762,0.5
ukzn_ISTN103_2019,ukzn_ISTN211_2021,UKZN,UKZN,D2_other_module,raw,gradient_boosting,327,0.6212523719165086,0.8449197860962567,0.14285714285714288,0.5
ukzn_ISTN103_2019,ukzn_ISTN212_2018,UKZN,UKZN,D2_other_module,raw,gradient_boosting,238,0.7128045923149016,0.86810551558753,-0.04761904761904762,0.2
ukzn_ISTN103_2019,ukzn_ISTN212_2019,UKZN,UKZN,D2_other_module,raw,gradient_boosting,264,0.712087087087087,0.8940677966101694,0.4285714285714286,0.5
ukzn_ISTN103_2019,ukzn_ISTN2IP_2018,UKZN,UKZN,D2_other_module,raw,gradient_boosting,99,0.7005405405405406,0.8363636363636363,0.04761904761904762,0.2
ukzn_ISTN103_2019,ukzn_ISTN2IP_2019,UKZN,UKZN,D2_other_module,raw,gradient_boosting,116,0.6917613636363636,0.8669950738916257,0.14285714285714288,0.5
ukzn_ISTN103_2019,ukzn_ISTN3ND_2018,UKZN,UKZN,D2_other_module,raw,gradient_boosting,144,0.6294615849969752,0.7230046948356808,0.7142857142857143,1.0
ukzn_ISTN103_2019,ukzn_ISTN3ND_2019,UKZN,UKZN,D2_other_module,raw,gradient_boosting,223,0.6491239207719655,0.7492063492063492,0.04761904761904762,0.5
ukzn_ISTN103_2019,ukzn_ISTN3SA_2018,UKZN,UKZN,D2_other_module,raw,gradient_boosting,141,0.5866366366366366,0.8755020080321285,0.4285714285714286,0.5
ukzn_ISTN103_2019,ukzn_ISTN3SA_2019,UKZN,UKZN,D2_other_module,raw,gradient_boosting,195,0.5461176470588236,0.925207756232687,0.04761904761904762,0.5
ukzn_ISTN103_2020,oulad_BBB_2013B,UKZN,OULAD,D3_other_institution,raw,gradient_boosting,1767,0.7936737493734595,0.6405124099279423,0.14285714285714288,0.2
ukzn_ISTN103_2020,oulad_BBB_2013J,UKZN,OULAD,D3_other_institution,raw,gradient_boosting,2237,0.8014573057459483,0.66167290886392,-0.04761904761904762,0.2
ukzn_ISTN103_2020,oulad_BBB_2014B,UKZN,OULAD,D3_other_institution,raw,gradient_boosting,1613,0.8017891020645156,0.6330680813439434,0.04761904761904762,0.2
ukzn_ISTN103_2020,oulad_BBB_2014J,UKZN,OULAD,D3_other_institution,raw,gradient_boosting,2292,0.8185261330409356,0.6822541966426858,0.23809523809523814,0.5
ukzn_ISTN103_2020,oulad_DDD_2013B,UKZN,OULAD,D3_other_institution,raw,gradient_boosting,1303,0.7489169942882575,0.5772495755517827,-0.7142857142857143,0.0
ukzn_ISTN103_2020,oulad_DDD_2013J,UKZN,OULAD,D3_other_institution,raw,gradient_boosting,1938,0.7829487002385352,0.612139156180607,-0.7142857142857143,0.0
ukzn_ISTN103_2020,oulad_DDD_2014B,UKZN,OULAD,D3_other_institution,raw,gradient_boosting,1228,0.8225023761675274,0.5769462884731442,0.23809523809523814,0.2
ukzn_ISTN103_2020,oulad_DDD_2014J,UKZN,OULAD,D3_other_institution,raw,gradient_boosting,1803,0.7792477195296186,0.6275752773375595,0.14285714285714288,0.5
ukzn_ISTN103_2020,oulad_FFF_2013B,UKZN,OULAD,D3_other_institution,raw,gradient_boosting,1614,0.6823303474818021,0.6596372838464782,-0.14285714285714288,0.2
ukzn_ISTN103_2020,oulad_FFF_2013J,UKZN,OULAD,D3_other_institution,raw,gradient_boosting,2283,0.750925157203696,0.6626287098728043,0.14285714285714288,0.2
ukzn_ISTN103_2020,oulad_FFF_2014B,UKZN,OULAD,D3_other_institution,raw,gradient_boosting,1500,0.7386757976012319,0.6174242424242424,-0.6190476190476191,0.0
ukzn_ISTN103_2020,oulad_FFF_2014J,UKZN,OULAD,D3_other_institution,raw,gradient_boosting,2365,0.8120943375111906,0.6537898741586187,0.14285714285714288,0.2
ukzn_ISTN103_2020,ku_Accountancy_1819,UKZN,KU Leuven,D3_other_institution,raw,gradient_boosting,756,0.6403599079305293,0.8235294117647058,0.33333333333333337,0.5
ukzn_ISTN103_2020,ku_Globaleconom_1819,UKZN,KU Leuven,D3_other_institution,raw,gradient_boosting,743,0.5986013986013985,0.7073386383731212,0.33333333333333337,0.5
ukzn_ISTN103_2020,ukzn_ISTN101_2019,UKZN,UKZN,D2_other_module,raw,gradient_boosting,1056,0.6083435131631432,0.9044652128764278,0.14285714285714288,0.5
ukzn_ISTN103_2020,ukzn_ISTN101_2020,UKZN,UKZN,D2_other_module,raw,gradient_boosting,978,0.7221831682080797,0.9654439128123339,-0.14285714285714288,0.5
ukzn_ISTN103_2020,ukzn_ISTN101_2021,UKZN,UKZN,D2_other_module,raw,gradient_boosting,741,0.649435782179145,0.9554770318021202,0.33333333333333337,0.5
ukzn_ISTN103_2020,ukzn_ISTN102_2018,UKZN,UKZN,D2_other_module,raw,gradient_boosting,257,0.6244553376906318,0.8475336322869955,0.23809523809523814,0.5
ukzn_ISTN103_2020,ukzn_ISTN103_2019,UKZN,UKZN,D1_same_module,raw,gradient_boosting,1113,0.6393644936449364,0.8431474726420011,0.04761904761904762,0.5
ukzn_ISTN103_2020,ukzn_ISTN103_2020,UKZN,UKZN,D0_within_cohort,raw,gradient_boosting,1082,0.6516613461624926,0.9375307427447123,1.0,1.0
ukzn_ISTN103_2020,ukzn_ISTN211_2019,UKZN,UKZN,D2_other_module,raw,gradient_boosting,280,0.7224238757814074,0.9629629629629629,0.14285714285714288,0.5
ukzn_ISTN103_2020,ukzn_ISTN211_2021,UKZN,UKZN,D2_other_module,raw,gradient_boosting,327,0.7373814041745731,0.9716088328075709,0.23809523809523814,0.2
ukzn_ISTN103_2020,ukzn_ISTN212_2018,UKZN,UKZN,D2_other_module,raw,gradient_boosting,238,0.7408036551077788,0.8976744186046511,0.14285714285714288,0.5
ukzn_ISTN103_2020,ukzn_ISTN212_2019,UKZN,UKZN,D2_other_module,raw,gradient_boosting,264,0.7486593736593735,0.9135802469135802,0.7142857142857143,0.5
ukzn_ISTN103_2020,ukzn_ISTN2IP_2018,UKZN,UKZN,D2_other_module,raw,gradient_boosting,99,0.6013513513513514,0.8488372093023255,-0.33333333333333337,0.0
ukzn_ISTN103_2020,ukzn_ISTN2IP_2019,UKZN,UKZN,D2_other_module,raw,gradient_boosting,116,0.768060064935065,0.8627450980392157,0.14285714285714288,0.5
ukzn_ISTN103_2020,ukzn_ISTN3ND_2018,UKZN,UKZN,D2_other_module,raw,gradient_boosting,144,0.5507158701351079,0.7368421052631579,-0.04761904761904762,0.2
ukzn_ISTN103_2020,ukzn_ISTN3ND_2019,UKZN,UKZN,D2_other_module,raw,gradient_boosting,223,0.6522981208735399,0.8675324675324675,0.14285714285714288,0.2
ukzn_ISTN103_2020,ukzn_ISTN3SA_2018,UKZN,UKZN,D2_other_module,raw,gradient_boosting,141,0.5965465465465466,0.8809523809523809,0.33333333333333337,0.5
ukzn_ISTN103_2020,ukzn_ISTN3SA_2019,UKZN,UKZN,D2_other_module,raw,gradient_boosting,195,0.5991764705882353,0.9340659340659341,0.23809523809523814,0.5
ukzn_ISTN211_2019,oulad_BBB_2013B,UKZN,OULAD,D3_other_institution,raw,gradient_boosting,1767,0.7222164807283888,0.7176684881602914,0.14285714285714288,0.2
ukzn_ISTN211_2019,oulad_BBB_2013J,UKZN,OULAD,D3_other_institution,raw,gradient_boosting,2237,0.6899281756453782,0.7047075606276747,0.14285714285714288,0.2
ukzn_ISTN211_2019,oulad_BBB_2014B,UKZN,OULAD,D3_other_institution,raw,gradient_boosting,1613,0.6512260099794759,0.659233449477352,0.4285714285714286,0.5
ukzn_ISTN211_2019,oulad_BBB_2014J,UKZN,OULAD,D3_other_institution,raw,gradient_boosting,2292,0.6912398726851852,0.7128392061563386,0.7142857142857143,0.5
ukzn_ISTN211_2019,oulad_DDD_2013B,UKZN,OULAD,D3_other_institution,raw,gradient_boosting,1303,0.6530067007887644,0.6254545454545455,-0.5238095238095238,0.0
ukzn_ISTN211_2019,oulad_DDD_2013J,UKZN,OULAD,D3_other_institution,raw,gradient_boosting,1938,0.7626253452125987,0.7129367327667611,-0.14285714285714288,0.2
ukzn_ISTN211_2019,oulad_DDD_2014B,UKZN,OULAD,D3_other_institution,raw,gradient_boosting,1228,0.7504661748023111,0.6886792452830188,0.23809523809523814,0.5
ukzn_ISTN211_2019,oulad_DDD_2014J,UKZN,OULAD,D3_other_institution,raw,gradient_boosting,1803,0.7172422793713595,0.6990191017036654,-0.14285714285714288,0.5
ukzn_ISTN211_2019,oulad_FFF_2013B,UKZN,OULAD,D3_other_institution,raw,gradient_boosting,1614,0.5446140935471179,0.5648267008985879,-0.5238095238095238,0.0
ukzn_ISTN211_2019,oulad_FFF_2013J,UKZN,OULAD,D3_other_institution,raw,gradient_boosting,2283,0.6221215196101041,0.6400359066427289,-0.23809523809523814,0.2
ukzn_ISTN211_2019,oulad_FFF_2014B,UKZN,OULAD,D3_other_institution,raw,gradient_boosting,1500,0.5896366061552476,0.5908440629470673,-0.4285714285714286,0.0
ukzn_ISTN211_2019,oulad_FFF_2014J,UKZN,OULAD,D3_other_institution,raw,gradient_boosting,2365,0.6703011299726832,0.6820194862710364,0.04761904761904762,0.2
ukzn_ISTN211_2019,ku_Accountancy_1819,UKZN,KU Leuven,D3_other_institution,raw,gradient_boosting,756,0.4864741577735928,0.7393939393939394,0.04761904761904762,0.2
ukzn_ISTN211_2019,ku_Globaleconom_1819,UKZN,KU Leuven,D3_other_institution,raw,gradient_boosting,743,0.5823260949576738,0.7128532360984503,0.23809523809523814,0.2
ukzn_ISTN211_2019,ukzn_ISTN101_2019,UKZN,UKZN,D2_other_module,raw,gradient_boosting,1056,0.6364959363781412,0.8983675618746709,0.4285714285714286,0.5
ukzn_ISTN211_2019,ukzn_ISTN101_2020,UKZN,UKZN,D2_other_module,raw,gradient_boosting,978,0.6582346609257266,0.8454600120264583,0.14285714285714288,0.5
ukzn_ISTN211_2019,ukzn_ISTN101_2021,UKZN,UKZN,D2_other_module,raw,gradient_boosting,741,0.36035023645643116,0.352803738317757,-0.23809523809523814,0.0
ukzn_ISTN211_2019,ukzn_ISTN102_2018,UKZN,UKZN,D2_other_module,raw,gradient_boosting,257,0.5193744164332399,0.8125,0.4285714285714286,1.0
ukzn_ISTN211_2019,ukzn_ISTN103_2019,UKZN,UKZN,D2_other_module,raw,gradient_boosting,1113,0.565830258302583,0.8144846796657381,0.23809523809523814,1.0
ukzn_ISTN211_2019,ukzn_ISTN103_2020,UKZN,UKZN,D2_other_module,raw,gradient_boosting,1082,0.4928960028775685,0.8254847645429363,0.23809523809523814,0.5
ukzn_ISTN211_2019,ukzn_ISTN211_2019,UKZN,UKZN,D0_within_cohort,raw,gradient_boosting,280,0.7341197822141561,0.9473684210526315,1.0,1.0
ukzn_ISTN211_2019,ukzn_ISTN211_2021,UKZN,UKZN,D1_same_module,raw,gradient_boosting,327,0.551707779886148,0.7544204322200393,0.14285714285714288,0.2
ukzn_ISTN211_2019,ukzn_ISTN212_2018,UKZN,UKZN,D2_other_module,raw,gradient_boosting,238,0.6318533270852857,0.8358974358974359,-0.33333333333333337,0.2
ukzn_ISTN211_2019,ukzn_ISTN212_2019,UKZN,UKZN,D2_other_module,raw,gradient_boosting,264,0.6073037323037322,0.8855291576673866,0.14285714285714288,0.5
ukzn_ISTN211_2019,ukzn_ISTN2IP_2018,UKZN,UKZN,D2_other_module,raw,gradient_boosting,99,0.42648648648648646,0.697986577181208,0.14285714285714288,0.5
ukzn_ISTN211_2019,ukzn_ISTN2IP_2019,UKZN,UKZN,D2_other_module,raw,gradient_boosting,116,0.6434659090909091,0.8601036269430051,0.23809523809523814,0.5
ukzn_ISTN211_2019,ukzn_ISTN3ND_2018,UKZN,UKZN,D2_other_module,raw,gradient_boosting,144,0.5600927606372252,0.696078431372549,0.6190476190476191,0.5
ukzn_ISTN211_2019,ukzn_ISTN3ND_2019,UKZN,UKZN,D2_other_module,raw,gradient_boosting,223,0.2938039614017268,0.3534136546184739,-0.23809523809523814,0.2
ukzn_ISTN211_2019,ukzn_ISTN3SA_2018,UKZN,UKZN,D2_other_module,raw,gradient_boosting,141,0.7276276276276277,0.8734693877551021,0.5238095238095238,0.5
ukzn_ISTN211_2019,ukzn_ISTN3SA_2019,UKZN,UKZN,D2_other_module,raw,gradient_boosting,195,0.6308235294117648,0.9116809116809117,-0.04761904761904762,0.2
ukzn_ISTN211_2021,oulad_BBB_2013B,UKZN,OULAD,D3_other_institution,raw,gradient_boosting,1767,0.8326019387876377,0.6285939346199291,0.23809523809523814,0.2
ukzn_ISTN211_2021,oulad_BBB_2013J,UKZN,OULAD,D3_other_institution,raw,gradient_boosting,2237,0.8154009992953686,0.6495356037151703,-0.04761904761904762,0.2
ukzn_ISTN211_2021,oulad_BBB_2014B,UKZN,OULAD,D3_other_institution,raw,gradient_boosting,1613,0.8215485575713918,0.6182136602451839,0.33333333333333337,0.5
ukzn_ISTN211_2021,oulad_BBB_2014J,UKZN,OULAD,D3_other_institution,raw,gradient_boosting,2292,0.8242267452485379,0.6686373041678983,0.7142857142857143,0.5
ukzn_ISTN211_2021,oulad_DDD_2013B,UKZN,OULAD,D3_other_institution,raw,gradient_boosting,1303,0.7595480058353732,0.5672969966629589,-0.33333333333333337,0.2
ukzn_ISTN211_2021,oulad_DDD_2013J,UKZN,OULAD,D3_other_institution,raw,gradient_boosting,1938,0.8004967580743582,0.6042274052478134,-0.33333333333333337,0.0
ukzn_ISTN211_2021,oulad_DDD_2014B,UKZN,OULAD,D3_other_institution,raw,gradient_boosting,1228,0.8282079655267568,0.5660153937240971,-0.04761904761904762,0.2
ukzn_ISTN211_2021,oulad_DDD_2014J,UKZN,OULAD,D3_other_institution,raw,gradient_boosting,1803,0.7978199402531746,0.6134160527336177,0.4285714285714286,0.5
ukzn_ISTN211_2021,oulad_FFF_2013B,UKZN,OULAD,D3_other_institution,raw,gradient_boosting,1614,0.7666440217391304,0.6549413735343383,-0.04761904761904762,0.2
ukzn_ISTN211_2021,oulad_FFF_2013J,UKZN,OULAD,D3_other_institution,raw,gradient_boosting,2283,0.8159029411312516,0.652355396541443,0.5238095238095238,0.5
ukzn_ISTN211_2021,oulad_FFF_2014B,UKZN,OULAD,D3_other_institution,raw,gradient_boosting,1500,0.8081301826909869,0.6088578088578088,-0.14285714285714288,0.2
ukzn_ISTN211_2021,oulad_FFF_2014J,UKZN,OULAD,D3_other_institution,raw,gradient_boosting,2365,0.8411535448660561,0.6456647398843931,-0.04761904761904762,0.5
ukzn_ISTN211_2021,ku_Accountancy_1819,UKZN,KU Leuven,D3_other_institution,raw,gradient_boosting,756,0.6098263234986399,0.8237129485179407,0.5238095238095238,0.5
ukzn_ISTN211_2021,ku_Globaleconom_1819,UKZN,KU Leuven,D3_other_institution,raw,gradient_boosting,743,0.6132462274567537,0.7149161518093556,0.8095238095238096,1.0
ukzn_ISTN211_2021,ukzn_ISTN101_2019,UKZN,UKZN,D2_other_module,raw,gradient_boosting,1056,0.6174897786198643,0.9021852237252862,0.4285714285714286,0.5
ukzn_ISTN211_2021,ukzn_ISTN101_2020,UKZN,UKZN,D2_other_module,raw,gradient_boosting,978,0.6531051602557062,0.9666490206458443,-0.23809523809523814,0.2
ukzn_ISTN211_2021,ukzn_ISTN101_2021,UKZN,UKZN,D2_other_module,raw,gradient_boosting,741,0.7204429461066628,0.9566453447050463,0.6190476190476191,1.0
ukzn_ISTN211_2021,ukzn_ISTN102_2018,UKZN,UKZN,D2_other_module,raw,gradient_boosting,257,0.6250389044506691,0.827906976744186,0.5238095238095238,1.0
ukzn_ISTN211_2021,ukzn_ISTN103_2019,UKZN,UKZN,D2_other_module,raw,gradient_boosting,1113,0.6122222222222222,0.8286171916711158,0.4285714285714286,0.5
ukzn_ISTN211_2021,ukzn_ISTN103_2020,UKZN,UKZN,D2_other_module,raw,gradient_boosting,1082,0.6006114832966143,0.9130434782608695,0.5238095238095238,0.5
ukzn_ISTN211_2021,ukzn_ISTN211_2019,UKZN,UKZN,D1_same_module,raw,gradient_boosting,280,0.6019358741681791,0.9648798521256932,-0.5238095238095238,0.2
ukzn_ISTN211_2021,ukzn_ISTN211_2021,UKZN,UKZN,D0_within_cohort,raw,gradient_boosting,327,0.802371916508539,0.9667194928684627,1.0,1.0
ukzn_ISTN211_2021,ukzn_ISTN212_2018,UKZN,UKZN,D2_other_module,raw,gradient_boosting,238,0.6554592314901593,0.8925233644859814,0.33333333333333337,0.5
ukzn_ISTN211_2021,ukzn_ISTN212_2019,UKZN,UKZN,D2_other_module,raw,gradient_boosting,264,0.6828614328614329,0.8972746331236897,0.6190476190476191,1.0
ukzn_ISTN211_2021,ukzn_ISTN2IP_2018,UKZN,UKZN,D2_other_module,raw,gradient_boosting,99,0.6767567567567568,0.863905325443787,-0.33333333333333337,0.2
ukzn_ISTN211_2021,ukzn_ISTN2IP_2019,UKZN,UKZN,D2_other_module,raw,gradient_boosting,116,0.6284496753246753,0.8669950738916257,0.6190476190476191,1.0
ukzn_ISTN211_2021,ukzn_ISTN3ND_2018,UKZN,UKZN,D2_other_module,raw,gradient_boosting,144,0.5465819721718089,0.748898678414097,0.4285714285714286,1.0
ukzn_ISTN211_2021,ukzn_ISTN3ND_2019,UKZN,UKZN,D2_other_module,raw,gradient_boosting,223,0.422739969527679,0.8279569892473119,-0.14285714285714288,0.5
ukzn_ISTN211_2021,ukzn_ISTN3SA_2018,UKZN,UKZN,D2_other_module,raw,gradient_boosting,141,0.598048048048048,0.8809523809523809,-0.04761904761904762,0.2
ukzn_ISTN211_2021,ukzn_ISTN3SA_2019,UKZN,UKZN,D2_other_module,raw,gradient_boosting,195,0.552,0.9340659340659341,-0.04761904761904762,0.2
ukzn_ISTN212_2018,oulad_BBB_2013B,UKZN,OULAD,D3_other_institution,raw,gradient_boosting,1767,0.8214714788423081,0.7091787439613526,-0.04761904761904762,0.5
ukzn_ISTN212_2018,oulad_BBB_2013J,UKZN,OULAD,D3_other_institution,raw,gradient_boosting,2237,0.7891690955095767,0.7304347826086957,-0.14285714285714288,0.2
ukzn_ISTN212_2018,oulad_BBB_2014B,UKZN,OULAD,D3_other_institution,raw,gradient_boosting,1613,0.781926405246211,0.7058165548098434,-0.5238095238095238,0.0
ukzn_ISTN212_2018,oulad_BBB_2014J,UKZN,OULAD,D3_other_institution,raw,gradient_boosting,2292,0.7969545717592593,0.7542526239594644,-0.14285714285714288,0.2
ukzn_ISTN212_2018,oulad_DDD_2013B,UKZN,OULAD,D3_other_institution,raw,gradient_boosting,1303,0.8008295625942685,0.6499678869621066,0.14285714285714288,0.2
ukzn_ISTN212_2018,oulad_DDD_2013J,UKZN,OULAD,D3_other_institution,raw,gradient_boosting,1938,0.8207020963473542,0.6840117498950902,0.33333333333333337,0.5
ukzn_ISTN212_2018,oulad_DDD_2014B,UKZN,OULAD,D3_other_institution,raw,gradient_boosting,1228,0.7727910003874339,0.6264880952380952,-0.33333333333333337,0.2
ukzn_ISTN212_2018,oulad_DDD_2014J,UKZN,OULAD,D3_other_institution,raw,gradient_boosting,1803,0.7906469492151985,0.6787003610108303,-0.4285714285714286,0.0
ukzn_ISTN212_2018,oulad_FFF_2013B,UKZN,OULAD,D3_other_institution,raw,gradient_boosting,1614,0.8065434106334841,0.7281506518590053,0.33333333333333337,0.5
ukzn_ISTN212_2018,oulad_FFF_2013J,UKZN,OULAD,D3_other_institution,raw,gradient_boosting,2283,0.8344733484002891,0.7206192821956369,-0.4285714285714286,0.2
ukzn_ISTN212_2018,oulad_FFF_2014B,UKZN,OULAD,D3_other_institution,raw,gradient_boosting,1500,0.8302770367478547,0.6916951080773607,-0.04761904761904762,0.2
ukzn_ISTN212_2018,oulad_FFF_2014J,UKZN,OULAD,D3_other_institution,raw,gradient_boosting,2365,0.859642930927622,0.7380952380952381,-0.5238095238095238,0.0
ukzn_ISTN212_2018,ku_Accountancy_1819,UKZN,KU Leuven,D3_other_institution,raw,gradient_boosting,756,0.5577903327055869,0.7911338448422848,0.23809523809523814,0.5
ukzn_ISTN212_2018,ku_Globaleconom_1819,UKZN,KU Leuven,D3_other_institution,raw,gradient_boosting,743,0.5427383143172616,0.6680327868852459,0.33333333333333337,0.5
ukzn_ISTN212_2018,ukzn_ISTN101_2019,UKZN,UKZN,D2_other_module,raw,gradient_boosting,1056,0.5805837405265257,0.8927813163481954,0.33333333333333337,0.5
ukzn_ISTN212_2018,ukzn_ISTN101_2020,UKZN,UKZN,D2_other_module,raw,gradient_boosting,978,0.6700314140726258,0.9322314049586777,0.33333333333333337,0.5
ukzn_ISTN212_2018,ukzn_ISTN101_2021,UKZN,UKZN,D2_other_module,raw,gradient_boosting,741,0.72128576110877,0.953125,0.04761904761904762,0.2
ukzn_ISTN212_2018,ukzn_ISTN102_2018,UKZN,UKZN,D2_other_module,raw,gradient_boosting,257,0.5602240896358543,0.8173076923076923,0.23809523809523814,0.5
ukzn_ISTN212_2018,ukzn_ISTN103_2019,UKZN,UKZN,D2_other_module,raw,gradient_boosting,1113,0.5929520295202952,0.8088888888888889,-0.33333333333333337,0.2
ukzn_ISTN212_2018,ukzn_ISTN103_2020,UKZN,UKZN,D2_other_module,raw,gradient_boosting,1082,0.5969785531226114,0.8602266594711279,0.23809523809523814,0.5
ukzn_ISTN212_2018,ukzn_ISTN211_2019,UKZN,UKZN,D2_other_module,raw,gradient_boosting,280,0.7026618269812462,0.9629629629629629,0.04761904761904762,0.2
ukzn_ISTN212_2018,ukzn_ISTN211_2021,UKZN,UKZN,D2_other_module,raw,gradient_boosting,327,0.688899430740038,0.9152542372881356,-0.14285714285714288,0.2
ukzn_ISTN212_2018,ukzn_ISTN212_2018,UKZN,UKZN,D0_within_cohort,raw,gradient_boosting,238,0.6538191190253047,0.8407960199004975,1.0,1.0
ukzn_ISTN212_2018,ukzn_ISTN212_2019,UKZN,UKZN,D1_same_module,raw,gradient_boosting,264,0.7304804804804804,0.8874172185430463,0.4285714285714286,0.5
ukzn_ISTN212_2018,ukzn_ISTN2IP_2018,UKZN,UKZN,D2_other_module,raw,gradient_boosting,99,0.5767567567567567,0.7692307692307693,-0.4285714285714286,0.2
ukzn_ISTN212_2018,ukzn_ISTN2IP_2019,UKZN,UKZN,D2_other_module,raw,gradient_boosting,116,0.6939935064935064,0.8669950738916257,0.5238095238095238,0.5
ukzn_ISTN212_2018,ukzn_ISTN3ND_2018,UKZN,UKZN,D2_other_module,raw,gradient_boosting,144,0.5549505948779996,0.7024390243902439,-0.14285714285714288,0.5
ukzn_ISTN212_2018,ukzn_ISTN3ND_2019,UKZN,UKZN,D2_other_module,raw,gradient_boosting,223,0.6622016251904521,0.8688946015424165,0.14285714285714288,0.5
ukzn_ISTN212_2018,ukzn_ISTN3SA_2018,UKZN,UKZN,D2_other_module,raw,gradient_boosting,141,0.6193693693693694,0.8653061224489796,0.04761904761904762,0.2
ukzn_ISTN212_2018,ukzn_ISTN3SA_2019,UKZN,UKZN,D2_other_module,raw,gradient_boosting,195,0.5251764705882354,0.9213483146067416,0.5238095238095238,1.0
ukzn_ISTN212_2019,oulad_BBB_2013B,UKZN,OULAD,D3_other_institution,raw,gradient_boosting,1767,0.7766357228856519,0.7512487512487512,0.14285714285714288,0.5
ukzn_ISTN212_2019,oulad_BBB_2013J,UKZN,OULAD,D3_other_institution,raw,gradient_boosting,2237,0.824650086477484,0.7637540453074434,0.33333333333333337,0.5
ukzn_ISTN212_2019,oulad_BBB_2014B,UKZN,OULAD,D3_other_institution,raw,gradient_boosting,1613,0.8155877302746994,0.7464953271028038,0.14285714285714288,0.2
ukzn_ISTN212_2019,oulad_BBB_2014J,UKZN,OULAD,D3_other_institution,raw,gradient_boosting,2292,0.8176596003898635,0.7703814510097232,0.4285714285714286,0.5
ukzn_ISTN212_2019,oulad_DDD_2013B,UKZN,OULAD,D3_other_institution,raw,gradient_boosting,1303,0.7155304997156492,0.6359102244389028,-0.5238095238095238,0.2
ukzn_ISTN212_2019,oulad_DDD_2013J,UKZN,OULAD,D3_other_institution,raw,gradient_boosting,1938,0.7664035128747031,0.6896262074758505,-0.7142857142857143,0.0
ukzn_ISTN212_2019,oulad_DDD_2014B,UKZN,OULAD,D3_other_institution,raw,gradient_boosting,1228,0.7909307051015829,0.6597366597366597,0.14285714285714288,0.2
ukzn_ISTN212_2019,oulad_DDD_2014J,UKZN,OULAD,D3_other_institution,raw,gradient_boosting,1803,0.7740467234161597,0.7015329125338142,0.23809523809523814,0.2
ukzn_ISTN212_2019,oulad_FFF_2013B,UKZN,OULAD,D3_other_institution,raw,gradient_boosting,1614,0.666575472162109,0.7235431235431236,-0.04761904761904762,0.5
ukzn_ISTN212_2019,oulad_FFF_2013J,UKZN,OULAD,D3_other_institution,raw,gradient_boosting,2283,0.7760058730378365,0.7375256322624744,0.4285714285714286,0.5
ukzn_ISTN212_2019,oulad_FFF_2014B,UKZN,OULAD,D3_other_institution,raw,gradient_boosting,1500,0.7261840212259889,0.6945652173913044,-0.33333333333333337,0.2
ukzn_ISTN212_2019,oulad_FFF_2014J,UKZN,OULAD,D3_other_institution,raw,gradient_boosting,2365,0.8187341465234259,0.7551159618008185,0.5238095238095238,0.5
ukzn_ISTN212_2019,ku_Accountancy_1819,UKZN,KU Leuven,D3_other_institution,raw,gradient_boosting,756,0.5982799748901444,0.7804444444444445,-0.23809523809523814,0.0
ukzn_ISTN212_2019,ku_Globaleconom_1819,UKZN,KU Leuven,D3_other_institution,raw,gradient_boosting,743,0.5700110415899889,0.6694560669456067,0.23809523809523814,0.5
ukzn_ISTN212_2019,ukzn_ISTN101_2019,UKZN,UKZN,D2_other_module,raw,gradient_boosting,1056,0.5886206122856003,0.8947646747752512,0.04761904761904762,0.2
ukzn_ISTN212_2019,ukzn_ISTN101_2020,UKZN,UKZN,D2_other_module,raw,gradient_boosting,978,0.6843105379934535,0.9132882882882883,-0.04761904761904762,0.2
ukzn_ISTN212_2019,ukzn_ISTN101_2021,UKZN,UKZN,D2_other_module,raw,gradient_boosting,741,0.6428337313293067,0.9278350515463918,0.14285714285714288,0.5
ukzn_ISTN212_2019,ukzn_ISTN102_2018,UKZN,UKZN,D2_other_module,raw,gradient_boosting,257,0.6398225957049486,0.8070175438596491,0.5238095238095238,1.0
ukzn_ISTN212_2019,ukzn_ISTN103_2019,UKZN,UKZN,D2_other_module,raw,gradient_boosting,1113,0.6203526035260353,0.8036117381489842,0.5238095238095238,1.0
ukzn_ISTN212_2019,ukzn_ISTN103_2020,UKZN,UKZN,D2_other_module,raw,gradient_boosting,1082,0.6303538509959085,0.8431703204047217,0.33333333333333337,1.0
ukzn_ISTN212_2019,ukzn_ISTN211_2019,UKZN,UKZN,D2_other_module,raw,gradient_boosting,280,0.6878402903811253,0.9548872180451128,0.5238095238095238,0.5
ukzn_ISTN212_2019,ukzn_ISTN211_2021,UKZN,UKZN,D2_other_module,raw,gradient_boosting,327,0.6882352941176471,0.7246963562753036,0.33333333333333337,0.2
ukzn_ISTN212_2019,ukzn_ISTN212_2018,UKZN,UKZN,D1_same_module,raw,gradient_boosting,238,0.7542174320524836,0.8759493670886076,0.33333333333333337,0.5
ukzn_ISTN212_2019,ukzn_ISTN212_2019,UKZN,UKZN,D0_within_cohort,raw,gradient_boosting,264,0.6991634491634491,0.8984881209503239,1.0,1.0
ukzn_ISTN212_2019,ukzn_ISTN2IP_2018,UKZN,UKZN,D2_other_module,raw,gradient_boosting,99,0.6845945945945946,0.8198757763975155,0.33333333333333337,0.5
ukzn_ISTN212_2019,ukzn_ISTN2IP_2019,UKZN,UKZN,D2_other_module,raw,gradient_boosting,116,0.5598620129870129,0.8686868686868687,-1.0,0.0
ukzn_ISTN212_2019,ukzn_ISTN3ND_2018,UKZN,UKZN,D2_other_module,raw,gradient_boosting,144,0.5934664246823956,0.700507614213198,0.6190476190476191,1.0
ukzn_ISTN212_2019,ukzn_ISTN3ND_2019,UKZN,UKZN,D2_other_module,raw,gradient_boosting,223,0.5664042661249366,0.7859237536656891,-0.4285714285714286,0.2
ukzn_ISTN212_2019,ukzn_ISTN3SA_2018,UKZN,UKZN,D2_other_module,raw,gradient_boosting,141,0.568018018018018,0.8790322580645161,0.33333333333333337,0.5
ukzn_ISTN212_2019,ukzn_ISTN3SA_2019,UKZN,UKZN,D2_other_module,raw,gradient_boosting,195,0.5875294117647059,0.9362880886426593,0.23809523809523814,0.2
ukzn_ISTN2IP_2018,oulad_BBB_2013B,UKZN,OULAD,D3_other_institution,raw,gradient_boosting,1767,0.7601473726637145,0.6377281947261664,0.14285714285714288,0.5
ukzn_ISTN2IP_2018,oulad_BBB_2013J,UKZN,OULAD,D3_other_institution,raw,gradient_boosting,2237,0.7206300845557619,0.6458923512747875,-0.5238095238095238,0.2
ukzn_ISTN2IP_2018,oulad_BBB_2014B,UKZN,OULAD,D3_other_institution,raw,gradient_boosting,1613,0.7398163701907402,0.6255625562556255,-0.33333333333333337,0.2
ukzn_ISTN2IP_2018,oulad_BBB_2014J,UKZN,OULAD,D3_other_institution,raw,gradient_boosting,2292,0.6748336226851851,0.6635014836795252,-0.04761904761904762,0.2
ukzn_ISTN2IP_2018,oulad_DDD_2013B,UKZN,OULAD,D3_other_institution,raw,gradient_boosting,1303,0.6224773137502164,0.568561872909699,0.23809523809523814,0.2
ukzn_ISTN2IP_2018,oulad_DDD_2013J,UKZN,OULAD,D3_other_institution,raw,gradient_boosting,1938,0.6321069743006285,0.6054172767203514,0.14285714285714288,0.2
ukzn_ISTN2IP_2018,oulad_DDD_2014B,UKZN,OULAD,D3_other_institution,raw,gradient_boosting,1228,0.6523841113133446,0.5681953543776057,-0.5238095238095238,0.0
ukzn_ISTN2IP_2018,oulad_DDD_2014J,UKZN,OULAD,D3_other_institution,raw,gradient_boosting,1803,0.6361644386496018,0.6179245283018868,-0.33333333333333337,0.2
ukzn_ISTN2IP_2018,oulad_FFF_2013B,UKZN,OULAD,D3_other_institution,raw,gradient_boosting,1614,0.6809831792248672,0.657672849915683,0.5238095238095238,0.5
ukzn_ISTN2IP_2018,oulad_FFF_2013J,UKZN,OULAD,D3_other_institution,raw,gradient_boosting,2283,0.6317862798456407,0.6562406015037594,-0.14285714285714288,0.2
ukzn_ISTN2IP_2018,oulad_FFF_2014B,UKZN,OULAD,D3_other_institution,raw,gradient_boosting,1500,0.6819589939343991,0.6126295947219604,0.04761904761904762,0.2
ukzn_ISTN2IP_2018,oulad_FFF_2014J,UKZN,OULAD,D3_other_institution,raw,gradient_boosting,2365,0.6771148968161054,0.648396501457726,-0.6190476190476191,0.0
ukzn_ISTN2IP_2018,ku_Accountancy_1819,UKZN,KU Leuven,D3_other_institution,raw,gradient_boosting,756,0.586034735300272,0.8032786885245902,-0.33333333333333337,0.2
ukzn_ISTN2IP_2018,ku_Globaleconom_1819,UKZN,KU Leuven,D3_other_institution,raw,gradient_boosting,743,0.5912734633787265,0.6951566951566952,0.6190476190476191,0.5
ukzn_ISTN2IP_2018,ukzn_ISTN101_2019,UKZN,UKZN,D2_other_module,raw,gradient_boosting,1056,0.598059807538891,0.8998426848453067,0.33333333333333337,0.5
ukzn_ISTN2IP_2018,ukzn_ISTN101_2020,UKZN,UKZN,D2_other_module,raw,gradient_boosting,978,0.6548735748335932,0.9654806160382369,0.5238095238095238,0.2
ukzn_ISTN2IP_2018,ukzn_ISTN101_2021,UKZN,UKZN,D2_other_module,raw,gradient_boosting,741,0.7164629863744907,0.9529914529914529,0.14285714285714288,0.2
ukzn_ISTN2IP_2018,ukzn_ISTN102_2018,UKZN,UKZN,D2_other_module,raw,gradient_boosting,257,0.5901027077497666,0.753315649867374,0.5238095238095238,0.5
ukzn_ISTN2IP_2018,ukzn_ISTN103_2019,UKZN,UKZN,D2_other_module,raw,gradient_boosting,1113,0.6497888478884788,0.7715355805243446,0.7142857142857143,1.0
ukzn_ISTN2IP_2018,ukzn_ISTN103_2020,UKZN,UKZN,D2_other_module,raw,gradient_boosting,1082,0.5522368598534239,0.8158640226628895,0.5238095238095238,1.0
ukzn_ISTN2IP_2018,ukzn_ISTN211_2019,UKZN,UKZN,D2_other_module,raw,gradient_boosting,280,0.6290582778786046,0.9552238805970149,-0.04761904761904762,0.2
ukzn_ISTN2IP_2018,ukzn_ISTN211_2021,UKZN,UKZN,D2_other_module,raw,gradient_boosting,327,0.6944971537001898,0.8950086058519794,0.04761904761904762,0.5
ukzn_ISTN2IP_2018,ukzn_ISTN212_2018,UKZN,UKZN,D2_other_module,raw,gradient_boosting,238,0.7088800374882849,0.8511749347258486,0.5238095238095238,0.5
ukzn_ISTN2IP_2018,ukzn_ISTN212_2019,UKZN,UKZN,D2_other_module,raw,gradient_boosting,264,0.7008794508794509,0.871331828442438,0.6190476190476191,1.0
ukzn_ISTN2IP_2018,ukzn_ISTN2IP_2018,UKZN,UKZN,D0_within_cohort,raw,gradient_boosting,99,0.8137837837837838,0.8758169934640523,1.0,1.0
ukzn_ISTN2IP_2018,ukzn_ISTN2IP_2019,UKZN,UKZN,D1_same_module,raw,gradient_boosting,116,0.6633522727272727,0.8613861386138614,0.23809523809523814,0.5
ukzn_ISTN2IP_2018,ukzn_ISTN3ND_2018,UKZN,UKZN,D2_other_module,raw,gradient_boosting,144,0.5599919338576326,0.6597938144329897,0.5238095238095238,0.5
ukzn_ISTN2IP_2018,ukzn_ISTN3ND_2019,UKZN,UKZN,D2_other_module,raw,gradient_boosting,223,0.4414042661249365,0.42857142857142855,-0.14285714285714288,0.2
ukzn_ISTN2IP_2018,ukzn_ISTN3SA_2018,UKZN,UKZN,D2_other_module,raw,gradient_boosting,141,0.6626126126126126,0.8809523809523809,0.8095238095238096,0.5
ukzn_ISTN2IP_2018,ukzn_ISTN3SA_2019,UKZN,UKZN,D2_other_module,raw,gradient_boosting,195,0.5957647058823529,0.9281767955801105,-0.33333333333333337,0.0
ukzn_ISTN2IP_2019,oulad_BBB_2013B,UKZN,OULAD,D3_other_institution,raw,gradient_boosting,1767,0.7776620866770358,0.7448275862068966,0.33333333333333337,0.5
ukzn_ISTN2IP_2019,oulad_BBB_2013J,UKZN,OULAD,D3_other_institution,raw,gradient_boosting,2237,0.6865195214912563,0.6702878870179251,-0.23809523809523814,0.2
ukzn_ISTN2IP_2019,oulad_BBB_2014B,UKZN,OULAD,D3_other_institution,raw,gradient_boosting,1613,0.7141480961681173,0.6814701378254211,0.14285714285714288,0.5
ukzn_ISTN2IP_2019,oulad_BBB_2014J,UKZN,OULAD,D3_other_institution,raw,gradient_boosting,2292,0.7240813078703704,0.7144212523719166,-0.04761904761904762,0.2
ukzn_ISTN2IP_2019,oulad_DDD_2013B,UKZN,OULAD,D3_other_institution,raw,gradient_boosting,1303,0.8107373340256657,0.7231555880204529,0.04761904761904762,0.5
ukzn_ISTN2IP_2019,oulad_DDD_2013J,UKZN,OULAD,D3_other_institution,raw,gradient_boosting,1938,0.81909010715051,0.7667161961367014,-0.14285714285714288,0.2
ukzn_ISTN2IP_2019,oulad_DDD_2014B,UKZN,OULAD,D3_other_institution,raw,gradient_boosting,1228,0.7530221227468218,0.7032967032967034,-0.23809523809523814,0.0
ukzn_ISTN2IP_2019,oulad_DDD_2014J,UKZN,OULAD,D3_other_institution,raw,gradient_boosting,1803,0.7746630498856018,0.728739913097455,-0.04761904761904762,0.2
ukzn_ISTN2IP_2019,oulad_FFF_2013B,UKZN,OULAD,D3_other_institution,raw,gradient_boosting,1614,0.8063981654534724,0.7741935483870968,0.23809523809523814,0.5
ukzn_ISTN2IP_2019,oulad_FFF_2013J,UKZN,OULAD,D3_other_institution,raw,gradient_boosting,2283,0.8130371446581492,0.7789100575985822,0.14285714285714288,0.2
ukzn_ISTN2IP_2019,oulad_FFF_2014B,UKZN,OULAD,D3_other_institution,raw,gradient_boosting,1500,0.8217118152702771,0.7710027100271003,-0.33333333333333337,0.2
ukzn_ISTN2IP_2019,oulad_FFF_2014J,UKZN,OULAD,D3_other_institution,raw,gradient_boosting,2365,0.8257157737070451,0.7969924812030075,-0.4285714285714286,0.0
ukzn_ISTN2IP_2019,ku_Accountancy_1819,UKZN,KU Leuven,D3_other_institution,raw,gradient_boosting,756,0.6361037874032225,0.7953941541186891,0.4285714285714286,0.5
ukzn_ISTN2IP_2019,ku_Globaleconom_1819,UKZN,KU Leuven,D3_other_institution,raw,gradient_boosting,743,0.5901987486198013,0.6810810810810811,0.4285714285714286,0.5
ukzn_ISTN2IP_2019,ukzn_ISTN101_2019,UKZN,UKZN,D2_other_module,raw,gradient_boosting,1056,0.5271957269644993,0.781021897810219,-0.14285714285714288,0.2
ukzn_ISTN2IP_2019,ukzn_ISTN101_2020,UKZN,UKZN,D2_other_module,raw,gradient_boosting,978,0.6373212363524527,0.43157010915197314,0.04761904761904762,0.2
ukzn_ISTN2IP_2019,ukzn_ISTN101_2021,UKZN,UKZN,D2_other_module,raw,gradient_boosting,741,0.7639649763543569,0.9390787518573551,0.5238095238095238,0.5
ukzn_ISTN2IP_2019,ukzn_ISTN102_2018,UKZN,UKZN,D2_other_module,raw,gradient_boosting,257,0.6059368191721133,0.618421052631579,-0.14285714285714288,0.2
ukzn_ISTN2IP_2019,ukzn_ISTN103_2019,UKZN,UKZN,D2_other_module,raw,gradient_boosting,1113,0.6488089380893809,0.6676427525622255,0.6190476190476191,0.5
ukzn_ISTN2IP_2019,ukzn_ISTN103_2020,UKZN,UKZN,D2_other_module,raw,gradient_boosting,1082,0.5993660356998336,0.5049429657794677,0.14285714285714288,0.2
ukzn_ISTN2IP_2019,ukzn_ISTN211_2019,UKZN,UKZN,D2_other_module,raw,gradient_boosting,280,0.5434563420044364,0.896414342629482,-0.04761904761904762,0.2
ukzn_ISTN2IP_2019,ukzn_ISTN211_2021,UKZN,UKZN,D2_other_module,raw,gradient_boosting,327,0.6818785578747628,0.6623931623931624,0.04761904761904762,0.5
ukzn_ISTN2IP_2019,ukzn_ISTN212_2018,UKZN,UKZN,D2_other_module,raw,gradient_boosting,238,0.7372891283973757,0.7295597484276729,0.23809523809523814,0.2
ukzn_ISTN2IP_2019,ukzn_ISTN212_2019,UKZN,UKZN,D2_other_module,raw,gradient_boosting,264,0.6507400257400258,0.7578947368421053,0.04761904761904762,0.2
ukzn_ISTN2IP_2019,ukzn_ISTN2IP_2018,UKZN,UKZN,D1_same_module,raw,gradient_boosting,99,0.5986486486486486,0.5192307692307693,-0.04761904761904762,0.5
ukzn_ISTN2IP_2019,ukzn_ISTN2IP_2019,UKZN,UKZN,D0_within_cohort,raw,gradient_boosting,116,0.599025974025974,0.8235294117647058,1.0,1.0
ukzn_ISTN2IP_2019,ukzn_ISTN3ND_2018,UKZN,UKZN,D2_other_module,raw,gradient_boosting,144,0.5084694494857834,0.5408805031446541,-0.14285714285714288,0.2
ukzn_ISTN2IP_2019,ukzn_ISTN3ND_2019,UKZN,UKZN,D2_other_module,raw,gradient_boosting,223,0.6158583037074656,0.4152542372881356,0.4285714285714286,1.0
ukzn_ISTN2IP_2019,ukzn_ISTN3SA_2018,UKZN,UKZN,D2_other_module,raw,gradient_boosting,141,0.5378378378378379,0.7383177570093458,0.23809523809523814,0.5
ukzn_ISTN2IP_2019,ukzn_ISTN3SA_2019,UKZN,UKZN,D2_other_module,raw,gradient_boosting,195,0.5904705882352941,0.7933333333333333,0.04761904761904762,0.5
ukzn_ISTN3ND_2018,oulad_BBB_2013B,UKZN,OULAD,D3_other_institution,raw,gradient_boosting,1767,0.6803719712902344,0.6313272220007972,0.23809523809523814,0.2
ukzn_ISTN3ND_2018,oulad_BBB_2013J,UKZN,OULAD,D3_other_institution,raw,gradient_boosting,2237,0.7249271347127026,0.6492699596147872,-0.14285714285714288,0.0
ukzn_ISTN3ND_2018,oulad_BBB_2014B,UKZN,OULAD,D3_other_institution,raw,gradient_boosting,1613,0.7374402675269591,0.6128456735057984,0.14285714285714288,0.2
ukzn_ISTN3ND_2018,oulad_BBB_2014J,UKZN,OULAD,D3_other_institution,raw,gradient_boosting,2292,0.7057782803362573,0.6595046254849298,-0.04761904761904762,0.2
ukzn_ISTN3ND_2018,oulad_DDD_2013B,UKZN,OULAD,D3_other_institution,raw,gradient_boosting,1303,0.6280592438740944,0.5680803571428571,-0.33333333333333337,0.2
ukzn_ISTN3ND_2018,oulad_DDD_2013J,UKZN,OULAD,D3_other_institution,raw,gradient_boosting,1938,0.6339865406516048,0.6057939127246058,-0.23809523809523814,0.2
ukzn_ISTN3ND_2018,oulad_DDD_2014B,UKZN,OULAD,D3_other_institution,raw,gradient_boosting,1228,0.6674647616446147,0.5650118203309693,0.14285714285714288,0.2
ukzn_ISTN3ND_2018,oulad_DDD_2014J,UKZN,OULAD,D3_other_institution,raw,gradient_boosting,1803,0.6439718650401144,0.6210153482880756,-0.04761904761904762,0.5
ukzn_ISTN3ND_2018,oulad_FFF_2013B,UKZN,OULAD,D3_other_institution,raw,gradient_boosting,1614,0.6016923753196931,0.6557651991614256,0.04761904761904762,0.2
ukzn_ISTN3ND_2018,oulad_FFF_2013J,UKZN,OULAD,D3_other_institution,raw,gradient_boosting,2283,0.6371907814830189,0.654480071920887,-0.4285714285714286,0.0
ukzn_ISTN3ND_2018,oulad_FFF_2014B,UKZN,OULAD,D3_other_institution,raw,gradient_boosting,1500,0.6516978622190412,0.6115547205260686,-0.23809523809523814,0.2
ukzn_ISTN3ND_2018,oulad_FFF_2014J,UKZN,OULAD,D3_other_institution,raw,gradient_boosting,2365,0.6791188192961917,0.652428320655354,-0.14285714285714288,0.2
ukzn_ISTN3ND_2018,ku_Accountancy_1819,UKZN,KU Leuven,D3_other_institution,raw,gradient_boosting,756,0.5205858966310944,0.6171792152704135,-0.14285714285714288,0.2
ukzn_ISTN3ND_2018,ku_Globaleconom_1819,UKZN,KU Leuven,D3_other_institution,raw,gradient_boosting,743,0.5160323886639676,0.6526946107784432,-0.04761904761904762,0.2
ukzn_ISTN3ND_2018,ukzn_ISTN101_2019,UKZN,UKZN,D2_other_module,raw,gradient_boosting,1056,0.5680687824092541,0.8900862068965517,0.33333333333333337,0.5
ukzn_ISTN3ND_2018,ukzn_ISTN101_2020,UKZN,UKZN,D2_other_module,raw,gradient_boosting,978,0.5568528810878496,0.951048951048951,0.9047619047619049,1.0
ukzn_ISTN3ND_2018,ukzn_ISTN101_2021,UKZN,UKZN,D2_other_module,raw,gradient_boosting,741,0.7183944374209861,0.9241071428571429,0.04761904761904762,0.2
ukzn_ISTN3ND_2018,ukzn_ISTN102_2018,UKZN,UKZN,D2_other_module,raw,gradient_boosting,257,0.5371148459383753,0.6855524079320113,0.04761904761904762,0.5
ukzn_ISTN3ND_2018,ukzn_ISTN103_2019,UKZN,UKZN,D2_other_module,raw,gradient_boosting,1113,0.592060270602706,0.756591048436542,0.14285714285714288,0.5
ukzn_ISTN3ND_2018,ukzn_ISTN103_2020,UKZN,UKZN,D2_other_module,raw,gradient_boosting,1082,0.5607571601996314,0.6875800256081946,0.33333333333333337,0.5
ukzn_ISTN3ND_2018,ukzn_ISTN211_2019,UKZN,UKZN,D2_other_module,raw,gradient_boosting,280,0.5955837870538414,0.9302325581395349,-0.04761904761904762,0.5
ukzn_ISTN3ND_2018,ukzn_ISTN211_2021,UKZN,UKZN,D2_other_module,raw,gradient_boosting,327,0.6149905123339657,0.6722338204592901,0.33333333333333337,0.2
ukzn_ISTN3ND_2018,ukzn_ISTN212_2018,UKZN,UKZN,D2_other_module,raw,gradient_boosting,238,0.5880388940955952,0.751412429378531,-0.14285714285714288,0.2
ukzn_ISTN3ND_2018,ukzn_ISTN212_2019,UKZN,UKZN,D2_other_module,raw,gradient_boosting,264,0.6415165165165165,0.7921760391198044,0.23809523809523814,1.0
ukzn_ISTN3ND_2018,ukzn_ISTN2IP_2018,UKZN,UKZN,D2_other_module,raw,gradient_boosting,99,0.6459459459459459,0.8157894736842105,0.14285714285714288,0.5
ukzn_ISTN3ND_2018,ukzn_ISTN2IP_2019,UKZN,UKZN,D2_other_module,raw,gradient_boosting,116,0.5592532467532467,0.7807486631016043,-0.04761904761904762,0.2
ukzn_ISTN3ND_2018,ukzn_ISTN3ND_2018,UKZN,UKZN,D0_within_cohort,raw,gradient_boosting,144,0.5361968138737648,0.6198830409356725,1.0,1.0
ukzn_ISTN3ND_2018,ukzn_ISTN3ND_2019,UKZN,UKZN,D1_same_module,raw,gradient_boosting,223,0.6310944641950229,0.6956521739130435,0.23809523809523814,0.2
ukzn_ISTN3ND_2018,ukzn_ISTN3SA_2018,UKZN,UKZN,D2_other_module,raw,gradient_boosting,141,0.6072072072072072,0.8630705394190872,0.6190476190476191,1.0
ukzn_ISTN3ND_2018,ukzn_ISTN3SA_2019,UKZN,UKZN,D2_other_module,raw,gradient_boosting,195,0.5081176470588236,0.9157303370786517,0.33333333333333337,0.5
ukzn_ISTN3ND_2019,oulad_BBB_2013B,UKZN,OULAD,D3_other_institution,raw,gradient_boosting,1767,0.7032904357621576,0.7110675808031341,-0.4285714285714286,0.2
ukzn_ISTN3ND_2019,oulad_BBB_2013J,UKZN,OULAD,D3_other_institution,raw,gradient_boosting,2237,0.777728444686439,0.7529957479706223,0.6190476190476191,1.0
ukzn_ISTN3ND_2019,oulad_BBB_2014B,UKZN,OULAD,D3_other_institution,raw,gradient_boosting,1613,0.780125504174675,0.730593607305936,0.23809523809523814,0.5
ukzn_ISTN3ND_2019,oulad_BBB_2014J,UKZN,OULAD,D3_other_institution,raw,gradient_boosting,2292,0.7297050134015595,0.7578571428571429,0.33333333333333337,0.5
ukzn_ISTN3ND_2019,oulad_DDD_2013B,UKZN,OULAD,D3_other_institution,raw,gradient_boosting,1303,0.553689142744109,0.6097256857855362,-0.23809523809523814,0.2
ukzn_ISTN3ND_2019,oulad_DDD_2013J,UKZN,OULAD,D3_other_institution,raw,gradient_boosting,1938,0.6436372654485019,0.6705442459493145,-0.14285714285714288,0.2
ukzn_ISTN3ND_2019,oulad_DDD_2014B,UKZN,OULAD,D3_other_institution,raw,gradient_boosting,1228,0.6957516075714036,0.6431478968792401,-0.4285714285714286,0.2
ukzn_ISTN3ND_2019,oulad_DDD_2014J,UKZN,OULAD,D3_other_institution,raw,gradient_boosting,1803,0.6993176073294767,0.6864330637915543,-0.14285714285714288,0.2
ukzn_ISTN3ND_2019,oulad_FFF_2013B,UKZN,OULAD,D3_other_institution,raw,gradient_boosting,1614,0.4542715915797757,0.6027944111776448,-0.23809523809523814,0.2
ukzn_ISTN3ND_2019,oulad_FFF_2013J,UKZN,OULAD,D3_other_institution,raw,gradient_boosting,2283,0.5262926064295927,0.6491963661774982,0.04761904761904762,0.5
ukzn_ISTN3ND_2019,oulad_FFF_2014B,UKZN,OULAD,D3_other_institution,raw,gradient_boosting,1500,0.5141798786879794,0.5988764044943821,-0.14285714285714288,0.2
ukzn_ISTN3ND_2019,oulad_FFF_2014J,UKZN,OULAD,D3_other_institution,raw,gradient_boosting,2365,0.5632252427518766,0.6645855012140132,0.33333333333333337,0.5
ukzn_ISTN3ND_2019,ku_Accountancy_1819,UKZN,KU Leuven,D3_other_institution,raw,gradient_boosting,756,0.6352249424565809,0.7842794759825328,0.14285714285714288,0.5
ukzn_ISTN3ND_2019,ku_Globaleconom_1819,UKZN,KU Leuven,D3_other_institution,raw,gradient_boosting,743,0.5844055944055944,0.6917450365726228,0.23809523809523814,0.2
ukzn_ISTN3ND_2019,ukzn_ISTN101_2019,UKZN,UKZN,D2_other_module,raw,gradient_boosting,1056,0.6021358944954129,0.895932382461701,0.04761904761904762,0.5
ukzn_ISTN3ND_2019,ukzn_ISTN101_2020,UKZN,UKZN,D2_other_module,raw,gradient_boosting,978,0.5750203202917336,0.953763440860215,-0.14285714285714288,0.2
ukzn_ISTN3ND_2019,ukzn_ISTN101_2021,UKZN,UKZN,D2_other_module,raw,gradient_boosting,741,0.4400079599194643,0.6966696669666966,0.04761904761904762,0.5
ukzn_ISTN3ND_2019,ukzn_ISTN102_2018,UKZN,UKZN,D2_other_module,raw,gradient_boosting,257,0.5402272019919079,0.7362924281984334,0.04761904761904762,0.5
ukzn_ISTN3ND_2019,ukzn_ISTN103_2019,UKZN,UKZN,D2_other_module,raw,gradient_boosting,1113,0.6018224682246822,0.7507807620237351,0.23809523809523814,0.2
ukzn_ISTN3ND_2019,ukzn_ISTN103_2020,UKZN,UKZN,D2_other_module,raw,gradient_boosting,1082,0.6513196349085024,0.8076477404403245,0.04761904761904762,0.5
ukzn_ISTN3ND_2019,ukzn_ISTN211_2019,UKZN,UKZN,D2_other_module,raw,gradient_boosting,280,0.696208913087316,0.9491525423728814,-0.14285714285714288,0.0
ukzn_ISTN3ND_2019,ukzn_ISTN211_2021,UKZN,UKZN,D2_other_module,raw,gradient_boosting,327,0.778178368121442,0.8287292817679558,0.33333333333333337,0.5
ukzn_ISTN3ND_2019,ukzn_ISTN212_2018,UKZN,UKZN,D2_other_module,raw,gradient_boosting,238,0.5960051546391752,0.8095238095238095,0.14285714285714288,0.2
ukzn_ISTN3ND_2019,ukzn_ISTN212_2019,UKZN,UKZN,D2_other_module,raw,gradient_boosting,264,0.6682754182754184,0.8372093023255814,0.04761904761904762,0.2
ukzn_ISTN3ND_2019,ukzn_ISTN2IP_2018,UKZN,UKZN,D2_other_module,raw,gradient_boosting,99,0.6467567567567567,0.8026315789473685,0.14285714285714288,0.2
ukzn_ISTN3ND_2019,ukzn_ISTN2IP_2019,UKZN,UKZN,D2_other_module,raw,gradient_boosting,116,0.7554788961038961,0.8633879781420765,0.04761904761904762,0.2
ukzn_ISTN3ND_2019,ukzn_ISTN3ND_2018,UKZN,UKZN,D1_same_module,raw,gradient_boosting,144,0.5671506352087115,0.6559139784946236,0.14285714285714288,0.2
ukzn_ISTN3ND_2019,ukzn_ISTN3ND_2019,UKZN,UKZN,D0_within_cohort,raw,gradient_boosting,223,0.6686135093956324,0.8502673796791443,1.0,1.0
ukzn_ISTN3ND_2019,ukzn_ISTN3SA_2018,UKZN,UKZN,D2_other_module,raw,gradient_boosting,141,0.6258258258258258,0.8547008547008547,-0.23809523809523814,0.2
ukzn_ISTN3ND_2019,ukzn_ISTN3SA_2019,UKZN,UKZN,D2_other_module,raw,gradient_boosting,195,0.6312941176470588,0.9147727272727273,-0.33333333333333337,0.2
ukzn_ISTN3SA_2018,oulad_BBB_2013B,UKZN,OULAD,D3_other_institution,raw,gradient_boosting,1767,0.40447388682482177,0.4004474272930649,0.04761904761904762,0.5
ukzn_ISTN3SA_2018,oulad_BBB_2013J,UKZN,OULAD,D3_other_institution,raw,gradient_boosting,2237,0.3860434949714945,0.38380430198228593,0.14285714285714288,0.5
ukzn_ISTN3SA_2018,oulad_BBB_2014B,UKZN,OULAD,D3_other_institution,raw,gradient_boosting,1613,0.44337485755804024,0.4087256027554535,-0.14285714285714288,0.2
ukzn_ISTN3SA_2018,oulad_BBB_2014J,UKZN,OULAD,D3_other_institution,raw,gradient_boosting,2292,0.37123918737816763,0.3318623124448367,0.04761904761904762,0.2
ukzn_ISTN3SA_2018,oulad_DDD_2013B,UKZN,OULAD,D3_other_institution,raw,gradient_boosting,1303,0.5281235318843805,0.46271186440677964,0.04761904761904762,0.5
ukzn_ISTN3SA_2018,oulad_DDD_2013J,UKZN,OULAD,D3_other_institution,raw,gradient_boosting,1938,0.43281202922464623,0.35523114355231145,-0.14285714285714288,0.2
ukzn_ISTN3SA_2018,oulad_DDD_2014B,UKZN,OULAD,D3_other_institution,raw,gradient_boosting,1228,0.3135245044889358,0.18461538461538463,-0.14285714285714288,0.0
ukzn_ISTN3SA_2018,oulad_DDD_2014J,UKZN,OULAD,D3_other_institution,raw,gradient_boosting,1803,0.3532443625173596,0.27873183619550856,-0.23809523809523814,0.0
ukzn_ISTN3SA_2018,oulad_FFF_2013B,UKZN,OULAD,D3_other_institution,raw,gradient_boosting,1614,0.6146361031870943,0.5868187579214195,0.4285714285714286,1.0
ukzn_ISTN3SA_2018,oulad_FFF_2013J,UKZN,OULAD,D3_other_institution,raw,gradient_boosting,2283,0.5550870193564258,0.49076773566569487,0.04761904761904762,0.5
ukzn_ISTN3SA_2018,oulad_FFF_2014B,UKZN,OULAD,D3_other_institution,raw,gradient_boosting,1500,0.5745096550776817,0.4884929472902747,-0.23809523809523814,0.5
ukzn_ISTN3SA_2018,oulad_FFF_2014J,UKZN,OULAD,D3_other_institution,raw,gradient_boosting,2365,0.5591879863645755,0.4821670428893905,0.04761904761904762,0.2
ukzn_ISTN3SA_2018,ku_Accountancy_1819,UKZN,KU Leuven,D3_other_institution,raw,gradient_boosting,756,0.4236785938480854,0.344640434192673,0.14285714285714288,0.5
ukzn_ISTN3SA_2018,ku_Globaleconom_1819,UKZN,KU Leuven,D3_other_institution,raw,gradient_boosting,743,0.4700552079499448,0.5936473165388828,0.23809523809523814,0.5
ukzn_ISTN3SA_2018,ukzn_ISTN101_2019,UKZN,UKZN,D2_other_module,raw,gradient_boosting,1056,0.5953922766254488,0.874251497005988,0.33333333333333337,0.5
ukzn_ISTN3SA_2018,ukzn_ISTN101_2020,UKZN,UKZN,D2_other_module,raw,gradient_boosting,978,0.5566332022582984,0.9303867403314917,0.5238095238095238,0.5
ukzn_ISTN3SA_2018,ukzn_ISTN101_2021,UKZN,UKZN,D2_other_module,raw,gradient_boosting,741,0.6912838881865431,0.9433139534883721,0.23809523809523814,0.5
ukzn_ISTN3SA_2018,ukzn_ISTN102_2018,UKZN,UKZN,D2_other_module,raw,gradient_boosting,257,0.561663554310613,0.7315789473684211,0.6190476190476191,1.0
ukzn_ISTN3SA_2018,ukzn_ISTN103_2019,UKZN,UKZN,D2_other_module,raw,gradient_boosting,1113,0.5745448954489545,0.73989898989899,0.6190476190476191,1.0
ukzn_ISTN3SA_2018,ukzn_ISTN103_2020,UKZN,UKZN,D2_other_module,raw,gradient_boosting,1082,0.5393417562159974,0.7949599083619702,0.4285714285714286,1.0
ukzn_ISTN3SA_2018,ukzn_ISTN211_2019,UKZN,UKZN,D2_other_module,raw,gradient_boosting,280,0.7481347045775357,0.904,-0.14285714285714288,0.2
ukzn_ISTN3SA_2018,ukzn_ISTN211_2021,UKZN,UKZN,D2_other_module,raw,gradient_boosting,327,0.73292220113852,0.8681898066783831,0.4285714285714286,0.5
ukzn_ISTN3SA_2018,ukzn_ISTN212_2018,UKZN,UKZN,D2_other_module,raw,gradient_boosting,238,0.5071462043111528,0.7023809523809523,0.33333333333333337,0.5
ukzn_ISTN3SA_2018,ukzn_ISTN212_2019,UKZN,UKZN,D2_other_module,raw,gradient_boosting,264,0.5863363363363363,0.8207547169811321,0.8095238095238096,1.0
ukzn_ISTN3SA_2018,ukzn_ISTN2IP_2018,UKZN,UKZN,D2_other_module,raw,gradient_boosting,99,0.5527027027027027,0.7785234899328859,0.5238095238095238,0.5
ukzn_ISTN3SA_2018,ukzn_ISTN2IP_2019,UKZN,UKZN,D2_other_module,raw,gradient_boosting,116,0.5903003246753246,0.8393782383419689,0.23809523809523814,0.5
ukzn_ISTN3SA_2018,ukzn_ISTN3ND_2018,UKZN,UKZN,D2_other_module,raw,gradient_boosting,144,0.5306513409961686,0.6524064171122995,0.23809523809523814,1.0
ukzn_ISTN3SA_2018,ukzn_ISTN3ND_2019,UKZN,UKZN,D2_other_module,raw,gradient_boosting,223,0.46489334687658707,0.47876447876447875,0.6190476190476191,0.5
ukzn_ISTN3SA_2018,ukzn_ISTN3SA_2018,UKZN,UKZN,D0_within_cohort,raw,gradient_boosting,141,0.543993993993994,0.8189655172413793,1.0,1.0
ukzn_ISTN3SA_2018,ukzn_ISTN3SA_2019,UKZN,UKZN,D1_same_module,raw,gradient_boosting,195,0.5634117647058823,0.8757396449704142,0.04761904761904762,0.2
ukzn_ISTN3SA_2019,oulad_BBB_2013B,UKZN,OULAD,D3_other_institution,raw,gradient_boosting,1767,0.8150555747895598,0.7269303201506592,0.8095238095238096,1.0
ukzn_ISTN3SA_2019,oulad_BBB_2013J,UKZN,OULAD,D3_other_institution,raw,gradient_boosting,2237,0.7611311735314843,0.6688034188034188,0.33333333333333337,0.5
ukzn_ISTN3SA_2019,oulad_BBB_2014B,UKZN,OULAD,D3_other_institution,raw,gradient_boosting,1613,0.788114673928231,0.6852531181217901,0.5238095238095238,0.5
ukzn_ISTN3SA_2019,oulad_BBB_2014J,UKZN,OULAD,D3_other_institution,raw,gradient_boosting,2292,0.7738947520711501,0.6455242966751918,0.33333333333333337,0.2
ukzn_ISTN3SA_2019,oulad_DDD_2013B,UKZN,OULAD,D3_other_institution,raw,gradient_boosting,1303,0.8022191726627599,0.7208427389014297,-0.5238095238095238,0.2
ukzn_ISTN3SA_2019,oulad_DDD_2013J,UKZN,OULAD,D3_other_institution,raw,gradient_boosting,1938,0.8251780312630184,0.7647058823529411,-0.4285714285714286,0.2
ukzn_ISTN3SA_2019,oulad_DDD_2014B,UKZN,OULAD,D3_other_institution,raw,gradient_boosting,1228,0.831934576651959,0.7313019390581718,0.4285714285714286,0.2
ukzn_ISTN3SA_2019,oulad_DDD_2014J,UKZN,OULAD,D3_other_institution,raw,gradient_boosting,1803,0.7955994165192977,0.7445589919816724,0.04761904761904762,0.2
ukzn_ISTN3SA_2019,oulad_FFF_2013B,UKZN,OULAD,D3_other_institution,raw,gradient_boosting,1614,0.8048504205193783,0.7617411225658648,-0.33333333333333337,0.5
ukzn_ISTN3SA_2019,oulad_FFF_2013J,UKZN,OULAD,D3_other_institution,raw,gradient_boosting,2283,0.8255949910059499,0.7743102668475803,0.14285714285714288,0.5
ukzn_ISTN3SA_2019,oulad_FFF_2014B,UKZN,OULAD,D3_other_institution,raw,gradient_boosting,1500,0.845249455975593,0.7610371408549405,-0.4285714285714286,0.2
ukzn_ISTN3SA_2019,oulad_FFF_2014J,UKZN,OULAD,D3_other_institution,raw,gradient_boosting,2365,0.8402733541078438,0.8048235819562305,-0.14285714285714288,0.2
ukzn_ISTN3SA_2019,ku_Accountancy_1819,UKZN,KU Leuven,D3_other_institution,raw,gradient_boosting,756,0.5329901653065495,0.6970873786407767,-0.33333333333333337,0.0
ukzn_ISTN3SA_2019,ku_Globaleconom_1819,UKZN,KU Leuven,D3_other_institution,raw,gradient_boosting,743,0.5889105631210895,0.6736621196222455,-0.33333333333333337,0.0
ukzn_ISTN3SA_2019,ukzn_ISTN101_2019,UKZN,UKZN,D2_other_module,raw,gradient_boosting,1056,0.513870537495014,0.8818726183995645,-0.14285714285714288,0.2
ukzn_ISTN3SA_2019,ukzn_ISTN101_2020,UKZN,UKZN,D2_other_module,raw,gradient_boosting,978,0.6810702752575734,0.6014925373134329,-0.14285714285714288,0.5
ukzn_ISTN3SA_2019,ukzn_ISTN101_2021,UKZN,UKZN,D2_other_module,raw,gradient_boosting,741,0.5602378611228169,0.6329113924050633,-0.23809523809523814,0.2
ukzn_ISTN3SA_2019,ukzn_ISTN102_2018,UKZN,UKZN,D2_other_module,raw,gradient_boosting,257,0.6079209461562403,0.7958656330749354,-0.23809523809523814,0.2
ukzn_ISTN3SA_2019,ukzn_ISTN103_2019,UKZN,UKZN,D2_other_module,raw,gradient_boosting,1113,0.5765969659696597,0.7854671280276817,-0.04761904761904762,0.2
ukzn_ISTN3SA_2019,ukzn_ISTN103_2020,UKZN,UKZN,D2_other_module,raw,gradient_boosting,1082,0.5762555640483791,0.7610513739545998,-0.23809523809523814,0.2
ukzn_ISTN3SA_2019,ukzn_ISTN211_2019,UKZN,UKZN,D2_other_module,raw,gradient_boosting,280,0.5991127243395846,0.9427480916030534,0.33333333333333337,0.5
ukzn_ISTN3SA_2019,ukzn_ISTN211_2021,UKZN,UKZN,D2_other_module,raw,gradient_boosting,327,0.5709677419354838,0.7326732673267327,-0.33333333333333337,0.2
ukzn_ISTN3SA_2019,ukzn_ISTN212_2018,UKZN,UKZN,D2_other_module,raw,gradient_boosting,238,0.6061387066541706,0.8186528497409327,-0.14285714285714288,0.2
ukzn_ISTN3SA_2019,ukzn_ISTN212_2019,UKZN,UKZN,D2_other_module,raw,gradient_boosting,264,0.6325075075075076,0.8879120879120879,-0.4285714285714286,0.2
ukzn_ISTN3SA_2019,ukzn_ISTN2IP_2018,UKZN,UKZN,D2_other_module,raw,gradient_boosting,99,0.5240540540540541,0.7183098591549296,-0.6190476190476191,0.0
ukzn_ISTN3SA_2019,ukzn_ISTN2IP_2019,UKZN,UKZN,D2_other_module,raw,gradient_boosting,116,0.5375405844155844,0.7727272727272727,-0.4285714285714286,0.0
ukzn_ISTN3SA_2019,ukzn_ISTN3ND_2018,UKZN,UKZN,D2_other_module,raw,gradient_boosting,144,0.5499092558983667,0.6831683168316832,0.14285714285714288,0.5
ukzn_ISTN3SA_2019,ukzn_ISTN3ND_2019,UKZN,UKZN,D2_other_module,raw,gradient_boosting,223,0.3461147790756729,0.24778761061946902,-0.6190476190476191,0.2
ukzn_ISTN3SA_2019,ukzn_ISTN3SA_2018,UKZN,UKZN,D1_same_module,raw,gradient_boosting,141,0.5112612612612613,0.8205128205128205,0.4285714285714286,1.0
ukzn_ISTN3SA_2019,ukzn_ISTN3SA_2019,UKZN,UKZN,D0_within_cohort,raw,gradient_boosting,195,0.5823529411764706,0.9147727272727273,1.0,1.0
oulad_BBB_2013B,oulad_BBB_2013B,OULAD,OULAD,D0_within_cohort,raw,logistic_regression,1767,0.8721450421913675,0.7798165137614679,1.0,1.0
oulad_BBB_2013B,oulad_BBB_2013J,OULAD,OULAD,D1_same_module,raw,logistic_regression,2237,0.8618025751072962,0.7460474308300395,0.23809523809523814,0.5
oulad_BBB_2013B,oulad_BBB_2014B,OULAD,OULAD,D1_same_module,raw,logistic_regression,1613,0.8639954853273137,0.7392226148409894,0.7142857142857143,0.5
oulad_BBB_2013B,oulad_BBB_2014J,OULAD,OULAD,D1_same_module,raw,logistic_regression,2292,0.861873705531189,0.7502321262766946,0.5238095238095238,0.5
oulad_BBB_2013B,oulad_DDD_2013B,OULAD,OULAD,D2_other_module,raw,logistic_regression,1303,0.8122147219543556,0.7180232558139535,0.5238095238095238,0.5
oulad_BBB_2013B,oulad_DDD_2013J,OULAD,OULAD,D2_other_module,raw,logistic_regression,1938,0.8395744435537293,0.7752698724239451,0.7142857142857143,1.0
oulad_BBB_2013B,oulad_DDD_2014B,OULAD,OULAD,D2_other_module,raw,logistic_regression,1228,0.8501244526452807,0.7471162377994676,0.5238095238095238,0.5
oulad_BBB_2013B,oulad_DDD_2014J,OULAD,OULAD,D2_other_module,raw,logistic_regression,1803,0.8448568274235929,0.7598447032723239,0.8095238095238096,1.0
oulad_BBB_2013B,oulad_FFF_2013B,OULAD,OULAD,D2_other_module,raw,logistic_regression,1614,0.7768004254377336,0.6832298136645962,0.4285714285714286,0.5
oulad_BBB_2013B,oulad_FFF_2013J,OULAD,OULAD,D2_other_module,raw,logistic_regression,2283,0.8244430607444306,0.6862170087976539,0.5238095238095238,0.2
oulad_BBB_2013B,oulad_FFF_2014B,OULAD,OULAD,D2_other_module,raw,logistic_regression,1500,0.8075509141778905,0.6994134897360704,0.6190476190476191,0.5
oulad_BBB_2013B,oulad_FFF_2014J,OULAD,OULAD,D2_other_module,raw,logistic_regression,2365,0.849007830613135,0.7057115198451114,0.23809523809523814,0.5
oulad_BBB_2013B,ku_Accountancy_1819,OULAD,KU Leuven,D3_other_institution,raw,logistic_regression,756,0.6049591964846203,0.6353711790393013,-0.14285714285714288,0.2
oulad_BBB_2013B,ku_Globaleconom_1819,OULAD,KU Leuven,D3_other_institution,raw,logistic_regression,743,0.6200147221199853,0.47003154574132494,0.4285714285714286,0.2
oulad_BBB_2013B,ukzn_ISTN101_2019,OULAD,UKZN,D3_other_institution,raw,logistic_regression,1056,0.6654180793777422,0.8848484848484849,0.33333333333333337,0.5
oulad_BBB_2013B,ukzn_ISTN101_2020,OULAD,UKZN,D3_other_institution,raw,logistic_regression,978,0.7305858834384129,0.5954887218045113,-0.04761904761904762,0.5
oulad_BBB_2013B,ukzn_ISTN101_2021,OULAD,UKZN,D3_other_institution,raw,logistic_regression,741,0.7531722620218196,0.9504373177842566,-0.04761904761904762,0.2
oulad_BBB_2013B,ukzn_ISTN102_2018,OULAD,UKZN,D3_other_institution,raw,logistic_regression,257,0.6524276377217554,0.5338078291814946,0.4285714285714286,0.5
oulad_BBB_2013B,ukzn_ISTN103_2019,OULAD,UKZN,D3_other_institution,raw,logistic_regression,1113,0.6577429274292743,0.6438356164383562,-0.14285714285714288,0.2
oulad_BBB_2013B,ukzn_ISTN103_2020,OULAD,UKZN,D3_other_institution,raw,logistic_regression,1082,0.652969740569219,0.4492063492063492,0.4285714285714286,0.5
oulad_BBB_2013B,ukzn_ISTN211_2019,OULAD,UKZN,D3_other_institution,raw,logistic_regression,280,0.7297842306916718,0.9509433962264151,-0.04761904761904762,0.2
oulad_BBB_2013B,ukzn_ISTN211_2021,OULAD,UKZN,D3_other_institution,raw,logistic_regression,327,0.8079696394686907,0.7213114754098361,-0.23809523809523814,0.0
oulad_BBB_2013B,ukzn_ISTN212_2018,OULAD,UKZN,D3_other_institution,raw,logistic_regression,238,0.7691541705716962,0.7414330218068536,0.04761904761904762,0.5
oulad_BBB_2013B,ukzn_ISTN212_2019,OULAD,UKZN,D3_other_institution,raw,logistic_regression,264,0.7325182325182326,0.7342465753424657,0.33333333333333337,0.5
oulad_BBB_2013B,ukzn_ISTN2IP_2018,OULAD,UKZN,D3_other_institution,raw,logistic_regression,99,0.6578378378378378,0.5523809523809524,-0.14285714285714288,0.2
oulad_BBB_2013B,ukzn_ISTN2IP_2019,OULAD,UKZN,D3_other_institution,raw,logistic_regression,116,0.7244318181818182,0.8844221105527639,0.04761904761904762,0.5
oulad_BBB_2013B,ukzn_ISTN3ND_2018,OULAD,UKZN,D3_other_institution,raw,logistic_regression,144,0.5412381528533978,0.4857142857142857,0.14285714285714288,0.5
oulad_BBB_2013B,ukzn_ISTN3ND_2019,OULAD,UKZN,D3_other_institution,raw,logistic_regression,223,0.6460132046724225,0.8165680473372781,0.33333333333333337,0.5
oulad_BBB_2013B,ukzn_ISTN3SA_2018,OULAD,UKZN,D3_other_institution,raw,logistic_regression,141,0.663063063063063,0.8290598290598291,0.4285714285714286,0.5
oulad_BBB_2013B,ukzn_ISTN3SA_2019,OULAD,UKZN,D3_other_institution,raw,logistic_regression,195,0.5988235294117648,0.8994082840236687,0.23809523809523814,0.5
oulad_BBB_2013J,oulad_BBB_2013B,OULAD,OULAD,D1_same_module,raw,logistic_regression,1767,0.8591614433426518,0.784354091610911,0.23809523809523814,0.5
oulad_BBB_2013J,oulad_BBB_2013J,OULAD,OULAD,D0_within_cohort,raw,logistic_regression,2237,0.8627774485939401,0.7887323943661971,1.0,1.0
oulad_BBB_2013J,oulad_BBB_2014B,OULAD,OULAD,D1_same_module,raw,logistic_regression,1613,0.8654424161882377,0.7819277108433735,0.6190476190476191,1.0
oulad_BBB_2013J,oulad_BBB_2014J,OULAD,OULAD,D1_same_module,raw,logistic_regression,2292,0.860121603923002,0.7965043695380774,0.7142857142857143,1.0
oulad_BBB_2013J,oulad_DDD_2013B,OULAD,OULAD,D2_other_module,raw,logistic_regression,1303,0.7368172489676829,0.6790035587188612,0.5238095238095238,0.5
oulad_BBB_2013J,oulad_DDD_2013J,OULAD,OULAD,D2_other_module,raw,logistic_regression,1938,0.7918195355252181,0.7501185395922239,0.4285714285714286,0.5
oulad_BBB_2013J,oulad_DDD_2014B,OULAD,OULAD,D2_other_module,raw,logistic_regression,1228,0.8122256258170254,0.7246608140462889,0.5238095238095238,1.0
oulad_BBB_2013J,oulad_DDD_2014J,OULAD,OULAD,D2_other_module,raw,logistic_regression,1803,0.8135759174334841,0.7596899224806202,0.33333333333333337,0.5
oulad_BBB_2013J,oulad_FFF_2013B,OULAD,OULAD,D2_other_module,raw,logistic_regression,1614,0.7199442381467638,0.715359828141783,0.6190476190476191,0.5
oulad_BBB_2013J,oulad_FFF_2013J,OULAD,OULAD,D2_other_module,raw,logistic_regression,2283,0.8055125071106807,0.7652811735941321,0.6190476190476191,1.0
oulad_BBB_2013J,oulad_FFF_2014B,OULAD,OULAD,D2_other_module,raw,logistic_regression,1500,0.768254639570275,0.7087011349306431,0.33333333333333337,0.5
oulad_BBB_2013J,oulad_FFF_2014J,OULAD,OULAD,D2_other_module,raw,logistic_regression,2365,0.8384771049973602,0.7788421491045397,0.7142857142857143,1.0
oulad_BBB_2013J,ku_Accountancy_1819,OULAD,KU Leuven,D3_other_institution,raw,logistic_regression,756,0.5617283950617284,0.8113360323886639,-0.23809523809523814,0.2
oulad_BBB_2013J,ku_Globaleconom_1819,OULAD,KU Leuven,D3_other_institution,raw,logistic_regression,743,0.5941405962458595,0.7120921305182342,0.04761904761904762,0.2
oulad_BBB_2013J,ukzn_ISTN101_2019,OULAD,UKZN,D3_other_institution,raw,logistic_regression,1056,0.6512514958117271,0.9050104384133612,0.04761904761904762,0.2
oulad_BBB_2013J,ukzn_ISTN101_2020,OULAD,UKZN,D3_other_institution,raw,logistic_regression,978,0.7137365172118363,0.8174454828660436,-0.4285714285714286,0.2
oulad_BBB_2013J,ukzn_ISTN101_2021,OULAD,UKZN,D3_other_institution,raw,logistic_regression,741,0.7825771409842205,0.9568294409058741,-0.14285714285714288,0.2
oulad_BBB_2013J,ukzn_ISTN102_2018,OULAD,UKZN,D3_other_institution,raw,logistic_regression,257,0.6384998443821973,0.8287841191066998,0.4285714285714286,0.5
oulad_BBB_2013J,ukzn_ISTN103_2019,OULAD,UKZN,D3_other_institution,raw,logistic_regression,1113,0.6379028290282902,0.8158041179744018,-0.4285714285714286,0.2
oulad_BBB_2013J,ukzn_ISTN103_2020,OULAD,UKZN,D3_other_institution,raw,logistic_regression,1082,0.6521604244413471,0.834733893557423,-0.23809523809523814,0.2
oulad_BBB_2013J,ukzn_ISTN211_2019,OULAD,UKZN,D3_other_institution,raw,logistic_regression,280,0.7265577737447066,0.9666666666666667,-0.33333333333333337,0.2
oulad_BBB_2013J,ukzn_ISTN211_2021,OULAD,UKZN,D3_other_institution,raw,logistic_regression,327,0.7929791271347248,0.9351081530782029,-0.04761904761904762,0.2
oulad_BBB_2013J,ukzn_ISTN212_2018,OULAD,UKZN,D3_other_institution,raw,logistic_regression,238,0.7591963448922212,0.8807785888077859,-0.33333333333333337,0.2
oulad_BBB_2013J,ukzn_ISTN212_2019,OULAD,UKZN,D3_other_institution,raw,logistic_regression,264,0.7064564564564565,0.9156118143459916,-0.23809523809523814,0.5
oulad_BBB_2013J,ukzn_ISTN2IP_2018,OULAD,UKZN,D3_other_institution,raw,logistic_regression,99,0.6264864864864865,0.8076923076923077,-0.23809523809523814,0.2
oulad_BBB_2013J,ukzn_ISTN2IP_2019,OULAD,UKZN,D3_other_institution,raw,logistic_regression,116,0.6862824675324676,0.8712871287128713,0.04761904761904762,0.2
oulad_BBB_2013J,ukzn_ISTN3ND_2018,OULAD,UKZN,D3_other_institution,raw,logistic_regression,144,0.5275257108287961,0.7069767441860465,-0.4285714285714286,0.2
oulad_BBB_2013J,ukzn_ISTN3ND_2019,OULAD,UKZN,D3_other_institution,raw,logistic_regression,223,0.6992127983748095,0.8877551020408163,0.6190476190476191,1.0
oulad_BBB_2013J,ukzn_ISTN3SA_2018,OULAD,UKZN,D3_other_institution,raw,logistic_regression,141,0.6432432432432432,0.8844621513944223,-0.23809523809523814,0.2
oulad_BBB_2013J,ukzn_ISTN3SA_2019,OULAD,UKZN,D3_other_institution,raw,logistic_regression,195,0.592235294117647,0.9366391184573003,0.04761904761904762,0.2
oulad_BBB_2014B,oulad_BBB_2013B,OULAD,OULAD,D1_same_module,raw,logistic_regression,1767,0.8619130542622842,0.7869884575026233,0.5238095238095238,1.0
oulad_BBB_2014B,oulad_BBB_2013J,OULAD,OULAD,D1_same_module,raw,logistic_regression,2237,0.8683860739222343,0.7839927239654388,0.5238095238095238,1.0
oulad_BBB_2014B,oulad_BBB_2014B,OULAD,OULAD,D0_within_cohort,raw,logistic_regression,1613,0.865457941197475,0.7803030303030303,1.0,1.0
oulad_BBB_2014B,oulad_BBB_2014J,OULAD,OULAD,D1_same_module,raw,logistic_regression,2292,0.8676645498294346,0.8003355704697986,0.7142857142857143,0.5
oulad_BBB_2014B,oulad_DDD_2013B,OULAD,OULAD,D2_other_module,raw,logistic_regression,1303,0.7895433078653908,0.7094076655052265,0.4285714285714286,0.5
oulad_BBB_2014B,oulad_DDD_2013J,OULAD,OULAD,D2_other_module,raw,logistic_regression,1938,0.8237612863717299,0.7687943262411348,0.4285714285714286,0.5
oulad_BBB_2014B,oulad_DDD_2014B,OULAD,OULAD,D2_other_module,raw,logistic_regression,1228,0.8445554406571323,0.7494071146245059,0.5238095238095238,1.0
oulad_BBB_2014B,oulad_DDD_2014J,OULAD,OULAD,D2_other_module,raw,logistic_regression,1803,0.8366766078190411,0.7653543307086614,0.33333333333333337,0.5
oulad_BBB_2014B,oulad_FFF_2013B,OULAD,OULAD,D2_other_module,raw,logistic_regression,1614,0.8156708021837498,0.7651209677419355,0.4285714285714286,0.5
oulad_BBB_2014B,oulad_FFF_2013J,OULAD,OULAD,D2_other_module,raw,logistic_regression,2283,0.865466691265778,0.8078277886497065,0.7142857142857143,1.0
oulad_BBB_2014B,oulad_FFF_2014B,OULAD,OULAD,D2_other_module,raw,logistic_regression,1500,0.8427968276689728,0.7617328519855595,0.4285714285714286,0.5
oulad_BBB_2014B,oulad_FFF_2014J,OULAD,OULAD,D2_other_module,raw,logistic_regression,2365,0.8870238935564586,0.8286505738029284,0.5238095238095238,1.0
oulad_BBB_2014B,ku_Accountancy_1819,OULAD,KU Leuven,D3_other_institution,raw,logistic_regression,756,0.5948231847666875,0.7945670628183361,-0.33333333333333337,0.2
oulad_BBB_2014B,ku_Globaleconom_1819,OULAD,KU Leuven,D3_other_institution,raw,logistic_regression,743,0.5938755980861244,0.6788793103448276,-0.04761904761904762,0.2
oulad_BBB_2014B,ukzn_ISTN101_2019,OULAD,UKZN,D3_other_institution,raw,logistic_regression,1056,0.6396340247307539,0.9009483667017913,-0.04761904761904762,0.2
oulad_BBB_2014B,ukzn_ISTN101_2020,OULAD,UKZN,D3_other_institution,raw,logistic_regression,978,0.7160431449221238,0.7435043304463691,-0.4285714285714286,0.2
oulad_BBB_2014B,ukzn_ISTN101_2021,OULAD,UKZN,D3_other_institution,raw,logistic_regression,741,0.7485367795102308,0.9580071174377224,-0.23809523809523814,0.2
oulad_BBB_2014B,ukzn_ISTN102_2018,OULAD,UKZN,D3_other_institution,raw,logistic_regression,257,0.6333644568938687,0.7597765363128491,0.23809523809523814,0.5
oulad_BBB_2014B,ukzn_ISTN103_2019,OULAD,UKZN,D3_other_institution,raw,logistic_regression,1113,0.6358569085690856,0.7818070067609096,-0.4285714285714286,0.0
oulad_BBB_2014B,ukzn_ISTN103_2020,OULAD,UKZN,D3_other_institution,raw,logistic_regression,1082,0.6437705139157412,0.6943543153796237,-0.14285714285714288,0.2
oulad_BBB_2014B,ukzn_ISTN211_2019,OULAD,UKZN,D3_other_institution,raw,logistic_regression,280,0.7318007662835249,0.9628252788104089,-0.23809523809523814,0.2
oulad_BBB_2014B,ukzn_ISTN211_2021,OULAD,UKZN,D3_other_institution,raw,logistic_regression,327,0.7817836812144212,0.8311688311688312,-0.23809523809523814,0.0
oulad_BBB_2014B,ukzn_ISTN212_2018,OULAD,UKZN,D3_other_institution,raw,logistic_regression,238,0.7466611996251171,0.8608247422680413,-0.14285714285714288,0.2
oulad_BBB_2014B,ukzn_ISTN212_2019,OULAD,UKZN,D3_other_institution,raw,logistic_regression,264,0.6907979407979409,0.8558352402745996,-0.14285714285714288,0.5
oulad_BBB_2014B,ukzn_ISTN2IP_2018,OULAD,UKZN,D3_other_institution,raw,logistic_regression,99,0.6162162162162163,0.7246376811594203,-0.33333333333333337,0.2
oulad_BBB_2014B,ukzn_ISTN2IP_2019,OULAD,UKZN,D3_other_institution,raw,logistic_regression,116,0.6741071428571429,0.8712871287128713,-0.14285714285714288,0.2
oulad_BBB_2014B,ukzn_ISTN3ND_2018,OULAD,UKZN,D3_other_institution,raw,logistic_regression,144,0.5206694898164953,0.6559139784946236,-0.4285714285714286,0.2
oulad_BBB_2014B,ukzn_ISTN3ND_2019,OULAD,UKZN,D3_other_institution,raw,logistic_regression,223,0.6565515490096495,0.8736842105263158,0.4285714285714286,1.0
oulad_BBB_2014B,ukzn_ISTN3SA_2018,OULAD,UKZN,D3_other_institution,raw,logistic_regression,141,0.6453453453453454,0.8755020080321285,0.04761904761904762,0.2
oulad_BBB_2014B,ukzn_ISTN3SA_2019,OULAD,UKZN,D3_other_institution,raw,logistic_regression,195,0.5809411764705883,0.9355742296918768,-0.23809523809523814,0.2
oulad_BBB_2014J,oulad_BBB_2013B,OULAD,OULAD,D1_same_module,raw,logistic_regression,1767,0.8481369139585475,0.7776081424936386,0.5238095238095238,0.5
oulad_BBB_2014J,oulad_BBB_2013J,OULAD,OULAD,D1_same_module,raw,logistic_regression,2237,0.866227339696368,0.7895424836601307,0.5238095238095238,1.0
oulad_BBB_2014J,oulad_BBB_2014B,OULAD,OULAD,D1_same_module,raw,logistic_regression,1613,0.8655681687630604,0.785415421398685,0.7142857142857143,1.0
oulad_BBB_2014J,oulad_BBB_2014J,OULAD,OULAD,D0_within_cohort,raw,logistic_regression,2292,0.8653904727095515,0.8050570962479608,1.0,1.0
oulad_BBB_2014J,oulad_DDD_2013B,OULAD,OULAD,D2_other_module,raw,logistic_regression,1303,0.8108622011225676,0.6971975393028025,0.33333333333333337,0.5
oulad_BBB_2014J,oulad_DDD_2013J,OULAD,OULAD,D2_other_module,raw,logistic_regression,1938,0.8396038117779632,0.7635009310986964,0.23809523809523814,0.5
oulad_BBB_2014J,oulad_DDD_2014B,OULAD,OULAD,D2_other_module,raw,logistic_regression,1228,0.8540768345267594,0.7338461538461538,0.5238095238095238,1.0
oulad_BBB_2014J,oulad_DDD_2014J,OULAD,OULAD,D2_other_module,raw,logistic_regression,1803,0.8430896502113119,0.7657200811359026,0.23809523809523814,0.5
oulad_BBB_2014J,oulad_FFF_2013B,OULAD,OULAD,D2_other_module,raw,logistic_regression,1614,0.8298925339366516,0.7507274490785645,0.5238095238095238,0.5
oulad_BBB_2014J,oulad_FFF_2013J,OULAD,OULAD,D2_other_module,raw,logistic_regression,2283,0.873080884953031,0.7943578322197475,0.9047619047619049,1.0
oulad_BBB_2014J,oulad_FFF_2014B,OULAD,OULAD,D2_other_module,raw,logistic_regression,1500,0.8631408101445189,0.7427912341407151,0.6190476190476191,0.5
oulad_BBB_2014J,oulad_FFF_2014J,OULAD,OULAD,D2_other_module,raw,logistic_regression,2365,0.9018867071827009,0.8245944926442852,0.6190476190476191,1.0
oulad_BBB_2014J,ku_Accountancy_1819,OULAD,KU Leuven,D3_other_institution,raw,logistic_regression,756,0.591625863151287,0.8089887640449438,-0.14285714285714288,0.2
oulad_BBB_2014J,ku_Globaleconom_1819,OULAD,KU Leuven,D3_other_institution,raw,logistic_regression,743,0.5732351858667648,0.7182835820895522,-0.04761904761904762,0.2
oulad_BBB_2014J,ukzn_ISTN101_2019,OULAD,UKZN,D3_other_institution,raw,logistic_regression,1056,0.612709413641803,0.9038662486938349,0.04761904761904762,0.2
oulad_BBB_2014J,ukzn_ISTN101_2020,OULAD,UKZN,D3_other_institution,raw,logistic_regression,978,0.7020935392456229,0.799493991144845,-0.5238095238095238,0.2
oulad_BBB_2014J,ukzn_ISTN101_2021,OULAD,UKZN,D3_other_institution,raw,logistic_regression,741,0.7618345273212529,0.9568294409058741,-0.14285714285714288,0.2
oulad_BBB_2014J,ukzn_ISTN102_2018,OULAD,UKZN,D3_other_institution,raw,logistic_regression,257,0.6277622159975101,0.8333333333333334,0.33333333333333337,0.5
oulad_BBB_2014J,ukzn_ISTN103_2019,OULAD,UKZN,D3_other_institution,raw,logistic_regression,1113,0.6193788437884379,0.8187845303867404,-0.33333333333333337,0.2
oulad_BBB_2014J,ukzn_ISTN103_2020,OULAD,UKZN,D3_other_institution,raw,logistic_regression,1082,0.6346342340722089,0.8421052631578947,-0.23809523809523814,0.2
oulad_BBB_2014J,ukzn_ISTN211_2019,OULAD,UKZN,D3_other_institution,raw,logistic_regression,280,0.7170800564629967,0.9666666666666667,-0.14285714285714288,0.2
oulad_BBB_2014J,ukzn_ISTN211_2021,OULAD,UKZN,D3_other_institution,raw,logistic_regression,327,0.7755218216318785,0.9368770764119602,-0.14285714285714288,0.2
oulad_BBB_2014J,ukzn_ISTN212_2018,OULAD,UKZN,D3_other_institution,raw,logistic_regression,238,0.7074156513589502,0.8798076923076923,-0.33333333333333337,0.2
oulad_BBB_2014J,ukzn_ISTN212_2019,OULAD,UKZN,D3_other_institution,raw,logistic_regression,264,0.6448948948948948,0.9159663865546218,-0.23809523809523814,0.5
oulad_BBB_2014J,ukzn_ISTN2IP_2018,OULAD,UKZN,D3_other_institution,raw,logistic_regression,99,0.6021621621621622,0.7924528301886793,-0.33333333333333337,0.2
oulad_BBB_2014J,ukzn_ISTN2IP_2019,OULAD,UKZN,D3_other_institution,raw,logistic_regression,116,0.6266233766233766,0.8712871287128713,0.04761904761904762,0.2
oulad_BBB_2014J,ukzn_ISTN3ND_2018,OULAD,UKZN,D3_other_institution,raw,logistic_regression,144,0.4928412986489211,0.7129629629629629,-0.4285714285714286,0.2
oulad_BBB_2014J,ukzn_ISTN3ND_2019,OULAD,UKZN,D3_other_institution,raw,logistic_regression,223,0.6707719654647029,0.8854961832061069,0.23809523809523814,0.5
oulad_BBB_2014J,ukzn_ISTN3SA_2018,OULAD,UKZN,D3_other_institution,raw,logistic_regression,141,0.5990990990990991,0.8844621513944223,-0.14285714285714288,0.2
oulad_BBB_2014J,ukzn_ISTN3SA_2019,OULAD,UKZN,D3_other_institution,raw,logistic_regression,195,0.5760000000000001,0.9366391184573003,-0.23809523809523814,0.2
oulad_DDD_2013B,oulad_BBB_2013B,OULAD,OULAD,D2_other_module,raw,logistic_regression,1767,0.8594301452540524,0.6568483063328424,0.7142857142857143,1.0
oulad_DDD_2013B,oulad_BBB_2013J,OULAD,OULAD,D2_other_module,raw,logistic_regression,2237,0.8653041124847863,0.5591531755915318,0.7142857142857143,0.5
oulad_DDD_2013B,oulad_BBB_2014B,OULAD,OULAD,D2_other_module,raw,logistic_regression,1613,0.8659516364912236,0.39323467230443976,0.7142857142857143,1.0
oulad_DDD_2013B,oulad_BBB_2014J,OULAD,OULAD,D2_other_module,raw,logistic_regression,2292,0.8667074043615985,0.43359375,0.8095238095238096,1.0
oulad_DDD_2013B,oulad_DDD_2013B,OULAD,OULAD,D0_within_cohort,raw,logistic_regression,1303,0.8404816655539896,0.7192825112107624,1.0,1.0
oulad_DDD_2013B,oulad_DDD_2013J,OULAD,OULAD,D1_same_module,raw,logistic_regression,1938,0.8653320077749654,0.7362703681351841,0.8095238095238096,1.0
oulad_DDD_2013B,oulad_DDD_2014B,OULAD,OULAD,D1_same_module,raw,logistic_regression,1228,0.8717092518626088,0.7093922651933702,0.8095238095238096,0.5
oulad_DDD_2013B,oulad_DDD_2014J,OULAD,OULAD,D1_same_module,raw,logistic_regression,1803,0.8580238587656985,0.6978021978021978,0.9047619047619049,1.0
oulad_DDD_2013B,oulad_FFF_2013B,OULAD,OULAD,D2_other_module,raw,logistic_regression,1614,0.8391375049183551,0.7492103600758054,0.8095238095238096,0.5
oulad_DDD_2013B,oulad_FFF_2013J,OULAD,OULAD,D2_other_module,raw,logistic_regression,2283,0.8741155850744892,0.7486682808716707,0.7142857142857143,1.0
oulad_DDD_2013B,oulad_FFF_2014B,OULAD,OULAD,D2_other_module,raw,logistic_regression,1500,0.8732874979215015,0.7478260869565218,0.8095238095238096,0.5
oulad_DDD_2013B,oulad_FFF_2014J,OULAD,OULAD,D2_other_module,raw,logistic_regression,2365,0.9031255738815049,0.7774566473988439,0.7142857142857143,1.0
oulad_DDD_2013B,ku_Accountancy_1819,OULAD,KU Leuven,D3_other_institution,raw,logistic_regression,756,0.6176647834274953,0.0,-0.14285714285714288,0.2
oulad_DDD_2013B,ku_Globaleconom_1819,OULAD,KU Leuven,D3_other_institution,raw,logistic_regression,743,0.6176076555023923,0.0,0.5238095238095238,0.5
oulad_DDD_2013B,ukzn_ISTN101_2019,OULAD,UKZN,D3_other_institution,raw,logistic_regression,1056,0.6770667132030316,0.29971181556195964,0.5238095238095238,0.5
oulad_DDD_2013B,ukzn_ISTN101_2020,OULAD,UKZN,D3_other_institution,raw,logistic_regression,978,0.7263460820280749,0.1194331983805668,-0.23809523809523814,0.2
oulad_DDD_2013B,ukzn_ISTN101_2021,OULAD,UKZN,D3_other_institution,raw,logistic_regression,741,0.7903029451702019,0.48444444444444446,-0.14285714285714288,0.2
oulad_DDD_2013B,ukzn_ISTN102_2018,OULAD,UKZN,D3_other_institution,raw,logistic_regression,257,0.6552287581699346,0.0,0.33333333333333337,1.0
oulad_DDD_2013B,ukzn_ISTN103_2019,OULAD,UKZN,D3_other_institution,raw,logistic_regression,1113,0.6597765477654776,0.0,-0.23809523809523814,0.2
oulad_DDD_2013B,ukzn_ISTN103_2020,OULAD,UKZN,D3_other_institution,raw,logistic_regression,1082,0.6668180387572501,0.002066115702479339,0.04761904761904762,0.5
oulad_DDD_2013B,ukzn_ISTN211_2019,OULAD,UKZN,D3_other_institution,raw,logistic_regression,280,0.7676950998185119,0.37267080745341613,-0.14285714285714288,0.2
oulad_DDD_2013B,ukzn_ISTN211_2021,OULAD,UKZN,D3_other_institution,raw,logistic_regression,327,0.7800759013282732,0.0,0.04761904761904762,0.0
oulad_DDD_2013B,ukzn_ISTN212_2018,OULAD,UKZN,D3_other_institution,raw,logistic_regression,238,0.770325679475164,0.0,0.14285714285714288,0.2
oulad_DDD_2013B,ukzn_ISTN212_2019,OULAD,UKZN,D3_other_institution,raw,logistic_regression,264,0.7456027456027455,0.0,-0.04761904761904762,0.2
oulad_DDD_2013B,ukzn_ISTN2IP_2018,OULAD,UKZN,D3_other_institution,raw,logistic_regression,99,0.6502702702702703,0.0,-0.23809523809523814,0.2
oulad_DDD_2013B,ukzn_ISTN2IP_2019,OULAD,UKZN,D3_other_institution,raw,logistic_regression,116,0.7130681818181818,0.35514018691588783,0.04761904761904762,0.5
oulad_DDD_2013B,ukzn_ISTN3ND_2018,OULAD,UKZN,D3_other_institution,raw,logistic_regression,144,0.564629965718895,0.0,0.04761904761904762,0.5
oulad_DDD_2013B,ukzn_ISTN3ND_2019,OULAD,UKZN,D3_other_institution,raw,logistic_regression,223,0.7003555104113763,0.0,0.14285714285714288,0.5
oulad_DDD_2013B,ukzn_ISTN3SA_2018,OULAD,UKZN,D3_other_institution,raw,logistic_regression,141,0.6498498498498498,0.2878787878787879,0.5238095238095238,0.5
oulad_DDD_2013B,ukzn_ISTN3SA_2019,OULAD,UKZN,D3_other_institution,raw,logistic_regression,195,0.6190588235294117,0.43946188340807174,0.23809523809523814,0.5
oulad_DDD_2013J,oulad_BBB_2013B,OULAD,OULAD,D2_other_module,raw,logistic_regression,1767,0.8601406551159293,0.7127371273712737,0.7142857142857143,1.0
oulad_DDD_2013J,oulad_BBB_2013J,OULAD,OULAD,D2_other_module,raw,logistic_regression,2237,0.8636762539235155,0.6377816291161178,0.4285714285714286,0.5
oulad_DDD_2013J,oulad_BBB_2014B,OULAD,OULAD,D2_other_module,raw,logistic_regression,1613,0.8653446086300421,0.5396825396825397,0.7142857142857143,0.5
oulad_DDD_2013J,oulad_BBB_2014J,OULAD,OULAD,D2_other_module,raw,logistic_regression,2292,0.8656634533382066,0.6031215161649944,0.6190476190476191,0.5
oulad_DDD_2013J,oulad_DDD_2013B,OULAD,OULAD,D1_same_module,raw,logistic_regression,1303,0.8413124644561482,0.7375099127676448,0.8095238095238096,1.0
oulad_DDD_2013J,oulad_DDD_2013J,OULAD,OULAD,D0_within_cohort,raw,logistic_regression,1938,0.8611910881579706,0.7740881872618399,1.0,1.0
oulad_DDD_2013J,oulad_DDD_2014B,OULAD,OULAD,D1_same_module,raw,logistic_regression,1228,0.8679436186313834,0.7485148514851485,0.6190476190476191,0.5
oulad_DDD_2013J,oulad_DDD_2014J,OULAD,OULAD,D1_same_module,raw,logistic_regression,1803,0.8572557923448131,0.7367766023646546,0.7142857142857143,0.5
oulad_DDD_2013J,oulad_FFF_2013B,OULAD,OULAD,D2_other_module,raw,logistic_regression,1614,0.8435886164666536,0.7789232531500573,0.5238095238095238,0.5
oulad_DDD_2013J,oulad_FFF_2013J,OULAD,OULAD,D2_other_module,raw,logistic_regression,2283,0.8777969958335256,0.7987670629678556,0.7142857142857143,1.0
oulad_DDD_2013J,oulad_FFF_2014B,OULAD,OULAD,D2_other_module,raw,logistic_regression,1500,0.8739833430932396,0.7779349363507779,0.6190476190476191,0.5
oulad_DDD_2013J,oulad_FFF_2014J,OULAD,OULAD,D2_other_module,raw,logistic_regression,2365,0.9058328598810919,0.8240942819729375,0.6190476190476191,1.0
oulad_DDD_2013J,ku_Accountancy_1819,OULAD,KU Leuven,D3_other_institution,raw,logistic_regression,756,0.6217744297970287,0.0,-0.33333333333333337,0.0
oulad_DDD_2013J,ku_Globaleconom_1819,OULAD,KU Leuven,D3_other_institution,raw,logistic_regression,743,0.6177401545822598,0.0,0.33333333333333337,0.2
oulad_DDD_2013J,ukzn_ISTN101_2019,OULAD,UKZN,D3_other_institution,raw,logistic_regression,1056,0.6766428998803351,0.5469125902165196,0.4285714285714286,0.5
oulad_DDD_2013J,ukzn_ISTN101_2020,OULAD,UKZN,D3_other_institution,raw,logistic_regression,978,0.7355286571033148,0.20135527589545016,-0.14285714285714288,0.2
oulad_DDD_2013J,ukzn_ISTN101_2021,OULAD,UKZN,D3_other_institution,raw,logistic_regression,741,0.7775904855550874,0.7637655417406749,-0.04761904761904762,0.2
oulad_DDD_2013J,ukzn_ISTN102_2018,OULAD,UKZN,D3_other_institution,raw,logistic_regression,257,0.6533613445378151,0.0,0.23809523809523814,1.0
oulad_DDD_2013J,ukzn_ISTN103_2019,OULAD,UKZN,D3_other_institution,raw,logistic_regression,1113,0.6623267732677326,0.007352941176470588,-0.23809523809523814,0.2
oulad_DDD_2013J,ukzn_ISTN103_2020,OULAD,UKZN,D3_other_institution,raw,logistic_regression,1082,0.6710174902207635,0.01842374616171955,0.23809523809523814,0.5
oulad_DDD_2013J,ukzn_ISTN211_2019,OULAD,UKZN,D3_other_institution,raw,logistic_regression,280,0.7644686428715467,0.6266318537859008,-0.23809523809523814,0.2
oulad_DDD_2013J,ukzn_ISTN211_2021,OULAD,UKZN,D3_other_institution,raw,logistic_regression,327,0.7886148007590132,0.0,0.04761904761904762,0.0
oulad_DDD_2013J,ukzn_ISTN212_2018,OULAD,UKZN,D3_other_institution,raw,logistic_regression,238,0.7703256794751641,0.0,0.04761904761904762,0.2
oulad_DDD_2013J,ukzn_ISTN212_2019,OULAD,UKZN,D3_other_institution,raw,logistic_regression,264,0.7436722436722436,0.0,-0.14285714285714288,0.2
oulad_DDD_2013J,ukzn_ISTN2IP_2018,OULAD,UKZN,D3_other_institution,raw,logistic_regression,99,0.661081081081081,0.0,-0.14285714285714288,0.2
oulad_DDD_2013J,ukzn_ISTN2IP_2019,OULAD,UKZN,D3_other_institution,raw,logistic_regression,116,0.7106331168831169,0.5648854961832062,0.23809523809523814,0.5
oulad_DDD_2013J,ukzn_ISTN3ND_2018,OULAD,UKZN,D3_other_institution,raw,logistic_regression,144,0.56785642266586,0.0,0.04761904761904762,0.5
oulad_DDD_2013J,ukzn_ISTN3ND_2019,OULAD,UKZN,D3_other_institution,raw,logistic_regression,223,0.6919756221432198,0.0,0.23809523809523814,0.5
oulad_DDD_2013J,ukzn_ISTN3SA_2018,OULAD,UKZN,D3_other_institution,raw,logistic_regression,141,0.6615615615615615,0.5128205128205128,0.5238095238095238,0.5
oulad_DDD_2013J,ukzn_ISTN3SA_2019,OULAD,UKZN,D3_other_institution,raw,logistic_regression,195,0.6110588235294118,0.570281124497992,0.14285714285714288,0.5
oulad_DDD_2014B,oulad_BBB_2013B,OULAD,OULAD,D2_other_module,raw,logistic_regression,1767,0.8575595665631475,0.7490542244640606,0.14285714285714288,0.5
oulad_DDD_2014B,oulad_BBB_2013J,OULAD,OULAD,D2_other_module,raw,logistic_regression,2237,0.8658598103901095,0.6812945693911135,0.9047619047619049,1.0
oulad_DDD_2014B,oulad_BBB_2014B,OULAD,OULAD,D2_other_module,raw,logistic_regression,1613,0.8662419541639627,0.6075085324232082,0.7142857142857143,1.0
oulad_DDD_2014B,oulad_BBB_2014J,OULAD,OULAD,D2_other_module,raw,logistic_regression,2292,0.8666457267300196,0.6449893390191898,0.6190476190476191,1.0
oulad_DDD_2014B,oulad_DDD_2013B,OULAD,OULAD,D1_same_module,raw,logistic_regression,1303,0.8443686175605173,0.7310989867498051,0.8095238095238096,0.5
oulad_DDD_2014B,oulad_DDD_2013J,OULAD,OULAD,D1_same_module,raw,logistic_regression,1938,0.864443890919889,0.7794817556848228,0.6190476190476191,0.5
oulad_DDD_2014B,oulad_DDD_2014B,OULAD,OULAD,D0_within_cohort,raw,logistic_regression,1228,0.8677652318609922,0.7571157495256167,1.0,1.0
oulad_DDD_2014B,oulad_DDD_2014J,OULAD,OULAD,D1_same_module,raw,logistic_regression,1803,0.8575292989239576,0.7519333729922665,0.7142857142857143,0.5
oulad_DDD_2014B,oulad_FFF_2013B,OULAD,OULAD,D2_other_module,raw,logistic_regression,1614,0.8324162650009836,0.7740112994350282,0.7142857142857143,0.5
oulad_DDD_2014B,oulad_FFF_2013J,OULAD,OULAD,D2_other_module,raw,logistic_regression,2283,0.8715319096597635,0.8006977758395115,0.6190476190476191,1.0
oulad_DDD_2014B,oulad_FFF_2014B,OULAD,OULAD,D2_other_module,raw,logistic_regression,1500,0.8711728515554398,0.7806228373702422,0.5238095238095238,0.5
oulad_DDD_2014B,oulad_FFF_2014J,OULAD,OULAD,D2_other_module,raw,logistic_regression,2365,0.9036255681426899,0.8268059181897301,1.0,1.0
oulad_DDD_2014B,ku_Accountancy_1819,OULAD,KU Leuven,D3_other_institution,raw,logistic_regression,756,0.6134295877798703,0.0,-0.04761904761904762,0.2
oulad_DDD_2014B,ku_Globaleconom_1819,OULAD,KU Leuven,D3_other_institution,raw,logistic_regression,743,0.6155612808244387,0.0,0.5238095238095238,0.5
oulad_DDD_2014B,ukzn_ISTN101_2019,OULAD,UKZN,D3_other_institution,raw,logistic_regression,1056,0.6748416932588752,0.7172131147540983,0.6190476190476191,0.5
oulad_DDD_2014B,ukzn_ISTN101_2020,OULAD,UKZN,D3_other_institution,raw,logistic_regression,978,0.7233804178291338,0.3109090909090909,-0.23809523809523814,0.2
oulad_DDD_2014B,ukzn_ISTN101_2021,OULAD,UKZN,D3_other_institution,raw,logistic_regression,741,0.7965538231024957,0.7488667271078876,0.04761904761904762,0.2
oulad_DDD_2014B,ukzn_ISTN102_2018,OULAD,UKZN,D3_other_institution,raw,logistic_regression,257,0.6546840958605665,0.0,0.5238095238095238,1.0
oulad_DDD_2014B,ukzn_ISTN103_2019,OULAD,UKZN,D3_other_institution,raw,logistic_regression,1113,0.6586367363673636,0.0,-0.23809523809523814,0.2
oulad_DDD_2014B,ukzn_ISTN103_2020,OULAD,UKZN,D3_other_institution,raw,logistic_regression,1082,0.6661346162492693,0.0041279669762641896,-0.04761904761904762,0.2
oulad_DDD_2014B,ukzn_ISTN211_2019,OULAD,UKZN,D3_other_institution,raw,logistic_regression,280,0.7705182496471062,0.7416267942583732,-0.33333333333333337,0.2
oulad_DDD_2014B,ukzn_ISTN211_2021,OULAD,UKZN,D3_other_institution,raw,logistic_regression,327,0.7730550284629981,0.0,0.14285714285714288,0.2
oulad_DDD_2014B,ukzn_ISTN212_2018,OULAD,UKZN,D3_other_institution,raw,logistic_regression,238,0.769857075913777,0.0,-0.04761904761904762,0.2
oulad_DDD_2014B,ukzn_ISTN212_2019,OULAD,UKZN,D3_other_institution,raw,logistic_regression,264,0.7481767481767482,0.0,-0.04761904761904762,0.2
oulad_DDD_2014B,ukzn_ISTN2IP_2018,OULAD,UKZN,D3_other_institution,raw,logistic_regression,99,0.6454054054054055,0.0,-0.04761904761904762,0.2
oulad_DDD_2014B,ukzn_ISTN2IP_2019,OULAD,UKZN,D3_other_institution,raw,logistic_regression,116,0.7094155844155844,0.6482758620689655,0.4285714285714286,0.5
oulad_DDD_2014B,ukzn_ISTN3ND_2018,OULAD,UKZN,D3_other_institution,raw,logistic_regression,144,0.5614035087719298,0.0,-0.04761904761904762,0.5
oulad_DDD_2014B,ukzn_ISTN3ND_2019,OULAD,UKZN,D3_other_institution,raw,logistic_regression,223,0.7148298628745555,0.0,0.04761904761904762,0.5
oulad_DDD_2014B,ukzn_ISTN3SA_2018,OULAD,UKZN,D3_other_institution,raw,logistic_regression,141,0.6498498498498498,0.6514285714285715,0.33333333333333337,0.5
oulad_DDD_2014B,ukzn_ISTN3SA_2019,OULAD,UKZN,D3_other_institution,raw,logistic_regression,195,0.6204705882352941,0.654275092936803,0.14285714285714288,0.5
oulad_DDD_2014J,oulad_BBB_2013B,OULAD,OULAD,D2_other_module,raw,logistic_regression,1767,0.8607000201526434,0.7707082833133253,0.6190476190476191,0.5
oulad_DDD_2014J,oulad_BBB_2013J,OULAD,OULAD,D2_other_module,raw,logistic_regression,2237,0.863650630965345,0.7171189979123174,0.4285714285714286,0.5
oulad_DDD_2014J,oulad_BBB_2014B,OULAD,OULAD,D2_other_module,raw,logistic_regression,1613,0.8654439686891613,0.6755277560594214,0.9047619047619049,1.0
oulad_DDD_2014J,oulad_BBB_2014J,OULAD,OULAD,D2_other_module,raw,logistic_regression,2292,0.8656459399366472,0.6765913757700205,0.7142857142857143,0.5
oulad_DDD_2014J,oulad_DDD_2013B,OULAD,OULAD,D1_same_module,raw,logistic_regression,1303,0.8417253912914472,0.737546468401487,0.8095238095238096,1.0
oulad_DDD_2014J,oulad_DDD_2013J,OULAD,OULAD,D1_same_module,raw,logistic_regression,1938,0.863542177664704,0.7843734145104008,0.7142857142857143,1.0
oulad_DDD_2014J,oulad_DDD_2014B,OULAD,OULAD,D1_same_module,raw,logistic_regression,1228,0.8672077732035198,0.761384335154827,0.6190476190476191,0.5
oulad_DDD_2014J,oulad_DDD_2014J,OULAD,OULAD,D0_within_cohort,raw,logistic_regression,1803,0.8555073484598708,0.7592165898617511,1.0,1.0
oulad_DDD_2014J,oulad_FFF_2013B,OULAD,OULAD,D2_other_module,raw,logistic_regression,1614,0.8346325988589416,0.7698280643372157,0.8095238095238096,0.5
oulad_DDD_2014J,oulad_FFF_2013J,OULAD,OULAD,D2_other_module,raw,logistic_regression,2283,0.8720308103869748,0.7993094518774277,0.6190476190476191,0.5
oulad_DDD_2014J,oulad_FFF_2014B,OULAD,OULAD,D2_other_module,raw,logistic_regression,1500,0.8669218701426391,0.7780040733197556,0.7142857142857143,0.5
oulad_DDD_2014J,oulad_FFF_2014J,OULAD,OULAD,D2_other_module,raw,logistic_regression,2365,0.8982045399765857,0.8198866114260793,0.7142857142857143,0.5
oulad_DDD_2014J,ku_Accountancy_1819,OULAD,KU Leuven,D3_other_institution,raw,logistic_regression,756,0.620711445909186,0.11619718309859155,-0.04761904761904762,0.2
oulad_DDD_2014J,ku_Globaleconom_1819,OULAD,KU Leuven,D3_other_institution,raw,logistic_regression,743,0.6208317997791681,0.02358490566037736,0.6190476190476191,0.5
oulad_DDD_2014J,ukzn_ISTN101_2019,OULAD,UKZN,D3_other_institution,raw,logistic_regression,1056,0.6777398284802553,0.8052109181141439,0.33333333333333337,0.5
oulad_DDD_2014J,ukzn_ISTN101_2020,OULAD,UKZN,D3_other_institution,raw,logistic_regression,978,0.730388172491817,0.41196581196581195,-0.14285714285714288,0.5
oulad_DDD_2014J,ukzn_ISTN101_2021,OULAD,UKZN,D3_other_institution,raw,logistic_regression,741,0.7777075431942689,0.927710843373494,0.04761904761904762,0.5
oulad_DDD_2014J,ukzn_ISTN102_2018,OULAD,UKZN,D3_other_institution,raw,logistic_regression,257,0.6529723000311236,0.09,0.5238095238095238,0.5
oulad_DDD_2014J,ukzn_ISTN103_2019,OULAD,UKZN,D3_other_institution,raw,logistic_regression,1113,0.6627162771627716,0.12183908045977011,-0.14285714285714288,0.2
oulad_DDD_2014J,ukzn_ISTN103_2020,OULAD,UKZN,D3_other_institution,raw,logistic_regression,1082,0.6626725417022616,0.1665089877010407,0.23809523809523814,0.5
oulad_DDD_2014J,ukzn_ISTN211_2019,OULAD,UKZN,D3_other_institution,raw,logistic_regression,280,0.746924783222424,0.861995753715499,-0.23809523809523814,0.2
oulad_DDD_2014J,ukzn_ISTN211_2021,OULAD,UKZN,D3_other_institution,raw,logistic_regression,327,0.8098671726755218,0.3013698630136986,-0.04761904761904762,0.2
oulad_DDD_2014J,ukzn_ISTN212_2018,OULAD,UKZN,D3_other_institution,raw,logistic_regression,238,0.7726686972820993,0.228310502283105,0.04761904761904762,0.2
oulad_DDD_2014J,ukzn_ISTN212_2019,OULAD,UKZN,D3_other_institution,raw,logistic_regression,264,0.7490347490347491,0.15767634854771784,0.23809523809523814,0.2
oulad_DDD_2014J,ukzn_ISTN2IP_2018,OULAD,UKZN,D3_other_institution,raw,logistic_regression,99,0.667027027027027,0.12658227848101267,-0.04761904761904762,0.2
oulad_DDD_2014J,ukzn_ISTN2IP_2019,OULAD,UKZN,D3_other_institution,raw,logistic_regression,116,0.7313311688311689,0.8070175438596491,0.14285714285714288,0.5
oulad_DDD_2014J,ukzn_ISTN3ND_2018,OULAD,UKZN,D3_other_institution,raw,logistic_regression,144,0.553942327082073,0.06666666666666667,-0.04761904761904762,0.2
oulad_DDD_2014J,ukzn_ISTN3ND_2019,OULAD,UKZN,D3_other_institution,raw,logistic_regression,223,0.6970543423057389,0.48360655737704916,0.23809523809523814,0.5
oulad_DDD_2014J,ukzn_ISTN3SA_2018,OULAD,UKZN,D3_other_institution,raw,logistic_regression,141,0.657057057057057,0.751269035532995,0.5238095238095238,0.5
oulad_DDD_2014J,ukzn_ISTN3SA_2019,OULAD,UKZN,D3_other_institution,raw,logistic_regression,195,0.6070588235294118,0.75,0.23809523809523814,0.5
oulad_FFF_2013B,oulad_BBB_2013B,OULAD,OULAD,D2_other_module,raw,logistic_regression,1767,0.8640768797507272,0.6197836166924265,0.23809523809523814,0.5
oulad_FFF_2013B,oulad_BBB_2013J,OULAD,OULAD,D2_other_module,raw,logistic_regression,2237,0.8642471654602524,0.5110821382007823,0.5238095238095238,1.0
oulad_FFF_2013B,oulad_BBB_2014B,OULAD,OULAD,D2_other_module,raw,logistic_regression,1613,0.8634319274919968,0.37433155080213903,0.7142857142857143,1.0
oulad_FFF_2013B,oulad_BBB_2014J,OULAD,OULAD,D2_other_module,raw,logistic_regression,2292,0.8661340308235868,0.4803001876172608,1.0,1.0
oulad_FFF_2013B,oulad_DDD_2013B,OULAD,OULAD,D2_other_module,raw,logistic_regression,1303,0.8404594120119675,0.7296137339055794,0.8095238095238096,0.5
oulad_FFF_2013B,oulad_DDD_2013J,OULAD,OULAD,D2_other_module,raw,logistic_regression,1938,0.8646516439135443,0.7420494699646644,0.6190476190476191,1.0
oulad_FFF_2013B,oulad_DDD_2014B,OULAD,OULAD,D2_other_module,raw,logistic_regression,1228,0.8660956431818625,0.7015250544662309,0.6190476190476191,0.5
oulad_FFF_2013B,oulad_DDD_2014J,OULAD,OULAD,D2_other_module,raw,logistic_regression,1803,0.8560293838483749,0.6981519507186859,0.6190476190476191,0.5
oulad_FFF_2013B,oulad_FFF_2013B,OULAD,OULAD,D0_within_cohort,raw,logistic_regression,1614,0.8407236745032461,0.7730792138177487,1.0,1.0
oulad_FFF_2013B,oulad_FFF_2013J,OULAD,OULAD,D1_same_module,raw,logistic_regression,2283,0.879583506295835,0.7776236708275543,0.8095238095238096,0.5
oulad_FFF_2013B,oulad_FFF_2014B,OULAD,OULAD,D1_same_module,raw,logistic_regression,1500,0.8749322228728826,0.7720861172976986,0.7142857142857143,0.5
oulad_FFF_2013B,oulad_FFF_2014J,OULAD,OULAD,D1_same_module,raw,logistic_regression,2365,0.9063479185317816,0.8058608058608059,0.7142857142857143,0.5
oulad_FFF_2013B,ku_Accountancy_1819,OULAD,KU Leuven,D3_other_institution,raw,logistic_regression,756,0.632822766269094,0.0,-0.04761904761904762,0.2
oulad_FFF_2013B,ku_Globaleconom_1819,OULAD,KU Leuven,D3_other_institution,raw,logistic_regression,743,0.6200000000000001,0.0,0.6190476190476191,0.5
oulad_FFF_2013B,ukzn_ISTN101_2019,OULAD,UKZN,D3_other_institution,raw,logistic_regression,1056,0.6761816912644595,0.39388489208633093,0.5238095238095238,0.5
oulad_FFF_2013B,ukzn_ISTN101_2020,OULAD,UKZN,D3_other_institution,raw,logistic_regression,978,0.7209419828211154,0.15674603174603174,-0.14285714285714288,0.5
oulad_FFF_2013B,ukzn_ISTN101_2021,OULAD,UKZN,D3_other_institution,raw,logistic_regression,741,0.7957578311560612,0.8078902229845626,0.23809523809523814,0.5
oulad_FFF_2013B,ukzn_ISTN102_2018,OULAD,UKZN,D3_other_institution,raw,logistic_regression,257,0.6563958916900093,0.0,0.4285714285714286,0.5
oulad_FFF_2013B,ukzn_ISTN103_2019,OULAD,UKZN,D3_other_institution,raw,logistic_regression,1113,0.6633476834768348,0.009779951100244499,-0.23809523809523814,0.2
oulad_FFF_2013B,ukzn_ISTN103_2020,OULAD,UKZN,D3_other_institution,raw,logistic_regression,1082,0.6617013623488153,0.04641775983854692,0.04761904761904762,0.5
oulad_FFF_2013B,ukzn_ISTN211_2019,OULAD,UKZN,D3_other_institution,raw,logistic_regression,280,0.7588223432143577,0.4121212121212121,-0.23809523809523814,0.2
oulad_FFF_2013B,ukzn_ISTN211_2021,OULAD,UKZN,D3_other_institution,raw,logistic_regression,327,0.8062618595825427,0.0,0.14285714285714288,0.2
oulad_FFF_2013B,ukzn_ISTN212_2018,OULAD,UKZN,D3_other_institution,raw,logistic_regression,238,0.7755974695407685,0.0,0.14285714285714288,0.2
oulad_FFF_2013B,ukzn_ISTN212_2019,OULAD,UKZN,D3_other_institution,raw,logistic_regression,264,0.7498927498927499,0.0,0.14285714285714288,0.2
oulad_FFF_2013B,ukzn_ISTN2IP_2018,OULAD,UKZN,D3_other_institution,raw,logistic_regression,99,0.6551351351351351,0.02666666666666667,-0.04761904761904762,0.2
oulad_FFF_2013B,ukzn_ISTN2IP_2019,OULAD,UKZN,D3_other_institution,raw,logistic_regression,116,0.7284902597402598,0.37037037037037035,0.4285714285714286,0.5
oulad_FFF_2013B,ukzn_ISTN3ND_2018,OULAD,UKZN,D3_other_institution,raw,logistic_regression,144,0.5543456342004436,0.0,0.04761904761904762,0.5
oulad_FFF_2013B,ukzn_ISTN3ND_2019,OULAD,UKZN,D3_other_institution,raw,logistic_regression,223,0.6988318943626206,0.011111111111111112,0.04761904761904762,0.5
oulad_FFF_2013B,ukzn_ISTN3SA_2018,OULAD,UKZN,D3_other_institution,raw,logistic_regression,141,0.648948948948949,0.2748091603053435,0.6190476190476191,0.5
oulad_FFF_2013B,ukzn_ISTN3SA_2019,OULAD,UKZN,D3_other_institution,raw,logistic_regression,195,0.6134117647058823,0.44642857142857145,0.33333333333333337,0.5
oulad_FFF_2013J,oulad_BBB_2013B,OULAD,OULAD,D2_other_module,raw,logistic_regression,1767,0.8628302579021616,0.765386959171237,0.6190476190476191,0.5
oulad_FFF_2013J,oulad_BBB_2013J,OULAD,OULAD,D2_other_module,raw,logistic_regression,2237,0.8655563384792775,0.7070600632244468,0.6190476190476191,1.0
oulad_FFF_2013J,oulad_BBB_2014B,OULAD,OULAD,D2_other_module,raw,logistic_regression,1613,0.8647437907725555,0.6786551993745114,0.7142857142857143,1.0
oulad_FFF_2013J,oulad_BBB_2014J,OULAD,OULAD,D2_other_module,raw,logistic_regression,2292,0.8670942221003898,0.7235067437379576,0.8095238095238096,1.0
oulad_FFF_2013J,oulad_DDD_2013B,OULAD,OULAD,D2_other_module,raw,logistic_regression,1303,0.8406967831268699,0.729121278140886,0.8095238095238096,0.5
oulad_FFF_2013J,oulad_DDD_2013J,OULAD,OULAD,D2_other_module,raw,logistic_regression,1938,0.8653978143514898,0.781,0.8095238095238096,1.0
oulad_FFF_2013J,oulad_DDD_2014B,OULAD,OULAD,D2_other_module,raw,logistic_regression,1228,0.8668147648500018,0.7596759675967597,0.7142857142857143,0.5
oulad_FFF_2013J,oulad_DDD_2014J,OULAD,OULAD,D2_other_module,raw,logistic_regression,1803,0.8567462458412012,0.7642369020501139,0.7142857142857143,0.5
oulad_FFF_2013J,oulad_FFF_2013B,OULAD,OULAD,D1_same_module,raw,logistic_regression,1614,0.8450887148337596,0.7754010695187166,0.7142857142857143,0.5
oulad_FFF_2013J,oulad_FFF_2013J,OULAD,OULAD,D0_within_cohort,raw,logistic_regression,2283,0.8775617668311734,0.8020092088740058,1.0,1.0
oulad_FFF_2013J,oulad_FFF_2014B,OULAD,OULAD,D1_same_module,raw,logistic_regression,1500,0.8750063258651977,0.7830065359477124,0.7142857142857143,0.5
oulad_FFF_2013J,oulad_FFF_2014J,OULAD,OULAD,D1_same_module,raw,logistic_regression,2365,0.9061901011179212,0.8332633347333054,0.8095238095238096,1.0
oulad_FFF_2013J,ku_Accountancy_1819,OULAD,KU Leuven,D3_other_institution,raw,logistic_regression,756,0.6291399874450723,0.07899461400359066,-0.33333333333333337,0.0
oulad_FFF_2013J,ku_Globaleconom_1819,OULAD,KU Leuven,D3_other_institution,raw,logistic_regression,743,0.6200147221199852,0.014218009478672985,0.5238095238095238,0.5
oulad_FFF_2013J,ukzn_ISTN101_2019,OULAD,UKZN,D3_other_institution,raw,logistic_regression,1056,0.6709588153171121,0.813953488372093,0.4285714285714286,0.5
oulad_FFF_2013J,ukzn_ISTN101_2020,OULAD,UKZN,D3_other_institution,raw,logistic_regression,978,0.7179104149733091,0.42408821034775235,-0.14285714285714288,0.5
oulad_FFF_2013J,ukzn_ISTN101_2021,OULAD,UKZN,D3_other_institution,raw,logistic_regression,741,0.784286182516271,0.9234268385140257,0.14285714285714288,0.5
oulad_FFF_2013J,ukzn_ISTN102_2018,OULAD,UKZN,D3_other_institution,raw,logistic_regression,257,0.6501711795829443,0.05128205128205128,0.23809523809523814,0.5
oulad_FFF_2013J,ukzn_ISTN103_2019,OULAD,UKZN,D3_other_institution,raw,logistic_regression,1113,0.6609081590815908,0.08235294117647059,-0.33333333333333337,0.2
oulad_FFF_2013J,ukzn_ISTN103_2020,OULAD,UKZN,D3_other_institution,raw,logistic_regression,1082,0.6587698394856346,0.12027158098933075,0.14285714285714288,0.5
oulad_FFF_2013J,ukzn_ISTN211_2019,OULAD,UKZN,D3_other_institution,raw,logistic_regression,280,0.7523694293204275,0.8528784648187633,-0.14285714285714288,0.2
oulad_FFF_2013J,ukzn_ISTN211_2021,OULAD,UKZN,D3_other_institution,raw,logistic_regression,327,0.7998102466793169,0.2132564841498559,-0.04761904761904762,0.0
oulad_FFF_2013J,ukzn_ISTN212_2018,OULAD,UKZN,D3_other_institution,raw,logistic_regression,238,0.7758317713214621,0.14354066985645933,0.04761904761904762,0.2
oulad_FFF_2013J,ukzn_ISTN212_2019,OULAD,UKZN,D3_other_institution,raw,logistic_regression,264,0.7414199914199914,0.06956521739130435,0.04761904761904762,0.2
oulad_FFF_2013J,ukzn_ISTN2IP_2018,OULAD,UKZN,D3_other_institution,raw,logistic_regression,99,0.645945945945946,0.07792207792207792,-0.04761904761904762,0.2
oulad_FFF_2013J,ukzn_ISTN2IP_2019,OULAD,UKZN,D3_other_institution,raw,logistic_regression,116,0.7195616883116883,0.813953488372093,0.33333333333333337,0.5
oulad_FFF_2013J,ukzn_ISTN3ND_2018,OULAD,UKZN,D3_other_institution,raw,logistic_regression,144,0.5484976809840694,0.0449438202247191,0.04761904761904762,0.5
oulad_FFF_2013J,ukzn_ISTN3ND_2019,OULAD,UKZN,D3_other_institution,raw,logistic_regression,223,0.690959878110716,0.27488151658767773,0.23809523809523814,0.5
oulad_FFF_2013J,ukzn_ISTN3SA_2018,OULAD,UKZN,D3_other_institution,raw,logistic_regression,141,0.6435435435435436,0.751269035532995,0.5238095238095238,0.5
oulad_FFF_2013J,ukzn_ISTN3SA_2019,OULAD,UKZN,D3_other_institution,raw,logistic_regression,195,0.6174117647058823,0.7542087542087542,0.4285714285714286,0.5
oulad_FFF_2014B,oulad_BBB_2013B,OULAD,OULAD,D2_other_module,raw,logistic_regression,1767,0.8608304956000061,0.6924157303370787,0.8095238095238096,0.5
oulad_FFF_2014B,oulad_BBB_2013J,OULAD,OULAD,D2_other_module,raw,logistic_regression,2237,0.863537729805906,0.5972471573907839,0.14285714285714288,0.5
oulad_FFF_2014B,oulad_BBB_2014B,OULAD,OULAD,D2_other_module,raw,logistic_regression,1613,0.8636539351240913,0.5118483412322274,0.7142857142857143,0.5
oulad_FFF_2014B,oulad_BBB_2014J,OULAD,OULAD,D2_other_module,raw,logistic_regression,2292,0.8659231085526315,0.5509609784507863,0.8095238095238096,0.5
oulad_FFF_2014B,oulad_DDD_2013B,OULAD,OULAD,D2_other_module,raw,logistic_regression,1303,0.8406794748164083,0.7395498392282959,0.8095238095238096,1.0
oulad_FFF_2014B,oulad_DDD_2013J,OULAD,OULAD,D2_other_module,raw,logistic_regression,1938,0.8645265570325475,0.7689750692520776,0.7142857142857143,1.0
oulad_FFF_2014B,oulad_DDD_2014B,OULAD,OULAD,D2_other_module,raw,logistic_regression,1228,0.8670461101928528,0.7405900305188199,0.6190476190476191,0.5
oulad_FFF_2014B,oulad_DDD_2014J,OULAD,OULAD,D2_other_module,raw,logistic_regression,1803,0.8571696190390553,0.733921815889029,1.0,1.0
oulad_FFF_2014B,oulad_FFF_2013B,OULAD,OULAD,D1_same_module,raw,logistic_regression,1614,0.8448381861105647,0.776878612716763,0.8095238095238096,1.0
oulad_FFF_2014B,oulad_FFF_2013J,OULAD,OULAD,D1_same_module,raw,logistic_regression,2283,0.8773726611626155,0.7879604672057502,0.5238095238095238,0.5
oulad_FFF_2014B,oulad_FFF_2014B,OULAD,OULAD,D0_within_cohort,raw,logistic_regression,1500,0.872313314681068,0.77577505407354,1.0,1.0
oulad_FFF_2014B,oulad_FFF_2014J,OULAD,OULAD,D1_same_module,raw,logistic_regression,2365,0.905431142827629,0.8160356347438753,0.5238095238095238,0.5
oulad_FFF_2014B,ku_Accountancy_1819,OULAD,KU Leuven,D3_other_institution,raw,logistic_regression,756,0.6309981167608286,0.0,-0.23809523809523814,0.2
oulad_FFF_2014B,ku_Globaleconom_1819,OULAD,KU Leuven,D3_other_institution,raw,logistic_regression,743,0.620022083179978,0.0,0.6190476190476191,0.5
oulad_FFF_2014B,ukzn_ISTN101_2019,OULAD,UKZN,D3_other_institution,raw,logistic_regression,1056,0.6795223374551256,0.5172413793103449,0.4285714285714286,0.5
oulad_FFF_2014B,ukzn_ISTN101_2020,OULAD,UKZN,D3_other_institution,raw,logistic_regression,978,0.727642187122427,0.18377321603128055,-0.14285714285714288,0.5
oulad_FFF_2014B,ukzn_ISTN101_2021,OULAD,UKZN,D3_other_institution,raw,logistic_regression,741,0.7888046073886782,0.8078902229845626,-0.04761904761904762,0.2
oulad_FFF_2014B,ukzn_ISTN102_2018,OULAD,UKZN,D3_other_institution,raw,logistic_regression,257,0.6563958916900094,0.0,0.5238095238095238,1.0
oulad_FFF_2014B,ukzn_ISTN103_2019,OULAD,UKZN,D3_other_institution,raw,logistic_regression,1113,0.6643480934809347,0.009779951100244499,-0.14285714285714288,0.2
oulad_FFF_2014B,ukzn_ISTN103_2020,OULAD,UKZN,D3_other_institution,raw,logistic_regression,1082,0.6651364596915607,0.04048582995951417,0.14285714285714288,0.5
oulad_FFF_2014B,ukzn_ISTN211_2019,OULAD,UKZN,D3_other_institution,raw,logistic_regression,280,0.7620488001613229,0.5760869565217391,-0.14285714285714288,0.2
oulad_FFF_2014B,ukzn_ISTN211_2021,OULAD,UKZN,D3_other_institution,raw,logistic_regression,327,0.8020872865275142,0.0,0.14285714285714288,0.2
oulad_FFF_2014B,ukzn_ISTN212_2018,OULAD,UKZN,D3_other_institution,raw,logistic_regression,238,0.7738402061855671,0.0,0.14285714285714288,0.2
oulad_FFF_2014B,ukzn_ISTN212_2019,OULAD,UKZN,D3_other_institution,raw,logistic_regression,264,0.7512870012870013,0.008968609865470852,-0.04761904761904762,0.2
oulad_FFF_2014B,ukzn_ISTN2IP_2018,OULAD,UKZN,D3_other_institution,raw,logistic_regression,99,0.6621621621621621,0.02666666666666667,-0.23809523809523814,0.2
oulad_FFF_2014B,ukzn_ISTN2IP_2019,OULAD,UKZN,D3_other_institution,raw,logistic_regression,116,0.7256493506493505,0.5396825396825397,0.33333333333333337,0.5
oulad_FFF_2014B,ukzn_ISTN3ND_2018,OULAD,UKZN,D3_other_institution,raw,logistic_regression,144,0.559588626739262,0.0,0.04761904761904762,0.5
oulad_FFF_2014B,ukzn_ISTN3ND_2019,OULAD,UKZN,D3_other_institution,raw,logistic_regression,223,0.6952767902488572,0.022099447513812154,0.04761904761904762,0.5
oulad_FFF_2014B,ukzn_ISTN3SA_2018,OULAD,UKZN,D3_other_institution,raw,logistic_regression,141,0.6546546546546547,0.44594594594594594,0.5238095238095238,0.5
oulad_FFF_2014B,ukzn_ISTN3SA_2019,OULAD,UKZN,D3_other_institution,raw,logistic_regression,195,0.6145882352941177,0.5491803278688525,0.4285714285714286,0.5
oulad_FFF_2014J,oulad_BBB_2013B,OULAD,OULAD,D2_other_module,raw,logistic_regression,1767,0.8598693695323038,0.7643467643467643,0.14285714285714288,0.5
oulad_FFF_2014J,oulad_BBB_2013J,OULAD,OULAD,D2_other_module,raw,logistic_regression,2237,0.8654194157965538,0.70276008492569,0.8095238095238096,1.0
oulad_FFF_2014J,oulad_BBB_2014B,OULAD,OULAD,D2_other_module,raw,logistic_regression,1613,0.8655961137796877,0.6565008025682183,0.5238095238095238,1.0
oulad_FFF_2014J,oulad_BBB_2014J,OULAD,OULAD,D2_other_module,raw,logistic_regression,2292,0.8669419316520468,0.7053571428571429,0.6190476190476191,1.0
oulad_FFF_2014J,oulad_DDD_2013B,OULAD,OULAD,D2_other_module,raw,logistic_regression,1303,0.841829241154217,0.7352721849366145,0.6190476190476191,0.5
oulad_FFF_2014J,oulad_DDD_2013J,OULAD,OULAD,D2_other_module,raw,logistic_regression,1938,0.8656958474418646,0.7846938775510204,0.5238095238095238,0.5
oulad_FFF_2014J,oulad_DDD_2014B,OULAD,OULAD,D2_other_module,raw,logistic_regression,1228,0.8696271437769497,0.7613941018766756,0.9047619047619049,1.0
oulad_FFF_2014J,oulad_DDD_2014J,OULAD,OULAD,D2_other_module,raw,logistic_regression,1803,0.8570497257440878,0.759493670886076,0.6190476190476191,0.5
oulad_FFF_2014J,oulad_FFF_2013B,OULAD,OULAD,D1_same_module,raw,logistic_regression,1614,0.843880643812709,0.7750939345142244,0.23809523809523814,0.5
oulad_FFF_2014J,oulad_FFF_2013J,OULAD,OULAD,D1_same_module,raw,logistic_regression,2283,0.8780314561136477,0.8085106382978723,0.5238095238095238,1.0
oulad_FFF_2014J,oulad_FFF_2014B,OULAD,OULAD,D1_same_module,raw,logistic_regression,1500,0.8750912731978514,0.7829508196721311,0.14285714285714288,0.5
oulad_FFF_2014J,oulad_FFF_2014J,OULAD,OULAD,D0_within_cohort,raw,logistic_regression,2365,0.9050645760163442,0.835,1.0,1.0
oulad_FFF_2014J,ku_Accountancy_1819,OULAD,KU Leuven,D3_other_institution,raw,logistic_regression,756,0.6234567901234568,0.0,0.04761904761904762,0.2
oulad_FFF_2014J,ku_Globaleconom_1819,OULAD,KU Leuven,D3_other_institution,raw,logistic_regression,743,0.6179389032020611,0.0,0.33333333333333337,0.2
oulad_FFF_2014J,ukzn_ISTN101_2019,OULAD,UKZN,D3_other_institution,raw,logistic_regression,1056,0.6755771340247307,0.7957259585166562,0.6190476190476191,0.5
oulad_FFF_2014J,ukzn_ISTN101_2020,OULAD,UKZN,D3_other_institution,raw,logistic_regression,978,0.7251378484655435,0.377292576419214,-0.23809523809523814,0.2
oulad_FFF_2014J,ukzn_ISTN101_2021,OULAD,UKZN,D3_other_institution,raw,logistic_regression,741,0.8055438497916374,0.8923802042419482,0.04761904761904762,0.2
oulad_FFF_2014J,ukzn_ISTN102_2018,OULAD,UKZN,D3_other_institution,raw,logistic_regression,257,0.6540616246498598,0.0,0.5238095238095238,0.5
oulad_FFF_2014J,ukzn_ISTN103_2019,OULAD,UKZN,D3_other_institution,raw,logistic_regression,1113,0.6611623616236162,0.014634146341463415,-0.23809523809523814,0.2
oulad_FFF_2014J,ukzn_ISTN103_2020,OULAD,UKZN,D3_other_institution,raw,logistic_regression,1082,0.666827031158671,0.044444444444444446,0.04761904761904762,0.2
oulad_FFF_2014J,ukzn_ISTN211_2019,OULAD,UKZN,D3_other_institution,raw,logistic_regression,280,0.7693083282919944,0.8053691275167785,-0.33333333333333337,0.2
oulad_FFF_2014J,ukzn_ISTN211_2021,OULAD,UKZN,D3_other_institution,raw,logistic_regression,327,0.7834914611005692,0.019169329073482427,-0.04761904761904762,0.2
oulad_FFF_2014J,ukzn_ISTN212_2018,OULAD,UKZN,D3_other_institution,raw,logistic_regression,238,0.7678655107778819,0.0,-0.04761904761904762,0.2
oulad_FFF_2014J,ukzn_ISTN212_2019,OULAD,UKZN,D3_other_institution,raw,logistic_regression,264,0.7466752466752468,0.0,-0.04761904761904762,0.5
oulad_FFF_2014J,ukzn_ISTN2IP_2018,OULAD,UKZN,D3_other_institution,raw,logistic_regression,99,0.6491891891891891,0.02666666666666667,-0.14285714285714288,0.2
oulad_FFF_2014J,ukzn_ISTN2IP_2019,OULAD,UKZN,D3_other_institution,raw,logistic_regression,116,0.7090097402597403,0.75,0.14285714285714288,0.5
oulad_FFF_2014J,ukzn_ISTN3ND_2018,OULAD,UKZN,D3_other_institution,raw,logistic_regression,144,0.561605162331115,0.0,0.04761904761904762,0.5
oulad_FFF_2014J,ukzn_ISTN3ND_2019,OULAD,UKZN,D3_other_institution,raw,logistic_regression,223,0.7077196546470289,0.05434782608695652,0.23809523809523814,0.5
oulad_FFF_2014J,ukzn_ISTN3SA_2018,OULAD,UKZN,D3_other_institution,raw,logistic_regression,141,0.6477477477477477,0.7052631578947368,0.5238095238095238,0.5
oulad_FFF_2014J,ukzn_ISTN3SA_2019,OULAD,UKZN,D3_other_institution,raw,logistic_regression,195,0.6145882352941177,0.7222222222222222,0.14285714285714288,0.5
ku_Accountancy_1819,oulad_BBB_2013B,KU Leuven,OULAD,D3_other_institution,raw,logistic_regression,1767,0.6784109640714542,0.6250974279033515,-0.14285714285714288,0.2
ku_Accountancy_1819,oulad_BBB_2013J,KU Leuven,OULAD,D3_other_institution,raw,logistic_regression,2237,0.7260909775158542,0.6450242718446602,-0.5238095238095238,0.0
ku_Accountancy_1819,oulad_BBB_2014B,KU Leuven,OULAD,D3_other_institution,raw,logistic_regression,1613,0.738069806651535,0.6149202242345839,-0.7142857142857143,0.0
ku_Accountancy_1819,oulad_BBB_2014J,KU Leuven,OULAD,D3_other_institution,raw,logistic_regression,2292,0.7191322490253411,0.666083916083916,-0.9047619047619049,0.0
ku_Accountancy_1819,oulad_DDD_2013B,KU Leuven,OULAD,D3_other_institution,raw,logistic_regression,1303,0.6590077392873921,0.5626034197462769,-0.6190476190476191,0.2
ku_Accountancy_1819,oulad_DDD_2013J,KU Leuven,OULAD,D3_other_institution,raw,logistic_regression,1938,0.6814200297815547,0.5994215473608099,-0.7142857142857143,0.2
ku_Accountancy_1819,oulad_DDD_2014B,KU Leuven,OULAD,D3_other_institution,raw,logistic_regression,1228,0.6803309074590755,0.5610328638497653,-0.9047619047619049,0.0
ku_Accountancy_1819,oulad_DDD_2014J,KU Leuven,OULAD,D3_other_institution,raw,logistic_regression,1803,0.6987256341855748,0.6106399383191982,-0.5238095238095238,0.2
ku_Accountancy_1819,oulad_FFF_2013B,KU Leuven,OULAD,D3_other_institution,raw,logistic_regression,1614,0.6039740310840055,0.6532999164578112,-0.5238095238095238,0.2
ku_Accountancy_1819,oulad_FFF_2013J,KU Leuven,OULAD,D3_other_institution,raw,logistic_regression,2283,0.6492847039650693,0.648504589872668,-0.8095238095238096,0.0
ku_Accountancy_1819,oulad_FFF_2014B,KU Leuven,OULAD,D3_other_institution,raw,logistic_regression,1500,0.6515424266741854,0.6072423398328691,-0.4285714285714286,0.2
ku_Accountancy_1819,oulad_FFF_2014J,KU Leuven,OULAD,D3_other_institution,raw,logistic_regression,2365,0.6845100773592268,0.6415852958070075,-0.7142857142857143,0.0
ku_Accountancy_1819,ku_Accountancy_1819,KU Leuven,KU Leuven,D0_within_cohort,raw,logistic_regression,756,0.6493617911697008,0.8233413269384492,1.0,1.0
ku_Accountancy_1819,ku_Globaleconom_1819,KU Leuven,KU Leuven,D2_other_module,raw,logistic_regression,743,0.5836069193963931,0.7130124777183601,0.04761904761904762,0.5
ku_Accountancy_1819,ukzn_ISTN101_2019,KU Leuven,UKZN,D3_other_institution,raw,logistic_regression,1056,0.6174648484244116,0.8566610455311973,0.14285714285714288,0.5
ku_Accountancy_1819,ukzn_ISTN101_2020,KU Leuven,UKZN,D3_other_institution,raw,logistic_regression,978,0.5103908086377715,0.948220064724919,0.23809523809523814,0.2
ku_Accountancy_1819,ukzn_ISTN101_2021,KU Leuven,UKZN,D3_other_institution,raw,logistic_regression,741,0.5793650793650793,0.8991660348749052,0.23809523809523814,0.5
ku_Accountancy_1819,ukzn_ISTN102_2018,KU Leuven,UKZN,D3_other_institution,raw,logistic_regression,257,0.5725178960473079,0.7480106100795756,-0.33333333333333337,0.2
ku_Accountancy_1819,ukzn_ISTN103_2019,KU Leuven,UKZN,D3_other_institution,raw,logistic_regression,1113,0.6281816318163181,0.78125,0.33333333333333337,0.5
ku_Accountancy_1819,ukzn_ISTN103_2020,KU Leuven,UKZN,D3_other_institution,raw,logistic_regression,1082,0.5143608650690167,0.8195615514333895,0.23809523809523814,0.2
ku_Accountancy_1819,ukzn_ISTN211_2019,KU Leuven,UKZN,D3_other_institution,raw,logistic_regression,280,0.5174430328695301,0.9530956848030019,0.04761904761904762,0.5
ku_Accountancy_1819,ukzn_ISTN211_2021,KU Leuven,UKZN,D3_other_institution,raw,logistic_regression,327,0.6468690702087286,0.8163265306122449,-0.04761904761904762,0.5
ku_Accountancy_1819,ukzn_ISTN212_2018,KU Leuven,UKZN,D3_other_institution,raw,logistic_regression,238,0.5665417057169634,0.875,0.33333333333333337,0.2
ku_Accountancy_1819,ukzn_ISTN212_2019,KU Leuven,UKZN,D3_other_institution,raw,logistic_regression,264,0.632024882024882,0.8917748917748918,0.14285714285714288,0.2
ku_Accountancy_1819,ukzn_ISTN2IP_2018,KU Leuven,UKZN,D3_other_institution,raw,logistic_regression,99,0.6708108108108108,0.8606060606060606,-0.23809523809523814,0.2
ku_Accountancy_1819,ukzn_ISTN2IP_2019,KU Leuven,UKZN,D3_other_institution,raw,logistic_regression,116,0.5016233766233766,0.8656716417910447,0.23809523809523814,0.5
ku_Accountancy_1819,ukzn_ISTN3ND_2018,KU Leuven,UKZN,D3_other_institution,raw,logistic_regression,144,0.5009074410163339,0.7214611872146118,0.9047619047619049,0.5
ku_Accountancy_1819,ukzn_ISTN3ND_2019,KU Leuven,UKZN,D3_other_institution,raw,logistic_regression,223,0.6263966480446927,0.8872180451127819,-0.23809523809523814,0.2
ku_Accountancy_1819,ukzn_ISTN3SA_2018,KU Leuven,UKZN,D3_other_institution,raw,logistic_regression,141,0.44414414414414416,0.8755020080321285,-0.04761904761904762,0.2
ku_Accountancy_1819,ukzn_ISTN3SA_2019,KU Leuven,UKZN,D3_other_institution,raw,logistic_regression,195,0.372,0.9162011173184358,0.33333333333333337,0.5
ku_Globaleconom_1819,oulad_BBB_2013B,KU Leuven,OULAD,D3_other_institution,raw,logistic_regression,1767,0.6955206874635056,0.7044854881266491,0.14285714285714288,0.2
ku_Globaleconom_1819,oulad_BBB_2013J,KU Leuven,OULAD,D3_other_institution,raw,logistic_regression,2237,0.7660143488565755,0.7473569084943492,-0.04761904761904762,0.2
ku_Globaleconom_1819,oulad_BBB_2014B,KU Leuven,OULAD,D3_other_institution,raw,logistic_regression,1613,0.7808994258851584,0.7431635388739947,-0.33333333333333337,0.2
ku_Globaleconom_1819,oulad_BBB_2014J,KU Leuven,OULAD,D3_other_institution,raw,logistic_regression,2292,0.797426291423002,0.7750637987604813,-0.33333333333333337,0.2
ku_Globaleconom_1819,oulad_DDD_2013B,KU Leuven,OULAD,D3_other_institution,raw,logistic_regression,1303,0.67801350048216,0.6246172688303735,-0.33333333333333337,0.2
ku_Globaleconom_1819,oulad_DDD_2013J,KU Leuven,OULAD,D3_other_institution,raw,logistic_regression,1938,0.7037083365511478,0.6699226699226699,-0.33333333333333337,0.5
ku_Globaleconom_1819,oulad_DDD_2014B,KU Leuven,OULAD,D3_other_institution,raw,logistic_regression,1228,0.7110273684327886,0.6372745490981964,-0.14285714285714288,0.2
ku_Globaleconom_1819,oulad_DDD_2014J,KU Leuven,OULAD,D3_other_institution,raw,logistic_regression,1803,0.7265127786270218,0.6899293286219081,0.04761904761904762,0.5
ku_Globaleconom_1819,oulad_FFF_2013B,KU Leuven,OULAD,D3_other_institution,raw,logistic_regression,1614,0.6240409207161125,0.6896247240618102,-0.4285714285714286,0.2
ku_Globaleconom_1819,oulad_FFF_2013J,KU Leuven,OULAD,D3_other_institution,raw,logistic_regression,2283,0.679406315821841,0.7084009082062925,-0.4285714285714286,0.2
ku_Globaleconom_1819,oulad_FFF_2014B,KU Leuven,OULAD,D3_other_institution,raw,logistic_regression,1500,0.6729690357935526,0.6704312114989733,-0.33333333333333337,0.2
ku_Globaleconom_1819,oulad_FFF_2014J,KU Leuven,OULAD,D3_other_institution,raw,logistic_regression,2365,0.7136514215044876,0.7166291412029592,-0.23809523809523814,0.2
ku_Globaleconom_1819,ku_Accountancy_1819,KU Leuven,KU Leuven,D2_other_module,raw,logistic_regression,756,0.6522661644695543,0.8156606851549756,0.7142857142857143,0.5
ku_Globaleconom_1819,ku_Globaleconom_1819,KU Leuven,KU Leuven,D0_within_cohort,raw,logistic_regression,743,0.6068678689731322,0.6823770491803278,1.0,1.0
ku_Globaleconom_1819,ukzn_ISTN101_2019,KU Leuven,UKZN,D3_other_institution,raw,logistic_regression,1056,0.6408182090147587,0.8719955282280604,0.23809523809523814,0.5
ku_Globaleconom_1819,ukzn_ISTN101_2020,KU Leuven,UKZN,D3_other_institution,raw,logistic_regression,978,0.5425627732255441,0.8881199538638985,-0.14285714285714288,0.2
ku_Globaleconom_1819,ukzn_ISTN101_2021,KU Leuven,UKZN,D3_other_institution,raw,logistic_regression,741,0.6304022100482277,0.9473684210526315,0.23809523809523814,0.5
ku_Globaleconom_1819,ukzn_ISTN102_2018,KU Leuven,UKZN,D3_other_institution,raw,logistic_regression,257,0.6252723311546841,0.7683923705722071,0.6190476190476191,0.5
ku_Globaleconom_1819,ukzn_ISTN103_2019,KU Leuven,UKZN,D3_other_institution,raw,logistic_regression,1113,0.6622693726937269,0.7535667963683528,0.33333333333333337,0.5
ku_Globaleconom_1819,ukzn_ISTN103_2020,KU Leuven,UKZN,D3_other_institution,raw,logistic_regression,1082,0.5730003147340497,0.7560679611650486,0.04761904761904762,0.2
ku_Globaleconom_1819,ukzn_ISTN211_2019,KU Leuven,UKZN,D3_other_institution,raw,logistic_regression,280,0.5134099616858239,0.9570093457943926,-0.04761904761904762,0.2
ku_Globaleconom_1819,ukzn_ISTN211_2021,KU Leuven,UKZN,D3_other_institution,raw,logistic_regression,327,0.8269449715370019,0.9162393162393162,-0.33333333333333337,0.2
ku_Globaleconom_1819,ukzn_ISTN212_2018,KU Leuven,UKZN,D3_other_institution,raw,logistic_regression,238,0.5893275538894095,0.8861386138613861,-0.04761904761904762,0.2
ku_Globaleconom_1819,ukzn_ISTN212_2019,KU Leuven,UKZN,D3_other_institution,raw,logistic_regression,264,0.6435006435006435,0.8903508771929824,-0.14285714285714288,0.2
ku_Globaleconom_1819,ukzn_ISTN2IP_2018,KU Leuven,UKZN,D3_other_institution,raw,logistic_regression,99,0.6735135135135135,0.8299319727891157,-0.23809523809523814,0.2
ku_Globaleconom_1819,ukzn_ISTN2IP_2019,KU Leuven,UKZN,D3_other_institution,raw,logistic_regression,116,0.5127840909090909,0.8627450980392157,0.23809523809523814,0.5
ku_Globaleconom_1819,ukzn_ISTN3ND_2018,KU Leuven,UKZN,D3_other_institution,raw,logistic_regression,144,0.4914297237346239,0.7075471698113207,0.8095238095238096,0.5
ku_Globaleconom_1819,ukzn_ISTN3ND_2019,KU Leuven,UKZN,D3_other_institution,raw,logistic_regression,223,0.6898806500761807,0.8866498740554156,-0.6190476190476191,0.0
ku_Globaleconom_1819,ukzn_ISTN3SA_2018,KU Leuven,UKZN,D3_other_institution,raw,logistic_regression,141,0.4429429429429429,0.8629032258064516,0.04761904761904762,0.2
ku_Globaleconom_1819,ukzn_ISTN3SA_2019,KU Leuven,UKZN,D3_other_institution,raw,logistic_regression,195,0.37670588235294117,0.9121813031161473,0.5238095238095238,0.5
ukzn_ISTN101_2019,oulad_BBB_2013B,UKZN,OULAD,D3_other_institution,raw,logistic_regression,1767,0.8105096035096603,0.7296058661778185,0.14285714285714288,0.2
ukzn_ISTN101_2019,oulad_BBB_2013J,UKZN,OULAD,D3_other_institution,raw,logistic_regression,2237,0.8286684869643202,0.7771384733410049,0.04761904761904762,0.2
ukzn_ISTN101_2019,oulad_BBB_2014B,UKZN,OULAD,D3_other_institution,raw,logistic_regression,1613,0.8353805645514361,0.7748749305169539,-0.04761904761904762,0.2
ukzn_ISTN101_2019,oulad_BBB_2014J,UKZN,OULAD,D3_other_institution,raw,logistic_regression,2292,0.8335933692738792,0.7844073190135242,-0.04761904761904762,0.2
ukzn_ISTN101_2019,oulad_DDD_2013B,UKZN,OULAD,D3_other_institution,raw,logistic_regression,1303,0.7983569468140347,0.6492679821769574,0.04761904761904762,0.5
ukzn_ISTN101_2019,oulad_DDD_2013J,UKZN,OULAD,D3_other_institution,raw,logistic_regression,1938,0.8231641324789718,0.7014096539940197,-0.14285714285714288,0.5
ukzn_ISTN101_2019,oulad_DDD_2014B,UKZN,OULAD,D3_other_institution,raw,logistic_regression,1228,0.8221929866126303,0.6652690426275332,-0.14285714285714288,0.2
ukzn_ISTN101_2019,oulad_DDD_2014J,UKZN,OULAD,D3_other_institution,raw,logistic_regression,1803,0.8244287584050195,0.7220683287165282,0.23809523809523814,0.5
ukzn_ISTN101_2019,oulad_FFF_2013B,UKZN,OULAD,D3_other_institution,raw,logistic_regression,1614,0.7615258582530002,0.7127172918572735,-0.04761904761904762,0.5
ukzn_ISTN101_2019,oulad_FFF_2013J,UKZN,OULAD,D3_other_institution,raw,logistic_regression,2283,0.8122788001783435,0.7398373983739838,-0.14285714285714288,0.2
ukzn_ISTN101_2019,oulad_FFF_2014B,UKZN,OULAD,D3_other_institution,raw,logistic_regression,1500,0.7935056860491175,0.6945337620578779,0.23809523809523814,0.5
ukzn_ISTN101_2019,oulad_FFF_2014J,UKZN,OULAD,D3_other_institution,raw,logistic_regression,2365,0.8410567023620964,0.7558733401430031,-0.33333333333333337,0.2
ukzn_ISTN101_2019,ku_Accountancy_1819,UKZN,KU Leuven,D3_other_institution,raw,logistic_regression,756,0.5367440887214898,0.7474931631722881,-0.04761904761904762,0.2
ukzn_ISTN101_2019,ku_Globaleconom_1819,UKZN,KU Leuven,D3_other_institution,raw,logistic_regression,743,0.6124328303275671,0.6994106090373281,0.6190476190476191,0.5
ukzn_ISTN101_2019,ukzn_ISTN101_2019,UKZN,UKZN,D0_within_cohort,raw,logistic_regression,1056,0.6783942461108896,0.9013054830287206,1.0,1.0
ukzn_ISTN101_2019,ukzn_ISTN101_2020,UKZN,UKZN,D1_same_module,raw,logistic_regression,978,0.7276202192394718,0.866507747318236,0.33333333333333337,0.5
ukzn_ISTN101_2019,ukzn_ISTN101_2021,UKZN,UKZN,D1_same_module,raw,logistic_regression,741,0.7284496886266797,0.9575070821529745,0.04761904761904762,0.5
ukzn_ISTN101_2019,ukzn_ISTN102_2018,UKZN,UKZN,D2_other_module,raw,logistic_regression,257,0.6636321195144724,0.8261964735516373,0.33333333333333337,0.5
ukzn_ISTN101_2019,ukzn_ISTN103_2019,UKZN,UKZN,D2_other_module,raw,logistic_regression,1113,0.6631385813858138,0.819764177428411,-0.14285714285714288,0.2
ukzn_ISTN101_2019,ukzn_ISTN103_2020,UKZN,UKZN,D2_other_module,raw,logistic_regression,1082,0.6653163077199765,0.8362408553742262,0.14285714285714288,0.5
ukzn_ISTN101_2019,ukzn_ISTN211_2019,UKZN,UKZN,D2_other_module,raw,logistic_regression,280,0.7001411574914297,0.9666666666666667,-0.04761904761904762,0.2
ukzn_ISTN101_2019,ukzn_ISTN211_2021,UKZN,UKZN,D2_other_module,raw,logistic_regression,327,0.7986717267552182,0.8961937716262975,-0.14285714285714288,0.2
ukzn_ISTN101_2019,ukzn_ISTN212_2018,UKZN,UKZN,D2_other_module,raw,logistic_regression,238,0.7190135895032802,0.8850855745721271,0.23809523809523814,0.2
ukzn_ISTN101_2019,ukzn_ISTN212_2019,UKZN,UKZN,D2_other_module,raw,logistic_regression,264,0.7607250107250108,0.9110169491525424,-0.14285714285714288,0.2
ukzn_ISTN101_2019,ukzn_ISTN2IP_2018,UKZN,UKZN,D2_other_module,raw,logistic_regression,99,0.6475675675675676,0.8395061728395061,-0.23809523809523814,0.2
ukzn_ISTN101_2019,ukzn_ISTN2IP_2019,UKZN,UKZN,D2_other_module,raw,logistic_regression,116,0.7037337662337663,0.8712871287128713,0.33333333333333337,0.5
ukzn_ISTN101_2019,ukzn_ISTN3ND_2018,UKZN,UKZN,D2_other_module,raw,logistic_regression,144,0.5803589433353499,0.7136150234741784,0.23809523809523814,0.5
ukzn_ISTN101_2019,ukzn_ISTN3ND_2019,UKZN,UKZN,D2_other_module,raw,logistic_regression,223,0.7356526155408837,0.8866498740554156,-0.6190476190476191,0.2
ukzn_ISTN101_2019,ukzn_ISTN3SA_2018,UKZN,UKZN,D2_other_module,raw,logistic_regression,141,0.5789789789789789,0.8844621513944223,0.4285714285714286,0.5
ukzn_ISTN101_2019,ukzn_ISTN3SA_2019,UKZN,UKZN,D2_other_module,raw,logistic_regression,195,0.5472941176470588,0.9392265193370166,0.5238095238095238,0.5
ukzn_ISTN101_2020,oulad_BBB_2013B,UKZN,OULAD,D3_other_institution,raw,logistic_regression,1767,0.3957656195904363,0.41705187467899335,0.23809523809523814,0.5
ukzn_ISTN101_2020,oulad_BBB_2013J,UKZN,OULAD,D3_other_institution,raw,logistic_regression,2237,0.47646371148549105,0.5134560906515581,-0.33333333333333337,0.2
ukzn_ISTN101_2020,oulad_BBB_2014B,UKZN,OULAD,D3_other_institution,raw,logistic_regression,1613,0.5303273292947609,0.5007320644216691,0.04761904761904762,0.2
ukzn_ISTN101_2020,oulad_BBB_2014J,UKZN,OULAD,D3_other_institution,raw,logistic_regression,2292,0.6764897813109161,0.6263366941643752,0.33333333333333337,0.2
ukzn_ISTN101_2020,oulad_DDD_2013B,UKZN,OULAD,D3_other_institution,raw,logistic_regression,1303,0.49154118141581976,0.4504983388704319,0.33333333333333337,0.5
ukzn_ISTN101_2020,oulad_DDD_2013J,UKZN,OULAD,D3_other_institution,raw,logistic_regression,1938,0.5102065456333258,0.4974916387959866,0.5238095238095238,0.5
ukzn_ISTN101_2020,oulad_DDD_2014B,UKZN,OULAD,D3_other_institution,raw,logistic_regression,1228,0.47667174883142727,0.45686680469289165,0.14285714285714288,0.2
ukzn_ISTN101_2020,oulad_DDD_2014J,UKZN,OULAD,D3_other_institution,raw,logistic_regression,1803,0.48706651080538327,0.4886917960088692,0.5238095238095238,0.5
ukzn_ISTN101_2020,oulad_FFF_2013B,UKZN,OULAD,D3_other_institution,raw,logistic_regression,1614,0.38456005311823727,0.3626943005181347,0.4285714285714286,0.2
ukzn_ISTN101_2020,oulad_FFF_2013J,UKZN,OULAD,D3_other_institution,raw,logistic_regression,2283,0.35065879495103236,0.35572782084409993,0.04761904761904762,0.2
ukzn_ISTN101_2020,oulad_FFF_2014B,UKZN,OULAD,D3_other_institution,raw,logistic_regression,1500,0.42003925651202634,0.40662842574888464,0.5238095238095238,0.5
ukzn_ISTN101_2020,oulad_FFF_2014J,UKZN,OULAD,D3_other_institution,raw,logistic_regression,2365,0.3753274711337603,0.3876092136616362,0.04761904761904762,0.2
ukzn_ISTN101_2020,ku_Accountancy_1819,UKZN,KU Leuven,D3_other_institution,raw,logistic_regression,756,0.6163423310315966,0.8251748251748252,-0.23809523809523814,0.2
ukzn_ISTN101_2020,ku_Globaleconom_1819,UKZN,KU Leuven,D3_other_institution,raw,logistic_regression,743,0.6192565329407436,0.7200689061154177,-0.04761904761904762,0.2
ukzn_ISTN101_2020,ukzn_ISTN101_2019,UKZN,UKZN,D1_same_module,raw,logistic_regression,1056,0.6757142500997207,0.9045643153526971,0.5238095238095238,0.5
ukzn_ISTN101_2020,ukzn_ISTN101_2020,UKZN,UKZN,D0_within_cohort,raw,logistic_regression,978,0.7523340875639815,0.9743051914001049,1.0,1.0
ukzn_ISTN101_2020,ukzn_ISTN101_2021,UKZN,UKZN,D1_same_module,raw,logistic_regression,741,0.7497307674298824,0.9556025369978859,-0.23809523809523814,0.2
ukzn_ISTN101_2020,ukzn_ISTN102_2018,UKZN,UKZN,D2_other_module,raw,logistic_regression,257,0.6588857765328353,0.8475336322869955,0.14285714285714288,0.2
ukzn_ISTN101_2020,ukzn_ISTN103_2019,UKZN,UKZN,D2_other_module,raw,logistic_regression,1113,0.6702562525625256,0.8442367601246106,0.04761904761904762,0.2
ukzn_ISTN101_2020,ukzn_ISTN103_2020,UKZN,UKZN,D2_other_module,raw,logistic_regression,1082,0.6779596241176206,0.9438750610053684,0.4285714285714286,0.5
ukzn_ISTN101_2020,ukzn_ISTN211_2019,UKZN,UKZN,D2_other_module,raw,logistic_regression,280,0.7299858842508571,0.9648798521256932,-0.04761904761904762,0.2
ukzn_ISTN101_2020,ukzn_ISTN211_2021,UKZN,UKZN,D2_other_module,raw,logistic_regression,327,0.8174573055028462,0.9733124018838305,0.14285714285714288,0.2
ukzn_ISTN101_2020,ukzn_ISTN212_2018,UKZN,UKZN,D2_other_module,raw,logistic_regression,238,0.7779404873477038,0.8981481481481481,0.7142857142857143,0.5
ukzn_ISTN101_2020,ukzn_ISTN212_2019,UKZN,UKZN,D2_other_module,raw,logistic_regression,264,0.7515015015015015,0.9135802469135802,0.4285714285714286,0.5
ukzn_ISTN101_2020,ukzn_ISTN2IP_2018,UKZN,UKZN,D2_other_module,raw,logistic_regression,99,0.7194594594594594,0.8554913294797688,-0.23809523809523814,0.5
ukzn_ISTN101_2020,ukzn_ISTN2IP_2019,UKZN,UKZN,D2_other_module,raw,logistic_regression,116,0.7459415584415584,0.8627450980392157,0.23809523809523814,0.5
ukzn_ISTN101_2020,ukzn_ISTN3ND_2018,UKZN,UKZN,D2_other_module,raw,logistic_regression,144,0.5714861867311958,0.7532467532467533,0.04761904761904762,0.2
ukzn_ISTN101_2020,ukzn_ISTN3ND_2019,UKZN,UKZN,D2_other_module,raw,logistic_regression,223,0.5309801929913662,0.885,0.14285714285714288,0.5
ukzn_ISTN101_2020,ukzn_ISTN3SA_2018,UKZN,UKZN,D2_other_module,raw,logistic_regression,141,0.7183183183183183,0.8809523809523809,0.4285714285714286,0.5
ukzn_ISTN101_2020,ukzn_ISTN3SA_2019,UKZN,UKZN,D2_other_module,raw,logistic_regression,195,0.5936470588235293,0.9315068493150684,0.14285714285714288,0.5
ukzn_ISTN101_2021,oulad_BBB_2013B,UKZN,OULAD,D3_other_institution,raw,logistic_regression,1767,0.48288187967321716,0.0049382716049382715,0.14285714285714288,0.2
ukzn_ISTN101_2021,oulad_BBB_2013J,UKZN,OULAD,D3_other_institution,raw,logistic_regression,2237,0.5964520210108256,0.044964028776978415,0.23809523809523814,0.5
ukzn_ISTN101_2021,oulad_BBB_2014B,UKZN,OULAD,D3_other_institution,raw,logistic_regression,1613,0.5949548377481284,0.11662531017369727,0.5238095238095238,0.5
ukzn_ISTN101_2021,oulad_BBB_2014J,UKZN,OULAD,D3_other_institution,raw,logistic_regression,2292,0.7696306195175439,0.33468286099865047,0.6190476190476191,0.5
ukzn_ISTN101_2021,oulad_DDD_2013B,UKZN,OULAD,D3_other_institution,raw,logistic_regression,1303,0.4886185495635833,0.051001821493624776,0.5238095238095238,0.5
ukzn_ISTN101_2021,oulad_DDD_2013J,UKZN,OULAD,D3_other_institution,raw,logistic_regression,1938,0.5575372459784569,0.03436426116838488,0.5238095238095238,0.5
ukzn_ISTN101_2021,oulad_DDD_2014B,UKZN,OULAD,D3_other_institution,raw,logistic_regression,1228,0.5687611317525664,0.05555555555555555,0.4285714285714286,0.5
ukzn_ISTN101_2021,oulad_DDD_2014J,UKZN,OULAD,D3_other_institution,raw,logistic_regression,1803,0.5578959725843999,0.11607142857142858,0.6190476190476191,0.5
ukzn_ISTN101_2021,oulad_FFF_2013B,UKZN,OULAD,D3_other_institution,raw,logistic_regression,1614,0.5287938963210702,0.23379383634431455,0.9047619047619049,1.0
ukzn_ISTN101_2021,oulad_FFF_2013J,UKZN,OULAD,D3_other_institution,raw,logistic_regression,2283,0.5751818028073736,0.2350265352539803,0.5238095238095238,0.5
ukzn_ISTN101_2021,oulad_FFF_2014B,UKZN,OULAD,D3_other_institution,raw,logistic_regression,1500,0.6032363126351025,0.3269689737470167,0.6190476190476191,0.5
ukzn_ISTN101_2021,oulad_FFF_2014J,UKZN,OULAD,D3_other_institution,raw,logistic_regression,2365,0.6471600756375824,0.3210943124550036,0.5238095238095238,0.5
ukzn_ISTN101_2021,ku_Accountancy_1819,UKZN,KU Leuven,D3_other_institution,raw,logistic_regression,756,0.6266541117388574,0.8046940486169321,0.4285714285714286,0.5
ukzn_ISTN101_2021,ku_Globaleconom_1819,UKZN,KU Leuven,D3_other_institution,raw,logistic_regression,743,0.6184026499815974,0.6659412404787813,0.23809523809523814,0.5
ukzn_ISTN101_2021,ukzn_ISTN101_2019,UKZN,UKZN,D1_same_module,raw,logistic_regression,1056,0.6430681591543679,0.8647125140924464,0.04761904761904762,0.2
ukzn_ISTN101_2021,ukzn_ISTN101_2020,UKZN,UKZN,D1_same_module,raw,logistic_regression,978,0.6768085059642802,0.7562582345191041,-0.23809523809523814,0.5
ukzn_ISTN101_2021,ukzn_ISTN101_2021,UKZN,UKZN,D0_within_cohort,raw,logistic_regression,741,0.8348550826426934,0.9567068843151171,1.0,1.0
ukzn_ISTN101_2021,ukzn_ISTN102_2018,UKZN,UKZN,D2_other_module,raw,logistic_regression,257,0.6694677871148458,0.7616438356164383,0.4285714285714286,0.5
ukzn_ISTN101_2021,ukzn_ISTN103_2019,UKZN,UKZN,D2_other_module,raw,logistic_regression,1113,0.6430032800328003,0.7552182163187856,0.14285714285714288,0.5
ukzn_ISTN101_2021,ukzn_ISTN103_2020,UKZN,UKZN,D2_other_module,raw,logistic_regression,1082,0.6563059214963356,0.7557997557997558,-0.04761904761904762,0.2
ukzn_ISTN101_2021,ukzn_ISTN211_2019,UKZN,UKZN,D2_other_module,raw,logistic_regression,280,0.6825972978423069,0.9254901960784314,-0.7142857142857143,0.0
ukzn_ISTN101_2021,ukzn_ISTN211_2021,UKZN,UKZN,D2_other_module,raw,logistic_regression,327,0.86280834914611,0.9261744966442953,0.6190476190476191,0.5
ukzn_ISTN101_2021,ukzn_ISTN212_2018,UKZN,UKZN,D2_other_module,raw,logistic_regression,238,0.7463097469540769,0.8287292817679558,0.14285714285714288,0.5
ukzn_ISTN101_2021,ukzn_ISTN212_2019,UKZN,UKZN,D2_other_module,raw,logistic_regression,264,0.7454954954954955,0.8477751756440282,0.7142857142857143,0.5
ukzn_ISTN101_2021,ukzn_ISTN2IP_2018,UKZN,UKZN,D2_other_module,raw,logistic_regression,99,0.6945945945945946,0.6722689075630253,0.6190476190476191,0.5
ukzn_ISTN101_2021,ukzn_ISTN2IP_2019,UKZN,UKZN,D2_other_module,raw,logistic_regression,116,0.755275974025974,0.8457142857142858,0.5238095238095238,0.2
ukzn_ISTN101_2021,ukzn_ISTN3ND_2018,UKZN,UKZN,D2_other_module,raw,logistic_regression,144,0.5007057874571486,0.5842696629213483,0.23809523809523814,0.5
ukzn_ISTN101_2021,ukzn_ISTN3ND_2019,UKZN,UKZN,D2_other_module,raw,logistic_regression,223,0.5721178263077704,0.7300613496932515,0.14285714285714288,0.2
ukzn_ISTN101_2021,ukzn_ISTN3SA_2018,UKZN,UKZN,D2_other_module,raw,logistic_regression,141,0.5954954954954955,0.7870370370370371,-0.04761904761904762,0.5
ukzn_ISTN101_2021,ukzn_ISTN3SA_2019,UKZN,UKZN,D2_other_module,raw,logistic_regression,195,0.6463529411764707,0.8615384615384616,0.14285714285714288,0.5
ukzn_ISTN102_2018,oulad_BBB_2013B,UKZN,OULAD,D3_other_institution,raw,logistic_regression,1767,0.2394153408122032,0.019393939393939394,0.33333333333333337,0.2
ukzn_ISTN102_2018,oulad_BBB_2013J,UKZN,OULAD,D3_other_institution,raw,logistic_regression,2237,0.29877330087758636,0.09052092228864218,0.04761904761904762,0.2
ukzn_ISTN102_2018,oulad_BBB_2014B,UKZN,OULAD,D3_other_institution,raw,logistic_regression,1613,0.33533476577418564,0.17787913340935005,0.14285714285714288,0.2
ukzn_ISTN102_2018,oulad_BBB_2014J,UKZN,OULAD,D3_other_institution,raw,logistic_regression,2292,0.5475172849658869,0.45232558139534884,0.23809523809523814,0.2
ukzn_ISTN102_2018,oulad_DDD_2013B,UKZN,OULAD,D3_other_institution,raw,logistic_regression,1303,0.25926118240486606,0.06386554621848739,0.4285714285714286,0.5
ukzn_ISTN102_2018,oulad_DDD_2013J,UKZN,OULAD,D3_other_institution,raw,logistic_regression,1938,0.2557145669655337,0.08704663212435233,0.23809523809523814,0.5
ukzn_ISTN102_2018,oulad_DDD_2014B,UKZN,OULAD,D3_other_institution,raw,logistic_regression,1228,0.26671052008105445,0.0994671403197158,0.14285714285714288,0.2
ukzn_ISTN102_2018,oulad_DDD_2014J,UKZN,OULAD,D3_other_institution,raw,logistic_regression,1803,0.3125243533255403,0.20970873786407768,0.5238095238095238,0.5
ukzn_ISTN102_2018,oulad_FFF_2013B,UKZN,OULAD,D3_other_institution,raw,logistic_regression,1614,0.26310280592169977,0.0175,0.33333333333333337,0.5
ukzn_ISTN102_2018,oulad_FFF_2013J,UKZN,OULAD,D3_other_institution,raw,logistic_regression,2283,0.23203726765370603,0.03171806167400881,0.04761904761904762,0.2
ukzn_ISTN102_2018,oulad_FFF_2014B,UKZN,OULAD,D3_other_institution,raw,logistic_regression,1500,0.256571670245299,0.02902757619738752,0.5238095238095238,0.5
ukzn_ISTN102_2018,oulad_FFF_2014J,UKZN,OULAD,D3_other_institution,raw,logistic_regression,2365,0.22199565858641507,0.02943722943722944,0.23809523809523814,0.2
ukzn_ISTN102_2018,ku_Accountancy_1819,UKZN,KU Leuven,D3_other_institution,raw,logistic_regression,756,0.6409416195856873,0.8102481985588471,0.4285714285714286,0.5
ukzn_ISTN102_2018,ku_Globaleconom_1819,UKZN,KU Leuven,D3_other_institution,raw,logistic_regression,743,0.6138167096061833,0.7194244604316546,0.7142857142857143,1.0
ukzn_ISTN102_2018,ukzn_ISTN101_2019,UKZN,UKZN,D2_other_module,raw,logistic_regression,1056,0.6705287694455524,0.9030239833159541,0.14285714285714288,0.2
ukzn_ISTN102_2018,ukzn_ISTN101_2020,UKZN,UKZN,D2_other_module,raw,logistic_regression,978,0.7174930251971617,0.7645901639344262,-0.14285714285714288,0.2
ukzn_ISTN102_2018,ukzn_ISTN101_2021,UKZN,UKZN,D2_other_module,raw,logistic_regression,741,0.5468464672004495,0.7530647985989493,-0.14285714285714288,0.2
ukzn_ISTN102_2018,ukzn_ISTN102_2018,UKZN,UKZN,D0_within_cohort,raw,logistic_regression,257,0.6530501089324617,0.8423529411764706,1.0,1.0
ukzn_ISTN102_2018,ukzn_ISTN103_2019,UKZN,UKZN,D2_other_module,raw,logistic_regression,1113,0.6598257482574825,0.8337787279529664,-0.04761904761904762,0.5
ukzn_ISTN102_2018,ukzn_ISTN103_2020,UKZN,UKZN,D2_other_module,raw,logistic_regression,1082,0.6715480419045907,0.8952579468473163,0.33333333333333337,0.5
ukzn_ISTN102_2018,ukzn_ISTN211_2019,UKZN,UKZN,D2_other_module,raw,logistic_regression,280,0.7257511595079652,0.9487666034155597,-0.04761904761904762,0.2
ukzn_ISTN102_2018,ukzn_ISTN211_2021,UKZN,UKZN,D2_other_module,raw,logistic_regression,327,0.7472485768500949,0.93,0.33333333333333337,0.5
ukzn_ISTN102_2018,ukzn_ISTN212_2018,UKZN,UKZN,D2_other_module,raw,logistic_regression,238,0.6926546391752577,0.8388746803069054,0.04761904761904762,0.2
ukzn_ISTN102_2018,ukzn_ISTN212_2019,UKZN,UKZN,D2_other_module,raw,logistic_regression,264,0.7555770055770056,0.91701244813278,0.5238095238095238,0.2
ukzn_ISTN102_2018,ukzn_ISTN2IP_2018,UKZN,UKZN,D2_other_module,raw,logistic_regression,99,0.5508108108108107,0.7346938775510204,0.23809523809523814,0.2
ukzn_ISTN102_2018,ukzn_ISTN2IP_2019,UKZN,UKZN,D2_other_module,raw,logistic_regression,116,0.7236201298701299,0.8512820512820513,0.5238095238095238,0.5
ukzn_ISTN102_2018,ukzn_ISTN3ND_2018,UKZN,UKZN,D2_other_module,raw,logistic_regression,144,0.5690663440209719,0.7069767441860465,0.04761904761904762,0.2
ukzn_ISTN102_2018,ukzn_ISTN3ND_2019,UKZN,UKZN,D2_other_module,raw,logistic_regression,223,0.2882173692229558,0.2943722943722944,-0.23809523809523814,0.0
ukzn_ISTN102_2018,ukzn_ISTN3SA_2018,UKZN,UKZN,D2_other_module,raw,logistic_regression,141,0.6756756756756758,0.8471615720524017,0.33333333333333337,0.5
ukzn_ISTN102_2018,ukzn_ISTN3SA_2019,UKZN,UKZN,D2_other_module,raw,logistic_regression,195,0.6908235294117647,0.9261363636363636,0.14285714285714288,0.5
ukzn_ISTN103_2019,oulad_BBB_2013B,UKZN,OULAD,D3_other_institution,raw,logistic_regression,1767,0.8003480206487084,0.6249027237354086,-0.7142857142857143,0.0
ukzn_ISTN103_2019,oulad_BBB_2013J,UKZN,OULAD,D3_other_institution,raw,logistic_regression,2237,0.8047414483377104,0.6475211608222491,-0.23809523809523814,0.2
ukzn_ISTN103_2019,oulad_BBB_2014B,UKZN,OULAD,D3_other_institution,raw,logistic_regression,1613,0.8119191705919065,0.6207781103035486,-0.7142857142857143,0.2
ukzn_ISTN103_2019,oulad_BBB_2014J,UKZN,OULAD,D3_other_institution,raw,logistic_regression,2292,0.8153832389132554,0.6691838512924775,-0.5238095238095238,0.2
ukzn_ISTN103_2019,oulad_DDD_2013B,UKZN,OULAD,D3_other_institution,raw,logistic_regression,1303,0.7812402640753653,0.5626034197462769,-0.7142857142857143,0.0
ukzn_ISTN103_2019,oulad_DDD_2013J,UKZN,OULAD,D3_other_institution,raw,logistic_regression,1938,0.81399472024591,0.5992049150704735,-0.6190476190476191,0.0
ukzn_ISTN103_2019,oulad_DDD_2014B,UKZN,OULAD,D3_other_institution,raw,logistic_regression,1228,0.8111999018872762,0.5603751465416178,-0.4285714285714286,0.0
ukzn_ISTN103_2019,oulad_DDD_2014J,UKZN,OULAD,D3_other_institution,raw,logistic_regression,1803,0.8133130264064984,0.6106399383191982,-0.5238095238095238,0.0
ukzn_ISTN103_2019,oulad_FFF_2013B,UKZN,OULAD,D3_other_institution,raw,logistic_regression,1614,0.7533037514755067,0.653027139874739,-0.4285714285714286,0.2
ukzn_ISTN103_2019,oulad_FFF_2013J,UKZN,OULAD,D3_other_institution,raw,logistic_regression,2283,0.807521562658549,0.6483126110124334,-0.5238095238095238,0.2
ukzn_ISTN103_2019,oulad_FFF_2014B,UKZN,OULAD,D3_other_institution,raw,logistic_regression,1500,0.7950094345760947,0.6072423398328691,-0.8095238095238096,0.0
ukzn_ISTN103_2019,oulad_FFF_2014J,UKZN,OULAD,D3_other_institution,raw,logistic_regression,2365,0.8386270315405275,0.6415852958070075,-0.4285714285714286,0.2
ukzn_ISTN103_2019,ku_Accountancy_1819,UKZN,KU Leuven,D3_other_institution,raw,logistic_regression,756,0.6463737183511196,0.8246297739672642,0.5238095238095238,1.0
ukzn_ISTN103_2019,ku_Globaleconom_1819,UKZN,KU Leuven,D3_other_institution,raw,logistic_regression,743,0.6205373573794627,0.7192374350086655,0.14285714285714288,0.5
ukzn_ISTN103_2019,ukzn_ISTN101_2019,UKZN,UKZN,D2_other_module,raw,logistic_regression,1056,0.649070103709613,0.9034267912772586,0.5238095238095238,1.0
ukzn_ISTN103_2019,ukzn_ISTN101_2020,UKZN,UKZN,D2_other_module,raw,logistic_regression,978,0.6116078293534851,0.9683210137275607,0.7142857142857143,0.5
ukzn_ISTN103_2019,ukzn_ISTN101_2021,UKZN,UKZN,D2_other_module,raw,logistic_regression,741,0.6441213653603035,0.93050475493782,-0.14285714285714288,0.2
ukzn_ISTN103_2019,ukzn_ISTN102_2018,UKZN,UKZN,D2_other_module,raw,logistic_regression,257,0.6363990040460629,0.8356164383561644,-0.33333333333333337,0.2
ukzn_ISTN103_2019,ukzn_ISTN103_2019,UKZN,UKZN,D0_within_cohort,raw,logistic_regression,1113,0.6686572365723656,0.8411116937598322,1.0,1.0
ukzn_ISTN103_2019,ukzn_ISTN103_2020,UKZN,UKZN,D1_same_module,raw,logistic_regression,1082,0.6233038082820017,0.9245472837022133,0.04761904761904762,0.5
ukzn_ISTN103_2019,ukzn_ISTN211_2019,UKZN,UKZN,D2_other_module,raw,logistic_regression,280,0.695301472070982,0.9648798521256932,0.23809523809523814,0.5
ukzn_ISTN103_2019,ukzn_ISTN211_2021,UKZN,UKZN,D2_other_module,raw,logistic_regression,327,0.8024667931688806,0.930921052631579,0.23809523809523814,0.5
ukzn_ISTN103_2019,ukzn_ISTN212_2018,UKZN,UKZN,D2_other_module,raw,logistic_regression,238,0.7082357075913777,0.897196261682243,0.14285714285714288,0.2
ukzn_ISTN103_2019,ukzn_ISTN212_2019,UKZN,UKZN,D2_other_module,raw,logistic_regression,264,0.7483912483912484,0.9132231404958677,-0.23809523809523814,0.2
ukzn_ISTN103_2019,ukzn_ISTN2IP_2018,UKZN,UKZN,D2_other_module,raw,logistic_regression,99,0.6972972972972973,0.8604651162790697,-0.23809523809523814,0.2
ukzn_ISTN103_2019,ukzn_ISTN2IP_2019,UKZN,UKZN,D2_other_module,raw,logistic_regression,116,0.6826298701298701,0.8627450980392157,0.14285714285714288,0.5
ukzn_ISTN103_2019,ukzn_ISTN3ND_2018,UKZN,UKZN,D2_other_module,raw,logistic_regression,144,0.5890300463803185,0.7565217391304347,0.7142857142857143,0.5
ukzn_ISTN103_2019,ukzn_ISTN3ND_2019,UKZN,UKZN,D2_other_module,raw,logistic_regression,223,0.7206703910614526,0.89,-0.23809523809523814,0.2
ukzn_ISTN103_2019,ukzn_ISTN3SA_2018,UKZN,UKZN,D2_other_module,raw,logistic_regression,141,0.5465465465465466,0.8809523809523809,0.4285714285714286,0.5
ukzn_ISTN103_2019,ukzn_ISTN3SA_2019,UKZN,UKZN,D2_other_module,raw,logistic_regression,195,0.5174117647058823,0.9315068493150684,0.33333333333333337,0.2
ukzn_ISTN103_2020,oulad_BBB_2013B,UKZN,OULAD,D3_other_institution,raw,logistic_regression,1767,0.22983185461159655,0.1332388377037562,-0.04761904761904762,0.2
ukzn_ISTN103_2020,oulad_BBB_2013J,UKZN,OULAD,D3_other_institution,raw,logistic_regression,2237,0.2493906540260073,0.295873573309921,-0.04761904761904762,0.5
ukzn_ISTN103_2020,oulad_BBB_2014B,UKZN,OULAD,D3_other_institution,raw,logistic_regression,1613,0.2943440838847299,0.3290094339622642,0.14285714285714288,0.5
ukzn_ISTN103_2020,oulad_BBB_2014J,UKZN,OULAD,D3_other_institution,raw,logistic_regression,2292,0.4977441977339182,0.5567144719687093,0.23809523809523814,0.5
ukzn_ISTN103_2020,oulad_DDD_2013B,UKZN,OULAD,D3_other_institution,raw,logistic_regression,1303,0.278023390945281,0.1973929236499069,0.4285714285714286,0.5
ukzn_ISTN103_2020,oulad_DDD_2013J,UKZN,OULAD,D3_other_institution,raw,logistic_regression,1938,0.2685419546837423,0.24705221785513756,0.4285714285714286,0.5
ukzn_ISTN103_2020,oulad_DDD_2014B,UKZN,OULAD,D3_other_institution,raw,logistic_regression,1228,0.28664802896555186,0.2502250225022502,0.14285714285714288,0.5
ukzn_ISTN103_2020,oulad_DDD_2014J,UKZN,OULAD,D3_other_institution,raw,logistic_regression,1803,0.3233247409805273,0.34234234234234234,0.5238095238095238,0.5
ukzn_ISTN103_2020,oulad_FFF_2013B,UKZN,OULAD,D3_other_institution,raw,logistic_regression,1614,0.282750098367106,0.1685761047463175,0.14285714285714288,0.5
ukzn_ISTN103_2020,oulad_FFF_2013J,UKZN,OULAD,D3_other_institution,raw,logistic_regression,2283,0.2430176959857325,0.18341061308603812,-0.04761904761904762,0.5
ukzn_ISTN103_2020,oulad_FFF_2014B,UKZN,OULAD,D3_other_institution,raw,logistic_regression,1500,0.2878720512431229,0.22309505106048705,0.4285714285714286,0.5
ukzn_ISTN103_2020,oulad_FFF_2014J,UKZN,OULAD,D3_other_institution,raw,logistic_regression,2365,0.24895804639258085,0.23037621922898283,0.14285714285714288,0.5
ukzn_ISTN103_2020,ku_Accountancy_1819,UKZN,KU Leuven,D3_other_institution,raw,logistic_regression,756,0.6361623770663318,0.8251748251748252,0.4285714285714286,0.5
ukzn_ISTN103_2020,ku_Globaleconom_1819,UKZN,KU Leuven,D3_other_institution,raw,logistic_regression,743,0.6068237026131763,0.7200689061154177,0.14285714285714288,0.2
ukzn_ISTN103_2020,ukzn_ISTN101_2019,UKZN,UKZN,D2_other_module,raw,logistic_regression,1056,0.6809246609493418,0.9045643153526971,0.6190476190476191,0.5
ukzn_ISTN103_2020,ukzn_ISTN101_2020,UKZN,UKZN,D2_other_module,raw,logistic_regression,978,0.7389556468443137,0.9743051914001049,0.4285714285714286,0.5
ukzn_ISTN103_2020,ukzn_ISTN101_2021,UKZN,UKZN,D2_other_module,raw,logistic_regression,741,0.7416537903263568,0.9451176051318603,0.4285714285714286,0.5
ukzn_ISTN103_2020,ukzn_ISTN102_2018,UKZN,UKZN,D2_other_module,raw,logistic_regression,257,0.6566293183940242,0.8475336322869955,0.14285714285714288,0.5
ukzn_ISTN103_2020,ukzn_ISTN103_2019,UKZN,UKZN,D1_same_module,raw,logistic_regression,1113,0.6695797457974579,0.8442367601246106,0.23809523809523814,0.5
ukzn_ISTN103_2020,ukzn_ISTN103_2020,UKZN,UKZN,D0_within_cohort,raw,logistic_regression,1082,0.6829818803111372,0.9438750610053684,1.0,1.0
ukzn_ISTN103_2020,ukzn_ISTN211_2019,UKZN,UKZN,D2_other_module,raw,logistic_regression,280,0.7787860455737043,0.9648798521256932,0.04761904761904762,0.2
ukzn_ISTN103_2020,ukzn_ISTN211_2021,UKZN,UKZN,D2_other_module,raw,logistic_regression,327,0.7062618595825427,0.9700787401574803,0.5238095238095238,0.5
ukzn_ISTN103_2020,ukzn_ISTN212_2018,UKZN,UKZN,D2_other_module,raw,logistic_regression,238,0.7381091846298032,0.8981481481481481,0.23809523809523814,0.2
ukzn_ISTN103_2020,ukzn_ISTN212_2019,UKZN,UKZN,D2_other_module,raw,logistic_regression,264,0.7793865293865294,0.9135802469135802,0.33333333333333337,0.5
ukzn_ISTN103_2020,ukzn_ISTN2IP_2018,UKZN,UKZN,D2_other_module,raw,logistic_regression,99,0.6713513513513513,0.8554913294797688,0.33333333333333337,0.5
ukzn_ISTN103_2020,ukzn_ISTN2IP_2019,UKZN,UKZN,D2_other_module,raw,logistic_regression,116,0.7317370129870129,0.8627450980392157,0.4285714285714286,0.2
ukzn_ISTN103_2020,ukzn_ISTN3ND_2018,UKZN,UKZN,D2_other_module,raw,logistic_regression,144,0.6247227263561201,0.7532467532467533,-0.04761904761904762,0.2
ukzn_ISTN103_2020,ukzn_ISTN3ND_2019,UKZN,UKZN,D2_other_module,raw,logistic_regression,223,0.35093956323006603,0.6707692307692308,0.23809523809523814,0.5
ukzn_ISTN103_2020,ukzn_ISTN3SA_2018,UKZN,UKZN,D2_other_module,raw,logistic_regression,141,0.7624624624624625,0.8809523809523809,0.6190476190476191,1.0
ukzn_ISTN103_2020,ukzn_ISTN3SA_2019,UKZN,UKZN,D2_other_module,raw,logistic_regression,195,0.636235294117647,0.9315068493150684,-0.14285714285714288,0.5
ukzn_ISTN211_2019,oulad_BBB_2013B,UKZN,OULAD,D3_other_institution,raw,logistic_regression,1767,0.5275329030657855,0.3475238922675934,0.23809523809523814,0.5
ukzn_ISTN211_2019,oulad_BBB_2013J,UKZN,OULAD,D3_other_institution,raw,logistic_regression,2237,0.6384080135801677,0.47602131438721135,0.33333333333333337,0.5
ukzn_ISTN211_2019,oulad_BBB_2014B,UKZN,OULAD,D3_other_institution,raw,logistic_regression,1613,0.6309511241659188,0.5360501567398119,0.4285714285714286,0.5
ukzn_ISTN211_2019,oulad_BBB_2014J,UKZN,OULAD,D3_other_institution,raw,logistic_regression,2292,0.8024271290204679,0.7691702713330711,0.5238095238095238,0.5
ukzn_ISTN211_2019,oulad_DDD_2013B,UKZN,OULAD,D3_other_institution,raw,logistic_regression,1303,0.6322058205375467,0.589041095890411,0.6190476190476191,0.5
ukzn_ISTN211_2019,oulad_DDD_2013J,UKZN,OULAD,D3_other_institution,raw,logistic_regression,1938,0.7073586980522342,0.652871184687015,0.4285714285714286,0.5
ukzn_ISTN211_2019,oulad_DDD_2014B,UKZN,OULAD,D3_other_institution,raw,logistic_regression,1228,0.714884982342497,0.6439578264395782,0.5238095238095238,0.5
ukzn_ISTN211_2019,oulad_DDD_2014J,UKZN,OULAD,D3_other_institution,raw,logistic_regression,1803,0.6329167041333214,0.6050228310502284,0.5238095238095238,0.5
ukzn_ISTN211_2019,oulad_FFF_2013B,UKZN,OULAD,D3_other_institution,raw,logistic_regression,1614,0.6595821857170963,0.6568787384448069,0.14285714285714288,0.2
ukzn_ISTN211_2019,oulad_FFF_2013J,UKZN,OULAD,D3_other_institution,raw,logistic_regression,2283,0.69146910505358,0.6639544344995931,0.14285714285714288,0.5
ukzn_ISTN211_2019,oulad_FFF_2014B,UKZN,OULAD,D3_other_institution,raw,logistic_regression,1500,0.7084517173820317,0.646477132262052,0.4285714285714286,0.5
ukzn_ISTN211_2019,oulad_FFF_2014J,UKZN,OULAD,D3_other_institution,raw,logistic_regression,2365,0.7595619419002365,0.7152317880794702,0.5238095238095238,0.5
ukzn_ISTN211_2019,ku_Accountancy_1819,UKZN,KU Leuven,D3_other_institution,raw,logistic_regression,756,0.6040133919229964,0.806530612244898,0.5238095238095238,0.5
ukzn_ISTN211_2019,ku_Globaleconom_1819,UKZN,KU Leuven,D3_other_institution,raw,logistic_regression,743,0.5978726536621273,0.7185185185185186,0.4285714285714286,0.5
ukzn_ISTN211_2019,ukzn_ISTN101_2019,UKZN,UKZN,D2_other_module,raw,logistic_regression,1056,0.6670634722776225,0.9041666666666667,0.6190476190476191,1.0
ukzn_ISTN211_2019,ukzn_ISTN101_2020,UKZN,UKZN,D2_other_module,raw,logistic_regression,978,0.7011489202785528,0.8588516746411483,-0.04761904761904762,0.2
ukzn_ISTN211_2019,ukzn_ISTN101_2021,UKZN,UKZN,D2_other_module,raw,logistic_regression,741,0.39289226014889733,0.5337423312883436,-0.14285714285714288,0.2
ukzn_ISTN211_2019,ukzn_ISTN102_2018,UKZN,UKZN,D2_other_module,raw,logistic_regression,257,0.6612200435729847,0.8284313725490197,-0.04761904761904762,0.5
ukzn_ISTN211_2019,ukzn_ISTN103_2019,UKZN,UKZN,D2_other_module,raw,logistic_regression,1113,0.6423390733907339,0.8157166574432761,0.33333333333333337,0.2
ukzn_ISTN211_2019,ukzn_ISTN103_2020,UKZN,UKZN,D2_other_module,raw,logistic_regression,1082,0.6296254664808237,0.815954415954416,0.14285714285714288,0.2
ukzn_ISTN211_2019,ukzn_ISTN211_2019,UKZN,UKZN,D0_within_cohort,raw,logistic_regression,280,0.7074006856221012,0.9629629629629629,1.0,1.0
ukzn_ISTN211_2019,ukzn_ISTN211_2021,UKZN,UKZN,D1_same_module,raw,logistic_regression,327,0.6685009487666034,0.8104089219330854,0.14285714285714288,0.2
ukzn_ISTN211_2019,ukzn_ISTN212_2018,UKZN,UKZN,D2_other_module,raw,logistic_regression,238,0.676956419868791,0.8774509803921569,-0.33333333333333337,0.0
ukzn_ISTN211_2019,ukzn_ISTN212_2019,UKZN,UKZN,D2_other_module,raw,logistic_regression,264,0.7374517374517375,0.9159663865546218,-0.04761904761904762,0.2
ukzn_ISTN211_2019,ukzn_ISTN2IP_2018,UKZN,UKZN,D2_other_module,raw,logistic_regression,99,0.6427027027027027,0.8220858895705522,-0.23809523809523814,0.0
ukzn_ISTN211_2019,ukzn_ISTN2IP_2019,UKZN,UKZN,D2_other_module,raw,logistic_regression,116,0.6753246753246753,0.8756218905472637,0.14285714285714288,0.5
ukzn_ISTN211_2019,ukzn_ISTN3ND_2018,UKZN,UKZN,D2_other_module,raw,logistic_regression,144,0.5843920145190563,0.7162790697674418,0.04761904761904762,0.2
ukzn_ISTN211_2019,ukzn_ISTN3ND_2019,UKZN,UKZN,D2_other_module,raw,logistic_regression,223,0.37595226003047233,0.5285714285714286,0.04761904761904762,0.2
ukzn_ISTN211_2019,ukzn_ISTN3SA_2018,UKZN,UKZN,D2_other_module,raw,logistic_regression,141,0.6504504504504505,0.8844621513944223,0.14285714285714288,0.5
ukzn_ISTN211_2019,ukzn_ISTN3SA_2019,UKZN,UKZN,D2_other_module,raw,logistic_regression,195,0.6538823529411765,0.9366391184573003,0.14285714285714288,0.5
ukzn_ISTN211_2021,oulad_BBB_2013B,UKZN,OULAD,D3_other_institution,raw,logistic_regression,1767,0.7998151382523009,0.6249027237354086,-0.33333333333333337,0.0
ukzn_ISTN211_2021,oulad_BBB_2013J,UKZN,OULAD,D3_other_institution,raw,logistic_regression,2237,0.8122345621677023,0.6479298881837413,-0.23809523809523814,0.0
ukzn_ISTN211_2021,oulad_BBB_2014B,UKZN,OULAD,D3_other_institution,raw,logistic_regression,1613,0.8216766388976,0.6213675213675214,-0.7142857142857143,0.0
ukzn_ISTN211_2021,oulad_BBB_2014J,UKZN,OULAD,D3_other_institution,raw,logistic_regression,2292,0.8227552387914229,0.6689895470383276,-0.5238095238095238,0.0
ukzn_ISTN211_2021,oulad_DDD_2013B,UKZN,OULAD,D3_other_institution,raw,logistic_regression,1303,0.7721571100066761,0.5626034197462769,-0.4285714285714286,0.2
ukzn_ISTN211_2021,oulad_DDD_2013J,UKZN,OULAD,D3_other_institution,raw,logistic_regression,1938,0.806596647018962,0.5992049150704735,-0.6190476190476191,0.2
ukzn_ISTN211_2021,oulad_DDD_2014B,UKZN,OULAD,D3_other_institution,raw,logistic_regression,1228,0.807031504776027,0.5612185120093731,-0.33333333333333337,0.0
ukzn_ISTN211_2021,oulad_DDD_2014J,UKZN,OULAD,D3_other_institution,raw,logistic_regression,1803,0.8102207785071287,0.6104046242774567,-0.33333333333333337,0.2
ukzn_ISTN211_2021,oulad_FFF_2013B,UKZN,OULAD,D3_other_institution,raw,logistic_regression,1614,0.7216533666142042,0.6527545909849749,-0.33333333333333337,0.2
ukzn_ISTN211_2021,oulad_FFF_2013J,UKZN,OULAD,D3_other_institution,raw,logistic_regression,2283,0.7883404055778485,0.6483126110124334,-0.4285714285714286,0.2
ukzn_ISTN211_2021,oulad_FFF_2014B,UKZN,OULAD,D3_other_institution,raw,logistic_regression,1500,0.7780425604210496,0.6072423398328691,-0.6190476190476191,0.0
ukzn_ISTN211_2021,oulad_FFF_2014J,UKZN,OULAD,D3_other_institution,raw,logistic_regression,2365,0.8214095103643,0.6415852958070075,-0.23809523809523814,0.2
ukzn_ISTN211_2021,ku_Accountancy_1819,UKZN,KU Leuven,D3_other_institution,raw,logistic_regression,756,0.6503410755388157,0.8251748251748252,0.6190476190476191,0.5
ukzn_ISTN211_2021,ku_Globaleconom_1819,UKZN,KU Leuven,D3_other_institution,raw,logistic_regression,743,0.6243871917556127,0.7200689061154177,0.5238095238095238,0.5
ukzn_ISTN211_2021,ukzn_ISTN101_2019,UKZN,UKZN,D2_other_module,raw,logistic_regression,1056,0.6499925209413642,0.9045643153526971,0.5238095238095238,0.5
ukzn_ISTN211_2021,ukzn_ISTN101_2020,UKZN,UKZN,D2_other_module,raw,logistic_regression,978,0.6054348542430965,0.9743051914001049,-0.04761904761904762,0.2
ukzn_ISTN211_2021,ukzn_ISTN101_2021,UKZN,UKZN,D2_other_module,raw,logistic_regression,741,0.7823196141780211,0.9556025369978859,0.8095238095238096,0.5
ukzn_ISTN211_2021,ukzn_ISTN102_2018,UKZN,UKZN,D2_other_module,raw,logistic_regression,257,0.6514939309056957,0.8475336322869955,0.33333333333333337,0.5
ukzn_ISTN211_2021,ukzn_ISTN103_2019,UKZN,UKZN,D2_other_module,raw,logistic_regression,1113,0.6640241902419024,0.8442367601246106,0.7142857142857143,1.0
ukzn_ISTN211_2021,ukzn_ISTN103_2020,UKZN,UKZN,D2_other_module,raw,logistic_regression,1082,0.6267299132233263,0.9438750610053684,-0.33333333333333337,0.2
ukzn_ISTN211_2021,ukzn_ISTN211_2019,UKZN,UKZN,D1_same_module,raw,logistic_regression,280,0.6525509175236943,0.9648798521256932,-0.23809523809523814,0.2
ukzn_ISTN211_2021,ukzn_ISTN211_2021,UKZN,UKZN,D0_within_cohort,raw,logistic_regression,327,0.8504743833017078,0.9733124018838305,1.0,1.0
ukzn_ISTN211_2021,ukzn_ISTN212_2018,UKZN,UKZN,D2_other_module,raw,logistic_regression,238,0.7088214620431116,0.8981481481481481,0.33333333333333337,0.5
ukzn_ISTN211_2021,ukzn_ISTN212_2019,UKZN,UKZN,D2_other_module,raw,logistic_regression,264,0.7364864864864865,0.9135802469135802,0.4285714285714286,0.5
ukzn_ISTN211_2021,ukzn_ISTN2IP_2018,UKZN,UKZN,D2_other_module,raw,logistic_regression,99,0.7421621621621621,0.8554913294797688,0.23809523809523814,0.2
ukzn_ISTN211_2021,ukzn_ISTN2IP_2019,UKZN,UKZN,D2_other_module,raw,logistic_regression,116,0.6956168831168831,0.8627450980392157,-0.04761904761904762,0.2
ukzn_ISTN211_2021,ukzn_ISTN3ND_2018,UKZN,UKZN,D2_other_module,raw,logistic_regression,144,0.5468844525105868,0.7532467532467533,0.8095238095238096,1.0
ukzn_ISTN211_2021,ukzn_ISTN3ND_2019,UKZN,UKZN,D2_other_module,raw,logistic_regression,223,0.7296851193499239,0.8905472636815921,-0.14285714285714288,0.2
ukzn_ISTN211_2021,ukzn_ISTN3SA_2018,UKZN,UKZN,D2_other_module,raw,logistic_regression,141,0.5405405405405406,0.8809523809523809,-0.23809523809523814,0.2
ukzn_ISTN211_2021,ukzn_ISTN3SA_2019,UKZN,UKZN,D2_other_module,raw,logistic_regression,195,0.5336470588235294,0.9315068493150684,0.4285714285714286,0.2
ukzn_ISTN212_2018,oulad_BBB_2013B,UKZN,OULAD,D3_other_institution,raw,logistic_regression,1767,0.4033926199986565,0.3251231527093596,0.23809523809523814,0.5
ukzn_ISTN212_2018,oulad_BBB_2013J,UKZN,OULAD,D3_other_institution,raw,logistic_regression,2237,0.47927102684004874,0.4489795918367347,-0.4285714285714286,0.2
ukzn_ISTN212_2018,oulad_BBB_2014B,UKZN,OULAD,D3_other_institution,raw,logistic_regression,1613,0.5252102862501202,0.45748116254036597,0.04761904761904762,0.2
ukzn_ISTN212_2018,oulad_BBB_2014J,UKZN,OULAD,D3_other_institution,raw,logistic_regression,2292,0.6476002832602339,0.5900990099009901,-0.04761904761904762,0.0
ukzn_ISTN212_2018,oulad_DDD_2013B,UKZN,OULAD,D3_other_institution,raw,logistic_regression,1303,0.5370125856143214,0.4579172610556348,-0.04761904761904762,0.2
ukzn_ISTN212_2018,oulad_DDD_2013J,UKZN,OULAD,D3_other_institution,raw,logistic_regression,1938,0.5619511813096271,0.4903974988834301,0.14285714285714288,0.2
ukzn_ISTN212_2018,oulad_DDD_2014B,UKZN,OULAD,D3_other_institution,raw,logistic_regression,1228,0.5244877651761151,0.43471698113207546,-0.33333333333333337,0.0
ukzn_ISTN212_2018,oulad_DDD_2014J,UKZN,OULAD,D3_other_institution,raw,logistic_regression,1803,0.5286182797310394,0.48154981549815495,0.14285714285714288,0.2
ukzn_ISTN212_2018,oulad_FFF_2013B,UKZN,OULAD,D3_other_institution,raw,logistic_regression,1614,0.35650698406452885,0.248,0.04761904761904762,0.2
ukzn_ISTN212_2018,oulad_FFF_2013J,UKZN,OULAD,D3_other_institution,raw,logistic_regression,2283,0.32201466722014666,0.2377695949500263,-0.33333333333333337,0.0
ukzn_ISTN212_2018,oulad_FFF_2014B,UKZN,OULAD,D3_other_institution,raw,logistic_regression,1500,0.3849343194453481,0.2996078431372549,0.14285714285714288,0.2
ukzn_ISTN212_2018,oulad_FFF_2014J,UKZN,OULAD,D3_other_institution,raw,logistic_regression,2365,0.34461118093336085,0.2893738140417457,-0.33333333333333337,0.0
ukzn_ISTN212_2018,ku_Accountancy_1819,UKZN,KU Leuven,D3_other_institution,raw,logistic_regression,756,0.6195480225988701,0.8122481869460113,0.14285714285714288,0.5
ukzn_ISTN212_2018,ku_Globaleconom_1819,UKZN,KU Leuven,D3_other_institution,raw,logistic_regression,743,0.6178432094221568,0.7179946284691137,0.14285714285714288,0.2
ukzn_ISTN212_2018,ukzn_ISTN101_2019,UKZN,UKZN,D2_other_module,raw,logistic_regression,1056,0.671769046669326,0.903995848469123,0.33333333333333337,0.2
ukzn_ISTN212_2018,ukzn_ISTN101_2020,UKZN,UKZN,D2_other_module,raw,logistic_regression,978,0.7714022099690254,0.9292035398230089,0.7142857142857143,0.5
ukzn_ISTN212_2018,ukzn_ISTN101_2021,UKZN,UKZN,D2_other_module,raw,logistic_regression,741,0.7040782881490848,0.9454022988505747,-0.23809523809523814,0.2
ukzn_ISTN212_2018,ukzn_ISTN102_2018,UKZN,UKZN,D2_other_module,raw,logistic_regression,257,0.6633208839091194,0.849438202247191,0.04761904761904762,0.2
ukzn_ISTN212_2018,ukzn_ISTN103_2019,UKZN,UKZN,D2_other_module,raw,logistic_regression,1113,0.669850348503485,0.8429838288993219,0.6190476190476191,0.5
ukzn_ISTN212_2018,ukzn_ISTN103_2020,UKZN,UKZN,D2_other_module,raw,logistic_regression,1082,0.6702081740928916,0.9195751138088012,0.4285714285714286,0.2
ukzn_ISTN212_2018,ukzn_ISTN211_2019,UKZN,UKZN,D2_other_module,raw,logistic_regression,280,0.7235329703569268,0.9648798521256932,0.14285714285714288,0.5
ukzn_ISTN212_2018,ukzn_ISTN211_2021,UKZN,UKZN,D2_other_module,raw,logistic_regression,327,0.8100569259962049,0.9405940594059405,0.5238095238095238,0.5
ukzn_ISTN212_2018,ukzn_ISTN212_2018,UKZN,UKZN,D0_within_cohort,raw,logistic_regression,238,0.7443181818181818,0.8847058823529412,1.0,1.0
ukzn_ISTN212_2018,ukzn_ISTN212_2019,UKZN,UKZN,D1_same_module,raw,logistic_regression,264,0.7550407550407552,0.9151138716356108,0.6190476190476191,1.0
ukzn_ISTN212_2018,ukzn_ISTN2IP_2018,UKZN,UKZN,D2_other_module,raw,logistic_regression,99,0.7048648648648649,0.8352941176470589,0.14285714285714288,0.5
ukzn_ISTN212_2018,ukzn_ISTN2IP_2019,UKZN,UKZN,D2_other_module,raw,logistic_regression,116,0.7491883116883117,0.8627450980392157,0.04761904761904762,0.2
ukzn_ISTN212_2018,ukzn_ISTN3ND_2018,UKZN,UKZN,D2_other_module,raw,logistic_regression,144,0.5783424077434967,0.7377777777777778,0.5238095238095238,0.5
ukzn_ISTN212_2018,ukzn_ISTN3ND_2019,UKZN,UKZN,D2_other_module,raw,logistic_regression,223,0.47460639918740477,0.8412698412698413,0.04761904761904762,0.5
ukzn_ISTN212_2018,ukzn_ISTN3SA_2018,UKZN,UKZN,D2_other_module,raw,logistic_regression,141,0.7243243243243244,0.8809523809523809,0.14285714285714288,0.2
ukzn_ISTN212_2018,ukzn_ISTN3SA_2019,UKZN,UKZN,D2_other_module,raw,logistic_regression,195,0.603764705882353,0.9315068493150684,0.23809523809523814,0.2
ukzn_ISTN212_2019,oulad_BBB_2013B,UKZN,OULAD,D3_other_institution,raw,logistic_regression,1767,0.8185790577864129,0.7418452935694315,-0.23809523809523814,0.0
ukzn_ISTN212_2019,oulad_BBB_2013J,UKZN,OULAD,D3_other_institution,raw,logistic_regression,2237,0.8347819646403177,0.7804690503652442,0.14285714285714288,0.2
ukzn_ISTN212_2019,oulad_BBB_2014B,UKZN,OULAD,D3_other_institution,raw,logistic_regression,1613,0.8375641571006736,0.7748344370860927,-0.04761904761904762,0.2
ukzn_ISTN212_2019,oulad_BBB_2014J,UKZN,OULAD,D3_other_institution,raw,logistic_regression,2292,0.8408397295321637,0.796677500902853,0.33333333333333337,0.5
ukzn_ISTN212_2019,oulad_DDD_2013B,UKZN,OULAD,D3_other_institution,raw,logistic_regression,1303,0.8039042603169895,0.6359102244389028,0.23809523809523814,0.2
ukzn_ISTN212_2019,oulad_DDD_2013J,UKZN,OULAD,D3_other_institution,raw,logistic_regression,1938,0.8356064701461124,0.6889912097111762,0.23809523809523814,0.5
ukzn_ISTN212_2019,oulad_DDD_2014B,UKZN,OULAD,D3_other_institution,raw,logistic_regression,1228,0.8324711306097762,0.6547700754975978,0.23809523809523814,0.5
ukzn_ISTN212_2019,oulad_DDD_2014J,UKZN,OULAD,D3_other_institution,raw,logistic_regression,1803,0.8378774141014498,0.7120181405895691,0.14285714285714288,0.2
ukzn_ISTN212_2019,oulad_FFF_2013B,UKZN,OULAD,D3_other_institution,raw,logistic_regression,1614,0.8039697275231164,0.7099409895596913,0.04761904761904762,0.5
ukzn_ISTN212_2019,oulad_FFF_2013J,UKZN,OULAD,D3_other_institution,raw,logistic_regression,2283,0.8350210629890995,0.7252820172528202,-0.14285714285714288,0.2
ukzn_ISTN212_2019,oulad_FFF_2014B,UKZN,OULAD,D3_other_institution,raw,logistic_regression,1500,0.8267490113576391,0.6827985270910047,0.04761904761904762,0.2
ukzn_ISTN212_2019,oulad_FFF_2014J,UKZN,OULAD,D3_other_institution,raw,logistic_regression,2365,0.8710039913458668,0.7423435419440746,0.33333333333333337,0.2
ukzn_ISTN212_2019,ku_Accountancy_1819,UKZN,KU Leuven,D3_other_institution,raw,logistic_regression,756,0.6330738648252772,0.8103727714748784,0.6190476190476191,1.0
ukzn_ISTN212_2019,ku_Globaleconom_1819,UKZN,KU Leuven,D3_other_institution,raw,logistic_regression,743,0.6109164519690835,0.7197802197802198,0.5238095238095238,0.5
ukzn_ISTN212_2019,ukzn_ISTN101_2019,UKZN,UKZN,D2_other_module,raw,logistic_regression,1056,0.674293228958915,0.9048361934477379,0.4285714285714286,0.5
ukzn_ISTN212_2019,ukzn_ISTN101_2020,UKZN,UKZN,D2_other_module,raw,logistic_regression,978,0.7009072735660465,0.939443535188216,0.14285714285714288,0.5
ukzn_ISTN212_2019,ukzn_ISTN101_2021,UKZN,UKZN,D2_other_module,raw,logistic_regression,741,0.7396403989324343,0.9416005767844268,0.6190476190476191,0.5
ukzn_ISTN212_2019,ukzn_ISTN102_2018,UKZN,UKZN,D2_other_module,raw,logistic_regression,257,0.6720354808590103,0.8321167883211679,0.6190476190476191,0.5
ukzn_ISTN212_2019,ukzn_ISTN103_2019,UKZN,UKZN,D2_other_module,raw,logistic_regression,1113,0.6654961049610496,0.8256382400869093,0.23809523809523814,0.5
ukzn_ISTN212_2019,ukzn_ISTN103_2020,UKZN,UKZN,D2_other_module,raw,logistic_regression,1082,0.6794793399577357,0.8735262593783494,-0.14285714285714288,0.2
ukzn_ISTN212_2019,ukzn_ISTN211_2019,UKZN,UKZN,D2_other_module,raw,logistic_regression,280,0.7860455737043759,0.9666666666666667,-0.14285714285714288,0.2
ukzn_ISTN212_2019,ukzn_ISTN211_2021,UKZN,UKZN,D2_other_module,raw,logistic_regression,327,0.7673624288425047,0.8791593695271454,0.5238095238095238,0.5
ukzn_ISTN212_2019,ukzn_ISTN212_2018,UKZN,UKZN,D1_same_module,raw,logistic_regression,238,0.7333059981255857,0.8861985472154964,0.04761904761904762,0.5
ukzn_ISTN212_2019,ukzn_ISTN212_2019,UKZN,UKZN,D0_within_cohort,raw,logistic_regression,264,0.7501072501072501,0.9182389937106918,1.0,1.0
ukzn_ISTN212_2019,ukzn_ISTN2IP_2018,UKZN,UKZN,D2_other_module,raw,logistic_regression,99,0.7227027027027028,0.8383233532934131,0.6190476190476191,0.5
ukzn_ISTN212_2019,ukzn_ISTN2IP_2019,UKZN,UKZN,D2_other_module,raw,logistic_regression,116,0.7345779220779222,0.8627450980392157,0.23809523809523814,0.2
ukzn_ISTN212_2019,ukzn_ISTN3ND_2018,UKZN,UKZN,D2_other_module,raw,logistic_regression,144,0.5958862673926194,0.7214611872146118,0.4285714285714286,0.5
ukzn_ISTN212_2019,ukzn_ISTN3ND_2019,UKZN,UKZN,D2_other_module,raw,logistic_regression,223,0.7470797359065515,0.8804071246819338,0.04761904761904762,0.2
ukzn_ISTN212_2019,ukzn_ISTN3SA_2018,UKZN,UKZN,D2_other_module,raw,logistic_regression,141,0.633033033033033,0.8844621513944223,0.04761904761904762,0.2
ukzn_ISTN212_2019,ukzn_ISTN3SA_2019,UKZN,UKZN,D2_other_module,raw,logistic_regression,195,0.6112941176470589,0.9366391184573003,0.8095238095238096,1.0
ukzn_ISTN2IP_2018,oulad_BBB_2013B,UKZN,OULAD,D3_other_institution,raw,logistic_regression,1767,0.6181707083912507,0.6010703993412927,-0.5238095238095238,0.0
ukzn_ISTN2IP_2018,oulad_BBB_2013J,UKZN,OULAD,D3_other_institution,raw,logistic_regression,2237,0.5515533918390878,0.6242990654205608,-0.23809523809523814,0.2
ukzn_ISTN2IP_2018,oulad_BBB_2014B,UKZN,OULAD,D3_other_institution,raw,logistic_regression,1613,0.5940838847299114,0.6025697828976517,-0.23809523809523814,0.2
ukzn_ISTN2IP_2018,oulad_BBB_2014J,UKZN,OULAD,D3_other_institution,raw,logistic_regression,2292,0.7470345242446392,0.6678311499272198,-0.23809523809523814,0.2
ukzn_ISTN2IP_2018,oulad_DDD_2013B,UKZN,OULAD,D3_other_institution,raw,logistic_regression,1303,0.7834297653487625,0.5632247377139702,-0.23809523809523814,0.2
ukzn_ISTN2IP_2018,oulad_DDD_2013J,UKZN,OULAD,D3_other_institution,raw,logistic_regression,1938,0.7947759367647746,0.5998552821997105,-0.23809523809523814,0.2
ukzn_ISTN2IP_2018,oulad_DDD_2014B,UKZN,OULAD,D3_other_institution,raw,logistic_regression,1228,0.781434396871542,0.5607038123167155,-0.14285714285714288,0.2
ukzn_ISTN2IP_2018,oulad_DDD_2014J,UKZN,OULAD,D3_other_institution,raw,logistic_regression,1803,0.7604844188672082,0.6059666795815576,-0.14285714285714288,0.2
ukzn_ISTN2IP_2018,oulad_FFF_2013B,UKZN,OULAD,D3_other_institution,raw,logistic_regression,1614,0.8032020030001967,0.6532999164578112,-0.23809523809523814,0.2
ukzn_ISTN2IP_2018,oulad_FFF_2013J,UKZN,OULAD,D3_other_institution,raw,logistic_regression,2283,0.8244050089940502,0.6478956727919384,-0.5238095238095238,0.2
ukzn_ISTN2IP_2018,oulad_FFF_2014B,UKZN,OULAD,D3_other_institution,raw,logistic_regression,1500,0.8195266806920134,0.6071594607159461,-0.33333333333333337,0.0
ukzn_ISTN2IP_2018,oulad_FFF_2014J,UKZN,OULAD,D3_other_institution,raw,logistic_regression,2365,0.857061540183183,0.6415636677206094,0.04761904761904762,0.2
ukzn_ISTN2IP_2018,ku_Accountancy_1819,UKZN,KU Leuven,D3_other_institution,raw,logistic_regression,756,0.6466248169073028,0.8296529968454258,0.23809523809523814,0.5
ukzn_ISTN2IP_2018,ku_Globaleconom_1819,UKZN,KU Leuven,D3_other_institution,raw,logistic_regression,743,0.6179977916820023,0.7058823529411765,-0.04761904761904762,0.5
ukzn_ISTN2IP_2018,ukzn_ISTN101_2019,UKZN,UKZN,D2_other_module,raw,logistic_regression,1056,0.650971031112884,0.9041666666666667,0.14285714285714288,0.5
ukzn_ISTN2IP_2018,ukzn_ISTN101_2020,UKZN,UKZN,D2_other_module,raw,logistic_regression,978,0.596691636826959,0.9742782152230971,0.5238095238095238,0.5
ukzn_ISTN2IP_2018,ukzn_ISTN101_2021,UKZN,UKZN,D2_other_module,raw,logistic_regression,741,0.7993397949150162,0.9574468085106383,0.6190476190476191,0.5
ukzn_ISTN2IP_2018,ukzn_ISTN102_2018,UKZN,UKZN,D2_other_module,raw,logistic_regression,257,0.6234049175225644,0.795,-0.04761904761904762,0.2
ukzn_ISTN2IP_2018,ukzn_ISTN103_2019,UKZN,UKZN,D2_other_module,raw,logistic_regression,1113,0.6656929069290694,0.808634772462077,0.4285714285714286,0.5
ukzn_ISTN2IP_2018,ukzn_ISTN103_2020,UKZN,UKZN,D2_other_module,raw,logistic_regression,1082,0.6462793939121442,0.8275084554678692,-0.14285714285714288,0.2
ukzn_ISTN2IP_2018,ukzn_ISTN211_2019,UKZN,UKZN,D2_other_module,raw,logistic_regression,280,0.7243395845936681,0.961038961038961,-0.33333333333333337,0.2
ukzn_ISTN2IP_2018,ukzn_ISTN211_2021,UKZN,UKZN,D2_other_module,raw,logistic_regression,327,0.80853889943074,0.911864406779661,0.33333333333333337,0.5
ukzn_ISTN2IP_2018,ukzn_ISTN212_2018,UKZN,UKZN,D2_other_module,raw,logistic_regression,238,0.7254568884723522,0.8527918781725888,0.7142857142857143,1.0
ukzn_ISTN2IP_2018,ukzn_ISTN212_2019,UKZN,UKZN,D2_other_module,raw,logistic_regression,264,0.7231874731874732,0.8898678414096917,0.5238095238095238,0.5
ukzn_ISTN2IP_2018,ukzn_ISTN2IP_2018,UKZN,UKZN,D0_within_cohort,raw,logistic_regression,99,0.7697297297297298,0.8588957055214724,1.0,1.0
ukzn_ISTN2IP_2018,ukzn_ISTN2IP_2019,UKZN,UKZN,D1_same_module,raw,logistic_regression,116,0.7284902597402597,0.8613861386138614,0.23809523809523814,0.2
ukzn_ISTN2IP_2018,ukzn_ISTN3ND_2018,UKZN,UKZN,D2_other_module,raw,logistic_regression,144,0.5765275257108288,0.7211538461538461,0.4285714285714286,0.5
ukzn_ISTN2IP_2018,ukzn_ISTN3ND_2019,UKZN,UKZN,D2_other_module,raw,logistic_regression,223,0.6663280853224988,0.8779220779220779,0.4285714285714286,0.5
ukzn_ISTN2IP_2018,ukzn_ISTN3SA_2018,UKZN,UKZN,D2_other_module,raw,logistic_regression,141,0.6462462462462463,0.888,-0.04761904761904762,0.2
ukzn_ISTN2IP_2018,ukzn_ISTN3SA_2019,UKZN,UKZN,D2_other_module,raw,logistic_regression,195,0.5781176470588236,0.9226519337016574,-0.23809523809523814,0.2
ukzn_ISTN2IP_2019,oulad_BBB_2013B,UKZN,OULAD,D3_other_institution,raw,logistic_regression,1767,0.6286668768053411,0.18663838812301167,0.14285714285714288,0.2
ukzn_ISTN2IP_2019,oulad_BBB_2013J,UKZN,OULAD,D3_other_institution,raw,logistic_regression,2237,0.7018824867080904,0.3043160204828091,0.23809523809523814,0.5
ukzn_ISTN2IP_2019,oulad_BBB_2014B,UKZN,OULAD,D3_other_institution,raw,logistic_regression,1613,0.6860028069216703,0.3784313725490196,0.33333333333333337,0.5
ukzn_ISTN2IP_2019,oulad_BBB_2014J,UKZN,OULAD,D3_other_institution,raw,logistic_regression,2292,0.8311232182017544,0.7564494971578487,0.23809523809523814,0.2
ukzn_ISTN2IP_2019,oulad_DDD_2013B,UKZN,OULAD,D3_other_institution,raw,logistic_regression,1303,0.7324753356575922,0.6491499227202473,0.5238095238095238,0.5
ukzn_ISTN2IP_2019,oulad_DDD_2013J,UKZN,OULAD,D3_other_institution,raw,logistic_regression,1938,0.7859643817825642,0.7018299246501615,0.33333333333333337,0.5
ukzn_ISTN2IP_2019,oulad_DDD_2014B,UKZN,OULAD,D3_other_institution,raw,logistic_regression,1228,0.7776882746933281,0.6733212341197822,0.23809523809523814,0.2
ukzn_ISTN2IP_2019,oulad_DDD_2014J,UKZN,OULAD,D3_other_institution,raw,logistic_regression,1803,0.6981149277143341,0.6080821039127646,0.7142857142857143,0.5
ukzn_ISTN2IP_2019,oulad_FFF_2013B,UKZN,OULAD,D3_other_institution,raw,logistic_regression,1614,0.7595692750344284,0.7252032520325203,0.4285714285714286,0.5
ukzn_ISTN2IP_2019,oulad_FFF_2013J,UKZN,OULAD,D3_other_institution,raw,logistic_regression,2283,0.7832737573605153,0.7291139240506329,0.04761904761904762,0.5
ukzn_ISTN2IP_2019,oulad_FFF_2014B,UKZN,OULAD,D3_other_institution,raw,logistic_regression,1500,0.7995116432067438,0.7187096774193549,0.04761904761904762,0.2
ukzn_ISTN2IP_2019,oulad_FFF_2014J,UKZN,OULAD,D3_other_institution,raw,logistic_regression,2365,0.8379806974955811,0.7790839075800567,0.33333333333333337,0.5
ukzn_ISTN2IP_2019,ku_Accountancy_1819,UKZN,KU Leuven,D3_other_institution,raw,logistic_regression,756,0.6536220966729442,0.8133333333333334,0.7142857142857143,0.5
ukzn_ISTN2IP_2019,ku_Globaleconom_1819,UKZN,KU Leuven,D3_other_institution,raw,logistic_regression,743,0.6244019138755981,0.676923076923077,0.8095238095238096,1.0
ukzn_ISTN2IP_2019,ukzn_ISTN101_2019,UKZN,UKZN,D2_other_module,raw,logistic_regression,1056,0.6677926804946152,0.8961038961038961,0.33333333333333337,0.5
ukzn_ISTN2IP_2019,ukzn_ISTN101_2020,UKZN,UKZN,D2_other_module,raw,logistic_regression,978,0.7024010896069945,0.7461692205196535,-0.23809523809523814,0.2
ukzn_ISTN2IP_2019,ukzn_ISTN101_2021,UKZN,UKZN,D2_other_module,raw,logistic_regression,741,0.8169686753757549,0.9612068965517241,0.8095238095238096,1.0
ukzn_ISTN2IP_2019,ukzn_ISTN102_2018,UKZN,UKZN,D2_other_module,raw,logistic_regression,257,0.6710239651416122,0.7202380952380952,0.6190476190476191,1.0
ukzn_ISTN2IP_2019,ukzn_ISTN103_2019,UKZN,UKZN,D2_other_module,raw,logistic_regression,1113,0.6682964329643297,0.7245386192754614,0.33333333333333337,0.5
ukzn_ISTN2IP_2019,ukzn_ISTN103_2020,UKZN,UKZN,D2_other_module,raw,logistic_regression,1082,0.6610269322422553,0.6148459383753502,0.04761904761904762,0.2
ukzn_ISTN2IP_2019,ukzn_ISTN211_2019,UKZN,UKZN,D2_other_module,raw,logistic_regression,280,0.7576124218592458,0.9568480300187617,-0.14285714285714288,0.2
ukzn_ISTN2IP_2019,ukzn_ISTN211_2021,UKZN,UKZN,D2_other_module,raw,logistic_regression,327,0.8493358633776091,0.8204158790170132,0.7142857142857143,0.5
ukzn_ISTN2IP_2019,ukzn_ISTN212_2018,UKZN,UKZN,D2_other_module,raw,logistic_regression,238,0.7625937207122774,0.783625730994152,0.04761904761904762,0.2
ukzn_ISTN2IP_2019,ukzn_ISTN212_2019,UKZN,UKZN,D2_other_module,raw,logistic_regression,264,0.7558987558987559,0.8166259168704156,0.4285714285714286,0.5
ukzn_ISTN2IP_2019,ukzn_ISTN2IP_2018,UKZN,UKZN,D1_same_module,raw,logistic_regression,99,0.712972972972973,0.6551724137931034,0.4285714285714286,0.5
ukzn_ISTN2IP_2019,ukzn_ISTN2IP_2019,UKZN,UKZN,D0_within_cohort,raw,logistic_regression,116,0.7252435064935066,0.8629441624365483,1.0,1.0
ukzn_ISTN2IP_2019,ukzn_ISTN3ND_2018,UKZN,UKZN,D2_other_module,raw,logistic_regression,144,0.5458761847146602,0.6060606060606061,0.4285714285714286,0.5
ukzn_ISTN2IP_2019,ukzn_ISTN3ND_2019,UKZN,UKZN,D2_other_module,raw,logistic_regression,223,0.5087607922803453,0.48627450980392156,0.14285714285714288,0.2
ukzn_ISTN2IP_2019,ukzn_ISTN3SA_2018,UKZN,UKZN,D2_other_module,raw,logistic_regression,141,0.6438438438438437,0.8290598290598291,0.23809523809523814,0.5
ukzn_ISTN2IP_2019,ukzn_ISTN3SA_2019,UKZN,UKZN,D2_other_module,raw,logistic_regression,195,0.6287058823529411,0.8994082840236687,0.14285714285714288,0.5
ukzn_ISTN3ND_2018,oulad_BBB_2013B,UKZN,OULAD,D3_other_institution,raw,logistic_regression,1767,0.6439118347689939,0.6145339652448657,-0.4285714285714286,0.0
ukzn_ISTN3ND_2018,oulad_BBB_2013J,UKZN,OULAD,D3_other_institution,raw,logistic_regression,2237,0.5992905643456538,0.6356114005516396,-0.5238095238095238,0.0
ukzn_ISTN3ND_2018,oulad_BBB_2014B,UKZN,OULAD,D3_other_institution,raw,logistic_regression,1613,0.5897353296425212,0.6051371353939922,-0.6190476190476191,0.0
ukzn_ISTN3ND_2018,oulad_BBB_2014J,UKZN,OULAD,D3_other_institution,raw,logistic_regression,2292,0.7071138675682261,0.6668609734771204,-0.5238095238095238,0.0
ukzn_ISTN3ND_2018,oulad_DDD_2013B,UKZN,OULAD,D3_other_institution,raw,logistic_regression,1303,0.7775239225576737,0.5626034197462769,-0.33333333333333337,0.2
ukzn_ISTN3ND_2018,oulad_DDD_2013J,UKZN,OULAD,D3_other_institution,raw,logistic_regression,1938,0.796373241849502,0.5996383363471971,-0.33333333333333337,0.2
ukzn_ISTN3ND_2018,oulad_DDD_2014B,UKZN,OULAD,D3_other_institution,raw,logistic_regression,1228,0.7956077832377757,0.5598591549295775,-0.23809523809523814,0.0
ukzn_ISTN3ND_2018,oulad_DDD_2014J,UKZN,OULAD,D3_other_institution,raw,logistic_regression,1803,0.7870382859255264,0.6108754338603933,-0.23809523809523814,0.2
ukzn_ISTN3ND_2018,oulad_FFF_2013B,UKZN,OULAD,D3_other_institution,raw,logistic_regression,1614,0.7805652727228014,0.6532831451275617,-0.4285714285714286,0.2
ukzn_ISTN3ND_2018,oulad_FFF_2013J,UKZN,OULAD,D3_other_institution,raw,logistic_regression,2283,0.7824539151023169,0.6448736998514116,-0.6190476190476191,0.0
ukzn_ISTN3ND_2018,oulad_FFF_2014B,UKZN,OULAD,D3_other_institution,raw,logistic_regression,1500,0.7829667946298826,0.6035447761194029,-0.33333333333333337,0.2
ukzn_ISTN3ND_2018,oulad_FFF_2014J,UKZN,OULAD,D3_other_institution,raw,logistic_regression,2365,0.8182183705208548,0.6376226197345644,-0.23809523809523814,0.0
ukzn_ISTN3ND_2018,ku_Accountancy_1819,UKZN,KU Leuven,D3_other_institution,raw,logistic_regression,756,0.6591211550533586,0.8239095315024233,0.6190476190476191,1.0
ukzn_ISTN3ND_2018,ku_Globaleconom_1819,UKZN,KU Leuven,D3_other_institution,raw,logistic_regression,743,0.5865734265734266,0.7153024911032029,0.14285714285714288,0.5
ukzn_ISTN3ND_2018,ukzn_ISTN101_2019,UKZN,UKZN,D2_other_module,raw,logistic_regression,1056,0.6136193657758277,0.8741220961642355,0.4285714285714286,1.0
ukzn_ISTN3ND_2018,ukzn_ISTN101_2020,UKZN,UKZN,D2_other_module,raw,logistic_regression,978,0.5369829309549438,0.8876146788990825,0.4285714285714286,0.5
ukzn_ISTN3ND_2018,ukzn_ISTN101_2021,UKZN,UKZN,D2_other_module,raw,logistic_regression,741,0.2266938240389568,0.03156384505021521,-0.14285714285714288,0.5
ukzn_ISTN3ND_2018,ukzn_ISTN102_2018,UKZN,UKZN,D2_other_module,raw,logistic_regression,257,0.5529878618113913,0.7421052631578947,-0.04761904761904762,0.5
ukzn_ISTN3ND_2018,ukzn_ISTN103_2019,UKZN,UKZN,D2_other_module,raw,logistic_regression,1113,0.630149651496515,0.7958596894767107,0.4285714285714286,0.5
ukzn_ISTN3ND_2018,ukzn_ISTN103_2020,UKZN,UKZN,D2_other_module,raw,logistic_regression,1082,0.4827615664763275,0.561877667140825,0.5238095238095238,0.5
ukzn_ISTN3ND_2018,ukzn_ISTN211_2019,UKZN,UKZN,D2_other_module,raw,logistic_regression,280,0.7866505343819318,0.9683426443202979,0.33333333333333337,0.2
ukzn_ISTN3ND_2018,ukzn_ISTN211_2021,UKZN,UKZN,D2_other_module,raw,logistic_regression,327,0.2713472485768501,0.2918918918918919,0.23809523809523814,0.5
ukzn_ISTN3ND_2018,ukzn_ISTN212_2018,UKZN,UKZN,D2_other_module,raw,logistic_regression,238,0.6739104967197751,0.828125,0.04761904761904762,0.2
ukzn_ISTN3ND_2018,ukzn_ISTN212_2019,UKZN,UKZN,D2_other_module,raw,logistic_regression,264,0.7190047190047191,0.8830022075055187,0.04761904761904762,0.2
ukzn_ISTN3ND_2018,ukzn_ISTN2IP_2018,UKZN,UKZN,D2_other_module,raw,logistic_regression,99,0.7010810810810811,0.8363636363636363,-0.23809523809523814,0.2
ukzn_ISTN3ND_2018,ukzn_ISTN2IP_2019,UKZN,UKZN,D2_other_module,raw,logistic_regression,116,0.6830357142857142,0.87,0.33333333333333337,0.2
ukzn_ISTN3ND_2018,ukzn_ISTN3ND_2018,UKZN,UKZN,D0_within_cohort,raw,logistic_regression,144,0.5575720911474088,0.6770833333333334,1.0,1.0
ukzn_ISTN3ND_2018,ukzn_ISTN3ND_2019,UKZN,UKZN,D1_same_module,raw,logistic_regression,223,0.34217877094972066,0.07216494845360824,-0.4285714285714286,0.2
ukzn_ISTN3ND_2018,ukzn_ISTN3SA_2018,UKZN,UKZN,D2_other_module,raw,logistic_regression,141,0.6738738738738738,0.88,0.14285714285714288,0.2
ukzn_ISTN3ND_2018,ukzn_ISTN3SA_2019,UKZN,UKZN,D2_other_module,raw,logistic_regression,195,0.6188235294117648,0.9315068493150684,0.14285714285714288,0.5
ukzn_ISTN3ND_2019,oulad_BBB_2013B,UKZN,OULAD,D3_other_institution,raw,logistic_regression,1767,0.21859158859670424,0.018165304268846504,0.14285714285714288,0.2
ukzn_ISTN3ND_2019,oulad_BBB_2013J,UKZN,OULAD,D3_other_institution,raw,logistic_regression,2237,0.20941563641022357,0.028627195836044242,-0.04761904761904762,0.2
ukzn_ISTN3ND_2019,oulad_BBB_2014B,UKZN,OULAD,D3_other_institution,raw,logistic_regression,1613,0.19478840964910374,0.021798365122615803,0.04761904761904762,0.2
ukzn_ISTN3ND_2019,oulad_BBB_2014J,UKZN,OULAD,D3_other_institution,raw,logistic_regression,2292,0.1849129660087719,0.005105296745373325,0.04761904761904762,0.2
ukzn_ISTN3ND_2019,oulad_DDD_2013B,UKZN,OULAD,D3_other_institution,raw,logistic_regression,1303,0.2172736938407141,0.0,0.14285714285714288,0.5
ukzn_ISTN3ND_2019,oulad_DDD_2013J,UKZN,OULAD,D3_other_institution,raw,logistic_regression,1938,0.18882136614452863,0.009633911368015413,0.14285714285714288,0.2
ukzn_ISTN3ND_2019,oulad_DDD_2014B,UKZN,OULAD,D3_other_institution,raw,logistic_regression,1228,0.19527498041926467,0.0,-0.14285714285714288,0.2
ukzn_ISTN3ND_2019,oulad_DDD_2014J,UKZN,OULAD,D3_other_institution,raw,logistic_regression,1803,0.1897873392680514,0.011881188118811881,-0.14285714285714288,0.2
ukzn_ISTN3ND_2019,oulad_FFF_2013B,UKZN,OULAD,D3_other_institution,raw,logistic_regression,1614,0.19484525624631122,0.0,-0.04761904761904762,0.2
ukzn_ISTN3ND_2019,oulad_FFF_2013J,UKZN,OULAD,D3_other_institution,raw,logistic_regression,2283,0.17440616207739496,0.0,-0.04761904761904762,0.2
ukzn_ISTN3ND_2019,oulad_FFF_2014B,UKZN,OULAD,D3_other_institution,raw,logistic_regression,1500,0.18078057561758518,0.007326007326007326,0.14285714285714288,0.5
ukzn_ISTN3ND_2019,oulad_FFF_2014J,UKZN,OULAD,D3_other_institution,raw,logistic_regression,2365,0.13856620010100312,0.0013986013986013986,-0.14285714285714288,0.2
ukzn_ISTN3ND_2019,ku_Accountancy_1819,UKZN,KU Leuven,D3_other_institution,raw,logistic_regression,756,0.3532161540071145,0.0,-0.7142857142857143,0.0
ukzn_ISTN3ND_2019,ku_Globaleconom_1819,UKZN,KU Leuven,D3_other_institution,raw,logistic_regression,743,0.3810158262789842,0.06535947712418301,0.04761904761904762,0.5
ukzn_ISTN3ND_2019,ukzn_ISTN101_2019,UKZN,UKZN,D2_other_module,raw,logistic_regression,1056,0.37505609293976866,0.002288329519450801,-0.04761904761904762,0.2
ukzn_ISTN3ND_2019,ukzn_ISTN101_2020,UKZN,UKZN,D2_other_module,raw,logistic_regression,978,0.41400672217218426,0.048268625393494226,0.14285714285714288,0.2
ukzn_ISTN3ND_2019,ukzn_ISTN101_2021,UKZN,UKZN,D2_other_module,raw,logistic_regression,741,0.3217446270543615,0.23574144486692014,0.04761904761904762,0.5
ukzn_ISTN3ND_2019,ukzn_ISTN102_2018,UKZN,UKZN,D2_other_module,raw,logistic_regression,257,0.35947712418300654,0.010471204188481676,0.23809523809523814,0.2
ukzn_ISTN3ND_2019,ukzn_ISTN103_2019,UKZN,UKZN,D2_other_module,raw,logistic_regression,1113,0.3225768757687577,0.02891566265060241,-0.6190476190476191,0.0
ukzn_ISTN3ND_2019,ukzn_ISTN103_2020,UKZN,UKZN,D2_other_module,raw,logistic_regression,1082,0.4008947439413696,0.2609457092819615,-0.04761904761904762,0.5
ukzn_ISTN3ND_2019,ukzn_ISTN211_2019,UKZN,UKZN,D2_other_module,raw,logistic_regression,280,0.2597297842306917,0.0,0.33333333333333337,0.5
ukzn_ISTN3ND_2019,ukzn_ISTN211_2021,UKZN,UKZN,D2_other_module,raw,logistic_regression,327,0.1413662239089184,0.192090395480226,-0.33333333333333337,0.2
ukzn_ISTN3ND_2019,ukzn_ISTN212_2018,UKZN,UKZN,D2_other_module,raw,logistic_regression,238,0.2821579194001874,0.02,-0.23809523809523814,0.2
ukzn_ISTN3ND_2019,ukzn_ISTN212_2019,UKZN,UKZN,D2_other_module,raw,logistic_regression,264,0.26501501501501507,0.0,-0.33333333333333337,0.2
ukzn_ISTN3ND_2019,ukzn_ISTN2IP_2018,UKZN,UKZN,D2_other_module,raw,logistic_regression,99,0.23405405405405408,0.05263157894736842,-0.23809523809523814,0.2
ukzn_ISTN3ND_2019,ukzn_ISTN2IP_2019,UKZN,UKZN,D2_other_module,raw,logistic_regression,116,0.268262987012987,0.0,0.04761904761904762,0.5
ukzn_ISTN3ND_2019,ukzn_ISTN3ND_2018,UKZN,UKZN,D1_same_module,raw,logistic_regression,144,0.4087517644686429,0.06521739130434782,-0.33333333333333337,0.0
ukzn_ISTN3ND_2019,ukzn_ISTN3ND_2019,UKZN,UKZN,D0_within_cohort,raw,logistic_regression,223,0.7638395124428643,0.8733850129198967,1.0,1.0
ukzn_ISTN3ND_2019,ukzn_ISTN3SA_2018,UKZN,UKZN,D2_other_module,raw,logistic_regression,141,0.4093093093093093,0.0,-0.04761904761904762,0.2
ukzn_ISTN3ND_2019,ukzn_ISTN3SA_2019,UKZN,UKZN,D2_other_module,raw,logistic_regression,195,0.3863529411764706,0.0,-0.04761904761904762,0.2
ukzn_ISTN3SA_2018,oulad_BBB_2013B,UKZN,OULAD,D3_other_institution,raw,logistic_regression,1767,0.22349798215199224,0.04492512479201331,0.04761904761904762,0.5
ukzn_ISTN3SA_2018,oulad_BBB_2013J,UKZN,OULAD,D3_other_institution,raw,logistic_regression,2237,0.22922218307603615,0.16571130797290257,-0.23809523809523814,0.2
ukzn_ISTN3SA_2018,oulad_BBB_2014B,UKZN,OULAD,D3_other_institution,raw,logistic_regression,1613,0.2619853071312577,0.1900647948164147,0.23809523809523814,0.2
ukzn_ISTN3SA_2018,oulad_BBB_2014J,UKZN,OULAD,D3_other_institution,raw,logistic_regression,2292,0.39917039778265107,0.45434131736526945,0.33333333333333337,0.2
ukzn_ISTN3SA_2018,oulad_DDD_2013B,UKZN,OULAD,D3_other_institution,raw,logistic_regression,1303,0.2604826546003016,0.09324009324009325,0.4285714285714286,0.5
ukzn_ISTN3SA_2018,oulad_DDD_2013J,UKZN,OULAD,D3_other_institution,raw,logistic_regression,1938,0.2444523968277967,0.1289418360196216,0.5238095238095238,0.5
ukzn_ISTN3SA_2018,oulad_DDD_2014B,UKZN,OULAD,D3_other_institution,raw,logistic_regression,1228,0.24142976996468496,0.0954653937947494,0.04761904761904762,0.2
ukzn_ISTN3SA_2018,oulad_DDD_2014J,UKZN,OULAD,D3_other_institution,raw,logistic_regression,1803,0.2698073714394189,0.2049934296977661,0.23809523809523814,0.5
ukzn_ISTN3SA_2018,oulad_FFF_2013B,UKZN,OULAD,D3_other_institution,raw,logistic_regression,1614,0.26362999213063154,0.04208416833667335,0.33333333333333337,0.2
ukzn_ISTN3SA_2018,oulad_FFF_2013J,UKZN,OULAD,D3_other_institution,raw,logistic_regression,2283,0.22555232692218996,0.06064516129032258,0.23809523809523814,0.2
ukzn_ISTN3SA_2018,oulad_FFF_2014B,UKZN,OULAD,D3_other_institution,raw,logistic_regression,1500,0.2566873432089126,0.08247422680412371,0.23809523809523814,0.5
ukzn_ISTN3SA_2018,oulad_FFF_2014J,UKZN,OULAD,D3_other_institution,raw,logistic_regression,2365,0.2102769982554002,0.07446808510638298,0.04761904761904762,0.2
ukzn_ISTN3SA_2018,ku_Accountancy_1819,UKZN,KU Leuven,D3_other_institution,raw,logistic_regression,756,0.6142331031596568,0.7813620071684588,-0.23809523809523814,0.2
ukzn_ISTN3SA_2018,ku_Globaleconom_1819,UKZN,KU Leuven,D3_other_institution,raw,logistic_regression,743,0.6147589252852411,0.6695652173913044,0.04761904761904762,0.2
ukzn_ISTN3SA_2018,ukzn_ISTN101_2019,UKZN,UKZN,D2_other_module,raw,logistic_regression,1056,0.6763188073394495,0.9001568217459488,0.5238095238095238,0.5
ukzn_ISTN3SA_2018,ukzn_ISTN101_2020,UKZN,UKZN,D2_other_module,raw,logistic_regression,978,0.7474791854309001,0.9404045926735921,0.5238095238095238,0.5
ukzn_ISTN3SA_2018,ukzn_ISTN101_2021,UKZN,UKZN,D2_other_module,raw,logistic_regression,741,0.7447441120007492,0.9511494252873564,-0.14285714285714288,0.2
ukzn_ISTN3SA_2018,ukzn_ISTN102_2018,UKZN,UKZN,D2_other_module,raw,logistic_regression,257,0.6422346716464363,0.7747252747252747,0.23809523809523814,0.5
ukzn_ISTN3SA_2018,ukzn_ISTN103_2019,UKZN,UKZN,D2_other_module,raw,logistic_regression,1113,0.6693009430094301,0.7973541791942274,0.04761904761904762,0.2
ukzn_ISTN3SA_2018,ukzn_ISTN103_2020,UKZN,UKZN,D2_other_module,raw,logistic_regression,1082,0.686412481453172,0.7059585492227979,0.7142857142857143,0.5
ukzn_ISTN3SA_2018,ukzn_ISTN211_2019,UKZN,UKZN,D2_other_module,raw,logistic_regression,280,0.7453115547489412,0.961038961038961,-0.14285714285714288,0.2
ukzn_ISTN3SA_2018,ukzn_ISTN211_2021,UKZN,UKZN,D2_other_module,raw,logistic_regression,327,0.7705882352941177,0.8305400372439479,0.23809523809523814,0.2
ukzn_ISTN3SA_2018,ukzn_ISTN212_2018,UKZN,UKZN,D2_other_module,raw,logistic_regression,238,0.7559161199625116,0.8273972602739726,0.4285714285714286,0.5
ukzn_ISTN3SA_2018,ukzn_ISTN212_2019,UKZN,UKZN,D2_other_module,raw,logistic_regression,264,0.7480694980694981,0.8733031674208145,0.33333333333333337,0.5
ukzn_ISTN3SA_2018,ukzn_ISTN2IP_2018,UKZN,UKZN,D2_other_module,raw,logistic_regression,99,0.64,0.7285714285714285,0.23809523809523814,0.5
ukzn_ISTN3SA_2018,ukzn_ISTN2IP_2019,UKZN,UKZN,D2_other_module,raw,logistic_regression,116,0.721185064935065,0.8627450980392157,0.4285714285714286,0.5
ukzn_ISTN3SA_2018,ukzn_ISTN3ND_2018,UKZN,UKZN,D2_other_module,raw,logistic_regression,144,0.5845936680782416,0.6740331491712708,0.04761904761904762,0.2
ukzn_ISTN3SA_2018,ukzn_ISTN3ND_2019,UKZN,UKZN,D2_other_module,raw,logistic_regression,223,0.34421025901472824,0.3967611336032389,0.23809523809523814,0.5
ukzn_ISTN3SA_2018,ukzn_ISTN3SA_2018,UKZN,UKZN,D0_within_cohort,raw,logistic_regression,141,0.6966966966966968,0.8688524590163934,1.0,1.0
ukzn_ISTN3SA_2018,ukzn_ISTN3SA_2019,UKZN,UKZN,D1_same_module,raw,logistic_regression,195,0.6063529411764707,0.9147727272727273,-0.23809523809523814,0.2
ukzn_ISTN3SA_2019,oulad_BBB_2013B,UKZN,OULAD,D3_other_institution,raw,logistic_regression,1767,0.660173467753187,0.3348254252461952,0.14285714285714288,0.2
ukzn_ISTN3SA_2019,oulad_BBB_2013J,UKZN,OULAD,D3_other_institution,raw,logistic_regression,2237,0.7403817820767407,0.4531645569620253,0.14285714285714288,0.2
ukzn_ISTN3SA_2019,oulad_BBB_2014B,UKZN,OULAD,D3_other_institution,raw,logistic_regression,1613,0.7163588574835201,0.530278232405892,0.33333333333333337,0.2
ukzn_ISTN3SA_2019,oulad_BBB_2014J,UKZN,OULAD,D3_other_institution,raw,logistic_regression,2292,0.8162010386208578,0.728668171557562,0.4285714285714286,0.2
ukzn_ISTN3SA_2019,oulad_DDD_2013B,UKZN,OULAD,D3_other_institution,raw,logistic_regression,1303,0.6449571001162129,0.5398773006134969,0.5238095238095238,0.5
ukzn_ISTN3SA_2019,oulad_DDD_2013J,UKZN,OULAD,D3_other_institution,raw,logistic_regression,1938,0.7253277004354113,0.6244292237442922,0.33333333333333337,0.5
ukzn_ISTN3SA_2019,oulad_DDD_2014B,UKZN,OULAD,D3_other_institution,raw,logistic_regression,1228,0.7489122587946071,0.6512866015971606,0.4285714285714286,0.2
ukzn_ISTN3SA_2019,oulad_DDD_2014J,UKZN,OULAD,D3_other_institution,raw,logistic_regression,1803,0.6927796760882814,0.5975994946304485,0.6190476190476191,0.5
ukzn_ISTN3SA_2019,oulad_FFF_2013B,UKZN,OULAD,D3_other_institution,raw,logistic_regression,1614,0.604313704997049,0.5062586926286509,0.33333333333333337,0.5
ukzn_ISTN3SA_2019,oulad_FFF_2013J,UKZN,OULAD,D3_other_institution,raw,logistic_regression,2283,0.6827045185492675,0.5369198312236287,0.04761904761904762,0.2
ukzn_ISTN3SA_2019,oulad_FFF_2014B,UKZN,OULAD,D3_other_institution,raw,logistic_regression,1500,0.6695675277072896,0.5742574257425742,0.6190476190476191,0.5
ukzn_ISTN3SA_2019,oulad_FFF_2014J,UKZN,OULAD,D3_other_institution,raw,logistic_regression,2365,0.743816068108257,0.6064516129032258,0.4285714285714286,0.2
ukzn_ISTN3SA_2019,ku_Accountancy_1819,UKZN,KU Leuven,D3_other_institution,raw,logistic_regression,756,0.5243565599497803,0.7898193760262726,0.4285714285714286,0.5
ukzn_ISTN3SA_2019,ku_Globaleconom_1819,UKZN,KU Leuven,D3_other_institution,raw,logistic_regression,743,0.5886271623113728,0.7157502329916123,0.6190476190476191,1.0
ukzn_ISTN3SA_2019,ukzn_ISTN101_2019,UKZN,UKZN,D2_other_module,raw,logistic_regression,1056,0.6240401874750698,0.9043112513144059,0.23809523809523814,0.5
ukzn_ISTN3SA_2019,ukzn_ISTN101_2020,UKZN,UKZN,D2_other_module,raw,logistic_regression,978,0.6892423277168779,0.7404936624416277,-0.14285714285714288,0.2
ukzn_ISTN3SA_2019,ukzn_ISTN101_2021,UKZN,UKZN,D2_other_module,raw,logistic_regression,741,0.31214590064147585,0.3364485981308411,-0.14285714285714288,0.2
ukzn_ISTN3SA_2019,ukzn_ISTN102_2018,UKZN,UKZN,D2_other_module,raw,logistic_regression,257,0.65406162464986,0.8366336633663366,0.23809523809523814,0.5
ukzn_ISTN3SA_2019,ukzn_ISTN103_2019,UKZN,UKZN,D2_other_module,raw,logistic_regression,1113,0.6060578105781058,0.8098710039259674,-0.04761904761904762,0.5
ukzn_ISTN3SA_2019,ukzn_ISTN103_2020,UKZN,UKZN,D2_other_module,raw,logistic_regression,1082,0.5879726630996808,0.805045871559633,0.23809523809523814,0.2
ukzn_ISTN3SA_2019,ukzn_ISTN211_2019,UKZN,UKZN,D2_other_module,raw,logistic_regression,280,0.6735228876789675,0.966542750929368,0.04761904761904762,0.2
ukzn_ISTN3SA_2019,ukzn_ISTN211_2021,UKZN,UKZN,D2_other_module,raw,logistic_regression,327,0.5836812144212524,0.8811188811188811,0.14285714285714288,0.5
ukzn_ISTN3SA_2019,ukzn_ISTN212_2018,UKZN,UKZN,D2_other_module,raw,logistic_regression,238,0.6319704779756325,0.8716707021791767,-0.4285714285714286,0.2
ukzn_ISTN3SA_2019,ukzn_ISTN212_2019,UKZN,UKZN,D2_other_module,raw,logistic_regression,264,0.6782496782496783,0.9178947368421052,0.4285714285714286,0.2
ukzn_ISTN3SA_2019,ukzn_ISTN2IP_2018,UKZN,UKZN,D2_other_module,raw,logistic_regression,99,0.5972972972972973,0.8152866242038217,-0.14285714285714288,0.2
ukzn_ISTN3SA_2019,ukzn_ISTN2IP_2019,UKZN,UKZN,D2_other_module,raw,logistic_regression,116,0.5641233766233766,0.8656716417910447,0.23809523809523814,0.2
ukzn_ISTN3SA_2019,ukzn_ISTN3ND_2018,UKZN,UKZN,D2_other_module,raw,logistic_regression,144,0.5357935067553942,0.7129629629629629,0.4285714285714286,0.5
ukzn_ISTN3SA_2019,ukzn_ISTN3ND_2019,UKZN,UKZN,D2_other_module,raw,logistic_regression,223,0.37912646013204676,0.7485380116959064,-0.5238095238095238,0.0
ukzn_ISTN3SA_2019,ukzn_ISTN3SA_2018,UKZN,UKZN,D1_same_module,raw,logistic_regression,141,0.5450450450450451,0.8709677419354839,0.14285714285714288,0.5
ukzn_ISTN3SA_2019,ukzn_ISTN3SA_2019,UKZN,UKZN,D0_within_cohort,raw,logistic_regression,195,0.6148235294117647,0.9307479224376731,1.0,1.0
oulad_BBB_2013B,oulad_BBB_2013B,OULAD,OULAD,D0_within_cohort,zscore,gradient_boosting,1767,0.8596374849501092,0.7575938058368076,1.0,1.0
oulad_BBB_2013B,oulad_BBB_2013J,OULAD,OULAD,D1_same_module,zscore,gradient_boosting,2237,0.8592935270001922,0.7531219980787704,0.04761904761904762,0.5
oulad_BBB_2013B,oulad_BBB_2014B,OULAD,OULAD,D1_same_module,zscore,gradient_boosting,1613,0.8609114422423081,0.7529089664613279,0.4285714285714286,0.5
oulad_BBB_2013B,oulad_BBB_2014J,OULAD,OULAD,D1_same_module,zscore,gradient_boosting,2292,0.8438809697855749,0.7266760431317393,0.23809523809523814,0.2
oulad_BBB_2013B,oulad_DDD_2013B,OULAD,OULAD,D2_other_module,zscore,gradient_boosting,1303,0.8060245283485399,0.7174813587406794,-0.5238095238095238,0.2
oulad_BBB_2013B,oulad_DDD_2013J,OULAD,OULAD,D2_other_module,zscore,gradient_boosting,1938,0.8385748362177643,0.7632008709853021,-0.33333333333333337,0.2
oulad_BBB_2013B,oulad_DDD_2014B,OULAD,OULAD,D2_other_module,zscore,gradient_boosting,1228,0.8337351681155946,0.6934673366834171,0.33333333333333337,0.2
oulad_BBB_2013B,oulad_DDD_2014J,OULAD,OULAD,D2_other_module,zscore,gradient_boosting,1803,0.8425563748264044,0.7384799521244764,0.04761904761904762,0.2
oulad_BBB_2013B,oulad_FFF_2013B,OULAD,OULAD,D2_other_module,zscore,gradient_boosting,1614,0.8144050941865039,0.727735368956743,-0.33333333333333337,0.5
oulad_BBB_2013B,oulad_FFF_2013J,OULAD,OULAD,D2_other_module,zscore,gradient_boosting,2283,0.8648601694263796,0.758325404376784,0.04761904761904762,0.5
oulad_BBB_2013B,oulad_FFF_2014B,OULAD,OULAD,D2_other_module,zscore,gradient_boosting,1500,0.8326058588356071,0.7177177177177178,-0.4285714285714286,0.2
oulad_BBB_2013B,oulad_FFF_2014J,OULAD,OULAD,D2_other_module,zscore,gradient_boosting,2365,0.8816792633657002,0.7716535433070866,-0.04761904761904762,0.2
oulad_BBB_2013B,ku_Accountancy_1819,OULAD,KU Leuven,D3_other_institution,zscore,gradient_boosting,756,0.5976522284996861,0.18363939899833054,0.33333333333333337,0.5
oulad_BBB_2013B,ku_Globaleconom_1819,OULAD,KU Leuven,D3_other_institution,zscore,gradient_boosting,743,0.6193301435406698,0.6359223300970874,-0.04761904761904762,0.2
oulad_BBB_2013B,ukzn_ISTN101_2019,OULAD,UKZN,D3_other_institution,zscore,gradient_boosting,1056,0.5915810729956122,0.15673981191222572,0.23809523809523814,0.5
oulad_BBB_2013B,ukzn_ISTN101_2020,OULAD,UKZN,D3_other_institution,zscore,gradient_boosting,978,0.6859581292150876,0.46595570139458575,-0.33333333333333337,0.0
oulad_BBB_2013B,ukzn_ISTN101_2021,OULAD,UKZN,D3_other_institution,zscore,gradient_boosting,741,0.5997331085826662,0.07365439093484419,-0.23809523809523814,0.2
oulad_BBB_2013B,ukzn_ISTN102_2018,OULAD,UKZN,D3_other_institution,zscore,gradient_boosting,257,0.6273342670401494,0.512280701754386,0.4285714285714286,0.5
oulad_BBB_2013B,ukzn_ISTN103_2019,OULAD,UKZN,D3_other_institution,zscore,gradient_boosting,1113,0.6424682246822468,0.675812274368231,-0.4285714285714286,0.0
oulad_BBB_2013B,ukzn_ISTN103_2020,OULAD,UKZN,D3_other_institution,zscore,gradient_boosting,1082,0.6341666291983273,0.5056603773584906,-0.33333333333333337,0.0
oulad_BBB_2013B,ukzn_ISTN211_2019,OULAD,UKZN,D3_other_institution,zscore,gradient_boosting,280,0.505343819318411,0.03759398496240601,-0.14285714285714288,0.2
oulad_BBB_2013B,ukzn_ISTN211_2021,OULAD,UKZN,D3_other_institution,zscore,gradient_boosting,327,0.6869070208728653,0.09230769230769231,0.04761904761904762,0.2
oulad_BBB_2013B,ukzn_ISTN212_2018,OULAD,UKZN,D3_other_institution,zscore,gradient_boosting,238,0.6509489222118088,0.125,-0.33333333333333337,0.2
oulad_BBB_2013B,ukzn_ISTN212_2019,OULAD,UKZN,D3_other_institution,zscore,gradient_boosting,264,0.5945945945945946,0.02666666666666667,-0.5238095238095238,0.2
oulad_BBB_2013B,ukzn_ISTN2IP_2018,OULAD,UKZN,D3_other_institution,zscore,gradient_boosting,99,0.615945945945946,0.5420560747663551,-0.7142857142857143,0.0
oulad_BBB_2013B,ukzn_ISTN2IP_2019,OULAD,UKZN,D3_other_institution,zscore,gradient_boosting,116,0.6343344155844157,0.06521739130434782,0.23809523809523814,0.5
oulad_BBB_2013B,ukzn_ISTN3ND_2018,OULAD,UKZN,D3_other_institution,zscore,gradient_boosting,144,0.5135107884654164,0.5379310344827586,0.4285714285714286,0.5
oulad_BBB_2013B,ukzn_ISTN3ND_2019,OULAD,UKZN,D3_other_institution,zscore,gradient_boosting,223,0.4798755713560182,0.08465608465608465,-0.33333333333333337,0.2
oulad_BBB_2013B,ukzn_ISTN3SA_2018,OULAD,UKZN,D3_other_institution,zscore,gradient_boosting,141,0.562012012012012,0.14754098360655737,-0.04761904761904762,0.2
oulad_BBB_2013B,ukzn_ISTN3SA_2019,OULAD,UKZN,D3_other_institution,zscore,gradient_boosting,195,0.532470588235294,0.14130434782608695,0.14285714285714288,0.5
oulad_BBB_2013J,oulad_BBB_2013B,OULAD,OULAD,D1_same_module,zscore,gradient_boosting,1767,0.853670493946456,0.7647058823529411,-0.04761904761904762,0.2
oulad_BBB_2013J,oulad_BBB_2013J,OULAD,OULAD,D0_within_cohort,zscore,gradient_boosting,2237,0.8595337422330408,0.7774322523322967,1.0,1.0
oulad_BBB_2013J,oulad_BBB_2014B,OULAD,OULAD,D1_same_module,zscore,gradient_boosting,1613,0.865694697588345,0.7692307692307693,0.33333333333333337,0.5
oulad_BBB_2013J,oulad_BBB_2014J,OULAD,OULAD,D1_same_module,zscore,gradient_boosting,2292,0.8558361507066277,0.7580645161290323,0.14285714285714288,0.5
oulad_BBB_2013J,oulad_DDD_2013B,OULAD,OULAD,D2_other_module,zscore,gradient_boosting,1303,0.8193284375540885,0.7160909856781803,-0.04761904761904762,0.2
oulad_BBB_2013J,oulad_DDD_2013J,OULAD,OULAD,D2_other_module,zscore,gradient_boosting,1938,0.8489129950041386,0.7569634079737848,0.04761904761904762,0.2
oulad_BBB_2013J,oulad_DDD_2014B,OULAD,OULAD,D2_other_module,zscore,gradient_boosting,1228,0.8511292718753746,0.7408759124087592,0.33333333333333337,0.5
oulad_BBB_2013J,oulad_DDD_2014J,OULAD,OULAD,D2_other_module,zscore,gradient_boosting,1803,0.8472996533085554,0.7509881422924901,0.14285714285714288,0.2
oulad_BBB_2013J,oulad_FFF_2013B,OULAD,OULAD,D2_other_module,zscore,gradient_boosting,1614,0.7908623106433209,0.7022508038585209,-0.14285714285714288,0.2
oulad_BBB_2013J,oulad_FFF_2013J,OULAD,OULAD,D2_other_module,zscore,gradient_boosting,2283,0.8654801439048014,0.773224043715847,0.23809523809523814,0.5
oulad_BBB_2013J,oulad_FFF_2014B,OULAD,OULAD,D2_other_module,zscore,gradient_boosting,1500,0.8438261363061286,0.7555555555555555,-0.14285714285714288,0.2
oulad_BBB_2013J,oulad_FFF_2014J,OULAD,OULAD,D2_other_module,zscore,gradient_boosting,2365,0.8842983150839014,0.7964285714285714,0.7142857142857143,0.5
oulad_BBB_2013J,ku_Accountancy_1819,OULAD,KU Leuven,D3_other_institution,zscore,gradient_boosting,756,0.5511445909186021,0.5661252900232019,0.23809523809523814,0.5
oulad_BBB_2013J,ku_Globaleconom_1819,OULAD,KU Leuven,D3_other_institution,zscore,gradient_boosting,743,0.5994405594405594,0.6359338061465721,0.14285714285714288,0.5
oulad_BBB_2013J,ukzn_ISTN101_2019,OULAD,UKZN,D3_other_institution,zscore,gradient_boosting,1056,0.46213414938173114,0.44019933554817275,-0.5238095238095238,0.2
oulad_BBB_2013J,ukzn_ISTN101_2020,OULAD,UKZN,D3_other_institution,zscore,gradient_boosting,978,0.6476022055754487,0.5269741985926505,-0.23809523809523814,0.2
oulad_BBB_2013J,ukzn_ISTN101_2021,OULAD,UKZN,D3_other_institution,zscore,gradient_boosting,741,0.6907922461019805,0.5444915254237288,0.14285714285714288,0.5
oulad_BBB_2013J,ukzn_ISTN102_2018,OULAD,UKZN,D3_other_institution,zscore,gradient_boosting,257,0.6489262371615313,0.5574912891986062,-0.14285714285714288,0.2
oulad_BBB_2013J,ukzn_ISTN103_2019,OULAD,UKZN,D3_other_institution,zscore,gradient_boosting,1113,0.6126035260352604,0.7070844686648501,-0.04761904761904762,0.2
oulad_BBB_2013J,ukzn_ISTN103_2020,OULAD,UKZN,D3_other_institution,zscore,gradient_boosting,1082,0.602194145946675,0.57,-0.5238095238095238,0.2
oulad_BBB_2013J,ukzn_ISTN211_2019,OULAD,UKZN,D3_other_institution,zscore,gradient_boosting,280,0.6509376890502117,0.4588235294117647,-0.23809523809523814,0.2
oulad_BBB_2013J,ukzn_ISTN211_2021,OULAD,UKZN,D3_other_institution,zscore,gradient_boosting,327,0.748481973434535,0.4253164556962025,-0.14285714285714288,0.5
oulad_BBB_2013J,ukzn_ISTN212_2018,OULAD,UKZN,D3_other_institution,zscore,gradient_boosting,238,0.6463214620431116,0.509090909090909,-0.14285714285714288,0.2
oulad_BBB_2013J,ukzn_ISTN212_2019,OULAD,UKZN,D3_other_institution,zscore,gradient_boosting,264,0.6122372372372372,0.4584717607973422,-0.33333333333333337,0.2
oulad_BBB_2013J,ukzn_ISTN2IP_2018,OULAD,UKZN,D3_other_institution,zscore,gradient_boosting,99,0.6802702702702703,0.6610169491525424,-0.14285714285714288,0.2
oulad_BBB_2013J,ukzn_ISTN2IP_2019,OULAD,UKZN,D3_other_institution,zscore,gradient_boosting,116,0.5767045454545454,0.4715447154471545,0.04761904761904762,0.5
oulad_BBB_2013J,ukzn_ISTN3ND_2018,OULAD,UKZN,D3_other_institution,zscore,gradient_boosting,144,0.46561806815890305,0.5,-0.04761904761904762,0.2
oulad_BBB_2013J,ukzn_ISTN3ND_2019,OULAD,UKZN,D3_other_institution,zscore,gradient_boosting,223,0.6573768410360589,0.5369649805447471,-0.14285714285714288,0.2
oulad_BBB_2013J,ukzn_ISTN3SA_2018,OULAD,UKZN,D3_other_institution,zscore,gradient_boosting,141,0.5466966966966967,0.47435897435897434,-0.4285714285714286,0.0
oulad_BBB_2013J,ukzn_ISTN3SA_2019,OULAD,UKZN,D3_other_institution,zscore,gradient_boosting,195,0.5821176470588235,0.43171806167400884,-0.8095238095238096,0.0
oulad_BBB_2014B,oulad_BBB_2013B,OULAD,OULAD,D1_same_module,zscore,gradient_boosting,1767,0.856555163985676,0.770345596432553,0.14285714285714288,0.2
oulad_BBB_2014B,oulad_BBB_2013J,OULAD,OULAD,D1_same_module,zscore,gradient_boosting,2237,0.8651431682787777,0.7768448961555457,0.5238095238095238,0.5
oulad_BBB_2014B,oulad_BBB_2014B,OULAD,OULAD,D0_within_cohort,zscore,gradient_boosting,1613,0.8534361502945095,0.7716836734693877,1.0,1.0
oulad_BBB_2014B,oulad_BBB_2014J,OULAD,OULAD,D1_same_module,zscore,gradient_boosting,2292,0.8507131000243665,0.7633928571428571,0.33333333333333337,0.2
oulad_BBB_2014B,oulad_DDD_2013B,OULAD,OULAD,D2_other_module,zscore,gradient_boosting,1303,0.7978463516554163,0.7037331215250199,-0.4285714285714286,0.2
oulad_BBB_2014B,oulad_DDD_2013J,OULAD,OULAD,D2_other_module,zscore,gradient_boosting,1938,0.8383746972081696,0.7606076479832373,-0.23809523809523814,0.2
oulad_BBB_2014B,oulad_DDD_2014B,OULAD,OULAD,D2_other_module,zscore,gradient_boosting,1228,0.8534343634240225,0.7447183098591549,0.8095238095238096,0.5
oulad_BBB_2014B,oulad_DDD_2014J,OULAD,OULAD,D2_other_module,zscore,gradient_boosting,1803,0.8374328097992787,0.7396011396011396,-0.04761904761904762,0.5
oulad_BBB_2014B,oulad_FFF_2013B,OULAD,OULAD,D2_other_module,zscore,gradient_boosting,1614,0.7955485810544953,0.7267407840842598,-0.14285714285714288,0.2
oulad_BBB_2014B,oulad_FFF_2013J,OULAD,OULAD,D2_other_module,zscore,gradient_boosting,2283,0.8512899159017882,0.7789653698161607,0.04761904761904762,0.2
oulad_BBB_2014B,oulad_FFF_2014B,OULAD,OULAD,D2_other_module,zscore,gradient_boosting,1500,0.8134909015984558,0.6972083035075161,-0.33333333333333337,0.2
oulad_BBB_2014B,oulad_FFF_2014J,OULAD,OULAD,D2_other_module,zscore,gradient_boosting,2365,0.8784809500034433,0.8040033361134279,0.14285714285714288,0.2
oulad_BBB_2014B,ku_Accountancy_1819,OULAD,KU Leuven,D3_other_institution,zscore,gradient_boosting,756,0.5738731952291275,0.41032608695652173,0.14285714285714288,0.2
oulad_BBB_2014B,ku_Globaleconom_1819,OULAD,KU Leuven,D3_other_institution,zscore,gradient_boosting,743,0.5847589252852411,0.4420731707317073,0.14285714285714288,0.5
oulad_BBB_2014B,ukzn_ISTN101_2019,OULAD,UKZN,D3_other_institution,zscore,gradient_boosting,1056,0.6181348474272038,0.5438735177865612,0.23809523809523814,0.2
oulad_BBB_2014B,ukzn_ISTN101_2020,OULAD,UKZN,D3_other_institution,zscore,gradient_boosting,978,0.7360558862942378,0.5448868071818892,0.04761904761904762,0.2
oulad_BBB_2014B,ukzn_ISTN101_2021,OULAD,UKZN,D3_other_institution,zscore,gradient_boosting,741,0.7393243433066442,0.6204819277108434,0.23809523809523814,0.2
oulad_BBB_2014B,ukzn_ISTN102_2018,OULAD,UKZN,D3_other_institution,zscore,gradient_boosting,257,0.6596249610955494,0.6517571884984026,0.23809523809523814,0.5
oulad_BBB_2014B,ukzn_ISTN103_2019,OULAD,UKZN,D3_other_institution,zscore,gradient_boosting,1113,0.6110373103731037,0.6163141993957704,-0.14285714285714288,0.2
oulad_BBB_2014B,ukzn_ISTN103_2020,OULAD,UKZN,D3_other_institution,zscore,gradient_boosting,1082,0.6580684321748123,0.6808510638297872,-0.04761904761904762,0.2
oulad_BBB_2014B,ukzn_ISTN211_2019,OULAD,UKZN,D3_other_institution,zscore,gradient_boosting,280,0.7343214357733414,0.5429362880886427,-0.23809523809523814,0.2
oulad_BBB_2014B,ukzn_ISTN211_2021,OULAD,UKZN,D3_other_institution,zscore,gradient_boosting,327,0.7676470588235295,0.6238938053097345,0.14285714285714288,0.5
oulad_BBB_2014B,ukzn_ISTN212_2018,OULAD,UKZN,D3_other_institution,zscore,gradient_boosting,238,0.7005623242736645,0.5454545454545454,-0.04761904761904762,0.2
oulad_BBB_2014B,ukzn_ISTN212_2019,OULAD,UKZN,D3_other_institution,zscore,gradient_boosting,264,0.6680072930072931,0.47333333333333333,-0.14285714285714288,0.5
oulad_BBB_2014B,ukzn_ISTN2IP_2018,OULAD,UKZN,D3_other_institution,zscore,gradient_boosting,99,0.632972972972973,0.6206896551724138,-0.04761904761904762,0.2
oulad_BBB_2014B,ukzn_ISTN2IP_2019,OULAD,UKZN,D3_other_institution,zscore,gradient_boosting,116,0.7331574675324676,0.6074074074074074,0.23809523809523814,0.2
oulad_BBB_2014B,ukzn_ISTN3ND_2018,OULAD,UKZN,D3_other_institution,zscore,gradient_boosting,144,0.521375277273644,0.4755244755244755,0.04761904761904762,0.5
oulad_BBB_2014B,ukzn_ISTN3ND_2019,OULAD,UKZN,D3_other_institution,zscore,gradient_boosting,223,0.6598527171152868,0.425531914893617,-0.04761904761904762,0.2
oulad_BBB_2014B,ukzn_ISTN3SA_2018,OULAD,UKZN,D3_other_institution,zscore,gradient_boosting,141,0.5965465465465465,0.5833333333333334,-0.33333333333333337,0.0
oulad_BBB_2014B,ukzn_ISTN3SA_2019,OULAD,UKZN,D3_other_institution,zscore,gradient_boosting,195,0.5821176470588235,0.46551724137931033,-0.4285714285714286,0.2
oulad_BBB_2014J,oulad_BBB_2013B,OULAD,OULAD,D1_same_module,zscore,gradient_boosting,1767,0.8521034967419895,0.775880469583778,0.23809523809523814,0.5
oulad_BBB_2014J,oulad_BBB_2013J,OULAD,OULAD,D1_same_module,zscore,gradient_boosting,2237,0.8611984337966818,0.7834061135371179,0.33333333333333337,0.5
oulad_BBB_2014J,oulad_BBB_2014B,OULAD,OULAD,D1_same_module,zscore,gradient_boosting,1613,0.8619089240858099,0.781981981981982,0.23809523809523814,0.5
oulad_BBB_2014J,oulad_BBB_2014J,OULAD,OULAD,D0_within_cohort,zscore,gradient_boosting,2292,0.8686841343810916,0.8129755706848217,1.0,1.0
oulad_BBB_2014J,oulad_DDD_2013B,OULAD,OULAD,D2_other_module,zscore,gradient_boosting,1303,0.8197636179314096,0.7148997134670487,-0.14285714285714288,0.2
oulad_BBB_2014J,oulad_DDD_2013J,OULAD,OULAD,D2_other_module,zscore,gradient_boosting,1938,0.8539442069002274,0.7683397683397684,-0.23809523809523814,0.0
oulad_BBB_2014J,oulad_DDD_2014B,OULAD,OULAD,D2_other_module,zscore,gradient_boosting,1228,0.8541729961451734,0.7243844320889595,0.14285714285714288,0.2
oulad_BBB_2014J,oulad_DDD_2014J,OULAD,OULAD,D2_other_module,zscore,gradient_boosting,1803,0.8467788668085405,0.7410951621477937,0.33333333333333337,0.5
oulad_BBB_2014J,oulad_FFF_2013B,OULAD,OULAD,D2_other_module,zscore,gradient_boosting,1614,0.8275394083218572,0.7619553666312433,-0.04761904761904762,0.2
oulad_BBB_2014J,oulad_FFF_2013J,OULAD,OULAD,D2_other_module,zscore,gradient_boosting,2283,0.868225250987808,0.8025177025963808,0.7142857142857143,0.5
oulad_BBB_2014J,oulad_FFF_2014B,OULAD,OULAD,D2_other_module,zscore,gradient_boosting,1500,0.84774455794854,0.7611940298507462,-0.04761904761904762,0.2
oulad_BBB_2014J,oulad_FFF_2014J,OULAD,OULAD,D2_other_module,zscore,gradient_boosting,2365,0.8886095998898148,0.8202909948879277,0.33333333333333337,0.5
oulad_BBB_2014J,ku_Accountancy_1819,OULAD,KU Leuven,D3_other_institution,zscore,gradient_boosting,756,0.6023686963799958,0.7913419913419913,0.4285714285714286,0.5
oulad_BBB_2014J,ku_Globaleconom_1819,OULAD,KU Leuven,D3_other_institution,zscore,gradient_boosting,743,0.6178579315421421,0.6774541531823085,0.33333333333333337,0.5
oulad_BBB_2014J,ukzn_ISTN101_2019,OULAD,UKZN,D3_other_institution,zscore,gradient_boosting,1056,0.5377879437574791,0.7613143211407316,-0.33333333333333337,0.2
oulad_BBB_2014J,ukzn_ISTN101_2020,OULAD,UKZN,D3_other_institution,zscore,gradient_boosting,978,0.6340809736165725,0.6566951566951567,-0.5238095238095238,0.0
oulad_BBB_2014J,ukzn_ISTN101_2021,OULAD,UKZN,D3_other_institution,zscore,gradient_boosting,741,0.6821416865664653,0.7737991266375546,0.33333333333333337,0.5
oulad_BBB_2014J,ukzn_ISTN102_2018,OULAD,UKZN,D3_other_institution,zscore,gradient_boosting,257,0.6384998443821973,0.6966966966966966,0.04761904761904762,0.2
oulad_BBB_2014J,ukzn_ISTN103_2019,OULAD,UKZN,D3_other_institution,zscore,gradient_boosting,1113,0.603009430094301,0.7638629283489097,0.04761904761904762,0.2
oulad_BBB_2014J,ukzn_ISTN103_2020,OULAD,UKZN,D3_other_institution,zscore,gradient_boosting,1082,0.5946315363517828,0.736,-0.4285714285714286,0.2
oulad_BBB_2014J,ukzn_ISTN211_2019,OULAD,UKZN,D3_other_institution,zscore,gradient_boosting,280,0.35349868925186534,0.711943793911007,-0.7142857142857143,0.0
oulad_BBB_2014J,ukzn_ISTN211_2021,OULAD,UKZN,D3_other_institution,zscore,gradient_boosting,327,0.7793168880455408,0.7719298245614035,0.23809523809523814,0.5
oulad_BBB_2014J,ukzn_ISTN212_2018,OULAD,UKZN,D3_other_institution,zscore,gradient_boosting,238,0.6944704779756325,0.7830985915492957,0.04761904761904762,0.5
oulad_BBB_2014J,ukzn_ISTN212_2019,OULAD,UKZN,D3_other_institution,zscore,gradient_boosting,264,0.6595345345345345,0.7860696517412935,0.14285714285714288,0.5
oulad_BBB_2014J,ukzn_ISTN2IP_2018,OULAD,UKZN,D3_other_institution,zscore,gradient_boosting,99,0.6327027027027028,0.6875,0.14285714285714288,0.2
oulad_BBB_2014J,ukzn_ISTN2IP_2019,OULAD,UKZN,D3_other_institution,zscore,gradient_boosting,116,0.4492694805194805,0.6133333333333333,-0.14285714285714288,0.2
oulad_BBB_2014J,ukzn_ISTN3ND_2018,OULAD,UKZN,D3_other_institution,zscore,gradient_boosting,144,0.45382133494656174,0.5664739884393064,0.33333333333333337,0.5
oulad_BBB_2014J,ukzn_ISTN3ND_2019,OULAD,UKZN,D3_other_institution,zscore,gradient_boosting,223,0.5531361097003555,0.6323024054982818,-0.23809523809523814,0.2
oulad_BBB_2014J,ukzn_ISTN3SA_2018,OULAD,UKZN,D3_other_institution,zscore,gradient_boosting,141,0.5187687687687688,0.7669902912621359,-0.23809523809523814,0.2
oulad_BBB_2014J,ukzn_ISTN3SA_2019,OULAD,UKZN,D3_other_institution,zscore,gradient_boosting,195,0.5738823529411765,0.7542087542087542,-0.4285714285714286,0.0
oulad_DDD_2013B,oulad_BBB_2013B,OULAD,OULAD,D2_other_module,zscore,gradient_boosting,1767,0.826292611214171,0.7264797507788162,0.14285714285714288,0.5
oulad_DDD_2013B,oulad_BBB_2013J,OULAD,OULAD,D2_other_module,zscore,gradient_boosting,2237,0.847563416821472,0.7299703264094956,0.14285714285714288,0.5
oulad_DDD_2013B,oulad_BBB_2014B,OULAD,OULAD,D2_other_module,zscore,gradient_boosting,1613,0.8476856868729835,0.7209631728045326,-0.04761904761904762,0.2
oulad_DDD_2013B,oulad_BBB_2014J,OULAD,OULAD,D2_other_module,zscore,gradient_boosting,2292,0.8294099506578947,0.6755424063116371,-0.04761904761904762,0.2
oulad_DDD_2013B,oulad_DDD_2013B,OULAD,OULAD,D0_within_cohort,zscore,gradient_boosting,1303,0.8225539648394036,0.6861848124428179,1.0,1.0
oulad_DDD_2013B,oulad_DDD_2013J,OULAD,OULAD,D1_same_module,zscore,gradient_boosting,1938,0.84861822504979,0.7268380155409444,0.6190476190476191,0.5
oulad_DDD_2013B,oulad_DDD_2014B,OULAD,OULAD,D1_same_module,zscore,gradient_boosting,1228,0.8439171504943265,0.7241045498547919,0.14285714285714288,0.5
oulad_DDD_2013B,oulad_DDD_2014J,OULAD,OULAD,D1_same_module,zscore,gradient_boosting,1803,0.8256139535813126,0.7242848447961047,-0.6190476190476191,0.0
oulad_DDD_2013B,oulad_FFF_2013B,OULAD,OULAD,D2_other_module,zscore,gradient_boosting,1614,0.7983589600137714,0.7151979565772669,0.23809523809523814,0.5
oulad_DDD_2013B,oulad_FFF_2013J,OULAD,OULAD,D2_other_module,zscore,gradient_boosting,2283,0.8485471149854713,0.7368922783603432,-0.23809523809523814,0.5
oulad_DDD_2013B,oulad_FFF_2014B,OULAD,OULAD,D2_other_module,zscore,gradient_boosting,1500,0.851512966216265,0.7186495176848875,0.04761904761904762,0.5
oulad_DDD_2013B,oulad_FFF_2014J,OULAD,OULAD,D2_other_module,zscore,gradient_boosting,2365,0.8801319353579874,0.7585227272727273,0.04761904761904762,0.0
oulad_DDD_2013B,ku_Accountancy_1819,OULAD,KU Leuven,D3_other_institution,zscore,gradient_boosting,756,0.573944339820046,0.6652719665271967,0.04761904761904762,0.2
oulad_DDD_2013B,ku_Globaleconom_1819,OULAD,KU Leuven,D3_other_institution,zscore,gradient_boosting,743,0.607338976812661,0.6428571428571429,0.33333333333333337,0.5
oulad_DDD_2013B,ukzn_ISTN101_2019,OULAD,UKZN,D3_other_institution,zscore,gradient_boosting,1056,0.6343363581970483,0.623608017817372,0.4285714285714286,0.2
oulad_DDD_2013B,ukzn_ISTN101_2020,OULAD,UKZN,D3_other_institution,zscore,gradient_boosting,978,0.7148239274181147,0.4721311475409836,0.14285714285714288,0.2
oulad_DDD_2013B,ukzn_ISTN101_2021,OULAD,UKZN,D3_other_institution,zscore,gradient_boosting,741,0.641487568478719,0.5368421052631579,-0.23809523809523814,0.5
oulad_DDD_2013B,ukzn_ISTN102_2018,OULAD,UKZN,D3_other_institution,zscore,gradient_boosting,257,0.6576408341114224,0.4461538461538462,-0.14285714285714288,0.2
oulad_DDD_2013B,ukzn_ISTN103_2019,OULAD,UKZN,D3_other_institution,zscore,gradient_boosting,1113,0.6427900779007791,0.6218487394957983,0.33333333333333337,0.5
oulad_DDD_2013B,ukzn_ISTN103_2020,OULAD,UKZN,D3_other_institution,zscore,gradient_boosting,1082,0.6609864664358617,0.548268238761975,0.14285714285714288,0.2
oulad_DDD_2013B,ukzn_ISTN211_2019,OULAD,UKZN,D3_other_institution,zscore,gradient_boosting,280,0.6290582778786046,0.4871060171919771,0.04761904761904762,0.5
oulad_DDD_2013B,ukzn_ISTN211_2021,OULAD,UKZN,D3_other_institution,zscore,gradient_boosting,327,0.7854838709677419,0.6133333333333333,0.14285714285714288,0.5
oulad_DDD_2013B,ukzn_ISTN212_2018,OULAD,UKZN,D3_other_institution,zscore,gradient_boosting,238,0.7370548266166823,0.66,0.33333333333333337,0.5
oulad_DDD_2013B,ukzn_ISTN212_2019,OULAD,UKZN,D3_other_institution,zscore,gradient_boosting,264,0.7024345774345775,0.46621621621621623,-0.4285714285714286,0.0
oulad_DDD_2013B,ukzn_ISTN2IP_2018,OULAD,UKZN,D3_other_institution,zscore,gradient_boosting,99,0.6702702702702703,0.5420560747663551,-0.23809523809523814,0.2
oulad_DDD_2013B,ukzn_ISTN2IP_2019,OULAD,UKZN,D3_other_institution,zscore,gradient_boosting,116,0.6422483766233767,0.4462809917355372,0.4285714285714286,0.5
oulad_DDD_2013B,ukzn_ISTN3ND_2018,OULAD,UKZN,D3_other_institution,zscore,gradient_boosting,144,0.5034281105061504,0.3770491803278688,-0.14285714285714288,0.2
oulad_DDD_2013B,ukzn_ISTN3ND_2019,OULAD,UKZN,D3_other_institution,zscore,gradient_boosting,223,0.6444261046216353,0.5196850393700787,-0.33333333333333337,0.2
oulad_DDD_2013B,ukzn_ISTN3SA_2018,OULAD,UKZN,D3_other_institution,zscore,gradient_boosting,141,0.5956456456456457,0.4968152866242038,0.04761904761904762,0.2
oulad_DDD_2013B,ukzn_ISTN3SA_2019,OULAD,UKZN,D3_other_institution,zscore,gradient_boosting,195,0.6210588235294118,0.5976095617529881,0.4285714285714286,0.5
oulad_DDD_2013J,oulad_BBB_2013B,OULAD,OULAD,D2_other_module,zscore,gradient_boosting,1767,0.8499816559272024,0.7555823777911889,0.14285714285714288,0.5
oulad_DDD_2013J,oulad_BBB_2013J,OULAD,OULAD,D2_other_module,zscore,gradient_boosting,2237,0.8556230382422652,0.7523809523809524,0.04761904761904762,0.5
oulad_DDD_2013J,oulad_BBB_2014B,OULAD,OULAD,D2_other_module,zscore,gradient_boosting,1613,0.8548155473652507,0.7547425474254743,0.33333333333333337,0.5
oulad_DDD_2013J,oulad_BBB_2014J,OULAD,OULAD,D2_other_module,zscore,gradient_boosting,2292,0.8519999543128656,0.7376671277086215,0.14285714285714288,0.2
oulad_DDD_2013J,oulad_DDD_2013B,OULAD,OULAD,D1_same_module,zscore,gradient_boosting,1303,0.8334446010434439,0.7204030226700252,0.5238095238095238,0.5
oulad_DDD_2013J,oulad_DDD_2013J,OULAD,OULAD,D0_within_cohort,zscore,gradient_boosting,1938,0.8591646806858242,0.7574563871693866,1.0,1.0
oulad_DDD_2013J,oulad_DDD_2014B,OULAD,OULAD,D1_same_module,zscore,gradient_boosting,1228,0.8600249184019891,0.7574931880108992,0.5238095238095238,0.5
oulad_DDD_2013J,oulad_DDD_2014J,OULAD,OULAD,D1_same_module,zscore,gradient_boosting,1803,0.842709363666337,0.7421828908554572,-0.33333333333333337,0.2
oulad_DDD_2013J,oulad_FFF_2013B,OULAD,OULAD,D2_other_module,zscore,gradient_boosting,1614,0.813297695750541,0.7419962335216572,-0.04761904761904762,0.2
oulad_DDD_2013J,oulad_FFF_2013J,OULAD,OULAD,D2_other_module,zscore,gradient_boosting,2283,0.8632031886598096,0.7776298268974701,-0.14285714285714288,0.5
oulad_DDD_2013J,oulad_FFF_2014B,OULAD,OULAD,D2_other_module,zscore,gradient_boosting,1500,0.8559392644645425,0.7525325615050651,0.23809523809523814,0.5
oulad_DDD_2013J,oulad_FFF_2014J,OULAD,OULAD,D2_other_module,zscore,gradient_boosting,2365,0.8993924746918257,0.821256038647343,0.23809523809523814,0.2
oulad_DDD_2013J,ku_Accountancy_1819,OULAD,KU Leuven,D3_other_institution,zscore,gradient_boosting,756,0.5831847666875916,0.6006904487917146,-0.14285714285714288,0.2
oulad_DDD_2013J,ku_Globaleconom_1819,OULAD,KU Leuven,D3_other_institution,zscore,gradient_boosting,743,0.5919727640780271,0.5758754863813229,-0.23809523809523814,0.2
oulad_DDD_2013J,ukzn_ISTN101_2019,OULAD,UKZN,D3_other_institution,zscore,gradient_boosting,1056,0.6204720532508975,0.5402390438247012,0.04761904761904762,0.2
oulad_DDD_2013J,ukzn_ISTN101_2020,OULAD,UKZN,D3_other_institution,zscore,gradient_boosting,978,0.7078161727554315,0.5159235668789809,0.04761904761904762,0.5
oulad_DDD_2013J,ukzn_ISTN101_2021,OULAD,UKZN,D3_other_institution,zscore,gradient_boosting,741,0.6351196329072435,0.5140388768898488,-0.4285714285714286,0.2
oulad_DDD_2013J,ukzn_ISTN102_2018,OULAD,UKZN,D3_other_institution,zscore,gradient_boosting,257,0.6254668534080299,0.5492957746478874,-0.23809523809523814,0.2
oulad_DDD_2013J,ukzn_ISTN103_2019,OULAD,UKZN,D3_other_institution,zscore,gradient_boosting,1113,0.6439503895038952,0.6502609992542878,0.04761904761904762,0.0
oulad_DDD_2013J,ukzn_ISTN103_2020,OULAD,UKZN,D3_other_institution,zscore,gradient_boosting,1082,0.6691290859223955,0.5697674418604651,0.4285714285714286,0.5
oulad_DDD_2013J,ukzn_ISTN211_2019,OULAD,UKZN,D3_other_institution,zscore,gradient_boosting,280,0.6079854809437387,0.37538461538461537,-0.33333333333333337,0.0
oulad_DDD_2013J,ukzn_ISTN211_2021,OULAD,UKZN,D3_other_institution,zscore,gradient_boosting,327,0.7456356736242884,0.6026785714285714,-0.14285714285714288,0.2
oulad_DDD_2013J,ukzn_ISTN212_2018,OULAD,UKZN,D3_other_institution,zscore,gradient_boosting,238,0.7590206185567011,0.5886524822695035,0.04761904761904762,0.2
oulad_DDD_2013J,ukzn_ISTN212_2019,OULAD,UKZN,D3_other_institution,zscore,gradient_boosting,264,0.6626984126984128,0.45733788395904434,-0.6190476190476191,0.0
oulad_DDD_2013J,ukzn_ISTN2IP_2018,OULAD,UKZN,D3_other_institution,zscore,gradient_boosting,99,0.6183783783783784,0.5945945945945946,-0.04761904761904762,0.2
oulad_DDD_2013J,ukzn_ISTN2IP_2019,OULAD,UKZN,D3_other_institution,zscore,gradient_boosting,116,0.6272321428571429,0.41379310344827586,-0.04761904761904762,0.2
oulad_DDD_2013J,ukzn_ISTN3ND_2018,OULAD,UKZN,D3_other_institution,zscore,gradient_boosting,144,0.5114942528735632,0.45454545454545453,-0.23809523809523814,0.2
oulad_DDD_2013J,ukzn_ISTN3ND_2019,OULAD,UKZN,D3_other_institution,zscore,gradient_boosting,223,0.6585195530726257,0.5390625,-0.14285714285714288,0.2
oulad_DDD_2013J,ukzn_ISTN3SA_2018,OULAD,UKZN,D3_other_institution,zscore,gradient_boosting,141,0.5564564564564565,0.4503311258278146,-0.4285714285714286,0.0
oulad_DDD_2013J,ukzn_ISTN3SA_2019,OULAD,UKZN,D3_other_institution,zscore,gradient_boosting,195,0.6390588235294118,0.5896414342629482,-0.33333333333333337,0.2
oulad_DDD_2014B,oulad_BBB_2013B,OULAD,OULAD,D2_other_module,zscore,gradient_boosting,1767,0.8338259535042347,0.7627118644067796,0.23809523809523814,0.5
oulad_DDD_2014B,oulad_BBB_2013J,OULAD,OULAD,D2_other_module,zscore,gradient_boosting,2237,0.8345081192748702,0.7145069695405266,0.8095238095238096,0.5
oulad_DDD_2014B,oulad_BBB_2014B,OULAD,OULAD,D2_other_module,zscore,gradient_boosting,1613,0.8458863383023713,0.7229778095919828,0.7142857142857143,0.5
oulad_DDD_2014B,oulad_BBB_2014J,OULAD,OULAD,D2_other_module,zscore,gradient_boosting,2292,0.8415040966130605,0.6880641925777332,0.4285714285714286,0.2
oulad_DDD_2014B,oulad_DDD_2013B,OULAD,OULAD,D1_same_module,zscore,gradient_boosting,1303,0.8231201938530772,0.6823308270676691,-0.33333333333333337,0.2
oulad_DDD_2014B,oulad_DDD_2013J,OULAD,OULAD,D1_same_module,zscore,gradient_boosting,1938,0.8595306957767407,0.7415865384615384,-0.23809523809523814,0.5
oulad_DDD_2014B,oulad_DDD_2014B,OULAD,OULAD,D0_within_cohort,zscore,gradient_boosting,1228,0.8574522466977542,0.7434656340755083,1.0,1.0
oulad_DDD_2014B,oulad_DDD_2014J,OULAD,OULAD,D1_same_module,zscore,gradient_boosting,1803,0.8293943390382561,0.7391826923076923,-0.23809523809523814,0.2
oulad_DDD_2014B,oulad_FFF_2013B,OULAD,OULAD,D2_other_module,zscore,gradient_boosting,1614,0.8122940438717293,0.6823204419889503,-0.8095238095238096,0.0
oulad_DDD_2014B,oulad_FFF_2013J,OULAD,OULAD,D2_other_module,zscore,gradient_boosting,2283,0.850942453453869,0.7312775330396476,0.14285714285714288,0.2
oulad_DDD_2014B,oulad_FFF_2014B,OULAD,OULAD,D2_other_module,zscore,gradient_boosting,1500,0.8519756580707195,0.7520235467255335,-0.8095238095238096,0.0
oulad_DDD_2014B,oulad_FFF_2014J,OULAD,OULAD,D2_other_module,zscore,gradient_boosting,2365,0.8857681690884465,0.7714150496923805,0.14285714285714288,0.2
oulad_DDD_2014B,ku_Accountancy_1819,OULAD,KU Leuven,D3_other_institution,zscore,gradient_boosting,756,0.5950575434191254,0.0037593984962406013,0.23809523809523814,0.5
oulad_DDD_2014B,ku_Globaleconom_1819,OULAD,KU Leuven,D3_other_institution,zscore,gradient_boosting,743,0.5996503496503496,0.47040971168437024,-0.23809523809523814,0.2
oulad_DDD_2014B,ukzn_ISTN101_2019,OULAD,UKZN,D3_other_institution,zscore,gradient_boosting,1056,0.5810044375747905,0.027149321266968326,-0.33333333333333337,0.2
oulad_DDD_2014B,ukzn_ISTN101_2020,OULAD,UKZN,D3_other_institution,zscore,gradient_boosting,978,0.7159552733903034,0.49148418491484186,-0.23809523809523814,0.2
oulad_DDD_2014B,ukzn_ISTN101_2021,OULAD,UKZN,D3_other_institution,zscore,gradient_boosting,741,0.5986795898300322,0.01171303074670571,-0.14285714285714288,0.5
oulad_DDD_2014B,ukzn_ISTN102_2018,OULAD,UKZN,D3_other_institution,zscore,gradient_boosting,257,0.6037192654839714,0.5310344827586206,0.14285714285714288,0.5
oulad_DDD_2014B,ukzn_ISTN103_2019,OULAD,UKZN,D3_other_institution,zscore,gradient_boosting,1113,0.6323329233292334,0.5705024311183144,-0.04761904761904762,0.2
oulad_DDD_2014B,ukzn_ISTN103_2020,OULAD,UKZN,D3_other_institution,zscore,gradient_boosting,1082,0.6430151521963939,0.5878136200716846,-0.14285714285714288,0.2
oulad_DDD_2014B,ukzn_ISTN211_2019,OULAD,UKZN,D3_other_institution,zscore,gradient_boosting,280,0.6930832829199435,0.0,-0.04761904761904762,0.5
oulad_DDD_2014B,ukzn_ISTN211_2021,OULAD,UKZN,D3_other_institution,zscore,gradient_boosting,327,0.6689753320683112,0.01282051282051282,0.04761904761904762,0.5
oulad_DDD_2014B,ukzn_ISTN212_2018,OULAD,UKZN,D3_other_institution,zscore,gradient_boosting,238,0.7467783505154639,0.0,-0.23809523809523814,0.0
oulad_DDD_2014B,ukzn_ISTN212_2019,OULAD,UKZN,D3_other_institution,zscore,gradient_boosting,264,0.6485413985413987,0.588957055214724,-0.4285714285714286,0.2
oulad_DDD_2014B,ukzn_ISTN2IP_2018,OULAD,UKZN,D3_other_institution,zscore,gradient_boosting,99,0.612972972972973,0.49504950495049505,-0.5238095238095238,0.0
oulad_DDD_2014B,ukzn_ISTN2IP_2019,OULAD,UKZN,D3_other_institution,zscore,gradient_boosting,116,0.5588474025974026,0.0,-0.04761904761904762,0.5
oulad_DDD_2014B,ukzn_ISTN3ND_2018,OULAD,UKZN,D3_other_institution,zscore,gradient_boosting,144,0.5287356321839081,0.39344262295081966,0.14285714285714288,0.5
oulad_DDD_2014B,ukzn_ISTN3ND_2019,OULAD,UKZN,D3_other_institution,zscore,gradient_boosting,223,0.5086973082783138,0.0,-0.4285714285714286,0.2
oulad_DDD_2014B,ukzn_ISTN3SA_2018,OULAD,UKZN,D3_other_institution,zscore,gradient_boosting,141,0.54009009009009,0.0,-0.14285714285714288,0.2
oulad_DDD_2014B,ukzn_ISTN3SA_2019,OULAD,UKZN,D3_other_institution,zscore,gradient_boosting,195,0.6232941176470589,0.023255813953488372,-0.33333333333333337,0.2
oulad_DDD_2014J,oulad_BBB_2013B,OULAD,OULAD,D2_other_module,zscore,gradient_boosting,1767,0.8498557019062333,0.7389956602603843,0.23809523809523814,0.5
oulad_DDD_2014J,oulad_BBB_2013J,OULAD,OULAD,D2_other_module,zscore,gradient_boosting,2237,0.8570106815706875,0.7288220551378446,0.14285714285714288,0.2
oulad_DDD_2014J,oulad_BBB_2014B,OULAD,OULAD,D2_other_module,zscore,gradient_boosting,1613,0.8534260590385051,0.7305808257522743,0.33333333333333337,0.5
oulad_DDD_2014J,oulad_BBB_2014J,OULAD,OULAD,D2_other_module,zscore,gradient_boosting,2292,0.8511471278021442,0.7176015473887815,-0.14285714285714288,0.2
oulad_DDD_2014J,oulad_DDD_2013B,OULAD,OULAD,D1_same_module,zscore,gradient_boosting,1303,0.8166048512721609,0.6942003514938488,-0.04761904761904762,0.2
oulad_DDD_2014J,oulad_DDD_2013J,OULAD,OULAD,D1_same_module,zscore,gradient_boosting,1938,0.8492289753426564,0.7292753623188406,-0.04761904761904762,0.5
oulad_DDD_2014J,oulad_DDD_2014B,OULAD,OULAD,D1_same_module,zscore,gradient_boosting,1228,0.8441958798230625,0.7135678391959799,0.8095238095238096,1.0
oulad_DDD_2014J,oulad_DDD_2014J,OULAD,OULAD,D0_within_cohort,zscore,gradient_boosting,1803,0.8532993136108862,0.7368421052631579,1.0,1.0
oulad_DDD_2014J,oulad_FFF_2013B,OULAD,OULAD,D2_other_module,zscore,gradient_boosting,1614,0.8149707050462326,0.7042622950819672,-0.33333333333333337,0.0
oulad_DDD_2014J,oulad_FFF_2013J,OULAD,OULAD,D2_other_module,zscore,gradient_boosting,2283,0.8573793490460156,0.7472941176470588,0.14285714285714288,0.2
oulad_DDD_2014J,oulad_FFF_2014B,OULAD,OULAD,D2_other_module,zscore,gradient_boosting,1500,0.8464721553487901,0.7240853658536586,-0.04761904761904762,0.2
oulad_DDD_2014J,oulad_FFF_2014J,OULAD,OULAD,D2_other_module,zscore,gradient_boosting,2365,0.8865909716961641,0.7680074836295603,0.5238095238095238,0.5
oulad_DDD_2014J,ku_Accountancy_1819,OULAD,KU Leuven,D3_other_institution,zscore,gradient_boosting,756,0.593739275999163,0.6762589928057554,-0.04761904761904762,0.0
oulad_DDD_2014J,ku_Globaleconom_1819,OULAD,KU Leuven,D3_other_institution,zscore,gradient_boosting,743,0.6182811924917189,0.5936675461741425,0.04761904761904762,0.2
oulad_DDD_2014J,ukzn_ISTN101_2019,OULAD,UKZN,D3_other_institution,zscore,gradient_boosting,1056,0.6048501695253291,0.5838414634146342,0.23809523809523814,0.2
oulad_DDD_2014J,ukzn_ISTN101_2020,OULAD,UKZN,D3_other_institution,zscore,gradient_boosting,978,0.6727114957931504,0.4755700325732899,-0.23809523809523814,0.2
oulad_DDD_2014J,ukzn_ISTN101_2021,OULAD,UKZN,D3_other_institution,zscore,gradient_boosting,741,0.6828557381654727,0.512987012987013,-0.5238095238095238,0.0
oulad_DDD_2014J,ukzn_ISTN102_2018,OULAD,UKZN,D3_other_institution,zscore,gradient_boosting,257,0.6134064737005913,0.35294117647058826,-0.7142857142857143,0.0
oulad_DDD_2014J,ukzn_ISTN103_2019,OULAD,UKZN,D3_other_institution,zscore,gradient_boosting,1113,0.6337515375153752,0.6608315098468271,-0.14285714285714288,0.2
oulad_DDD_2014J,ukzn_ISTN103_2020,OULAD,UKZN,D3_other_institution,zscore,gradient_boosting,1082,0.6107728969021178,0.3894823336072309,-0.14285714285714288,0.2
oulad_DDD_2014J,ukzn_ISTN211_2019,OULAD,UKZN,D3_other_institution,zscore,gradient_boosting,280,0.6361161524500907,0.4144144144144144,0.04761904761904762,0.5
oulad_DDD_2014J,ukzn_ISTN211_2021,OULAD,UKZN,D3_other_institution,zscore,gradient_boosting,327,0.7174573055028464,0.5339578454332553,-0.14285714285714288,0.2
oulad_DDD_2014J,ukzn_ISTN212_2018,OULAD,UKZN,D3_other_institution,zscore,gradient_boosting,238,0.6976335520149951,0.558303886925795,-0.6190476190476191,0.0
oulad_DDD_2014J,ukzn_ISTN212_2019,OULAD,UKZN,D3_other_institution,zscore,gradient_boosting,264,0.6855963105963107,0.559748427672956,-0.7142857142857143,0.0
oulad_DDD_2014J,ukzn_ISTN2IP_2018,OULAD,UKZN,D3_other_institution,zscore,gradient_boosting,99,0.5883783783783784,0.45544554455445546,-0.4285714285714286,0.2
oulad_DDD_2014J,ukzn_ISTN2IP_2019,OULAD,UKZN,D3_other_institution,zscore,gradient_boosting,116,0.6394074675324676,0.35398230088495575,0.04761904761904762,0.5
oulad_DDD_2014J,ukzn_ISTN3ND_2018,OULAD,UKZN,D3_other_institution,zscore,gradient_boosting,144,0.4823553135712846,0.4411764705882353,0.14285714285714288,0.5
oulad_DDD_2014J,ukzn_ISTN3ND_2019,OULAD,UKZN,D3_other_institution,zscore,gradient_boosting,223,0.6363636363636364,0.6360424028268551,-0.5238095238095238,0.0
oulad_DDD_2014J,ukzn_ISTN3SA_2018,OULAD,UKZN,D3_other_institution,zscore,gradient_boosting,141,0.5593093093093093,0.5595238095238095,0.33333333333333337,0.2
oulad_DDD_2014J,ukzn_ISTN3SA_2019,OULAD,UKZN,D3_other_institution,zscore,gradient_boosting,195,0.600470588235294,0.576,-0.04761904761904762,0.2
oulad_FFF_2013B,oulad_BBB_2013B,OULAD,OULAD,D2_other_module,zscore,gradient_boosting,1767,0.8458406752685729,0.7646736149204608,-0.04761904761904762,0.2
oulad_FFF_2013B,oulad_BBB_2013J,OULAD,OULAD,D2_other_module,zscore,gradient_boosting,2237,0.8463391198513868,0.761384335154827,0.4285714285714286,1.0
oulad_FFF_2013B,oulad_BBB_2014B,OULAD,OULAD,D2_other_module,zscore,gradient_boosting,1613,0.8546797035344236,0.7564356435643564,0.33333333333333337,0.5
oulad_FFF_2013B,oulad_BBB_2014J,OULAD,OULAD,D2_other_module,zscore,gradient_boosting,2292,0.8446877284356725,0.7549494060712715,0.14285714285714288,0.2
oulad_FFF_2013B,oulad_DDD_2013B,OULAD,OULAD,D2_other_module,zscore,gradient_boosting,1303,0.808288208095344,0.7032617342879872,0.23809523809523814,0.5
oulad_FFF_2013B,oulad_DDD_2013J,OULAD,OULAD,D2_other_module,zscore,gradient_boosting,1938,0.8428310533076778,0.7595072308516336,0.04761904761904762,0.2
oulad_FFF_2013B,oulad_DDD_2014B,OULAD,OULAD,D2_other_module,zscore,gradient_boosting,1228,0.8309436938883019,0.729235880398671,-0.23809523809523814,0.2
oulad_FFF_2013B,oulad_DDD_2014J,OULAD,OULAD,D2_other_module,zscore,gradient_boosting,1803,0.8375751830870525,0.760593220338983,-0.5238095238095238,0.0
oulad_FFF_2013B,oulad_FFF_2013B,OULAD,OULAD,D0_within_cohort,zscore,gradient_boosting,1614,0.8306763968129057,0.7554744525547445,1.0,1.0
oulad_FFF_2013B,oulad_FFF_2013J,OULAD,OULAD,D1_same_module,zscore,gradient_boosting,2283,0.866663976138862,0.7911149081589065,0.04761904761904762,0.2
oulad_FFF_2013B,oulad_FFF_2014B,OULAD,OULAD,D1_same_module,zscore,gradient_boosting,1500,0.8572333557449701,0.7615803814713896,-0.14285714285714288,0.5
oulad_FFF_2013B,oulad_FFF_2014J,OULAD,OULAD,D1_same_module,zscore,gradient_boosting,2365,0.8910242063218788,0.8130469371519491,0.23809523809523814,0.2
oulad_FFF_2013B,ku_Accountancy_1819,OULAD,KU Leuven,D3_other_institution,zscore,gradient_boosting,756,0.6437162586315128,0.6956521739130435,0.7142857142857143,1.0
oulad_FFF_2013B,ku_Globaleconom_1819,OULAD,KU Leuven,D3_other_institution,zscore,gradient_boosting,743,0.6181891792418108,0.5910828025477707,0.7142857142857143,0.5
oulad_FFF_2013B,ukzn_ISTN101_2019,OULAD,UKZN,D3_other_institution,zscore,gradient_boosting,1056,0.6407901625448744,0.6215613382899629,0.4285714285714286,0.5
oulad_FFF_2013B,ukzn_ISTN101_2020,OULAD,UKZN,D3_other_institution,zscore,gradient_boosting,978,0.7109905318424463,0.6685552407932012,0.04761904761904762,0.2
oulad_FFF_2013B,ukzn_ISTN101_2021,OULAD,UKZN,D3_other_institution,zscore,gradient_boosting,741,0.7894484244041766,0.7096171802054155,0.33333333333333337,0.2
oulad_FFF_2013B,ukzn_ISTN102_2018,OULAD,UKZN,D3_other_institution,zscore,gradient_boosting,257,0.6550731403672578,0.6158940397350994,-0.14285714285714288,0.2
oulad_FFF_2013B,ukzn_ISTN103_2019,OULAD,UKZN,D3_other_institution,zscore,gradient_boosting,1113,0.6560086100861009,0.7103977669225401,0.4285714285714286,0.5
oulad_FFF_2013B,ukzn_ISTN103_2020,OULAD,UKZN,D3_other_institution,zscore,gradient_boosting,1082,0.6671147880041365,0.6675585284280936,0.04761904761904762,0.5
oulad_FFF_2013B,ukzn_ISTN211_2019,OULAD,UKZN,D3_other_institution,zscore,gradient_boosting,280,0.7675942730389191,0.6443298969072165,0.14285714285714288,0.2
oulad_FFF_2013B,ukzn_ISTN211_2021,OULAD,UKZN,D3_other_institution,zscore,gradient_boosting,327,0.7961100569259962,0.6255506607929515,0.4285714285714286,0.2
oulad_FFF_2013B,ukzn_ISTN212_2018,OULAD,UKZN,D3_other_institution,zscore,gradient_boosting,238,0.757029053420806,0.7070063694267515,0.7142857142857143,0.5
oulad_FFF_2013B,ukzn_ISTN212_2019,OULAD,UKZN,D3_other_institution,zscore,gradient_boosting,264,0.7199163449163449,0.6265060240963856,0.23809523809523814,0.5
oulad_FFF_2013B,ukzn_ISTN2IP_2018,OULAD,UKZN,D3_other_institution,zscore,gradient_boosting,99,0.6627027027027027,0.6101694915254238,0.23809523809523814,0.2
oulad_FFF_2013B,ukzn_ISTN2IP_2019,OULAD,UKZN,D3_other_institution,zscore,gradient_boosting,116,0.7581168831168831,0.72,0.5238095238095238,0.5
oulad_FFF_2013B,ukzn_ISTN3ND_2018,OULAD,UKZN,D3_other_institution,zscore,gradient_boosting,144,0.5612018552127445,0.5526315789473685,0.33333333333333337,0.5
oulad_FFF_2013B,ukzn_ISTN3ND_2019,OULAD,UKZN,D3_other_institution,zscore,gradient_boosting,223,0.6368080243778567,0.6666666666666666,0.14285714285714288,0.2
oulad_FFF_2013B,ukzn_ISTN3SA_2018,OULAD,UKZN,D3_other_institution,zscore,gradient_boosting,141,0.6627627627627628,0.6666666666666666,0.14285714285714288,0.5
oulad_FFF_2013B,ukzn_ISTN3SA_2019,OULAD,UKZN,D3_other_institution,zscore,gradient_boosting,195,0.6430588235294118,0.584,-0.23809523809523814,0.2
oulad_FFF_2013J,oulad_BBB_2013B,OULAD,OULAD,D2_other_module,zscore,gradient_boosting,1767,0.8520492396252642,0.7638248847926268,0.14285714285714288,0.5
oulad_FFF_2013J,oulad_BBB_2013J,OULAD,OULAD,D2_other_module,zscore,gradient_boosting,2237,0.8642463647428096,0.7746999076638966,0.33333333333333337,0.5
oulad_FFF_2013J,oulad_BBB_2014B,OULAD,OULAD,D2_other_module,zscore,gradient_boosting,1613,0.86057998329509,0.7639429312581063,-0.14285714285714288,0.2
oulad_FFF_2013J,oulad_BBB_2014J,OULAD,OULAD,D2_other_module,zscore,gradient_boosting,2292,0.8618938840155946,0.7892918825561313,0.4285714285714286,0.5
oulad_FFF_2013J,oulad_DDD_2013B,OULAD,OULAD,D2_other_module,zscore,gradient_boosting,1303,0.814925945157382,0.7274107820804859,0.14285714285714288,0.5
oulad_FFF_2013J,oulad_DDD_2013J,OULAD,OULAD,D2_other_module,zscore,gradient_boosting,1938,0.8485730850014304,0.7736331119059785,-0.04761904761904762,0.2
oulad_FFF_2013J,oulad_DDD_2014B,OULAD,OULAD,D2_other_module,zscore,gradient_boosting,1228,0.8494791942492564,0.753448275862069,0.14285714285714288,0.2
oulad_FFF_2013J,oulad_DDD_2014J,OULAD,OULAD,D2_other_module,zscore,gradient_boosting,1803,0.8471579044650261,0.7582725743129557,0.5238095238095238,0.5
oulad_FFF_2013J,oulad_FFF_2013B,OULAD,OULAD,D1_same_module,zscore,gradient_boosting,1614,0.8348600727916584,0.7670291929021179,0.33333333333333337,0.5
oulad_FFF_2013J,oulad_FFF_2013J,OULAD,OULAD,D0_within_cohort,zscore,gradient_boosting,2283,0.8779884076687731,0.7949609035621199,1.0,1.0
oulad_FFF_2013J,oulad_FFF_2014B,OULAD,OULAD,D1_same_module,zscore,gradient_boosting,1500,0.8615674771003681,0.7779237844940867,0.14285714285714288,0.5
oulad_FFF_2013J,oulad_FFF_2014J,OULAD,OULAD,D1_same_module,zscore,gradient_boosting,2365,0.8999616934095447,0.8176795580110497,0.7142857142857143,0.5
oulad_FFF_2013J,ku_Accountancy_1819,OULAD,KU Leuven,D3_other_institution,zscore,gradient_boosting,756,0.4948189997907513,0.7030075187969925,-0.04761904761904762,0.5
oulad_FFF_2013J,ku_Globaleconom_1819,OULAD,KU Leuven,D3_other_institution,zscore,gradient_boosting,743,0.6022377622377623,0.6473859844271412,-0.04761904761904762,0.5
oulad_FFF_2013J,ukzn_ISTN101_2019,OULAD,UKZN,D3_other_institution,zscore,gradient_boosting,1056,0.5427615177502991,0.71334214002642,-0.23809523809523814,0.0
oulad_FFF_2013J,ukzn_ISTN101_2020,OULAD,UKZN,D3_other_institution,zscore,gradient_boosting,978,0.6761275015926715,0.6479481641468683,-0.23809523809523814,0.2
oulad_FFF_2013J,ukzn_ISTN101_2021,OULAD,UKZN,D3_other_institution,zscore,gradient_boosting,741,0.6180292175867397,0.8438003220611916,-0.23809523809523814,0.2
oulad_FFF_2013J,ukzn_ISTN102_2018,OULAD,UKZN,D3_other_institution,zscore,gradient_boosting,257,0.6198646125116714,0.6349206349206349,-0.23809523809523814,0.2
oulad_FFF_2013J,ukzn_ISTN103_2019,OULAD,UKZN,D3_other_institution,zscore,gradient_boosting,1113,0.6100225502255023,0.7201068804275217,-0.14285714285714288,0.2
oulad_FFF_2013J,ukzn_ISTN103_2020,OULAD,UKZN,D3_other_institution,zscore,gradient_boosting,1082,0.5962861382132099,0.5898876404494382,-0.6190476190476191,0.2
oulad_FFF_2013J,ukzn_ISTN211_2019,OULAD,UKZN,D3_other_institution,zscore,gradient_boosting,280,0.6556765476910668,0.8260869565217391,0.4285714285714286,0.5
oulad_FFF_2013J,ukzn_ISTN211_2021,OULAD,UKZN,D3_other_institution,zscore,gradient_boosting,327,0.7246679316888045,0.851985559566787,-0.23809523809523814,0.2
oulad_FFF_2013J,ukzn_ISTN212_2018,OULAD,UKZN,D3_other_institution,zscore,gradient_boosting,238,0.7344775070290535,0.7400611620795107,-0.14285714285714288,0.5
oulad_FFF_2013J,ukzn_ISTN212_2019,OULAD,UKZN,D3_other_institution,zscore,gradient_boosting,264,0.6554590304590305,0.781491002570694,0.04761904761904762,0.2
oulad_FFF_2013J,ukzn_ISTN2IP_2018,OULAD,UKZN,D3_other_institution,zscore,gradient_boosting,99,0.6486486486486487,0.6495726495726496,0.23809523809523814,0.5
oulad_FFF_2013J,ukzn_ISTN2IP_2019,OULAD,UKZN,D3_other_institution,zscore,gradient_boosting,116,0.41477272727272724,0.29310344827586204,0.23809523809523814,0.5
oulad_FFF_2013J,ukzn_ISTN3ND_2018,OULAD,UKZN,D3_other_institution,zscore,gradient_boosting,144,0.44898164952611413,0.5795454545454546,0.04761904761904762,0.2
oulad_FFF_2013J,ukzn_ISTN3ND_2019,OULAD,UKZN,D3_other_institution,zscore,gradient_boosting,223,0.603923311325546,0.7627627627627628,-0.33333333333333337,0.2
oulad_FFF_2013J,ukzn_ISTN3SA_2018,OULAD,UKZN,D3_other_institution,zscore,gradient_boosting,141,0.565915915915916,0.7135678391959799,0.14285714285714288,0.2
oulad_FFF_2013J,ukzn_ISTN3SA_2019,OULAD,UKZN,D3_other_institution,zscore,gradient_boosting,195,0.5787058823529411,0.7397260273972602,-0.33333333333333337,0.2
oulad_FFF_2014B,oulad_BBB_2013B,OULAD,OULAD,D2_other_module,zscore,gradient_boosting,1767,0.8331580742340703,0.7583046964490263,0.33333333333333337,0.5
oulad_FFF_2014B,oulad_BBB_2013J,OULAD,OULAD,D2_other_module,zscore,gradient_boosting,2237,0.8518977003395043,0.7600184246890834,0.6190476190476191,0.5
oulad_FFF_2014B,oulad_BBB_2014B,OULAD,OULAD,D2_other_module,zscore,gradient_boosting,1613,0.8511764852000088,0.764102564102564,0.5238095238095238,0.5
oulad_FFF_2014B,oulad_BBB_2014J,OULAD,OULAD,D2_other_module,zscore,gradient_boosting,2292,0.6782879507797271,0.6592344853214418,0.04761904761904762,0.2
oulad_FFF_2014B,oulad_DDD_2013B,OULAD,OULAD,D2_other_module,zscore,gradient_boosting,1303,0.8326051479860545,0.7328370554177006,0.14285714285714288,0.5
oulad_FFF_2014B,oulad_DDD_2013J,OULAD,OULAD,D2_other_module,zscore,gradient_boosting,1938,0.8591331370375729,0.7643097643097643,-0.14285714285714288,0.2
oulad_FFF_2014B,oulad_DDD_2014B,OULAD,OULAD,D2_other_module,zscore,gradient_boosting,1228,0.8586549637512507,0.7550047664442326,0.4285714285714286,1.0
oulad_FFF_2014B,oulad_DDD_2014J,OULAD,OULAD,D2_other_module,zscore,gradient_boosting,1803,0.7980528579564188,0.6991374936580416,-0.5238095238095238,0.0
oulad_FFF_2014B,oulad_FFF_2013B,OULAD,OULAD,D1_same_module,zscore,gradient_boosting,1614,0.8312996446488294,0.7394957983193278,0.14285714285714288,0.2
oulad_FFF_2014B,oulad_FFF_2013J,OULAD,OULAD,D1_same_module,zscore,gradient_boosting,2283,0.6721315129990929,0.6804780876494024,-0.04761904761904762,0.5
oulad_FFF_2014B,oulad_FFF_2014B,OULAD,OULAD,D0_within_cohort,zscore,gradient_boosting,1500,0.8597618944339616,0.7516778523489933,1.0,1.0
oulad_FFF_2014B,oulad_FFF_2014J,OULAD,OULAD,D1_same_module,zscore,gradient_boosting,2365,0.7465072136905172,0.7032474804031354,0.23809523809523814,0.2
oulad_FFF_2014B,ku_Accountancy_1819,OULAD,KU Leuven,D3_other_institution,zscore,gradient_boosting,756,0.5529232056915673,0.5301204819277109,0.33333333333333337,0.5
oulad_FFF_2014B,ku_Globaleconom_1819,OULAD,KU Leuven,D3_other_institution,zscore,gradient_boosting,743,0.600541037909459,0.6133960047003525,0.33333333333333337,0.5
oulad_FFF_2014B,ukzn_ISTN101_2019,OULAD,UKZN,D3_other_institution,zscore,gradient_boosting,1056,0.5218637814120463,0.546448087431694,0.04761904761904762,0.2
oulad_FFF_2014B,ukzn_ISTN101_2020,OULAD,UKZN,D3_other_institution,zscore,gradient_boosting,978,0.6535884536807188,0.6755430974071479,-0.04761904761904762,0.2
oulad_FFF_2014B,ukzn_ISTN101_2021,OULAD,UKZN,D3_other_institution,zscore,gradient_boosting,741,0.6900313714473006,0.6242544731610338,0.04761904761904762,0.5
oulad_FFF_2014B,ukzn_ISTN102_2018,OULAD,UKZN,D3_other_institution,zscore,gradient_boosting,257,0.5282835356364768,0.6,0.14285714285714288,0.5
oulad_FFF_2014B,ukzn_ISTN103_2019,OULAD,UKZN,D3_other_institution,zscore,gradient_boosting,1113,0.617330873308733,0.6695402298850575,0.23809523809523814,0.2
oulad_FFF_2014B,ukzn_ISTN103_2020,OULAD,UKZN,D3_other_institution,zscore,gradient_boosting,1082,0.6673261094375253,0.6063604240282685,0.04761904761904762,0.5
oulad_FFF_2014B,ukzn_ISTN211_2019,OULAD,UKZN,D3_other_institution,zscore,gradient_boosting,280,0.6443839483766889,0.5813333333333334,-0.33333333333333337,0.0
oulad_FFF_2014B,ukzn_ISTN211_2021,OULAD,UKZN,D3_other_institution,zscore,gradient_boosting,327,0.5766603415559772,0.7020408163265306,-0.14285714285714288,0.5
oulad_FFF_2014B,ukzn_ISTN212_2018,OULAD,UKZN,D3_other_institution,zscore,gradient_boosting,238,0.638296626054358,0.7051671732522796,0.14285714285714288,0.5
oulad_FFF_2014B,ukzn_ISTN212_2019,OULAD,UKZN,D3_other_institution,zscore,gradient_boosting,264,0.6356177606177607,0.7096774193548387,-0.14285714285714288,0.2
oulad_FFF_2014B,ukzn_ISTN2IP_2018,OULAD,UKZN,D3_other_institution,zscore,gradient_boosting,99,0.6208108108108109,0.5321100917431193,0.04761904761904762,0.2
oulad_FFF_2014B,ukzn_ISTN2IP_2019,OULAD,UKZN,D3_other_institution,zscore,gradient_boosting,116,0.6501623376623378,0.6231884057971014,0.33333333333333337,0.5
oulad_FFF_2014B,ukzn_ISTN3ND_2018,OULAD,UKZN,D3_other_institution,zscore,gradient_boosting,144,0.5108892921960072,0.463768115942029,0.14285714285714288,0.5
oulad_FFF_2014B,ukzn_ISTN3ND_2019,OULAD,UKZN,D3_other_institution,zscore,gradient_boosting,223,0.704481970543423,0.5625,0.23809523809523814,0.5
oulad_FFF_2014B,ukzn_ISTN3SA_2018,OULAD,UKZN,D3_other_institution,zscore,gradient_boosting,141,0.6018018018018018,0.6046511627906976,-0.04761904761904762,0.2
oulad_FFF_2014B,ukzn_ISTN3SA_2019,OULAD,UKZN,D3_other_institution,zscore,gradient_boosting,195,0.5138823529411765,0.6417910447761194,-0.4285714285714286,0.2
oulad_FFF_2014J,oulad_BBB_2013B,OULAD,OULAD,D2_other_module,zscore,gradient_boosting,1767,0.85191036724317,0.7759500850822462,0.14285714285714288,0.5
oulad_FFF_2014J,oulad_BBB_2013J,OULAD,OULAD,D2_other_module,zscore,gradient_boosting,2237,0.8601074562808276,0.7712717291857274,0.5238095238095238,1.0
oulad_FFF_2014J,oulad_BBB_2014B,OULAD,OULAD,D2_other_module,zscore,gradient_boosting,1613,0.8595879352048215,0.776332899869961,0.4285714285714286,0.5
oulad_FFF_2014J,oulad_BBB_2014J,OULAD,OULAD,D2_other_module,zscore,gradient_boosting,2292,0.859149990862573,0.773403324584427,0.33333333333333337,0.5
oulad_FFF_2014J,oulad_DDD_2013B,OULAD,OULAD,D2_other_module,zscore,gradient_boosting,1303,0.8329822218925402,0.7331786542923434,0.04761904761904762,0.5
oulad_FFF_2014J,oulad_DDD_2013J,OULAD,OULAD,D2_other_module,zscore,gradient_boosting,1938,0.8644651013040578,0.778751933986591,-0.14285714285714288,0.2
oulad_FFF_2014J,oulad_DDD_2014B,OULAD,OULAD,D2_other_module,zscore,gradient_boosting,1228,0.8539416508023224,0.7560321715817694,0.4285714285714286,1.0
oulad_FFF_2014J,oulad_DDD_2014J,OULAD,OULAD,D2_other_module,zscore,gradient_boosting,1803,0.8397057868497039,0.767416934619507,-0.04761904761904762,0.2
oulad_FFF_2014J,oulad_FFF_2013B,OULAD,OULAD,D1_same_module,zscore,gradient_boosting,1614,0.8348869700472162,0.7613435474366529,-0.23809523809523814,0.2
oulad_FFF_2014J,oulad_FFF_2013J,OULAD,OULAD,D1_same_module,zscore,gradient_boosting,2283,0.8744165398274987,0.7960413080895009,0.4285714285714286,0.5
oulad_FFF_2014J,oulad_FFF_2014B,OULAD,OULAD,D1_same_module,zscore,gradient_boosting,1500,0.8678517723266894,0.7694444444444445,0.04761904761904762,0.5
oulad_FFF_2014J,oulad_FFF_2014J,OULAD,OULAD,D0_within_cohort,zscore,gradient_boosting,2365,0.8971679665082752,0.8273809523809523,1.0,1.0
oulad_FFF_2014J,ku_Accountancy_1819,OULAD,KU Leuven,D3_other_institution,zscore,gradient_boosting,756,0.6129776103787403,0.7573858549686661,0.33333333333333337,0.5
oulad_FFF_2014J,ku_Globaleconom_1819,OULAD,KU Leuven,D3_other_institution,zscore,gradient_boosting,743,0.6114832535885166,0.6592674805771365,0.04761904761904762,0.2
oulad_FFF_2014J,ukzn_ISTN101_2019,OULAD,UKZN,D3_other_institution,zscore,gradient_boosting,1056,0.620643448344635,0.6704146170063247,-0.04761904761904762,0.2
oulad_FFF_2014J,ukzn_ISTN101_2020,OULAD,UKZN,D3_other_institution,zscore,gradient_boosting,978,0.6867599569429494,0.6210448859455482,-0.4285714285714286,0.2
oulad_FFF_2014J,ukzn_ISTN101_2021,OULAD,UKZN,D3_other_institution,zscore,gradient_boosting,741,0.701514725851009,0.6196623634558094,0.04761904761904762,0.5
oulad_FFF_2014J,ukzn_ISTN102_2018,OULAD,UKZN,D3_other_institution,zscore,gradient_boosting,257,0.6129007158418923,0.6563467492260062,-0.04761904761904762,0.2
oulad_FFF_2014J,ukzn_ISTN103_2019,OULAD,UKZN,D3_other_institution,zscore,gradient_boosting,1113,0.6388847888478885,0.7042640990371389,-0.04761904761904762,0.2
oulad_FFF_2014J,ukzn_ISTN103_2020,OULAD,UKZN,D3_other_institution,zscore,gradient_boosting,1082,0.630079582752574,0.6389645776566758,-0.23809523809523814,0.2
oulad_FFF_2014J,ukzn_ISTN211_2019,OULAD,UKZN,D3_other_institution,zscore,gradient_boosting,280,0.6476104053236541,0.5543478260869565,-0.14285714285714288,0.2
oulad_FFF_2014J,ukzn_ISTN211_2021,OULAD,UKZN,D3_other_institution,zscore,gradient_boosting,327,0.8189753320683113,0.7459677419354839,-0.04761904761904762,0.2
oulad_FFF_2014J,ukzn_ISTN212_2018,OULAD,UKZN,D3_other_institution,zscore,gradient_boosting,238,0.7263940955951266,0.6837060702875399,-0.33333333333333337,0.2
oulad_FFF_2014J,ukzn_ISTN212_2019,OULAD,UKZN,D3_other_institution,zscore,gradient_boosting,264,0.6845774345774347,0.6818181818181818,-0.5238095238095238,0.2
oulad_FFF_2014J,ukzn_ISTN2IP_2018,OULAD,UKZN,D3_other_institution,zscore,gradient_boosting,99,0.654864864864865,0.6386554621848739,-0.23809523809523814,0.2
oulad_FFF_2014J,ukzn_ISTN2IP_2019,OULAD,UKZN,D3_other_institution,zscore,gradient_boosting,116,0.5413961038961039,0.5673758865248227,0.04761904761904762,0.5
oulad_FFF_2014J,ukzn_ISTN3ND_2018,OULAD,UKZN,D3_other_institution,zscore,gradient_boosting,144,0.47801976204880015,0.5333333333333333,0.04761904761904762,0.5
oulad_FFF_2014J,ukzn_ISTN3ND_2019,OULAD,UKZN,D3_other_institution,zscore,gradient_boosting,223,0.6912772981208736,0.7417218543046358,-0.04761904761904762,0.2
oulad_FFF_2014J,ukzn_ISTN3SA_2018,OULAD,UKZN,D3_other_institution,zscore,gradient_boosting,141,0.603003003003003,0.6810810810810811,0.04761904761904762,0.2
oulad_FFF_2014J,ukzn_ISTN3SA_2019,OULAD,UKZN,D3_other_institution,zscore,gradient_boosting,195,0.5832941176470589,0.6859205776173285,-0.04761904761904762,0.2
ku_Accountancy_1819,oulad_BBB_2013B,KU Leuven,OULAD,D3_other_institution,zscore,gradient_boosting,1767,0.69948339473861,0.7039413382218148,0.04761904761904762,0.2
ku_Accountancy_1819,oulad_BBB_2013J,KU Leuven,OULAD,D3_other_institution,zscore,gradient_boosting,2237,0.6452845749791812,0.6314171533968644,0.4285714285714286,0.5
ku_Accountancy_1819,oulad_BBB_2014B,KU Leuven,OULAD,D3_other_institution,zscore,gradient_boosting,1613,0.6460460906474238,0.6074523396880416,0.4285714285714286,0.2
ku_Accountancy_1819,oulad_BBB_2014J,KU Leuven,OULAD,D3_other_institution,zscore,gradient_boosting,2292,0.714560109039961,0.6540918770915729,0.4285714285714286,0.5
ku_Accountancy_1819,oulad_DDD_2013B,KU Leuven,OULAD,D3_other_institution,zscore,gradient_boosting,1303,0.7386370941819351,0.6209573091849935,-0.33333333333333337,0.2
ku_Accountancy_1819,oulad_DDD_2013J,KU Leuven,OULAD,D3_other_institution,zscore,gradient_boosting,1938,0.7845797243955311,0.6640893470790378,-0.33333333333333337,0.0
ku_Accountancy_1819,oulad_DDD_2014B,KU Leuven,OULAD,D3_other_institution,zscore,gradient_boosting,1228,0.7759280989823593,0.6250856751199452,-0.23809523809523814,0.0
ku_Accountancy_1819,oulad_DDD_2014J,KU Leuven,OULAD,D3_other_institution,zscore,gradient_boosting,1803,0.7060216407397416,0.6826835902085222,-0.14285714285714288,0.2
ku_Accountancy_1819,oulad_FFF_2013B,KU Leuven,OULAD,D3_other_institution,zscore,gradient_boosting,1614,0.7559465989573086,0.6760820045558087,0.5238095238095238,0.5
ku_Accountancy_1819,oulad_FFF_2013J,KU Leuven,OULAD,D3_other_institution,zscore,gradient_boosting,2283,0.7727657088387683,0.7021723896285914,-0.04761904761904762,0.2
ku_Accountancy_1819,oulad_FFF_2014B,KU Leuven,OULAD,D3_other_institution,zscore,gradient_boosting,1500,0.7455547241561296,0.6496746203904555,-0.4285714285714286,0.2
ku_Accountancy_1819,oulad_FFF_2014J,KU Leuven,OULAD,D3_other_institution,zscore,gradient_boosting,2365,0.7424563276174736,0.6722907203114861,-0.04761904761904762,0.2
ku_Accountancy_1819,ku_Accountancy_1819,KU Leuven,KU Leuven,D0_within_cohort,zscore,gradient_boosting,756,0.6143168026783846,0.8067510548523207,1.0,1.0
ku_Accountancy_1819,ku_Globaleconom_1819,KU Leuven,KU Leuven,D2_other_module,zscore,gradient_boosting,743,0.5799705557600294,0.7090047393364929,0.33333333333333337,0.5
ku_Accountancy_1819,ukzn_ISTN101_2019,KU Leuven,UKZN,D3_other_institution,zscore,gradient_boosting,1056,0.5703904068607898,0.8028588445503275,0.4285714285714286,0.5
ku_Accountancy_1819,ukzn_ISTN101_2020,KU Leuven,UKZN,D3_other_institution,zscore,gradient_boosting,978,0.5867182179653347,0.8758782201405152,0.23809523809523814,0.5
ku_Accountancy_1819,ukzn_ISTN101_2021,KU Leuven,UKZN,D3_other_institution,zscore,gradient_boosting,741,0.6327433628318584,0.8269699431356621,-0.33333333333333337,0.2
ku_Accountancy_1819,ukzn_ISTN102_2018,KU Leuven,UKZN,D3_other_institution,zscore,gradient_boosting,257,0.6169856831621537,0.8090452261306532,0.5238095238095238,0.5
ku_Accountancy_1819,ukzn_ISTN103_2019,KU Leuven,UKZN,D3_other_institution,zscore,gradient_boosting,1113,0.6376547765477655,0.8048359240069085,0.7142857142857143,1.0
ku_Accountancy_1819,ukzn_ISTN103_2020,KU Leuven,UKZN,D3_other_institution,zscore,gradient_boosting,1082,0.6274897711433838,0.8632385120350109,0.6190476190476191,1.0
ku_Accountancy_1819,ukzn_ISTN211_2019,KU Leuven,UKZN,D3_other_institution,zscore,gradient_boosting,280,0.7004436378302077,0.8847736625514403,0.04761904761904762,0.5
ku_Accountancy_1819,ukzn_ISTN211_2021,KU Leuven,UKZN,D3_other_institution,zscore,gradient_boosting,327,0.7407020872865275,0.8499095840867993,0.33333333333333337,0.2
ku_Accountancy_1819,ukzn_ISTN212_2018,KU Leuven,UKZN,D3_other_institution,zscore,gradient_boosting,238,0.6682872539831304,0.8491048593350383,0.23809523809523814,0.5
ku_Accountancy_1819,ukzn_ISTN212_2019,KU Leuven,UKZN,D3_other_institution,zscore,gradient_boosting,264,0.6758365508365509,0.8780487804878049,0.33333333333333337,1.0
ku_Accountancy_1819,ukzn_ISTN2IP_2018,KU Leuven,UKZN,D3_other_institution,zscore,gradient_boosting,99,0.6435135135135136,0.7924528301886793,0.33333333333333337,0.5
ku_Accountancy_1819,ukzn_ISTN2IP_2019,KU Leuven,UKZN,D3_other_institution,zscore,gradient_boosting,116,0.7347808441558442,0.8397790055248618,0.4285714285714286,1.0
ku_Accountancy_1819,ukzn_ISTN3ND_2018,KU Leuven,UKZN,D3_other_institution,zscore,gradient_boosting,144,0.5515224843718493,0.6965174129353234,0.5238095238095238,1.0
ku_Accountancy_1819,ukzn_ISTN3ND_2019,KU Leuven,UKZN,D3_other_institution,zscore,gradient_boosting,223,0.6286185881157947,0.7757575757575758,0.4285714285714286,0.5
ku_Accountancy_1819,ukzn_ISTN3SA_2018,KU Leuven,UKZN,D3_other_institution,zscore,gradient_boosting,141,0.568018018018018,0.8105726872246696,0.04761904761904762,0.5
ku_Accountancy_1819,ukzn_ISTN3SA_2019,KU Leuven,UKZN,D3_other_institution,zscore,gradient_boosting,195,0.6528235294117647,0.8888888888888888,0.4285714285714286,0.5
ku_Globaleconom_1819,oulad_BBB_2013B,KU Leuven,OULAD,D3_other_institution,zscore,gradient_boosting,1767,0.7414390020824398,0.6819001803968732,-0.04761904761904762,0.2
ku_Globaleconom_1819,oulad_BBB_2013J,KU Leuven,OULAD,D3_other_institution,zscore,gradient_boosting,2237,0.7777380532957531,0.7015329125338142,-0.23809523809523814,0.2
ku_Globaleconom_1819,oulad_BBB_2014B,KU Leuven,OULAD,D3_other_institution,zscore,gradient_boosting,1613,0.7717971129692822,0.6802631578947368,-0.33333333333333337,0.2
ku_Globaleconom_1819,oulad_BBB_2014J,KU Leuven,OULAD,D3_other_institution,zscore,gradient_boosting,2292,0.7144386574074074,0.7098947368421052,0.23809523809523814,0.5
ku_Globaleconom_1819,oulad_DDD_2013B,KU Leuven,OULAD,D3_other_institution,zscore,gradient_boosting,1303,0.669693148381673,0.5790172642762285,0.14285714285714288,0.5
ku_Globaleconom_1819,oulad_DDD_2013J,KU Leuven,OULAD,D3_other_institution,zscore,gradient_boosting,1938,0.69974145085554,0.6248354541465555,-0.14285714285714288,0.2
ku_Globaleconom_1819,oulad_DDD_2014B,KU Leuven,OULAD,D3_other_institution,zscore,gradient_boosting,1228,0.6836087643650128,0.5801526717557252,-0.5238095238095238,0.0
ku_Globaleconom_1819,oulad_DDD_2014J,KU Leuven,OULAD,D3_other_institution,zscore,gradient_boosting,1803,0.77262423942691,0.6870229007633588,-0.04761904761904762,0.2
ku_Globaleconom_1819,oulad_FFF_2013B,KU Leuven,OULAD,D3_other_institution,zscore,gradient_boosting,1614,0.7424165109187488,0.6843591191417279,0.5238095238095238,0.5
ku_Globaleconom_1819,oulad_FFF_2013J,KU Leuven,OULAD,D3_other_institution,zscore,gradient_boosting,2283,0.7217771320511046,0.6666666666666666,0.33333333333333337,0.5
ku_Globaleconom_1819,oulad_FFF_2014B,KU Leuven,OULAD,D3_other_institution,zscore,gradient_boosting,1500,0.6645366574851252,0.591743119266055,0.33333333333333337,0.5
ku_Globaleconom_1819,oulad_FFF_2014J,KU Leuven,OULAD,D3_other_institution,zscore,gradient_boosting,2365,0.688517563643459,0.649016641452345,0.04761904761904762,0.2
ku_Globaleconom_1819,ku_Accountancy_1819,KU Leuven,KU Leuven,D2_other_module,zscore,gradient_boosting,756,0.6049508265327475,0.7286821705426356,1.0,1.0
ku_Globaleconom_1819,ku_Globaleconom_1819,KU Leuven,KU Leuven,D0_within_cohort,zscore,gradient_boosting,743,0.5909900625690099,0.6688888888888889,1.0,1.0
ku_Globaleconom_1819,ukzn_ISTN101_2019,KU Leuven,UKZN,D3_other_institution,zscore,gradient_boosting,1056,0.558121634423614,0.7033557046979866,0.4285714285714286,0.2
ku_Globaleconom_1819,ukzn_ISTN101_2020,KU Leuven,UKZN,D3_other_institution,zscore,gradient_boosting,978,0.6429450143889635,0.7031463748290013,0.5238095238095238,0.5
ku_Globaleconom_1819,ukzn_ISTN101_2021,KU Leuven,UKZN,D3_other_institution,zscore,gradient_boosting,741,0.610876995832748,0.7642418930762489,0.6190476190476191,0.5
ku_Globaleconom_1819,ukzn_ISTN102_2018,KU Leuven,UKZN,D3_other_institution,zscore,gradient_boosting,257,0.5829442888266417,0.6265822784810127,0.8095238095238096,1.0
ku_Globaleconom_1819,ukzn_ISTN103_2019,KU Leuven,UKZN,D3_other_institution,zscore,gradient_boosting,1113,0.5816010660106601,0.678596008258775,0.4285714285714286,0.5
ku_Globaleconom_1819,ukzn_ISTN103_2020,KU Leuven,UKZN,D3_other_institution,zscore,gradient_boosting,1082,0.5366305471876265,0.6883780332056194,0.14285714285714288,0.5
ku_Globaleconom_1819,ukzn_ISTN211_2019,KU Leuven,UKZN,D3_other_institution,zscore,gradient_boosting,280,0.5087719298245614,0.7802690582959642,-0.5238095238095238,0.2
ku_Globaleconom_1819,ukzn_ISTN211_2021,KU Leuven,UKZN,D3_other_institution,zscore,gradient_boosting,327,0.6149905123339658,0.8267148014440433,0.5238095238095238,0.5
ku_Globaleconom_1819,ukzn_ISTN212_2018,KU Leuven,UKZN,D3_other_institution,zscore,gradient_boosting,238,0.6595595126522962,0.7485380116959064,0.14285714285714288,0.5
ku_Globaleconom_1819,ukzn_ISTN212_2019,KU Leuven,UKZN,D3_other_institution,zscore,gradient_boosting,264,0.6176533676533676,0.7769423558897243,0.7142857142857143,1.0
ku_Globaleconom_1819,ukzn_ISTN2IP_2018,KU Leuven,UKZN,D3_other_institution,zscore,gradient_boosting,99,0.6932432432432432,0.7737226277372263,0.6190476190476191,0.5
ku_Globaleconom_1819,ukzn_ISTN2IP_2019,KU Leuven,UKZN,D3_other_institution,zscore,gradient_boosting,116,0.6643668831168832,0.7607361963190185,0.4285714285714286,1.0
ku_Globaleconom_1819,ukzn_ISTN3ND_2018,KU Leuven,UKZN,D3_other_institution,zscore,gradient_boosting,144,0.5558580358943337,0.6473988439306358,0.7142857142857143,1.0
ku_Globaleconom_1819,ukzn_ISTN3ND_2019,KU Leuven,UKZN,D3_other_institution,zscore,gradient_boosting,223,0.5713560182833927,0.6666666666666666,0.33333333333333337,0.5
ku_Globaleconom_1819,ukzn_ISTN3SA_2018,KU Leuven,UKZN,D3_other_institution,zscore,gradient_boosting,141,0.4939939939939939,0.7777777777777778,-0.4285714285714286,0.0
ku_Globaleconom_1819,ukzn_ISTN3SA_2019,KU Leuven,UKZN,D3_other_institution,zscore,gradient_boosting,195,0.6165882352941175,0.7208480565371025,0.4285714285714286,0.5
ukzn_ISTN101_2019,oulad_BBB_2013B,UKZN,OULAD,D3_other_institution,zscore,gradient_boosting,1767,0.7942699317393799,0.618767177071064,-0.23809523809523814,0.2
ukzn_ISTN101_2019,oulad_BBB_2013J,UKZN,OULAD,D3_other_institution,zscore,gradient_boosting,2237,0.7383980046121327,0.6417274939172749,-0.04761904761904762,0.2
ukzn_ISTN101_2019,oulad_BBB_2014B,UKZN,OULAD,D3_other_institution,zscore,gradient_boosting,1613,0.7941593362748051,0.6169026169026169,0.14285714285714288,0.5
ukzn_ISTN101_2019,oulad_BBB_2014J,UKZN,OULAD,D3_other_institution,zscore,gradient_boosting,2292,0.7962022569444445,0.6654856805432536,-0.14285714285714288,0.2
ukzn_ISTN101_2019,oulad_DDD_2013B,UKZN,OULAD,D3_other_institution,zscore,gradient_boosting,1303,0.7474779319041613,0.6194581280788177,-0.23809523809523814,0.0
ukzn_ISTN101_2019,oulad_DDD_2013J,UKZN,OULAD,D3_other_institution,zscore,gradient_boosting,1938,0.7855624721953618,0.6524879614767255,0.33333333333333337,0.2
ukzn_ISTN101_2019,oulad_DDD_2014B,UKZN,OULAD,D3_other_institution,zscore,gradient_boosting,1228,0.795811255647753,0.6146788990825688,-0.04761904761904762,0.2
ukzn_ISTN101_2019,oulad_DDD_2014J,UKZN,OULAD,D3_other_institution,zscore,gradient_boosting,1803,0.7936792504670842,0.6477462437395659,-0.5238095238095238,0.2
ukzn_ISTN101_2019,oulad_FFF_2013B,UKZN,OULAD,D3_other_institution,zscore,gradient_boosting,1614,0.7547684991638797,0.6996819627442071,-0.33333333333333337,0.2
ukzn_ISTN101_2019,oulad_FFF_2013J,UKZN,OULAD,D3_other_institution,zscore,gradient_boosting,2283,0.8001007026121181,0.7140484888741282,-0.4285714285714286,0.0
ukzn_ISTN101_2019,oulad_FFF_2014B,UKZN,OULAD,D3_other_institution,zscore,gradient_boosting,1500,0.7901583996645484,0.6729658792650919,-0.4285714285714286,0.2
ukzn_ISTN101_2019,oulad_FFF_2014J,UKZN,OULAD,D3_other_institution,zscore,gradient_boosting,2365,0.8415057646397173,0.6474396703943496,-0.14285714285714288,0.2
ukzn_ISTN101_2019,ku_Accountancy_1819,UKZN,KU Leuven,D3_other_institution,zscore,gradient_boosting,756,0.5658464113831345,0.8188235294117647,-0.04761904761904762,0.2
ukzn_ISTN101_2019,ku_Globaleconom_1819,UKZN,KU Leuven,D3_other_institution,zscore,gradient_boosting,743,0.5713176297386824,0.7149084568439407,0.04761904761904762,0.2
ukzn_ISTN101_2019,ukzn_ISTN101_2019,UKZN,UKZN,D0_within_cohort,zscore,gradient_boosting,1056,0.6701610490626246,0.8982418753329782,1.0,1.0
ukzn_ISTN101_2019,ukzn_ISTN101_2020,UKZN,UKZN,D1_same_module,zscore,gradient_boosting,978,0.7199863799125679,0.9576861274772362,0.5238095238095238,0.5
ukzn_ISTN101_2019,ukzn_ISTN101_2021,UKZN,UKZN,D1_same_module,zscore,gradient_boosting,741,0.6934845718031558,0.9514844315713251,0.14285714285714288,0.5
ukzn_ISTN101_2019,ukzn_ISTN102_2018,UKZN,UKZN,D2_other_module,zscore,gradient_boosting,257,0.616791160908808,0.8162291169451074,0.4285714285714286,0.5
ukzn_ISTN101_2019,ukzn_ISTN103_2019,UKZN,UKZN,D2_other_module,zscore,gradient_boosting,1113,0.6500574005740059,0.8273615635179153,0.33333333333333337,0.5
ukzn_ISTN101_2019,ukzn_ISTN103_2020,UKZN,UKZN,D2_other_module,zscore,gradient_boosting,1082,0.6675509194730453,0.9150127226463104,0.4285714285714286,0.5
ukzn_ISTN101_2019,ukzn_ISTN211_2019,UKZN,UKZN,D2_other_module,zscore,gradient_boosting,280,0.5601935874168179,0.9509433962264151,-0.14285714285714288,0.2
ukzn_ISTN101_2019,ukzn_ISTN211_2021,UKZN,UKZN,D2_other_module,zscore,gradient_boosting,327,0.6404174573055028,0.9335548172757475,0.4285714285714286,0.5
ukzn_ISTN101_2019,ukzn_ISTN212_2018,UKZN,UKZN,D2_other_module,zscore,gradient_boosting,238,0.662898313027179,0.8708133971291866,0.23809523809523814,0.2
ukzn_ISTN101_2019,ukzn_ISTN212_2019,UKZN,UKZN,D2_other_module,zscore,gradient_boosting,264,0.6846846846846848,0.9113924050632911,0.04761904761904762,0.5
ukzn_ISTN101_2019,ukzn_ISTN2IP_2018,UKZN,UKZN,D2_other_module,zscore,gradient_boosting,99,0.6494594594594595,0.8470588235294118,-0.04761904761904762,0.2
ukzn_ISTN101_2019,ukzn_ISTN2IP_2019,UKZN,UKZN,D2_other_module,zscore,gradient_boosting,116,0.6686282467532468,0.864321608040201,0.14285714285714288,0.5
ukzn_ISTN101_2019,ukzn_ISTN3ND_2018,UKZN,UKZN,D2_other_module,zscore,gradient_boosting,144,0.5510183504738859,0.7312775330396476,-0.04761904761904762,0.5
ukzn_ISTN101_2019,ukzn_ISTN3ND_2019,UKZN,UKZN,D2_other_module,zscore,gradient_boosting,223,0.5911630269172169,0.8717948717948718,-0.14285714285714288,0.2
ukzn_ISTN101_2019,ukzn_ISTN3SA_2018,UKZN,UKZN,D2_other_module,zscore,gradient_boosting,141,0.6093093093093093,0.8688524590163934,0.04761904761904762,0.5
ukzn_ISTN101_2019,ukzn_ISTN3SA_2019,UKZN,UKZN,D2_other_module,zscore,gradient_boosting,195,0.5864705882352942,0.9269662921348315,-0.33333333333333337,0.2
ukzn_ISTN101_2020,oulad_BBB_2013B,UKZN,OULAD,D3_other_institution,zscore,gradient_boosting,1767,0.831689256574154,0.6253894080996885,-0.04761904761904762,0.2
ukzn_ISTN101_2020,oulad_BBB_2013J,UKZN,OULAD,D3_other_institution,zscore,gradient_boosting,2237,0.8293386874639678,0.6481257557436517,-0.14285714285714288,0.2
ukzn_ISTN101_2020,oulad_BBB_2014B,UKZN,OULAD,D3_other_institution,zscore,gradient_boosting,1613,0.8362717000816616,0.6213675213675214,-0.14285714285714288,0.2
ukzn_ISTN101_2020,oulad_BBB_2014J,UKZN,OULAD,D3_other_institution,zscore,gradient_boosting,2292,0.8110890289961015,0.6680232558139535,-0.14285714285714288,0.0
ukzn_ISTN101_2020,oulad_DDD_2013B,UKZN,OULAD,D3_other_institution,zscore,gradient_boosting,1303,0.8121850505649927,0.5638474295190713,-0.04761904761904762,0.2
ukzn_ISTN101_2020,oulad_DDD_2013J,UKZN,OULAD,D3_other_institution,zscore,gradient_boosting,1938,0.8394276024325592,0.5992049150704735,0.23809523809523814,0.5
ukzn_ISTN101_2020,oulad_DDD_2014B,UKZN,OULAD,D3_other_institution,zscore,gradient_boosting,1228,0.8299430555981392,0.5615474794841735,-0.04761904761904762,0.2
ukzn_ISTN101_2020,oulad_DDD_2014J,UKZN,OULAD,D3_other_institution,zscore,gradient_boosting,1803,0.8372479743028705,0.6108754338603933,-0.6190476190476191,0.2
ukzn_ISTN101_2020,oulad_FFF_2013B,UKZN,OULAD,D3_other_institution,zscore,gradient_boosting,1614,0.8016458046429275,0.6532999164578112,0.04761904761904762,0.2
ukzn_ISTN101_2020,oulad_FFF_2013J,UKZN,OULAD,D3_other_institution,zscore,gradient_boosting,2283,0.8425103393139923,0.6488888888888888,-0.6190476190476191,0.0
ukzn_ISTN101_2020,oulad_FFF_2014B,UKZN,OULAD,D3_other_institution,zscore,gradient_boosting,1500,0.8322127514983263,0.6072423398328691,-0.4285714285714286,0.0
ukzn_ISTN101_2020,oulad_FFF_2014J,UKZN,OULAD,D3_other_institution,zscore,gradient_boosting,2365,0.8831799635011364,0.6415852958070075,-0.5238095238095238,0.0
ukzn_ISTN101_2020,ku_Accountancy_1819,UKZN,KU Leuven,D3_other_institution,zscore,gradient_boosting,756,0.5979326218874241,0.8227946916471507,-0.04761904761904762,0.2
ukzn_ISTN101_2020,ku_Globaleconom_1819,UKZN,KU Leuven,D3_other_institution,zscore,gradient_boosting,743,0.5951012145748988,0.7179039301310044,0.14285714285714288,0.2
ukzn_ISTN101_2020,ukzn_ISTN101_2019,UKZN,UKZN,D1_same_module,zscore,gradient_boosting,1056,0.6293534353809334,0.8978522786799371,0.5238095238095238,0.5
ukzn_ISTN101_2020,ukzn_ISTN101_2020,UKZN,UKZN,D0_within_cohort,zscore,gradient_boosting,978,0.7177017200852355,0.9715489989462592,1.0,1.0
ukzn_ISTN101_2020,ukzn_ISTN101_2021,UKZN,UKZN,D1_same_module,zscore,gradient_boosting,741,0.7032003558552232,0.9556025369978859,0.14285714285714288,0.2
ukzn_ISTN101_2020,ukzn_ISTN102_2018,UKZN,UKZN,D2_other_module,zscore,gradient_boosting,257,0.639200124494242,0.8423423423423423,0.33333333333333337,0.5
ukzn_ISTN101_2020,ukzn_ISTN103_2019,UKZN,UKZN,D2_other_module,zscore,gradient_boosting,1113,0.6521730217302173,0.8449531737773153,0.04761904761904762,0.5
ukzn_ISTN101_2020,ukzn_ISTN103_2020,UKZN,UKZN,D2_other_module,zscore,gradient_boosting,1082,0.6664043882918933,0.9428431851489986,0.33333333333333337,0.5
ukzn_ISTN101_2020,ukzn_ISTN211_2019,UKZN,UKZN,D2_other_module,zscore,gradient_boosting,280,0.7290784432345232,0.949343339587242,0.23809523809523814,0.5
ukzn_ISTN101_2020,ukzn_ISTN211_2021,UKZN,UKZN,D2_other_module,zscore,gradient_boosting,327,0.7426944971537002,0.9716981132075472,0.14285714285714288,0.5
ukzn_ISTN101_2020,ukzn_ISTN212_2018,UKZN,UKZN,D2_other_module,zscore,gradient_boosting,238,0.7257497656982193,0.8981481481481481,0.4285714285714286,0.2
ukzn_ISTN101_2020,ukzn_ISTN212_2019,UKZN,UKZN,D2_other_module,zscore,gradient_boosting,264,0.7321428571428571,0.9154639175257732,0.14285714285714288,0.5
ukzn_ISTN101_2020,ukzn_ISTN2IP_2018,UKZN,UKZN,D2_other_module,zscore,gradient_boosting,99,0.6783783783783783,0.8554913294797688,-0.23809523809523814,0.2
ukzn_ISTN101_2020,ukzn_ISTN2IP_2019,UKZN,UKZN,D2_other_module,zscore,gradient_boosting,116,0.6787743506493507,0.8627450980392157,0.23809523809523814,0.2
ukzn_ISTN101_2020,ukzn_ISTN3ND_2018,UKZN,UKZN,D2_other_module,zscore,gradient_boosting,144,0.574410163339383,0.75,-0.33333333333333337,0.2
ukzn_ISTN101_2020,ukzn_ISTN3ND_2019,UKZN,UKZN,D2_other_module,zscore,gradient_boosting,223,0.6261427120365668,0.8894472361809045,-0.04761904761904762,0.5
ukzn_ISTN101_2020,ukzn_ISTN3SA_2018,UKZN,UKZN,D2_other_module,zscore,gradient_boosting,141,0.6590090090090089,0.8764940239043825,0.14285714285714288,0.2
ukzn_ISTN101_2020,ukzn_ISTN3SA_2019,UKZN,UKZN,D2_other_module,zscore,gradient_boosting,195,0.5854117647058823,0.9256198347107438,0.23809523809523814,0.5
ukzn_ISTN101_2021,oulad_BBB_2013B,UKZN,OULAD,D3_other_institution,zscore,gradient_boosting,1767,0.7025075830779804,0.6249027237354086,0.04761904761904762,0.2
ukzn_ISTN101_2021,oulad_BBB_2013J,UKZN,OULAD,D3_other_institution,zscore,gradient_boosting,2237,0.6790592370764206,0.647912885662432,-0.04761904761904762,0.2
ukzn_ISTN101_2021,oulad_BBB_2014B,UKZN,OULAD,D3_other_institution,zscore,gradient_boosting,1613,0.6497425953468443,0.6213675213675214,-0.23809523809523814,0.2
ukzn_ISTN101_2021,oulad_BBB_2014J,UKZN,OULAD,D3_other_institution,zscore,gradient_boosting,2292,0.7251267817982456,0.6687972109238814,0.23809523809523814,0.5
ukzn_ISTN101_2021,oulad_DDD_2013B,UKZN,OULAD,D3_other_institution,zscore,gradient_boosting,1303,0.7540390178770121,0.5624309392265193,-0.33333333333333337,0.2
ukzn_ISTN101_2021,oulad_DDD_2013J,UKZN,OULAD,D3_other_institution,zscore,gradient_boosting,1938,0.7456053715569837,0.5989150090415913,-0.5238095238095238,0.0
ukzn_ISTN101_2021,oulad_DDD_2014B,UKZN,OULAD,D3_other_institution,zscore,gradient_boosting,1228,0.7626424655281503,0.5603751465416178,-0.33333333333333337,0.0
ukzn_ISTN101_2021,oulad_DDD_2014J,UKZN,OULAD,D3_other_institution,zscore,gradient_boosting,1803,0.7438885641778816,0.610104126494408,0.04761904761904762,0.2
ukzn_ISTN101_2021,oulad_FFF_2013B,UKZN,OULAD,D3_other_institution,zscore,gradient_boosting,1614,0.7348998807298839,0.6507737348389795,0.04761904761904762,0.5
ukzn_ISTN101_2021,oulad_FFF_2013J,UKZN,OULAD,D3_other_institution,zscore,gradient_boosting,2283,0.7718094183847608,0.6483126110124334,0.04761904761904762,0.2
ukzn_ISTN101_2021,oulad_FFF_2014B,UKZN,OULAD,D3_other_institution,zscore,gradient_boosting,1500,0.778297402419011,0.6075243845796563,-0.23809523809523814,0.2
ukzn_ISTN101_2021,oulad_FFF_2014J,UKZN,OULAD,D3_other_institution,zscore,gradient_boosting,2365,0.7943119017285311,0.6408045977011494,0.23809523809523814,0.5
ukzn_ISTN101_2021,ku_Accountancy_1819,UKZN,KU Leuven,D3_other_institution,zscore,gradient_boosting,756,0.6491525423728814,0.8215120810600156,0.6190476190476191,0.5
ukzn_ISTN101_2021,ku_Globaleconom_1819,UKZN,KU Leuven,D3_other_institution,zscore,gradient_boosting,743,0.5859992638940007,0.7189655172413794,0.33333333333333337,0.2
ukzn_ISTN101_2021,ukzn_ISTN101_2019,UKZN,UKZN,D1_same_module,zscore,gradient_boosting,1056,0.6147942012365377,0.8985355648535565,0.23809523809523814,0.5
ukzn_ISTN101_2021,ukzn_ISTN101_2020,UKZN,UKZN,D1_same_module,zscore,gradient_boosting,978,0.5939346675160915,0.9732283464566929,0.4285714285714286,1.0
ukzn_ISTN101_2021,ukzn_ISTN101_2021,UKZN,UKZN,D0_within_cohort,zscore,gradient_boosting,741,0.795430069766353,0.9516943042537851,1.0,1.0
ukzn_ISTN101_2021,ukzn_ISTN102_2018,UKZN,UKZN,D2_other_module,zscore,gradient_boosting,257,0.6409508247743543,0.8475336322869955,0.7142857142857143,0.5
ukzn_ISTN101_2021,ukzn_ISTN103_2019,UKZN,UKZN,D2_other_module,zscore,gradient_boosting,1113,0.6422980729807298,0.8417754569190601,0.23809523809523814,0.5
ukzn_ISTN101_2021,ukzn_ISTN103_2020,UKZN,UKZN,D2_other_module,zscore,gradient_boosting,1082,0.6718447911514769,0.9438750610053684,0.4285714285714286,1.0
ukzn_ISTN101_2021,ukzn_ISTN211_2019,UKZN,UKZN,D2_other_module,zscore,gradient_boosting,280,0.7320024198427102,0.9648798521256932,-0.04761904761904762,0.5
ukzn_ISTN101_2021,ukzn_ISTN211_2021,UKZN,UKZN,D2_other_module,zscore,gradient_boosting,327,0.7010436432637571,0.9733124018838305,0.04761904761904762,0.2
ukzn_ISTN101_2021,ukzn_ISTN212_2018,UKZN,UKZN,D2_other_module,zscore,gradient_boosting,238,0.6890229615745079,0.8981481481481481,0.4285714285714286,0.5
ukzn_ISTN101_2021,ukzn_ISTN212_2019,UKZN,UKZN,D2_other_module,zscore,gradient_boosting,264,0.7506971256971258,0.9173553719008265,0.33333333333333337,0.5
ukzn_ISTN101_2021,ukzn_ISTN2IP_2018,UKZN,UKZN,D2_other_module,zscore,gradient_boosting,99,0.6875675675675677,0.8554913294797688,0.33333333333333337,0.5
ukzn_ISTN101_2021,ukzn_ISTN2IP_2019,UKZN,UKZN,D2_other_module,zscore,gradient_boosting,116,0.692775974025974,0.8712871287128713,0.4285714285714286,0.5
ukzn_ISTN101_2021,ukzn_ISTN3ND_2018,UKZN,UKZN,D2_other_module,zscore,gradient_boosting,144,0.5934664246823955,0.7532467532467533,0.6190476190476191,0.5
ukzn_ISTN101_2021,ukzn_ISTN3ND_2019,UKZN,UKZN,D2_other_module,zscore,gradient_boosting,223,0.7414931437277805,0.895,0.33333333333333337,0.5
ukzn_ISTN101_2021,ukzn_ISTN3SA_2018,UKZN,UKZN,D2_other_module,zscore,gradient_boosting,141,0.5896396396396397,0.8809523809523809,-0.14285714285714288,0.5
ukzn_ISTN101_2021,ukzn_ISTN3SA_2019,UKZN,UKZN,D2_other_module,zscore,gradient_boosting,195,0.599764705882353,0.9315068493150684,-0.04761904761904762,0.2
ukzn_ISTN102_2018,oulad_BBB_2013B,UKZN,OULAD,D3_other_institution,zscore,gradient_boosting,1767,0.5652803542731355,0.6286619160728424,-0.23809523809523814,0.2
ukzn_ISTN102_2018,oulad_BBB_2013J,UKZN,OULAD,D3_other_institution,zscore,gradient_boosting,2237,0.40851683108064824,0.6445672191528545,0.04761904761904762,0.2
ukzn_ISTN102_2018,oulad_BBB_2014B,UKZN,OULAD,D3_other_institution,zscore,gradient_boosting,1613,0.4502578704034329,0.6202090592334495,-0.33333333333333337,0.0
ukzn_ISTN102_2018,oulad_BBB_2014J,UKZN,OULAD,D3_other_institution,zscore,gradient_boosting,2292,0.7064510233918129,0.6642512077294686,0.33333333333333337,0.5
ukzn_ISTN102_2018,oulad_DDD_2013B,UKZN,OULAD,D3_other_institution,zscore,gradient_boosting,1303,0.7200665133644883,0.612942612942613,-0.33333333333333337,0.2
ukzn_ISTN102_2018,oulad_DDD_2013J,UKZN,OULAD,D3_other_institution,zscore,gradient_boosting,1938,0.7498773604710227,0.6238390092879257,-0.33333333333333337,0.0
ukzn_ISTN102_2018,oulad_DDD_2014B,UKZN,OULAD,D3_other_institution,zscore,gradient_boosting,1228,0.6628322802010196,0.5631067961165048,0.04761904761904762,0.2
ukzn_ISTN102_2018,oulad_DDD_2014J,UKZN,OULAD,D3_other_institution,zscore,gradient_boosting,1803,0.6465046108963023,0.6165945733385765,-0.33333333333333337,0.0
ukzn_ISTN102_2018,oulad_FFF_2013B,UKZN,OULAD,D3_other_institution,zscore,gradient_boosting,1614,0.6946769562758213,0.7006896551724138,0.04761904761904762,0.5
ukzn_ISTN102_2018,oulad_FFF_2013J,UKZN,OULAD,D3_other_institution,zscore,gradient_boosting,2283,0.7132047261042694,0.6881651080296678,-0.04761904761904762,0.5
ukzn_ISTN102_2018,oulad_FFF_2014B,UKZN,OULAD,D3_other_institution,zscore,gradient_boosting,1500,0.7328135279530945,0.6207233626588465,-0.33333333333333337,0.2
ukzn_ISTN102_2018,oulad_FFF_2014J,UKZN,OULAD,D3_other_institution,zscore,gradient_boosting,2365,0.7136517801804284,0.6404261615862681,0.4285714285714286,0.5
ukzn_ISTN102_2018,ku_Accountancy_1819,UKZN,KU Leuven,D3_other_institution,zscore,gradient_boosting,756,0.5224858757062147,0.8042763157894737,0.23809523809523814,0.2
ukzn_ISTN102_2018,ku_Globaleconom_1819,UKZN,KU Leuven,D3_other_institution,zscore,gradient_boosting,743,0.5576812661023187,0.711484593837535,0.04761904761904762,0.2
ukzn_ISTN102_2018,ukzn_ISTN101_2019,UKZN,UKZN,D2_other_module,zscore,gradient_boosting,1056,0.5795678350618269,0.8651315789473685,0.14285714285714288,0.5
ukzn_ISTN102_2018,ukzn_ISTN101_2020,UKZN,UKZN,D2_other_module,zscore,gradient_boosting,978,0.5364117659981108,0.9300275482093664,0.4285714285714286,0.5
ukzn_ISTN102_2018,ukzn_ISTN101_2021,UKZN,UKZN,D2_other_module,zscore,gradient_boosting,741,0.5478765744252471,0.941346850108617,-0.23809523809523814,0.2
ukzn_ISTN102_2018,ukzn_ISTN102_2018,UKZN,UKZN,D0_within_cohort,zscore,gradient_boosting,257,0.5462184873949579,0.7960687960687961,1.0,1.0
ukzn_ISTN102_2018,ukzn_ISTN103_2019,UKZN,UKZN,D2_other_module,zscore,gradient_boosting,1113,0.563210332103321,0.8084397556912826,0.04761904761904762,0.5
ukzn_ISTN102_2018,ukzn_ISTN103_2020,UKZN,UKZN,D2_other_module,zscore,gradient_boosting,1082,0.6113034485859449,0.9090909090909091,0.23809523809523814,0.5
ukzn_ISTN102_2018,ukzn_ISTN211_2019,UKZN,UKZN,D2_other_module,zscore,gradient_boosting,280,0.46934865900383144,0.9328214971209213,-0.6190476190476191,0.2
ukzn_ISTN102_2018,ukzn_ISTN211_2021,UKZN,UKZN,D2_other_module,zscore,gradient_boosting,327,0.5778937381404174,0.9317803660565723,-0.14285714285714288,0.2
ukzn_ISTN102_2018,ukzn_ISTN212_2018,UKZN,UKZN,D2_other_module,zscore,gradient_boosting,238,0.5507849109653233,0.8813559322033898,0.23809523809523814,0.5
ukzn_ISTN102_2018,ukzn_ISTN212_2019,UKZN,UKZN,D2_other_module,zscore,gradient_boosting,264,0.646879021879022,0.8874172185430463,0.04761904761904762,0.5
ukzn_ISTN102_2018,ukzn_ISTN2IP_2018,UKZN,UKZN,D2_other_module,zscore,gradient_boosting,99,0.504054054054054,0.8192771084337349,-0.04761904761904762,0.2
ukzn_ISTN102_2018,ukzn_ISTN2IP_2019,UKZN,UKZN,D2_other_module,zscore,gradient_boosting,116,0.6209415584415584,0.8442211055276382,0.14285714285714288,0.5
ukzn_ISTN102_2018,ukzn_ISTN3ND_2018,UKZN,UKZN,D2_other_module,zscore,gradient_boosting,144,0.41399475700746124,0.7373271889400922,-0.04761904761904762,0.2
ukzn_ISTN102_2018,ukzn_ISTN3ND_2019,UKZN,UKZN,D2_other_module,zscore,gradient_boosting,223,0.6615033011681056,0.870026525198939,-0.14285714285714288,0.2
ukzn_ISTN102_2018,ukzn_ISTN3SA_2018,UKZN,UKZN,D2_other_module,zscore,gradient_boosting,141,0.4885885885885886,0.85,-0.04761904761904762,0.2
ukzn_ISTN102_2018,ukzn_ISTN3SA_2019,UKZN,UKZN,D2_other_module,zscore,gradient_boosting,195,0.5344705882352941,0.9085714285714286,-0.14285714285714288,0.2
ukzn_ISTN103_2019,oulad_BBB_2013B,UKZN,OULAD,D3_other_institution,zscore,gradient_boosting,1767,0.7469874381856421,0.6230407523510971,-0.6190476190476191,0.0
ukzn_ISTN103_2019,oulad_BBB_2013J,UKZN,OULAD,D3_other_institution,zscore,gradient_boosting,2237,0.7757634840817372,0.6470588235294118,-0.33333333333333337,0.2
ukzn_ISTN103_2019,oulad_BBB_2014B,UKZN,OULAD,D3_other_institution,zscore,gradient_boosting,1613,0.787468833543956,0.6202749140893471,-0.33333333333333337,0.2
ukzn_ISTN103_2019,oulad_BBB_2014J,UKZN,OULAD,D3_other_institution,zscore,gradient_boosting,2292,0.7261684484649125,0.6668630338733431,0.04761904761904762,0.2
ukzn_ISTN103_2019,oulad_DDD_2013B,UKZN,OULAD,D3_other_institution,zscore,gradient_boosting,1303,0.6748967682911752,0.5661680092059839,-0.04761904761904762,0.0
ukzn_ISTN103_2019,oulad_DDD_2013J,UKZN,OULAD,D3_other_institution,zscore,gradient_boosting,1938,0.6591458632680742,0.6135155656795748,0.33333333333333337,0.5
ukzn_ISTN103_2019,oulad_DDD_2014B,UKZN,OULAD,D3_other_institution,zscore,gradient_boosting,1228,0.6965027831123475,0.5682520074119827,0.14285714285714288,0.2
ukzn_ISTN103_2019,oulad_DDD_2014J,UKZN,OULAD,D3_other_institution,zscore,gradient_boosting,1803,0.6999938804464026,0.6105508145849495,-0.14285714285714288,0.2
ukzn_ISTN103_2019,oulad_FFF_2013B,UKZN,OULAD,D3_other_institution,zscore,gradient_boosting,1614,0.73670814479638,0.6997193638914874,-0.14285714285714288,0.2
ukzn_ISTN103_2019,oulad_FFF_2013J,UKZN,OULAD,D3_other_institution,zscore,gradient_boosting,2283,0.6567205540949833,0.6463600365519342,-0.33333333333333337,0.2
ukzn_ISTN103_2019,oulad_FFF_2014B,UKZN,OULAD,D3_other_institution,zscore,gradient_boosting,1500,0.654004995626116,0.6129819424109322,-0.23809523809523814,0.2
ukzn_ISTN103_2019,oulad_FFF_2014J,UKZN,OULAD,D3_other_institution,zscore,gradient_boosting,2365,0.8057472080664785,0.6429207479964381,-0.33333333333333337,0.2
ukzn_ISTN103_2019,ku_Accountancy_1819,UKZN,KU Leuven,D3_other_institution,zscore,gradient_boosting,756,0.5980539861895794,0.8022969647251845,0.14285714285714288,0.2
ukzn_ISTN103_2019,ku_Globaleconom_1819,UKZN,KU Leuven,D3_other_institution,zscore,gradient_boosting,743,0.5803938167096062,0.703770197486535,0.04761904761904762,0.2
ukzn_ISTN103_2019,ukzn_ISTN101_2019,UKZN,UKZN,D2_other_module,zscore,gradient_boosting,1056,0.5969691114878342,0.8507042253521127,0.33333333333333337,0.5
ukzn_ISTN103_2019,ukzn_ISTN101_2020,UKZN,UKZN,D2_other_module,zscore,gradient_boosting,978,0.5917159113376244,0.9190396426577331,0.33333333333333337,0.2
ukzn_ISTN103_2019,ukzn_ISTN101_2021,UKZN,UKZN,D2_other_module,zscore,gradient_boosting,741,0.6560846560846562,0.9027882441597589,-0.23809523809523814,0.2
ukzn_ISTN103_2019,ukzn_ISTN102_2018,UKZN,UKZN,D2_other_module,zscore,gradient_boosting,257,0.5779645191409897,0.8205128205128205,-0.04761904761904762,0.5
ukzn_ISTN103_2019,ukzn_ISTN103_2019,UKZN,UKZN,D0_within_cohort,zscore,gradient_boosting,1113,0.6537781877818778,0.8254665203073546,1.0,1.0
ukzn_ISTN103_2019,ukzn_ISTN103_2020,UKZN,UKZN,D1_same_module,zscore,gradient_boosting,1082,0.5543320893844701,0.9230769230769231,-0.5238095238095238,0.0
ukzn_ISTN103_2019,ukzn_ISTN211_2019,UKZN,UKZN,D2_other_module,zscore,gradient_boosting,280,0.6670699737850372,0.9221789883268483,0.23809523809523814,0.5
ukzn_ISTN103_2019,ukzn_ISTN211_2021,UKZN,UKZN,D2_other_module,zscore,gradient_boosting,327,0.8043643263757115,0.9534510433386838,0.5238095238095238,0.5
ukzn_ISTN103_2019,ukzn_ISTN212_2018,UKZN,UKZN,D2_other_module,zscore,gradient_boosting,238,0.7304358013120901,0.8844221105527639,0.23809523809523814,0.5
ukzn_ISTN103_2019,ukzn_ISTN212_2019,UKZN,UKZN,D2_other_module,zscore,gradient_boosting,264,0.6534749034749034,0.8641425389755011,-0.14285714285714288,0.5
ukzn_ISTN103_2019,ukzn_ISTN2IP_2018,UKZN,UKZN,D2_other_module,zscore,gradient_boosting,99,0.7054054054054054,0.802547770700637,0.04761904761904762,0.2
ukzn_ISTN103_2019,ukzn_ISTN2IP_2019,UKZN,UKZN,D2_other_module,zscore,gradient_boosting,116,0.7475649350649352,0.8541666666666666,0.33333333333333337,0.5
ukzn_ISTN103_2019,ukzn_ISTN3ND_2018,UKZN,UKZN,D2_other_module,zscore,gradient_boosting,144,0.6041540633192175,0.7488584474885844,0.7142857142857143,0.5
ukzn_ISTN103_2019,ukzn_ISTN3ND_2019,UKZN,UKZN,D2_other_module,zscore,gradient_boosting,223,0.5777044184865414,0.8142076502732241,-0.23809523809523814,0.2
ukzn_ISTN103_2019,ukzn_ISTN3SA_2018,UKZN,UKZN,D2_other_module,zscore,gradient_boosting,141,0.6527027027027027,0.8583690987124464,0.04761904761904762,0.2
ukzn_ISTN103_2019,ukzn_ISTN3SA_2019,UKZN,UKZN,D2_other_module,zscore,gradient_boosting,195,0.5967058823529412,0.8764705882352941,-0.14285714285714288,0.2
ukzn_ISTN103_2020,oulad_BBB_2013B,UKZN,OULAD,D3_other_institution,zscore,gradient_boosting,1767,0.6594132222009788,0.6248539150759641,-0.04761904761904762,0.2
ukzn_ISTN103_2020,oulad_BBB_2013J,UKZN,OULAD,D3_other_institution,zscore,gradient_boosting,2237,0.5963539331240791,0.6479298881837413,-0.5238095238095238,0.0
ukzn_ISTN103_2020,oulad_BBB_2014B,UKZN,OULAD,D3_other_institution,zscore,gradient_boosting,1613,0.5707350470873531,0.6213675213675214,-0.33333333333333337,0.0
ukzn_ISTN103_2020,oulad_BBB_2014J,UKZN,OULAD,D3_other_institution,zscore,gradient_boosting,2292,0.7112656859161794,0.6660834062408866,-0.04761904761904762,0.5
ukzn_ISTN103_2020,oulad_DDD_2013B,UKZN,OULAD,D3_other_institution,zscore,gradient_boosting,1303,0.7304675716440422,0.5605806811836963,-0.23809523809523814,0.2
ukzn_ISTN103_2020,oulad_DDD_2013J,UKZN,OULAD,D3_other_institution,zscore,gradient_boosting,1938,0.7321095848094492,0.5994194484760522,-0.4285714285714286,0.0
ukzn_ISTN103_2020,oulad_DDD_2014B,UKZN,OULAD,D3_other_institution,zscore,gradient_boosting,1228,0.7351904139409261,0.56,-0.5238095238095238,0.0
ukzn_ISTN103_2020,oulad_DDD_2014J,UKZN,OULAD,D3_other_institution,zscore,gradient_boosting,1803,0.6990597118564477,0.6106399383191982,-0.23809523809523814,0.2
ukzn_ISTN103_2020,oulad_FFF_2013B,UKZN,OULAD,D3_other_institution,zscore,gradient_boosting,1614,0.7467900046724376,0.6480304955527318,0.33333333333333337,0.5
ukzn_ISTN103_2020,oulad_FFF_2013J,UKZN,OULAD,D3_other_institution,zscore,gradient_boosting,2283,0.7618452408406746,0.6458333333333334,0.14285714285714288,0.2
ukzn_ISTN103_2020,oulad_FFF_2014B,UKZN,OULAD,D3_other_institution,zscore,gradient_boosting,1500,0.7753685268325127,0.6058052434456929,-0.14285714285714288,0.2
ukzn_ISTN103_2020,oulad_FFF_2014J,UKZN,OULAD,D3_other_institution,zscore,gradient_boosting,2365,0.7819526461676193,0.6418255343731947,-0.14285714285714288,0.2
ukzn_ISTN103_2020,ku_Accountancy_1819,UKZN,KU Leuven,D3_other_institution,zscore,gradient_boosting,756,0.6169324126386274,0.8184019370460048,0.23809523809523814,0.5
ukzn_ISTN103_2020,ku_Globaleconom_1819,UKZN,KU Leuven,D3_other_institution,zscore,gradient_boosting,743,0.5659919028340081,0.7144120247568524,0.23809523809523814,0.5
ukzn_ISTN103_2020,ukzn_ISTN101_2019,UKZN,UKZN,D2_other_module,zscore,gradient_boosting,1056,0.647056990426805,0.8748651564185544,0.6190476190476191,1.0
ukzn_ISTN103_2020,ukzn_ISTN101_2020,UKZN,UKZN,D2_other_module,zscore,gradient_boosting,978,0.6284352276971069,0.9420682187330807,0.8095238095238096,1.0
ukzn_ISTN103_2020,ukzn_ISTN101_2021,UKZN,UKZN,D2_other_module,zscore,gradient_boosting,741,0.7091820012173996,0.9293517844136926,0.4285714285714286,0.5
ukzn_ISTN103_2020,ukzn_ISTN102_2018,UKZN,UKZN,D2_other_module,zscore,gradient_boosting,257,0.6299019607843138,0.8390022675736961,0.5238095238095238,1.0
ukzn_ISTN103_2020,ukzn_ISTN103_2019,UKZN,UKZN,D1_same_module,zscore,gradient_boosting,1113,0.5915928659286593,0.8333333333333334,0.33333333333333337,1.0
ukzn_ISTN103_2020,ukzn_ISTN103_2020,UKZN,UKZN,D0_within_cohort,zscore,gradient_boosting,1082,0.6552852839350749,0.9375307427447123,1.0,1.0
ukzn_ISTN103_2020,ukzn_ISTN211_2019,UKZN,UKZN,D2_other_module,zscore,gradient_boosting,280,0.6458963500705788,0.9509433962264151,-0.04761904761904762,0.2
ukzn_ISTN103_2020,ukzn_ISTN211_2021,UKZN,UKZN,D2_other_module,zscore,gradient_boosting,327,0.7136622390891841,0.9536,0.5238095238095238,0.5
ukzn_ISTN103_2020,ukzn_ISTN212_2018,UKZN,UKZN,D2_other_module,zscore,gradient_boosting,238,0.6986879100281163,0.8925233644859814,0.23809523809523814,0.5
ukzn_ISTN103_2020,ukzn_ISTN212_2019,UKZN,UKZN,D2_other_module,zscore,gradient_boosting,264,0.7333226083226083,0.8931623931623932,0.7142857142857143,1.0
ukzn_ISTN103_2020,ukzn_ISTN2IP_2018,UKZN,UKZN,D2_other_module,zscore,gradient_boosting,99,0.5810810810810811,0.8352941176470589,0.23809523809523814,0.5
ukzn_ISTN103_2020,ukzn_ISTN2IP_2019,UKZN,UKZN,D2_other_module,zscore,gradient_boosting,116,0.674512987012987,0.8656716417910447,0.04761904761904762,0.5
ukzn_ISTN103_2020,ukzn_ISTN3ND_2018,UKZN,UKZN,D2_other_module,zscore,gradient_boosting,144,0.6011292599314378,0.7577092511013216,0.4285714285714286,1.0
ukzn_ISTN103_2020,ukzn_ISTN3ND_2019,UKZN,UKZN,D2_other_module,zscore,gradient_boosting,223,0.6670898933468765,0.8489583333333334,0.23809523809523814,0.5
ukzn_ISTN103_2020,ukzn_ISTN3SA_2018,UKZN,UKZN,D2_other_module,zscore,gradient_boosting,141,0.6478978978978979,0.8764940239043825,0.33333333333333337,0.5
ukzn_ISTN103_2020,ukzn_ISTN3SA_2019,UKZN,UKZN,D2_other_module,zscore,gradient_boosting,195,0.5878823529411764,0.9070422535211268,0.5238095238095238,0.2
ukzn_ISTN211_2019,oulad_BBB_2013B,UKZN,OULAD,D3_other_institution,zscore,gradient_boosting,1767,0.7297575740351276,0.6165295730513122,-0.04761904761904762,0.2
ukzn_ISTN211_2019,oulad_BBB_2013J,UKZN,OULAD,D3_other_institution,zscore,gradient_boosting,2237,0.718354845941964,0.6394391953672661,0.23809523809523814,0.2
ukzn_ISTN211_2019,oulad_BBB_2014B,UKZN,OULAD,D3_other_institution,zscore,gradient_boosting,1613,0.7270555888480754,0.611541774332472,0.5238095238095238,0.5
ukzn_ISTN211_2019,oulad_BBB_2014J,UKZN,OULAD,D3_other_institution,zscore,gradient_boosting,2292,0.7367179885477582,0.6592505854800936,0.33333333333333337,0.2
ukzn_ISTN211_2019,oulad_DDD_2013B,UKZN,OULAD,D3_other_institution,zscore,gradient_boosting,1303,0.7548846524738521,0.5625347415230684,-0.04761904761904762,0.2
ukzn_ISTN211_2019,oulad_DDD_2013J,UKZN,OULAD,D3_other_institution,zscore,gradient_boosting,1938,0.7738173579257767,0.5932141554177307,0.23809523809523814,0.2
ukzn_ISTN211_2019,oulad_DDD_2014B,UKZN,OULAD,D3_other_institution,zscore,gradient_boosting,1228,0.7015784441886328,0.5479289940828402,0.04761904761904762,0.2
ukzn_ISTN211_2019,oulad_DDD_2014J,UKZN,OULAD,D3_other_institution,zscore,gradient_boosting,1803,0.6883436241744847,0.5978980147917478,-0.33333333333333337,0.2
ukzn_ISTN211_2019,oulad_FFF_2013B,UKZN,OULAD,D3_other_institution,zscore,gradient_boosting,1614,0.7679904215030493,0.6489451476793249,-0.04761904761904762,0.2
ukzn_ISTN211_2019,oulad_FFF_2013J,UKZN,OULAD,D3_other_institution,zscore,gradient_boosting,2283,0.7371757913995357,0.642644431209053,-0.23809523809523814,0.0
ukzn_ISTN211_2019,oulad_FFF_2014B,UKZN,OULAD,D3_other_institution,zscore,gradient_boosting,1500,0.7658011075686266,0.6014051522248244,-0.23809523809523814,0.2
ukzn_ISTN211_2019,oulad_FFF_2014J,UKZN,OULAD,D3_other_institution,zscore,gradient_boosting,2365,0.7742246143516286,0.6364423909904707,-0.23809523809523814,0.0
ukzn_ISTN211_2019,ku_Accountancy_1819,UKZN,KU Leuven,D3_other_institution,zscore,gradient_boosting,756,0.614300062774639,0.8256450351837373,-0.04761904761904762,0.5
ukzn_ISTN211_2019,ku_Globaleconom_1819,UKZN,KU Leuven,D3_other_institution,zscore,gradient_boosting,743,0.5735112256164887,0.7172167707404103,0.04761904761904762,0.5
ukzn_ISTN211_2019,ukzn_ISTN101_2019,UKZN,UKZN,D2_other_module,zscore,gradient_boosting,1056,0.6182626146788991,0.895187165775401,0.04761904761904762,0.5
ukzn_ISTN211_2019,ukzn_ISTN101_2020,UKZN,UKZN,D2_other_module,zscore,gradient_boosting,978,0.6645394433338458,0.9612320764737121,0.23809523809523814,0.5
ukzn_ISTN211_2019,ukzn_ISTN101_2021,UKZN,UKZN,D2_other_module,zscore,gradient_boosting,741,0.6987170482745705,0.9489575844716032,-0.14285714285714288,0.2
ukzn_ISTN211_2019,ukzn_ISTN102_2018,UKZN,UKZN,D2_other_module,zscore,gradient_boosting,257,0.6107609710550888,0.8461538461538461,0.04761904761904762,0.5
ukzn_ISTN211_2019,ukzn_ISTN103_2019,UKZN,UKZN,D2_other_module,zscore,gradient_boosting,1113,0.6169639196391963,0.8390804597701149,0.14285714285714288,0.5
ukzn_ISTN211_2019,ukzn_ISTN103_2020,UKZN,UKZN,D2_other_module,zscore,gradient_boosting,1082,0.6493233217930847,0.9381139489194499,0.33333333333333337,0.5
ukzn_ISTN211_2019,ukzn_ISTN211_2019,UKZN,UKZN,D0_within_cohort,zscore,gradient_boosting,280,0.7381528533978624,0.9473684210526315,1.0,1.0
ukzn_ISTN211_2019,ukzn_ISTN211_2021,UKZN,UKZN,D1_same_module,zscore,gradient_boosting,327,0.7140417457305503,0.966824644549763,0.14285714285714288,0.5
ukzn_ISTN211_2019,ukzn_ISTN212_2018,UKZN,UKZN,D2_other_module,zscore,gradient_boosting,238,0.687968603561387,0.8899297423887588,0.04761904761904762,0.2
ukzn_ISTN211_2019,ukzn_ISTN212_2019,UKZN,UKZN,D2_other_module,zscore,gradient_boosting,264,0.7153582153582154,0.8987341772151899,0.14285714285714288,0.5
ukzn_ISTN211_2019,ukzn_ISTN2IP_2018,UKZN,UKZN,D2_other_module,zscore,gradient_boosting,99,0.6224324324324324,0.8421052631578947,-0.14285714285714288,0.2
ukzn_ISTN211_2019,ukzn_ISTN2IP_2019,UKZN,UKZN,D2_other_module,zscore,gradient_boosting,116,0.6233766233766234,0.8615384615384616,0.23809523809523814,0.2
ukzn_ISTN211_2019,ukzn_ISTN3ND_2018,UKZN,UKZN,D2_other_module,zscore,gradient_boosting,144,0.5129058277878604,0.7555555555555555,-0.04761904761904762,0.2
ukzn_ISTN211_2019,ukzn_ISTN3ND_2019,UKZN,UKZN,D2_other_module,zscore,gradient_boosting,223,0.5358684611477907,0.8838383838383839,-0.23809523809523814,0.2
ukzn_ISTN211_2019,ukzn_ISTN3SA_2018,UKZN,UKZN,D2_other_module,zscore,gradient_boosting,141,0.7695195195195197,0.8870967741935484,0.4285714285714286,0.5
ukzn_ISTN211_2019,ukzn_ISTN3SA_2019,UKZN,UKZN,D2_other_module,zscore,gradient_boosting,195,0.6301176470588234,0.9187675070028011,-0.04761904761904762,0.2
ukzn_ISTN211_2021,oulad_BBB_2013B,UKZN,OULAD,D3_other_institution,zscore,gradient_boosting,1767,0.7103193160502885,0.6252945797329144,0.4285714285714286,0.5
ukzn_ISTN211_2021,oulad_BBB_2013J,UKZN,OULAD,D3_other_institution,zscore,gradient_boosting,2237,0.7266991224136828,0.6443361753958587,0.14285714285714288,0.5
ukzn_ISTN211_2021,oulad_BBB_2014B,UKZN,OULAD,D3_other_institution,zscore,gradient_boosting,1613,0.730080636897979,0.6198275862068966,-0.14285714285714288,0.2
ukzn_ISTN211_2021,oulad_BBB_2014J,UKZN,OULAD,D3_other_institution,zscore,gradient_boosting,2292,0.7738620096247563,0.6674466218192454,0.33333333333333337,0.5
ukzn_ISTN211_2021,oulad_DDD_2013B,UKZN,OULAD,D3_other_institution,zscore,gradient_boosting,1303,0.7781581485053037,0.5640738668158926,-0.04761904761904762,0.2
ukzn_ISTN211_2021,oulad_DDD_2013J,UKZN,OULAD,D3_other_institution,zscore,gradient_boosting,1938,0.8031594770715746,0.601679445052939,-0.5238095238095238,0.0
ukzn_ISTN211_2021,oulad_DDD_2014B,UKZN,OULAD,D3_other_institution,zscore,gradient_boosting,1228,0.7714740043091555,0.5606595995288575,-0.04761904761904762,0.2
ukzn_ISTN211_2021,oulad_DDD_2014J,UKZN,OULAD,D3_other_institution,zscore,gradient_boosting,1803,0.7621229605650972,0.610011641443539,0.14285714285714288,0.5
ukzn_ISTN211_2021,oulad_FFF_2013B,UKZN,OULAD,D3_other_institution,zscore,gradient_boosting,1614,0.741664156256148,0.6542688081149619,0.23809523809523814,0.5
ukzn_ISTN211_2021,oulad_FFF_2013J,UKZN,OULAD,D3_other_institution,zscore,gradient_boosting,2283,0.7793144535153668,0.6462362392145194,0.14285714285714288,0.2
ukzn_ISTN211_2021,oulad_FFF_2014B,UKZN,OULAD,D3_other_institution,zscore,gradient_boosting,1500,0.7782775211283897,0.6079625292740047,-0.4285714285714286,0.2
ukzn_ISTN211_2021,oulad_FFF_2014J,UKZN,OULAD,D3_other_institution,zscore,gradient_boosting,2365,0.813166061221679,0.6400924321201618,0.04761904761904762,0.2
ukzn_ISTN211_2021,ku_Accountancy_1819,UKZN,KU Leuven,D3_other_institution,zscore,gradient_boosting,756,0.6215149612889727,0.8247261345852895,0.4285714285714286,0.5
ukzn_ISTN211_2021,ku_Globaleconom_1819,UKZN,KU Leuven,D3_other_institution,zscore,gradient_boosting,743,0.6204968715495031,0.7171453437771975,0.6190476190476191,0.5
ukzn_ISTN211_2021,ukzn_ISTN101_2019,UKZN,UKZN,D2_other_module,zscore,gradient_boosting,1056,0.5893654018747507,0.8871224165341812,0.5238095238095238,1.0
ukzn_ISTN211_2021,ukzn_ISTN101_2020,UKZN,UKZN,D2_other_module,zscore,gradient_boosting,978,0.5862568924232772,0.9677760169043845,0.33333333333333337,0.5
ukzn_ISTN211_2021,ukzn_ISTN101_2021,UKZN,UKZN,D2_other_module,zscore,gradient_boosting,741,0.744428056374959,0.9347826086956522,0.5238095238095238,0.5
ukzn_ISTN211_2021,ukzn_ISTN102_2018,UKZN,UKZN,D2_other_module,zscore,gradient_boosting,257,0.6447634609399315,0.8480725623582767,0.4285714285714286,0.5
ukzn_ISTN211_2021,ukzn_ISTN103_2019,UKZN,UKZN,D2_other_module,zscore,gradient_boosting,1113,0.6176219762197621,0.8422696512233212,0.33333333333333337,0.5
ukzn_ISTN211_2021,ukzn_ISTN103_2020,UKZN,UKZN,D2_other_module,zscore,gradient_boosting,1082,0.6182096128771188,0.9383932971907344,0.4285714285714286,0.5
ukzn_ISTN211_2021,ukzn_ISTN211_2019,UKZN,UKZN,D1_same_module,zscore,gradient_boosting,280,0.6777576124218594,0.957169459962756,0.4285714285714286,1.0
ukzn_ISTN211_2021,ukzn_ISTN211_2021,UKZN,UKZN,D0_within_cohort,zscore,gradient_boosting,327,0.8025616698292221,0.9667194928684627,1.0,1.0
ukzn_ISTN211_2021,ukzn_ISTN212_2018,UKZN,UKZN,D2_other_module,zscore,gradient_boosting,238,0.7539245548266167,0.9044289044289044,0.23809523809523814,0.5
ukzn_ISTN211_2021,ukzn_ISTN212_2019,UKZN,UKZN,D2_other_module,zscore,gradient_boosting,264,0.7426533676533678,0.8921775898520085,0.33333333333333337,1.0
ukzn_ISTN211_2021,ukzn_ISTN2IP_2018,UKZN,UKZN,D2_other_module,zscore,gradient_boosting,99,0.6983783783783785,0.8554913294797688,0.04761904761904762,0.2
ukzn_ISTN211_2021,ukzn_ISTN2IP_2019,UKZN,UKZN,D2_other_module,zscore,gradient_boosting,116,0.7359983766233767,0.8557213930348259,0.33333333333333337,0.5
ukzn_ISTN211_2021,ukzn_ISTN3ND_2018,UKZN,UKZN,D2_other_module,zscore,gradient_boosting,144,0.5189554345634201,0.748898678414097,0.6190476190476191,1.0
ukzn_ISTN211_2021,ukzn_ISTN3ND_2019,UKZN,UKZN,D2_other_module,zscore,gradient_boosting,223,0.6899441340782123,0.8838383838383839,0.7142857142857143,1.0
ukzn_ISTN211_2021,ukzn_ISTN3SA_2018,UKZN,UKZN,D2_other_module,zscore,gradient_boosting,141,0.6012012012012011,0.8764940239043825,0.33333333333333337,0.5
ukzn_ISTN211_2021,ukzn_ISTN3SA_2019,UKZN,UKZN,D2_other_module,zscore,gradient_boosting,195,0.5168235294117647,0.9136490250696379,0.14285714285714288,0.2
ukzn_ISTN212_2018,oulad_BBB_2013B,UKZN,OULAD,D3_other_institution,zscore,gradient_boosting,1767,0.7635817189688048,0.6311475409836066,0.14285714285714288,0.5
ukzn_ISTN212_2018,oulad_BBB_2013J,UKZN,OULAD,D3_other_institution,zscore,gradient_boosting,2237,0.752059845621677,0.6405396723417924,-0.23809523809523814,0.2
ukzn_ISTN212_2018,oulad_BBB_2014B,UKZN,OULAD,D3_other_institution,zscore,gradient_boosting,1613,0.7916303122700357,0.6275212909009413,-0.33333333333333337,0.2
ukzn_ISTN212_2018,oulad_BBB_2014J,UKZN,OULAD,D3_other_institution,zscore,gradient_boosting,2292,0.6828201145224171,0.667062667062667,-0.14285714285714288,0.0
ukzn_ISTN212_2018,oulad_DDD_2013B,UKZN,OULAD,D3_other_institution,zscore,gradient_boosting,1303,0.6942091338426921,0.5675827257431295,0.23809523809523814,0.2
ukzn_ISTN212_2018,oulad_DDD_2013J,UKZN,OULAD,D3_other_institution,zscore,gradient_boosting,1938,0.7412681199224245,0.6087280865348751,0.23809523809523814,0.5
ukzn_ISTN212_2018,oulad_DDD_2014B,UKZN,OULAD,D3_other_institution,zscore,gradient_boosting,1228,0.7000816676933197,0.5634638196915777,-0.04761904761904762,0.2
ukzn_ISTN212_2018,oulad_DDD_2014J,UKZN,OULAD,D3_other_institution,zscore,gradient_boosting,1803,0.7489178381240696,0.6140137707573916,-0.7142857142857143,0.0
ukzn_ISTN212_2018,oulad_FFF_2013B,UKZN,OULAD,D3_other_institution,zscore,gradient_boosting,1614,0.7442931708636631,0.6545300592718035,0.4285714285714286,1.0
ukzn_ISTN212_2018,oulad_FFF_2013J,UKZN,OULAD,D3_other_institution,zscore,gradient_boosting,2283,0.6956382700674938,0.6522522522522523,-0.5238095238095238,0.2
ukzn_ISTN212_2018,oulad_FFF_2014B,UKZN,OULAD,D3_other_institution,zscore,gradient_boosting,1500,0.7418052934839974,0.608983451536643,-0.33333333333333337,0.2
ukzn_ISTN212_2018,oulad_FFF_2014J,UKZN,OULAD,D3_other_institution,zscore,gradient_boosting,2365,0.7361357401923652,0.6448598130841121,-0.5238095238095238,0.0
ukzn_ISTN212_2018,ku_Accountancy_1819,UKZN,KU Leuven,D3_other_institution,zscore,gradient_boosting,756,0.6245030341075538,0.7952013710368466,0.4285714285714286,0.5
ukzn_ISTN212_2018,ku_Globaleconom_1819,UKZN,KU Leuven,D3_other_institution,zscore,gradient_boosting,743,0.5956827383143173,0.7055393586005831,0.6190476190476191,0.5
ukzn_ISTN212_2018,ukzn_ISTN101_2019,UKZN,UKZN,D2_other_module,zscore,gradient_boosting,1056,0.5854295472676506,0.8819672131147541,0.23809523809523814,0.5
ukzn_ISTN212_2018,ukzn_ISTN101_2020,UKZN,UKZN,D2_other_module,zscore,gradient_boosting,978,0.6835087102655917,0.9459459459459459,0.5238095238095238,0.5
ukzn_ISTN212_2018,ukzn_ISTN101_2021,UKZN,UKZN,D2_other_module,zscore,gradient_boosting,741,0.7667275366390411,0.9061538461538462,0.23809523809523814,0.5
ukzn_ISTN212_2018,ukzn_ISTN102_2018,UKZN,UKZN,D2_other_module,zscore,gradient_boosting,257,0.5644257703081232,0.8382687927107062,-0.23809523809523814,0.2
ukzn_ISTN212_2018,ukzn_ISTN103_2019,UKZN,UKZN,D2_other_module,zscore,gradient_boosting,1113,0.619920049200492,0.831640833778728,0.14285714285714288,0.2
ukzn_ISTN212_2018,ukzn_ISTN103_2020,UKZN,UKZN,D2_other_module,zscore,gradient_boosting,1082,0.5845420619576458,0.9203629032258065,0.14285714285714288,0.2
ukzn_ISTN212_2018,ukzn_ISTN211_2019,UKZN,UKZN,D2_other_module,zscore,gradient_boosting,280,0.6418632788868724,0.9133858267716536,0.14285714285714288,0.5
ukzn_ISTN212_2018,ukzn_ISTN211_2021,UKZN,UKZN,D2_other_module,zscore,gradient_boosting,327,0.7444022770398483,0.8927335640138409,0.14285714285714288,0.2
ukzn_ISTN212_2018,ukzn_ISTN212_2018,UKZN,UKZN,D0_within_cohort,zscore,gradient_boosting,238,0.6569821930646673,0.845771144278607,1.0,1.0
ukzn_ISTN212_2018,ukzn_ISTN212_2019,UKZN,UKZN,D1_same_module,zscore,gradient_boosting,264,0.7441548691548692,0.9039301310043668,0.33333333333333337,0.5
ukzn_ISTN212_2018,ukzn_ISTN2IP_2018,UKZN,UKZN,D2_other_module,zscore,gradient_boosting,99,0.6243243243243244,0.8470588235294118,-0.04761904761904762,0.0
ukzn_ISTN212_2018,ukzn_ISTN2IP_2019,UKZN,UKZN,D2_other_module,zscore,gradient_boosting,116,0.6083603896103896,0.845360824742268,-0.23809523809523814,0.2
ukzn_ISTN212_2018,ukzn_ISTN3ND_2018,UKZN,UKZN,D2_other_module,zscore,gradient_boosting,144,0.5796531558782012,0.7024390243902439,0.23809523809523814,0.5
ukzn_ISTN212_2018,ukzn_ISTN3ND_2019,UKZN,UKZN,D2_other_module,zscore,gradient_boosting,223,0.6643600812595226,0.8632707774798928,0.5238095238095238,1.0
ukzn_ISTN212_2018,ukzn_ISTN3SA_2018,UKZN,UKZN,D2_other_module,zscore,gradient_boosting,141,0.6396396396396397,0.869198312236287,0.14285714285714288,0.2
ukzn_ISTN212_2018,ukzn_ISTN3SA_2019,UKZN,UKZN,D2_other_module,zscore,gradient_boosting,195,0.5529411764705882,0.896551724137931,0.4285714285714286,0.5
ukzn_ISTN212_2019,oulad_BBB_2013B,UKZN,OULAD,D3_other_institution,zscore,gradient_boosting,1767,0.7583381561881535,0.6218024399842582,-0.04761904761904762,0.2
ukzn_ISTN212_2019,oulad_BBB_2013J,UKZN,OULAD,D3_other_institution,zscore,gradient_boosting,2237,0.6972151047338415,0.6450242718446602,0.04761904761904762,0.2
ukzn_ISTN212_2019,oulad_BBB_2014B,UKZN,OULAD,D3_other_institution,zscore,gradient_boosting,1613,0.7258632681386445,0.6179001721170396,0.04761904761904762,0.2
ukzn_ISTN212_2019,oulad_BBB_2014J,UKZN,OULAD,D3_other_institution,zscore,gradient_boosting,2292,0.7613810459307994,0.6670560747663551,0.33333333333333337,0.5
ukzn_ISTN212_2019,oulad_DDD_2013B,UKZN,OULAD,D3_other_institution,zscore,gradient_boosting,1303,0.7210011621294167,0.5602272727272727,-0.23809523809523814,0.2
ukzn_ISTN212_2019,oulad_DDD_2013J,UKZN,OULAD,D3_other_institution,zscore,gradient_boosting,1938,0.7557368650617113,0.5965824665676077,-0.33333333333333337,0.0
ukzn_ISTN212_2019,oulad_DDD_2014B,UKZN,OULAD,D3_other_institution,zscore,gradient_boosting,1228,0.7685180797779085,0.5717761557177615,-0.23809523809523814,0.0
ukzn_ISTN212_2019,oulad_DDD_2014J,UKZN,OULAD,D3_other_institution,zscore,gradient_boosting,1803,0.7785670753029803,0.609105180533752,-0.23809523809523814,0.2
ukzn_ISTN212_2019,oulad_FFF_2013B,UKZN,OULAD,D3_other_institution,zscore,gradient_boosting,1614,0.7046535326086956,0.645655877342419,0.33333333333333337,0.5
ukzn_ISTN212_2019,oulad_FFF_2013J,UKZN,OULAD,D3_other_institution,zscore,gradient_boosting,2283,0.7740041203511523,0.649090909090909,0.04761904761904762,0.2
ukzn_ISTN212_2019,oulad_FFF_2014B,UKZN,OULAD,D3_other_institution,zscore,gradient_boosting,1500,0.7551962464123307,0.6095329802599904,-0.14285714285714288,0.2
ukzn_ISTN212_2019,oulad_FFF_2014J,UKZN,OULAD,D3_other_institution,zscore,gradient_boosting,2365,0.7922635034318115,0.6408163265306123,0.04761904761904762,0.2
ukzn_ISTN212_2019,ku_Accountancy_1819,UKZN,KU Leuven,D3_other_institution,zscore,gradient_boosting,756,0.5965097300690521,0.8089700996677741,0.23809523809523814,0.2
ukzn_ISTN212_2019,ku_Globaleconom_1819,UKZN,KU Leuven,D3_other_institution,zscore,gradient_boosting,743,0.5717703349282297,0.7129629629629629,0.5238095238095238,0.5
ukzn_ISTN212_2019,ukzn_ISTN101_2019,UKZN,UKZN,D2_other_module,zscore,gradient_boosting,1056,0.6170098723573993,0.8674033149171271,0.33333333333333337,1.0
ukzn_ISTN212_2019,ukzn_ISTN101_2020,UKZN,UKZN,D2_other_module,zscore,gradient_boosting,978,0.691834537905582,0.8890173410404625,0.9047619047619049,1.0
ukzn_ISTN212_2019,ukzn_ISTN101_2021,UKZN,UKZN,D2_other_module,zscore,gradient_boosting,741,0.7762092054127452,0.8808208366219415,0.23809523809523814,0.2
ukzn_ISTN212_2019,ukzn_ISTN102_2018,UKZN,UKZN,D2_other_module,zscore,gradient_boosting,257,0.6382664176781824,0.8235294117647058,0.5238095238095238,1.0
ukzn_ISTN212_2019,ukzn_ISTN103_2019,UKZN,UKZN,D2_other_module,zscore,gradient_boosting,1113,0.6257913079130791,0.8402741170268846,0.33333333333333337,1.0
ukzn_ISTN212_2019,ukzn_ISTN103_2020,UKZN,UKZN,D2_other_module,zscore,gradient_boosting,1082,0.6326244323546603,0.9287493771798705,0.4285714285714286,1.0
ukzn_ISTN212_2019,ukzn_ISTN211_2019,UKZN,UKZN,D2_other_module,zscore,gradient_boosting,280,0.7661826981246219,0.9181636726546906,0.14285714285714288,0.5
ukzn_ISTN212_2019,ukzn_ISTN211_2021,UKZN,UKZN,D2_other_module,zscore,gradient_boosting,327,0.6760910815939278,0.9415584415584416,0.14285714285714288,0.2
ukzn_ISTN212_2019,ukzn_ISTN212_2018,UKZN,UKZN,D1_same_module,zscore,gradient_boosting,238,0.7449039362699157,0.8883610451306413,0.33333333333333337,0.5
ukzn_ISTN212_2019,ukzn_ISTN212_2019,UKZN,UKZN,D0_within_cohort,zscore,gradient_boosting,264,0.7008794508794509,0.8984881209503239,1.0,1.0
ukzn_ISTN212_2019,ukzn_ISTN2IP_2018,UKZN,UKZN,D2_other_module,zscore,gradient_boosting,99,0.7254054054054054,0.8322981366459627,0.5238095238095238,0.5
ukzn_ISTN212_2019,ukzn_ISTN2IP_2019,UKZN,UKZN,D2_other_module,zscore,gradient_boosting,116,0.6487418831168832,0.8615384615384616,-0.04761904761904762,0.2
ukzn_ISTN212_2019,ukzn_ISTN3ND_2018,UKZN,UKZN,D2_other_module,zscore,gradient_boosting,144,0.5925589836660616,0.730593607305936,0.4285714285714286,1.0
ukzn_ISTN212_2019,ukzn_ISTN3ND_2019,UKZN,UKZN,D2_other_module,zscore,gradient_boosting,223,0.7193372270187912,0.8192771084337349,0.33333333333333337,0.5
ukzn_ISTN212_2019,ukzn_ISTN3SA_2018,UKZN,UKZN,D2_other_module,zscore,gradient_boosting,141,0.6082582582582582,0.8425531914893617,0.23809523809523814,0.5
ukzn_ISTN212_2019,ukzn_ISTN3SA_2019,UKZN,UKZN,D2_other_module,zscore,gradient_boosting,195,0.5834117647058824,0.8971428571428571,0.14285714285714288,0.2
ukzn_ISTN2IP_2018,oulad_BBB_2013B,UKZN,OULAD,D3_other_institution,zscore,gradient_boosting,1767,0.6400266376606398,0.6173553719008265,0.04761904761904762,0.2
ukzn_ISTN2IP_2018,oulad_BBB_2013J,UKZN,OULAD,D3_other_institution,zscore,gradient_boosting,2237,0.613081721222215,0.6404814697497624,-0.5238095238095238,0.0
ukzn_ISTN2IP_2018,oulad_BBB_2014B,UKZN,OULAD,D3_other_institution,zscore,gradient_boosting,1613,0.6239074274749192,0.6024534302589732,-0.14285714285714288,0.2
ukzn_ISTN2IP_2018,oulad_BBB_2014J,UKZN,OULAD,D3_other_institution,zscore,gradient_boosting,2292,0.7348703246832359,0.654228855721393,0.14285714285714288,0.5
ukzn_ISTN2IP_2018,oulad_DDD_2013B,UKZN,OULAD,D3_other_institution,zscore,gradient_boosting,1303,0.737018767153772,0.6291208791208791,0.14285714285714288,0.2
ukzn_ISTN2IP_2018,oulad_DDD_2013J,UKZN,OULAD,D3_other_institution,zscore,gradient_boosting,1938,0.7433075799386748,0.6166597596353087,-0.23809523809523814,0.0
ukzn_ISTN2IP_2018,oulad_DDD_2014B,UKZN,OULAD,D3_other_institution,zscore,gradient_boosting,1228,0.7505609427740816,0.5868102288021534,-0.7142857142857143,0.0
ukzn_ISTN2IP_2018,oulad_DDD_2014J,UKZN,OULAD,D3_other_institution,zscore,gradient_boosting,1803,0.6440118294717702,0.5921971252566736,-0.33333333333333337,0.2
ukzn_ISTN2IP_2018,oulad_FFF_2013B,UKZN,OULAD,D3_other_institution,zscore,gradient_boosting,1614,0.7800619097973638,0.7237798546209762,0.4285714285714286,0.5
ukzn_ISTN2IP_2018,oulad_FFF_2013J,UKZN,OULAD,D3_other_institution,zscore,gradient_boosting,2283,0.7601728856295066,0.6560319042871385,0.14285714285714288,0.2
ukzn_ISTN2IP_2018,oulad_FFF_2014B,UKZN,OULAD,D3_other_institution,zscore,gradient_boosting,1500,0.7488803218600213,0.6262083780880774,-0.04761904761904762,0.2
ukzn_ISTN2IP_2018,oulad_FFF_2014J,UKZN,OULAD,D3_other_institution,zscore,gradient_boosting,2365,0.7862323674907606,0.6696920583468395,-0.33333333333333337,0.2
ukzn_ISTN2IP_2018,ku_Accountancy_1819,UKZN,KU Leuven,D3_other_institution,zscore,gradient_boosting,756,0.6217827997489014,0.796875,0.5238095238095238,0.5
ukzn_ISTN2IP_2018,ku_Globaleconom_1819,UKZN,KU Leuven,D3_other_institution,zscore,gradient_boosting,743,0.5886566065513434,0.6859903381642513,0.4285714285714286,0.5
ukzn_ISTN2IP_2018,ukzn_ISTN101_2019,UKZN,UKZN,D2_other_module,zscore,gradient_boosting,1056,0.5950619515357001,0.8232558139534883,0.4285714285714286,1.0
ukzn_ISTN2IP_2018,ukzn_ISTN101_2020,UKZN,UKZN,D2_other_module,zscore,gradient_boosting,978,0.611838492124514,0.8271227855833843,0.5238095238095238,1.0
ukzn_ISTN2IP_2018,ukzn_ISTN101_2021,UKZN,UKZN,D2_other_module,zscore,gradient_boosting,741,0.7018541930046356,0.8353808353808354,0.9047619047619049,1.0
ukzn_ISTN2IP_2018,ukzn_ISTN102_2018,UKZN,UKZN,D2_other_module,zscore,gradient_boosting,257,0.5773420479302833,0.7506297229219143,0.6190476190476191,1.0
ukzn_ISTN2IP_2018,ukzn_ISTN103_2019,UKZN,UKZN,D2_other_module,zscore,gradient_boosting,1113,0.6293562935629355,0.8076706147772138,0.7142857142857143,1.0
ukzn_ISTN2IP_2018,ukzn_ISTN103_2020,UKZN,UKZN,D2_other_module,zscore,gradient_boosting,1082,0.5907558113394182,0.8742705570291777,0.5238095238095238,1.0
ukzn_ISTN2IP_2018,ukzn_ISTN211_2019,UKZN,UKZN,D2_other_module,zscore,gradient_boosting,280,0.7696108086307724,0.8035714285714286,0.23809523809523814,0.2
ukzn_ISTN2IP_2018,ukzn_ISTN211_2021,UKZN,UKZN,D2_other_module,zscore,gradient_boosting,327,0.7114800759013283,0.8535714285714285,0.5238095238095238,0.5
ukzn_ISTN2IP_2018,ukzn_ISTN212_2018,UKZN,UKZN,D2_other_module,zscore,gradient_boosting,238,0.7313144329896908,0.819672131147541,0.33333333333333337,0.2
ukzn_ISTN2IP_2018,ukzn_ISTN212_2019,UKZN,UKZN,D2_other_module,zscore,gradient_boosting,264,0.6744959244959245,0.7758186397984886,0.8095238095238096,0.5
ukzn_ISTN2IP_2018,ukzn_ISTN2IP_2018,UKZN,UKZN,D0_within_cohort,zscore,gradient_boosting,99,0.8137837837837838,0.868421052631579,1.0,1.0
ukzn_ISTN2IP_2018,ukzn_ISTN2IP_2019,UKZN,UKZN,D1_same_module,zscore,gradient_boosting,116,0.5852272727272727,0.7674418604651163,0.23809523809523814,0.2
ukzn_ISTN2IP_2018,ukzn_ISTN3ND_2018,UKZN,UKZN,D2_other_module,zscore,gradient_boosting,144,0.5819721718088324,0.6875,0.9047619047619049,1.0
ukzn_ISTN2IP_2018,ukzn_ISTN3ND_2019,UKZN,UKZN,D2_other_module,zscore,gradient_boosting,223,0.6434103605891315,0.7627627627627628,0.33333333333333337,0.5
ukzn_ISTN2IP_2018,ukzn_ISTN3SA_2018,UKZN,UKZN,D2_other_module,zscore,gradient_boosting,141,0.6435435435435436,0.8235294117647058,-0.33333333333333337,0.2
ukzn_ISTN2IP_2018,ukzn_ISTN3SA_2019,UKZN,UKZN,D2_other_module,zscore,gradient_boosting,195,0.5599999999999999,0.8395061728395061,0.33333333333333337,0.5
ukzn_ISTN2IP_2019,oulad_BBB_2013B,UKZN,OULAD,D3_other_institution,zscore,gradient_boosting,1767,0.7231265792696475,0.6254098360655738,0.33333333333333337,0.5
ukzn_ISTN2IP_2019,oulad_BBB_2013J,UKZN,OULAD,D3_other_institution,zscore,gradient_boosting,2237,0.6561330952533471,0.6328725038402457,-0.14285714285714288,0.2
ukzn_ISTN2IP_2019,oulad_BBB_2014B,UKZN,OULAD,D3_other_institution,zscore,gradient_boosting,1613,0.6428153362251249,0.6045296167247387,-0.33333333333333337,0.0
ukzn_ISTN2IP_2019,oulad_BBB_2014J,UKZN,OULAD,D3_other_institution,zscore,gradient_boosting,2292,0.7512674372563353,0.6538119252447345,0.04761904761904762,0.2
ukzn_ISTN2IP_2019,oulad_DDD_2013B,UKZN,OULAD,D3_other_institution,zscore,gradient_boosting,1303,0.5958447691813169,0.554736245036869,-0.14285714285714288,0.2
ukzn_ISTN2IP_2019,oulad_DDD_2013J,UKZN,OULAD,D3_other_institution,zscore,gradient_boosting,1938,0.5684290501772427,0.5907421013960323,-0.6190476190476191,0.0
ukzn_ISTN2IP_2019,oulad_DDD_2014B,UKZN,OULAD,D3_other_institution,zscore,gradient_boosting,1228,0.6135376047673864,0.5560215698022768,-0.5238095238095238,0.0
ukzn_ISTN2IP_2019,oulad_DDD_2014J,UKZN,OULAD,D3_other_institution,zscore,gradient_boosting,1803,0.7201815384307966,0.6029055690072639,-0.14285714285714288,0.2
ukzn_ISTN2IP_2019,oulad_FFF_2013B,UKZN,OULAD,D3_other_institution,zscore,gradient_boosting,1614,0.622712964784576,0.6451886392539211,0.4285714285714286,0.5
ukzn_ISTN2IP_2019,oulad_FFF_2013J,UKZN,OULAD,D3_other_institution,zscore,gradient_boosting,2283,0.6522585059114739,0.6393738711619507,0.14285714285714288,0.5
ukzn_ISTN2IP_2019,oulad_FFF_2014B,UKZN,OULAD,D3_other_institution,zscore,gradient_boosting,1500,0.7013378301197938,0.6022620169651273,-0.14285714285714288,0.5
ukzn_ISTN2IP_2019,oulad_FFF_2014J,UKZN,OULAD,D3_other_institution,zscore,gradient_boosting,2365,0.6878504263939582,0.6296079578700995,-0.04761904761904762,0.2
ukzn_ISTN2IP_2019,ku_Accountancy_1819,UKZN,KU Leuven,D3_other_institution,zscore,gradient_boosting,756,0.6288554090813978,0.7947826086956522,0.6190476190476191,0.5
ukzn_ISTN2IP_2019,ku_Globaleconom_1819,UKZN,KU Leuven,D3_other_institution,zscore,gradient_boosting,743,0.5981818181818181,0.7020872865275142,0.5238095238095238,0.5
ukzn_ISTN2IP_2019,ukzn_ISTN101_2019,UKZN,UKZN,D2_other_module,zscore,gradient_boosting,1056,0.6483440117670521,0.8523644752018454,0.5238095238095238,0.5
ukzn_ISTN2IP_2019,ukzn_ISTN101_2020,UKZN,UKZN,D2_other_module,zscore,gradient_boosting,978,0.6374750115331385,0.9186176142697882,0.5238095238095238,0.5
ukzn_ISTN2IP_2019,ukzn_ISTN101_2021,UKZN,UKZN,D2_other_module,zscore,gradient_boosting,741,0.7951140141405627,0.8927173061863743,0.5238095238095238,0.5
ukzn_ISTN2IP_2019,ukzn_ISTN102_2018,UKZN,UKZN,D2_other_module,zscore,gradient_boosting,257,0.6057033924680982,0.8098765432098766,0.5238095238095238,1.0
ukzn_ISTN2IP_2019,ukzn_ISTN103_2019,UKZN,UKZN,D2_other_module,zscore,gradient_boosting,1113,0.6496924969249692,0.810413129598189,0.5238095238095238,0.5
ukzn_ISTN2IP_2019,ukzn_ISTN103_2020,UKZN,UKZN,D2_other_module,zscore,gradient_boosting,1082,0.647502360505373,0.9137055837563451,0.5238095238095238,0.5
ukzn_ISTN2IP_2019,ukzn_ISTN211_2019,UKZN,UKZN,D2_other_module,zscore,gradient_boosting,280,0.6652550917523694,0.906187624750499,0.04761904761904762,0.5
ukzn_ISTN2IP_2019,ukzn_ISTN211_2021,UKZN,UKZN,D2_other_module,zscore,gradient_boosting,327,0.7554079696394687,0.8927335640138409,0.33333333333333337,0.5
ukzn_ISTN2IP_2019,ukzn_ISTN212_2018,UKZN,UKZN,D2_other_module,zscore,gradient_boosting,238,0.6598523898781631,0.8737864077669902,0.33333333333333337,1.0
ukzn_ISTN2IP_2019,ukzn_ISTN212_2019,UKZN,UKZN,D2_other_module,zscore,gradient_boosting,264,0.6747104247104246,0.8810572687224669,0.23809523809523814,1.0
ukzn_ISTN2IP_2019,ukzn_ISTN2IP_2018,UKZN,UKZN,D1_same_module,zscore,gradient_boosting,99,0.5383783783783784,0.8352941176470589,-0.04761904761904762,0.2
ukzn_ISTN2IP_2019,ukzn_ISTN2IP_2019,UKZN,UKZN,D0_within_cohort,zscore,gradient_boosting,116,0.5933441558441558,0.8235294117647058,1.0,1.0
ukzn_ISTN2IP_2019,ukzn_ISTN3ND_2018,UKZN,UKZN,D2_other_module,zscore,gradient_boosting,144,0.47035692679975805,0.7177033492822966,0.23809523809523814,0.5
ukzn_ISTN2IP_2019,ukzn_ISTN3ND_2019,UKZN,UKZN,D2_other_module,zscore,gradient_boosting,223,0.550850685627222,0.8616187989556136,-0.04761904761904762,0.5
ukzn_ISTN2IP_2019,ukzn_ISTN3SA_2018,UKZN,UKZN,D2_other_module,zscore,gradient_boosting,141,0.5885885885885885,0.8487394957983193,0.4285714285714286,1.0
ukzn_ISTN2IP_2019,ukzn_ISTN3SA_2019,UKZN,UKZN,D2_other_module,zscore,gradient_boosting,195,0.6030588235294118,0.8640483383685801,0.4285714285714286,0.5
ukzn_ISTN3ND_2018,oulad_BBB_2013B,UKZN,OULAD,D3_other_institution,zscore,gradient_boosting,1767,0.6532621445512937,0.6420253164556962,-0.04761904761904762,0.2
ukzn_ISTN3ND_2018,oulad_BBB_2013J,UKZN,OULAD,D3_other_institution,zscore,gradient_boosting,2237,0.4823285663954904,0.5703728585824656,-0.33333333333333337,0.2
ukzn_ISTN3ND_2018,oulad_BBB_2014B,UKZN,OULAD,D3_other_institution,zscore,gradient_boosting,1613,0.44659241572248737,0.5523091423185674,0.04761904761904762,0.5
ukzn_ISTN3ND_2018,oulad_BBB_2014J,UKZN,OULAD,D3_other_institution,zscore,gradient_boosting,2292,0.5778794316520467,0.5789996687644916,0.04761904761904762,0.2
ukzn_ISTN3ND_2018,oulad_DDD_2013B,UKZN,OULAD,D3_other_institution,zscore,gradient_boosting,1303,0.40208936033429765,0.4873417721518987,-0.4285714285714286,0.0
ukzn_ISTN3ND_2018,oulad_DDD_2013J,UKZN,OULAD,D3_other_institution,zscore,gradient_boosting,1938,0.3851533837089022,0.5076987099459009,-0.14285714285714288,0.2
ukzn_ISTN3ND_2018,oulad_DDD_2014B,UKZN,OULAD,D3_other_institution,zscore,gradient_boosting,1228,0.5415404255081933,0.5314787701317716,0.04761904761904762,0.2
ukzn_ISTN3ND_2018,oulad_DDD_2014J,UKZN,OULAD,D3_other_institution,zscore,gradient_boosting,1803,0.6552505769864821,0.6278158667972575,-0.23809523809523814,0.2
ukzn_ISTN3ND_2018,oulad_FFF_2013B,UKZN,OULAD,D3_other_institution,zscore,gradient_boosting,1614,0.6505723735982688,0.6237513873473918,-0.14285714285714288,0.2
ukzn_ISTN3ND_2018,oulad_FFF_2013J,UKZN,OULAD,D3_other_institution,zscore,gradient_boosting,2283,0.5710987346832096,0.5926196565582755,-0.4285714285714286,0.0
ukzn_ISTN3ND_2018,oulad_FFF_2014B,UKZN,OULAD,D3_other_institution,zscore,gradient_boosting,1500,0.5780539469784053,0.5736694677871148,-0.33333333333333337,0.0
ukzn_ISTN3ND_2018,oulad_FFF_2014J,UKZN,OULAD,D3_other_institution,zscore,gradient_boosting,2365,0.7148103034685399,0.6746031746031746,-0.7142857142857143,0.0
ukzn_ISTN3ND_2018,ku_Accountancy_1819,UKZN,KU Leuven,D3_other_institution,zscore,gradient_boosting,756,0.5547101904164051,0.7024390243902439,0.04761904761904762,0.2
ukzn_ISTN3ND_2018,ku_Globaleconom_1819,UKZN,KU Leuven,D3_other_institution,zscore,gradient_boosting,743,0.5351674641148325,0.632996632996633,0.33333333333333337,0.5
ukzn_ISTN3ND_2018,ukzn_ISTN101_2019,UKZN,UKZN,D2_other_module,zscore,gradient_boosting,1056,0.5893030763861189,0.7766624843161857,0.33333333333333337,0.5
ukzn_ISTN3ND_2018,ukzn_ISTN101_2020,UKZN,UKZN,D2_other_module,zscore,gradient_boosting,978,0.5823026734913557,0.8208588957055215,0.7142857142857143,0.5
ukzn_ISTN3ND_2018,ukzn_ISTN101_2021,UKZN,UKZN,D2_other_module,zscore,gradient_boosting,741,0.6042515334550733,0.7675021607605877,0.23809523809523814,0.5
ukzn_ISTN3ND_2018,ukzn_ISTN102_2018,UKZN,UKZN,D2_other_module,zscore,gradient_boosting,257,0.590958605664488,0.7191011235955056,0.04761904761904762,0.5
ukzn_ISTN3ND_2018,ukzn_ISTN103_2019,UKZN,UKZN,D2_other_module,zscore,gradient_boosting,1113,0.636469864698647,0.7552447552447552,0.33333333333333337,0.5
ukzn_ISTN3ND_2018,ukzn_ISTN103_2020,UKZN,UKZN,D2_other_module,zscore,gradient_boosting,1082,0.605489861067398,0.8722044728434505,0.4285714285714286,0.5
ukzn_ISTN3ND_2018,ukzn_ISTN211_2019,UKZN,UKZN,D2_other_module,zscore,gradient_boosting,280,0.6362169792296833,0.7928730512249443,0.33333333333333337,0.5
ukzn_ISTN3ND_2018,ukzn_ISTN211_2021,UKZN,UKZN,D2_other_module,zscore,gradient_boosting,327,0.35075901328273246,0.8237410071942446,0.14285714285714288,0.5
ukzn_ISTN3ND_2018,ukzn_ISTN212_2018,UKZN,UKZN,D2_other_module,zscore,gradient_boosting,238,0.6213683223992503,0.7564469914040115,-0.04761904761904762,0.2
ukzn_ISTN3ND_2018,ukzn_ISTN212_2019,UKZN,UKZN,D2_other_module,zscore,gradient_boosting,264,0.6315958815958816,0.7589743589743589,0.33333333333333337,1.0
ukzn_ISTN3ND_2018,ukzn_ISTN2IP_2018,UKZN,UKZN,D2_other_module,zscore,gradient_boosting,99,0.6891891891891893,0.7681159420289855,0.33333333333333337,0.5
ukzn_ISTN3ND_2018,ukzn_ISTN2IP_2019,UKZN,UKZN,D2_other_module,zscore,gradient_boosting,116,0.5529626623376623,0.718562874251497,-0.14285714285714288,0.2
ukzn_ISTN3ND_2018,ukzn_ISTN3ND_2018,UKZN,UKZN,D0_within_cohort,zscore,gradient_boosting,144,0.5297438999798346,0.6198830409356725,1.0,1.0
ukzn_ISTN3ND_2018,ukzn_ISTN3ND_2019,UKZN,UKZN,D1_same_module,zscore,gradient_boosting,223,0.44032503809040124,0.6993865030674846,-0.33333333333333337,0.2
ukzn_ISTN3ND_2018,ukzn_ISTN3SA_2018,UKZN,UKZN,D2_other_module,zscore,gradient_boosting,141,0.6112612612612613,0.7772511848341233,0.5238095238095238,0.5
ukzn_ISTN3ND_2018,ukzn_ISTN3SA_2019,UKZN,UKZN,D2_other_module,zscore,gradient_boosting,195,0.599764705882353,0.7987012987012987,0.5238095238095238,0.5
ukzn_ISTN3ND_2019,oulad_BBB_2013B,UKZN,OULAD,D3_other_institution,zscore,gradient_boosting,1767,0.6446268660572645,0.5992808629644427,-0.5238095238095238,0.0
ukzn_ISTN3ND_2019,oulad_BBB_2013J,UKZN,OULAD,D3_other_institution,zscore,gradient_boosting,2237,0.5868978604829929,0.636919315403423,0.7142857142857143,1.0
ukzn_ISTN3ND_2019,oulad_BBB_2014B,UKZN,OULAD,D3_other_institution,zscore,gradient_boosting,1613,0.6909614948720895,0.6019163763066202,0.04761904761904762,0.2
ukzn_ISTN3ND_2019,oulad_BBB_2014J,UKZN,OULAD,D3_other_institution,zscore,gradient_boosting,2292,0.6530218232212475,0.6503248670998228,0.33333333333333337,0.5
ukzn_ISTN3ND_2019,oulad_DDD_2013B,UKZN,OULAD,D3_other_institution,zscore,gradient_boosting,1303,0.6835299062878619,0.587515299877601,0.04761904761904762,0.5
ukzn_ISTN3ND_2019,oulad_DDD_2013J,UKZN,OULAD,D3_other_institution,zscore,gradient_boosting,1938,0.6846255170710961,0.5942249240121581,0.23809523809523814,0.5
ukzn_ISTN3ND_2019,oulad_DDD_2014B,UKZN,OULAD,D3_other_institution,zscore,gradient_boosting,1228,0.5635001156726714,0.538878842676311,0.23809523809523814,0.5
ukzn_ISTN3ND_2019,oulad_DDD_2014J,UKZN,OULAD,D3_other_institution,zscore,gradient_boosting,1803,0.7070151315329356,0.6040914560770156,0.04761904761904762,0.2
ukzn_ISTN3ND_2019,oulad_FFF_2013B,UKZN,OULAD,D3_other_institution,zscore,gradient_boosting,1614,0.6991895472653945,0.6900806834361651,-0.04761904761904762,0.2
ukzn_ISTN3ND_2019,oulad_FFF_2013J,UKZN,OULAD,D3_other_institution,zscore,gradient_boosting,2283,0.5912208077733192,0.6293706293706294,-0.14285714285714288,0.2
ukzn_ISTN3ND_2019,oulad_FFF_2014B,UKZN,OULAD,D3_other_institution,zscore,gradient_boosting,1500,0.5617142371729528,0.5884597043395327,0.04761904761904762,0.5
ukzn_ISTN3ND_2019,oulad_FFF_2014J,UKZN,OULAD,D3_other_institution,zscore,gradient_boosting,2365,0.5926997968459473,0.6273127753303964,0.5238095238095238,0.5
ukzn_ISTN3ND_2019,ku_Accountancy_1819,UKZN,KU Leuven,D3_other_institution,zscore,gradient_boosting,756,0.5846913580246913,0.8105515587529976,0.04761904761904762,0.2
ukzn_ISTN3ND_2019,ku_Globaleconom_1819,UKZN,KU Leuven,D3_other_institution,zscore,gradient_boosting,743,0.5554729481045271,0.7137809187279152,-0.23809523809523814,0.2
ukzn_ISTN3ND_2019,ukzn_ISTN101_2019,UKZN,UKZN,D2_other_module,zscore,gradient_boosting,1056,0.5985989230155564,0.8839719373988127,-0.04761904761904762,0.2
ukzn_ISTN3ND_2019,ukzn_ISTN101_2020,UKZN,UKZN,D2_other_module,zscore,gradient_boosting,978,0.5489773950484392,0.9273927392739274,0.04761904761904762,0.2
ukzn_ISTN3ND_2019,ukzn_ISTN101_2021,UKZN,UKZN,D2_other_module,zscore,gradient_boosting,741,0.7197171887437375,0.9145880574452003,-0.04761904761904762,0.2
ukzn_ISTN3ND_2019,ukzn_ISTN102_2018,UKZN,UKZN,D2_other_module,zscore,gradient_boosting,257,0.5739184562713974,0.8188235294117647,-0.14285714285714288,0.2
ukzn_ISTN3ND_2019,ukzn_ISTN103_2019,UKZN,UKZN,D2_other_module,zscore,gradient_boosting,1113,0.5682144321443214,0.8336864406779662,0.14285714285714288,0.5
ukzn_ISTN3ND_2019,ukzn_ISTN103_2020,UKZN,UKZN,D2_other_module,zscore,gradient_boosting,1082,0.5967807202913538,0.9104704097116844,0.04761904761904762,0.2
ukzn_ISTN3ND_2019,ukzn_ISTN211_2019,UKZN,UKZN,D2_other_module,zscore,gradient_boosting,280,0.6986287557975397,0.9281553398058252,-0.14285714285714288,0.2
ukzn_ISTN3ND_2019,ukzn_ISTN211_2021,UKZN,UKZN,D2_other_module,zscore,gradient_boosting,327,0.7466793168880456,0.8482632541133455,0.04761904761904762,0.5
ukzn_ISTN3ND_2019,ukzn_ISTN212_2018,UKZN,UKZN,D2_other_module,zscore,gradient_boosting,238,0.7101101218369259,0.8796068796068796,0.33333333333333337,0.2
ukzn_ISTN3ND_2019,ukzn_ISTN212_2019,UKZN,UKZN,D2_other_module,zscore,gradient_boosting,264,0.7532711282711283,0.8874172185430463,0.04761904761904762,0.2
ukzn_ISTN3ND_2019,ukzn_ISTN2IP_2018,UKZN,UKZN,D2_other_module,zscore,gradient_boosting,99,0.6462162162162163,0.8292682926829268,0.33333333333333337,0.5
ukzn_ISTN3ND_2019,ukzn_ISTN2IP_2019,UKZN,UKZN,D2_other_module,zscore,gradient_boosting,116,0.5637175324675325,0.8172043010752689,-0.14285714285714288,0.2
ukzn_ISTN3ND_2019,ukzn_ISTN3ND_2018,UKZN,UKZN,D1_same_module,zscore,gradient_boosting,144,0.5449687436983263,0.7431192660550459,-0.14285714285714288,0.2
ukzn_ISTN3ND_2019,ukzn_ISTN3ND_2019,UKZN,UKZN,D0_within_cohort,zscore,gradient_boosting,223,0.6691213814118842,0.8533333333333334,1.0,1.0
ukzn_ISTN3ND_2019,ukzn_ISTN3SA_2018,UKZN,UKZN,D2_other_module,zscore,gradient_boosting,141,0.6096096096096096,0.864406779661017,-0.4285714285714286,0.2
ukzn_ISTN3ND_2019,ukzn_ISTN3SA_2019,UKZN,UKZN,D2_other_module,zscore,gradient_boosting,195,0.5810588235294117,0.8823529411764706,-0.04761904761904762,0.2
ukzn_ISTN3SA_2018,oulad_BBB_2013B,UKZN,OULAD,D3_other_institution,zscore,gradient_boosting,1767,0.6959696005126005,0.6178137651821862,-0.14285714285714288,0.5
ukzn_ISTN3SA_2018,oulad_BBB_2013J,UKZN,OULAD,D3_other_institution,zscore,gradient_boosting,2237,0.6399517968099417,0.6342663795755152,-0.14285714285714288,0.5
ukzn_ISTN3SA_2018,oulad_BBB_2014B,UKZN,OULAD,D3_other_institution,zscore,gradient_boosting,1613,0.6808492801053216,0.6073752711496746,-0.33333333333333337,0.0
ukzn_ISTN3SA_2018,oulad_BBB_2014J,UKZN,OULAD,D3_other_institution,zscore,gradient_boosting,2292,0.6152591221978557,0.6399019307385841,-0.23809523809523814,0.2
ukzn_ISTN3SA_2018,oulad_DDD_2013B,UKZN,OULAD,D3_other_institution,zscore,gradient_boosting,1303,0.6552728531513488,0.5921375921375921,-0.04761904761904762,0.2
ukzn_ISTN3SA_2018,oulad_DDD_2013J,UKZN,OULAD,D3_other_institution,zscore,gradient_boosting,1938,0.6253582651428546,0.5910493827160493,-0.14285714285714288,0.2
ukzn_ISTN3SA_2018,oulad_DDD_2014B,UKZN,OULAD,D3_other_institution,zscore,gradient_boosting,1228,0.6178537284228658,0.5505403687221869,-0.4285714285714286,0.0
ukzn_ISTN3SA_2018,oulad_DDD_2014J,UKZN,OULAD,D3_other_institution,zscore,gradient_boosting,1803,0.6899091058957527,0.6082104424073336,-0.7142857142857143,0.0
ukzn_ISTN3SA_2018,oulad_FFF_2013B,UKZN,OULAD,D3_other_institution,zscore,gradient_boosting,1614,0.7161371237458194,0.7028948704926359,0.4285714285714286,1.0
ukzn_ISTN3SA_2018,oulad_FFF_2013J,UKZN,OULAD,D3_other_institution,zscore,gradient_boosting,2283,0.6928962378734068,0.6334426229508197,-0.04761904761904762,0.5
ukzn_ISTN3SA_2018,oulad_FFF_2014B,UKZN,OULAD,D3_other_institution,zscore,gradient_boosting,1500,0.6813598441306815,0.5974811083123426,-0.23809523809523814,0.5
ukzn_ISTN3SA_2018,oulad_FFF_2014J,UKZN,OULAD,D3_other_institution,zscore,gradient_boosting,2365,0.6878554478571264,0.6274384393987847,-0.14285714285714288,0.2
ukzn_ISTN3SA_2018,ku_Accountancy_1819,UKZN,KU Leuven,D3_other_institution,zscore,gradient_boosting,756,0.6277087256748273,0.7925531914893617,0.5238095238095238,0.5
ukzn_ISTN3SA_2018,ku_Globaleconom_1819,UKZN,KU Leuven,D3_other_institution,zscore,gradient_boosting,743,0.6135222672064778,0.6584269662921348,0.5238095238095238,0.5
ukzn_ISTN3SA_2018,ukzn_ISTN101_2019,UKZN,UKZN,D2_other_module,zscore,gradient_boosting,1056,0.611092067211807,0.7806090739589807,0.5238095238095238,0.5
ukzn_ISTN3SA_2018,ukzn_ISTN101_2020,UKZN,UKZN,D2_other_module,zscore,gradient_boosting,978,0.6663957294435536,0.8620485494375371,0.8095238095238096,1.0
ukzn_ISTN3SA_2018,ukzn_ISTN101_2021,UKZN,UKZN,D2_other_module,zscore,gradient_boosting,741,0.65073512197406,0.8428686543110395,0.33333333333333337,0.5
ukzn_ISTN3SA_2018,ukzn_ISTN102_2018,UKZN,UKZN,D2_other_module,zscore,gradient_boosting,257,0.6328586990351696,0.7759562841530054,0.14285714285714288,0.5
ukzn_ISTN3SA_2018,ukzn_ISTN103_2019,UKZN,UKZN,D2_other_module,zscore,gradient_boosting,1113,0.6183558835588355,0.7615480649188514,0.23809523809523814,0.5
ukzn_ISTN3SA_2018,ukzn_ISTN103_2020,UKZN,UKZN,D2_other_module,zscore,gradient_boosting,1082,0.6390809765747942,0.8887722980062959,0.4285714285714286,0.5
ukzn_ISTN3SA_2018,ukzn_ISTN211_2019,UKZN,UKZN,D2_other_module,zscore,gradient_boosting,280,0.7731397459165154,0.8625792811839323,0.23809523809523814,0.5
ukzn_ISTN3SA_2018,ukzn_ISTN211_2021,UKZN,UKZN,D2_other_module,zscore,gradient_boosting,327,0.7507590132827325,0.753968253968254,0.23809523809523814,0.2
ukzn_ISTN3SA_2018,ukzn_ISTN212_2018,UKZN,UKZN,D2_other_module,zscore,gradient_boosting,238,0.6553420805998126,0.8179419525065963,0.7142857142857143,0.5
ukzn_ISTN3SA_2018,ukzn_ISTN212_2019,UKZN,UKZN,D2_other_module,zscore,gradient_boosting,264,0.6717610467610469,0.8321513002364066,0.6190476190476191,0.5
ukzn_ISTN3SA_2018,ukzn_ISTN2IP_2018,UKZN,UKZN,D2_other_module,zscore,gradient_boosting,99,0.6786486486486487,0.8343558282208589,0.4285714285714286,0.2
ukzn_ISTN3SA_2018,ukzn_ISTN2IP_2019,UKZN,UKZN,D2_other_module,zscore,gradient_boosting,116,0.6016639610389611,0.7840909090909091,0.14285714285714288,0.2
ukzn_ISTN3SA_2018,ukzn_ISTN3ND_2018,UKZN,UKZN,D2_other_module,zscore,gradient_boosting,144,0.5957854406130267,0.7171717171717171,0.4285714285714286,0.5
ukzn_ISTN3SA_2018,ukzn_ISTN3ND_2019,UKZN,UKZN,D2_other_module,zscore,gradient_boosting,223,0.5351701371254444,0.746268656716418,0.14285714285714288,0.5
ukzn_ISTN3SA_2018,ukzn_ISTN3SA_2018,UKZN,UKZN,D0_within_cohort,zscore,gradient_boosting,141,0.5451951951951952,0.8189655172413793,1.0,1.0
ukzn_ISTN3SA_2018,ukzn_ISTN3SA_2019,UKZN,UKZN,D1_same_module,zscore,gradient_boosting,195,0.5688235294117647,0.7896440129449838,0.23809523809523814,0.5
ukzn_ISTN3SA_2019,oulad_BBB_2013B,UKZN,OULAD,D3_other_institution,zscore,gradient_boosting,1767,0.5809290110219457,0.6804835924006909,0.4285714285714286,0.5
ukzn_ISTN3SA_2019,oulad_BBB_2013J,UKZN,OULAD,D3_other_institution,zscore,gradient_boosting,2237,0.28037201332393824,0.6448484848484849,-0.04761904761904762,0.2
ukzn_ISTN3SA_2019,oulad_BBB_2014B,UKZN,OULAD,D3_other_institution,zscore,gradient_boosting,1613,0.264431272336607,0.6120689655172413,0.14285714285714288,0.5
ukzn_ISTN3SA_2019,oulad_BBB_2014J,UKZN,OULAD,D3_other_institution,zscore,gradient_boosting,2292,0.31794209917154,0.6651122121830371,0.14285714285714288,0.5
ukzn_ISTN3SA_2019,oulad_DDD_2013B,UKZN,OULAD,D3_other_institution,zscore,gradient_boosting,1303,0.567325618772099,0.6192519926425506,-0.33333333333333337,0.2
ukzn_ISTN3SA_2019,oulad_DDD_2013J,UKZN,OULAD,D3_other_institution,zscore,gradient_boosting,1938,0.5043992512190532,0.6335160532498042,-0.33333333333333337,0.2
ukzn_ISTN3SA_2019,oulad_DDD_2014B,UKZN,OULAD,D3_other_institution,zscore,gradient_boosting,1228,0.4804931279284,0.5970904490828589,0.23809523809523814,0.2
ukzn_ISTN3SA_2019,oulad_DDD_2014J,UKZN,OULAD,D3_other_institution,zscore,gradient_boosting,1803,0.5485898800067939,0.6479802143446002,0.04761904761904762,0.5
ukzn_ISTN3SA_2019,oulad_FFF_2013B,UKZN,OULAD,D3_other_institution,zscore,gradient_boosting,1614,0.6183410080169192,0.7084493964716806,-0.14285714285714288,0.5
ukzn_ISTN3SA_2019,oulad_FFF_2013J,UKZN,OULAD,D3_other_institution,zscore,gradient_boosting,2283,0.5376531679043094,0.7007822685788787,-0.04761904761904762,0.2
ukzn_ISTN3SA_2019,oulad_FFF_2014B,UKZN,OULAD,D3_other_institution,zscore,gradient_boosting,1500,0.5182844615062066,0.6563944530046225,-0.33333333333333337,0.0
ukzn_ISTN3SA_2019,oulad_FFF_2014J,UKZN,OULAD,D3_other_institution,zscore,gradient_boosting,2365,0.5130730206826895,0.685981308411215,-0.4285714285714286,0.2
ukzn_ISTN3SA_2019,ku_Accountancy_1819,UKZN,KU Leuven,D3_other_institution,zscore,gradient_boosting,756,0.5705461393596987,0.7986688851913477,0.04761904761904762,0.5
ukzn_ISTN3SA_2019,ku_Globaleconom_1819,UKZN,KU Leuven,D3_other_institution,zscore,gradient_boosting,743,0.5719028340080972,0.7091412742382271,0.04761904761904762,0.2
ukzn_ISTN3SA_2019,ukzn_ISTN101_2019,UKZN,UKZN,D2_other_module,zscore,gradient_boosting,1056,0.5692373853211009,0.8867102396514162,-0.14285714285714288,0.2
ukzn_ISTN3SA_2019,ukzn_ISTN101_2020,UKZN,UKZN,D2_other_module,zscore,gradient_boosting,978,0.5647942707761253,0.9423913043478261,-0.04761904761904762,0.2
ukzn_ISTN3SA_2019,ukzn_ISTN101_2021,UKZN,UKZN,D2_other_module,zscore,gradient_boosting,741,0.6644893945778901,0.9225037257824144,-0.23809523809523814,0.2
ukzn_ISTN3SA_2019,ukzn_ISTN102_2018,UKZN,UKZN,D2_other_module,zscore,gradient_boosting,257,0.5587457205104265,0.8341232227488151,0.04761904761904762,0.5
ukzn_ISTN3SA_2019,ukzn_ISTN103_2019,UKZN,UKZN,D2_other_module,zscore,gradient_boosting,1113,0.5021832718327184,0.827922077922078,-0.04761904761904762,0.5
ukzn_ISTN3SA_2019,ukzn_ISTN103_2020,UKZN,UKZN,D2_other_module,zscore,gradient_boosting,1082,0.604419765298323,0.9251769464105156,0.14285714285714288,0.5
ukzn_ISTN3SA_2019,ukzn_ISTN211_2019,UKZN,UKZN,D2_other_module,zscore,gradient_boosting,280,0.588626739261948,0.9325626204238922,0.23809523809523814,0.5
ukzn_ISTN3SA_2019,ukzn_ISTN211_2021,UKZN,UKZN,D2_other_module,zscore,gradient_boosting,327,0.5871916508538899,0.9353233830845771,-0.04761904761904762,0.2
ukzn_ISTN3SA_2019,ukzn_ISTN212_2018,UKZN,UKZN,D2_other_module,zscore,gradient_boosting,238,0.6189081537019681,0.8712871287128713,0.04761904761904762,0.5
ukzn_ISTN3SA_2019,ukzn_ISTN212_2019,UKZN,UKZN,D2_other_module,zscore,gradient_boosting,264,0.6549227799227799,0.9023861171366594,-0.14285714285714288,0.2
ukzn_ISTN3SA_2019,ukzn_ISTN2IP_2018,UKZN,UKZN,D2_other_module,zscore,gradient_boosting,99,0.5691891891891891,0.8263473053892215,-0.14285714285714288,0.2
ukzn_ISTN3SA_2019,ukzn_ISTN2IP_2019,UKZN,UKZN,D2_other_module,zscore,gradient_boosting,116,0.578327922077922,0.8673469387755102,-0.04761904761904762,0.2
ukzn_ISTN3SA_2019,ukzn_ISTN3ND_2018,UKZN,UKZN,D2_other_module,zscore,gradient_boosting,144,0.5724944545271226,0.7162790697674418,0.4285714285714286,0.5
ukzn_ISTN3SA_2019,ukzn_ISTN3ND_2019,UKZN,UKZN,D2_other_module,zscore,gradient_boosting,223,0.46305231081767395,0.8548812664907651,-0.23809523809523814,0.5
ukzn_ISTN3SA_2019,ukzn_ISTN3SA_2018,UKZN,UKZN,D1_same_module,zscore,gradient_boosting,141,0.545045045045045,0.8559322033898306,0.6190476190476191,0.5
ukzn_ISTN3SA_2019,ukzn_ISTN3SA_2019,UKZN,UKZN,D0_within_cohort,zscore,gradient_boosting,195,0.5842352941176471,0.9121813031161473,1.0,1.0
oulad_BBB_2013B,oulad_BBB_2013B,OULAD,OULAD,D0_within_cohort,zscore,logistic_regression,1767,0.8721450421913675,0.7798165137614679,1.0,1.0
oulad_BBB_2013B,oulad_BBB_2013J,OULAD,OULAD,D1_same_module,zscore,logistic_regression,2237,0.8620812247774005,0.768579492003763,0.04761904761904762,0.5
oulad_BBB_2013B,oulad_BBB_2014B,OULAD,OULAD,D1_same_module,zscore,logistic_regression,1613,0.8634257174883018,0.7695338148391333,0.6190476190476191,0.5
oulad_BBB_2013B,oulad_BBB_2014J,OULAD,OULAD,D1_same_module,zscore,logistic_regression,2292,0.8595923946150098,0.7896328293736501,0.6190476190476191,0.5
oulad_BBB_2013B,oulad_DDD_2013B,OULAD,OULAD,D2_other_module,zscore,logistic_regression,1303,0.8183863709418194,0.7380585516178737,0.5238095238095238,0.5
oulad_BBB_2013B,oulad_DDD_2013J,OULAD,OULAD,D2_other_module,zscore,logistic_regression,1938,0.8382517857511902,0.7730749617542071,0.6190476190476191,0.5
oulad_BBB_2013B,oulad_DDD_2014B,OULAD,OULAD,D2_other_module,zscore,logistic_regression,1228,0.8495112481220612,0.7468805704099821,0.4285714285714286,0.5
oulad_BBB_2013B,oulad_DDD_2014J,OULAD,OULAD,D2_other_module,zscore,logistic_regression,1803,0.8467089290531427,0.7606263982102909,0.5238095238095238,0.5
oulad_BBB_2013B,oulad_FFF_2013B,OULAD,OULAD,D2_other_module,zscore,logistic_regression,1614,0.8240811897501475,0.7568862275449102,0.6190476190476191,0.5
oulad_BBB_2013B,oulad_FFF_2013J,OULAD,OULAD,D2_other_module,zscore,logistic_regression,2283,0.864330519809972,0.7868708971553611,0.6190476190476191,0.5
oulad_BBB_2013B,oulad_FFF_2014B,OULAD,OULAD,D2_other_module,zscore,logistic_regression,1500,0.8497263611454514,0.7564191533657183,0.6190476190476191,0.5
oulad_BBB_2013B,oulad_FFF_2014J,OULAD,OULAD,D2_other_module,zscore,logistic_regression,2365,0.8863079763790374,0.8097269624573379,0.33333333333333337,0.5
oulad_BBB_2013B,ku_Accountancy_1819,OULAD,KU Leuven,D3_other_institution,zscore,logistic_regression,756,0.6172211759782382,0.6009280742459396,-0.14285714285714288,0.2
oulad_BBB_2013B,ku_Globaleconom_1819,OULAD,KU Leuven,D3_other_institution,zscore,logistic_regression,743,0.6136621273463378,0.6254635352286774,0.33333333333333337,0.2
oulad_BBB_2013B,ukzn_ISTN101_2019,OULAD,UKZN,D3_other_institution,zscore,logistic_regression,1056,0.6445951336258476,0.5853281853281853,0.33333333333333337,0.5
oulad_BBB_2013B,ukzn_ISTN101_2020,OULAD,UKZN,D3_other_institution,zscore,logistic_regression,978,0.7345401023703346,0.6244477172312224,-0.23809523809523814,0.5
oulad_BBB_2013B,ukzn_ISTN101_2021,OULAD,UKZN,D3_other_institution,zscore,logistic_regression,741,0.7615770005150536,0.5963114754098361,-0.14285714285714288,0.2
oulad_BBB_2013B,ukzn_ISTN102_2018,OULAD,UKZN,D3_other_institution,zscore,logistic_regression,257,0.6467475879240585,0.643312101910828,0.5238095238095238,0.5
oulad_BBB_2013B,ukzn_ISTN103_2019,OULAD,UKZN,D3_other_institution,zscore,logistic_regression,1113,0.6455248052480524,0.6568483063328424,-0.23809523809523814,0.2
oulad_BBB_2013B,ukzn_ISTN103_2020,OULAD,UKZN,D3_other_institution,zscore,logistic_regression,1082,0.6601276921001753,0.6203059805285118,0.33333333333333337,0.5
oulad_BBB_2013B,ukzn_ISTN211_2019,OULAD,UKZN,D3_other_institution,zscore,logistic_regression,280,0.7190965920548497,0.5141242937853108,0.14285714285714288,0.2
oulad_BBB_2013B,ukzn_ISTN211_2021,OULAD,UKZN,D3_other_institution,zscore,logistic_regression,327,0.776470588235294,0.6225165562913907,-0.04761904761904762,0.2
oulad_BBB_2013B,ukzn_ISTN212_2018,OULAD,UKZN,D3_other_institution,zscore,logistic_regression,238,0.7621251171508903,0.6464646464646465,0.33333333333333337,0.5
oulad_BBB_2013B,ukzn_ISTN212_2019,OULAD,UKZN,D3_other_institution,zscore,logistic_regression,264,0.7010939510939511,0.6227544910179641,0.33333333333333337,0.5
oulad_BBB_2013B,ukzn_ISTN2IP_2018,OULAD,UKZN,D3_other_institution,zscore,logistic_regression,99,0.6313513513513515,0.591304347826087,-0.23809523809523814,0.2
oulad_BBB_2013B,ukzn_ISTN2IP_2019,OULAD,UKZN,D3_other_institution,zscore,logistic_regression,116,0.7228084415584416,0.546875,0.33333333333333337,0.5
oulad_BBB_2013B,ukzn_ISTN3ND_2018,OULAD,UKZN,D3_other_institution,zscore,logistic_regression,144,0.519862875579754,0.5165562913907285,0.04761904761904762,0.2
oulad_BBB_2013B,ukzn_ISTN3ND_2019,OULAD,UKZN,D3_other_institution,zscore,logistic_regression,223,0.6368715083798883,0.5808823529411765,0.23809523809523814,0.5
oulad_BBB_2013B,ukzn_ISTN3SA_2018,OULAD,UKZN,D3_other_institution,zscore,logistic_regression,141,0.6861861861861861,0.588957055214724,0.4285714285714286,0.5
oulad_BBB_2013B,ukzn_ISTN3SA_2019,OULAD,UKZN,D3_other_institution,zscore,logistic_regression,195,0.5985882352941176,0.5657370517928287,0.33333333333333337,0.5
oulad_BBB_2013J,oulad_BBB_2013B,OULAD,OULAD,D1_same_module,zscore,logistic_regression,1767,0.8548725474491405,0.7879428873611846,-0.04761904761904762,0.5
oulad_BBB_2013J,oulad_BBB_2013J,OULAD,OULAD,D0_within_cohort,zscore,logistic_regression,2237,0.8627774485939401,0.7887323943661971,1.0,1.0
oulad_BBB_2013J,oulad_BBB_2014B,OULAD,OULAD,D1_same_module,zscore,logistic_regression,1613,0.8657280763582054,0.7839805825242718,0.6190476190476191,1.0
oulad_BBB_2013J,oulad_BBB_2014J,OULAD,OULAD,D1_same_module,zscore,logistic_regression,2292,0.8651685093810917,0.8037922506183017,0.5238095238095238,1.0
oulad_BBB_2013J,oulad_DDD_2013B,OULAD,OULAD,D2_other_module,zscore,logistic_regression,1303,0.8074895531983286,0.7133757961783439,0.33333333333333337,0.5
oulad_BBB_2013J,oulad_DDD_2013J,OULAD,OULAD,D2_other_module,zscore,logistic_regression,1938,0.8413550281119169,0.772683858643744,0.4285714285714286,0.5
oulad_BBB_2013J,oulad_DDD_2014B,OULAD,OULAD,D2_other_module,zscore,logistic_regression,1228,0.8545841219050593,0.7476190476190476,0.5238095238095238,1.0
oulad_BBB_2013J,oulad_DDD_2014J,OULAD,OULAD,D2_other_module,zscore,logistic_regression,1803,0.8484199062834077,0.7698833510074231,0.33333333333333337,0.5
oulad_BBB_2013J,oulad_FFF_2013B,OULAD,OULAD,D2_other_module,zscore,logistic_regression,1614,0.8224550585284282,0.776420605416888,0.4285714285714286,0.5
oulad_BBB_2013J,oulad_FFF_2013J,OULAD,OULAD,D2_other_module,zscore,logistic_regression,2283,0.8695094014728717,0.8078462770216173,0.7142857142857143,1.0
oulad_BBB_2013J,oulad_FFF_2014B,OULAD,OULAD,D2_other_module,zscore,logistic_regression,1500,0.8522241742034831,0.7617866004962779,0.33333333333333337,0.5
oulad_BBB_2013J,oulad_FFF_2014J,OULAD,OULAD,D2_other_module,zscore,logistic_regression,2365,0.8952698534306638,0.8291716210860087,0.7142857142857143,1.0
oulad_BBB_2013J,ku_Accountancy_1819,OULAD,KU Leuven,D3_other_institution,zscore,logistic_regression,756,0.6183594894329358,0.6975308641975309,0.23809523809523814,0.2
oulad_BBB_2013J,ku_Globaleconom_1819,OULAD,KU Leuven,D3_other_institution,zscore,logistic_regression,743,0.6081634155318365,0.6492622020431328,0.04761904761904762,0.2
oulad_BBB_2013J,ukzn_ISTN101_2019,OULAD,UKZN,D3_other_institution,zscore,logistic_regression,1056,0.6363557040287195,0.6657142857142857,-0.04761904761904762,0.2
oulad_BBB_2013J,ukzn_ISTN101_2020,OULAD,UKZN,D3_other_institution,zscore,logistic_regression,978,0.7075415742184925,0.6889818688981869,-0.33333333333333337,0.2
oulad_BBB_2013J,ukzn_ISTN101_2021,OULAD,UKZN,D3_other_institution,zscore,logistic_regression,741,0.782296202650185,0.669260700389105,-0.23809523809523814,0.2
oulad_BBB_2013J,ukzn_ISTN102_2018,OULAD,UKZN,D3_other_institution,zscore,logistic_regression,257,0.6409119203236849,0.6728395061728395,0.23809523809523814,0.5
oulad_BBB_2013J,ukzn_ISTN103_2019,OULAD,UKZN,D3_other_institution,zscore,logistic_regression,1113,0.6394116441164411,0.7145790554414785,-0.23809523809523814,0.2
oulad_BBB_2013J,ukzn_ISTN103_2020,OULAD,UKZN,D3_other_institution,zscore,logistic_regression,1082,0.6549570612832156,0.6697674418604651,-0.33333333333333337,0.2
oulad_BBB_2013J,ukzn_ISTN211_2019,OULAD,UKZN,D3_other_institution,zscore,logistic_regression,280,0.7334139947570074,0.6373056994818653,-0.23809523809523814,0.2
oulad_BBB_2013J,ukzn_ISTN211_2021,OULAD,UKZN,D3_other_institution,zscore,logistic_regression,327,0.7628083491461101,0.7104722792607803,0.14285714285714288,0.2
oulad_BBB_2013J,ukzn_ISTN212_2018,OULAD,UKZN,D3_other_institution,zscore,logistic_regression,238,0.748769915651359,0.7669616519174042,-0.14285714285714288,0.2
oulad_BBB_2013J,ukzn_ISTN212_2019,OULAD,UKZN,D3_other_institution,zscore,logistic_regression,264,0.6963749463749463,0.7374005305039788,0.04761904761904762,0.2
oulad_BBB_2013J,ukzn_ISTN2IP_2018,OULAD,UKZN,D3_other_institution,zscore,logistic_regression,99,0.6324324324324324,0.628099173553719,-0.04761904761904762,0.2
oulad_BBB_2013J,ukzn_ISTN2IP_2019,OULAD,UKZN,D3_other_institution,zscore,logistic_regression,116,0.703327922077922,0.647887323943662,-0.04761904761904762,0.2
oulad_BBB_2013J,ukzn_ISTN3ND_2018,OULAD,UKZN,D3_other_institution,zscore,logistic_regression,144,0.525509175236943,0.5818181818181818,-0.33333333333333337,0.2
oulad_BBB_2013J,ukzn_ISTN3ND_2019,OULAD,UKZN,D3_other_institution,zscore,logistic_regression,223,0.6956576942610462,0.7581699346405228,0.4285714285714286,0.5
oulad_BBB_2013J,ukzn_ISTN3SA_2018,OULAD,UKZN,D3_other_institution,zscore,logistic_regression,141,0.6582582582582582,0.655367231638418,-0.04761904761904762,0.5
oulad_BBB_2013J,ukzn_ISTN3SA_2019,OULAD,UKZN,D3_other_institution,zscore,logistic_regression,195,0.616,0.623574144486692,-0.04761904761904762,0.2
oulad_BBB_2014B,oulad_BBB_2013B,OULAD,OULAD,D1_same_module,zscore,logistic_regression,1767,0.8606703079220557,0.7803532008830022,0.5238095238095238,1.0
oulad_BBB_2014B,oulad_BBB_2013J,OULAD,OULAD,D1_same_module,zscore,logistic_regression,2237,0.8681794888219846,0.7834017327861377,0.5238095238095238,1.0
oulad_BBB_2014B,oulad_BBB_2014B,OULAD,OULAD,D0_within_cohort,zscore,logistic_regression,1613,0.865457941197475,0.7803030303030303,1.0,1.0
oulad_BBB_2014B,oulad_BBB_2014J,OULAD,OULAD,D1_same_module,zscore,logistic_regression,2292,0.8684914869639376,0.8045492839090144,0.9047619047619049,1.0
oulad_BBB_2014B,oulad_DDD_2013B,OULAD,OULAD,D2_other_module,zscore,logistic_regression,1303,0.8233266572707266,0.736764705882353,0.5238095238095238,0.5
oulad_BBB_2014B,oulad_DDD_2013J,OULAD,OULAD,D2_other_module,zscore,logistic_regression,1938,0.8500480224851827,0.7814634146341464,0.5238095238095238,0.5
oulad_BBB_2014B,oulad_DDD_2014B,OULAD,OULAD,D2_other_module,zscore,logistic_regression,1228,0.8589239375534811,0.7627829002514669,0.6190476190476191,1.0
oulad_BBB_2014B,oulad_DDD_2014J,OULAD,OULAD,D2_other_module,zscore,logistic_regression,1803,0.8482887729920371,0.7652173913043478,0.5238095238095238,0.5
oulad_BBB_2014B,oulad_FFF_2013B,OULAD,OULAD,D2_other_module,zscore,logistic_regression,1614,0.8291240409207162,0.780952380952381,0.4285714285714286,0.5
oulad_BBB_2014B,oulad_FFF_2013J,OULAD,OULAD,D2_other_module,zscore,logistic_regression,2283,0.8733906800116846,0.8036835496023441,0.9047619047619049,1.0
oulad_BBB_2014B,oulad_FFF_2014B,OULAD,OULAD,D2_other_module,zscore,logistic_regression,1500,0.8593669797066245,0.7823834196891192,0.5238095238095238,0.5
oulad_BBB_2014B,oulad_FFF_2014J,OULAD,OULAD,D2_other_module,zscore,logistic_regression,2365,0.8978867530932214,0.8282910874897792,0.5238095238095238,1.0
oulad_BBB_2014B,ku_Accountancy_1819,OULAD,KU Leuven,D3_other_institution,zscore,logistic_regression,756,0.597911697007742,0.5867287543655413,-0.04761904761904762,0.2
oulad_BBB_2014B,ku_Globaleconom_1819,OULAD,KU Leuven,D3_other_institution,zscore,logistic_regression,743,0.6050864924549135,0.6371061843640606,-0.04761904761904762,0.2
oulad_BBB_2014B,ukzn_ISTN101_2019,OULAD,UKZN,D3_other_institution,zscore,logistic_regression,1056,0.6392351416035101,0.5663304887509697,0.04761904761904762,0.2
oulad_BBB_2014B,ukzn_ISTN101_2020,OULAD,UKZN,D3_other_institution,zscore,logistic_regression,978,0.7125722194152149,0.6459985580389329,-0.4285714285714286,0.2
oulad_BBB_2014B,ukzn_ISTN101_2021,OULAD,UKZN,D3_other_institution,zscore,logistic_regression,741,0.7501521749309359,0.5016429353778752,-0.33333333333333337,0.2
oulad_BBB_2014B,ukzn_ISTN102_2018,OULAD,UKZN,D3_other_institution,zscore,logistic_regression,257,0.6402894491129786,0.6707692307692308,0.23809523809523814,0.5
oulad_BBB_2014B,ukzn_ISTN103_2019,OULAD,UKZN,D3_other_institution,zscore,logistic_regression,1113,0.6374641246412465,0.7068607068607069,-0.33333333333333337,0.2
oulad_BBB_2014B,ukzn_ISTN103_2020,OULAD,UKZN,D3_other_institution,zscore,logistic_regression,1082,0.6498583696776224,0.6750663129973474,-0.23809523809523814,0.2
oulad_BBB_2014B,ukzn_ISTN211_2019,OULAD,UKZN,D3_other_institution,zscore,logistic_regression,280,0.7326073805202662,0.4797687861271676,-0.23809523809523814,0.2
oulad_BBB_2014B,ukzn_ISTN211_2021,OULAD,UKZN,D3_other_institution,zscore,logistic_regression,327,0.7675521821631879,0.6638115631691649,-0.04761904761904762,0.2
oulad_BBB_2014B,ukzn_ISTN212_2018,OULAD,UKZN,D3_other_institution,zscore,logistic_regression,238,0.7587277413308341,0.7092651757188498,-0.23809523809523814,0.2
oulad_BBB_2014B,ukzn_ISTN212_2019,OULAD,UKZN,D3_other_institution,zscore,logistic_regression,264,0.7093522093522094,0.6666666666666666,-0.33333333333333337,0.2
oulad_BBB_2014B,ukzn_ISTN2IP_2018,OULAD,UKZN,D3_other_institution,zscore,logistic_regression,99,0.6205405405405405,0.603448275862069,-0.33333333333333337,0.2
oulad_BBB_2014B,ukzn_ISTN2IP_2019,OULAD,UKZN,D3_other_institution,zscore,logistic_regression,116,0.6895292207792209,0.4793388429752066,0.04761904761904762,0.2
oulad_BBB_2014B,ukzn_ISTN3ND_2018,OULAD,UKZN,D3_other_institution,zscore,logistic_regression,144,0.525509175236943,0.5625,-0.33333333333333337,0.2
oulad_BBB_2014B,ukzn_ISTN3ND_2019,OULAD,UKZN,D3_other_institution,zscore,logistic_regression,223,0.6813103098019299,0.711864406779661,0.23809523809523814,0.5
oulad_BBB_2014B,ukzn_ISTN3SA_2018,OULAD,UKZN,D3_other_institution,zscore,logistic_regression,141,0.6291291291291291,0.5903614457831325,0.14285714285714288,0.2
oulad_BBB_2014B,ukzn_ISTN3SA_2019,OULAD,UKZN,D3_other_institution,zscore,logistic_regression,195,0.5943529411764705,0.5859375,-0.14285714285714288,0.2
oulad_BBB_2014J,oulad_BBB_2013B,OULAD,OULAD,D1_same_module,zscore,logistic_regression,1767,0.8528650341303102,0.7876569037656904,0.5238095238095238,0.5
oulad_BBB_2014J,oulad_BBB_2013J,OULAD,OULAD,D1_same_module,zscore,logistic_regression,2237,0.8677879379924411,0.790273556231003,0.4285714285714286,1.0
oulad_BBB_2014J,oulad_BBB_2014B,OULAD,OULAD,D1_same_module,zscore,logistic_regression,1613,0.866696836934618,0.7839135654261705,0.8095238095238096,1.0
oulad_BBB_2014J,oulad_BBB_2014J,OULAD,OULAD,D0_within_cohort,zscore,logistic_regression,2292,0.8653904727095515,0.8050570962479608,1.0,1.0
oulad_BBB_2014J,oulad_DDD_2013B,OULAD,OULAD,D2_other_module,zscore,logistic_regression,1303,0.8249091313700764,0.7120786516853933,0.5238095238095238,0.5
oulad_BBB_2014J,oulad_DDD_2013J,OULAD,OULAD,D2_other_module,zscore,logistic_regression,1938,0.853188247054204,0.7696682464454976,0.5238095238095238,0.5
oulad_BBB_2014J,oulad_DDD_2014B,OULAD,OULAD,D2_other_module,zscore,logistic_regression,1228,0.8602256035186789,0.7433489827856025,0.5238095238095238,1.0
oulad_BBB_2014J,oulad_DDD_2014J,OULAD,OULAD,D2_other_module,zscore,logistic_regression,1803,0.8458034848984406,0.7652901202300052,0.4285714285714286,0.5
oulad_BBB_2014J,oulad_FFF_2013B,OULAD,OULAD,D2_other_module,zscore,logistic_regression,1614,0.8276777370647255,0.7689119170984456,0.5238095238095238,0.5
oulad_BBB_2014J,oulad_FFF_2013J,OULAD,OULAD,D2_other_module,zscore,logistic_regression,2283,0.8729417462294173,0.8089799133517133,0.9047619047619049,1.0
oulad_BBB_2014J,oulad_FFF_2014B,OULAD,OULAD,D2_other_module,zscore,logistic_regression,1500,0.8616930907092921,0.7639225181598063,0.5238095238095238,0.5
oulad_BBB_2014J,oulad_FFF_2014J,OULAD,OULAD,D2_other_module,zscore,logistic_regression,2365,0.8989147183389574,0.8292301680343884,0.4285714285714286,1.0
oulad_BBB_2014J,ku_Accountancy_1819,OULAD,KU Leuven,D3_other_institution,zscore,logistic_regression,756,0.5924963381460555,0.7438330170777988,0.04761904761904762,0.2
oulad_BBB_2014J,ku_Globaleconom_1819,OULAD,KU Leuven,D3_other_institution,zscore,logistic_regression,743,0.5972027972027971,0.6844919786096256,-0.14285714285714288,0.2
oulad_BBB_2014J,ukzn_ISTN101_2019,OULAD,UKZN,D3_other_institution,zscore,logistic_regression,1056,0.6339437076186677,0.7717948717948718,0.04761904761904762,0.2
oulad_BBB_2014J,ukzn_ISTN101_2020,OULAD,UKZN,D3_other_institution,zscore,logistic_regression,978,0.6977878341864194,0.7204884667571235,-0.33333333333333337,0.2
oulad_BBB_2014J,ukzn_ISTN101_2021,OULAD,UKZN,D3_other_institution,zscore,logistic_regression,741,0.7464765650606359,0.7069767441860465,-0.23809523809523814,0.2
oulad_BBB_2014J,ukzn_ISTN102_2018,OULAD,UKZN,D3_other_institution,zscore,logistic_regression,257,0.6355431061313415,0.7632311977715878,0.33333333333333337,0.5
oulad_BBB_2014J,ukzn_ISTN103_2019,OULAD,UKZN,D3_other_institution,zscore,logistic_regression,1113,0.6348359983599836,0.7598475222363406,-0.33333333333333337,0.2
oulad_BBB_2014J,ukzn_ISTN103_2020,OULAD,UKZN,D3_other_institution,zscore,logistic_regression,1082,0.6373499393012904,0.7214150347441567,-0.33333333333333337,0.2
oulad_BBB_2014J,ukzn_ISTN211_2019,OULAD,UKZN,D3_other_institution,zscore,logistic_regression,280,0.7168784029038113,0.6683544303797468,-0.23809523809523814,0.2
oulad_BBB_2014J,ukzn_ISTN211_2021,OULAD,UKZN,D3_other_institution,zscore,logistic_regression,327,0.7776091081593928,0.7884615384615384,0.04761904761904762,0.2
oulad_BBB_2014J,ukzn_ISTN212_2018,OULAD,UKZN,D3_other_institution,zscore,logistic_regression,238,0.7486527647610123,0.8088642659279779,-0.23809523809523814,0.2
oulad_BBB_2014J,ukzn_ISTN212_2019,OULAD,UKZN,D3_other_institution,zscore,logistic_regression,264,0.6994851994851995,0.8117359413202934,-0.33333333333333337,0.2
oulad_BBB_2014J,ukzn_ISTN2IP_2018,OULAD,UKZN,D3_other_institution,zscore,logistic_regression,99,0.6194594594594595,0.628099173553719,-0.23809523809523814,0.2
oulad_BBB_2014J,ukzn_ISTN2IP_2019,OULAD,UKZN,D3_other_institution,zscore,logistic_regression,116,0.6676136363636364,0.6530612244897959,-0.04761904761904762,0.2
oulad_BBB_2014J,ukzn_ISTN3ND_2018,OULAD,UKZN,D3_other_institution,zscore,logistic_regression,144,0.5051421657592257,0.6333333333333333,-0.4285714285714286,0.2
oulad_BBB_2014J,ukzn_ISTN3ND_2019,OULAD,UKZN,D3_other_institution,zscore,logistic_regression,223,0.6992127983748095,0.779874213836478,0.04761904761904762,0.5
oulad_BBB_2014J,ukzn_ISTN3SA_2018,OULAD,UKZN,D3_other_institution,zscore,logistic_regression,141,0.5957957957957958,0.7150259067357513,0.04761904761904762,0.2
oulad_BBB_2014J,ukzn_ISTN3SA_2019,OULAD,UKZN,D3_other_institution,zscore,logistic_regression,195,0.5851764705882352,0.7353951890034365,-0.23809523809523814,0.2
oulad_DDD_2013B,oulad_BBB_2013B,OULAD,OULAD,D2_other_module,zscore,logistic_regression,1767,0.8614247402117579,0.756722951844903,0.4285714285714286,0.5
oulad_DDD_2013B,oulad_BBB_2013J,OULAD,OULAD,D2_other_module,zscore,logistic_regression,2237,0.8656620331817309,0.7437686939182453,0.5238095238095238,0.5
oulad_DDD_2013B,oulad_BBB_2014B,OULAD,OULAD,D2_other_module,zscore,logistic_regression,1613,0.8662171141491829,0.7470049330514447,0.7142857142857143,1.0
oulad_DDD_2013B,oulad_BBB_2014J,OULAD,OULAD,D2_other_module,zscore,logistic_regression,2292,0.8656908656189085,0.7433628318584071,0.8095238095238096,1.0
oulad_DDD_2013B,oulad_DDD_2013B,OULAD,OULAD,D0_within_cohort,zscore,logistic_regression,1303,0.8404816655539896,0.7192825112107624,1.0,1.0
oulad_DDD_2013B,oulad_DDD_2013J,OULAD,OULAD,D1_same_module,zscore,logistic_regression,1938,0.8654521999519231,0.763471355643789,0.7142857142857143,0.5
oulad_DDD_2013B,oulad_DDD_2014B,OULAD,OULAD,D1_same_module,zscore,logistic_regression,1228,0.8702960941659165,0.7594202898550725,0.7142857142857143,0.5
oulad_DDD_2013B,oulad_DDD_2014J,OULAD,OULAD,D1_same_module,zscore,logistic_regression,1803,0.8580063743268492,0.7396923076923076,0.9047619047619049,1.0
oulad_DDD_2013B,oulad_FFF_2013B,OULAD,OULAD,D2_other_module,zscore,logistic_regression,1614,0.8384120475113122,0.7061224489795919,0.7142857142857143,0.5
oulad_DDD_2013B,oulad_FFF_2013J,OULAD,OULAD,D2_other_module,zscore,logistic_regression,2283,0.8717848192734038,0.7671488567428838,0.7142857142857143,1.0
oulad_DDD_2013B,oulad_FFF_2014B,OULAD,OULAD,D2_other_module,zscore,logistic_regression,1500,0.8741098603971921,0.7651912978244562,0.7142857142857143,0.5
oulad_DDD_2013B,oulad_FFF_2014J,OULAD,OULAD,D2_other_module,zscore,logistic_regression,2365,0.901898902164681,0.8142222222222222,0.7142857142857143,1.0
oulad_DDD_2013B,ku_Accountancy_1819,OULAD,KU Leuven,D3_other_institution,zscore,logistic_regression,756,0.6170872567482737,0.17785234899328858,0.14285714285714288,0.5
oulad_DDD_2013B,ku_Globaleconom_1819,OULAD,KU Leuven,D3_other_institution,zscore,logistic_regression,743,0.6154214206845786,0.5329512893982808,0.33333333333333337,0.2
oulad_DDD_2013B,ukzn_ISTN101_2019,OULAD,UKZN,D3_other_institution,zscore,logistic_regression,1056,0.6703355604307937,0.28820116054158607,0.7142857142857143,0.5
oulad_DDD_2013B,ukzn_ISTN101_2020,OULAD,UKZN,D3_other_institution,zscore,logistic_regression,978,0.7299268469497595,0.5361635220125787,-0.23809523809523814,0.2
oulad_DDD_2013B,ukzn_ISTN101_2021,OULAD,UKZN,D3_other_institution,zscore,logistic_regression,741,0.7654867256637168,0.13204951856946354,-0.04761904761904762,0.5
oulad_DDD_2013B,ukzn_ISTN102_2018,OULAD,UKZN,D3_other_institution,zscore,logistic_regression,257,0.650871459694989,0.48148148148148145,0.7142857142857143,0.5
oulad_DDD_2013B,ukzn_ISTN103_2019,OULAD,UKZN,D3_other_institution,zscore,logistic_regression,1113,0.6497355473554736,0.5391014975041597,-0.14285714285714288,0.2
oulad_DDD_2013B,ukzn_ISTN103_2020,OULAD,UKZN,D3_other_institution,zscore,logistic_regression,1082,0.6654422013398679,0.5458579881656804,0.04761904761904762,0.5
oulad_DDD_2013B,ukzn_ISTN211_2019,OULAD,UKZN,D3_other_institution,zscore,logistic_regression,280,0.7445049405122001,0.21768707482993196,-0.23809523809523814,0.2
oulad_DDD_2013B,ukzn_ISTN211_2021,OULAD,UKZN,D3_other_institution,zscore,logistic_regression,327,0.7713472485768501,0.44221105527638194,0.04761904761904762,0.2
oulad_DDD_2013B,ukzn_ISTN212_2018,OULAD,UKZN,D3_other_institution,zscore,logistic_regression,238,0.7734887535145267,0.4291497975708502,-0.04761904761904762,0.2
oulad_DDD_2013B,ukzn_ISTN212_2019,OULAD,UKZN,D3_other_institution,zscore,logistic_regression,264,0.7412054912054913,0.43356643356643354,0.23809523809523814,0.5
oulad_DDD_2013B,ukzn_ISTN2IP_2018,OULAD,UKZN,D3_other_institution,zscore,logistic_regression,99,0.6432432432432433,0.5242718446601942,-0.14285714285714288,0.2
oulad_DDD_2013B,ukzn_ISTN2IP_2019,OULAD,UKZN,D3_other_institution,zscore,logistic_regression,116,0.7073863636363636,0.20408163265306123,0.4285714285714286,0.5
oulad_DDD_2013B,ukzn_ISTN3ND_2018,OULAD,UKZN,D3_other_institution,zscore,logistic_regression,144,0.5519257914902198,0.4409448818897638,-0.04761904761904762,0.5
oulad_DDD_2013B,ukzn_ISTN3ND_2019,OULAD,UKZN,D3_other_institution,zscore,logistic_regression,223,0.7131792788217368,0.43103448275862066,0.23809523809523814,0.5
oulad_DDD_2013B,ukzn_ISTN3SA_2018,OULAD,UKZN,D3_other_institution,zscore,logistic_regression,141,0.6315315315315316,0.31343283582089554,0.33333333333333337,0.5
oulad_DDD_2013B,ukzn_ISTN3SA_2019,OULAD,UKZN,D3_other_institution,zscore,logistic_regression,195,0.6235294117647059,0.41284403669724773,0.33333333333333337,0.5
oulad_DDD_2013J,oulad_BBB_2013B,OULAD,OULAD,D2_other_module,zscore,logistic_regression,1767,0.8598577430072912,0.7713598074608905,0.7142857142857143,1.0
oulad_DDD_2013J,oulad_BBB_2013J,OULAD,OULAD,D2_other_module,zscore,logistic_regression,2237,0.863813977323682,0.7511002444987775,0.6190476190476191,0.5
oulad_DDD_2013J,oulad_BBB_2014B,OULAD,OULAD,D2_other_module,zscore,logistic_regression,1613,0.865386526154983,0.7503448275862069,0.6190476190476191,0.5
oulad_DDD_2013J,oulad_BBB_2014J,OULAD,OULAD,D2_other_module,zscore,logistic_regression,2292,0.8647695084064327,0.7517146776406035,0.8095238095238096,1.0
oulad_DDD_2013J,oulad_DDD_2013B,OULAD,OULAD,D1_same_module,zscore,logistic_regression,1303,0.8417995697648541,0.7340513670256835,0.8095238095238096,1.0
oulad_DDD_2013J,oulad_DDD_2013J,OULAD,OULAD,D0_within_cohort,zscore,logistic_regression,1938,0.8611910881579706,0.7740881872618399,1.0,1.0
oulad_DDD_2013J,oulad_DDD_2014B,OULAD,OULAD,D1_same_module,zscore,logistic_regression,1228,0.8674168202000719,0.7647593097184378,0.7142857142857143,0.5
oulad_DDD_2013J,oulad_DDD_2014J,OULAD,OULAD,D1_same_module,zscore,logistic_regression,1803,0.8575068189311513,0.7535377358490566,0.9047619047619049,1.0
oulad_DDD_2013J,oulad_FFF_2013B,OULAD,OULAD,D2_other_module,zscore,logistic_regression,1614,0.8425496139091089,0.75,0.6190476190476191,0.5
oulad_DDD_2013J,oulad_FFF_2013J,OULAD,OULAD,D2_other_module,zscore,logistic_regression,2283,0.8747912919145796,0.7838695061169008,0.7142857142857143,1.0
oulad_DDD_2013J,oulad_FFF_2014B,OULAD,OULAD,D2_other_module,zscore,logistic_regression,1500,0.87474967647718,0.7733142037302726,0.7142857142857143,0.5
oulad_DDD_2013J,oulad_FFF_2014J,OULAD,OULAD,D2_other_module,zscore,logistic_regression,2365,0.9042754889470421,0.828212894850714,0.7142857142857143,1.0
oulad_DDD_2013J,ku_Accountancy_1819,OULAD,KU Leuven,D3_other_institution,zscore,logistic_regression,756,0.6265704122201298,0.5370138017565872,0.33333333333333337,0.5
oulad_DDD_2013J,ku_Globaleconom_1819,OULAD,KU Leuven,D3_other_institution,zscore,logistic_regression,743,0.6174383511225617,0.5883870967741935,0.33333333333333337,0.5
oulad_DDD_2013J,ukzn_ISTN101_2019,OULAD,UKZN,D3_other_institution,zscore,logistic_regression,1056,0.6706222576785001,0.4869857262804366,0.5238095238095238,0.5
oulad_DDD_2013J,ukzn_ISTN101_2020,OULAD,UKZN,D3_other_institution,zscore,logistic_regression,978,0.7368467300806221,0.5654853620955316,-0.14285714285714288,0.2
oulad_DDD_2013J,ukzn_ISTN101_2021,OULAD,UKZN,D3_other_institution,zscore,logistic_regression,741,0.7730720606826801,0.45979614949037373,-0.04761904761904762,0.5
oulad_DDD_2013J,ukzn_ISTN102_2018,OULAD,UKZN,D3_other_institution,zscore,logistic_regression,257,0.6551509492685963,0.581081081081081,0.6190476190476191,1.0
oulad_DDD_2013J,ukzn_ISTN103_2019,OULAD,UKZN,D3_other_institution,zscore,logistic_regression,1113,0.6577265272652726,0.592,-0.14285714285714288,0.2
oulad_DDD_2013J,ukzn_ISTN103_2020,OULAD,UKZN,D3_other_institution,zscore,logistic_regression,1082,0.6716559507216402,0.6005665722379604,0.14285714285714288,0.5
oulad_DDD_2013J,ukzn_ISTN211_2019,OULAD,UKZN,D3_other_institution,zscore,logistic_regression,280,0.7541843113530954,0.4169184290030212,-0.23809523809523814,0.2
oulad_DDD_2013J,ukzn_ISTN211_2021,OULAD,UKZN,D3_other_institution,zscore,logistic_regression,327,0.7753320683111955,0.5831435079726651,0.14285714285714288,0.2
oulad_DDD_2013J,ukzn_ISTN212_2018,OULAD,UKZN,D3_other_institution,zscore,logistic_regression,238,0.7691541705716963,0.6438356164383562,-0.04761904761904762,0.2
oulad_DDD_2013J,ukzn_ISTN212_2019,OULAD,UKZN,D3_other_institution,zscore,logistic_regression,264,0.7431359931359932,0.622356495468278,-0.04761904761904762,0.2
oulad_DDD_2013J,ukzn_ISTN2IP_2018,OULAD,UKZN,D3_other_institution,zscore,logistic_regression,99,0.6513513513513514,0.5384615384615384,-0.14285714285714288,0.2
oulad_DDD_2013J,ukzn_ISTN2IP_2019,OULAD,UKZN,D3_other_institution,zscore,logistic_regression,116,0.713474025974026,0.5,0.4285714285714286,0.5
oulad_DDD_2013J,ukzn_ISTN3ND_2018,OULAD,UKZN,D3_other_institution,zscore,logistic_regression,144,0.5610002016535592,0.4714285714285714,0.04761904761904762,0.5
oulad_DDD_2013J,ukzn_ISTN3ND_2019,OULAD,UKZN,D3_other_institution,zscore,logistic_regression,223,0.7108938547486033,0.599250936329588,0.14285714285714288,0.5
oulad_DDD_2013J,ukzn_ISTN3SA_2018,OULAD,UKZN,D3_other_institution,zscore,logistic_regression,141,0.6435435435435436,0.5032258064516129,0.4285714285714286,0.5
oulad_DDD_2013J,ukzn_ISTN3SA_2019,OULAD,UKZN,D3_other_institution,zscore,logistic_regression,195,0.6223529411764706,0.5394190871369294,0.23809523809523814,0.5
oulad_DDD_2014B,oulad_BBB_2013B,OULAD,OULAD,D2_other_module,zscore,logistic_regression,1767,0.8586408333893129,0.7630769230769231,0.14285714285714288,0.5
oulad_DDD_2014B,oulad_BBB_2013J,OULAD,OULAD,D2_other_module,zscore,logistic_regression,2237,0.8667045672922941,0.7480237154150198,0.7142857142857143,0.5
oulad_DDD_2014B,oulad_BBB_2014B,OULAD,OULAD,D2_other_module,zscore,logistic_regression,1613,0.8657637838794514,0.7517433751743375,0.7142857142857143,1.0
oulad_DDD_2014B,oulad_BBB_2014J,OULAD,OULAD,D2_other_module,zscore,logistic_regression,2292,0.8656505086500975,0.7444444444444445,0.8095238095238096,1.0
oulad_DDD_2014B,oulad_DDD_2013B,OULAD,OULAD,D1_same_module,zscore,logistic_regression,1303,0.8444922483495289,0.7301310043668122,0.9047619047619049,0.5
oulad_DDD_2014B,oulad_DDD_2013J,OULAD,OULAD,D1_same_module,zscore,logistic_regression,1938,0.8643840667594123,0.7615819209039548,0.6190476190476191,0.5
oulad_DDD_2014B,oulad_DDD_2014B,OULAD,OULAD,D0_within_cohort,zscore,logistic_regression,1228,0.8677652318609922,0.7571157495256167,1.0,1.0
oulad_DDD_2014B,oulad_DDD_2014J,OULAD,OULAD,D1_same_module,zscore,logistic_regression,1803,0.8559057438879398,0.7425802543912781,0.8095238095238096,0.5
oulad_DDD_2014B,oulad_FFF_2013B,OULAD,OULAD,D2_other_module,zscore,logistic_regression,1614,0.8289088628762541,0.6979591836734694,0.6190476190476191,0.5
oulad_DDD_2014B,oulad_FFF_2013J,OULAD,OULAD,D2_other_module,zscore,logistic_regression,2283,0.8681610626816106,0.7704460966542751,0.7142857142857143,1.0
oulad_DDD_2014B,oulad_FFF_2014B,OULAD,OULAD,D2_other_module,zscore,logistic_regression,1500,0.8708204104944297,0.7574850299401198,0.7142857142857143,0.5
oulad_DDD_2014B,oulad_FFF_2014J,OULAD,OULAD,D2_other_module,zscore,logistic_regression,2365,0.9006822733741937,0.8197443807844865,0.7142857142857143,1.0
oulad_DDD_2014B,ku_Accountancy_1819,OULAD,KU Leuven,D3_other_institution,zscore,logistic_regression,756,0.6096379995815024,0.04036697247706422,0.23809523809523814,0.5
oulad_DDD_2014B,ku_Globaleconom_1819,OULAD,KU Leuven,D3_other_institution,zscore,logistic_regression,743,0.6119764446080236,0.5529573590096286,0.4285714285714286,0.2
oulad_DDD_2014B,ukzn_ISTN101_2019,OULAD,UKZN,D3_other_institution,zscore,logistic_regression,1056,0.6659478460311128,0.23246492985971945,0.4285714285714286,0.5
oulad_DDD_2014B,ukzn_ISTN101_2020,OULAD,UKZN,D3_other_institution,zscore,logistic_regression,978,0.7254673667098701,0.5380392156862746,-0.23809523809523814,0.2
oulad_DDD_2014B,ukzn_ISTN101_2021,OULAD,UKZN,D3_other_institution,zscore,logistic_regression,741,0.7591890246757502,0.03762662807525326,0.04761904761904762,0.5
oulad_DDD_2014B,ukzn_ISTN102_2018,OULAD,UKZN,D3_other_institution,zscore,logistic_regression,257,0.647836912542795,0.47191011235955055,0.6190476190476191,0.5
oulad_DDD_2014B,ukzn_ISTN103_2019,OULAD,UKZN,D3_other_institution,zscore,logistic_regression,1113,0.6452173021730218,0.5448504983388704,-0.23809523809523814,0.2
oulad_DDD_2014B,ukzn_ISTN103_2020,OULAD,UKZN,D3_other_institution,zscore,logistic_regression,1082,0.6641023335281687,0.5595325054784515,0.04761904761904762,0.2
oulad_DDD_2014B,ukzn_ISTN211_2019,OULAD,UKZN,D3_other_institution,zscore,logistic_regression,280,0.7459165154264973,0.16783216783216784,-0.33333333333333337,0.2
oulad_DDD_2014B,ukzn_ISTN211_2021,OULAD,UKZN,D3_other_institution,zscore,logistic_regression,327,0.762618595825427,0.41025641025641024,0.14285714285714288,0.2
oulad_DDD_2014B,ukzn_ISTN212_2018,OULAD,UKZN,D3_other_institution,zscore,logistic_regression,238,0.7675140581068416,0.3130434782608696,-0.23809523809523814,0.2
oulad_DDD_2014B,ukzn_ISTN212_2019,OULAD,UKZN,D3_other_institution,zscore,logistic_regression,264,0.7391677391677391,0.41134751773049644,-0.04761904761904762,0.2
oulad_DDD_2014B,ukzn_ISTN2IP_2018,OULAD,UKZN,D3_other_institution,zscore,logistic_regression,99,0.6367567567567568,0.5098039215686274,-0.04761904761904762,0.2
oulad_DDD_2014B,ukzn_ISTN2IP_2019,OULAD,UKZN,D3_other_institution,zscore,logistic_regression,116,0.6988636363636364,0.06593406593406594,0.4285714285714286,0.5
oulad_DDD_2014B,ukzn_ISTN3ND_2018,OULAD,UKZN,D3_other_institution,zscore,logistic_regression,144,0.5422464206493245,0.4132231404958678,-0.14285714285714288,0.5
oulad_DDD_2014B,ukzn_ISTN3ND_2019,OULAD,UKZN,D3_other_institution,zscore,logistic_regression,223,0.7178770949720671,0.3470319634703196,0.14285714285714288,0.5
oulad_DDD_2014B,ukzn_ISTN3SA_2018,OULAD,UKZN,D3_other_institution,zscore,logistic_regression,141,0.6306306306306306,0.2748091603053435,0.14285714285714288,0.2
oulad_DDD_2014B,ukzn_ISTN3SA_2019,OULAD,UKZN,D3_other_institution,zscore,logistic_regression,195,0.6256470588235294,0.36792452830188677,0.23809523809523814,0.2
oulad_DDD_2014J,oulad_BBB_2013B,OULAD,OULAD,D2_other_module,zscore,logistic_regression,1767,0.8621145806958347,0.7741176470588236,0.5238095238095238,0.5
oulad_DDD_2014J,oulad_BBB_2013J,OULAD,OULAD,D2_other_module,zscore,logistic_regression,2237,0.8638780347191083,0.7679164689131467,0.33333333333333337,0.5
oulad_DDD_2014J,oulad_BBB_2014B,OULAD,OULAD,D2_other_module,zscore,logistic_regression,1613,0.8653647911420508,0.7633689839572193,0.6190476190476191,0.5
oulad_DDD_2014J,oulad_BBB_2014J,OULAD,OULAD,D2_other_module,zscore,logistic_regression,2292,0.8645776224415205,0.7823426573426573,0.8095238095238096,0.5
oulad_DDD_2014J,oulad_DDD_2013B,OULAD,OULAD,D1_same_module,zscore,logistic_regression,1303,0.841722918675667,0.7399030694668821,0.9047619047619049,1.0
oulad_DDD_2014J,oulad_DDD_2013J,OULAD,OULAD,D1_same_module,zscore,logistic_regression,1938,0.8642415764862769,0.7790697674418605,0.7142857142857143,1.0
oulad_DDD_2014J,oulad_DDD_2014B,OULAD,OULAD,D1_same_module,zscore,logistic_regression,1228,0.8656859110686205,0.7571942446043165,0.6190476190476191,0.5
oulad_DDD_2014J,oulad_DDD_2014J,OULAD,OULAD,D0_within_cohort,zscore,logistic_regression,1803,0.8555073484598708,0.7592165898617511,1.0,1.0
oulad_DDD_2014J,oulad_FFF_2013B,OULAD,OULAD,D2_other_module,zscore,logistic_regression,1614,0.8429353974031084,0.7556368068251066,0.8095238095238096,1.0
oulad_DDD_2014J,oulad_FFF_2013J,OULAD,OULAD,D2_other_module,zscore,logistic_regression,2283,0.8753455406423443,0.7971966710468682,0.5238095238095238,0.5
oulad_DDD_2014J,oulad_FFF_2014B,OULAD,OULAD,D2_other_module,zscore,logistic_regression,1500,0.8751545318498276,0.7797081306462822,1.0,1.0
oulad_DDD_2014J,oulad_FFF_2014J,OULAD,OULAD,D2_other_module,zscore,logistic_regression,2365,0.9045100630121894,0.8321976149914821,0.5238095238095238,0.5
oulad_DDD_2014J,ku_Accountancy_1819,OULAD,KU Leuven,D3_other_institution,zscore,logistic_regression,756,0.6278677547604101,0.5796407185628742,0.4285714285714286,0.5
oulad_DDD_2014J,ku_Globaleconom_1819,OULAD,KU Leuven,D3_other_institution,zscore,logistic_regression,743,0.6195730585204271,0.6053639846743295,0.4285714285714286,0.5
oulad_DDD_2014J,ukzn_ISTN101_2019,OULAD,UKZN,D3_other_institution,zscore,logistic_regression,1056,0.6693196549660949,0.5403225806451613,0.6190476190476191,0.5
oulad_DDD_2014J,ukzn_ISTN101_2020,OULAD,UKZN,D3_other_institution,zscore,logistic_regression,978,0.7345181344873795,0.6043380703066566,-0.23809523809523814,0.2
oulad_DDD_2014J,ukzn_ISTN101_2021,OULAD,UKZN,D3_other_institution,zscore,logistic_regression,741,0.7923397480919604,0.5526036131774708,0.04761904761904762,0.5
oulad_DDD_2014J,ukzn_ISTN102_2018,OULAD,UKZN,D3_other_institution,zscore,logistic_regression,257,0.6560068471833178,0.6066666666666667,0.33333333333333337,0.5
oulad_DDD_2014J,ukzn_ISTN103_2019,OULAD,UKZN,D3_other_institution,zscore,logistic_regression,1113,0.6549507995079951,0.6260601387818041,-0.04761904761904762,0.2
oulad_DDD_2014J,ukzn_ISTN103_2020,OULAD,UKZN,D3_other_institution,zscore,logistic_regression,1082,0.6674205296524438,0.6226546212647672,0.23809523809523814,0.5
oulad_DDD_2014J,ukzn_ISTN211_2019,OULAD,UKZN,D3_other_institution,zscore,logistic_regression,280,0.7287759628957452,0.4391691394658754,-0.23809523809523814,0.2
oulad_DDD_2014J,ukzn_ISTN211_2021,OULAD,UKZN,D3_other_institution,zscore,logistic_regression,327,0.7977229601518027,0.6022471910112359,0.33333333333333337,0.5
oulad_DDD_2014J,ukzn_ISTN212_2018,OULAD,UKZN,D3_other_institution,zscore,logistic_regression,238,0.773840206185567,0.6293706293706294,0.04761904761904762,0.2
oulad_DDD_2014J,ukzn_ISTN212_2019,OULAD,UKZN,D3_other_institution,zscore,logistic_regression,264,0.7456027456027456,0.6219512195121951,0.33333333333333337,0.5
oulad_DDD_2014J,ukzn_ISTN2IP_2018,OULAD,UKZN,D3_other_institution,zscore,logistic_regression,99,0.6610810810810811,0.5740740740740741,0.04761904761904762,0.2
oulad_DDD_2014J,ukzn_ISTN2IP_2019,OULAD,UKZN,D3_other_institution,zscore,logistic_regression,116,0.7272727272727273,0.5289256198347108,0.23809523809523814,0.5
oulad_DDD_2014J,ukzn_ISTN3ND_2018,OULAD,UKZN,D3_other_institution,zscore,logistic_regression,144,0.5448679169187336,0.4931506849315068,0.04761904761904762,0.5
oulad_DDD_2014J,ukzn_ISTN3ND_2019,OULAD,UKZN,D3_other_institution,zscore,logistic_regression,223,0.7145759268664296,0.6273062730627307,0.14285714285714288,0.5
oulad_DDD_2014J,ukzn_ISTN3SA_2018,OULAD,UKZN,D3_other_institution,zscore,logistic_regression,141,0.6423423423423423,0.55,0.5238095238095238,0.5
oulad_DDD_2014J,ukzn_ISTN3SA_2019,OULAD,UKZN,D3_other_institution,zscore,logistic_regression,195,0.611764705882353,0.5409836065573771,0.23809523809523814,0.5
oulad_FFF_2013B,oulad_BBB_2013B,OULAD,OULAD,D2_other_module,zscore,logistic_regression,1767,0.8625563886463107,0.7775255391600454,0.04761904761904762,0.2
oulad_FFF_2013B,oulad_BBB_2013J,OULAD,OULAD,D2_other_module,zscore,logistic_regression,2237,0.8640686054705016,0.775830258302583,0.6190476190476191,0.5
oulad_FFF_2013B,oulad_BBB_2014B,OULAD,OULAD,D2_other_module,zscore,logistic_regression,1613,0.8656892638351121,0.7766367137355584,0.6190476190476191,1.0
oulad_FFF_2013B,oulad_BBB_2014J,OULAD,OULAD,D2_other_module,zscore,logistic_regression,2292,0.864003487451267,0.7950680272108843,0.8095238095238096,1.0
oulad_FFF_2013B,oulad_DDD_2013B,OULAD,OULAD,D2_other_module,zscore,logistic_regression,1303,0.8383799421407908,0.7386276021588281,0.6190476190476191,0.5
oulad_FFF_2013B,oulad_DDD_2013J,OULAD,OULAD,D2_other_module,zscore,logistic_regression,1938,0.8607891785707681,0.7820383451059536,0.5238095238095238,0.5
oulad_FFF_2013B,oulad_DDD_2014B,OULAD,OULAD,D2_other_module,zscore,logistic_regression,1228,0.8599998327624027,0.7629757785467128,0.5238095238095238,0.5
oulad_FFF_2013B,oulad_DDD_2014J,OULAD,OULAD,D2_other_module,zscore,logistic_regression,1803,0.8579102099131773,0.770509977827051,0.8095238095238096,0.5
oulad_FFF_2013B,oulad_FFF_2013B,OULAD,OULAD,D0_within_cohort,zscore,logistic_regression,1614,0.8407236745032461,0.7730792138177487,1.0,1.0
oulad_FFF_2013B,oulad_FFF_2013J,OULAD,OULAD,D1_same_module,zscore,logistic_regression,2283,0.8794935657949355,0.804617357845233,0.7142857142857143,0.5
oulad_FFF_2013B,oulad_FFF_2014B,OULAD,OULAD,D1_same_module,zscore,logistic_regression,1500,0.874012261334143,0.7827260458839406,0.8095238095238096,0.5
oulad_FFF_2013B,oulad_FFF_2014J,OULAD,OULAD,D1_same_module,zscore,logistic_regression,2365,0.906373025847623,0.8326359832635983,0.7142857142857143,0.5
oulad_FFF_2013B,ku_Accountancy_1819,OULAD,KU Leuven,D3_other_institution,zscore,logistic_regression,756,0.6372253609541745,0.6320541760722348,0.33333333333333337,0.5
oulad_FFF_2013B,ku_Globaleconom_1819,OULAD,KU Leuven,D3_other_institution,zscore,logistic_regression,743,0.6173352962826647,0.6062893081761006,0.23809523809523814,0.5
oulad_FFF_2013B,ukzn_ISTN101_2019,OULAD,UKZN,D3_other_institution,zscore,logistic_regression,1056,0.6560069305943359,0.5972434915773354,0.4285714285714286,0.5
oulad_FFF_2013B,ukzn_ISTN101_2020,OULAD,UKZN,D3_other_institution,zscore,logistic_regression,978,0.7234463214779991,0.6405228758169934,-0.23809523809523814,0.2
oulad_FFF_2013B,ukzn_ISTN101_2021,OULAD,UKZN,D3_other_institution,zscore,logistic_regression,741,0.8156576298169219,0.6138211382113821,0.23809523809523814,0.5
oulad_FFF_2013B,ukzn_ISTN102_2018,OULAD,UKZN,D3_other_institution,zscore,logistic_regression,257,0.659274821039527,0.6495176848874598,0.4285714285714286,0.5
oulad_FFF_2013B,ukzn_ISTN103_2019,OULAD,UKZN,D3_other_institution,zscore,logistic_regression,1113,0.6538970889708897,0.6511627906976745,0.04761904761904762,0.5
oulad_FFF_2013B,ukzn_ISTN103_2020,OULAD,UKZN,D3_other_institution,zscore,logistic_regression,1082,0.666458342700418,0.6183844011142061,-0.04761904761904762,0.2
oulad_FFF_2013B,ukzn_ISTN211_2019,OULAD,UKZN,D3_other_institution,zscore,logistic_regression,280,0.7372454123815285,0.5224719101123596,-0.14285714285714288,0.2
oulad_FFF_2013B,ukzn_ISTN211_2021,OULAD,UKZN,D3_other_institution,zscore,logistic_regression,327,0.8060721062618597,0.6623655913978495,0.23809523809523814,0.5
oulad_FFF_2013B,ukzn_ISTN212_2018,OULAD,UKZN,D3_other_institution,zscore,logistic_regression,238,0.7697399250234301,0.6907894736842105,0.14285714285714288,0.5
oulad_FFF_2013B,ukzn_ISTN212_2019,OULAD,UKZN,D3_other_institution,zscore,logistic_regression,264,0.7346632346632347,0.6488095238095238,0.23809523809523814,0.5
oulad_FFF_2013B,ukzn_ISTN2IP_2018,OULAD,UKZN,D3_other_institution,zscore,logistic_regression,99,0.6810810810810811,0.6140350877192983,0.4285714285714286,0.5
oulad_FFF_2013B,ukzn_ISTN2IP_2019,OULAD,UKZN,D3_other_institution,zscore,logistic_regression,116,0.7426948051948052,0.5692307692307692,0.14285714285714288,0.2
oulad_FFF_2013B,ukzn_ISTN3ND_2018,OULAD,UKZN,D3_other_institution,zscore,logistic_regression,144,0.5327687033676145,0.5490196078431373,0.14285714285714288,0.5
oulad_FFF_2013B,ukzn_ISTN3ND_2019,OULAD,UKZN,D3_other_institution,zscore,logistic_regression,223,0.712798374809548,0.6830985915492958,0.23809523809523814,0.5
oulad_FFF_2013B,ukzn_ISTN3SA_2018,OULAD,UKZN,D3_other_institution,zscore,logistic_regression,141,0.6528528528528529,0.6432748538011696,0.23809523809523814,0.5
oulad_FFF_2013B,ukzn_ISTN3SA_2019,OULAD,UKZN,D3_other_institution,zscore,logistic_regression,195,0.608235294117647,0.5793650793650794,0.14285714285714288,0.5
oulad_FFF_2013J,oulad_BBB_2013B,OULAD,OULAD,D2_other_module,zscore,logistic_regression,1767,0.8624853376601231,0.7822222222222223,0.4285714285714286,1.0
oulad_FFF_2013J,oulad_BBB_2013J,OULAD,OULAD,D2_other_module,zscore,logistic_regression,2237,0.8652864967010443,0.7789954337899543,0.7142857142857143,1.0
oulad_FFF_2013J,oulad_BBB_2014B,OULAD,OULAD,D2_other_module,zscore,logistic_regression,1613,0.8663599442341667,0.7751741608613046,0.8095238095238096,1.0
oulad_FFF_2013J,oulad_BBB_2014J,OULAD,OULAD,D2_other_module,zscore,logistic_regression,2292,0.8656817281920077,0.8016842105263158,0.7142857142857143,1.0
oulad_FFF_2013J,oulad_DDD_2013B,OULAD,OULAD,D2_other_module,zscore,logistic_regression,1303,0.8381944959572734,0.7369207772795217,0.7142857142857143,0.5
oulad_FFF_2013J,oulad_DDD_2013J,OULAD,OULAD,D2_other_module,zscore,logistic_regression,1938,0.8613950341595956,0.7800788954635108,0.7142857142857143,0.5
oulad_FFF_2013J,oulad_DDD_2014B,OULAD,OULAD,D2_other_module,zscore,logistic_regression,1228,0.861583015349624,0.7601351351351351,0.6190476190476191,1.0
oulad_FFF_2013J,oulad_DDD_2014J,OULAD,OULAD,D2_other_module,zscore,logistic_regression,1803,0.8573532056469743,0.767467248908297,0.6190476190476191,0.5
oulad_FFF_2013J,oulad_FFF_2013B,OULAD,OULAD,D1_same_module,zscore,logistic_regression,1614,0.8453023558921896,0.7780979827089337,0.7142857142857143,0.5
oulad_FFF_2013J,oulad_FFF_2013J,OULAD,OULAD,D0_within_cohort,zscore,logistic_regression,2283,0.8775617668311734,0.8020092088740058,1.0,1.0
oulad_FFF_2013J,oulad_FFF_2014B,OULAD,OULAD,D1_same_module,zscore,logistic_regression,1500,0.8747352173567282,0.7855263157894737,0.7142857142857143,0.5
oulad_FFF_2013J,oulad_FFF_2014J,OULAD,OULAD,D1_same_module,zscore,logistic_regression,2365,0.9061492120606935,0.8312114989733059,0.8095238095238096,1.0
oulad_FFF_2013J,ku_Accountancy_1819,OULAD,KU Leuven,D3_other_institution,zscore,logistic_regression,756,0.6340866290018833,0.6160919540229886,0.23809523809523814,0.5
oulad_FFF_2013J,ku_Globaleconom_1819,OULAD,KU Leuven,D3_other_institution,zscore,logistic_regression,743,0.617960986382039,0.6332138590203107,0.04761904761904762,0.2
oulad_FFF_2013J,ukzn_ISTN101_2019,OULAD,UKZN,D3_other_institution,zscore,logistic_regression,1056,0.6559570702034304,0.5820433436532507,0.33333333333333337,0.2
oulad_FFF_2013J,ukzn_ISTN101_2020,OULAD,UKZN,D3_other_institution,zscore,logistic_regression,978,0.7172733463676106,0.6552217453505007,-0.33333333333333337,0.2
oulad_FFF_2013J,ukzn_ISTN101_2021,OULAD,UKZN,D3_other_institution,zscore,logistic_regression,741,0.8079786486866133,0.5470085470085471,0.04761904761904762,0.5
oulad_FFF_2013J,ukzn_ISTN102_2018,OULAD,UKZN,D3_other_institution,zscore,logistic_regression,257,0.6558512293806412,0.6749226006191951,0.4285714285714286,0.5
oulad_FFF_2013J,ukzn_ISTN103_2019,OULAD,UKZN,D3_other_institution,zscore,logistic_regression,1113,0.6564842148421484,0.672992700729927,-0.23809523809523814,0.2
oulad_FFF_2013J,ukzn_ISTN103_2020,OULAD,UKZN,D3_other_institution,zscore,logistic_regression,1082,0.6622229216312217,0.6581598388179987,0.04761904761904762,0.2
oulad_FFF_2013J,ukzn_ISTN211_2019,OULAD,UKZN,D3_other_institution,zscore,logistic_regression,280,0.7420850978019762,0.484149855907781,-0.14285714285714288,0.2
oulad_FFF_2013J,ukzn_ISTN211_2021,OULAD,UKZN,D3_other_institution,zscore,logistic_regression,327,0.8007590132827325,0.6680942184154176,0.23809523809523814,0.2
oulad_FFF_2013J,ukzn_ISTN212_2018,OULAD,UKZN,D3_other_institution,zscore,logistic_regression,238,0.7738402061855671,0.6970684039087948,-0.04761904761904762,0.2
oulad_FFF_2013J,ukzn_ISTN212_2019,OULAD,UKZN,D3_other_institution,zscore,logistic_regression,264,0.7386314886314886,0.6781609195402298,0.14285714285714288,0.2
oulad_FFF_2013J,ukzn_ISTN2IP_2018,OULAD,UKZN,D3_other_institution,zscore,logistic_regression,99,0.6621621621621622,0.5982905982905983,0.14285714285714288,0.2
oulad_FFF_2013J,ukzn_ISTN2IP_2019,OULAD,UKZN,D3_other_institution,zscore,logistic_regression,116,0.737012987012987,0.5,0.23809523809523814,0.5
oulad_FFF_2013J,ukzn_ISTN3ND_2018,OULAD,UKZN,D3_other_institution,zscore,logistic_regression,144,0.5329703569267997,0.5477707006369427,-0.04761904761904762,0.5
oulad_FFF_2013J,ukzn_ISTN3ND_2019,OULAD,UKZN,D3_other_institution,zscore,logistic_regression,223,0.7105129507364144,0.6807017543859649,0.23809523809523814,0.5
oulad_FFF_2013J,ukzn_ISTN3SA_2018,OULAD,UKZN,D3_other_institution,zscore,logistic_regression,141,0.6411411411411412,0.6235294117647059,0.33333333333333337,0.5
oulad_FFF_2013J,ukzn_ISTN3SA_2019,OULAD,UKZN,D3_other_institution,zscore,logistic_regression,195,0.6089411764705882,0.5849802371541502,0.23809523809523814,0.5
oulad_FFF_2014B,oulad_BBB_2013B,OULAD,OULAD,D2_other_module,zscore,logistic_regression,1767,0.8621300827291847,0.7703435804701627,0.6190476190476191,0.5
oulad_FFF_2014B,oulad_BBB_2013J,OULAD,OULAD,D2_other_module,zscore,logistic_regression,2237,0.8635377298059062,0.7591876208897486,0.23809523809523814,0.5
oulad_FFF_2014B,oulad_BBB_2014B,OULAD,OULAD,D2_other_module,zscore,logistic_regression,1613,0.8647406857707081,0.7610619469026548,0.7142857142857143,0.5
oulad_FFF_2014B,oulad_BBB_2014J,OULAD,OULAD,D2_other_module,zscore,logistic_regression,2292,0.8644230476364522,0.7644166294143943,0.9047619047619049,0.5
oulad_FFF_2014B,oulad_DDD_2013B,OULAD,OULAD,D2_other_module,zscore,logistic_regression,1303,0.8405558440273967,0.730185497470489,0.8095238095238096,1.0
oulad_FFF_2014B,oulad_DDD_2013J,OULAD,OULAD,D2_other_module,zscore,logistic_regression,1938,0.8632365305902687,0.7762162162162162,0.8095238095238096,1.0
oulad_FFF_2014B,oulad_DDD_2014B,OULAD,OULAD,D2_other_module,zscore,logistic_regression,1228,0.8636344632091224,0.7579143389199255,0.5238095238095238,0.5
oulad_FFF_2014B,oulad_DDD_2014J,OULAD,OULAD,D2_other_module,zscore,logistic_regression,1803,0.8581225209563488,0.7564705882352941,1.0,1.0
oulad_FFF_2014B,oulad_FFF_2013B,OULAD,OULAD,D1_same_module,zscore,logistic_regression,1614,0.8446122491638797,0.7453733248245055,0.7142857142857143,0.5
oulad_FFF_2014B,oulad_FFF_2013J,OULAD,OULAD,D1_same_module,zscore,logistic_regression,2283,0.8768560798241164,0.7870036101083032,0.5238095238095238,0.5
oulad_FFF_2014B,oulad_FFF_2014B,OULAD,OULAD,D0_within_cohort,zscore,logistic_regression,1500,0.872313314681068,0.77577505407354,1.0,1.0
oulad_FFF_2014B,oulad_FFF_2014J,OULAD,OULAD,D1_same_module,zscore,logistic_regression,2365,0.9053888190666393,0.8253142609449502,0.5238095238095238,0.5
oulad_FFF_2014B,ku_Accountancy_1819,OULAD,KU Leuven,D3_other_institution,zscore,logistic_regression,756,0.6320443607449258,0.532156368221942,0.33333333333333337,0.5
oulad_FFF_2014B,ku_Globaleconom_1819,OULAD,KU Leuven,D3_other_institution,zscore,logistic_regression,743,0.6206624953993376,0.5660377358490566,0.33333333333333337,0.5
oulad_FFF_2014B,ukzn_ISTN101_2019,OULAD,UKZN,D3_other_institution,zscore,logistic_regression,1056,0.6675246808934983,0.5016611295681063,0.6190476190476191,0.5
oulad_FFF_2014B,ukzn_ISTN101_2020,OULAD,UKZN,D3_other_institution,zscore,logistic_regression,978,0.7330243184464313,0.5889477668433005,-0.04761904761904762,0.5
oulad_FFF_2014B,ukzn_ISTN101_2021,OULAD,UKZN,D3_other_institution,zscore,logistic_regression,741,0.7994568525541976,0.48214285714285715,0.14285714285714288,0.5
oulad_FFF_2014B,ukzn_ISTN102_2018,OULAD,UKZN,D3_other_institution,zscore,logistic_regression,257,0.6567071272953625,0.5850340136054422,0.4285714285714286,0.5
oulad_FFF_2014B,ukzn_ISTN103_2019,OULAD,UKZN,D3_other_institution,zscore,logistic_regression,1113,0.6577183271832718,0.602390438247012,-0.04761904761904762,0.2
oulad_FFF_2014B,ukzn_ISTN103_2020,OULAD,UKZN,D3_other_institution,zscore,logistic_regression,1082,0.6683287621959444,0.5931721194879089,0.23809523809523814,0.5
oulad_FFF_2014B,ukzn_ISTN211_2019,OULAD,UKZN,D3_other_institution,zscore,logistic_regression,280,0.7315991127243395,0.38153846153846155,-0.14285714285714288,0.2
oulad_FFF_2014B,ukzn_ISTN211_2021,OULAD,UKZN,D3_other_institution,zscore,logistic_regression,327,0.8020872865275143,0.5501165501165501,0.23809523809523814,0.5
oulad_FFF_2014B,ukzn_ISTN212_2018,OULAD,UKZN,D3_other_institution,zscore,logistic_regression,238,0.7743088097469542,0.5869565217391305,0.14285714285714288,0.2
oulad_FFF_2014B,ukzn_ISTN212_2019,OULAD,UKZN,D3_other_institution,zscore,logistic_regression,264,0.7458172458172458,0.5605095541401274,0.23809523809523814,0.2
oulad_FFF_2014B,ukzn_ISTN2IP_2018,OULAD,UKZN,D3_other_institution,zscore,logistic_regression,99,0.6637837837837838,0.5740740740740741,0.14285714285714288,0.2
oulad_FFF_2014B,ukzn_ISTN2IP_2019,OULAD,UKZN,D3_other_institution,zscore,logistic_regression,116,0.7337662337662337,0.49572649572649574,0.23809523809523814,0.5
oulad_FFF_2014B,ukzn_ISTN3ND_2018,OULAD,UKZN,D3_other_institution,zscore,logistic_regression,144,0.5440613026819924,0.4460431654676259,0.14285714285714288,0.5
oulad_FFF_2014B,ukzn_ISTN3ND_2019,OULAD,UKZN,D3_other_institution,zscore,logistic_regression,223,0.707465718638903,0.5962264150943396,0.14285714285714288,0.5
oulad_FFF_2014B,ukzn_ISTN3SA_2018,OULAD,UKZN,D3_other_institution,zscore,logistic_regression,141,0.6501501501501501,0.5194805194805194,0.5238095238095238,0.5
oulad_FFF_2014B,ukzn_ISTN3SA_2019,OULAD,UKZN,D3_other_institution,zscore,logistic_regression,195,0.612,0.5188284518828452,0.23809523809523814,0.5
oulad_FFF_2014J,oulad_BBB_2013B,OULAD,OULAD,D2_other_module,zscore,logistic_regression,1767,0.858864321036776,0.7782234957020058,-0.04761904761904762,0.5
oulad_FFF_2014J,oulad_BBB_2013J,OULAD,OULAD,D2_other_module,zscore,logistic_regression,2237,0.8657292934469286,0.772960372960373,1.0,1.0
oulad_FFF_2014J,oulad_BBB_2014B,OULAD,OULAD,D2_other_module,zscore,logistic_regression,1613,0.867361307329978,0.7767624020887729,0.5238095238095238,1.0
oulad_FFF_2014J,oulad_BBB_2014J,OULAD,OULAD,D2_other_module,zscore,logistic_regression,2292,0.8658522934941522,0.7879310344827586,0.4285714285714286,1.0
oulad_FFF_2014J,oulad_DDD_2013B,OULAD,OULAD,D2_other_module,zscore,logistic_regression,1303,0.8398907103825137,0.7422839506172839,0.4285714285714286,0.5
oulad_FFF_2014J,oulad_DDD_2013J,OULAD,OULAD,D2_other_module,zscore,logistic_regression,1938,0.8641616296536399,0.779539641943734,0.33333333333333337,0.5
oulad_FFF_2014J,oulad_DDD_2014B,OULAD,OULAD,D2_other_module,zscore,logistic_regression,1228,0.8646490379657219,0.763542562338779,0.9047619047619049,1.0
oulad_FFF_2014J,oulad_DDD_2014J,OULAD,OULAD,D2_other_module,zscore,logistic_regression,1803,0.8588069118484548,0.7660524846454495,0.4285714285714286,0.5
oulad_FFF_2014J,oulad_FFF_2013B,OULAD,OULAD,D1_same_module,zscore,logistic_regression,1614,0.8436593178241196,0.773851590106007,0.23809523809523814,0.5
oulad_FFF_2014J,oulad_FFF_2013J,OULAD,OULAD,D1_same_module,zscore,logistic_regression,2283,0.877570991497932,0.8051282051282052,0.5238095238095238,1.0
oulad_FFF_2014J,oulad_FFF_2014B,OULAD,OULAD,D1_same_module,zscore,logistic_regression,1500,0.8749539115535601,0.7784511784511785,0.14285714285714288,0.5
oulad_FFF_2014J,oulad_FFF_2014J,OULAD,OULAD,D0_within_cohort,zscore,logistic_regression,2365,0.9050645760163442,0.835,1.0,1.0
oulad_FFF_2014J,ku_Accountancy_1819,OULAD,KU Leuven,D3_other_institution,zscore,logistic_regression,756,0.6282527725465579,0.6130884041331802,0.33333333333333337,0.2
oulad_FFF_2014J,ku_Globaleconom_1819,OULAD,KU Leuven,D3_other_institution,zscore,logistic_regression,743,0.6144644828855355,0.599250936329588,0.04761904761904762,0.2
oulad_FFF_2014J,ukzn_ISTN101_2019,OULAD,UKZN,D3_other_institution,zscore,logistic_regression,1056,0.6564930694056642,0.5426975259377494,0.23809523809523814,0.2
oulad_FFF_2014J,ukzn_ISTN101_2020,OULAD,UKZN,D3_other_institution,zscore,logistic_regression,978,0.7196898134926739,0.6133333333333333,-0.23809523809523814,0.2
oulad_FFF_2014J,ukzn_ISTN101_2021,OULAD,UKZN,D3_other_institution,zscore,logistic_regression,741,0.8058481996535094,0.59358841778697,0.04761904761904762,0.2
oulad_FFF_2014J,ukzn_ISTN102_2018,OULAD,UKZN,D3_other_institution,zscore,logistic_regression,257,0.6542950513538749,0.6,0.33333333333333337,0.5
oulad_FFF_2014J,ukzn_ISTN103_2019,OULAD,UKZN,D3_other_institution,zscore,logistic_regression,1113,0.6521873718737188,0.6318216756341276,-0.04761904761904762,0.2
oulad_FFF_2014J,ukzn_ISTN103_2020,OULAD,UKZN,D3_other_institution,zscore,logistic_regression,1082,0.6682388381817365,0.6149545772187281,-0.23809523809523814,0.2
oulad_FFF_2014J,ukzn_ISTN211_2019,OULAD,UKZN,D3_other_institution,zscore,logistic_regression,280,0.7443032869530147,0.5141242937853108,-0.14285714285714288,0.2
oulad_FFF_2014J,ukzn_ISTN211_2021,OULAD,UKZN,D3_other_institution,zscore,logistic_regression,327,0.7895635673624288,0.6238938053097345,0.23809523809523814,0.2
oulad_FFF_2014J,ukzn_ISTN212_2018,OULAD,UKZN,D3_other_institution,zscore,logistic_regression,238,0.7629451733833177,0.6862745098039216,-0.4285714285714286,0.2
oulad_FFF_2014J,ukzn_ISTN212_2019,OULAD,UKZN,D3_other_institution,zscore,logistic_regression,264,0.7353067353067354,0.6449704142011834,0.04761904761904762,0.2
oulad_FFF_2014J,ukzn_ISTN2IP_2018,OULAD,UKZN,D3_other_institution,zscore,logistic_regression,99,0.6664864864864865,0.5688073394495413,0.04761904761904762,0.2
oulad_FFF_2014J,ukzn_ISTN2IP_2019,OULAD,UKZN,D3_other_institution,zscore,logistic_regression,116,0.7252435064935066,0.5692307692307692,0.04761904761904762,0.2
oulad_FFF_2014J,ukzn_ISTN3ND_2018,OULAD,UKZN,D3_other_institution,zscore,logistic_regression,144,0.5440613026819924,0.4966442953020134,-0.14285714285714288,0.5
oulad_FFF_2014J,ukzn_ISTN3ND_2019,OULAD,UKZN,D3_other_institution,zscore,logistic_regression,223,0.723463687150838,0.6853146853146853,0.23809523809523814,0.5
oulad_FFF_2014J,ukzn_ISTN3SA_2018,OULAD,UKZN,D3_other_institution,zscore,logistic_regression,141,0.6351351351351352,0.5903614457831325,-0.04761904761904762,0.5
oulad_FFF_2014J,ukzn_ISTN3SA_2019,OULAD,UKZN,D3_other_institution,zscore,logistic_regression,195,0.6131764705882353,0.568,0.14285714285714288,0.2
ku_Accountancy_1819,oulad_BBB_2013B,KU Leuven,OULAD,D3_other_institution,zscore,logistic_regression,1767,0.7270854110364143,0.6240747954811063,-0.4285714285714286,0.0
ku_Accountancy_1819,oulad_BBB_2013J,KU Leuven,OULAD,D3_other_institution,zscore,logistic_regression,2237,0.691769425405163,0.6479298881837413,-0.5238095238095238,0.0
ku_Accountancy_1819,oulad_BBB_2014B,KU Leuven,OULAD,D3_other_institution,zscore,logistic_regression,1613,0.6854718516057516,0.6201881950384944,-0.8095238095238096,0.0
ku_Accountancy_1819,oulad_BBB_2014J,KU Leuven,OULAD,D3_other_institution,zscore,logistic_regression,2292,0.7370853892543859,0.6689895470383276,-0.6190476190476191,0.0
ku_Accountancy_1819,oulad_DDD_2013B,KU Leuven,OULAD,D3_other_institution,zscore,logistic_regression,1303,0.7400860470291523,0.5626034197462769,-0.33333333333333337,0.2
ku_Accountancy_1819,oulad_DDD_2013J,KU Leuven,OULAD,D3_other_institution,zscore,logistic_regression,1938,0.7526080614687811,0.5992049150704735,-0.5238095238095238,0.2
ku_Accountancy_1819,oulad_DDD_2014B,KU Leuven,OULAD,D3_other_institution,zscore,logistic_regression,1228,0.759077517413615,0.5610328638497653,-0.23809523809523814,0.0
ku_Accountancy_1819,oulad_DDD_2014J,KU Leuven,OULAD,D3_other_institution,zscore,logistic_regression,1803,0.7764789337489634,0.610104126494408,-0.23809523809523814,0.2
ku_Accountancy_1819,oulad_FFF_2013B,KU Leuven,OULAD,D3_other_institution,zscore,logistic_regression,1614,0.7579600506590597,0.6554621848739496,-0.23809523809523814,0.2
ku_Accountancy_1819,oulad_FFF_2013J,KU Leuven,OULAD,D3_other_institution,zscore,logistic_regression,2283,0.7671601863382685,0.6466567607726598,-0.6190476190476191,0.0
ku_Accountancy_1819,oulad_FFF_2014B,KU Leuven,OULAD,D3_other_institution,zscore,logistic_regression,1500,0.7597201437236574,0.6061452513966481,-0.33333333333333337,0.2
ku_Accountancy_1819,oulad_FFF_2014J,KU Leuven,OULAD,D3_other_institution,zscore,logistic_regression,2365,0.802568621880954,0.6394244604316547,-0.23809523809523814,0.0
ku_Accountancy_1819,ku_Accountancy_1819,KU Leuven,KU Leuven,D0_within_cohort,zscore,logistic_regression,756,0.6493617911697008,0.8233413269384492,1.0,1.0
ku_Accountancy_1819,ku_Globaleconom_1819,KU Leuven,KU Leuven,D2_other_module,zscore,logistic_regression,743,0.610518954729481,0.7120418848167539,0.04761904761904762,0.5
ku_Accountancy_1819,ukzn_ISTN101_2019,KU Leuven,UKZN,D3_other_institution,zscore,logistic_regression,1056,0.6205000997207818,0.8703296703296703,-0.04761904761904762,0.5
ku_Accountancy_1819,ukzn_ISTN101_2020,KU Leuven,UKZN,D3_other_institution,zscore,logistic_regression,978,0.6007776630566113,0.946969696969697,0.33333333333333337,0.5
ku_Accountancy_1819,ukzn_ISTN101_2021,KU Leuven,UKZN,D3_other_institution,zscore,logistic_regression,741,0.6394858828487147,0.9104367135455218,0.23809523809523814,0.5
ku_Accountancy_1819,ukzn_ISTN102_2018,KU Leuven,UKZN,D3_other_institution,zscore,logistic_regression,257,0.6300964830376594,0.819047619047619,-0.33333333333333337,0.2
ku_Accountancy_1819,ukzn_ISTN103_2019,KU Leuven,UKZN,D3_other_institution,zscore,logistic_regression,1113,0.663929889298893,0.8402304871660555,0.6190476190476191,1.0
ku_Accountancy_1819,ukzn_ISTN103_2020,KU Leuven,UKZN,D3_other_institution,zscore,logistic_regression,1082,0.6160469403354165,0.9427872860635697,-0.04761904761904762,0.2
ku_Accountancy_1819,ukzn_ISTN211_2019,KU Leuven,UKZN,D3_other_institution,zscore,logistic_regression,280,0.746319822544868,0.946969696969697,0.14285714285714288,0.2
ku_Accountancy_1819,ukzn_ISTN211_2021,KU Leuven,UKZN,D3_other_institution,zscore,logistic_regression,327,0.7464895635673625,0.9716981132075472,0.23809523809523814,0.5
ku_Accountancy_1819,ukzn_ISTN212_2018,KU Leuven,UKZN,D3_other_institution,zscore,logistic_regression,238,0.6988636363636364,0.8981481481481481,0.23809523809523814,0.5
ku_Accountancy_1819,ukzn_ISTN212_2019,KU Leuven,UKZN,D3_other_institution,zscore,logistic_regression,264,0.710853710853711,0.9151138716356108,0.33333333333333337,0.2
ku_Accountancy_1819,ukzn_ISTN2IP_2018,KU Leuven,UKZN,D3_other_institution,zscore,logistic_regression,99,0.7627027027027027,0.8538011695906432,0.04761904761904762,0.2
ku_Accountancy_1819,ukzn_ISTN2IP_2019,KU Leuven,UKZN,D3_other_institution,zscore,logistic_regression,116,0.703327922077922,0.8743718592964824,0.04761904761904762,0.2
ku_Accountancy_1819,ukzn_ISTN3ND_2018,KU Leuven,UKZN,D3_other_institution,zscore,logistic_regression,144,0.6396450897358338,0.7532467532467533,0.8095238095238096,1.0
ku_Accountancy_1819,ukzn_ISTN3ND_2019,KU Leuven,UKZN,D3_other_institution,zscore,logistic_regression,223,0.49974606399187405,0.8412698412698413,-0.33333333333333337,0.0
ku_Accountancy_1819,ukzn_ISTN3SA_2018,KU Leuven,UKZN,D3_other_institution,zscore,logistic_regression,141,0.6093093093093094,0.8809523809523809,-0.14285714285714288,0.2
ku_Accountancy_1819,ukzn_ISTN3SA_2019,KU Leuven,UKZN,D3_other_institution,zscore,logistic_regression,195,0.556235294117647,0.907563025210084,0.04761904761904762,0.5
ku_Globaleconom_1819,oulad_BBB_2013B,KU Leuven,OULAD,D3_other_institution,zscore,logistic_regression,1767,0.8294027066550229,0.7602956705385427,0.23809523809523814,0.2
ku_Globaleconom_1819,oulad_BBB_2013J,KU Leuven,OULAD,D3_other_institution,zscore,logistic_regression,2237,0.8402488629812312,0.7831125827814569,-0.14285714285714288,0.2
ku_Globaleconom_1819,oulad_BBB_2014B,KU Leuven,OULAD,D3_other_institution,zscore,logistic_regression,1613,0.8428566327496966,0.7701283547257877,-0.23809523809523814,0.2
ku_Globaleconom_1819,oulad_BBB_2014J,KU Leuven,OULAD,D3_other_institution,zscore,logistic_regression,2292,0.8476848044590644,0.8003066308930624,-0.23809523809523814,0.2
ku_Globaleconom_1819,oulad_DDD_2013B,KU Leuven,OULAD,D3_other_institution,zscore,logistic_regression,1303,0.8145068367826324,0.7160686427457098,-0.23809523809523814,0.5
ku_Globaleconom_1819,oulad_DDD_2013J,KU Leuven,OULAD,D3_other_institution,zscore,logistic_regression,1938,0.8399486164847105,0.7520080321285141,-0.33333333333333337,0.5
ku_Globaleconom_1819,oulad_DDD_2014B,KU Leuven,OULAD,D3_other_institution,zscore,logistic_regression,1228,0.8333533089352261,0.7277310924369748,-0.23809523809523814,0.2
ku_Globaleconom_1819,oulad_DDD_2014J,KU Leuven,OULAD,D3_other_institution,zscore,logistic_regression,1803,0.8418420106105566,0.75,0.04761904761904762,0.5
ku_Globaleconom_1819,oulad_FFF_2013B,KU Leuven,OULAD,D3_other_institution,zscore,logistic_regression,1614,0.8105019181585679,0.7460674157303371,0.04761904761904762,0.5
ku_Globaleconom_1819,oulad_FFF_2013J,KU Leuven,OULAD,D3_other_institution,zscore,logistic_regression,2283,0.8485463462632412,0.78341384863124,-0.14285714285714288,0.2
ku_Globaleconom_1819,oulad_FFF_2014B,KU Leuven,OULAD,D3_other_institution,zscore,logistic_regression,1500,0.8380018218491769,0.7405966277561609,-0.04761904761904762,0.5
ku_Globaleconom_1819,oulad_FFF_2014J,KU Leuven,OULAD,D3_other_institution,zscore,logistic_regression,2365,0.8813015776002573,0.8067689885871704,-0.14285714285714288,0.2
ku_Globaleconom_1819,ku_Accountancy_1819,KU Leuven,KU Leuven,D2_other_module,zscore,logistic_regression,756,0.6561581920903955,0.7894273127753304,0.6190476190476191,0.5
ku_Globaleconom_1819,ku_Globaleconom_1819,KU Leuven,KU Leuven,D0_within_cohort,zscore,logistic_regression,743,0.6068678689731322,0.6823770491803278,1.0,1.0
ku_Globaleconom_1819,ukzn_ISTN101_2019,KU Leuven,UKZN,D3_other_institution,zscore,logistic_regression,1056,0.6347227762265657,0.7928921568627451,0.33333333333333337,0.5
ku_Globaleconom_1819,ukzn_ISTN101_2020,KU Leuven,UKZN,D3_other_institution,zscore,logistic_regression,978,0.6588827134729026,0.7879948914431673,0.14285714285714288,0.5
ku_Globaleconom_1819,ukzn_ISTN101_2021,KU Leuven,UKZN,D3_other_institution,zscore,logistic_regression,741,0.7391019337921994,0.7863993025283348,0.33333333333333337,0.5
ku_Globaleconom_1819,ukzn_ISTN102_2018,KU Leuven,UKZN,D3_other_institution,zscore,logistic_regression,257,0.6430905695611577,0.7436619718309859,0.5238095238095238,0.5
ku_Globaleconom_1819,ukzn_ISTN103_2019,KU Leuven,UKZN,D3_other_institution,zscore,logistic_regression,1113,0.6639093890938909,0.7890909090909091,0.14285714285714288,0.5
ku_Globaleconom_1819,ukzn_ISTN103_2020,KU Leuven,UKZN,D3_other_institution,zscore,logistic_regression,1082,0.6071624477316668,0.75045759609518,-0.04761904761904762,0.2
ku_Globaleconom_1819,ukzn_ISTN211_2019,KU Leuven,UKZN,D3_other_institution,zscore,logistic_regression,280,0.5541439806412584,0.7820224719101123,-0.04761904761904762,0.2
ku_Globaleconom_1819,ukzn_ISTN211_2021,KU Leuven,UKZN,D3_other_institution,zscore,logistic_regression,327,0.8702087286527513,0.8352059925093633,0.23809523809523814,0.5
ku_Globaleconom_1819,ukzn_ISTN212_2018,KU Leuven,UKZN,D3_other_institution,zscore,logistic_regression,238,0.7112816307403935,0.7921348314606742,0.14285714285714288,0.2
ku_Globaleconom_1819,ukzn_ISTN212_2019,KU Leuven,UKZN,D3_other_institution,zscore,logistic_regression,264,0.6906906906906907,0.7532467532467533,0.23809523809523814,0.2
ku_Globaleconom_1819,ukzn_ISTN2IP_2018,KU Leuven,UKZN,D3_other_institution,zscore,logistic_regression,99,0.692972972972973,0.7518796992481203,0.04761904761904762,0.2
ku_Globaleconom_1819,ukzn_ISTN2IP_2019,KU Leuven,UKZN,D3_other_institution,zscore,logistic_regression,116,0.6607142857142857,0.7636363636363637,-0.14285714285714288,0.2
ku_Globaleconom_1819,ukzn_ISTN3ND_2018,KU Leuven,UKZN,D3_other_institution,zscore,logistic_regression,144,0.5297438999798346,0.6338797814207651,0.7142857142857143,1.0
ku_Globaleconom_1819,ukzn_ISTN3ND_2019,KU Leuven,UKZN,D3_other_institution,zscore,logistic_regression,223,0.6938801422041646,0.7701863354037267,-0.6190476190476191,0.0
ku_Globaleconom_1819,ukzn_ISTN3SA_2018,KU Leuven,UKZN,D3_other_institution,zscore,logistic_regression,141,0.5021021021021022,0.7219512195121951,-0.04761904761904762,0.2
ku_Globaleconom_1819,ukzn_ISTN3SA_2019,KU Leuven,UKZN,D3_other_institution,zscore,logistic_regression,195,0.5545882352941176,0.7843137254901961,0.7142857142857143,0.5
ukzn_ISTN101_2019,oulad_BBB_2013B,UKZN,OULAD,D3_other_institution,zscore,logistic_regression,1767,0.8460738516868795,0.6249027237354086,0.14285714285714288,0.5
ukzn_ISTN101_2019,oulad_BBB_2013J,UKZN,OULAD,D3_other_institution,zscore,logistic_regression,2237,0.8450859970533597,0.6479298881837413,0.14285714285714288,0.5
ukzn_ISTN101_2019,oulad_BBB_2014B,UKZN,OULAD,D3_other_institution,zscore,logistic_regression,1613,0.8471756903195357,0.6213675213675214,0.14285714285714288,0.5
ukzn_ISTN101_2019,oulad_BBB_2014J,UKZN,OULAD,D3_other_institution,zscore,logistic_regression,2292,0.8429021229288499,0.6689895470383276,0.23809523809523814,0.5
ukzn_ISTN101_2019,oulad_DDD_2013B,UKZN,OULAD,D3_other_institution,zscore,logistic_regression,1303,0.8310609994312984,0.5626034197462769,0.4285714285714286,1.0
ukzn_ISTN101_2019,oulad_DDD_2013J,UKZN,OULAD,D3_other_institution,zscore,logistic_regression,1938,0.8533546669915301,0.5986984815618221,0.6190476190476191,1.0
ukzn_ISTN101_2019,oulad_DDD_2014B,UKZN,OULAD,D3_other_institution,zscore,logistic_regression,1228,0.8525493978052855,0.5615474794841735,0.14285714285714288,0.5
ukzn_ISTN101_2019,oulad_DDD_2014J,UKZN,OULAD,D3_other_institution,zscore,logistic_regression,1803,0.8487096484129126,0.6104046242774567,0.7142857142857143,1.0
ukzn_ISTN101_2019,oulad_FFF_2013B,UKZN,OULAD,D3_other_institution,zscore,logistic_regression,1614,0.8203432397206375,0.6527545909849749,0.14285714285714288,0.5
ukzn_ISTN101_2019,oulad_FFF_2013J,UKZN,OULAD,D3_other_institution,zscore,logistic_regression,2283,0.8513160524576051,0.6483126110124334,0.04761904761904762,0.5
ukzn_ISTN101_2019,oulad_FFF_2014B,UKZN,OULAD,D3_other_institution,zscore,logistic_regression,1500,0.852309121536137,0.6072423398328691,0.5238095238095238,1.0
ukzn_ISTN101_2019,oulad_FFF_2014J,UKZN,OULAD,D3_other_institution,zscore,logistic_regression,2365,0.8882928890342723,0.6415852958070075,0.04761904761904762,0.5
ukzn_ISTN101_2019,ku_Accountancy_1819,UKZN,KU Leuven,D3_other_institution,zscore,logistic_regression,756,0.6177987026574597,0.8102481985588471,-0.04761904761904762,0.2
ukzn_ISTN101_2019,ku_Globaleconom_1819,UKZN,KU Leuven,D3_other_institution,zscore,logistic_regression,743,0.6095472948104528,0.7204968944099379,0.5238095238095238,0.5
ukzn_ISTN101_2019,ukzn_ISTN101_2019,UKZN,UKZN,D0_within_cohort,zscore,logistic_regression,1056,0.6783942461108896,0.9013054830287206,1.0,1.0
ukzn_ISTN101_2019,ukzn_ISTN101_2020,UKZN,UKZN,D1_same_module,zscore,logistic_regression,978,0.7775532171964589,0.9721492380451918,0.4285714285714286,0.5
ukzn_ISTN101_2019,ukzn_ISTN101_2021,UKZN,UKZN,D1_same_module,zscore,logistic_regression,741,0.777262724165379,0.9572649572649573,-0.33333333333333337,0.2
ukzn_ISTN101_2019,ukzn_ISTN102_2018,UKZN,UKZN,D2_other_module,zscore,logistic_regression,257,0.6647992530345472,0.849438202247191,0.23809523809523814,0.5
ukzn_ISTN101_2019,ukzn_ISTN103_2019,UKZN,UKZN,D2_other_module,zscore,logistic_regression,1113,0.6616707667076671,0.8429838288993219,-0.14285714285714288,0.2
ukzn_ISTN101_2019,ukzn_ISTN103_2020,UKZN,UKZN,D2_other_module,zscore,logistic_regression,1082,0.6860258081920777,0.9438750610053684,0.23809523809523814,0.5
ukzn_ISTN101_2019,ukzn_ISTN211_2019,UKZN,UKZN,D2_other_module,zscore,logistic_regression,280,0.7390602944141963,0.9647495361781077,-0.14285714285714288,0.2
ukzn_ISTN101_2019,ukzn_ISTN211_2021,UKZN,UKZN,D2_other_module,zscore,logistic_regression,327,0.7833017077798862,0.9733124018838305,0.04761904761904762,0.2
ukzn_ISTN101_2019,ukzn_ISTN212_2018,UKZN,UKZN,D2_other_module,zscore,logistic_regression,238,0.7643509840674789,0.8992974238875878,0.23809523809523814,0.2
ukzn_ISTN101_2019,ukzn_ISTN212_2019,UKZN,UKZN,D2_other_module,zscore,logistic_regression,264,0.7686615186615188,0.91701244813278,-0.23809523809523814,0.2
ukzn_ISTN101_2019,ukzn_ISTN2IP_2018,UKZN,UKZN,D2_other_module,zscore,logistic_regression,99,0.68,0.8421052631578947,-0.14285714285714288,0.2
ukzn_ISTN101_2019,ukzn_ISTN2IP_2019,UKZN,UKZN,D2_other_module,zscore,logistic_regression,116,0.7297077922077922,0.8712871287128713,-0.23809523809523814,0.2
ukzn_ISTN101_2019,ukzn_ISTN3ND_2018,UKZN,UKZN,D2_other_module,zscore,logistic_regression,144,0.5985077636620286,0.7532467532467533,0.23809523809523814,0.5
ukzn_ISTN101_2019,ukzn_ISTN3ND_2019,UKZN,UKZN,D2_other_module,zscore,logistic_regression,223,0.7166074149314373,0.8866498740554156,-0.33333333333333337,0.2
ukzn_ISTN101_2019,ukzn_ISTN3SA_2018,UKZN,UKZN,D2_other_module,zscore,logistic_regression,141,0.6708708708708709,0.8844621513944223,0.4285714285714286,0.5
ukzn_ISTN101_2019,ukzn_ISTN3SA_2019,UKZN,UKZN,D2_other_module,zscore,logistic_regression,195,0.6143529411764705,0.9366391184573003,0.33333333333333337,0.5
ukzn_ISTN101_2020,oulad_BBB_2013B,UKZN,OULAD,D3_other_institution,zscore,logistic_regression,1767,0.8533236359502487,0.6249027237354086,-0.04761904761904762,0.5
ukzn_ISTN101_2020,oulad_BBB_2013J,UKZN,OULAD,D3_other_institution,zscore,logistic_regression,2237,0.8403641662929986,0.6479298881837413,-0.4285714285714286,0.2
ukzn_ISTN101_2020,oulad_BBB_2014B,UKZN,OULAD,D3_other_institution,zscore,logistic_regression,1613,0.8458684845417483,0.6213675213675214,-0.04761904761904762,0.2
ukzn_ISTN101_2020,oulad_BBB_2014J,UKZN,OULAD,D3_other_institution,zscore,logistic_regression,2292,0.8373115405701755,0.6689895470383276,0.14285714285714288,0.2
ukzn_ISTN101_2020,oulad_DDD_2013B,UKZN,OULAD,D3_other_institution,zscore,logistic_regression,1303,0.833160250228717,0.5626034197462769,0.04761904761904762,0.5
ukzn_ISTN101_2020,oulad_DDD_2013J,UKZN,OULAD,D3_other_institution,zscore,logistic_regression,1938,0.8513717679997301,0.5986984815618221,0.23809523809523814,0.5
ukzn_ISTN101_2020,oulad_DDD_2014B,UKZN,OULAD,D3_other_institution,zscore,logistic_regression,1228,0.8450264932226962,0.5615474794841735,-0.23809523809523814,0.2
ukzn_ISTN101_2020,oulad_DDD_2014J,UKZN,OULAD,D3_other_institution,zscore,logistic_regression,1803,0.844361018693363,0.6104046242774567,0.14285714285714288,0.5
ukzn_ISTN101_2020,oulad_FFF_2013B,UKZN,OULAD,D3_other_institution,zscore,logistic_regression,1614,0.8330510402321464,0.6527545909849749,-0.04761904761904762,0.2
ukzn_ISTN101_2020,oulad_FFF_2013J,UKZN,OULAD,D3_other_institution,zscore,logistic_regression,2283,0.8569899912365666,0.6483126110124334,-0.14285714285714288,0.2
ukzn_ISTN101_2020,oulad_FFF_2014B,UKZN,OULAD,D3_other_institution,zscore,logistic_regression,1500,0.8576608034933235,0.6072423398328691,0.14285714285714288,0.5
ukzn_ISTN101_2020,oulad_FFF_2014J,UKZN,OULAD,D3_other_institution,zscore,logistic_regression,2365,0.8864098403461652,0.6415852958070075,-0.23809523809523814,0.2
ukzn_ISTN101_2020,ku_Accountancy_1819,UKZN,KU Leuven,D3_other_institution,zscore,logistic_regression,756,0.6274157773592801,0.8242612752721618,-0.14285714285714288,0.2
ukzn_ISTN101_2020,ku_Globaleconom_1819,UKZN,KU Leuven,D3_other_institution,zscore,logistic_regression,743,0.6144497607655502,0.7200689061154177,0.04761904761904762,0.2
ukzn_ISTN101_2020,ukzn_ISTN101_2019,UKZN,UKZN,D1_same_module,zscore,logistic_regression,1056,0.6746484842441165,0.9044652128764278,0.4285714285714286,0.5
ukzn_ISTN101_2020,ukzn_ISTN101_2020,UKZN,UKZN,D0_within_cohort,zscore,logistic_regression,978,0.7523340875639815,0.9743051914001049,1.0,1.0
ukzn_ISTN101_2020,ukzn_ISTN101_2021,UKZN,UKZN,D1_same_module,zscore,logistic_regression,741,0.7802125766727537,0.9547383309759547,-0.14285714285714288,0.2
ukzn_ISTN101_2020,ukzn_ISTN102_2018,UKZN,UKZN,D2_other_module,zscore,logistic_regression,257,0.6602863367569249,0.8475336322869955,0.14285714285714288,0.5
ukzn_ISTN101_2020,ukzn_ISTN103_2019,UKZN,UKZN,D2_other_module,zscore,logistic_regression,1113,0.6645079950799508,0.8442367601246106,0.14285714285714288,0.2
ukzn_ISTN101_2020,ukzn_ISTN103_2020,UKZN,UKZN,D2_other_module,zscore,logistic_regression,1082,0.698741063801088,0.9438750610053684,0.6190476190476191,0.5
ukzn_ISTN101_2020,ukzn_ISTN211_2019,UKZN,UKZN,D2_other_module,zscore,logistic_regression,280,0.7259528130671506,0.9648798521256932,-0.04761904761904762,0.2
ukzn_ISTN101_2020,ukzn_ISTN211_2021,UKZN,UKZN,D2_other_module,zscore,logistic_regression,327,0.7922201138519924,0.9733124018838305,0.04761904761904762,0.2
ukzn_ISTN101_2020,ukzn_ISTN212_2018,UKZN,UKZN,D2_other_module,zscore,logistic_regression,238,0.7788776944704779,0.8981481481481481,0.8095238095238096,0.5
ukzn_ISTN101_2020,ukzn_ISTN212_2019,UKZN,UKZN,D2_other_module,zscore,logistic_regression,264,0.7513942513942514,0.9135802469135802,0.4285714285714286,0.5
ukzn_ISTN101_2020,ukzn_ISTN2IP_2018,UKZN,UKZN,D2_other_module,zscore,logistic_regression,99,0.7081081081081081,0.8554913294797688,-0.23809523809523814,0.5
ukzn_ISTN101_2020,ukzn_ISTN2IP_2019,UKZN,UKZN,D2_other_module,zscore,logistic_regression,116,0.7402597402597403,0.8627450980392157,0.23809523809523814,0.5
ukzn_ISTN101_2020,ukzn_ISTN3ND_2018,UKZN,UKZN,D2_other_module,zscore,logistic_regression,144,0.5757209114740875,0.7532467532467533,0.04761904761904762,0.2
ukzn_ISTN101_2020,ukzn_ISTN3ND_2019,UKZN,UKZN,D2_other_module,zscore,logistic_regression,223,0.6728034535297105,0.8905472636815921,-0.04761904761904762,0.5
ukzn_ISTN101_2020,ukzn_ISTN3SA_2018,UKZN,UKZN,D2_other_module,zscore,logistic_regression,141,0.7069069069069069,0.8809523809523809,0.5238095238095238,0.5
ukzn_ISTN101_2020,ukzn_ISTN3SA_2019,UKZN,UKZN,D2_other_module,zscore,logistic_regression,195,0.5804705882352942,0.9315068493150684,-0.14285714285714288,0.2
ukzn_ISTN101_2021,oulad_BBB_2013B,UKZN,OULAD,D3_other_institution,zscore,logistic_regression,1767,0.8093689122223198,0.6249027237354086,-0.33333333333333337,0.2
ukzn_ISTN101_2021,oulad_BBB_2013J,UKZN,OULAD,D3_other_institution,zscore,logistic_regression,2237,0.8186895458330663,0.6479298881837413,0.14285714285714288,0.5
ukzn_ISTN101_2021,oulad_BBB_2014B,UKZN,OULAD,D3_other_institution,zscore,logistic_regression,1613,0.8219723903235723,0.6213675213675214,0.04761904761904762,0.5
ukzn_ISTN101_2021,oulad_BBB_2014J,UKZN,OULAD,D3_other_institution,zscore,logistic_regression,2292,0.828256350511696,0.6689895470383276,0.14285714285714288,0.5
ukzn_ISTN101_2021,oulad_DDD_2013B,UKZN,OULAD,D3_other_institution,zscore,logistic_regression,1303,0.7860346660732389,0.5626034197462769,0.14285714285714288,0.5
ukzn_ISTN101_2021,oulad_DDD_2013J,UKZN,OULAD,D3_other_institution,zscore,logistic_regression,1938,0.8112145283517573,0.5992049150704735,-0.14285714285714288,0.5
ukzn_ISTN101_2021,oulad_DDD_2014B,UKZN,OULAD,D3_other_institution,zscore,logistic_regression,1228,0.8134771205030507,0.5612185120093731,0.14285714285714288,0.5
ukzn_ISTN101_2021,oulad_DDD_2014J,UKZN,OULAD,D3_other_institution,zscore,logistic_regression,1803,0.8284364415670052,0.6104046242774567,0.23809523809523814,0.5
ukzn_ISTN101_2021,oulad_FFF_2013B,UKZN,OULAD,D3_other_institution,zscore,logistic_regression,1614,0.8057526313200867,0.6527545909849749,0.33333333333333337,1.0
ukzn_ISTN101_2021,oulad_FFF_2013J,UKZN,OULAD,D3_other_institution,zscore,logistic_regression,2283,0.8321863997663085,0.6483126110124334,0.23809523809523814,0.5
ukzn_ISTN101_2021,oulad_FFF_2014B,UKZN,OULAD,D3_other_institution,zscore,logistic_regression,1500,0.8221943884153526,0.6072423398328691,0.14285714285714288,0.5
ukzn_ISTN101_2021,oulad_FFF_2014J,UKZN,OULAD,D3_other_institution,zscore,logistic_regression,2365,0.8659409217684734,0.6415852958070075,0.23809523809523814,0.5
ukzn_ISTN101_2021,ku_Accountancy_1819,UKZN,KU Leuven,D3_other_institution,zscore,logistic_regression,756,0.6486921950198786,0.8242612752721618,0.6190476190476191,1.0
ukzn_ISTN101_2021,ku_Globaleconom_1819,UKZN,KU Leuven,D3_other_institution,zscore,logistic_regression,743,0.6096797938903202,0.7178602243313201,0.5238095238095238,0.5
ukzn_ISTN101_2021,ukzn_ISTN101_2019,UKZN,UKZN,D1_same_module,zscore,logistic_regression,1056,0.644950388911049,0.9018789144050104,-0.04761904761904762,0.2
ukzn_ISTN101_2021,ukzn_ISTN101_2020,UKZN,UKZN,D1_same_module,zscore,logistic_regression,978,0.6364315370927703,0.9726890756302521,-0.04761904761904762,0.5
ukzn_ISTN101_2021,ukzn_ISTN101_2021,UKZN,UKZN,D0_within_cohort,zscore,logistic_regression,741,0.8348550826426934,0.9567068843151171,1.0,1.0
ukzn_ISTN101_2021,ukzn_ISTN102_2018,UKZN,UKZN,D2_other_module,zscore,logistic_regression,257,0.6574852163087457,0.8475336322869955,0.04761904761904762,0.2
ukzn_ISTN101_2021,ukzn_ISTN103_2019,UKZN,UKZN,D2_other_module,zscore,logistic_regression,1113,0.6548318983189831,0.8410630536737884,0.4285714285714286,0.5
ukzn_ISTN101_2021,ukzn_ISTN103_2020,UKZN,UKZN,D2_other_module,zscore,logistic_regression,1082,0.6767996043343374,0.9428431851489986,-0.04761904761904762,0.5
ukzn_ISTN101_2021,ukzn_ISTN211_2019,UKZN,UKZN,D2_other_module,zscore,logistic_regression,280,0.7487396652550917,0.9666666666666667,-0.6190476190476191,0.0
ukzn_ISTN101_2021,ukzn_ISTN211_2021,UKZN,UKZN,D2_other_module,zscore,logistic_regression,327,0.8191650853889942,0.9716981132075472,0.6190476190476191,0.5
ukzn_ISTN101_2021,ukzn_ISTN212_2018,UKZN,UKZN,D2_other_module,zscore,logistic_regression,238,0.7283856607310216,0.8981481481481481,0.23809523809523814,0.5
ukzn_ISTN101_2021,ukzn_ISTN212_2019,UKZN,UKZN,D2_other_module,zscore,logistic_regression,264,0.7576147576147576,0.9135802469135802,0.6190476190476191,1.0
ukzn_ISTN101_2021,ukzn_ISTN2IP_2018,UKZN,UKZN,D2_other_module,zscore,logistic_regression,99,0.7648648648648649,0.8554913294797688,0.4285714285714286,0.5
ukzn_ISTN101_2021,ukzn_ISTN2IP_2019,UKZN,UKZN,D2_other_module,zscore,logistic_regression,116,0.7589285714285714,0.8627450980392157,0.23809523809523814,0.5
ukzn_ISTN101_2021,ukzn_ISTN3ND_2018,UKZN,UKZN,D2_other_module,zscore,logistic_regression,144,0.5664448477515628,0.7532467532467533,0.14285714285714288,0.5
ukzn_ISTN101_2021,ukzn_ISTN3ND_2019,UKZN,UKZN,D2_other_module,zscore,logistic_regression,223,0.7766632808532249,0.8922305764411027,0.23809523809523814,0.2
ukzn_ISTN101_2021,ukzn_ISTN3SA_2018,UKZN,UKZN,D2_other_module,zscore,logistic_regression,141,0.609009009009009,0.8844621513944223,-0.23809523809523814,0.5
ukzn_ISTN101_2021,ukzn_ISTN3SA_2019,UKZN,UKZN,D2_other_module,zscore,logistic_regression,195,0.6214117647058823,0.9366391184573003,-0.23809523809523814,0.2
ukzn_ISTN102_2018,oulad_BBB_2013B,UKZN,OULAD,D3_other_institution,zscore,logistic_regression,1767,0.8313817995793781,0.6251459711950175,0.04761904761904762,0.2
ukzn_ISTN102_2018,oulad_BBB_2013J,UKZN,OULAD,D3_other_institution,zscore,logistic_regression,2237,0.8344901031324066,0.6481257557436517,0.33333333333333337,0.5
ukzn_ISTN102_2018,oulad_BBB_2014B,UKZN,OULAD,D3_other_institution,zscore,logistic_regression,1613,0.8304179953487072,0.6213675213675214,0.04761904761904762,0.2
ukzn_ISTN102_2018,oulad_BBB_2014J,UKZN,OULAD,D3_other_institution,zscore,logistic_regression,2292,0.8372902199074075,0.6689895470383276,0.33333333333333337,0.2
ukzn_ISTN102_2018,oulad_DDD_2013B,UKZN,OULAD,D3_other_institution,zscore,logistic_regression,1303,0.810699008481072,0.5918604651162791,0.5238095238095238,0.5
ukzn_ISTN102_2018,oulad_DDD_2013J,UKZN,OULAD,D3_other_institution,zscore,logistic_regression,1938,0.8345742314498875,0.5992049150704735,0.14285714285714288,0.5
ukzn_ISTN102_2018,oulad_DDD_2014B,UKZN,OULAD,D3_other_institution,zscore,logistic_regression,1228,0.8333254360023524,0.5612185120093731,0.14285714285714288,0.2
ukzn_ISTN102_2018,oulad_DDD_2014J,UKZN,OULAD,D3_other_institution,zscore,logistic_regression,1803,0.8362182657434883,0.6491155902920609,0.7142857142857143,1.0
ukzn_ISTN102_2018,oulad_FFF_2013B,UKZN,OULAD,D3_other_institution,zscore,logistic_regression,1614,0.8078337104072398,0.6985261277355963,0.14285714285714288,0.5
ukzn_ISTN102_2018,oulad_FFF_2013J,UKZN,OULAD,D3_other_institution,zscore,logistic_regression,2283,0.8399089832879787,0.6992337164750958,-0.04761904761904762,0.2
ukzn_ISTN102_2018,oulad_FFF_2014B,UKZN,OULAD,D3_other_institution,zscore,logistic_regression,1500,0.8358618720223248,0.6488095238095238,0.4285714285714286,0.5
ukzn_ISTN102_2018,oulad_FFF_2014J,UKZN,OULAD,D3_other_institution,zscore,logistic_regression,2365,0.8767750872299888,0.6411950588911233,0.14285714285714288,0.2
ukzn_ISTN102_2018,ku_Accountancy_1819,UKZN,KU Leuven,D3_other_institution,zscore,logistic_regression,756,0.6379870265745972,0.8073836276083467,0.23809523809523814,0.2
ukzn_ISTN102_2018,ku_Globaleconom_1819,UKZN,KU Leuven,D3_other_institution,zscore,logistic_regression,743,0.6056017666543982,0.7187780772686433,1.0,1.0
ukzn_ISTN102_2018,ukzn_ISTN101_2019,UKZN,UKZN,D2_other_module,zscore,logistic_regression,1056,0.6505721479856402,0.9029535864978903,-0.04761904761904762,0.2
ukzn_ISTN102_2018,ukzn_ISTN101_2020,UKZN,UKZN,D2_other_module,zscore,logistic_regression,978,0.7494123591309506,0.9527389903329753,0.14285714285714288,0.5
ukzn_ISTN102_2018,ukzn_ISTN101_2021,UKZN,UKZN,D2_other_module,zscore,logistic_regression,741,0.7684131666432552,0.9526542324246772,0.04761904761904762,0.2
ukzn_ISTN102_2018,ukzn_ISTN102_2018,UKZN,UKZN,D0_within_cohort,zscore,logistic_regression,257,0.6530501089324617,0.8423529411764706,1.0,1.0
ukzn_ISTN102_2018,ukzn_ISTN103_2019,UKZN,UKZN,D2_other_module,zscore,logistic_regression,1113,0.6499569495694958,0.8302900107411385,0.23809523809523814,0.5
ukzn_ISTN102_2018,ukzn_ISTN103_2020,UKZN,UKZN,D2_other_module,zscore,logistic_regression,1082,0.6717998291443731,0.928928928928929,0.33333333333333337,0.5
ukzn_ISTN102_2018,ukzn_ISTN211_2019,UKZN,UKZN,D2_other_module,zscore,logistic_regression,280,0.7013510788465417,0.9647495361781077,-0.14285714285714288,0.0
ukzn_ISTN102_2018,ukzn_ISTN211_2021,UKZN,UKZN,D2_other_module,zscore,logistic_regression,327,0.8184060721062618,0.942339373970346,0.23809523809523814,0.2
ukzn_ISTN102_2018,ukzn_ISTN212_2018,UKZN,UKZN,D2_other_module,zscore,logistic_regression,238,0.7682169634489222,0.8931116389548693,-0.14285714285714288,0.2
ukzn_ISTN102_2018,ukzn_ISTN212_2019,UKZN,UKZN,D2_other_module,zscore,logistic_regression,264,0.7472114972114972,0.9182389937106918,0.7142857142857143,0.5
ukzn_ISTN102_2018,ukzn_ISTN2IP_2018,UKZN,UKZN,D2_other_module,zscore,logistic_regression,99,0.7064864864864866,0.8421052631578947,0.14285714285714288,0.2
ukzn_ISTN102_2018,ukzn_ISTN2IP_2019,UKZN,UKZN,D2_other_module,zscore,logistic_regression,116,0.7560876623376623,0.8712871287128713,0.7142857142857143,0.5
ukzn_ISTN102_2018,ukzn_ISTN3ND_2018,UKZN,UKZN,D2_other_module,zscore,logistic_regression,144,0.568461383343416,0.7354260089686099,0.33333333333333337,0.5
ukzn_ISTN102_2018,ukzn_ISTN3ND_2019,UKZN,UKZN,D2_other_module,zscore,logistic_regression,223,0.633062468257999,0.883248730964467,-0.5238095238095238,0.0
ukzn_ISTN102_2018,ukzn_ISTN3SA_2018,UKZN,UKZN,D2_other_module,zscore,logistic_regression,141,0.6252252252252252,0.8755020080321285,-0.04761904761904762,0.5
ukzn_ISTN102_2018,ukzn_ISTN3SA_2019,UKZN,UKZN,D2_other_module,zscore,logistic_regression,195,0.6508235294117647,0.9392265193370166,0.5238095238095238,1.0
ukzn_ISTN103_2019,oulad_BBB_2013B,UKZN,OULAD,D3_other_institution,zscore,logistic_regression,1767,0.8253618432951122,0.6249027237354086,-0.33333333333333337,0.2
ukzn_ISTN103_2019,oulad_BBB_2013J,UKZN,OULAD,D3_other_institution,zscore,logistic_regression,2237,0.8182587598488245,0.6479298881837413,-0.4285714285714286,0.2
ukzn_ISTN103_2019,oulad_BBB_2014B,UKZN,OULAD,D3_other_institution,zscore,logistic_regression,1613,0.8295672248424988,0.6213675213675214,-0.33333333333333337,0.2
ukzn_ISTN103_2019,oulad_BBB_2014J,UKZN,OULAD,D3_other_institution,zscore,logistic_regression,2292,0.8275329708820663,0.668602962532675,-0.23809523809523814,0.2
ukzn_ISTN103_2019,oulad_DDD_2013B,UKZN,OULAD,D3_other_institution,zscore,logistic_regression,1303,0.8230299433770986,0.5629139072847682,-0.23809523809523814,0.2
ukzn_ISTN103_2019,oulad_DDD_2013J,UKZN,OULAD,D3_other_institution,zscore,logistic_regression,1938,0.8457319812347925,0.5992049150704735,-0.23809523809523814,0.2
ukzn_ISTN103_2019,oulad_DDD_2014B,UKZN,OULAD,D3_other_institution,zscore,logistic_regression,1228,0.8337184443558704,0.5612185120093731,-0.23809523809523814,0.0
ukzn_ISTN103_2019,oulad_DDD_2014J,UKZN,OULAD,D3_other_institution,zscore,logistic_regression,1803,0.8323017514412172,0.6104046242774567,0.04761904761904762,0.2
ukzn_ISTN103_2019,oulad_FFF_2013B,UKZN,OULAD,D3_other_institution,zscore,logistic_regression,1614,0.8254752360810544,0.6527545909849749,-0.14285714285714288,0.2
ukzn_ISTN103_2019,oulad_FFF_2013J,UKZN,OULAD,D3_other_institution,zscore,logistic_regression,2283,0.8494657380502127,0.6483126110124334,-0.5238095238095238,0.0
ukzn_ISTN103_2019,oulad_FFF_2014B,UKZN,OULAD,D3_other_institution,zscore,logistic_regression,1500,0.8470279277911524,0.6075243845796563,-0.23809523809523814,0.2
ukzn_ISTN103_2019,oulad_FFF_2014J,UKZN,OULAD,D3_other_institution,zscore,logistic_regression,2365,0.8817075987650069,0.6415852958070075,-0.23809523809523814,0.0
ukzn_ISTN103_2019,ku_Accountancy_1819,UKZN,KU Leuven,D3_other_institution,zscore,logistic_regression,756,0.6494454906884286,0.812755519215045,0.6190476190476191,1.0
ukzn_ISTN103_2019,ku_Globaleconom_1819,UKZN,KU Leuven,D3_other_institution,zscore,logistic_regression,743,0.6217813765182186,0.7225225225225225,0.23809523809523814,0.5
ukzn_ISTN103_2019,ukzn_ISTN101_2019,UKZN,UKZN,D2_other_module,zscore,logistic_regression,1056,0.6532396788990826,0.8984582668793195,0.5238095238095238,1.0
ukzn_ISTN103_2019,ukzn_ISTN101_2020,UKZN,UKZN,D2_other_module,zscore,logistic_regression,978,0.6939654225522287,0.9661016949152542,0.6190476190476191,0.5
ukzn_ISTN103_2019,ukzn_ISTN101_2021,UKZN,UKZN,D2_other_module,zscore,logistic_regression,741,0.7240483213934541,0.942795076031861,-0.04761904761904762,0.2
ukzn_ISTN103_2019,ukzn_ISTN102_2018,UKZN,UKZN,D2_other_module,zscore,logistic_regression,257,0.646125116713352,0.8375286041189931,-0.23809523809523814,0.2
ukzn_ISTN103_2019,ukzn_ISTN103_2019,UKZN,UKZN,D0_within_cohort,zscore,logistic_regression,1113,0.6686572365723656,0.8411116937598322,1.0,1.0
ukzn_ISTN103_2019,ukzn_ISTN103_2020,UKZN,UKZN,D1_same_module,zscore,logistic_regression,1082,0.6718627759543185,0.9438750610053684,-0.04761904761904762,0.5
ukzn_ISTN103_2019,ukzn_ISTN211_2019,UKZN,UKZN,D2_other_module,zscore,logistic_regression,280,0.7499495866102037,0.9530956848030019,0.33333333333333337,0.5
ukzn_ISTN103_2019,ukzn_ISTN211_2021,UKZN,UKZN,D2_other_module,zscore,logistic_regression,327,0.7939278937381404,0.9733124018838305,0.33333333333333337,0.5
ukzn_ISTN103_2019,ukzn_ISTN212_2018,UKZN,UKZN,D2_other_module,zscore,logistic_regression,238,0.7659910965323335,0.8992974238875878,0.33333333333333337,0.5
ukzn_ISTN103_2019,ukzn_ISTN212_2019,UKZN,UKZN,D2_other_module,zscore,logistic_regression,264,0.745817245817246,0.9079497907949791,0.04761904761904762,0.2
ukzn_ISTN103_2019,ukzn_ISTN2IP_2018,UKZN,UKZN,D2_other_module,zscore,logistic_regression,99,0.7448648648648649,0.8604651162790697,0.23809523809523814,0.5
ukzn_ISTN103_2019,ukzn_ISTN2IP_2019,UKZN,UKZN,D2_other_module,zscore,logistic_regression,116,0.7329545454545455,0.882051282051282,0.14285714285714288,0.2
ukzn_ISTN103_2019,ukzn_ISTN3ND_2018,UKZN,UKZN,D2_other_module,zscore,logistic_regression,144,0.5972978423069167,0.7510917030567685,0.7142857142857143,1.0
ukzn_ISTN103_2019,ukzn_ISTN3ND_2019,UKZN,UKZN,D2_other_module,zscore,logistic_regression,223,0.5201879126460132,0.883248730964467,-0.14285714285714288,0.2
ukzn_ISTN103_2019,ukzn_ISTN3SA_2018,UKZN,UKZN,D2_other_module,zscore,logistic_regression,141,0.6807807807807807,0.8835341365461847,-0.04761904761904762,0.2
ukzn_ISTN103_2019,ukzn_ISTN3SA_2019,UKZN,UKZN,D2_other_module,zscore,logistic_regression,195,0.5863529411764705,0.9209039548022598,-0.04761904761904762,0.2
ukzn_ISTN103_2020,oulad_BBB_2013B,UKZN,OULAD,D3_other_institution,zscore,logistic_regression,1767,0.8139032569772068,0.6249027237354086,-0.23809523809523814,0.2
ukzn_ISTN103_2020,oulad_BBB_2013J,UKZN,OULAD,D3_other_institution,zscore,logistic_regression,2237,0.798545897123823,0.6479298881837413,-0.33333333333333337,0.2
ukzn_ISTN103_2020,oulad_BBB_2014B,UKZN,OULAD,D3_other_institution,zscore,logistic_regression,1613,0.8104373084601985,0.6213675213675214,-0.14285714285714288,0.5
ukzn_ISTN103_2020,oulad_BBB_2014J,UKZN,OULAD,D3_other_institution,zscore,logistic_regression,2292,0.8086283960769981,0.6689895470383276,-0.04761904761904762,0.5
ukzn_ISTN103_2020,oulad_DDD_2013B,UKZN,OULAD,D3_other_institution,zscore,logistic_regression,1303,0.8057908661573079,0.5626034197462769,0.23809523809523814,0.5
ukzn_ISTN103_2020,oulad_DDD_2013J,UKZN,OULAD,D3_other_institution,zscore,logistic_regression,1938,0.8225604523141616,0.5992049150704735,0.14285714285714288,0.5
ukzn_ISTN103_2020,oulad_DDD_2014B,UKZN,OULAD,D3_other_institution,zscore,logistic_regression,1228,0.8243280532707493,0.5612185120093731,0.04761904761904762,0.5
ukzn_ISTN103_2020,oulad_DDD_2014J,UKZN,OULAD,D3_other_institution,zscore,logistic_regression,1803,0.8264144911029185,0.6104046242774567,0.23809523809523814,0.5
ukzn_ISTN103_2020,oulad_FFF_2013B,UKZN,OULAD,D3_other_institution,zscore,logistic_regression,1614,0.8021022894943929,0.6527545909849749,-0.04761904761904762,0.5
ukzn_ISTN103_2020,oulad_FFF_2013J,UKZN,OULAD,D3_other_institution,zscore,logistic_regression,2283,0.8236343649585659,0.6483126110124334,-0.04761904761904762,0.5
ukzn_ISTN103_2020,oulad_FFF_2014B,UKZN,OULAD,D3_other_institution,zscore,logistic_regression,1500,0.8232914741796257,0.6072423398328691,0.14285714285714288,0.5
ukzn_ISTN103_2020,oulad_FFF_2014J,UKZN,OULAD,D3_other_institution,zscore,logistic_regression,2365,0.8640865671556137,0.6415852958070075,-0.04761904761904762,0.5
ukzn_ISTN103_2020,ku_Accountancy_1819,UKZN,KU Leuven,D3_other_institution,zscore,logistic_regression,756,0.6348985143335426,0.8242612752721618,0.4285714285714286,0.5
ukzn_ISTN103_2020,ku_Globaleconom_1819,UKZN,KU Leuven,D3_other_institution,zscore,logistic_regression,743,0.5980345969819654,0.7189655172413794,0.14285714285714288,0.2
ukzn_ISTN103_2020,ukzn_ISTN101_2019,UKZN,UKZN,D2_other_module,zscore,logistic_regression,1056,0.6713950937375348,0.903125,0.4285714285714286,0.5
ukzn_ISTN103_2020,ukzn_ISTN101_2020,UKZN,UKZN,D2_other_module,zscore,logistic_regression,978,0.7389336789613585,0.9743051914001049,0.33333333333333337,0.5
ukzn_ISTN103_2020,ukzn_ISTN101_2021,UKZN,UKZN,D2_other_module,zscore,logistic_regression,741,0.7821089104274945,0.9561527581329562,0.4285714285714286,0.5
ukzn_ISTN103_2020,ukzn_ISTN102_2018,UKZN,UKZN,D2_other_module,zscore,logistic_regression,257,0.6587301587301586,0.8475336322869955,0.4285714285714286,0.5
ukzn_ISTN103_2020,ukzn_ISTN103_2019,UKZN,UKZN,D1_same_module,zscore,logistic_regression,1113,0.6603013530135301,0.8442367601246106,0.33333333333333337,0.5
ukzn_ISTN103_2020,ukzn_ISTN103_2020,UKZN,UKZN,D0_within_cohort,zscore,logistic_regression,1082,0.6829818803111372,0.9438750610053684,1.0,1.0
ukzn_ISTN103_2020,ukzn_ISTN211_2019,UKZN,UKZN,D2_other_module,zscore,logistic_regression,280,0.7604355716878403,0.9629629629629629,0.04761904761904762,0.2
ukzn_ISTN103_2020,ukzn_ISTN211_2021,UKZN,UKZN,D2_other_module,zscore,logistic_regression,327,0.7058823529411764,0.9716981132075472,0.7142857142857143,1.0
ukzn_ISTN103_2020,ukzn_ISTN212_2018,UKZN,UKZN,D2_other_module,zscore,logistic_regression,238,0.7480670103092784,0.8981481481481481,0.23809523809523814,0.2
ukzn_ISTN103_2020,ukzn_ISTN212_2019,UKZN,UKZN,D2_other_module,zscore,logistic_regression,264,0.7701630201630202,0.9135802469135802,0.33333333333333337,0.5
ukzn_ISTN103_2020,ukzn_ISTN2IP_2018,UKZN,UKZN,D2_other_module,zscore,logistic_regression,99,0.7129729729729729,0.8554913294797688,0.04761904761904762,0.5
ukzn_ISTN103_2020,ukzn_ISTN2IP_2019,UKZN,UKZN,D2_other_module,zscore,logistic_regression,116,0.713474025974026,0.8627450980392157,0.5238095238095238,0.5
ukzn_ISTN103_2020,ukzn_ISTN3ND_2018,UKZN,UKZN,D2_other_module,zscore,logistic_regression,144,0.6267392619479734,0.7532467532467533,0.14285714285714288,0.2
ukzn_ISTN103_2020,ukzn_ISTN3ND_2019,UKZN,UKZN,D2_other_module,zscore,logistic_regression,223,0.7188928390045708,0.8905472636815921,0.14285714285714288,0.5
ukzn_ISTN103_2020,ukzn_ISTN3SA_2018,UKZN,UKZN,D2_other_module,zscore,logistic_regression,141,0.7012012012012011,0.8809523809523809,0.6190476190476191,1.0
ukzn_ISTN103_2020,ukzn_ISTN3SA_2019,UKZN,UKZN,D2_other_module,zscore,logistic_regression,195,0.6080000000000001,0.9315068493150684,0.14285714285714288,0.5
ukzn_ISTN211_2019,oulad_BBB_2013B,UKZN,OULAD,D3_other_institution,zscore,logistic_regression,1767,0.8040375045860181,0.6243674581549241,-0.04761904761904762,0.2
ukzn_ISTN211_2019,oulad_BBB_2013J,UKZN,OULAD,D3_other_institution,zscore,logistic_regression,2237,0.8148549099993594,0.6475211608222491,0.33333333333333337,0.5
ukzn_ISTN211_2019,oulad_BBB_2014B,UKZN,OULAD,D3_other_institution,zscore,logistic_regression,1613,0.8150792862221753,0.6213675213675214,0.23809523809523814,0.5
ukzn_ISTN211_2019,oulad_BBB_2014J,UKZN,OULAD,D3_other_institution,zscore,logistic_regression,2292,0.8266573008040935,0.668602962532675,0.33333333333333337,0.5
ukzn_ISTN211_2019,oulad_DDD_2013B,UKZN,OULAD,D3_other_institution,zscore,logistic_regression,1303,0.7781272408080507,0.5626034197462769,0.33333333333333337,0.5
ukzn_ISTN211_2019,oulad_DDD_2013J,UKZN,OULAD,D3_other_institution,zscore,logistic_regression,1938,0.8115615084825221,0.5992049150704735,0.4285714285714286,0.5
ukzn_ISTN211_2019,oulad_DDD_2014B,UKZN,OULAD,D3_other_institution,zscore,logistic_regression,1228,0.8134297365171655,0.5612185120093731,0.5238095238095238,0.2
ukzn_ISTN211_2019,oulad_DDD_2014J,UKZN,OULAD,D3_other_institution,zscore,logistic_regression,1803,0.8186251735954999,0.6098689282960679,0.33333333333333337,0.5
ukzn_ISTN211_2019,oulad_FFF_2013B,UKZN,OULAD,D3_other_institution,zscore,logistic_regression,1614,0.780357011115483,0.6527545909849749,-0.14285714285714288,0.2
ukzn_ISTN211_2019,oulad_FFF_2013J,UKZN,OULAD,D3_other_institution,zscore,logistic_regression,2283,0.8206301984840798,0.6479123482380811,-0.14285714285714288,0.2
ukzn_ISTN211_2019,oulad_FFF_2014B,UKZN,OULAD,D3_other_institution,zscore,logistic_regression,1500,0.8072346209180096,0.6072423398328691,0.14285714285714288,0.5
ukzn_ISTN211_2019,oulad_FFF_2014J,UKZN,OULAD,D3_other_institution,zscore,logistic_regression,2365,0.8610148664003856,0.6411950588911233,0.23809523809523814,0.2
ukzn_ISTN211_2019,ku_Accountancy_1819,UKZN,KU Leuven,D3_other_institution,zscore,logistic_regression,756,0.6253065494873404,0.8092948717948718,0.7142857142857143,0.5
ukzn_ISTN211_2019,ku_Globaleconom_1819,UKZN,KU Leuven,D3_other_institution,zscore,logistic_regression,743,0.5941037909458963,0.7178602243313201,0.4285714285714286,0.5
ukzn_ISTN211_2019,ukzn_ISTN101_2019,UKZN,UKZN,D2_other_module,zscore,logistic_regression,1056,0.6661161248504188,0.9041666666666667,0.5238095238095238,1.0
ukzn_ISTN211_2019,ukzn_ISTN101_2020,UKZN,UKZN,D2_other_module,zscore,logistic_regression,978,0.6839480679246941,0.9721492380451918,0.23809523809523814,0.5
ukzn_ISTN211_2019,ukzn_ISTN101_2021,UKZN,UKZN,D2_other_module,zscore,logistic_regression,741,0.7328042328042328,0.9554770318021202,-0.14285714285714288,0.2
ukzn_ISTN211_2019,ukzn_ISTN102_2018,UKZN,UKZN,D2_other_module,zscore,logistic_regression,257,0.6576408341114223,0.849438202247191,-0.33333333333333337,0.5
ukzn_ISTN211_2019,ukzn_ISTN103_2019,UKZN,UKZN,D2_other_module,zscore,logistic_regression,1113,0.6604530545305454,0.8427083333333333,0.4285714285714286,0.5
ukzn_ISTN211_2019,ukzn_ISTN103_2020,UKZN,UKZN,D2_other_module,zscore,logistic_regression,1082,0.6904590620925319,0.9438750610053684,0.14285714285714288,0.2
ukzn_ISTN211_2019,ukzn_ISTN211_2019,UKZN,UKZN,D0_within_cohort,zscore,logistic_regression,280,0.7074006856221012,0.9629629629629629,1.0,1.0
ukzn_ISTN211_2019,ukzn_ISTN211_2021,UKZN,UKZN,D1_same_module,zscore,logistic_regression,327,0.7368121442125237,0.9733124018838305,0.33333333333333337,0.2
ukzn_ISTN211_2019,ukzn_ISTN212_2018,UKZN,UKZN,D2_other_module,zscore,logistic_regression,238,0.7152647610121837,0.8981481481481481,-0.4285714285714286,0.2
ukzn_ISTN211_2019,ukzn_ISTN212_2019,UKZN,UKZN,D2_other_module,zscore,logistic_regression,264,0.7469969969969971,0.9173553719008265,0.04761904761904762,0.2
ukzn_ISTN211_2019,ukzn_ISTN2IP_2018,UKZN,UKZN,D2_other_module,zscore,logistic_regression,99,0.6962162162162163,0.8421052631578947,-0.14285714285714288,0.2
ukzn_ISTN211_2019,ukzn_ISTN2IP_2019,UKZN,UKZN,D2_other_module,zscore,logistic_regression,116,0.698051948051948,0.8627450980392157,0.14285714285714288,0.5
ukzn_ISTN211_2019,ukzn_ISTN3ND_2018,UKZN,UKZN,D2_other_module,zscore,logistic_regression,144,0.6116152450090744,0.7532467532467533,0.14285714285714288,0.2
ukzn_ISTN211_2019,ukzn_ISTN3ND_2019,UKZN,UKZN,D2_other_module,zscore,logistic_regression,223,0.6240477399695276,0.89,0.14285714285714288,0.2
ukzn_ISTN211_2019,ukzn_ISTN3SA_2018,UKZN,UKZN,D2_other_module,zscore,logistic_regression,141,0.6321321321321322,0.8809523809523809,0.23809523809523814,0.5
ukzn_ISTN211_2019,ukzn_ISTN3SA_2019,UKZN,UKZN,D2_other_module,zscore,logistic_regression,195,0.6475294117647059,0.9366391184573003,0.23809523809523814,0.2
ukzn_ISTN211_2021,oulad_BBB_2013B,UKZN,OULAD,D3_other_institution,zscore,logistic_regression,1767,0.7985484929439911,0.6249027237354086,-0.04761904761904762,0.2
ukzn_ISTN211_2021,oulad_BBB_2013J,UKZN,OULAD,D3_other_institution,zscore,logistic_regression,2237,0.8068665524309782,0.6479298881837413,-0.04761904761904762,0.2
ukzn_ISTN211_2021,oulad_BBB_2014B,UKZN,OULAD,D3_other_institution,zscore,logistic_regression,1613,0.8101889083124004,0.6213675213675214,0.04761904761904762,0.2
ukzn_ISTN211_2021,oulad_BBB_2014J,UKZN,OULAD,D3_other_institution,zscore,logistic_regression,2292,0.8217109070419103,0.6689895470383276,-0.04761904761904762,0.2
ukzn_ISTN211_2021,oulad_DDD_2013B,UKZN,OULAD,D3_other_institution,zscore,logistic_regression,1303,0.7969586825903123,0.5626034197462769,-0.14285714285714288,0.2
ukzn_ISTN211_2021,oulad_DDD_2013J,UKZN,OULAD,D3_other_institution,zscore,logistic_regression,1938,0.8233082543201202,0.5992049150704735,-0.14285714285714288,0.2
ukzn_ISTN211_2021,oulad_DDD_2014B,UKZN,OULAD,D3_other_institution,zscore,logistic_regression,1228,0.8094216087699396,0.5612185120093731,0.04761904761904762,0.2
ukzn_ISTN211_2021,oulad_DDD_2014J,UKZN,OULAD,D3_other_institution,zscore,logistic_regression,1803,0.8100353185664758,0.6104046242774567,0.33333333333333337,0.5
ukzn_ISTN211_2021,oulad_FFF_2013B,UKZN,OULAD,D3_other_institution,zscore,logistic_regression,1614,0.8026018099547513,0.6527545909849749,0.23809523809523814,0.5
ukzn_ISTN211_2021,oulad_FFF_2013J,UKZN,OULAD,D3_other_institution,zscore,logistic_regression,2283,0.8316052457604969,0.6483126110124334,-0.14285714285714288,0.2
ukzn_ISTN211_2021,oulad_FFF_2014B,UKZN,OULAD,D3_other_institution,zscore,logistic_regression,1500,0.8241698657470665,0.6072423398328691,0.14285714285714288,0.2
ukzn_ISTN211_2021,oulad_FFF_2014J,UKZN,OULAD,D3_other_institution,zscore,logistic_regression,2365,0.8643921590569981,0.6415852958070075,0.04761904761904762,0.2
ukzn_ISTN211_2021,ku_Accountancy_1819,UKZN,KU Leuven,D3_other_institution,zscore,logistic_regression,756,0.6528353211969031,0.8251748251748252,0.7142857142857143,1.0
ukzn_ISTN211_2021,ku_Globaleconom_1819,UKZN,KU Leuven,D3_other_institution,zscore,logistic_regression,743,0.6255428781744572,0.7200689061154177,0.33333333333333337,0.5
ukzn_ISTN211_2021,ukzn_ISTN101_2019,UKZN,UKZN,D2_other_module,zscore,logistic_regression,1056,0.6333142201834863,0.905974025974026,0.5238095238095238,0.5
ukzn_ISTN211_2021,ukzn_ISTN101_2020,UKZN,UKZN,D2_other_module,zscore,logistic_regression,978,0.6225038992992246,0.9743051914001049,0.04761904761904762,0.2
ukzn_ISTN211_2021,ukzn_ISTN101_2021,UKZN,UKZN,D2_other_module,zscore,logistic_regression,741,0.7805871611181346,0.9520400858983536,0.6190476190476191,0.5
ukzn_ISTN211_2021,ukzn_ISTN102_2018,UKZN,UKZN,D2_other_module,zscore,logistic_regression,257,0.6484593837535013,0.8475336322869955,0.23809523809523814,0.2
ukzn_ISTN211_2021,ukzn_ISTN103_2019,UKZN,UKZN,D2_other_module,zscore,logistic_regression,1113,0.6587679376793768,0.8442367601246106,0.7142857142857143,1.0
ukzn_ISTN211_2021,ukzn_ISTN103_2020,UKZN,UKZN,D2_other_module,zscore,logistic_regression,1082,0.6075311361899195,0.9438750610053684,-0.33333333333333337,0.2
ukzn_ISTN211_2021,ukzn_ISTN211_2019,UKZN,UKZN,D1_same_module,zscore,logistic_regression,280,0.6102036700947773,0.9647495361781077,-0.23809523809523814,0.2
ukzn_ISTN211_2021,ukzn_ISTN211_2021,UKZN,UKZN,D0_within_cohort,zscore,logistic_regression,327,0.8504743833017078,0.9733124018838305,1.0,1.0
ukzn_ISTN211_2021,ukzn_ISTN212_2018,UKZN,UKZN,D2_other_module,zscore,logistic_regression,238,0.7183106841611996,0.8981481481481481,0.33333333333333337,0.5
ukzn_ISTN211_2021,ukzn_ISTN212_2019,UKZN,UKZN,D2_other_module,zscore,logistic_regression,264,0.7195409695409696,0.9135802469135802,0.4285714285714286,0.5
ukzn_ISTN211_2021,ukzn_ISTN2IP_2018,UKZN,UKZN,D2_other_module,zscore,logistic_regression,99,0.7697297297297298,0.8554913294797688,0.5238095238095238,0.5
ukzn_ISTN211_2021,ukzn_ISTN2IP_2019,UKZN,UKZN,D2_other_module,zscore,logistic_regression,116,0.7098214285714285,0.8627450980392157,0.14285714285714288,0.2
ukzn_ISTN211_2021,ukzn_ISTN3ND_2018,UKZN,UKZN,D2_other_module,zscore,logistic_regression,144,0.5422464206493244,0.7532467532467533,0.7142857142857143,1.0
ukzn_ISTN211_2021,ukzn_ISTN3ND_2019,UKZN,UKZN,D2_other_module,zscore,logistic_regression,223,0.6787709497206703,0.8927680798004988,0.04761904761904762,0.2
ukzn_ISTN211_2021,ukzn_ISTN3SA_2018,UKZN,UKZN,D2_other_module,zscore,logistic_regression,141,0.5555555555555556,0.8844621513944223,-0.14285714285714288,0.2
ukzn_ISTN211_2021,ukzn_ISTN3SA_2019,UKZN,UKZN,D2_other_module,zscore,logistic_regression,195,0.5665882352941176,0.9340659340659341,0.5238095238095238,0.5
ukzn_ISTN212_2018,oulad_BBB_2013B,UKZN,OULAD,D3_other_institution,zscore,logistic_regression,1767,0.8471292817907948,0.6251459711950175,-0.14285714285714288,0.2
ukzn_ISTN212_2018,oulad_BBB_2013J,UKZN,OULAD,D3_other_institution,zscore,logistic_regression,2237,0.8358040804560887,0.6481257557436517,-0.6190476190476191,0.2
ukzn_ISTN212_2018,oulad_BBB_2014B,UKZN,OULAD,D3_other_institution,zscore,logistic_regression,1613,0.8412963693213397,0.6207781103035486,-0.23809523809523814,0.2
ukzn_ISTN212_2018,oulad_BBB_2014J,UKZN,OULAD,D3_other_institution,zscore,logistic_regression,2292,0.8309298093323586,0.6682161533991865,-0.04761904761904762,0.2
ukzn_ISTN212_2018,oulad_DDD_2013B,UKZN,OULAD,D3_other_institution,zscore,logistic_regression,1303,0.8292732982221893,0.5621203754831585,-0.04761904761904762,0.2
ukzn_ISTN212_2018,oulad_DDD_2013J,UKZN,OULAD,D3_other_institution,zscore,logistic_regression,1938,0.8467479042508873,0.5986984815618221,0.04761904761904762,0.2
ukzn_ISTN212_2018,oulad_DDD_2014B,UKZN,OULAD,D3_other_institution,zscore,logistic_regression,1228,0.8373697985623142,0.5615474794841735,-0.33333333333333337,0.2
ukzn_ISTN212_2018,oulad_DDD_2014J,UKZN,OULAD,D3_other_institution,zscore,logistic_regression,1803,0.8391044470421325,0.6104046242774567,-0.04761904761904762,0.2
ukzn_ISTN212_2018,oulad_FFF_2013B,UKZN,OULAD,D3_other_institution,zscore,logistic_regression,1614,0.82791135894157,0.653027139874739,0.23809523809523814,0.5
ukzn_ISTN212_2018,oulad_FFF_2013J,UKZN,OULAD,D3_other_institution,zscore,logistic_regression,2283,0.8502344602801224,0.6477037037037037,-0.14285714285714288,0.2
ukzn_ISTN212_2018,oulad_FFF_2014B,UKZN,OULAD,D3_other_institution,zscore,logistic_regression,1500,0.8525567339738722,0.6075243845796563,0.14285714285714288,0.2
ukzn_ISTN212_2018,oulad_FFF_2014J,UKZN,OULAD,D3_other_institution,zscore,logistic_regression,2365,0.8792492338681909,0.6411950588911233,-0.04761904761904762,0.2
ukzn_ISTN212_2018,ku_Accountancy_1819,UKZN,KU Leuven,D3_other_institution,zscore,logistic_regression,756,0.6329483155471856,0.8117839607201309,0.33333333333333337,0.5
ukzn_ISTN212_2018,ku_Globaleconom_1819,UKZN,KU Leuven,D3_other_institution,zscore,logistic_regression,743,0.6159366948840633,0.7190008920606601,0.23809523809523814,0.2
ukzn_ISTN212_2018,ukzn_ISTN101_2019,UKZN,UKZN,D2_other_module,zscore,logistic_regression,1056,0.6693009573195053,0.8992576882290562,0.23809523809523814,0.2
ukzn_ISTN212_2018,ukzn_ISTN101_2020,UKZN,UKZN,D2_other_module,zscore,logistic_regression,978,0.7883174798444674,0.9656266525647805,0.5238095238095238,0.5
ukzn_ISTN212_2018,ukzn_ISTN101_2021,UKZN,UKZN,D2_other_module,zscore,logistic_regression,741,0.7775904855550873,0.9402214022140222,-0.04761904761904762,0.2
ukzn_ISTN212_2018,ukzn_ISTN102_2018,UKZN,UKZN,D2_other_module,zscore,logistic_regression,257,0.6676781823840647,0.849438202247191,0.14285714285714288,0.2
ukzn_ISTN212_2018,ukzn_ISTN103_2019,UKZN,UKZN,D2_other_module,zscore,logistic_regression,1113,0.6660988109881099,0.8428198433420365,0.6190476190476191,0.5
ukzn_ISTN212_2018,ukzn_ISTN103_2020,UKZN,UKZN,D2_other_module,zscore,logistic_regression,1082,0.6941189694707971,0.9443359375,0.23809523809523814,0.2
ukzn_ISTN212_2018,ukzn_ISTN211_2019,UKZN,UKZN,D2_other_module,zscore,logistic_regression,280,0.7057874571486187,0.9568480300187617,0.23809523809523814,0.2
ukzn_ISTN212_2018,ukzn_ISTN211_2021,UKZN,UKZN,D2_other_module,zscore,logistic_regression,327,0.8189753320683112,0.9716981132075472,0.33333333333333337,0.5
ukzn_ISTN212_2018,ukzn_ISTN212_2018,UKZN,UKZN,D0_within_cohort,zscore,logistic_regression,238,0.7443181818181818,0.8847058823529412,1.0,1.0
ukzn_ISTN212_2018,ukzn_ISTN212_2019,UKZN,UKZN,D1_same_module,zscore,logistic_regression,264,0.7476404976404977,0.9094736842105263,0.6190476190476191,1.0
ukzn_ISTN212_2018,ukzn_ISTN2IP_2018,UKZN,UKZN,D2_other_module,zscore,logistic_regression,99,0.7135135135135136,0.8554913294797688,0.04761904761904762,0.5
ukzn_ISTN212_2018,ukzn_ISTN2IP_2019,UKZN,UKZN,D2_other_module,zscore,logistic_regression,116,0.7431006493506492,0.8629441624365483,-0.14285714285714288,0.2
ukzn_ISTN212_2018,ukzn_ISTN3ND_2018,UKZN,UKZN,D2_other_module,zscore,logistic_regression,144,0.5680580762250453,0.7478260869565218,0.14285714285714288,0.2
ukzn_ISTN212_2018,ukzn_ISTN3ND_2019,UKZN,UKZN,D2_other_module,zscore,logistic_regression,223,0.6278567800914169,0.8888888888888888,-0.04761904761904762,0.5
ukzn_ISTN212_2018,ukzn_ISTN3SA_2018,UKZN,UKZN,D2_other_module,zscore,logistic_regression,141,0.7018018018018017,0.8790322580645161,0.33333333333333337,0.2
ukzn_ISTN212_2018,ukzn_ISTN3SA_2019,UKZN,UKZN,D2_other_module,zscore,logistic_regression,195,0.5952941176470588,0.9295774647887324,0.23809523809523814,0.2
ukzn_ISTN212_2019,oulad_BBB_2013B,UKZN,OULAD,D3_other_institution,zscore,logistic_regression,1767,0.8174868103532914,0.6249027237354086,-0.23809523809523814,0.2
ukzn_ISTN212_2019,oulad_BBB_2013J,UKZN,OULAD,D3_other_institution,zscore,logistic_regression,2237,0.8219620780219077,0.6479298881837413,0.23809523809523814,0.5
ukzn_ISTN212_2019,oulad_BBB_2014B,UKZN,OULAD,D3_other_institution,zscore,logistic_regression,1613,0.8257837800913492,0.6213675213675214,0.14285714285714288,0.5
ukzn_ISTN212_2019,oulad_BBB_2014J,UKZN,OULAD,D3_other_institution,zscore,logistic_regression,2292,0.8300076906676414,0.6678291194420227,0.23809523809523814,0.5
ukzn_ISTN212_2019,oulad_DDD_2013B,UKZN,OULAD,D3_other_institution,zscore,logistic_regression,1303,0.8025270133273991,0.591990713871155,0.33333333333333337,0.5
ukzn_ISTN212_2019,oulad_DDD_2013J,UKZN,OULAD,D3_other_institution,zscore,logistic_regression,1938,0.8262847782318372,0.5992049150704735,0.23809523809523814,0.5
ukzn_ISTN212_2019,oulad_DDD_2014B,UKZN,OULAD,D3_other_institution,zscore,logistic_regression,1228,0.8282581368059291,0.5612185120093731,0.23809523809523814,0.5
ukzn_ISTN212_2019,oulad_DDD_2014J,UKZN,OULAD,D3_other_institution,zscore,logistic_regression,1803,0.8363169279341387,0.6104046242774567,0.5238095238095238,0.5
ukzn_ISTN212_2019,oulad_FFF_2013B,UKZN,OULAD,D3_other_institution,zscore,logistic_regression,1614,0.8047167027346055,0.6988382484361036,0.23809523809523814,1.0
ukzn_ISTN212_2019,oulad_FFF_2013J,UKZN,OULAD,D3_other_institution,zscore,logistic_regression,2283,0.8315606598711621,0.686539064951365,0.04761904761904762,0.5
ukzn_ISTN212_2019,oulad_FFF_2014B,UKZN,OULAD,D3_other_institution,zscore,logistic_regression,1500,0.8246488241120293,0.6065954482117974,0.33333333333333337,0.5
ukzn_ISTN212_2019,oulad_FFF_2014J,UKZN,OULAD,D3_other_institution,zscore,logistic_regression,2365,0.8687515064389504,0.6411950588911233,0.23809523809523814,0.5
ukzn_ISTN212_2019,ku_Accountancy_1819,UKZN,KU Leuven,D3_other_institution,zscore,logistic_regression,756,0.6491609123247541,0.8080321285140563,0.6190476190476191,1.0
ukzn_ISTN212_2019,ku_Globaleconom_1819,UKZN,KU Leuven,D3_other_institution,zscore,logistic_regression,743,0.6095767390504232,0.7194244604316546,0.33333333333333337,0.5
ukzn_ISTN212_2019,ukzn_ISTN101_2019,UKZN,UKZN,D2_other_module,zscore,logistic_regression,1056,0.6755459712804148,0.8985042735042735,0.33333333333333337,0.2
ukzn_ISTN212_2019,ukzn_ISTN101_2020,UKZN,UKZN,D2_other_module,zscore,logistic_regression,978,0.702291250192219,0.9486208761492698,0.04761904761904762,0.5
ukzn_ISTN212_2019,ukzn_ISTN101_2021,UKZN,UKZN,D2_other_module,zscore,logistic_regression,741,0.8069251299339796,0.9502523431867339,0.33333333333333337,0.5
ukzn_ISTN212_2019,ukzn_ISTN102_2018,UKZN,UKZN,D2_other_module,zscore,logistic_regression,257,0.6716464363523187,0.8498845265588915,0.6190476190476191,0.5
ukzn_ISTN212_2019,ukzn_ISTN103_2019,UKZN,UKZN,D2_other_module,zscore,logistic_regression,1113,0.6715723657236573,0.8351063829787234,0.5238095238095238,1.0
ukzn_ISTN212_2019,ukzn_ISTN103_2020,UKZN,UKZN,D2_other_module,zscore,logistic_regression,1082,0.686637291488692,0.9328692192938837,0.14285714285714288,0.2
ukzn_ISTN212_2019,ukzn_ISTN211_2019,UKZN,UKZN,D2_other_module,zscore,logistic_regression,280,0.7816091954022989,0.9683426443202979,-0.14285714285714288,0.2
ukzn_ISTN212_2019,ukzn_ISTN211_2021,UKZN,UKZN,D2_other_module,zscore,logistic_regression,327,0.79146110056926,0.944078947368421,0.6190476190476191,0.5
ukzn_ISTN212_2019,ukzn_ISTN212_2018,UKZN,UKZN,D1_same_module,zscore,logistic_regression,238,0.7368205248359888,0.9035294117647059,0.04761904761904762,0.5
ukzn_ISTN212_2019,ukzn_ISTN212_2019,UKZN,UKZN,D0_within_cohort,zscore,logistic_regression,264,0.7501072501072501,0.9182389937106918,1.0,1.0
ukzn_ISTN212_2019,ukzn_ISTN2IP_2018,UKZN,UKZN,D2_other_module,zscore,logistic_regression,99,0.7232432432432433,0.8421052631578947,0.7142857142857143,0.5
ukzn_ISTN212_2019,ukzn_ISTN2IP_2019,UKZN,UKZN,D2_other_module,zscore,logistic_regression,116,0.7386363636363636,0.8756218905472637,0.14285714285714288,0.2
ukzn_ISTN212_2019,ukzn_ISTN3ND_2018,UKZN,UKZN,D2_other_module,zscore,logistic_regression,144,0.6021375277273643,0.7433628318584071,0.5238095238095238,0.5
ukzn_ISTN212_2019,ukzn_ISTN3ND_2019,UKZN,UKZN,D2_other_module,zscore,logistic_regression,223,0.7296851193499239,0.8797953964194374,0.14285714285714288,0.5
ukzn_ISTN212_2019,ukzn_ISTN3SA_2018,UKZN,UKZN,D2_other_module,zscore,logistic_regression,141,0.6204204204204204,0.8844621513944223,-0.04761904761904762,0.2
ukzn_ISTN212_2019,ukzn_ISTN3SA_2019,UKZN,UKZN,D2_other_module,zscore,logistic_regression,195,0.6263529411764706,0.9337016574585635,0.7142857142857143,1.0
ukzn_ISTN2IP_2018,oulad_BBB_2013B,UKZN,OULAD,D3_other_institution,zscore,logistic_regression,1767,0.6903688450468419,0.6235294117647059,-0.5238095238095238,0.0
ukzn_ISTN2IP_2018,oulad_BBB_2013J,UKZN,OULAD,D3_other_institution,zscore,logistic_regression,2237,0.6408125680609826,0.6470944309927361,-0.5238095238095238,0.2
ukzn_ISTN2IP_2018,oulad_BBB_2014B,UKZN,OULAD,D3_other_institution,zscore,logistic_regression,1613,0.6551344310549865,0.6213093709884467,-0.23809523809523814,0.2
ukzn_ISTN2IP_2018,oulad_BBB_2014J,UKZN,OULAD,D3_other_institution,zscore,logistic_regression,2292,0.7227099323830409,0.6557669441141498,-0.14285714285714288,0.2
ukzn_ISTN2IP_2018,oulad_DDD_2013B,UKZN,OULAD,D3_other_institution,zscore,logistic_regression,1303,0.7647133002002818,0.5849615156897573,-0.14285714285714288,0.2
ukzn_ISTN2IP_2018,oulad_DDD_2013J,UKZN,OULAD,D3_other_institution,zscore,logistic_regression,1938,0.7809456785745751,0.6099506266616027,-0.04761904761904762,0.2
ukzn_ISTN2IP_2018,oulad_DDD_2014B,UKZN,OULAD,D3_other_institution,zscore,logistic_regression,1228,0.7486725515718942,0.5667074663402693,-0.23809523809523814,0.2
ukzn_ISTN2IP_2018,oulad_DDD_2014J,UKZN,OULAD,D3_other_institution,zscore,logistic_regression,1803,0.7282955669454185,0.6118935837245696,0.04761904761904762,0.2
ukzn_ISTN2IP_2018,oulad_FFF_2013B,UKZN,OULAD,D3_other_institution,zscore,logistic_regression,1614,0.7645844604564234,0.6660412757973734,0.23809523809523814,0.5
ukzn_ISTN2IP_2018,oulad_FFF_2013J,UKZN,OULAD,D3_other_institution,zscore,logistic_regression,2283,0.7723798102793538,0.6467977171845276,-0.14285714285714288,0.2
ukzn_ISTN2IP_2018,oulad_FFF_2014B,UKZN,OULAD,D3_other_institution,zscore,logistic_regression,1500,0.7717447097693048,0.616156547917712,-0.04761904761904762,0.2
ukzn_ISTN2IP_2018,oulad_FFF_2014J,UKZN,OULAD,D3_other_institution,zscore,logistic_regression,2365,0.8104967948717948,0.6468266018827816,-0.14285714285714288,0.2
ukzn_ISTN2IP_2018,ku_Accountancy_1819,UKZN,KU Leuven,D3_other_institution,zscore,logistic_regression,756,0.6541912534002929,0.7642124883504194,0.33333333333333337,0.5
ukzn_ISTN2IP_2018,ku_Globaleconom_1819,UKZN,KU Leuven,D3_other_institution,zscore,logistic_regression,743,0.6146264262053736,0.6847935548841894,-0.14285714285714288,0.2
ukzn_ISTN2IP_2018,ukzn_ISTN101_2019,UKZN,UKZN,D2_other_module,zscore,logistic_regression,1056,0.6267949740725968,0.8296994696523277,0.33333333333333337,0.5
ukzn_ISTN2IP_2018,ukzn_ISTN101_2020,UKZN,UKZN,D2_other_module,zscore,logistic_regression,978,0.6181103227082005,0.8946162657502864,0.33333333333333337,0.2
ukzn_ISTN2IP_2018,ukzn_ISTN101_2021,UKZN,UKZN,D2_other_module,zscore,logistic_regression,741,0.7787142388912301,0.8702659145850121,0.6190476190476191,0.5
ukzn_ISTN2IP_2018,ukzn_ISTN102_2018,UKZN,UKZN,D2_other_module,zscore,logistic_regression,257,0.6174136321195146,0.7839195979899497,-0.04761904761904762,0.2
ukzn_ISTN2IP_2018,ukzn_ISTN103_2019,UKZN,UKZN,D2_other_module,zscore,logistic_regression,1113,0.6530237802378024,0.8048498845265589,0.5238095238095238,1.0
ukzn_ISTN2IP_2018,ukzn_ISTN103_2020,UKZN,UKZN,D2_other_module,zscore,logistic_regression,1082,0.6437165595072165,0.8961919666145018,0.04761904761904762,0.5
ukzn_ISTN2IP_2018,ukzn_ISTN211_2019,UKZN,UKZN,D2_other_module,zscore,logistic_regression,280,0.6918733615648317,0.8649789029535865,-0.33333333333333337,0.0
ukzn_ISTN2IP_2018,ukzn_ISTN211_2021,UKZN,UKZN,D2_other_module,zscore,logistic_regression,327,0.7812144212523718,0.8743362831858407,0.4285714285714286,0.5
ukzn_ISTN2IP_2018,ukzn_ISTN212_2018,UKZN,UKZN,D2_other_module,zscore,logistic_regression,238,0.7103444236176195,0.8324607329842932,0.7142857142857143,1.0
ukzn_ISTN2IP_2018,ukzn_ISTN212_2019,UKZN,UKZN,D2_other_module,zscore,logistic_regression,264,0.6919776919776921,0.8352668213457076,0.5238095238095238,0.5
ukzn_ISTN2IP_2018,ukzn_ISTN2IP_2018,UKZN,UKZN,D0_within_cohort,zscore,logistic_regression,99,0.7697297297297298,0.8588957055214724,1.0,1.0
ukzn_ISTN2IP_2018,ukzn_ISTN2IP_2019,UKZN,UKZN,D1_same_module,zscore,logistic_regression,116,0.7025162337662338,0.8333333333333334,0.33333333333333337,0.5
ukzn_ISTN2IP_2018,ukzn_ISTN3ND_2018,UKZN,UKZN,D2_other_module,zscore,logistic_regression,144,0.5827787860455738,0.7219512195121951,0.5238095238095238,0.5
ukzn_ISTN2IP_2018,ukzn_ISTN3ND_2019,UKZN,UKZN,D2_other_module,zscore,logistic_regression,223,0.6868969019807009,0.8461538461538461,0.4285714285714286,0.5
ukzn_ISTN2IP_2018,ukzn_ISTN3SA_2018,UKZN,UKZN,D2_other_module,zscore,logistic_regression,141,0.6450450450450451,0.8434782608695652,-0.04761904761904762,0.2
ukzn_ISTN2IP_2018,ukzn_ISTN3SA_2019,UKZN,UKZN,D2_other_module,zscore,logistic_regression,195,0.5141176470588236,0.8150470219435737,-0.23809523809523814,0.2
ukzn_ISTN2IP_2019,oulad_BBB_2013B,UKZN,OULAD,D3_other_institution,zscore,logistic_regression,1767,0.8368255969574676,0.7196765498652291,0.04761904761904762,0.2
ukzn_ISTN2IP_2019,oulad_BBB_2013J,UKZN,OULAD,D3_other_institution,zscore,logistic_regression,2237,0.8428487925180963,0.74501573976915,-0.04761904761904762,0.5
ukzn_ISTN2IP_2019,oulad_BBB_2014B,UKZN,OULAD,D3_other_institution,zscore,logistic_regression,1613,0.8443687686494173,0.7313883299798792,0.14285714285714288,0.5
ukzn_ISTN2IP_2019,oulad_BBB_2014J,UKZN,OULAD,D3_other_institution,zscore,logistic_regression,2292,0.8483899092348927,0.7796725784447476,0.14285714285714288,0.5
ukzn_ISTN2IP_2019,oulad_DDD_2013B,UKZN,OULAD,D3_other_institution,zscore,logistic_regression,1303,0.8206809583858765,0.6534272901985907,0.33333333333333337,0.5
ukzn_ISTN2IP_2019,oulad_DDD_2013J,UKZN,OULAD,D3_other_institution,zscore,logistic_regression,1938,0.8488912407639654,0.689568496020109,0.14285714285714288,0.5
ukzn_ISTN2IP_2019,oulad_DDD_2014B,UKZN,OULAD,D3_other_institution,zscore,logistic_regression,1228,0.8404023736589636,0.6552433173406442,0.14285714285714288,0.5
ukzn_ISTN2IP_2019,oulad_DDD_2014J,UKZN,OULAD,D3_other_institution,zscore,logistic_regression,1803,0.8448730629739531,0.7014725568942436,0.33333333333333337,0.5
ukzn_ISTN2IP_2019,oulad_FFF_2013B,UKZN,OULAD,D3_other_institution,zscore,logistic_regression,1614,0.8292469998032657,0.7362948960302458,0.4285714285714286,1.0
ukzn_ISTN2IP_2019,oulad_FFF_2013J,UKZN,OULAD,D3_other_institution,zscore,logistic_regression,2283,0.8588825853666036,0.7451381780962129,0.14285714285714288,0.5
ukzn_ISTN2IP_2019,oulad_FFF_2014B,UKZN,OULAD,D3_other_institution,zscore,logistic_regression,1500,0.8539628834378005,0.6930058729311266,0.33333333333333337,0.5
ukzn_ISTN2IP_2019,oulad_FFF_2014J,UKZN,OULAD,D3_other_institution,zscore,logistic_regression,2365,0.8921221133760301,0.7502521008403361,0.33333333333333337,0.5
ukzn_ISTN2IP_2019,ku_Accountancy_1819,UKZN,KU Leuven,D3_other_institution,zscore,logistic_regression,756,0.6537727558066542,0.8110367892976589,0.4285714285714286,0.5
ukzn_ISTN2IP_2019,ku_Globaleconom_1819,UKZN,KU Leuven,D3_other_institution,zscore,logistic_regression,743,0.6191829223408172,0.710727969348659,0.7142857142857143,0.5
ukzn_ISTN2IP_2019,ukzn_ISTN101_2019,UKZN,UKZN,D2_other_module,zscore,logistic_regression,1056,0.6639845931392103,0.8792431830829159,0.33333333333333337,0.5
ukzn_ISTN2IP_2019,ukzn_ISTN101_2020,UKZN,UKZN,D2_other_module,zscore,logistic_regression,978,0.7155598514971112,0.9055523755008587,-0.14285714285714288,0.2
ukzn_ISTN2IP_2019,ukzn_ISTN101_2021,UKZN,UKZN,D2_other_module,zscore,logistic_regression,741,0.8165472678747016,0.9265707797123391,0.6190476190476191,1.0
ukzn_ISTN2IP_2019,ukzn_ISTN102_2018,UKZN,UKZN,D2_other_module,zscore,logistic_regression,257,0.6763149704326176,0.8325123152709359,0.9047619047619049,1.0
ukzn_ISTN2IP_2019,ukzn_ISTN103_2019,UKZN,UKZN,D2_other_module,zscore,logistic_regression,1113,0.6684973349733497,0.8155230596175478,0.4285714285714286,0.5
ukzn_ISTN2IP_2019,ukzn_ISTN103_2020,UKZN,UKZN,D2_other_module,zscore,logistic_regression,1082,0.6741468459152017,0.8873755893137768,0.23809523809523814,0.5
ukzn_ISTN2IP_2019,ukzn_ISTN211_2019,UKZN,UKZN,D2_other_module,zscore,logistic_regression,280,0.7420850978019762,0.9487666034155597,-0.4285714285714286,0.0
ukzn_ISTN2IP_2019,ukzn_ISTN211_2021,UKZN,UKZN,D2_other_module,zscore,logistic_regression,327,0.8409867172675523,0.9368770764119602,0.7142857142857143,0.5
ukzn_ISTN2IP_2019,ukzn_ISTN212_2018,UKZN,UKZN,D2_other_module,zscore,logistic_regression,238,0.7606021555763824,0.8691358024691358,0.04761904761904762,0.5
ukzn_ISTN2IP_2019,ukzn_ISTN212_2019,UKZN,UKZN,D2_other_module,zscore,logistic_regression,264,0.7566495066495067,0.8938053097345132,0.6190476190476191,0.5
ukzn_ISTN2IP_2019,ukzn_ISTN2IP_2018,UKZN,UKZN,D1_same_module,zscore,logistic_regression,99,0.7448648648648649,0.8313253012048193,0.5238095238095238,0.5
ukzn_ISTN2IP_2019,ukzn_ISTN2IP_2019,UKZN,UKZN,D0_within_cohort,zscore,logistic_regression,116,0.7252435064935066,0.8629441624365483,1.0,1.0
ukzn_ISTN2IP_2019,ukzn_ISTN3ND_2018,UKZN,UKZN,D2_other_module,zscore,logistic_regression,144,0.563420044363783,0.7129629629629629,0.4285714285714286,0.5
ukzn_ISTN2IP_2019,ukzn_ISTN3ND_2019,UKZN,UKZN,D2_other_module,zscore,logistic_regression,223,0.6933722701879127,0.8772845953002611,0.23809523809523814,0.2
ukzn_ISTN2IP_2019,ukzn_ISTN3SA_2018,UKZN,UKZN,D2_other_module,zscore,logistic_regression,141,0.6411411411411412,0.8547717842323651,0.23809523809523814,0.5
ukzn_ISTN2IP_2019,ukzn_ISTN3SA_2019,UKZN,UKZN,D2_other_module,zscore,logistic_regression,195,0.62,0.9064327485380117,0.33333333333333337,0.5
ukzn_ISTN3ND_2018,oulad_BBB_2013B,UKZN,OULAD,D3_other_institution,zscore,logistic_regression,1767,0.6836784258201867,0.5916483516483516,-0.33333333333333337,0.2
ukzn_ISTN3ND_2018,oulad_BBB_2013J,UKZN,OULAD,D3_other_institution,zscore,logistic_regression,2237,0.6369066683748639,0.5926919208850151,-0.5238095238095238,0.2
ukzn_ISTN3ND_2018,oulad_BBB_2014B,UKZN,OULAD,D3_other_institution,zscore,logistic_regression,1613,0.6259318886794738,0.5726375176304654,-0.4285714285714286,0.2
ukzn_ISTN3ND_2018,oulad_BBB_2014J,UKZN,OULAD,D3_other_institution,zscore,logistic_regression,2292,0.6312854075292398,0.6235220908525202,-0.33333333333333337,0.2
ukzn_ISTN3ND_2018,oulad_DDD_2013B,UKZN,OULAD,D3_other_institution,zscore,logistic_regression,1303,0.6935118561926662,0.5641952983725136,-0.04761904761904762,0.5
ukzn_ISTN3ND_2018,oulad_DDD_2013J,UKZN,OULAD,D3_other_institution,zscore,logistic_regression,1938,0.677432477557782,0.5879099170288423,-0.04761904761904762,0.5
ukzn_ISTN3ND_2018,oulad_DDD_2014B,UKZN,OULAD,D3_other_institution,zscore,logistic_regression,1228,0.715902344392384,0.5547815072830906,-0.23809523809523814,0.2
ukzn_ISTN3ND_2018,oulad_DDD_2014J,UKZN,OULAD,D3_other_institution,zscore,logistic_regression,1803,0.733552138596649,0.603836530442035,0.04761904761904762,0.5
ukzn_ISTN3ND_2018,oulad_FFF_2013B,UKZN,OULAD,D3_other_institution,zscore,logistic_regression,1614,0.7110927355892189,0.6511627906976745,-0.33333333333333337,0.2
ukzn_ISTN3ND_2018,oulad_FFF_2013J,UKZN,OULAD,D3_other_institution,zscore,logistic_regression,2283,0.7126377934597112,0.6270128162997043,-0.5238095238095238,0.2
ukzn_ISTN3ND_2018,oulad_FFF_2014B,UKZN,OULAD,D3_other_institution,zscore,logistic_regression,1500,0.7113995705641225,0.6015503875968993,-0.04761904761904762,0.5
ukzn_ISTN3ND_2018,oulad_FFF_2014J,UKZN,OULAD,D3_other_institution,zscore,logistic_regression,2365,0.7449057256157748,0.633197364292438,-0.33333333333333337,0.2
ukzn_ISTN3ND_2018,ku_Accountancy_1819,UKZN,KU Leuven,D3_other_institution,zscore,logistic_regression,756,0.631282695124503,0.795774647887324,0.5238095238095238,0.5
ukzn_ISTN3ND_2018,ku_Globaleconom_1819,UKZN,KU Leuven,D3_other_institution,zscore,logistic_regression,743,0.5640559440559441,0.688588007736944,0.33333333333333337,0.5
ukzn_ISTN3ND_2018,ukzn_ISTN101_2019,UKZN,UKZN,D2_other_module,zscore,logistic_regression,1056,0.6208428899082569,0.8085106382978723,0.5238095238095238,1.0
ukzn_ISTN3ND_2018,ukzn_ISTN101_2020,UKZN,UKZN,D2_other_module,zscore,logistic_regression,978,0.6335976801915599,0.8465227817745803,0.5238095238095238,0.5
ukzn_ISTN3ND_2018,ukzn_ISTN101_2021,UKZN,UKZN,D2_other_module,zscore,logistic_regression,741,0.5950273914875684,0.8337388483373885,0.04761904761904762,0.2
ukzn_ISTN3ND_2018,ukzn_ISTN102_2018,UKZN,UKZN,D2_other_module,zscore,logistic_regression,257,0.5950046685340803,0.7598944591029023,-0.04761904761904762,0.5
ukzn_ISTN3ND_2018,ukzn_ISTN103_2019,UKZN,UKZN,D2_other_module,zscore,logistic_regression,1113,0.6409532595325953,0.7827130852340937,0.4285714285714286,0.5
ukzn_ISTN3ND_2018,ukzn_ISTN103_2020,UKZN,UKZN,D2_other_module,zscore,logistic_regression,1082,0.6464412571377186,0.8588687534321802,0.23809523809523814,0.5
ukzn_ISTN3ND_2018,ukzn_ISTN211_2019,UKZN,UKZN,D2_other_module,zscore,logistic_regression,280,0.7438999798346441,0.8329718004338394,0.14285714285714288,0.2
ukzn_ISTN3ND_2018,ukzn_ISTN211_2021,UKZN,UKZN,D2_other_module,zscore,logistic_regression,327,0.5785578747628084,0.8306010928961749,0.33333333333333337,0.5
ukzn_ISTN3ND_2018,ukzn_ISTN212_2018,UKZN,UKZN,D2_other_module,zscore,logistic_regression,238,0.670981724461106,0.8169761273209549,0.04761904761904762,0.2
ukzn_ISTN3ND_2018,ukzn_ISTN212_2019,UKZN,UKZN,D2_other_module,zscore,logistic_regression,264,0.682861432861433,0.8571428571428571,0.04761904761904762,0.2
ukzn_ISTN3ND_2018,ukzn_ISTN2IP_2018,UKZN,UKZN,D2_other_module,zscore,logistic_regression,99,0.7216216216216216,0.8,-0.14285714285714288,0.2
ukzn_ISTN3ND_2018,ukzn_ISTN2IP_2019,UKZN,UKZN,D2_other_module,zscore,logistic_regression,116,0.6668019480519481,0.813953488372093,0.14285714285714288,0.2
ukzn_ISTN3ND_2018,ukzn_ISTN3ND_2018,UKZN,UKZN,D0_within_cohort,zscore,logistic_regression,144,0.5575720911474088,0.6770833333333334,1.0,1.0
ukzn_ISTN3ND_2018,ukzn_ISTN3ND_2019,UKZN,UKZN,D1_same_module,zscore,logistic_regression,223,0.5176485525647536,0.7602339181286549,-0.23809523809523814,0.2
ukzn_ISTN3ND_2018,ukzn_ISTN3SA_2018,UKZN,UKZN,D2_other_module,zscore,logistic_regression,141,0.6855855855855856,0.832579185520362,0.04761904761904762,0.2
ukzn_ISTN3ND_2018,ukzn_ISTN3SA_2019,UKZN,UKZN,D2_other_module,zscore,logistic_regression,195,0.5331764705882354,0.7974683544303798,0.23809523809523814,0.5
ukzn_ISTN3ND_2019,oulad_BBB_2013B,UKZN,OULAD,D3_other_institution,zscore,logistic_regression,1767,0.7570521333381561,0.6249027237354086,-0.6190476190476191,0.2
ukzn_ISTN3ND_2019,oulad_BBB_2013J,UKZN,OULAD,D3_other_institution,zscore,logistic_regression,2237,0.7402616744603164,0.64670296430732,0.33333333333333337,0.5
ukzn_ISTN3ND_2019,oulad_BBB_2014B,UKZN,OULAD,D3_other_institution,zscore,logistic_regression,1613,0.754083077429431,0.6207781103035486,-0.23809523809523814,0.5
ukzn_ISTN3ND_2019,oulad_BBB_2014J,UKZN,OULAD,D3_other_institution,zscore,logistic_regression,2292,0.7976886117202729,0.6674418604651163,-0.04761904761904762,0.5
ukzn_ISTN3ND_2019,oulad_DDD_2013B,UKZN,OULAD,D3_other_institution,zscore,logistic_regression,1303,0.7521548846524738,0.5626034197462769,0.04761904761904762,0.2
ukzn_ISTN3ND_2019,oulad_DDD_2013J,UKZN,OULAD,D3_other_institution,zscore,logistic_regression,1938,0.76571662274123,0.5986984815618221,-0.04761904761904762,0.2
ukzn_ISTN3ND_2019,oulad_DDD_2014B,UKZN,OULAD,D3_other_institution,zscore,logistic_regression,1228,0.7899969618503169,0.5595307917888563,0.33333333333333337,0.5
ukzn_ISTN3ND_2019,oulad_DDD_2014J,UKZN,OULAD,D3_other_institution,zscore,logistic_regression,1803,0.8025232543036698,0.6104046242774567,-0.14285714285714288,0.2
ukzn_ISTN3ND_2019,oulad_FFF_2013B,UKZN,OULAD,D3_other_institution,zscore,logistic_regression,1614,0.765543539740311,0.653027139874739,-0.04761904761904762,0.2
ukzn_ISTN3ND_2019,oulad_FFF_2013J,UKZN,OULAD,D3_other_institution,zscore,logistic_regression,2283,0.7876589333210338,0.6475118483412322,0.04761904761904762,0.5
ukzn_ISTN3ND_2019,oulad_FFF_2014B,UKZN,OULAD,D3_other_institution,zscore,logistic_regression,1500,0.7740021399498268,0.6065954482117974,-0.14285714285714288,0.2
ukzn_ISTN3ND_2019,oulad_FFF_2014J,UKZN,OULAD,D3_other_institution,zscore,logistic_regression,2365,0.8250102581319009,0.6400230017251294,0.23809523809523814,0.5
ukzn_ISTN3ND_2019,ku_Accountancy_1819,UKZN,KU Leuven,D3_other_institution,zscore,logistic_regression,756,0.6322117597823812,0.8251748251748252,0.14285714285714288,0.2
ukzn_ISTN3ND_2019,ku_Globaleconom_1819,UKZN,KU Leuven,D3_other_institution,zscore,logistic_regression,743,0.5995215311004785,0.7200689061154177,-0.4285714285714286,0.0
ukzn_ISTN3ND_2019,ukzn_ISTN101_2019,UKZN,UKZN,D2_other_module,zscore,logistic_regression,1056,0.6343550558436378,0.9026178010471204,-0.23809523809523814,0.2
ukzn_ISTN3ND_2019,ukzn_ISTN101_2020,UKZN,UKZN,D2_other_module,zscore,logistic_regression,978,0.5835548428197974,0.964968152866242,0.04761904761904762,0.5
ukzn_ISTN3ND_2019,ukzn_ISTN101_2021,UKZN,UKZN,D2_other_module,zscore,logistic_regression,741,0.8201994662171653,0.9525179856115108,0.04761904761904762,0.2
ukzn_ISTN3ND_2019,ukzn_ISTN102_2018,UKZN,UKZN,D2_other_module,zscore,logistic_regression,257,0.6275287892934952,0.8475336322869955,-0.23809523809523814,0.2
ukzn_ISTN3ND_2019,ukzn_ISTN103_2019,UKZN,UKZN,D2_other_module,zscore,logistic_regression,1113,0.6532492824928249,0.8442367601246106,0.14285714285714288,0.2
ukzn_ISTN3ND_2019,ukzn_ISTN103_2020,UKZN,UKZN,D2_other_module,zscore,logistic_regression,1082,0.6765837867002382,0.9438750610053684,-0.4285714285714286,0.2
ukzn_ISTN3ND_2019,ukzn_ISTN211_2019,UKZN,UKZN,D2_other_module,zscore,logistic_regression,280,0.7354305303488605,0.9628252788104089,0.14285714285714288,0.5
ukzn_ISTN3ND_2019,ukzn_ISTN211_2021,UKZN,UKZN,D2_other_module,zscore,logistic_regression,327,0.7223908918406072,0.9733124018838305,0.14285714285714288,0.2
ukzn_ISTN3ND_2019,ukzn_ISTN212_2018,UKZN,UKZN,D2_other_module,zscore,logistic_regression,238,0.6777764761012184,0.8981481481481481,-0.23809523809523814,0.2
ukzn_ISTN3ND_2019,ukzn_ISTN212_2019,UKZN,UKZN,D2_other_module,zscore,logistic_regression,264,0.7336979836979838,0.9135802469135802,-0.33333333333333337,0.5
ukzn_ISTN3ND_2019,ukzn_ISTN2IP_2018,UKZN,UKZN,D2_other_module,zscore,logistic_regression,99,0.6902702702702702,0.8554913294797688,-0.23809523809523814,0.2
ukzn_ISTN3ND_2019,ukzn_ISTN2IP_2019,UKZN,UKZN,D2_other_module,zscore,logistic_regression,116,0.6574675324675324,0.8627450980392157,0.33333333333333337,0.5
ukzn_ISTN3ND_2019,ukzn_ISTN3ND_2018,UKZN,UKZN,D1_same_module,zscore,logistic_regression,144,0.5825771324863884,0.7532467532467533,-0.14285714285714288,0.2
ukzn_ISTN3ND_2019,ukzn_ISTN3ND_2019,UKZN,UKZN,D0_within_cohort,zscore,logistic_regression,223,0.7638395124428643,0.8733850129198967,1.0,1.0
ukzn_ISTN3ND_2019,ukzn_ISTN3SA_2018,UKZN,UKZN,D2_other_module,zscore,logistic_regression,141,0.5666666666666667,0.8809523809523809,-0.14285714285714288,0.5
ukzn_ISTN3ND_2019,ukzn_ISTN3SA_2019,UKZN,UKZN,D2_other_module,zscore,logistic_regression,195,0.556235294117647,0.9340659340659341,-0.4285714285714286,0.2
ukzn_ISTN3SA_2018,oulad_BBB_2013B,UKZN,OULAD,D3_other_institution,zscore,logistic_regression,1767,0.8415537171292301,0.6220133176654916,0.14285714285714288,0.5
ukzn_ISTN3SA_2018,oulad_BBB_2013J,UKZN,OULAD,D3_other_institution,zscore,logistic_regression,2237,0.8203710524630068,0.6433778857837181,-0.7142857142857143,0.2
ukzn_ISTN3SA_2018,oulad_BBB_2014B,UKZN,OULAD,D3_other_institution,zscore,logistic_regression,1613,0.8271686109153233,0.6169026169026169,-0.23809523809523814,0.2
ukzn_ISTN3SA_2018,oulad_BBB_2014J,UKZN,OULAD,D3_other_institution,zscore,logistic_regression,2292,0.8102837932504873,0.6647230320699709,-0.04761904761904762,0.2
ukzn_ISTN3SA_2018,oulad_DDD_2013B,UKZN,OULAD,D3_other_institution,zscore,logistic_regression,1303,0.7779294315456321,0.5601774819744869,0.33333333333333337,0.5
ukzn_ISTN3SA_2018,oulad_DDD_2013J,UKZN,OULAD,D3_other_institution,zscore,logistic_regression,1938,0.8007801070526159,0.5963003264417845,0.4285714285714286,0.5
ukzn_ISTN3SA_2018,oulad_DDD_2014B,UKZN,OULAD,D3_other_institution,zscore,logistic_regression,1228,0.7860417926755507,0.559152442613302,0.04761904761904762,0.2
ukzn_ISTN3SA_2018,oulad_DDD_2014J,UKZN,OULAD,D3_other_institution,zscore,logistic_regression,1803,0.8036897161526242,0.6041101202016286,0.4285714285714286,0.5
ukzn_ISTN3SA_2018,oulad_FFF_2013B,UKZN,OULAD,D3_other_institution,zscore,logistic_regression,1614,0.7875516427306709,0.6470340765671014,0.23809523809523814,0.2
ukzn_ISTN3SA_2018,oulad_FFF_2013J,UKZN,OULAD,D3_other_institution,zscore,logistic_regression,2283,0.8171993911719939,0.6424097822845213,0.14285714285714288,0.2
ukzn_ISTN3SA_2018,oulad_FFF_2014B,UKZN,OULAD,D3_other_institution,zscore,logistic_regression,1500,0.798504926945294,0.5999064108563407,0.5238095238095238,0.5
ukzn_ISTN3SA_2018,oulad_FFF_2014J,UKZN,OULAD,D3_other_institution,zscore,logistic_regression,2365,0.8432862320088149,0.6344707923655292,0.04761904761904762,0.2
ukzn_ISTN3SA_2018,ku_Accountancy_1819,UKZN,KU Leuven,D3_other_institution,zscore,logistic_regression,756,0.6273822975517891,0.80623973727422,-0.04761904761904762,0.2
ukzn_ISTN3SA_2018,ku_Globaleconom_1819,UKZN,KU Leuven,D3_other_institution,zscore,logistic_regression,743,0.6062716231137284,0.7127272727272728,0.33333333333333337,0.2
ukzn_ISTN3SA_2018,ukzn_ISTN101_2019,UKZN,UKZN,D2_other_module,zscore,logistic_regression,1056,0.6600830175508576,0.8804347826086957,0.4285714285714286,0.5
ukzn_ISTN3SA_2018,ukzn_ISTN101_2020,UKZN,UKZN,D2_other_module,zscore,logistic_regression,978,0.7538718393708399,0.9531502423263328,0.4285714285714286,0.5
ukzn_ISTN3SA_2018,ukzn_ISTN101_2021,UKZN,UKZN,D2_other_module,zscore,logistic_regression,741,0.7551622418879057,0.9327420546932742,-0.04761904761904762,0.2
ukzn_ISTN3SA_2018,ukzn_ISTN102_2018,UKZN,UKZN,D2_other_module,zscore,logistic_regression,257,0.6401338313103019,0.8459770114942529,0.33333333333333337,0.5
ukzn_ISTN3SA_2018,ukzn_ISTN103_2019,UKZN,UKZN,D2_other_module,zscore,logistic_regression,1113,0.6589852398523985,0.8296614723267061,0.14285714285714288,0.2
ukzn_ISTN3SA_2018,ukzn_ISTN103_2020,UKZN,UKZN,D2_other_module,zscore,logistic_regression,1082,0.6889573310552584,0.9291417165668663,0.9047619047619049,1.0
ukzn_ISTN3SA_2018,ukzn_ISTN211_2019,UKZN,UKZN,D2_other_module,zscore,logistic_regression,280,0.7142569066344021,0.944337811900192,0.04761904761904762,0.2
ukzn_ISTN3SA_2018,ukzn_ISTN211_2021,UKZN,UKZN,D2_other_module,zscore,logistic_regression,327,0.7254269449715369,0.9635499207606973,0.5238095238095238,0.2
ukzn_ISTN3SA_2018,ukzn_ISTN212_2018,UKZN,UKZN,D2_other_module,zscore,logistic_regression,238,0.7470126522961574,0.8819277108433735,0.5238095238095238,0.5
ukzn_ISTN3SA_2018,ukzn_ISTN212_2019,UKZN,UKZN,D2_other_module,zscore,logistic_regression,264,0.7016302016302016,0.9079229122055674,0.5238095238095238,0.5
ukzn_ISTN3SA_2018,ukzn_ISTN2IP_2018,UKZN,UKZN,D2_other_module,zscore,logistic_regression,99,0.6383783783783783,0.8554913294797688,0.23809523809523814,0.5
ukzn_ISTN3SA_2018,ukzn_ISTN2IP_2019,UKZN,UKZN,D2_other_module,zscore,logistic_regression,116,0.7000811688311688,0.8601036269430051,0.33333333333333337,0.5
ukzn_ISTN3SA_2018,ukzn_ISTN3ND_2018,UKZN,UKZN,D2_other_module,zscore,logistic_regression,144,0.5862068965517241,0.7297297297297297,-0.04761904761904762,0.2
ukzn_ISTN3SA_2018,ukzn_ISTN3ND_2019,UKZN,UKZN,D2_other_module,zscore,logistic_regression,223,0.6077958354494667,0.8934010152284264,0.04761904761904762,0.5
ukzn_ISTN3SA_2018,ukzn_ISTN3SA_2018,UKZN,UKZN,D0_within_cohort,zscore,logistic_regression,141,0.6966966966966968,0.8688524590163934,1.0,1.0
ukzn_ISTN3SA_2018,ukzn_ISTN3SA_2019,UKZN,UKZN,D1_same_module,zscore,logistic_regression,195,0.5990588235294118,0.9142857142857143,-0.23809523809523814,0.2
ukzn_ISTN3SA_2019,oulad_BBB_2013B,UKZN,OULAD,D3_other_institution,zscore,logistic_regression,1767,0.80001343509557,0.6203125,0.23809523809523814,0.2
ukzn_ISTN3SA_2019,oulad_BBB_2013J,UKZN,OULAD,D3_other_institution,zscore,logistic_regression,2237,0.8147860482992763,0.6444377083964837,0.23809523809523814,0.2
ukzn_ISTN3SA_2019,oulad_BBB_2014B,UKZN,OULAD,D3_other_institution,zscore,logistic_regression,1613,0.8009422128106166,0.6172310330047149,0.33333333333333337,0.2
ukzn_ISTN3SA_2019,oulad_BBB_2014J,UKZN,OULAD,D3_other_institution,zscore,logistic_regression,2292,0.8216004964668616,0.6668606342740763,0.33333333333333337,0.2
ukzn_ISTN3SA_2019,oulad_DDD_2013B,UKZN,OULAD,D3_other_institution,zscore,logistic_regression,1303,0.7313478228618056,0.5610160132523467,0.6190476190476191,0.5
ukzn_ISTN3SA_2019,oulad_DDD_2013J,UKZN,OULAD,D3_other_institution,zscore,logistic_regression,1938,0.7735448860676057,0.5986984815618221,0.4285714285714286,0.5
ukzn_ISTN3SA_2019,oulad_DDD_2014B,UKZN,OULAD,D3_other_institution,zscore,logistic_regression,1228,0.7864877596015285,0.5595307917888563,0.5238095238095238,0.2
ukzn_ISTN3SA_2019,oulad_DDD_2014J,UKZN,OULAD,D3_other_institution,zscore,logistic_regression,1803,0.8001541128395728,0.606646058732612,0.7142857142857143,0.5
ukzn_ISTN3SA_2019,oulad_FFF_2013B,UKZN,OULAD,D3_other_institution,zscore,logistic_regression,1614,0.7366067037182766,0.6818380743982495,0.23809523809523814,0.5
ukzn_ISTN3SA_2019,oulad_FFF_2013J,UKZN,OULAD,D3_other_institution,zscore,logistic_regression,2283,0.7991551742693295,0.6463089238067002,0.04761904761904762,0.2
ukzn_ISTN3SA_2019,oulad_FFF_2014B,UKZN,OULAD,D3_other_institution,zscore,logistic_regression,1500,0.7719127970445558,0.6072423398328691,0.5238095238095238,0.5
ukzn_ISTN3SA_2019,oulad_FFF_2014J,UKZN,OULAD,D3_other_institution,zscore,logistic_regression,2365,0.8399548498725983,0.640598044853364,0.23809523809523814,0.2
ukzn_ISTN3SA_2019,ku_Accountancy_1819,UKZN,KU Leuven,D3_other_institution,zscore,logistic_regression,756,0.6108767524586733,0.809943865276664,0.4285714285714286,0.5
ukzn_ISTN3SA_2019,ku_Globaleconom_1819,UKZN,KU Leuven,D3_other_institution,zscore,logistic_regression,743,0.5937872653662127,0.7179946284691137,0.7142857142857143,1.0
ukzn_ISTN3SA_2019,ukzn_ISTN101_2019,UKZN,UKZN,D2_other_module,zscore,logistic_regression,1056,0.632385570402872,0.9047869542346134,0.23809523809523814,0.5
ukzn_ISTN3SA_2019,ukzn_ISTN101_2020,UKZN,UKZN,D2_other_module,zscore,logistic_regression,978,0.7027965115001866,0.9678100263852243,-0.14285714285714288,0.5
ukzn_ISTN3SA_2019,ukzn_ISTN101_2021,UKZN,UKZN,D2_other_module,zscore,logistic_regression,741,0.6071545629067753,0.9567682494684621,0.04761904761904762,0.2
ukzn_ISTN3SA_2019,ukzn_ISTN102_2018,UKZN,UKZN,D2_other_module,zscore,logistic_regression,257,0.6736694677871149,0.8430913348946136,0.14285714285714288,0.5
ukzn_ISTN3SA_2019,ukzn_ISTN103_2019,UKZN,UKZN,D2_other_module,zscore,logistic_regression,1113,0.6360414104141041,0.8296614723267061,0.23809523809523814,0.5
ukzn_ISTN3SA_2019,ukzn_ISTN103_2020,UKZN,UKZN,D2_other_module,zscore,logistic_regression,1082,0.6550020232903198,0.928392588883325,0.33333333333333337,0.2
ukzn_ISTN3SA_2019,ukzn_ISTN211_2019,UKZN,UKZN,D2_other_module,zscore,logistic_regression,280,0.677555958862674,0.966542750929368,-0.04761904761904762,0.2
ukzn_ISTN3SA_2019,ukzn_ISTN211_2021,UKZN,UKZN,D2_other_module,zscore,logistic_regression,327,0.7134724857685009,0.9405940594059405,0.33333333333333337,0.5
ukzn_ISTN3SA_2019,ukzn_ISTN212_2018,UKZN,UKZN,D2_other_module,zscore,logistic_regression,238,0.6900773195876289,0.8962264150943396,-0.33333333333333337,0.2
ukzn_ISTN3SA_2019,ukzn_ISTN212_2019,UKZN,UKZN,D2_other_module,zscore,logistic_regression,264,0.6942299442299443,0.91701244813278,0.4285714285714286,0.2
ukzn_ISTN3SA_2019,ukzn_ISTN2IP_2018,UKZN,UKZN,D2_other_module,zscore,logistic_regression,99,0.6464864864864865,0.8421052631578947,0.04761904761904762,0.2
ukzn_ISTN3SA_2019,ukzn_ISTN2IP_2019,UKZN,UKZN,D2_other_module,zscore,logistic_regression,116,0.6530032467532467,0.8712871287128713,0.14285714285714288,0.2
ukzn_ISTN3SA_2019,ukzn_ISTN3ND_2018,UKZN,UKZN,D2_other_module,zscore,logistic_regression,144,0.5642266586005243,0.7433628318584071,0.4285714285714286,0.5
ukzn_ISTN3SA_2019,ukzn_ISTN3ND_2019,UKZN,UKZN,D2_other_module,zscore,logistic_regression,223,0.5232351447435246,0.8816120906801007,-0.4285714285714286,0.0
ukzn_ISTN3SA_2019,ukzn_ISTN3SA_2018,UKZN,UKZN,D1_same_module,zscore,logistic_regression,141,0.548948948948949,0.8844621513944223,0.14285714285714288,0.5
ukzn_ISTN3SA_2019,ukzn_ISTN3SA_2019,UKZN,UKZN,D0_within_cohort,zscore,logistic_regression,195,0.6148235294117647,0.9307479224376731,1.0,1.0
oulad_BBB_2013B,oulad_BBB_2013B,OULAD,OULAD,D0_within_cohort,percentile,gradient_boosting,1767,0.8596019594570155,0.7593582887700535,1.0,1.0
oulad_BBB_2013B,oulad_BBB_2013J,OULAD,OULAD,D1_same_module,percentile,gradient_boosting,2237,0.8594881013387995,0.7644028103044497,-0.04761904761904762,0.2
oulad_BBB_2013B,oulad_BBB_2014B,OULAD,OULAD,D1_same_module,percentile,gradient_boosting,1613,0.8563432082742088,0.748993288590604,0.4285714285714286,0.2
oulad_BBB_2013B,oulad_BBB_2014J,OULAD,OULAD,D1_same_module,percentile,gradient_boosting,2292,0.8528341252436648,0.7659010600706714,0.23809523809523814,0.2
oulad_BBB_2013B,oulad_DDD_2013B,OULAD,OULAD,D2_other_module,percentile,gradient_boosting,1303,0.8250760329352421,0.7216326530612245,-0.5238095238095238,0.0
oulad_BBB_2013B,oulad_DDD_2013J,OULAD,OULAD,D2_other_module,percentile,gradient_boosting,1938,0.8450407402532847,0.7582477014602488,-0.23809523809523814,0.2
oulad_BBB_2013B,oulad_DDD_2014B,OULAD,OULAD,D2_other_module,percentile,gradient_boosting,1228,0.8525744834448714,0.7461607949412827,0.5238095238095238,0.5
oulad_BBB_2013B,oulad_DDD_2014J,OULAD,OULAD,D2_other_module,percentile,gradient_boosting,1803,0.844931136288703,0.7432675044883303,0.14285714285714288,0.2
oulad_BBB_2013B,oulad_FFF_2013B,OULAD,OULAD,D2_other_module,percentile,gradient_boosting,1614,0.8167420814479639,0.7217948717948718,-0.33333333333333337,0.5
oulad_BBB_2013B,oulad_FFF_2013J,OULAD,OULAD,D2_other_module,percentile,gradient_boosting,2283,0.8683832234060544,0.7644646924829157,0.04761904761904762,0.5
oulad_BBB_2013B,oulad_FFF_2014B,OULAD,OULAD,D2_other_module,percentile,gradient_boosting,1500,0.8545457667310099,0.7546897546897547,-0.5238095238095238,0.2
oulad_BBB_2013B,oulad_FFF_2014J,OULAD,OULAD,D2_other_module,percentile,gradient_boosting,2365,0.8802635694281845,0.794351279788173,0.04761904761904762,0.2
oulad_BBB_2013B,ku_Accountancy_1819,OULAD,KU Leuven,D3_other_institution,percentile,gradient_boosting,756,0.5819753086419753,0.6466809421841542,-0.14285714285714288,0.2
oulad_BBB_2013B,ku_Globaleconom_1819,OULAD,KU Leuven,D3_other_institution,percentile,gradient_boosting,743,0.6082075818917925,0.5833333333333334,-0.14285714285714288,0.2
oulad_BBB_2013B,ukzn_ISTN101_2019,OULAD,UKZN,D3_other_institution,percentile,gradient_boosting,1056,0.6089449541284404,0.6680761099365751,0.04761904761904762,0.2
oulad_BBB_2013B,ukzn_ISTN101_2020,OULAD,UKZN,D3_other_institution,percentile,gradient_boosting,978,0.6934162254783506,0.5530596436870643,-0.6190476190476191,0.0
oulad_BBB_2013B,ukzn_ISTN101_2021,OULAD,UKZN,D3_other_institution,percentile,gradient_boosting,741,0.7017605468932904,0.6793893129770993,-0.23809523809523814,0.2
oulad_BBB_2013B,ukzn_ISTN102_2018,OULAD,UKZN,D3_other_institution,percentile,gradient_boosting,257,0.6418456271397448,0.6032786885245902,0.14285714285714288,0.5
oulad_BBB_2013B,ukzn_ISTN103_2019,OULAD,UKZN,D3_other_institution,percentile,gradient_boosting,1113,0.6266072160721606,0.6549707602339181,-0.5238095238095238,0.0
oulad_BBB_2013B,ukzn_ISTN103_2020,OULAD,UKZN,D3_other_institution,percentile,gradient_boosting,1082,0.6272604649071535,0.5658747300215983,-0.33333333333333337,0.2
oulad_BBB_2013B,ukzn_ISTN211_2019,OULAD,UKZN,D3_other_institution,percentile,gradient_boosting,280,0.6024400080661423,0.592,0.04761904761904762,0.5
oulad_BBB_2013B,ukzn_ISTN211_2021,OULAD,UKZN,D3_other_institution,percentile,gradient_boosting,327,0.7481024667931688,0.6361655773420479,-0.14285714285714288,0.2
oulad_BBB_2013B,ukzn_ISTN212_2018,OULAD,UKZN,D3_other_institution,percentile,gradient_boosting,238,0.7229381443298969,0.6774193548387096,-0.23809523809523814,0.2
oulad_BBB_2013B,ukzn_ISTN212_2019,OULAD,UKZN,D3_other_institution,percentile,gradient_boosting,264,0.6765873015873015,0.6628895184135978,-0.7142857142857143,0.0
oulad_BBB_2013B,ukzn_ISTN2IP_2018,OULAD,UKZN,D3_other_institution,percentile,gradient_boosting,99,0.625945945945946,0.5945945945945946,-0.5238095238095238,0.0
oulad_BBB_2013B,ukzn_ISTN2IP_2019,OULAD,UKZN,D3_other_institution,percentile,gradient_boosting,116,0.6803977272727272,0.6619718309859155,0.23809523809523814,0.5
oulad_BBB_2013B,ukzn_ISTN3ND_2018,OULAD,UKZN,D3_other_institution,percentile,gradient_boosting,144,0.5139140955837871,0.4748201438848921,0.14285714285714288,0.2
oulad_BBB_2013B,ukzn_ISTN3ND_2019,OULAD,UKZN,D3_other_institution,percentile,gradient_boosting,223,0.5779583544946673,0.5777777777777777,-0.14285714285714288,0.5
oulad_BBB_2013B,ukzn_ISTN3SA_2018,OULAD,UKZN,D3_other_institution,percentile,gradient_boosting,141,0.5884384384384385,0.6046511627906976,-0.14285714285714288,0.0
oulad_BBB_2013B,ukzn_ISTN3SA_2019,OULAD,UKZN,D3_other_institution,percentile,gradient_boosting,195,0.6187058823529412,0.5432098765432098,0.14285714285714288,0.2
oulad_BBB_2013J,oulad_BBB_2013B,OULAD,OULAD,D1_same_module,percentile,gradient_boosting,1767,0.8571474708432589,0.7645365572826712,0.04761904761904762,0.2
oulad_BBB_2013J,oulad_BBB_2013J,OULAD,OULAD,D0_within_cohort,percentile,gradient_boosting,2237,0.8596962878739349,0.7781236104935527,1.0,1.0
oulad_BBB_2013J,oulad_BBB_2014B,OULAD,OULAD,D1_same_module,percentile,gradient_boosting,1613,0.8610946373513093,0.7575757575757576,0.33333333333333337,0.5
oulad_BBB_2013J,oulad_BBB_2014J,OULAD,OULAD,D1_same_module,percentile,gradient_boosting,2292,0.8577953673245614,0.7701647875108413,0.14285714285714288,0.5
oulad_BBB_2013J,oulad_DDD_2013B,OULAD,OULAD,D2_other_module,percentile,gradient_boosting,1303,0.8244702420690848,0.7272727272727273,-0.14285714285714288,0.2
oulad_BBB_2013J,oulad_DDD_2013J,OULAD,OULAD,D2_other_module,percentile,gradient_boosting,1938,0.8465771334655265,0.7701736465781409,0.04761904761904762,0.2
oulad_BBB_2013J,oulad_DDD_2014B,OULAD,OULAD,D2_other_module,percentile,gradient_boosting,1228,0.8596639639212758,0.7525298988040479,0.33333333333333337,0.5
oulad_BBB_2013J,oulad_DDD_2014J,OULAD,OULAD,D2_other_module,percentile,gradient_boosting,1803,0.8421517349558892,0.7409534750143596,0.04761904761904762,0.2
oulad_BBB_2013J,oulad_FFF_2013B,OULAD,OULAD,D2_other_module,percentile,gradient_boosting,1614,0.8067378393665159,0.7627416520210897,-0.33333333333333337,0.2
oulad_BBB_2013J,oulad_FFF_2013J,OULAD,OULAD,D2_other_module,percentile,gradient_boosting,2283,0.8631178604922898,0.7847882454624028,0.33333333333333337,0.5
oulad_BBB_2013J,oulad_FFF_2014B,OULAD,OULAD,D2_other_module,percentile,gradient_boosting,1500,0.8501863419148213,0.7545887151597552,-0.04761904761904762,0.2
oulad_BBB_2013J,oulad_FFF_2014J,OULAD,OULAD,D2_other_module,percentile,gradient_boosting,2365,0.8872530874824966,0.8086185044359949,0.4285714285714286,0.5
oulad_BBB_2013J,ku_Accountancy_1819,OULAD,KU Leuven,D3_other_institution,percentile,gradient_boosting,756,0.5815317011927181,0.8054607508532423,0.33333333333333337,0.5
oulad_BBB_2013J,ku_Globaleconom_1819,OULAD,KU Leuven,D3_other_institution,percentile,gradient_boosting,743,0.5691277143908723,0.673773987206823,-0.04761904761904762,0.5
oulad_BBB_2013J,ukzn_ISTN101_2019,OULAD,UKZN,D3_other_institution,percentile,gradient_boosting,1056,0.5454539788591943,0.774390243902439,-0.23809523809523814,0.2
oulad_BBB_2013J,ukzn_ISTN101_2020,OULAD,UKZN,D3_other_institution,percentile,gradient_boosting,978,0.6524021880011424,0.5950782997762863,-0.5238095238095238,0.2
oulad_BBB_2013J,ukzn_ISTN101_2021,OULAD,UKZN,D3_other_institution,percentile,gradient_boosting,741,0.7195767195767195,0.8268434134217068,-0.14285714285714288,0.2
oulad_BBB_2013J,ukzn_ISTN102_2018,OULAD,UKZN,D3_other_institution,percentile,gradient_boosting,257,0.6266728913787738,0.6997084548104956,-0.04761904761904762,0.2
oulad_BBB_2013J,ukzn_ISTN103_2019,OULAD,UKZN,D3_other_institution,percentile,gradient_boosting,1113,0.6081857318573185,0.7004103967168263,-0.14285714285714288,0.2
oulad_BBB_2013J,ukzn_ISTN103_2020,OULAD,UKZN,D3_other_institution,percentile,gradient_boosting,1082,0.6116901218470393,0.6399456521739131,-0.6190476190476191,0.2
oulad_BBB_2013J,ukzn_ISTN211_2019,OULAD,UKZN,D3_other_institution,percentile,gradient_boosting,280,0.6727162734422263,0.7865168539325843,-0.14285714285714288,0.2
oulad_BBB_2013J,ukzn_ISTN211_2021,OULAD,UKZN,D3_other_institution,percentile,gradient_boosting,327,0.7948766603415559,0.7725490196078432,-0.04761904761904762,0.5
oulad_BBB_2013J,ukzn_ISTN212_2018,OULAD,UKZN,D3_other_institution,percentile,gradient_boosting,238,0.7232310215557639,0.7800586510263929,-0.04761904761904762,0.2
oulad_BBB_2013J,ukzn_ISTN212_2019,OULAD,UKZN,D3_other_institution,percentile,gradient_boosting,264,0.6756220506220506,0.7277628032345014,-0.33333333333333337,0.2
oulad_BBB_2013J,ukzn_ISTN2IP_2018,OULAD,UKZN,D3_other_institution,percentile,gradient_boosting,99,0.6651351351351352,0.7,-0.14285714285714288,0.2
oulad_BBB_2013J,ukzn_ISTN2IP_2019,OULAD,UKZN,D3_other_institution,percentile,gradient_boosting,116,0.49492694805194803,0.6982248520710059,0.04761904761904762,0.5
oulad_BBB_2013J,ukzn_ISTN3ND_2018,OULAD,UKZN,D3_other_institution,percentile,gradient_boosting,144,0.46652550917523694,0.562874251497006,-0.04761904761904762,0.2
oulad_BBB_2013J,ukzn_ISTN3ND_2019,OULAD,UKZN,D3_other_institution,percentile,gradient_boosting,223,0.6803580497714575,0.8023952095808383,-0.04761904761904762,0.2
oulad_BBB_2013J,ukzn_ISTN3SA_2018,OULAD,UKZN,D3_other_institution,percentile,gradient_boosting,141,0.5480480480480482,0.7428571428571429,-0.33333333333333337,0.0
oulad_BBB_2013J,ukzn_ISTN3SA_2019,OULAD,UKZN,D3_other_institution,percentile,gradient_boosting,195,0.6492941176470588,0.7671232876712328,-0.7142857142857143,0.0
oulad_BBB_2014B,oulad_BBB_2013B,OULAD,OULAD,D1_same_module,percentile,gradient_boosting,1767,0.8573761258351721,0.7670126874279123,0.14285714285714288,0.2
oulad_BBB_2014B,oulad_BBB_2013J,OULAD,OULAD,D1_same_module,percentile,gradient_boosting,2237,0.8655883671769905,0.7828034034930587,0.33333333333333337,0.5
oulad_BBB_2014B,oulad_BBB_2014B,OULAD,OULAD,D0_within_cohort,percentile,gradient_boosting,1613,0.8530961525922108,0.7729591836734694,1.0,1.0
oulad_BBB_2014B,oulad_BBB_2014J,OULAD,OULAD,D1_same_module,percentile,gradient_boosting,2292,0.8556206597222221,0.776093546990039,0.14285714285714288,0.2
oulad_BBB_2014B,oulad_DDD_2013B,OULAD,OULAD,D2_other_module,percentile,gradient_boosting,1303,0.8303192146972282,0.7278582930756844,-0.5238095238095238,0.0
oulad_BBB_2014B,oulad_DDD_2013J,OULAD,OULAD,D2_other_module,percentile,gradient_boosting,1938,0.8466162910978385,0.7687400318979266,-0.23809523809523814,0.2
oulad_BBB_2014B,oulad_DDD_2014B,OULAD,OULAD,D2_other_module,percentile,gradient_boosting,1228,0.8555164715096817,0.752,0.6190476190476191,0.5
oulad_BBB_2014B,oulad_DDD_2014J,OULAD,OULAD,D2_other_module,percentile,gradient_boosting,1803,0.8463067869596059,0.7479861910241657,0.23809523809523814,0.5
oulad_BBB_2014B,oulad_FFF_2013B,OULAD,OULAD,D2_other_module,percentile,gradient_boosting,1614,0.819122104318316,0.7604473219540906,-0.6190476190476191,0.2
oulad_BBB_2014B,oulad_FFF_2013J,OULAD,OULAD,D2_other_module,percentile,gradient_boosting,2283,0.8649435757883247,0.7869281045751634,0.23809523809523814,0.5
oulad_BBB_2014B,oulad_FFF_2014B,OULAD,OULAD,D2_other_module,percentile,gradient_boosting,1500,0.8539782462532806,0.7609756097560976,-0.14285714285714288,0.2
oulad_BBB_2014B,oulad_FFF_2014J,OULAD,OULAD,D2_other_module,percentile,gradient_boosting,2365,0.8851777884902325,0.7996530789245446,0.33333333333333337,0.5
oulad_BBB_2014B,ku_Accountancy_1819,OULAD,KU Leuven,D3_other_institution,percentile,gradient_boosting,756,0.5266624816907304,0.6259378349410504,-0.14285714285714288,0.2
oulad_BBB_2014B,ku_Globaleconom_1819,OULAD,KU Leuven,D3_other_institution,percentile,gradient_boosting,743,0.5931689363268311,0.6257521058965102,-0.04761904761904762,0.2
oulad_BBB_2014B,ukzn_ISTN101_2019,OULAD,UKZN,D3_other_institution,percentile,gradient_boosting,1056,0.5949778121260472,0.6946933149552033,-0.23809523809523814,0.2
oulad_BBB_2014B,ukzn_ISTN101_2020,OULAD,UKZN,D3_other_institution,percentile,gradient_boosting,978,0.6907690955822586,0.6181015452538632,-0.33333333333333337,0.2
oulad_BBB_2014B,ukzn_ISTN101_2021,OULAD,UKZN,D3_other_institution,percentile,gradient_boosting,741,0.6809828159385681,0.7067530064754857,-0.04761904761904762,0.2
oulad_BBB_2014B,ukzn_ISTN102_2018,OULAD,UKZN,D3_other_institution,percentile,gradient_boosting,257,0.6449968876439465,0.5543859649122806,0.14285714285714288,0.2
oulad_BBB_2014B,ukzn_ISTN103_2019,OULAD,UKZN,D3_other_institution,percentile,gradient_boosting,1113,0.6082062320623207,0.7304116865869854,-0.23809523809523814,0.2
oulad_BBB_2014B,ukzn_ISTN103_2020,OULAD,UKZN,D3_other_institution,percentile,gradient_boosting,1082,0.6460500876759138,0.5447870778267254,-0.33333333333333337,0.2
oulad_BBB_2014B,ukzn_ISTN211_2019,OULAD,UKZN,D3_other_institution,percentile,gradient_boosting,280,0.7557975398265779,0.7290167865707434,-0.14285714285714288,0.2
oulad_BBB_2014B,ukzn_ISTN211_2021,OULAD,UKZN,D3_other_institution,percentile,gradient_boosting,327,0.724573055028463,0.6494623655913978,0.04761904761904762,0.5
oulad_BBB_2014B,ukzn_ISTN212_2018,OULAD,UKZN,D3_other_institution,percentile,gradient_boosting,238,0.7373477038425491,0.6945337620578779,-0.5238095238095238,0.0
oulad_BBB_2014B,ukzn_ISTN212_2019,OULAD,UKZN,D3_other_institution,percentile,gradient_boosting,264,0.6950879450879452,0.7228260869565217,-0.14285714285714288,0.2
oulad_BBB_2014B,ukzn_ISTN2IP_2018,OULAD,UKZN,D3_other_institution,percentile,gradient_boosting,99,0.6262162162162163,0.6440677966101694,0.14285714285714288,0.2
oulad_BBB_2014B,ukzn_ISTN2IP_2019,OULAD,UKZN,D3_other_institution,percentile,gradient_boosting,116,0.687702922077922,0.7142857142857143,-0.04761904761904762,0.5
oulad_BBB_2014B,ukzn_ISTN3ND_2018,OULAD,UKZN,D3_other_institution,percentile,gradient_boosting,144,0.4796329905222827,0.5384615384615384,-0.04761904761904762,0.2
oulad_BBB_2014B,ukzn_ISTN3ND_2019,OULAD,UKZN,D3_other_institution,percentile,gradient_boosting,223,0.6510919248349416,0.5864661654135338,-0.14285714285714288,0.2
oulad_BBB_2014B,ukzn_ISTN3SA_2018,OULAD,UKZN,D3_other_institution,percentile,gradient_boosting,141,0.5965465465465465,0.6881720430107527,-0.23809523809523814,0.2
oulad_BBB_2014B,ukzn_ISTN3SA_2019,OULAD,UKZN,D3_other_institution,percentile,gradient_boosting,195,0.5925882352941176,0.6259541984732825,-0.23809523809523814,0.2
oulad_BBB_2014J,oulad_BBB_2013B,OULAD,OULAD,D1_same_module,percentile,gradient_boosting,1767,0.8534915746448741,0.7724517906336088,0.04761904761904762,0.2
oulad_BBB_2014J,oulad_BBB_2013J,OULAD,OULAD,D1_same_module,percentile,gradient_boosting,2237,0.8631577893792839,0.7892527287993283,0.23809523809523814,0.5
oulad_BBB_2014J,oulad_BBB_2014B,OULAD,OULAD,D1_same_module,percentile,gradient_boosting,1613,0.8614835388327056,0.7810437912417516,0.23809523809523814,0.5
oulad_BBB_2014J,oulad_BBB_2014J,OULAD,OULAD,D0_within_cohort,percentile,gradient_boosting,2292,0.8694828977826511,0.8136,1.0,1.0
oulad_BBB_2014J,oulad_DDD_2013B,OULAD,OULAD,D2_other_module,percentile,gradient_boosting,1303,0.8268971144573845,0.7354260089686099,-0.4285714285714286,0.0
oulad_BBB_2014J,oulad_DDD_2013J,OULAD,OULAD,D2_other_module,percentile,gradient_boosting,1938,0.8494013776960302,0.7700640078778926,-0.14285714285714288,0.0
oulad_BBB_2014J,oulad_DDD_2014B,OULAD,OULAD,D2_other_module,percentile,gradient_boosting,1228,0.8593587553063097,0.7545605306799337,0.14285714285714288,0.2
oulad_BBB_2014J,oulad_DDD_2014J,OULAD,OULAD,D2_other_module,percentile,gradient_boosting,1803,0.8470398845027924,0.7532608695652174,0.33333333333333337,0.5
oulad_BBB_2014J,oulad_FFF_2013B,OULAD,OULAD,D2_other_module,percentile,gradient_boosting,1614,0.8238836870450522,0.7737961926091825,-0.23809523809523814,0.2
oulad_BBB_2014J,oulad_FFF_2013J,OULAD,OULAD,D2_other_module,percentile,gradient_boosting,2283,0.8680284580969513,0.8016597510373444,0.7142857142857143,0.5
oulad_BBB_2014J,oulad_FFF_2014B,OULAD,OULAD,D2_other_module,percentile,gradient_boosting,1500,0.8563992452339125,0.7673956262425448,-0.23809523809523814,0.2
oulad_BBB_2014J,oulad_FFF_2014J,OULAD,OULAD,D2_other_module,percentile,gradient_boosting,2365,0.8897950238734708,0.8155802861685215,0.23809523809523814,0.5
oulad_BBB_2014J,ku_Accountancy_1819,OULAD,KU Leuven,D3_other_institution,percentile,gradient_boosting,756,0.6134505126595522,0.7673772011121409,0.4285714285714286,0.5
oulad_BBB_2014J,ku_Globaleconom_1819,OULAD,KU Leuven,D3_other_institution,percentile,gradient_boosting,743,0.6120206109679793,0.6644591611479028,0.33333333333333337,0.5
oulad_BBB_2014J,ukzn_ISTN101_2019,OULAD,UKZN,D3_other_institution,percentile,gradient_boosting,1056,0.5909952134024731,0.7278731836195509,0.5238095238095238,0.5
oulad_BBB_2014J,ukzn_ISTN101_2020,OULAD,UKZN,D3_other_institution,percentile,gradient_boosting,978,0.63314733859098,0.6745976207137858,-0.33333333333333337,0.0
oulad_BBB_2014J,ukzn_ISTN101_2021,OULAD,UKZN,D3_other_institution,percentile,gradient_boosting,741,0.7250198997986608,0.7867711053089643,0.14285714285714288,0.5
oulad_BBB_2014J,ukzn_ISTN102_2018,OULAD,UKZN,D3_other_institution,percentile,gradient_boosting,257,0.6434018051665111,0.7005988023952096,-0.04761904761904762,0.5
oulad_BBB_2014J,ukzn_ISTN103_2019,OULAD,UKZN,D3_other_institution,percentile,gradient_boosting,1113,0.6315170151701517,0.7184334908845375,0.14285714285714288,0.5
oulad_BBB_2014J,ukzn_ISTN103_2020,OULAD,UKZN,D3_other_institution,percentile,gradient_boosting,1082,0.599595341936064,0.6984536082474226,-0.14285714285714288,0.2
oulad_BBB_2014J,ukzn_ISTN211_2019,OULAD,UKZN,D3_other_institution,percentile,gradient_boosting,280,0.5976003226456946,0.8336933045356372,-0.4285714285714286,0.2
oulad_BBB_2014J,ukzn_ISTN211_2021,OULAD,UKZN,D3_other_institution,percentile,gradient_boosting,327,0.822201138519924,0.835820895522388,0.14285714285714288,0.5
oulad_BBB_2014J,ukzn_ISTN212_2018,OULAD,UKZN,D3_other_institution,percentile,gradient_boosting,238,0.7541588566073102,0.8189415041782729,0.04761904761904762,0.2
oulad_BBB_2014J,ukzn_ISTN212_2019,OULAD,UKZN,D3_other_institution,percentile,gradient_boosting,264,0.6685435435435436,0.8097560975609757,0.04761904761904762,0.5
oulad_BBB_2014J,ukzn_ISTN2IP_2018,OULAD,UKZN,D3_other_institution,percentile,gradient_boosting,99,0.6483783783783784,0.6825396825396826,-0.04761904761904762,0.2
oulad_BBB_2014J,ukzn_ISTN2IP_2019,OULAD,UKZN,D3_other_institution,percentile,gradient_boosting,116,0.630073051948052,0.8369565217391305,0.5238095238095238,1.0
oulad_BBB_2014J,ukzn_ISTN3ND_2018,OULAD,UKZN,D3_other_institution,percentile,gradient_boosting,144,0.4231699939503933,0.5529411764705883,0.23809523809523814,0.5
oulad_BBB_2014J,ukzn_ISTN3ND_2019,OULAD,UKZN,D3_other_institution,percentile,gradient_boosting,223,0.6263966480446927,0.6962457337883959,0.14285714285714288,0.2
oulad_BBB_2014J,ukzn_ISTN3SA_2018,OULAD,UKZN,D3_other_institution,percentile,gradient_boosting,141,0.5172672672672673,0.7536231884057971,-0.14285714285714288,0.2
oulad_BBB_2014J,ukzn_ISTN3SA_2019,OULAD,UKZN,D3_other_institution,percentile,gradient_boosting,195,0.49811764705882355,0.75,-0.7142857142857143,0.2
oulad_DDD_2013B,oulad_BBB_2013B,OULAD,OULAD,D2_other_module,percentile,gradient_boosting,1767,0.8513348542550496,0.7230169050715215,-0.33333333333333337,0.2
oulad_DDD_2013B,oulad_BBB_2013J,OULAD,OULAD,D2_other_module,percentile,gradient_boosting,2237,0.8547898917430018,0.6810810810810811,0.14285714285714288,0.5
oulad_DDD_2013B,oulad_BBB_2014B,OULAD,OULAD,D2_other_module,percentile,gradient_boosting,1613,0.8484634898357764,0.6630851880276285,-0.33333333333333337,0.2
oulad_DDD_2013B,oulad_BBB_2014J,OULAD,OULAD,D2_other_module,percentile,gradient_boosting,2292,0.848319474902534,0.6690537084398976,-0.33333333333333337,0.2
oulad_DDD_2013B,oulad_DDD_2013B,OULAD,OULAD,D0_within_cohort,percentile,gradient_boosting,1303,0.8225564374551839,0.6885844748858447,1.0,1.0
oulad_DDD_2013B,oulad_DDD_2013J,OULAD,OULAD,D1_same_module,percentile,gradient_boosting,1938,0.850423826984177,0.7294398092967819,0.6190476190476191,0.5
oulad_DDD_2013B,oulad_DDD_2014B,OULAD,OULAD,D1_same_module,percentile,gradient_boosting,1228,0.8515431849285476,0.6977225672877847,-0.14285714285714288,0.2
oulad_DDD_2013B,oulad_DDD_2014J,OULAD,OULAD,D1_same_module,percentile,gradient_boosting,1803,0.8399374556644585,0.6973333333333334,-0.33333333333333337,0.0
oulad_DDD_2013B,oulad_FFF_2013B,OULAD,OULAD,D2_other_module,percentile,gradient_boosting,1614,0.8201096178437929,0.7224036577400392,0.4285714285714286,0.5
oulad_DDD_2013B,oulad_FFF_2013J,OULAD,OULAD,D2_other_module,percentile,gradient_boosting,2283,0.8565422105376443,0.7270058708414873,-0.14285714285714288,0.5
oulad_DDD_2013B,oulad_FFF_2014B,OULAD,OULAD,D2_other_module,percentile,gradient_boosting,1500,0.8493621720490743,0.7227414330218068,0.23809523809523814,0.5
oulad_DDD_2013B,oulad_FFF_2014J,OULAD,OULAD,D2_other_module,percentile,gradient_boosting,2365,0.8857416270688429,0.7592417061611374,-0.23809523809523814,0.2
oulad_DDD_2013B,ku_Accountancy_1819,OULAD,KU Leuven,D3_other_institution,percentile,gradient_boosting,756,0.608826114249843,0.6550976138828634,0.04761904761904762,0.2
oulad_DDD_2013B,ku_Globaleconom_1819,OULAD,KU Leuven,D3_other_institution,percentile,gradient_boosting,743,0.616451969083548,0.6076923076923076,0.8095238095238096,1.0
oulad_DDD_2013B,ukzn_ISTN101_2019,OULAD,UKZN,D3_other_institution,percentile,gradient_boosting,1056,0.6303225967291584,0.5510688836104513,0.4285714285714286,0.2
oulad_DDD_2013B,ukzn_ISTN101_2020,OULAD,UKZN,D3_other_institution,percentile,gradient_boosting,978,0.7181630456272928,0.42796967144060655,0.04761904761904762,0.2
oulad_DDD_2013B,ukzn_ISTN101_2021,OULAD,UKZN,D3_other_institution,percentile,gradient_boosting,741,0.6597953832467107,0.6036217303822937,-0.4285714285714286,0.2
oulad_DDD_2013B,ukzn_ISTN102_2018,OULAD,UKZN,D3_other_institution,percentile,gradient_boosting,257,0.6458527855586679,0.6498422712933754,-0.14285714285714288,0.2
oulad_DDD_2013B,ukzn_ISTN103_2019,OULAD,UKZN,D3_other_institution,percentile,gradient_boosting,1113,0.6330176301763017,0.6329866270430906,0.14285714285714288,0.2
oulad_DDD_2013B,ukzn_ISTN103_2020,OULAD,UKZN,D3_other_institution,percentile,gradient_boosting,1082,0.6187986151701812,0.3885245901639344,-0.14285714285714288,0.0
oulad_DDD_2013B,ukzn_ISTN211_2019,OULAD,UKZN,D3_other_institution,percentile,gradient_boosting,280,0.670094777172817,0.4943181818181818,0.14285714285714288,0.5
oulad_DDD_2013B,ukzn_ISTN211_2021,OULAD,UKZN,D3_other_institution,percentile,gradient_boosting,327,0.7697343453510437,0.38441558441558443,-0.23809523809523814,0.2
oulad_DDD_2013B,ukzn_ISTN212_2018,OULAD,UKZN,D3_other_institution,percentile,gradient_boosting,238,0.728151358950328,0.5168539325842697,0.14285714285714288,0.2
oulad_DDD_2013B,ukzn_ISTN212_2019,OULAD,UKZN,D3_other_institution,percentile,gradient_boosting,264,0.6934255684255684,0.47651006711409394,-0.4285714285714286,0.0
oulad_DDD_2013B,ukzn_ISTN2IP_2018,OULAD,UKZN,D3_other_institution,percentile,gradient_boosting,99,0.6275675675675676,0.5233644859813084,-0.5238095238095238,0.0
oulad_DDD_2013B,ukzn_ISTN2IP_2019,OULAD,UKZN,D3_other_institution,percentile,gradient_boosting,116,0.6355519480519481,0.4,0.04761904761904762,0.2
oulad_DDD_2013B,ukzn_ISTN3ND_2018,OULAD,UKZN,D3_other_institution,percentile,gradient_boosting,144,0.5227868521879411,0.45112781954887216,0.04761904761904762,0.2
oulad_DDD_2013B,ukzn_ISTN3ND_2019,OULAD,UKZN,D3_other_institution,percentile,gradient_boosting,223,0.6503301168105637,0.6236559139784946,-0.14285714285714288,0.2
oulad_DDD_2013B,ukzn_ISTN3SA_2018,OULAD,UKZN,D3_other_institution,percentile,gradient_boosting,141,0.5897897897897899,0.4968152866242038,0.14285714285714288,0.2
oulad_DDD_2013B,ukzn_ISTN3SA_2019,OULAD,UKZN,D3_other_institution,percentile,gradient_boosting,195,0.595764705882353,0.4336283185840708,0.04761904761904762,0.5
oulad_DDD_2013J,oulad_BBB_2013B,OULAD,OULAD,D2_other_module,percentile,gradient_boosting,1767,0.8585058365155562,0.7564505978602895,-0.04761904761904762,0.5
oulad_DDD_2013J,oulad_BBB_2013J,OULAD,OULAD,D2_other_module,percentile,gradient_boosting,2237,0.8598580327973863,0.7437530622243999,0.33333333333333337,0.5
oulad_DDD_2013J,oulad_BBB_2014B,OULAD,OULAD,D2_other_module,percentile,gradient_boosting,1613,0.8579065767044132,0.7440890125173852,-0.04761904761904762,0.5
oulad_DDD_2013J,oulad_BBB_2014J,OULAD,OULAD,D2_other_module,percentile,gradient_boosting,2292,0.8538247746101364,0.7382739212007504,-0.14285714285714288,0.2
oulad_DDD_2013J,oulad_DDD_2013B,OULAD,OULAD,D1_same_module,percentile,gradient_boosting,1303,0.8382328215018667,0.7255244755244755,0.33333333333333337,0.5
oulad_DDD_2013J,oulad_DDD_2013J,OULAD,OULAD,D0_within_cohort,percentile,gradient_boosting,1938,0.8593001008309031,0.7574563871693866,1.0,1.0
oulad_DDD_2013J,oulad_DDD_2014B,OULAD,OULAD,D1_same_module,percentile,gradient_boosting,1228,0.8670962814720254,0.7561697926949654,0.4285714285714286,0.5
oulad_DDD_2013J,oulad_DDD_2014J,OULAD,OULAD,D1_same_module,percentile,gradient_boosting,1803,0.8487190150765819,0.732872407291012,-0.23809523809523814,0.2
oulad_DDD_2013J,oulad_FFF_2013B,OULAD,OULAD,D2_other_module,percentile,gradient_boosting,1614,0.8211171121876846,0.7154362416107383,-0.04761904761904762,0.2
oulad_DDD_2013J,oulad_FFF_2013J,OULAD,OULAD,D2_other_module,percentile,gradient_boosting,2283,0.86366711252556,0.7705223880597015,-0.14285714285714288,0.2
oulad_DDD_2013J,oulad_FFF_2014B,OULAD,OULAD,D2_other_module,percentile,gradient_boosting,1500,0.8635899465735498,0.7596439169139466,0.14285714285714288,0.5
oulad_DDD_2013J,oulad_FFF_2014J,OULAD,OULAD,D2_other_module,percentile,gradient_boosting,2365,0.8973551953492643,0.8081632653061225,0.23809523809523814,0.2
oulad_DDD_2013J,ku_Accountancy_1819,OULAD,KU Leuven,D3_other_institution,percentile,gradient_boosting,756,0.6064155681104835,0.5993031358885017,-0.14285714285714288,0.2
oulad_DDD_2013J,ku_Globaleconom_1819,OULAD,KU Leuven,D3_other_institution,percentile,gradient_boosting,743,0.607799043062201,0.5842105263157895,-0.14285714285714288,0.2
oulad_DDD_2013J,ukzn_ISTN101_2019,OULAD,UKZN,D3_other_institution,percentile,gradient_boosting,1056,0.6298084114479459,0.6229508196721312,0.14285714285714288,0.2
oulad_DDD_2013J,ukzn_ISTN101_2020,OULAD,UKZN,D3_other_institution,percentile,gradient_boosting,978,0.6930317875266361,0.5275590551181102,-0.04761904761904762,0.2
oulad_DDD_2013J,ukzn_ISTN101_2021,OULAD,UKZN,D3_other_institution,percentile,gradient_boosting,741,0.6650746827737979,0.5443037974683544,-0.33333333333333337,0.2
oulad_DDD_2013J,ukzn_ISTN102_2018,OULAD,UKZN,D3_other_institution,percentile,gradient_boosting,257,0.6239495798319328,0.5597269624573379,-0.33333333333333337,0.2
oulad_DDD_2013J,ukzn_ISTN103_2019,OULAD,UKZN,D3_other_institution,percentile,gradient_boosting,1113,0.6470684706847069,0.6253822629969419,-0.14285714285714288,0.2
oulad_DDD_2013J,ukzn_ISTN103_2020,OULAD,UKZN,D3_other_institution,percentile,gradient_boosting,1082,0.6246616608965424,0.3957654723127036,-0.04761904761904762,0.2
oulad_DDD_2013J,ukzn_ISTN211_2019,OULAD,UKZN,D3_other_institution,percentile,gradient_boosting,280,0.6756402500504134,0.5414364640883977,-0.04761904761904762,0.2
oulad_DDD_2013J,ukzn_ISTN211_2021,OULAD,UKZN,D3_other_institution,percentile,gradient_boosting,327,0.7561669829222012,0.48661800486618007,-0.23809523809523814,0.2
oulad_DDD_2013J,ukzn_ISTN212_2018,OULAD,UKZN,D3_other_institution,percentile,gradient_boosting,238,0.7341846298031866,0.5579710144927537,-0.14285714285714288,0.2
oulad_DDD_2013J,ukzn_ISTN212_2019,OULAD,UKZN,D3_other_institution,percentile,gradient_boosting,264,0.6914414414414414,0.49333333333333335,-0.6190476190476191,0.0
oulad_DDD_2013J,ukzn_ISTN2IP_2018,OULAD,UKZN,D3_other_institution,percentile,gradient_boosting,99,0.6394594594594595,0.5636363636363636,-0.33333333333333337,0.0
oulad_DDD_2013J,ukzn_ISTN2IP_2019,OULAD,UKZN,D3_other_institution,percentile,gradient_boosting,116,0.6195211038961039,0.4838709677419355,-0.4285714285714286,0.2
oulad_DDD_2013J,ukzn_ISTN3ND_2018,OULAD,UKZN,D3_other_institution,percentile,gradient_boosting,144,0.531155474894132,0.4409448818897638,-0.23809523809523814,0.2
oulad_DDD_2013J,ukzn_ISTN3ND_2019,OULAD,UKZN,D3_other_institution,percentile,gradient_boosting,223,0.6809928897917724,0.5670498084291188,-0.23809523809523814,0.2
oulad_DDD_2013J,ukzn_ISTN3SA_2018,OULAD,UKZN,D3_other_institution,percentile,gradient_boosting,141,0.534084084084084,0.4936708860759494,-0.23809523809523814,0.2
oulad_DDD_2013J,ukzn_ISTN3SA_2019,OULAD,UKZN,D3_other_institution,percentile,gradient_boosting,195,0.566,0.4434782608695652,-0.33333333333333337,0.2
oulad_DDD_2014B,oulad_BBB_2013B,OULAD,OULAD,D2_other_module,percentile,gradient_boosting,1767,0.8496832417852141,0.7474874371859297,0.14285714285714288,0.2
oulad_DDD_2014B,oulad_BBB_2013J,OULAD,OULAD,D2_other_module,percentile,gradient_boosting,2237,0.8511222054961244,0.7302533532041728,0.4285714285714286,0.5
oulad_DDD_2014B,oulad_BBB_2014B,OULAD,OULAD,D2_other_module,percentile,gradient_boosting,1613,0.8508838387758841,0.72778166550035,0.9047619047619049,1.0
oulad_DDD_2014B,oulad_BBB_2014J,OULAD,OULAD,D2_other_module,percentile,gradient_boosting,2292,0.8469724658869398,0.6933333333333334,0.14285714285714288,0.5
oulad_DDD_2014B,oulad_DDD_2013B,OULAD,OULAD,D1_same_module,percentile,gradient_boosting,1303,0.8335756496797962,0.7132867132867133,-0.6190476190476191,0.0
oulad_DDD_2014B,oulad_DDD_2013J,OULAD,OULAD,D1_same_module,percentile,gradient_boosting,1938,0.859247890654487,0.7607709750566893,-0.23809523809523814,0.5
oulad_DDD_2014B,oulad_DDD_2014B,OULAD,OULAD,D0_within_cohort,percentile,gradient_boosting,1228,0.8571832728955239,0.7441860465116279,1.0,1.0
oulad_DDD_2014B,oulad_DDD_2014J,OULAD,OULAD,D1_same_module,percentile,gradient_boosting,1803,0.8353334282488585,0.7436208991494532,0.33333333333333337,0.5
oulad_DDD_2014B,oulad_FFF_2013B,OULAD,OULAD,D2_other_module,percentile,gradient_boosting,1614,0.8000358117745426,0.7283163265306123,-1.0,0.0
oulad_DDD_2014B,oulad_FFF_2013J,OULAD,OULAD,D2_other_module,percentile,gradient_boosting,2283,0.8506445735897791,0.736587723537941,0.04761904761904762,0.2
oulad_DDD_2014B,oulad_FFF_2014B,OULAD,OULAD,D2_other_module,percentile,gradient_boosting,1500,0.8498628190947144,0.742772424017791,-0.6190476190476191,0.0
oulad_DDD_2014B,oulad_FFF_2014J,OULAD,OULAD,D2_other_module,percentile,gradient_boosting,2365,0.885159854693203,0.7925045703839122,0.5238095238095238,0.5
oulad_DDD_2014B,ku_Accountancy_1819,OULAD,KU Leuven,D3_other_institution,percentile,gradient_boosting,756,0.576304666248169,0.5378973105134475,-0.04761904761904762,0.2
oulad_DDD_2014B,ku_Globaleconom_1819,OULAD,KU Leuven,D3_other_institution,percentile,gradient_boosting,743,0.602465955097534,0.587012987012987,-0.23809523809523814,0.2
oulad_DDD_2014B,ukzn_ISTN101_2019,OULAD,UKZN,D3_other_institution,percentile,gradient_boosting,1056,0.6122856003191065,0.5867269984917044,-0.23809523809523814,0.2
oulad_DDD_2014B,ukzn_ISTN101_2020,OULAD,UKZN,D3_other_institution,percentile,gradient_boosting,978,0.6925265262186684,0.4878836833602585,-0.04761904761904762,0.2
oulad_DDD_2014B,ukzn_ISTN101_2021,OULAD,UKZN,D3_other_institution,percentile,gradient_boosting,741,0.5985040033712601,0.5542916235780765,-0.6190476190476191,0.0
oulad_DDD_2014B,ukzn_ISTN102_2018,OULAD,UKZN,D3_other_institution,percentile,gradient_boosting,257,0.6058201058201058,0.5460750853242321,0.14285714285714288,0.2
oulad_DDD_2014B,ukzn_ISTN103_2019,OULAD,UKZN,D3_other_institution,percentile,gradient_boosting,1113,0.6421832718327184,0.6752136752136753,-0.04761904761904762,0.2
oulad_DDD_2014B,ukzn_ISTN103_2020,OULAD,UKZN,D3_other_institution,percentile,gradient_boosting,1082,0.6501146531181152,0.6164574616457462,-0.04761904761904762,0.2
oulad_DDD_2014B,ukzn_ISTN211_2019,OULAD,UKZN,D3_other_institution,percentile,gradient_boosting,280,0.6548699334543255,0.572972972972973,0.04761904761904762,0.2
oulad_DDD_2014B,ukzn_ISTN211_2021,OULAD,UKZN,D3_other_institution,percentile,gradient_boosting,327,0.7875711574952562,0.6255506607929515,0.14285714285714288,0.5
oulad_DDD_2014B,ukzn_ISTN212_2018,OULAD,UKZN,D3_other_institution,percentile,gradient_boosting,238,0.7291471415182755,0.5642857142857143,-0.33333333333333337,0.2
oulad_DDD_2014B,ukzn_ISTN212_2019,OULAD,UKZN,D3_other_institution,percentile,gradient_boosting,264,0.676962676962677,0.4797297297297297,-0.5238095238095238,0.0
oulad_DDD_2014B,ukzn_ISTN2IP_2018,OULAD,UKZN,D3_other_institution,percentile,gradient_boosting,99,0.5737837837837838,0.42857142857142855,-0.33333333333333337,0.0
oulad_DDD_2014B,ukzn_ISTN2IP_2019,OULAD,UKZN,D3_other_institution,percentile,gradient_boosting,116,0.5482954545454546,0.5151515151515151,-0.33333333333333337,0.2
oulad_DDD_2014B,ukzn_ISTN3ND_2018,OULAD,UKZN,D3_other_institution,percentile,gradient_boosting,144,0.5236942932042751,0.42857142857142855,-0.23809523809523814,0.2
oulad_DDD_2014B,ukzn_ISTN3ND_2019,OULAD,UKZN,D3_other_institution,percentile,gradient_boosting,223,0.6269045200609447,0.5138339920948617,-0.5238095238095238,0.0
oulad_DDD_2014B,ukzn_ISTN3SA_2018,OULAD,UKZN,D3_other_institution,percentile,gradient_boosting,141,0.5036036036036037,0.5664739884393064,-0.04761904761904762,0.2
oulad_DDD_2014B,ukzn_ISTN3SA_2019,OULAD,UKZN,D3_other_institution,percentile,gradient_boosting,195,0.5980000000000001,0.4473684210526316,-0.14285714285714288,0.2
oulad_DDD_2014J,oulad_BBB_2013B,OULAD,OULAD,D2_other_module,percentile,gradient_boosting,1767,0.8509808911602239,0.7590799031476998,0.14285714285714288,0.2
oulad_DDD_2014J,oulad_BBB_2013J,OULAD,OULAD,D2_other_module,percentile,gradient_boosting,2237,0.853993177887387,0.7343518974864465,0.4285714285714286,0.5
oulad_DDD_2014J,oulad_BBB_2014B,OULAD,OULAD,D2_other_module,percentile,gradient_boosting,1613,0.849641061786432,0.7261410788381742,0.14285714285714288,0.5
oulad_DDD_2014J,oulad_BBB_2014J,OULAD,OULAD,D2_other_module,percentile,gradient_boosting,2292,0.8472918951023392,0.7219878105954055,-0.14285714285714288,0.2
oulad_DDD_2014J,oulad_DDD_2013B,OULAD,OULAD,D1_same_module,percentile,gradient_boosting,1303,0.8261986004994684,0.707855251544572,0.04761904761904762,0.2
oulad_DDD_2014J,oulad_DDD_2013J,OULAD,OULAD,D1_same_module,percentile,gradient_boosting,1938,0.8455971049457177,0.7330264672036824,0.04761904761904762,0.5
oulad_DDD_2014J,oulad_DDD_2014B,OULAD,OULAD,D1_same_module,percentile,gradient_boosting,1228,0.8485343018248409,0.7286673058485139,0.6190476190476191,1.0
oulad_DDD_2014J,oulad_DDD_2014J,OULAD,OULAD,D0_within_cohort,percentile,gradient_boosting,1803,0.8541785311073146,0.7388379204892966,1.0,1.0
oulad_DDD_2014J,oulad_FFF_2013B,OULAD,OULAD,D2_other_module,percentile,gradient_boosting,1614,0.8098663744343891,0.7194805194805195,-0.5238095238095238,0.0
oulad_DDD_2014J,oulad_FFF_2013J,OULAD,OULAD,D2_other_module,percentile,gradient_boosting,2283,0.860602601356026,0.7501180916391119,0.14285714285714288,0.2
oulad_DDD_2014J,oulad_FFF_2014B,OULAD,OULAD,D2_other_module,percentile,gradient_boosting,1500,0.8549316445080646,0.74943904263276,-0.04761904761904762,0.2
oulad_DDD_2014J,oulad_FFF_2014J,OULAD,OULAD,D2_other_module,percentile,gradient_boosting,2365,0.8862728261368593,0.7790432801822323,0.4285714285714286,0.5
oulad_DDD_2014J,ku_Accountancy_1819,OULAD,KU Leuven,D3_other_institution,percentile,gradient_boosting,756,0.5894580456162377,0.652267818574514,-0.14285714285714288,0.2
oulad_DDD_2014J,ku_Globaleconom_1819,OULAD,KU Leuven,D3_other_institution,percentile,gradient_boosting,743,0.6083032756716967,0.5876288659793815,-0.14285714285714288,0.2
oulad_DDD_2014J,ukzn_ISTN101_2019,OULAD,UKZN,D3_other_institution,percentile,gradient_boosting,1056,0.6253085111687275,0.6339677891654466,0.33333333333333337,0.5
oulad_DDD_2014J,ukzn_ISTN101_2020,OULAD,UKZN,D3_other_institution,percentile,gradient_boosting,978,0.6910217262362427,0.5470085470085471,-0.04761904761904762,0.2
oulad_DDD_2014J,ukzn_ISTN101_2021,OULAD,UKZN,D3_other_institution,percentile,gradient_boosting,741,0.6978742332724633,0.6653883029721956,-0.7142857142857143,0.0
oulad_DDD_2014J,ukzn_ISTN102_2018,OULAD,UKZN,D3_other_institution,percentile,gradient_boosting,257,0.6397447868036104,0.46923076923076923,-0.5238095238095238,0.0
oulad_DDD_2014J,ukzn_ISTN103_2019,OULAD,UKZN,D3_other_institution,percentile,gradient_boosting,1113,0.6259143091430914,0.6082234290147401,-0.4285714285714286,0.2
oulad_DDD_2014J,ukzn_ISTN103_2020,OULAD,UKZN,D3_other_institution,percentile,gradient_boosting,1082,0.6430736028056292,0.5557986870897156,0.04761904761904762,0.2
oulad_DDD_2014J,ukzn_ISTN211_2019,OULAD,UKZN,D3_other_institution,percentile,gradient_boosting,280,0.6402500504133898,0.5904255319148937,0.04761904761904762,0.5
oulad_DDD_2014J,ukzn_ISTN211_2021,OULAD,UKZN,D3_other_institution,percentile,gradient_boosting,327,0.766223908918406,0.5945945945945946,-0.04761904761904762,0.2
oulad_DDD_2014J,ukzn_ISTN212_2018,OULAD,UKZN,D3_other_institution,percentile,gradient_boosting,238,0.6972235238987817,0.6048109965635738,-0.5238095238095238,0.0
oulad_DDD_2014J,ukzn_ISTN212_2019,OULAD,UKZN,D3_other_institution,percentile,gradient_boosting,264,0.6867760617760618,0.5477707006369427,-0.6190476190476191,0.0
oulad_DDD_2014J,ukzn_ISTN2IP_2018,OULAD,UKZN,D3_other_institution,percentile,gradient_boosting,99,0.6072972972972973,0.49504950495049505,-0.4285714285714286,0.0
oulad_DDD_2014J,ukzn_ISTN2IP_2019,OULAD,UKZN,D3_other_institution,percentile,gradient_boosting,116,0.6625405844155844,0.6142857142857143,-0.04761904761904762,0.2
oulad_DDD_2014J,ukzn_ISTN3ND_2018,OULAD,UKZN,D3_other_institution,percentile,gradient_boosting,144,0.4851784633998791,0.4827586206896552,0.14285714285714288,0.5
oulad_DDD_2014J,ukzn_ISTN3ND_2019,OULAD,UKZN,D3_other_institution,percentile,gradient_boosting,223,0.6464575926866429,0.6887417218543046,-0.23809523809523814,0.0
oulad_DDD_2014J,ukzn_ISTN3SA_2018,OULAD,UKZN,D3_other_institution,percentile,gradient_boosting,141,0.5558558558558558,0.5454545454545454,0.33333333333333337,0.5
oulad_DDD_2014J,ukzn_ISTN3SA_2019,OULAD,UKZN,D3_other_institution,percentile,gradient_boosting,195,0.5841176470588234,0.5551020408163265,-0.04761904761904762,0.2
oulad_FFF_2013B,oulad_BBB_2013B,OULAD,OULAD,D2_other_module,percentile,gradient_boosting,1767,0.8490340941386811,0.760261748958953,-0.14285714285714288,0.5
oulad_FFF_2013B,oulad_BBB_2013J,OULAD,OULAD,D2_other_module,percentile,gradient_boosting,2237,0.8432675677406956,0.724812030075188,-0.23809523809523814,0.2
oulad_FFF_2013B,oulad_BBB_2014B,OULAD,OULAD,D2_other_module,percentile,gradient_boosting,1613,0.8402072899233375,0.7172995780590717,-0.4285714285714286,0.0
oulad_FFF_2013B,oulad_BBB_2014J,OULAD,OULAD,D2_other_module,percentile,gradient_boosting,2292,0.8437351516812865,0.7691633815155497,-0.04761904761904762,0.2
oulad_FFF_2013B,oulad_DDD_2013B,OULAD,OULAD,D2_other_module,percentile,gradient_boosting,1303,0.8209245110402295,0.7081967213114754,0.33333333333333337,0.5
oulad_FFF_2013B,oulad_DDD_2013J,OULAD,OULAD,D2_other_module,percentile,gradient_boosting,1938,0.8459805234287727,0.7670661803022407,0.23809523809523814,0.2
oulad_FFF_2013B,oulad_DDD_2014B,OULAD,OULAD,D2_other_module,percentile,gradient_boosting,1228,0.8465664727639637,0.7440147329650092,-0.4285714285714286,0.0
oulad_FFF_2013B,oulad_DDD_2014J,OULAD,OULAD,D2_other_module,percentile,gradient_boosting,1803,0.8419281839163145,0.7508571428571429,-0.23809523809523814,0.0
oulad_FFF_2013B,oulad_FFF_2013B,OULAD,OULAD,D0_within_cohort,percentile,gradient_boosting,1614,0.8316823541707653,0.7554744525547445,1.0,1.0
oulad_FFF_2013B,oulad_FFF_2013J,OULAD,OULAD,D1_same_module,percentile,gradient_boosting,2283,0.8645496056454961,0.7802929427430093,0.14285714285714288,0.5
oulad_FFF_2013B,oulad_FFF_2014B,OULAD,OULAD,D1_same_module,percentile,gradient_boosting,1500,0.8610568894094173,0.7656033287101248,-0.04761904761904762,0.5
oulad_FFF_2013B,oulad_FFF_2014J,OULAD,OULAD,D1_same_module,percentile,gradient_boosting,2365,0.885499879484884,0.8034934497816594,-0.23809523809523814,0.2
oulad_FFF_2013B,ku_Accountancy_1819,OULAD,KU Leuven,D3_other_institution,percentile,gradient_boosting,756,0.6317807072609333,0.6459489456159823,0.6190476190476191,0.5
oulad_FFF_2013B,ku_Globaleconom_1819,OULAD,KU Leuven,D3_other_institution,percentile,gradient_boosting,743,0.622926021347074,0.6212871287128713,0.5238095238095238,0.5
oulad_FFF_2013B,ukzn_ISTN101_2019,OULAD,UKZN,D3_other_institution,percentile,gradient_boosting,1056,0.6399612335460709,0.6009036144578314,0.4285714285714286,0.5
oulad_FFF_2013B,ukzn_ISTN101_2020,OULAD,UKZN,D3_other_institution,percentile,gradient_boosting,978,0.717536960963072,0.547711404189294,-0.5238095238095238,0.0
oulad_FFF_2013B,ukzn_ISTN101_2021,OULAD,UKZN,D3_other_institution,percentile,gradient_boosting,741,0.8014468324202836,0.6666666666666666,0.4285714285714286,0.5
oulad_FFF_2013B,ukzn_ISTN102_2018,OULAD,UKZN,D3_other_institution,percentile,gradient_boosting,257,0.6512994086523498,0.6430868167202572,-0.23809523809523814,0.2
oulad_FFF_2013B,ukzn_ISTN103_2019,OULAD,UKZN,D3_other_institution,percentile,gradient_boosting,1113,0.6431385813858139,0.6346586646661665,0.23809523809523814,0.2
oulad_FFF_2013B,ukzn_ISTN103_2020,OULAD,UKZN,D3_other_institution,percentile,gradient_boosting,1082,0.6754192707162449,0.6581254214430209,0.33333333333333337,0.5
oulad_FFF_2013B,ukzn_ISTN211_2019,OULAD,UKZN,D3_other_institution,percentile,gradient_boosting,280,0.7692075015124016,0.6302083333333334,0.33333333333333337,0.5
oulad_FFF_2013B,ukzn_ISTN211_2021,OULAD,UKZN,D3_other_institution,percentile,gradient_boosting,327,0.7779886148007591,0.6420824295010846,0.04761904761904762,0.2
oulad_FFF_2013B,ukzn_ISTN212_2018,OULAD,UKZN,D3_other_institution,percentile,gradient_boosting,238,0.752753045923149,0.6945337620578779,0.4285714285714286,0.5
oulad_FFF_2013B,ukzn_ISTN212_2019,OULAD,UKZN,D3_other_institution,percentile,gradient_boosting,264,0.7106392106392107,0.6685714285714286,0.4285714285714286,0.5
oulad_FFF_2013B,ukzn_ISTN2IP_2018,OULAD,UKZN,D3_other_institution,percentile,gradient_boosting,99,0.6386486486486487,0.5614035087719298,0.33333333333333337,0.2
oulad_FFF_2013B,ukzn_ISTN2IP_2019,OULAD,UKZN,D3_other_institution,percentile,gradient_boosting,116,0.7883522727272727,0.7482993197278912,0.6190476190476191,0.5
oulad_FFF_2013B,ukzn_ISTN3ND_2018,OULAD,UKZN,D3_other_institution,percentile,gradient_boosting,144,0.564327485380117,0.5859872611464968,0.14285714285714288,0.5
oulad_FFF_2013B,ukzn_ISTN3ND_2019,OULAD,UKZN,D3_other_institution,percentile,gradient_boosting,223,0.6475368207211782,0.6453900709219859,0.04761904761904762,0.2
oulad_FFF_2013B,ukzn_ISTN3SA_2018,OULAD,UKZN,D3_other_institution,percentile,gradient_boosting,141,0.6345345345345346,0.655367231638418,0.33333333333333337,0.5
oulad_FFF_2013B,ukzn_ISTN3SA_2019,OULAD,UKZN,D3_other_institution,percentile,gradient_boosting,195,0.6336470588235295,0.5984251968503937,-0.23809523809523814,0.0
oulad_FFF_2013J,oulad_BBB_2013B,OULAD,OULAD,D2_other_module,percentile,gradient_boosting,1767,0.8574639706908223,0.7707979626485568,0.23809523809523814,0.5
oulad_FFF_2013J,oulad_BBB_2013J,OULAD,OULAD,D2_other_module,percentile,gradient_boosting,2237,0.8613333546857985,0.7841059602649006,0.14285714285714288,0.5
oulad_FFF_2013J,oulad_BBB_2014B,OULAD,OULAD,D2_other_module,percentile,gradient_boosting,1613,0.8589180310562284,0.7742749054224464,-0.14285714285714288,0.2
oulad_FFF_2013J,oulad_BBB_2014J,OULAD,OULAD,D2_other_module,percentile,gradient_boosting,2292,0.8539656432748538,0.8006658343736995,0.6190476190476191,0.5
oulad_FFF_2013J,oulad_DDD_2013B,OULAD,OULAD,D2_other_module,percentile,gradient_boosting,1303,0.8239781915288182,0.726984126984127,0.14285714285714288,0.5
oulad_FFF_2013J,oulad_DDD_2013J,OULAD,OULAD,D2_other_module,percentile,gradient_boosting,1938,0.8533731580956773,0.7728957120169402,-0.14285714285714288,0.2
oulad_FFF_2013J,oulad_DDD_2014B,OULAD,OULAD,D2_other_module,percentile,gradient_boosting,1228,0.8509341613452592,0.7638888888888888,0.04761904761904762,0.2
oulad_FFF_2013J,oulad_DDD_2014J,OULAD,OULAD,D2_other_module,percentile,gradient_boosting,1803,0.8459477315189481,0.7432198499711483,0.33333333333333337,0.2
oulad_FFF_2013J,oulad_FFF_2013B,OULAD,OULAD,D1_same_module,percentile,gradient_boosting,1614,0.8331955169191423,0.7549194991055456,0.23809523809523814,0.2
oulad_FFF_2013J,oulad_FFF_2013J,OULAD,OULAD,D0_within_cohort,percentile,gradient_boosting,2283,0.8782866718939778,0.7951388888888888,1.0,1.0
oulad_FFF_2013J,oulad_FFF_2014B,OULAD,OULAD,D1_same_module,percentile,gradient_boosting,1500,0.8645252709277695,0.7760778859527121,0.23809523809523814,0.5
oulad_FFF_2013J,oulad_FFF_2014J,OULAD,OULAD,D1_same_module,percentile,gradient_boosting,2365,0.9011090977434979,0.8217317487266553,0.5238095238095238,0.5
oulad_FFF_2013J,ku_Accountancy_1819,OULAD,KU Leuven,D3_other_institution,percentile,gradient_boosting,756,0.5640217618748692,0.7224334600760456,0.14285714285714288,0.5
oulad_FFF_2013J,ku_Globaleconom_1819,OULAD,KU Leuven,D3_other_institution,percentile,gradient_boosting,743,0.6082149429517851,0.6420927467300832,0.04761904761904762,0.5
oulad_FFF_2013J,ukzn_ISTN101_2019,OULAD,UKZN,D3_other_institution,percentile,gradient_boosting,1056,0.5551300109692859,0.7686567164179104,0.14285714285714288,0.5
oulad_FFF_2013J,ukzn_ISTN101_2020,OULAD,UKZN,D3_other_institution,percentile,gradient_boosting,978,0.6612113090661453,0.6838799720865317,-0.4285714285714286,0.2
oulad_FFF_2013J,ukzn_ISTN101_2021,OULAD,UKZN,D3_other_institution,percentile,gradient_boosting,741,0.6472468043264503,0.8037225042301185,0.04761904761904762,0.2
oulad_FFF_2013J,ukzn_ISTN102_2018,OULAD,UKZN,D3_other_institution,percentile,gradient_boosting,257,0.6193199502023031,0.5894039735099338,-0.14285714285714288,0.2
oulad_FFF_2013J,ukzn_ISTN103_2019,OULAD,UKZN,D3_other_institution,percentile,gradient_boosting,1113,0.6219106191061912,0.7195767195767195,-0.14285714285714288,0.2
oulad_FFF_2013J,ukzn_ISTN103_2020,OULAD,UKZN,D3_other_institution,percentile,gradient_boosting,1082,0.5865383750730633,0.600971547536433,-0.4285714285714286,0.2
oulad_FFF_2013J,ukzn_ISTN211_2019,OULAD,UKZN,D3_other_institution,percentile,gradient_boosting,280,0.5938697318007663,0.8114035087719298,-0.14285714285714288,0.2
oulad_FFF_2013J,ukzn_ISTN211_2021,OULAD,UKZN,D3_other_institution,percentile,gradient_boosting,327,0.7911764705882353,0.7766990291262136,-0.14285714285714288,0.2
oulad_FFF_2013J,ukzn_ISTN212_2018,OULAD,UKZN,D3_other_institution,percentile,gradient_boosting,238,0.7302600749765698,0.7559523809523809,-0.14285714285714288,0.5
oulad_FFF_2013J,ukzn_ISTN212_2019,OULAD,UKZN,D3_other_institution,percentile,gradient_boosting,264,0.632132132132132,0.7480519480519481,-0.23809523809523814,0.2
oulad_FFF_2013J,ukzn_ISTN2IP_2018,OULAD,UKZN,D3_other_institution,percentile,gradient_boosting,99,0.6645945945945946,0.7605633802816901,0.04761904761904762,0.2
oulad_FFF_2013J,ukzn_ISTN2IP_2019,OULAD,UKZN,D3_other_institution,percentile,gradient_boosting,116,0.513189935064935,0.7283236994219653,0.23809523809523814,0.5
oulad_FFF_2013J,ukzn_ISTN3ND_2018,OULAD,UKZN,D3_other_institution,percentile,gradient_boosting,144,0.4285138132688042,0.5238095238095238,0.14285714285714288,0.2
oulad_FFF_2013J,ukzn_ISTN3ND_2019,OULAD,UKZN,D3_other_institution,percentile,gradient_boosting,223,0.6794057897409852,0.7844311377245509,0.04761904761904762,0.2
oulad_FFF_2013J,ukzn_ISTN3SA_2018,OULAD,UKZN,D3_other_institution,percentile,gradient_boosting,141,0.5408408408408408,0.7164179104477612,-0.04761904761904762,0.2
oulad_FFF_2013J,ukzn_ISTN3SA_2019,OULAD,UKZN,D3_other_institution,percentile,gradient_boosting,195,0.5654117647058824,0.7353951890034365,-0.33333333333333337,0.0
oulad_FFF_2014B,oulad_BBB_2013B,OULAD,OULAD,D2_other_module,percentile,gradient_boosting,1767,0.8527623331593661,0.7534076827757125,0.14285714285714288,0.5
oulad_FFF_2014B,oulad_BBB_2013J,OULAD,OULAD,D2_other_module,percentile,gradient_boosting,2237,0.8552042630196656,0.7346326836581709,0.4285714285714286,0.5
oulad_FFF_2014B,oulad_BBB_2014B,OULAD,OULAD,D2_other_module,percentile,gradient_boosting,1613,0.8582403644030168,0.7357440890125174,0.04761904761904762,0.2
oulad_FFF_2014B,oulad_BBB_2014J,OULAD,OULAD,D2_other_module,percentile,gradient_boosting,2292,0.8408679032651072,0.7561643835616438,-0.14285714285714288,0.2
oulad_FFF_2014B,oulad_DDD_2013B,OULAD,OULAD,D2_other_module,percentile,gradient_boosting,1303,0.8302413273001508,0.7105263157894737,0.04761904761904762,0.2
oulad_FFF_2014B,oulad_DDD_2013J,OULAD,OULAD,D2_other_module,percentile,gradient_boosting,1938,0.8563921027757322,0.7440785673021375,0.23809523809523814,0.5
oulad_FFF_2014B,oulad_DDD_2014B,OULAD,OULAD,D2_other_module,percentile,gradient_boosting,1228,0.8567205822098218,0.7519230769230769,0.4285714285714286,0.5
oulad_FFF_2014B,oulad_DDD_2014J,OULAD,OULAD,D2_other_module,percentile,gradient_boosting,1803,0.8561068149347081,0.7528981086028066,0.14285714285714288,0.5
oulad_FFF_2014B,oulad_FFF_2013B,OULAD,OULAD,D1_same_module,percentile,gradient_boosting,1614,0.8402518197914618,0.7458064516129033,-0.23809523809523814,0.0
oulad_FFF_2014B,oulad_FFF_2013J,OULAD,OULAD,D1_same_module,percentile,gradient_boosting,2283,0.8696777516412221,0.7713088029809035,0.14285714285714288,0.5
oulad_FFF_2014B,oulad_FFF_2014B,OULAD,OULAD,D0_within_cohort,percentile,gradient_boosting,1500,0.8602245862884159,0.7516778523489933,1.0,1.0
oulad_FFF_2014B,oulad_FFF_2014J,OULAD,OULAD,D1_same_module,percentile,gradient_boosting,2365,0.8941532952276012,0.7932296431838975,0.6190476190476191,0.5
oulad_FFF_2014B,ku_Accountancy_1819,OULAD,KU Leuven,D3_other_institution,percentile,gradient_boosting,756,0.5927767315337937,0.6742738589211619,0.23809523809523814,0.5
oulad_FFF_2014B,ku_Globaleconom_1819,OULAD,KU Leuven,D3_other_institution,percentile,gradient_boosting,743,0.5982738314317262,0.6358381502890174,0.14285714285714288,0.5
oulad_FFF_2014B,ukzn_ISTN101_2019,OULAD,UKZN,D3_other_institution,percentile,gradient_boosting,1056,0.5489005783805345,0.7554721701063164,-0.04761904761904762,0.2
oulad_FFF_2014B,ukzn_ISTN101_2020,OULAD,UKZN,D3_other_institution,percentile,gradient_boosting,978,0.7035544034621384,0.5617805065234075,-0.4285714285714286,0.0
oulad_FFF_2014B,ukzn_ISTN101_2021,OULAD,UKZN,D3_other_institution,percentile,gradient_boosting,741,0.6840497260851244,0.6761633428300095,-0.33333333333333337,0.2
oulad_FFF_2014B,ukzn_ISTN102_2018,OULAD,UKZN,D3_other_institution,percentile,gradient_boosting,257,0.5528711484593838,0.6299694189602446,-0.33333333333333337,0.0
oulad_FFF_2014B,ukzn_ISTN103_2019,OULAD,UKZN,D3_other_institution,percentile,gradient_boosting,1113,0.6116933169331694,0.7455470737913485,-0.14285714285714288,0.2
oulad_FFF_2014B,ukzn_ISTN103_2020,OULAD,UKZN,D3_other_institution,percentile,gradient_boosting,1082,0.6121802077244729,0.6568364611260054,-0.14285714285714288,0.2
oulad_FFF_2014B,ukzn_ISTN211_2019,OULAD,UKZN,D3_other_institution,percentile,gradient_boosting,280,0.6371244202460175,0.6410256410256411,-0.5238095238095238,0.0
oulad_FFF_2014B,ukzn_ISTN211_2021,OULAD,UKZN,D3_other_institution,percentile,gradient_boosting,327,0.6029411764705883,0.6495726495726496,-0.14285714285714288,0.5
oulad_FFF_2014B,ukzn_ISTN212_2018,OULAD,UKZN,D3_other_institution,percentile,gradient_boosting,238,0.7589620431115276,0.6925566343042071,-0.23809523809523814,0.2
oulad_FFF_2014B,ukzn_ISTN212_2019,OULAD,UKZN,D3_other_institution,percentile,gradient_boosting,264,0.57502145002145,0.6422535211267606,-0.14285714285714288,0.2
oulad_FFF_2014B,ukzn_ISTN2IP_2018,OULAD,UKZN,D3_other_institution,percentile,gradient_boosting,99,0.65,0.6101694915254238,-0.23809523809523814,0.2
oulad_FFF_2014B,ukzn_ISTN2IP_2019,OULAD,UKZN,D3_other_institution,percentile,gradient_boosting,116,0.6564529220779219,0.6131386861313869,0.4285714285714286,0.5
oulad_FFF_2014B,ukzn_ISTN3ND_2018,OULAD,UKZN,D3_other_institution,percentile,gradient_boosting,144,0.48931236136317807,0.5131578947368421,0.04761904761904762,0.5
oulad_FFF_2014B,ukzn_ISTN3ND_2019,OULAD,UKZN,D3_other_institution,percentile,gradient_boosting,223,0.6958481462671406,0.7138047138047138,-0.14285714285714288,0.2
oulad_FFF_2014B,ukzn_ISTN3SA_2018,OULAD,UKZN,D3_other_institution,percentile,gradient_boosting,141,0.5965465465465465,0.6519337016574586,-0.14285714285714288,0.2
oulad_FFF_2014B,ukzn_ISTN3SA_2019,OULAD,UKZN,D3_other_institution,percentile,gradient_boosting,195,0.5614117647058823,0.5992217898832685,-0.5238095238095238,0.0
oulad_FFF_2014J,oulad_BBB_2013B,OULAD,OULAD,D2_other_module,percentile,gradient_boosting,1767,0.8559693163086559,0.7742316784869976,-0.04761904761904762,0.2
oulad_FFF_2014J,oulad_BBB_2013J,OULAD,OULAD,D2_other_module,percentile,gradient_boosting,2237,0.8594909038498496,0.7791741472172352,0.4285714285714286,0.5
oulad_FFF_2014J,oulad_BBB_2014B,OULAD,OULAD,D2_other_module,percentile,gradient_boosting,1613,0.8560148543288384,0.7703045685279187,0.23809523809523814,0.2
oulad_FFF_2014J,oulad_BBB_2014J,OULAD,OULAD,D2_other_module,percentile,gradient_boosting,2292,0.8600306103801171,0.7738782763216349,-0.04761904761904762,0.5
oulad_FFF_2014J,oulad_DDD_2013B,OULAD,OULAD,D2_other_module,percentile,gradient_boosting,1303,0.8296380090497739,0.7319502074688796,-0.33333333333333337,0.2
oulad_FFF_2014J,oulad_DDD_2013J,OULAD,OULAD,D2_other_module,percentile,gradient_boosting,1938,0.8595883445132,0.7724358974358975,-0.23809523809523814,0.2
oulad_FFF_2014J,oulad_DDD_2014B,OULAD,OULAD,D2_other_module,percentile,gradient_boosting,1228,0.8615328440704517,0.7589928057553957,0.4285714285714286,1.0
oulad_FFF_2014J,oulad_DDD_2014J,OULAD,OULAD,D2_other_module,percentile,gradient_boosting,1803,0.8524531916594231,0.7600472813238771,0.33333333333333337,0.5
oulad_FFF_2014J,oulad_FFF_2013B,OULAD,OULAD,D1_same_module,percentile,gradient_boosting,1614,0.830220680454456,0.7510809141445337,-0.33333333333333337,0.2
oulad_FFF_2014J,oulad_FFF_2013J,OULAD,OULAD,D1_same_module,percentile,gradient_boosting,2283,0.8760493058438265,0.7938730853391684,0.33333333333333337,0.5
oulad_FFF_2014J,oulad_FFF_2014B,OULAD,OULAD,D1_same_module,percentile,gradient_boosting,1500,0.8667465533071624,0.7803837953091685,-0.14285714285714288,0.5
oulad_FFF_2014J,oulad_FFF_2014J,OULAD,OULAD,D0_within_cohort,percentile,gradient_boosting,2365,0.897197377935404,0.8275862068965517,1.0,1.0
oulad_FFF_2014J,ku_Accountancy_1819,OULAD,KU Leuven,D3_other_institution,percentile,gradient_boosting,756,0.6429755178907721,0.6422222222222222,0.4285714285714286,0.5
oulad_FFF_2014J,ku_Globaleconom_1819,OULAD,KU Leuven,D3_other_institution,percentile,gradient_boosting,743,0.610518954729481,0.58777633289987,0.5238095238095238,0.5
oulad_FFF_2014J,ukzn_ISTN101_2019,OULAD,UKZN,D3_other_institution,percentile,gradient_boosting,1056,0.5939961856800957,0.6804979253112033,-0.23809523809523814,0.2
oulad_FFF_2014J,ukzn_ISTN101_2020,OULAD,UKZN,D3_other_institution,percentile,gradient_boosting,978,0.6595087981371235,0.6273653566229985,-0.33333333333333337,0.0
oulad_FFF_2014J,ukzn_ISTN101_2021,OULAD,UKZN,D3_other_institution,percentile,gradient_boosting,741,0.7042304630800206,0.7160037002775208,-0.04761904761904762,0.2
oulad_FFF_2014J,ukzn_ISTN102_2018,OULAD,UKZN,D3_other_institution,percentile,gradient_boosting,257,0.6300575785869903,0.6707692307692308,-0.14285714285714288,0.2
oulad_FFF_2014J,ukzn_ISTN103_2019,OULAD,UKZN,D3_other_institution,percentile,gradient_boosting,1113,0.6583640836408364,0.6763636363636364,0.04761904761904762,0.2
oulad_FFF_2014J,ukzn_ISTN103_2020,OULAD,UKZN,D3_other_institution,percentile,gradient_boosting,1082,0.6309968076974957,0.6671078755790867,-0.23809523809523814,0.2
oulad_FFF_2014J,ukzn_ISTN211_2019,OULAD,UKZN,D3_other_institution,percentile,gradient_boosting,280,0.6022383545069571,0.7036144578313253,-0.33333333333333337,0.0
oulad_FFF_2014J,ukzn_ISTN211_2021,OULAD,UKZN,D3_other_institution,percentile,gradient_boosting,327,0.7504743833017078,0.7524752475247525,-0.14285714285714288,0.2
oulad_FFF_2014J,ukzn_ISTN212_2018,OULAD,UKZN,D3_other_institution,percentile,gradient_boosting,238,0.7064198687910027,0.7080745341614907,-0.04761904761904762,0.2
oulad_FFF_2014J,ukzn_ISTN212_2019,OULAD,UKZN,D3_other_institution,percentile,gradient_boosting,264,0.6756756756756758,0.7123287671232876,-0.33333333333333337,0.2
oulad_FFF_2014J,ukzn_ISTN2IP_2018,OULAD,UKZN,D3_other_institution,percentile,gradient_boosting,99,0.7051351351351351,0.6551724137931034,-0.14285714285714288,0.2
oulad_FFF_2014J,ukzn_ISTN2IP_2019,OULAD,UKZN,D3_other_institution,percentile,gradient_boosting,116,0.5525568181818182,0.6447368421052632,-0.04761904761904762,0.2
oulad_FFF_2014J,ukzn_ISTN3ND_2018,OULAD,UKZN,D3_other_institution,percentile,gradient_boosting,144,0.4685420447670901,0.45517241379310347,0.23809523809523814,0.5
oulad_FFF_2014J,ukzn_ISTN3ND_2019,OULAD,UKZN,D3_other_institution,percentile,gradient_boosting,223,0.678072625698324,0.7266666666666667,-0.14285714285714288,0.2
oulad_FFF_2014J,ukzn_ISTN3SA_2018,OULAD,UKZN,D3_other_institution,percentile,gradient_boosting,141,0.5756756756756758,0.6666666666666666,-0.04761904761904762,0.2
oulad_FFF_2014J,ukzn_ISTN3SA_2019,OULAD,UKZN,D3_other_institution,percentile,gradient_boosting,195,0.5176470588235295,0.6030534351145038,-0.14285714285714288,0.2
ku_Accountancy_1819,oulad_BBB_2013B,KU Leuven,OULAD,D3_other_institution,percentile,gradient_boosting,1767,0.6614904946698841,0.620746887966805,-0.33333333333333337,0.2
ku_Accountancy_1819,oulad_BBB_2013J,KU Leuven,OULAD,D3_other_institution,percentile,gradient_boosting,2237,0.6785780058932802,0.6309148264984227,0.04761904761904762,0.2
ku_Accountancy_1819,oulad_BBB_2014B,KU Leuven,OULAD,D3_other_institution,percentile,gradient_boosting,1613,0.7675378266850068,0.6173604960141719,-0.33333333333333337,0.2
ku_Accountancy_1819,oulad_BBB_2014J,KU Leuven,OULAD,D3_other_institution,percentile,gradient_boosting,2292,0.6783896046539961,0.652160953800298,-0.14285714285714288,0.2
ku_Accountancy_1819,oulad_DDD_2013B,KU Leuven,OULAD,D3_other_institution,percentile,gradient_boosting,1303,0.7187992977771185,0.5950512975256488,-0.04761904761904762,0.2
ku_Accountancy_1819,oulad_DDD_2013J,KU Leuven,OULAD,D3_other_institution,percentile,gradient_boosting,1938,0.6656090480235729,0.6202334630350195,-0.14285714285714288,0.2
ku_Accountancy_1819,oulad_DDD_2014B,KU Leuven,OULAD,D3_other_institution,percentile,gradient_boosting,1228,0.6422439383339233,0.5625381330079317,-0.14285714285714288,0.2
ku_Accountancy_1819,oulad_DDD_2014J,KU Leuven,OULAD,D3_other_institution,percentile,gradient_boosting,1803,0.6406979038655596,0.6203779786359901,0.04761904761904762,0.2
ku_Accountancy_1819,oulad_FFF_2013B,KU Leuven,OULAD,D3_other_institution,percentile,gradient_boosting,1614,0.6898147009639977,0.6696548632900045,0.6190476190476191,0.5
ku_Accountancy_1819,oulad_FFF_2013J,KU Leuven,OULAD,D3_other_institution,percentile,gradient_boosting,2283,0.6378849376566271,0.6494746895893028,-0.14285714285714288,0.2
ku_Accountancy_1819,oulad_FFF_2014B,KU Leuven,OULAD,D3_other_institution,percentile,gradient_boosting,1500,0.6657864677091694,0.6124936515997969,0.23809523809523814,0.5
ku_Accountancy_1819,oulad_FFF_2014J,KU Leuven,OULAD,D3_other_institution,percentile,gradient_boosting,2365,0.6313797689553062,0.6317044100119189,0.4285714285714286,0.5
ku_Accountancy_1819,ku_Accountancy_1819,KU Leuven,KU Leuven,D0_within_cohort,percentile,gradient_boosting,756,0.6149863988282067,0.8081149619611158,1.0,1.0
ku_Accountancy_1819,ku_Globaleconom_1819,KU Leuven,KU Leuven,D2_other_module,percentile,gradient_boosting,743,0.5495472948104526,0.7132075471698113,0.04761904761904762,0.2
ku_Accountancy_1819,ukzn_ISTN101_2019,KU Leuven,UKZN,D3_other_institution,percentile,gradient_boosting,1056,0.6032297068209015,0.8081291093843395,0.5238095238095238,0.5
ku_Accountancy_1819,ukzn_ISTN101_2020,KU Leuven,UKZN,D3_other_institution,percentile,gradient_boosting,978,0.5432767294215857,0.8742724097788126,0.23809523809523814,0.5
ku_Accountancy_1819,ukzn_ISTN101_2021,KU Leuven,UKZN,D3_other_institution,percentile,gradient_boosting,741,0.7021585428665075,0.8523002421307506,0.23809523809523814,0.5
ku_Accountancy_1819,ukzn_ISTN102_2018,KU Leuven,UKZN,D3_other_institution,percentile,gradient_boosting,257,0.5612356053532525,0.7921760391198044,0.04761904761904762,0.2
ku_Accountancy_1819,ukzn_ISTN103_2019,KU Leuven,UKZN,D3_other_institution,percentile,gradient_boosting,1113,0.6149220992209923,0.8081494057724957,0.6190476190476191,1.0
ku_Accountancy_1819,ukzn_ISTN103_2020,KU Leuven,UKZN,D3_other_institution,percentile,gradient_boosting,1082,0.6226923249853873,0.8772678762006404,0.6190476190476191,1.0
ku_Accountancy_1819,ukzn_ISTN211_2019,KU Leuven,UKZN,D3_other_institution,percentile,gradient_boosting,280,0.6646501310748134,0.8834355828220859,0.23809523809523814,0.5
ku_Accountancy_1819,ukzn_ISTN211_2021,KU Leuven,UKZN,D3_other_institution,percentile,gradient_boosting,327,0.6227703984819735,0.9136212624584718,-0.5238095238095238,0.0
ku_Accountancy_1819,ukzn_ISTN212_2018,KU Leuven,UKZN,D3_other_institution,percentile,gradient_boosting,238,0.6257029053420806,0.8405063291139241,0.23809523809523814,0.5
ku_Accountancy_1819,ukzn_ISTN212_2019,KU Leuven,UKZN,D3_other_institution,percentile,gradient_boosting,264,0.6406048906048906,0.8456375838926175,0.8095238095238096,1.0
ku_Accountancy_1819,ukzn_ISTN2IP_2018,KU Leuven,UKZN,D3_other_institution,percentile,gradient_boosting,99,0.6210810810810811,0.7870967741935484,0.6190476190476191,1.0
ku_Accountancy_1819,ukzn_ISTN2IP_2019,KU Leuven,UKZN,D3_other_institution,percentile,gradient_boosting,116,0.7857142857142858,0.847457627118644,0.7142857142857143,1.0
ku_Accountancy_1819,ukzn_ISTN3ND_2018,KU Leuven,UKZN,D3_other_institution,percentile,gradient_boosting,144,0.530550514216576,0.6956521739130435,0.04761904761904762,0.5
ku_Accountancy_1819,ukzn_ISTN3ND_2019,KU Leuven,UKZN,D3_other_institution,percentile,gradient_boosting,223,0.6629634332148299,0.7976539589442815,0.33333333333333337,0.5
ku_Accountancy_1819,ukzn_ISTN3SA_2018,KU Leuven,UKZN,D3_other_institution,percentile,gradient_boosting,141,0.5115615615615615,0.7894736842105263,-0.04761904761904762,0.5
ku_Accountancy_1819,ukzn_ISTN3SA_2019,KU Leuven,UKZN,D3_other_institution,percentile,gradient_boosting,195,0.6176470588235294,0.8562691131498471,0.33333333333333337,0.5
ku_Globaleconom_1819,oulad_BBB_2013B,KU Leuven,OULAD,D3_other_institution,percentile,gradient_boosting,1767,0.7356593273150995,0.6951871657754011,-0.5238095238095238,0.0
ku_Globaleconom_1819,oulad_BBB_2013J,KU Leuven,OULAD,D3_other_institution,percentile,gradient_boosting,2237,0.7244471046057267,0.7064718162839249,-0.23809523809523814,0.2
ku_Globaleconom_1819,oulad_BBB_2014B,KU Leuven,OULAD,D3_other_institution,percentile,gradient_boosting,1613,0.791379583370852,0.7092537313432836,-0.5238095238095238,0.2
ku_Globaleconom_1819,oulad_BBB_2014J,KU Leuven,OULAD,D3_other_institution,percentile,gradient_boosting,2292,0.7490919682017544,0.733852140077821,-0.14285714285714288,0.5
ku_Globaleconom_1819,oulad_DDD_2013B,KU Leuven,OULAD,D3_other_institution,percentile,gradient_boosting,1303,0.7361681873253715,0.6356363636363637,0.33333333333333337,0.5
ku_Globaleconom_1819,oulad_DDD_2013J,KU Leuven,OULAD,D3_other_institution,percentile,gradient_boosting,1938,0.7743628454981231,0.6823529411764706,0.04761904761904762,0.2
ku_Globaleconom_1819,oulad_DDD_2014B,KU Leuven,OULAD,D3_other_institution,percentile,gradient_boosting,1228,0.7724398014332262,0.6725239616613419,-0.7142857142857143,0.2
ku_Globaleconom_1819,oulad_DDD_2014J,KU Leuven,OULAD,D3_other_institution,percentile,gradient_boosting,1803,0.7787506619108994,0.6915500259201659,0.04761904761904762,0.5
ku_Globaleconom_1819,oulad_FFF_2013B,KU Leuven,OULAD,D3_other_institution,percentile,gradient_boosting,1614,0.7478866442061775,0.7113513513513513,0.5238095238095238,0.2
ku_Globaleconom_1819,oulad_FFF_2013J,KU Leuven,OULAD,D3_other_institution,percentile,gradient_boosting,2283,0.7813876973694327,0.7249901922322479,0.23809523809523814,0.2
ku_Globaleconom_1819,oulad_FFF_2014B,KU Leuven,OULAD,D3_other_institution,percentile,gradient_boosting,1500,0.7780407530309931,0.6820388349514563,0.4285714285714286,0.5
ku_Globaleconom_1819,oulad_FFF_2014J,KU Leuven,OULAD,D3_other_institution,percentile,gradient_boosting,2365,0.8154963788077038,0.7499051233396584,-0.23809523809523814,0.5
ku_Globaleconom_1819,ku_Accountancy_1819,KU Leuven,KU Leuven,D2_other_module,percentile,gradient_boosting,756,0.5611173885750157,0.704031465093412,0.8095238095238096,0.5
ku_Globaleconom_1819,ku_Globaleconom_1819,KU Leuven,KU Leuven,D0_within_cohort,percentile,gradient_boosting,743,0.5903864556496135,0.6666666666666666,1.0,1.0
ku_Globaleconom_1819,ukzn_ISTN101_2019,KU Leuven,UKZN,D3_other_institution,percentile,gradient_boosting,1056,0.5561428001595533,0.7211601845748187,0.4285714285714286,0.5
ku_Globaleconom_1819,ukzn_ISTN101_2020,KU Leuven,UKZN,D3_other_institution,percentile,gradient_boosting,978,0.5887172953142507,0.7547416612164813,0.4285714285714286,0.5
ku_Globaleconom_1819,ukzn_ISTN101_2021,KU Leuven,UKZN,D3_other_institution,percentile,gradient_boosting,741,0.6201596666198436,0.785958904109589,0.5238095238095238,0.2
ku_Globaleconom_1819,ukzn_ISTN102_2018,KU Leuven,UKZN,D3_other_institution,percentile,gradient_boosting,257,0.6139900404606287,0.711864406779661,0.9047619047619049,1.0
ku_Globaleconom_1819,ukzn_ISTN103_2019,KU Leuven,UKZN,D3_other_institution,percentile,gradient_boosting,1113,0.5669085690856909,0.7042440318302388,0.4285714285714286,0.5
ku_Globaleconom_1819,ukzn_ISTN103_2020,KU Leuven,UKZN,D3_other_institution,percentile,gradient_boosting,1082,0.5630277415583831,0.7776470588235294,0.5238095238095238,0.5
ku_Globaleconom_1819,ukzn_ISTN211_2019,KU Leuven,UKZN,D3_other_institution,percentile,gradient_boosting,280,0.5581770518249647,0.7991169977924945,-0.04761904761904762,0.2
ku_Globaleconom_1819,ukzn_ISTN211_2021,KU Leuven,UKZN,D3_other_institution,percentile,gradient_boosting,327,0.8037001897533207,0.7938342967244701,0.23809523809523814,0.5
ku_Globaleconom_1819,ukzn_ISTN212_2018,KU Leuven,UKZN,D3_other_institution,percentile,gradient_boosting,238,0.6686387066541706,0.7771428571428571,0.4285714285714286,0.5
ku_Globaleconom_1819,ukzn_ISTN212_2019,KU Leuven,UKZN,D3_other_institution,percentile,gradient_boosting,264,0.5866044616044617,0.7669172932330827,0.6190476190476191,1.0
ku_Globaleconom_1819,ukzn_ISTN2IP_2018,KU Leuven,UKZN,D3_other_institution,percentile,gradient_boosting,99,0.6832432432432431,0.7391304347826086,0.6190476190476191,0.5
ku_Globaleconom_1819,ukzn_ISTN2IP_2019,KU Leuven,UKZN,D3_other_institution,percentile,gradient_boosting,116,0.6765422077922078,0.7810650887573964,0.4285714285714286,0.5
ku_Globaleconom_1819,ukzn_ISTN3ND_2018,KU Leuven,UKZN,D3_other_institution,percentile,gradient_boosting,144,0.5325670498084292,0.6630434782608695,0.4285714285714286,1.0
ku_Globaleconom_1819,ukzn_ISTN3ND_2019,KU Leuven,UKZN,D3_other_institution,percentile,gradient_boosting,223,0.5921152869476892,0.6711864406779661,0.04761904761904762,0.2
ku_Globaleconom_1819,ukzn_ISTN3SA_2018,KU Leuven,UKZN,D3_other_institution,percentile,gradient_boosting,141,0.4509009009009009,0.7757009345794392,-0.14285714285714288,0.2
ku_Globaleconom_1819,ukzn_ISTN3SA_2019,KU Leuven,UKZN,D3_other_institution,percentile,gradient_boosting,195,0.5090588235294118,0.7722772277227723,0.5238095238095238,0.5
ukzn_ISTN101_2019,oulad_BBB_2013B,UKZN,OULAD,D3_other_institution,percentile,gradient_boosting,1767,0.7727059574314163,0.6235801018409715,-0.4285714285714286,0.0
ukzn_ISTN101_2019,oulad_BBB_2013J,UKZN,OULAD,D3_other_institution,percentile,gradient_boosting,2237,0.7743350041637307,0.6429872495446266,-0.04761904761904762,0.2
ukzn_ISTN101_2019,oulad_BBB_2014B,UKZN,OULAD,D3_other_institution,percentile,gradient_boosting,1613,0.7785776607537082,0.6163090128755365,0.04761904761904762,0.2
ukzn_ISTN101_2019,oulad_BBB_2014J,UKZN,OULAD,D3_other_institution,percentile,gradient_boosting,2292,0.765830972831384,0.6633605600933489,0.14285714285714288,0.2
ukzn_ISTN101_2019,oulad_DDD_2013B,UKZN,OULAD,D3_other_institution,percentile,gradient_boosting,1303,0.7347291249412754,0.5883040935672514,-0.14285714285714288,0.0
ukzn_ISTN101_2019,oulad_DDD_2013J,UKZN,OULAD,D3_other_institution,percentile,gradient_boosting,1938,0.7610938467043958,0.6337864077669902,0.14285714285714288,0.2
ukzn_ISTN101_2019,oulad_DDD_2014B,UKZN,OULAD,D3_other_institution,percentile,gradient_boosting,1228,0.7640751342778542,0.5992414664981036,0.04761904761904762,0.2
ukzn_ISTN101_2019,oulad_DDD_2014J,UKZN,OULAD,D3_other_institution,percentile,gradient_boosting,1803,0.7761105116446363,0.6489405899459909,-0.5238095238095238,0.2
ukzn_ISTN101_2019,oulad_FFF_2013B,UKZN,OULAD,D3_other_institution,percentile,gradient_boosting,1614,0.7508491847826086,0.6775186977562693,-0.23809523809523814,0.2
ukzn_ISTN101_2019,oulad_FFF_2013J,UKZN,OULAD,D3_other_institution,percentile,gradient_boosting,2283,0.7755407960887413,0.6850094876660342,-0.5238095238095238,0.2
ukzn_ISTN101_2019,oulad_FFF_2014B,UKZN,OULAD,D3_other_institution,percentile,gradient_boosting,1500,0.7584007489824394,0.644,-0.33333333333333337,0.0
ukzn_ISTN101_2019,oulad_FFF_2014J,UKZN,OULAD,D3_other_institution,percentile,gradient_boosting,2365,0.8009251687211625,0.6373626373626373,-0.33333333333333337,0.0
ukzn_ISTN101_2019,ku_Accountancy_1819,UKZN,KU Leuven,D3_other_institution,percentile,gradient_boosting,756,0.5940029294831555,0.8042071197411004,0.23809523809523814,0.5
ukzn_ISTN101_2019,ku_Globaleconom_1819,UKZN,KU Leuven,D3_other_institution,percentile,gradient_boosting,743,0.5774346705925654,0.7103139013452915,0.23809523809523814,0.2
ukzn_ISTN101_2019,ukzn_ISTN101_2019,UKZN,UKZN,D0_within_cohort,percentile,gradient_boosting,1056,0.674660949341843,0.8982418753329782,1.0,1.0
ukzn_ISTN101_2019,ukzn_ISTN101_2020,UKZN,UKZN,D1_same_module,percentile,gradient_boosting,978,0.7286636936798402,0.960042621204049,0.6190476190476191,0.5
ukzn_ISTN101_2019,ukzn_ISTN101_2021,UKZN,UKZN,D1_same_module,percentile,gradient_boosting,741,0.6048602331788172,0.940072202166065,-0.33333333333333337,0.2
ukzn_ISTN101_2019,ukzn_ISTN102_2018,UKZN,UKZN,D2_other_module,percentile,gradient_boosting,257,0.6269063180827887,0.8301886792452831,0.5238095238095238,0.5
ukzn_ISTN101_2019,ukzn_ISTN103_2019,UKZN,UKZN,D2_other_module,percentile,gradient_boosting,1113,0.6291143911439114,0.8305540613232921,0.14285714285714288,0.5
ukzn_ISTN101_2019,ukzn_ISTN103_2020,UKZN,UKZN,D2_other_module,percentile,gradient_boosting,1082,0.6697765388246931,0.9257028112449799,0.5238095238095238,0.5
ukzn_ISTN101_2019,ukzn_ISTN211_2019,UKZN,UKZN,D2_other_module,percentile,gradient_boosting,280,0.593365597902803,0.9548872180451128,0.04761904761904762,0.2
ukzn_ISTN101_2019,ukzn_ISTN211_2021,UKZN,UKZN,D2_other_module,percentile,gradient_boosting,327,0.7087286527514232,0.9403973509933775,0.5238095238095238,0.5
ukzn_ISTN101_2019,ukzn_ISTN212_2018,UKZN,UKZN,D2_other_module,percentile,gradient_boosting,238,0.6731490159325211,0.875,0.14285714285714288,0.2
ukzn_ISTN101_2019,ukzn_ISTN212_2019,UKZN,UKZN,D2_other_module,percentile,gradient_boosting,264,0.6851136851136851,0.9071729957805907,-0.04761904761904762,0.5
ukzn_ISTN101_2019,ukzn_ISTN2IP_2018,UKZN,UKZN,D2_other_module,percentile,gradient_boosting,99,0.5464864864864865,0.8333333333333334,0.14285714285714288,0.5
ukzn_ISTN101_2019,ukzn_ISTN2IP_2019,UKZN,UKZN,D2_other_module,percentile,gradient_boosting,116,0.6933847402597402,0.864321608040201,0.04761904761904762,0.5
ukzn_ISTN101_2019,ukzn_ISTN3ND_2018,UKZN,UKZN,D2_other_module,percentile,gradient_boosting,144,0.6326880419439403,0.7288888888888889,0.33333333333333337,0.5
ukzn_ISTN101_2019,ukzn_ISTN3ND_2019,UKZN,UKZN,D2_other_module,percentile,gradient_boosting,223,0.6366810563737938,0.8810126582278481,-0.14285714285714288,0.2
ukzn_ISTN101_2019,ukzn_ISTN3SA_2018,UKZN,UKZN,D2_other_module,percentile,gradient_boosting,141,0.6312312312312313,0.8641975308641975,0.14285714285714288,0.5
ukzn_ISTN101_2019,ukzn_ISTN3SA_2019,UKZN,UKZN,D2_other_module,percentile,gradient_boosting,195,0.5885882352941176,0.9178470254957507,-0.14285714285714288,0.2
ukzn_ISTN101_2020,oulad_BBB_2013B,UKZN,OULAD,D3_other_institution,percentile,gradient_boosting,1767,0.8072380285547454,0.6248539150759641,0.04761904761904762,0.2
ukzn_ISTN101_2020,oulad_BBB_2013J,UKZN,OULAD,D3_other_institution,percentile,gradient_boosting,2237,0.8057727724040742,0.6479298881837413,-0.14285714285714288,0.2
ukzn_ISTN101_2020,oulad_BBB_2014B,UKZN,OULAD,D3_other_institution,percentile,gradient_boosting,1613,0.812223460772959,0.6213675213675214,0.04761904761904762,0.5
ukzn_ISTN101_2020,oulad_BBB_2014J,UKZN,OULAD,D3_other_institution,percentile,gradient_boosting,2292,0.8156413712231968,0.6686046511627907,-0.14285714285714288,0.0
ukzn_ISTN101_2020,oulad_DDD_2013B,UKZN,OULAD,D3_other_institution,percentile,gradient_boosting,1303,0.7963256929505723,0.5632247377139702,-0.14285714285714288,0.0
ukzn_ISTN101_2020,oulad_DDD_2013J,UKZN,OULAD,D3_other_institution,percentile,gradient_boosting,1938,0.8130663580465127,0.5992049150704735,0.14285714285714288,0.2
ukzn_ISTN101_2020,oulad_DDD_2014B,UKZN,OULAD,D3_other_institution,percentile,gradient_boosting,1228,0.8003893848722444,0.5612185120093731,0.04761904761904762,0.2
ukzn_ISTN101_2020,oulad_DDD_2014J,UKZN,OULAD,D3_other_institution,percentile,gradient_boosting,1803,0.7986292199942052,0.6098689282960679,-0.6190476190476191,0.2
ukzn_ISTN101_2020,oulad_FFF_2013B,UKZN,OULAD,D3_other_institution,percentile,gradient_boosting,1614,0.7900576984556363,0.653027139874739,0.04761904761904762,0.2
ukzn_ISTN101_2020,oulad_FFF_2013J,UKZN,OULAD,D3_other_institution,percentile,gradient_boosting,2283,0.8274310840520887,0.648696682464455,-0.6190476190476191,0.0
ukzn_ISTN101_2020,oulad_FFF_2014B,UKZN,OULAD,D3_other_institution,percentile,gradient_boosting,1500,0.8199215954193506,0.6072423398328691,-0.4285714285714286,0.0
ukzn_ISTN101_2020,oulad_FFF_2014J,UKZN,OULAD,D3_other_institution,percentile,gradient_boosting,2365,0.8510386537887658,0.6415852958070075,-0.6190476190476191,0.0
ukzn_ISTN101_2020,ku_Accountancy_1819,UKZN,KU Leuven,D3_other_institution,percentile,gradient_boosting,756,0.6142414731115295,0.8246297739672642,-0.04761904761904762,0.2
ukzn_ISTN101_2020,ku_Globaleconom_1819,UKZN,KU Leuven,D3_other_institution,percentile,gradient_boosting,743,0.5858962090541038,0.7209705372616985,-0.04761904761904762,0.2
ukzn_ISTN101_2020,ukzn_ISTN101_2019,UKZN,UKZN,D1_same_module,percentile,gradient_boosting,1056,0.645470806741125,0.8999476165531692,0.6190476190476191,0.5
ukzn_ISTN101_2020,ukzn_ISTN101_2020,UKZN,UKZN,D0_within_cohort,percentile,gradient_boosting,978,0.7193712791898245,0.9710068529256721,1.0,1.0
ukzn_ISTN101_2020,ukzn_ISTN101_2021,UKZN,UKZN,D1_same_module,percentile,gradient_boosting,741,0.6843774874748326,0.953257790368272,-0.04761904761904762,0.2
ukzn_ISTN101_2020,ukzn_ISTN102_2018,UKZN,UKZN,D2_other_module,percentile,gradient_boosting,257,0.6271008403361344,0.8552036199095022,0.14285714285714288,0.5
ukzn_ISTN101_2020,ukzn_ISTN103_2019,UKZN,UKZN,D2_other_module,percentile,gradient_boosting,1113,0.6592988929889299,0.8387776606954689,0.14285714285714288,0.5
ukzn_ISTN101_2020,ukzn_ISTN103_2020,UKZN,UKZN,D2_other_module,percentile,gradient_boosting,1082,0.6475068567060833,0.9443359375,0.5238095238095238,0.5
ukzn_ISTN101_2020,ukzn_ISTN211_2019,UKZN,UKZN,D2_other_module,percentile,gradient_boosting,280,0.6922766686832024,0.951310861423221,0.4285714285714286,0.5
ukzn_ISTN101_2020,ukzn_ISTN211_2021,UKZN,UKZN,D2_other_module,percentile,gradient_boosting,327,0.6928842504743833,0.9733124018838305,0.04761904761904762,0.5
ukzn_ISTN101_2020,ukzn_ISTN212_2018,UKZN,UKZN,D2_other_module,percentile,gradient_boosting,238,0.7453139643861293,0.897196261682243,0.4285714285714286,0.2
ukzn_ISTN101_2020,ukzn_ISTN212_2019,UKZN,UKZN,D2_other_module,percentile,gradient_boosting,264,0.6951415701415701,0.9135802469135802,0.23809523809523814,0.5
ukzn_ISTN101_2020,ukzn_ISTN2IP_2018,UKZN,UKZN,D2_other_module,percentile,gradient_boosting,99,0.7389189189189189,0.8654970760233918,-0.04761904761904762,0.5
ukzn_ISTN101_2020,ukzn_ISTN2IP_2019,UKZN,UKZN,D2_other_module,percentile,gradient_boosting,116,0.6826298701298701,0.8669950738916257,0.14285714285714288,0.2
ukzn_ISTN101_2020,ukzn_ISTN3ND_2018,UKZN,UKZN,D2_other_module,percentile,gradient_boosting,144,0.6037507562008471,0.7565217391304347,-0.23809523809523814,0.5
ukzn_ISTN101_2020,ukzn_ISTN3ND_2019,UKZN,UKZN,D2_other_module,percentile,gradient_boosting,223,0.6766759776536313,0.8816120906801007,-0.14285714285714288,0.2
ukzn_ISTN101_2020,ukzn_ISTN3SA_2018,UKZN,UKZN,D2_other_module,percentile,gradient_boosting,141,0.7414414414414413,0.8835341365461847,-0.04761904761904762,0.2
ukzn_ISTN101_2020,ukzn_ISTN3SA_2019,UKZN,UKZN,D2_other_module,percentile,gradient_boosting,195,0.5618823529411765,0.9166666666666666,-0.04761904761904762,0.2
ukzn_ISTN101_2021,oulad_BBB_2013B,UKZN,OULAD,D3_other_institution,percentile,gradient_boosting,1767,0.7636359760855299,0.6249027237354086,-0.23809523809523814,0.2
ukzn_ISTN101_2021,oulad_BBB_2013J,UKZN,OULAD,D3_other_institution,percentile,gradient_boosting,2237,0.7733745435910575,0.6471121862715452,0.14285714285714288,0.2
ukzn_ISTN101_2021,oulad_BBB_2014B,UKZN,OULAD,D3_other_institution,percentile,gradient_boosting,1613,0.7454108072694304,0.6207781103035486,-0.23809523809523814,0.2
ukzn_ISTN101_2021,oulad_BBB_2014J,UKZN,OULAD,D3_other_institution,percentile,gradient_boosting,2292,0.779898802997076,0.6678291194420227,0.4285714285714286,0.5
ukzn_ISTN101_2021,oulad_DDD_2013B,UKZN,OULAD,D3_other_institution,percentile,gradient_boosting,1303,0.7758363622876641,0.5618101545253863,0.04761904761904762,0.5
ukzn_ISTN101_2021,oulad_DDD_2013J,UKZN,OULAD,D3_other_institution,percentile,gradient_boosting,1938,0.75886294937462,0.5979008324285198,-0.23809523809523814,0.0
ukzn_ISTN101_2021,oulad_DDD_2014B,UKZN,OULAD,D3_other_institution,percentile,gradient_boosting,1228,0.7395859754550953,0.5603751465416178,-0.14285714285714288,0.0
ukzn_ISTN101_2021,oulad_DDD_2014J,UKZN,OULAD,D3_other_institution,percentile,gradient_boosting,1803,0.7624314360219404,0.6098689282960679,-0.14285714285714288,0.2
ukzn_ISTN101_2021,oulad_FFF_2013B,UKZN,OULAD,D3_other_institution,percentile,gradient_boosting,1614,0.768530672093252,0.6524644945697577,0.5238095238095238,1.0
ukzn_ISTN101_2021,oulad_FFF_2013J,UKZN,OULAD,D3_other_institution,percentile,gradient_boosting,2283,0.739830189259413,0.6481042654028436,0.14285714285714288,0.5
ukzn_ISTN101_2021,oulad_FFF_2014B,UKZN,OULAD,D3_other_institution,percentile,gradient_boosting,1500,0.7592945033653602,0.6065954482117974,-0.33333333333333337,0.2
ukzn_ISTN101_2021,oulad_FFF_2014J,UKZN,OULAD,D3_other_institution,percentile,gradient_boosting,2365,0.7852230533939352,0.6408045977011494,-0.04761904761904762,0.2
ukzn_ISTN101_2021,ku_Accountancy_1819,UKZN,KU Leuven,D3_other_institution,percentile,gradient_boosting,756,0.6474701820464532,0.8106365834004835,0.8095238095238096,0.5
ukzn_ISTN101_2021,ku_Globaleconom_1819,UKZN,KU Leuven,D3_other_institution,percentile,gradient_boosting,743,0.5964740522635261,0.7204968944099379,0.5238095238095238,0.5
ukzn_ISTN101_2021,ukzn_ISTN101_2019,UKZN,UKZN,D1_same_module,percentile,gradient_boosting,1056,0.6205842391304348,0.8956796628029505,0.5238095238095238,0.5
ukzn_ISTN101_2021,ukzn_ISTN101_2020,UKZN,UKZN,D1_same_module,percentile,gradient_boosting,978,0.6154522088706311,0.9705263157894737,0.4285714285714286,1.0
ukzn_ISTN101_2021,ukzn_ISTN101_2021,UKZN,UKZN,D0_within_cohort,percentile,gradient_boosting,741,0.7972561689375849,0.9516245487364621,1.0,1.0
ukzn_ISTN101_2021,ukzn_ISTN102_2018,UKZN,UKZN,D2_other_module,percentile,gradient_boosting,257,0.6341814503579208,0.8442437923250564,0.7142857142857143,0.5
ukzn_ISTN101_2021,ukzn_ISTN103_2019,UKZN,UKZN,D2_other_module,percentile,gradient_boosting,1113,0.6500492004920049,0.8428198433420365,0.6190476190476191,1.0
ukzn_ISTN101_2021,ukzn_ISTN103_2020,UKZN,UKZN,D2_other_module,percentile,gradient_boosting,1082,0.678908322467515,0.943359375,0.4285714285714286,1.0
ukzn_ISTN101_2021,ukzn_ISTN211_2019,UKZN,UKZN,D2_other_module,percentile,gradient_boosting,280,0.7441016333938294,0.9588014981273408,-0.23809523809523814,0.2
ukzn_ISTN101_2021,ukzn_ISTN211_2021,UKZN,UKZN,D2_other_module,percentile,gradient_boosting,327,0.7251423149905123,0.9700787401574803,0.4285714285714286,0.5
ukzn_ISTN101_2021,ukzn_ISTN212_2018,UKZN,UKZN,D2_other_module,percentile,gradient_boosting,238,0.7115745079662605,0.897196261682243,0.6190476190476191,1.0
ukzn_ISTN101_2021,ukzn_ISTN212_2019,UKZN,UKZN,D2_other_module,percentile,gradient_boosting,264,0.7542900042900043,0.9147609147609148,0.7142857142857143,0.5
ukzn_ISTN101_2021,ukzn_ISTN2IP_2018,UKZN,UKZN,D2_other_module,percentile,gradient_boosting,99,0.674864864864865,0.8554913294797688,0.14285714285714288,0.5
ukzn_ISTN101_2021,ukzn_ISTN2IP_2019,UKZN,UKZN,D2_other_module,percentile,gradient_boosting,116,0.7059659090909092,0.87,0.33333333333333337,0.5
ukzn_ISTN101_2021,ukzn_ISTN3ND_2018,UKZN,UKZN,D2_other_module,percentile,gradient_boosting,144,0.584190360959871,0.748898678414097,0.9047619047619049,1.0
ukzn_ISTN101_2021,ukzn_ISTN3ND_2019,UKZN,UKZN,D2_other_module,percentile,gradient_boosting,223,0.7401599796851194,0.8804071246819338,0.6190476190476191,1.0
ukzn_ISTN101_2021,ukzn_ISTN3SA_2018,UKZN,UKZN,D2_other_module,percentile,gradient_boosting,141,0.6575075075075075,0.8699186991869918,0.33333333333333337,0.5
ukzn_ISTN101_2021,ukzn_ISTN3SA_2019,UKZN,UKZN,D2_other_module,percentile,gradient_boosting,195,0.6267058823529412,0.9307479224376731,-0.14285714285714288,0.5
ukzn_ISTN102_2018,oulad_BBB_2013B,UKZN,OULAD,D3_other_institution,percentile,gradient_boosting,1767,0.7266707316443006,0.6368760064412239,-0.23809523809523814,0.5
ukzn_ISTN102_2018,oulad_BBB_2013J,UKZN,OULAD,D3_other_institution,percentile,gradient_boosting,2237,0.7298495451924926,0.6539543607377305,0.5238095238095238,0.5
ukzn_ISTN102_2018,oulad_BBB_2014B,UKZN,OULAD,D3_other_institution,percentile,gradient_boosting,1613,0.712146146226957,0.6259406817175741,0.23809523809523814,0.2
ukzn_ISTN102_2018,oulad_BBB_2014J,UKZN,OULAD,D3_other_institution,percentile,gradient_boosting,2292,0.7355030914961014,0.6758620689655173,0.33333333333333337,0.5
ukzn_ISTN102_2018,oulad_DDD_2013B,UKZN,OULAD,D3_other_institution,percentile,gradient_boosting,1303,0.7282916697574364,0.6147239263803681,0.04761904761904762,0.2
ukzn_ISTN102_2018,oulad_DDD_2013J,UKZN,OULAD,D3_other_institution,percentile,gradient_boosting,1938,0.7541324898489277,0.6653061224489796,-0.4285714285714286,0.0
ukzn_ISTN102_2018,oulad_DDD_2014B,UKZN,OULAD,D3_other_institution,percentile,gradient_boosting,1228,0.6937977149769631,0.6114732724902217,0.04761904761904762,0.2
ukzn_ISTN102_2018,oulad_DDD_2014J,UKZN,OULAD,D3_other_institution,percentile,gradient_boosting,1803,0.7602065411783513,0.6727909011373578,0.14285714285714288,0.2
ukzn_ISTN102_2018,oulad_FFF_2013B,UKZN,OULAD,D3_other_institution,percentile,gradient_boosting,1614,0.7250808454652764,0.6987060998151571,0.33333333333333337,0.5
ukzn_ISTN102_2018,oulad_FFF_2013J,UKZN,OULAD,D3_other_institution,percentile,gradient_boosting,2283,0.7631182448534045,0.7089029676558853,0.5238095238095238,0.5
ukzn_ISTN102_2018,oulad_FFF_2014B,UKZN,OULAD,D3_other_institution,percentile,gradient_boosting,1500,0.7535840544819659,0.6694692590646348,-0.33333333333333337,0.2
ukzn_ISTN102_2018,oulad_FFF_2014J,UKZN,OULAD,D3_other_institution,percentile,gradient_boosting,2365,0.7370231044693891,0.6475118483412322,0.33333333333333337,0.5
ukzn_ISTN102_2018,ku_Accountancy_1819,UKZN,KU Leuven,D3_other_institution,percentile,gradient_boosting,756,0.5685415358861687,0.7996702390766695,0.23809523809523814,0.2
ukzn_ISTN102_2018,ku_Globaleconom_1819,UKZN,KU Leuven,D3_other_institution,percentile,gradient_boosting,743,0.5773095325726905,0.6877394636015326,0.23809523809523814,0.2
ukzn_ISTN102_2018,ukzn_ISTN101_2019,UKZN,UKZN,D2_other_module,percentile,gradient_boosting,1056,0.583961782010371,0.8628539700166574,0.23809523809523814,0.5
ukzn_ISTN102_2018,ukzn_ISTN101_2020,UKZN,UKZN,D2_other_module,percentile,gradient_boosting,978,0.5852244019243866,0.9077532541029995,0.6190476190476191,1.0
ukzn_ISTN102_2018,ukzn_ISTN101_2021,UKZN,UKZN,D2_other_module,percentile,gradient_boosting,741,0.6079622606171279,0.9275147928994083,-0.14285714285714288,0.2
ukzn_ISTN102_2018,ukzn_ISTN102_2018,UKZN,UKZN,D0_within_cohort,percentile,gradient_boosting,257,0.5522097727980081,0.7960687960687961,1.0,1.0
ukzn_ISTN102_2018,ukzn_ISTN103_2019,UKZN,UKZN,D2_other_module,percentile,gradient_boosting,1113,0.5839237392373923,0.7961603613777527,0.33333333333333337,0.5
ukzn_ISTN102_2018,ukzn_ISTN103_2020,UKZN,UKZN,D2_other_module,percentile,gradient_boosting,1082,0.6154039836338294,0.8550964187327824,-0.23809523809523814,0.5
ukzn_ISTN102_2018,ukzn_ISTN211_2019,UKZN,UKZN,D2_other_module,percentile,gradient_boosting,280,0.48850574712643674,0.9260700389105059,-0.4285714285714286,0.2
ukzn_ISTN102_2018,ukzn_ISTN211_2021,UKZN,UKZN,D2_other_module,percentile,gradient_boosting,327,0.6741935483870968,0.9100169779286927,0.14285714285714288,0.2
ukzn_ISTN102_2018,ukzn_ISTN212_2018,UKZN,UKZN,D2_other_module,percentile,gradient_boosting,238,0.6712746016869728,0.8827930174563591,0.14285714285714288,0.5
ukzn_ISTN102_2018,ukzn_ISTN212_2019,UKZN,UKZN,D2_other_module,percentile,gradient_boosting,264,0.6461818961818961,0.8777292576419214,0.33333333333333337,0.5
ukzn_ISTN102_2018,ukzn_ISTN2IP_2018,UKZN,UKZN,D2_other_module,percentile,gradient_boosting,99,0.5159459459459459,0.8074534161490683,0.23809523809523814,0.5
ukzn_ISTN102_2018,ukzn_ISTN2IP_2019,UKZN,UKZN,D2_other_module,percentile,gradient_boosting,116,0.7008928571428572,0.8629441624365483,0.33333333333333337,0.5
ukzn_ISTN102_2018,ukzn_ISTN3ND_2018,UKZN,UKZN,D2_other_module,percentile,gradient_boosting,144,0.44343617664851787,0.7081339712918661,0.14285714285714288,0.5
ukzn_ISTN102_2018,ukzn_ISTN3ND_2019,UKZN,UKZN,D2_other_module,percentile,gradient_boosting,223,0.6524885728796344,0.8586956521739131,0.04761904761904762,0.5
ukzn_ISTN102_2018,ukzn_ISTN3SA_2018,UKZN,UKZN,D2_other_module,percentile,gradient_boosting,141,0.6004504504504504,0.8438818565400844,0.33333333333333337,0.5
ukzn_ISTN102_2018,ukzn_ISTN3SA_2019,UKZN,UKZN,D2_other_module,percentile,gradient_boosting,195,0.5162352941176471,0.8973607038123167,0.04761904761904762,0.5
ukzn_ISTN103_2019,oulad_BBB_2013B,UKZN,OULAD,D3_other_institution,percentile,gradient_boosting,1767,0.7554567157392146,0.6197068403908795,-0.4285714285714286,0.0
ukzn_ISTN103_2019,oulad_BBB_2013J,UKZN,OULAD,D3_other_institution,percentile,gradient_boosting,2237,0.7702897796425598,0.6458204334365325,-0.14285714285714288,0.5
ukzn_ISTN103_2019,oulad_BBB_2014B,UKZN,OULAD,D3_other_institution,percentile,gradient_boosting,1613,0.793882214859918,0.6219298245614036,0.04761904761904762,0.5
ukzn_ISTN103_2019,oulad_BBB_2014J,UKZN,OULAD,D3_other_institution,percentile,gradient_boosting,2292,0.7696416605750488,0.6627393225331369,0.23809523809523814,0.5
ukzn_ISTN103_2019,oulad_DDD_2013B,UKZN,OULAD,D3_other_institution,percentile,gradient_boosting,1303,0.7421037015058229,0.5710995970063327,-0.14285714285714288,0.2
ukzn_ISTN103_2019,oulad_DDD_2013J,UKZN,OULAD,D3_other_institution,percentile,gradient_boosting,1938,0.7973320599851419,0.6563138536984062,0.14285714285714288,0.2
ukzn_ISTN103_2019,oulad_DDD_2014B,UKZN,OULAD,D3_other_institution,percentile,gradient_boosting,1228,0.7742849895894595,0.6142763588736084,-0.23809523809523814,0.2
ukzn_ISTN103_2019,oulad_DDD_2014J,UKZN,OULAD,D3_other_institution,percentile,gradient_boosting,1803,0.788172901118005,0.6588541666666666,-0.33333333333333337,0.2
ukzn_ISTN103_2019,oulad_FFF_2013B,UKZN,OULAD,D3_other_institution,percentile,gradient_boosting,1614,0.7372076652567381,0.6558810668998688,-0.04761904761904762,0.2
ukzn_ISTN103_2019,oulad_FFF_2013J,UKZN,OULAD,D3_other_institution,percentile,gradient_boosting,2283,0.7671025321710252,0.6557173845677099,-0.23809523809523814,0.2
ukzn_ISTN103_2019,oulad_FFF_2014B,UKZN,OULAD,D3_other_institution,percentile,gradient_boosting,1500,0.7831999479471665,0.6541666666666667,-0.23809523809523814,0.2
ukzn_ISTN103_2019,oulad_FFF_2014J,UKZN,OULAD,D3_other_institution,percentile,gradient_boosting,2365,0.6981107103505269,0.642245199409158,-0.4285714285714286,0.0
ukzn_ISTN103_2019,ku_Accountancy_1819,UKZN,KU Leuven,D3_other_institution,percentile,gradient_boosting,756,0.6160912324754133,0.7976878612716763,0.7142857142857143,0.5
ukzn_ISTN103_2019,ku_Globaleconom_1819,UKZN,KU Leuven,D3_other_institution,percentile,gradient_boosting,743,0.5883143172616856,0.7051397655545536,0.5238095238095238,0.5
ukzn_ISTN103_2019,ukzn_ISTN101_2019,UKZN,UKZN,D2_other_module,percentile,gradient_boosting,1056,0.5612628390506582,0.8576214405360134,0.14285714285714288,0.5
ukzn_ISTN103_2019,ukzn_ISTN101_2020,UKZN,UKZN,D2_other_module,percentile,gradient_boosting,978,0.5724281101030293,0.9271523178807947,0.7142857142857143,0.5
ukzn_ISTN103_2019,ukzn_ISTN101_2021,UKZN,UKZN,D2_other_module,percentile,gradient_boosting,741,0.633024301165894,0.8892284186401833,-0.33333333333333337,0.2
ukzn_ISTN103_2019,ukzn_ISTN102_2018,UKZN,UKZN,D2_other_module,percentile,gradient_boosting,257,0.5901027077497667,0.8229665071770335,-0.04761904761904762,0.5
ukzn_ISTN103_2019,ukzn_ISTN103_2019,UKZN,UKZN,D0_within_cohort,percentile,gradient_boosting,1113,0.6521340713407133,0.8254665203073546,1.0,1.0
ukzn_ISTN103_2019,ukzn_ISTN103_2020,UKZN,UKZN,D1_same_module,percentile,gradient_boosting,1082,0.5881884807337799,0.8877284595300261,0.33333333333333337,0.5
ukzn_ISTN103_2019,ukzn_ISTN211_2019,UKZN,UKZN,D2_other_module,percentile,gradient_boosting,280,0.6752369429320428,0.9158512720156555,0.23809523809523814,0.5
ukzn_ISTN103_2019,ukzn_ISTN211_2021,UKZN,UKZN,D2_other_module,percentile,gradient_boosting,327,0.5790322580645161,0.9344262295081968,0.04761904761904762,0.5
ukzn_ISTN103_2019,ukzn_ISTN212_2018,UKZN,UKZN,D2_other_module,percentile,gradient_boosting,238,0.7113987816307403,0.8780487804878049,-0.14285714285714288,0.2
ukzn_ISTN103_2019,ukzn_ISTN212_2019,UKZN,UKZN,D2_other_module,percentile,gradient_boosting,264,0.7026490776490777,0.8793103448275862,0.04761904761904762,0.5
ukzn_ISTN103_2019,ukzn_ISTN2IP_2018,UKZN,UKZN,D2_other_module,percentile,gradient_boosting,99,0.731891891891892,0.8271604938271605,0.04761904761904762,0.5
ukzn_ISTN103_2019,ukzn_ISTN2IP_2019,UKZN,UKZN,D2_other_module,percentile,gradient_boosting,116,0.6692370129870131,0.8359788359788359,0.14285714285714288,0.5
ukzn_ISTN103_2019,ukzn_ISTN3ND_2018,UKZN,UKZN,D2_other_module,percentile,gradient_boosting,144,0.5905424480742085,0.75,0.5238095238095238,0.5
ukzn_ISTN103_2019,ukzn_ISTN3ND_2019,UKZN,UKZN,D2_other_module,percentile,gradient_boosting,223,0.5920518029456576,0.8540540540540541,-0.14285714285714288,0.2
ukzn_ISTN103_2019,ukzn_ISTN3SA_2018,UKZN,UKZN,D2_other_module,percentile,gradient_boosting,141,0.5914414414414415,0.8535564853556485,0.04761904761904762,0.2
ukzn_ISTN103_2019,ukzn_ISTN3SA_2019,UKZN,UKZN,D2_other_module,percentile,gradient_boosting,195,0.5845882352941176,0.8908045977011494,-0.23809523809523814,0.2
ukzn_ISTN103_2020,oulad_BBB_2013B,UKZN,OULAD,D3_other_institution,percentile,gradient_boosting,1767,0.7055246663187322,0.6253894080996885,-0.14285714285714288,0.2
ukzn_ISTN103_2020,oulad_BBB_2013J,UKZN,OULAD,D3_other_institution,percentile,gradient_boosting,2237,0.6855630645057973,0.6479298881837413,-0.23809523809523814,0.2
ukzn_ISTN103_2020,oulad_BBB_2014B,UKZN,OULAD,D3_other_institution,percentile,gradient_boosting,1613,0.703534423602982,0.6216331765711842,-0.4285714285714286,0.0
ukzn_ISTN103_2020,oulad_BBB_2014J,UKZN,OULAD,D3_other_institution,percentile,gradient_boosting,2292,0.6842859100877193,0.6689895470383276,-0.14285714285714288,0.5
ukzn_ISTN103_2020,oulad_DDD_2013B,UKZN,OULAD,D3_other_institution,percentile,gradient_boosting,1303,0.7511942734218529,0.5618101545253863,-0.23809523809523814,0.2
ukzn_ISTN103_2020,oulad_DDD_2013J,UKZN,OULAD,D3_other_institution,percentile,gradient_boosting,1938,0.7644146314668557,0.5991316931982634,-0.4285714285714286,0.0
ukzn_ISTN103_2020,oulad_DDD_2014B,UKZN,OULAD,D3_other_institution,percentile,gradient_boosting,1228,0.7769733339651199,0.5607038123167155,-0.04761904761904762,0.0
ukzn_ISTN103_2020,oulad_DDD_2014J,UKZN,OULAD,D3_other_institution,percentile,gradient_boosting,1803,0.7966222561919891,0.6111111111111112,-0.23809523809523814,0.2
ukzn_ISTN103_2020,oulad_FFF_2013B,UKZN,OULAD,D3_other_institution,percentile,gradient_boosting,1614,0.7428484039937044,0.6516290726817042,0.4285714285714286,0.5
ukzn_ISTN103_2020,oulad_FFF_2013J,UKZN,OULAD,D3_other_institution,percentile,gradient_boosting,2283,0.7602739726027397,0.6473029045643154,-0.04761904761904762,0.2
ukzn_ISTN103_2020,oulad_FFF_2014B,UKZN,OULAD,D3_other_institution,percentile,gradient_boosting,1500,0.7648061393425438,0.6052998605299861,-0.23809523809523814,0.2
ukzn_ISTN103_2020,oulad_FFF_2014J,UKZN,OULAD,D3_other_institution,percentile,gradient_boosting,2365,0.8027759365746161,0.6413793103448275,-0.04761904761904762,0.2
ukzn_ISTN103_2020,ku_Accountancy_1819,UKZN,KU Leuven,D3_other_institution,percentile,gradient_boosting,756,0.6222054823184766,0.8212867355043686,0.33333333333333337,0.5
ukzn_ISTN103_2020,ku_Globaleconom_1819,UKZN,KU Leuven,D3_other_institution,percentile,gradient_boosting,743,0.5745933014354068,0.7167530224525043,0.4285714285714286,0.5
ukzn_ISTN103_2020,ukzn_ISTN101_2019,UKZN,UKZN,D2_other_module,percentile,gradient_boosting,1056,0.6368730055843638,0.8922914466737064,0.5238095238095238,1.0
ukzn_ISTN103_2020,ukzn_ISTN101_2020,UKZN,UKZN,D2_other_module,percentile,gradient_boosting,978,0.6299510116210101,0.9567076429716729,0.7142857142857143,1.0
ukzn_ISTN103_2020,ukzn_ISTN101_2021,UKZN,UKZN,D2_other_module,percentile,gradient_boosting,741,0.6962939551435127,0.9446441409058232,0.4285714285714286,0.5
ukzn_ISTN103_2020,ukzn_ISTN102_2018,UKZN,UKZN,D2_other_module,percentile,gradient_boosting,257,0.5964052287581699,0.8475336322869955,-0.04761904761904762,0.5
ukzn_ISTN103_2020,ukzn_ISTN103_2019,UKZN,UKZN,D1_same_module,percentile,gradient_boosting,1113,0.6142722427224272,0.8349921424829754,0.4285714285714286,1.0
ukzn_ISTN103_2020,ukzn_ISTN103_2020,UKZN,UKZN,D0_within_cohort,percentile,gradient_boosting,1082,0.6611303448585945,0.937992125984252,1.0,1.0
ukzn_ISTN103_2020,ukzn_ISTN211_2019,UKZN,UKZN,D2_other_module,percentile,gradient_boosting,280,0.6907642669893124,0.9548872180451128,-0.14285714285714288,0.5
ukzn_ISTN103_2020,ukzn_ISTN211_2021,UKZN,UKZN,D2_other_module,percentile,gradient_boosting,327,0.672011385199241,0.9700787401574803,0.14285714285714288,0.2
ukzn_ISTN103_2020,ukzn_ISTN212_2018,UKZN,UKZN,D2_other_module,percentile,gradient_boosting,238,0.6867385192127461,0.8955916473317865,0.04761904761904762,0.5
ukzn_ISTN103_2020,ukzn_ISTN212_2019,UKZN,UKZN,D2_other_module,percentile,gradient_boosting,264,0.6982518232518232,0.9022869022869023,0.7142857142857143,1.0
ukzn_ISTN103_2020,ukzn_ISTN2IP_2018,UKZN,UKZN,D2_other_module,percentile,gradient_boosting,99,0.5978378378378378,0.8538011695906432,0.4285714285714286,0.5
ukzn_ISTN103_2020,ukzn_ISTN2IP_2019,UKZN,UKZN,D2_other_module,percentile,gradient_boosting,116,0.6363636363636364,0.8669950738916257,0.33333333333333337,0.5
ukzn_ISTN103_2020,ukzn_ISTN3ND_2018,UKZN,UKZN,D2_other_module,percentile,gradient_boosting,144,0.6166565839887075,0.7565217391304347,0.6190476190476191,1.0
ukzn_ISTN103_2020,ukzn_ISTN3ND_2019,UKZN,UKZN,D2_other_module,percentile,gradient_boosting,223,0.6466480446927374,0.8503937007874016,0.33333333333333337,0.5
ukzn_ISTN103_2020,ukzn_ISTN3SA_2018,UKZN,UKZN,D2_other_module,percentile,gradient_boosting,141,0.6294294294294294,0.8582995951417004,0.14285714285714288,0.2
ukzn_ISTN103_2020,ukzn_ISTN3SA_2019,UKZN,UKZN,D2_other_module,percentile,gradient_boosting,195,0.6078823529411765,0.9307479224376731,0.5238095238095238,0.2
ukzn_ISTN211_2019,oulad_BBB_2013B,UKZN,OULAD,D3_other_institution,percentile,gradient_boosting,1767,0.7833552084248383,0.6196631414022719,-0.14285714285714288,0.2
ukzn_ISTN211_2019,oulad_BBB_2013J,UKZN,OULAD,D3_other_institution,percentile,gradient_boosting,2237,0.8071083690987125,0.6502916794596254,-0.33333333333333337,0.2
ukzn_ISTN211_2019,oulad_BBB_2014B,UKZN,OULAD,D3_other_institution,percentile,gradient_boosting,1613,0.801378465570187,0.618494623655914,0.04761904761904762,0.5
ukzn_ISTN211_2019,oulad_BBB_2014J,UKZN,OULAD,D3_other_institution,percentile,gradient_boosting,2292,0.7895464028996102,0.665886483323581,-0.04761904761904762,0.2
ukzn_ISTN211_2019,oulad_DDD_2013B,UKZN,OULAD,D3_other_institution,percentile,gradient_boosting,1303,0.7488836139752244,0.5608938547486033,-0.14285714285714288,0.2
ukzn_ISTN211_2019,oulad_DDD_2013J,UKZN,OULAD,D3_other_institution,percentile,gradient_boosting,1938,0.784124516919904,0.5968624589565852,0.33333333333333337,0.5
ukzn_ISTN211_2019,oulad_DDD_2014B,UKZN,OULAD,D3_other_institution,percentile,gradient_boosting,1228,0.7971324326659626,0.5554245283018868,0.04761904761904762,0.2
ukzn_ISTN211_2019,oulad_DDD_2014J,UKZN,OULAD,D3_other_institution,percentile,gradient_boosting,1803,0.7542256142033591,0.6047600468201326,-0.33333333333333337,0.2
ukzn_ISTN211_2019,oulad_FFF_2013B,UKZN,OULAD,D3_other_institution,percentile,gradient_boosting,1614,0.7433963395140664,0.6495582667227597,-0.14285714285714288,0.2
ukzn_ISTN211_2019,oulad_FFF_2013J,UKZN,OULAD,D3_other_institution,percentile,gradient_boosting,2283,0.7889246344725798,0.6437331737959916,-0.33333333333333337,0.2
ukzn_ISTN211_2019,oulad_FFF_2014B,UKZN,OULAD,D3_other_institution,percentile,gradient_boosting,1500,0.7820179148502396,0.6063730084348641,-0.23809523809523814,0.2
ukzn_ISTN211_2019,oulad_FFF_2014J,UKZN,OULAD,D3_other_institution,percentile,gradient_boosting,2365,0.8345535488832266,0.6406475860075166,-0.6190476190476191,0.0
ukzn_ISTN211_2019,ku_Accountancy_1819,UKZN,KU Leuven,D3_other_institution,percentile,gradient_boosting,756,0.6056287926344424,0.8193901485535575,0.14285714285714288,0.5
ukzn_ISTN211_2019,ku_Globaleconom_1819,UKZN,KU Leuven,D3_other_institution,percentile,gradient_boosting,743,0.5730033124769967,0.7178602243313201,-0.14285714285714288,0.2
ukzn_ISTN211_2019,ukzn_ISTN101_2019,UKZN,UKZN,D2_other_module,percentile,gradient_boosting,1056,0.6098736039090547,0.8981530343007915,0.14285714285714288,0.5
ukzn_ISTN211_2019,ukzn_ISTN101_2020,UKZN,UKZN,D2_other_module,percentile,gradient_boosting,978,0.6857164825025812,0.9370552818828681,0.23809523809523814,0.2
ukzn_ISTN211_2019,ukzn_ISTN101_2021,UKZN,UKZN,D2_other_module,percentile,gradient_boosting,741,0.6474223907852227,0.9491039426523298,-0.33333333333333337,0.2
ukzn_ISTN211_2019,ukzn_ISTN102_2018,UKZN,UKZN,D2_other_module,percentile,gradient_boosting,257,0.6139900404606287,0.8480725623582767,-0.14285714285714288,0.2
ukzn_ISTN211_2019,ukzn_ISTN103_2019,UKZN,UKZN,D2_other_module,percentile,gradient_boosting,1113,0.6336654366543666,0.8462343096234309,0.33333333333333337,0.5
ukzn_ISTN211_2019,ukzn_ISTN103_2020,UKZN,UKZN,D2_other_module,percentile,gradient_boosting,1082,0.6539049503169821,0.9182643794147326,0.14285714285714288,0.2
ukzn_ISTN211_2019,ukzn_ISTN211_2019,UKZN,UKZN,D0_within_cohort,percentile,gradient_boosting,280,0.7290784432345231,0.9473684210526315,1.0,1.0
ukzn_ISTN211_2019,ukzn_ISTN211_2021,UKZN,UKZN,D1_same_module,percentile,gradient_boosting,327,0.6403225806451613,0.9716981132075472,0.4285714285714286,0.5
ukzn_ISTN211_2019,ukzn_ISTN212_2018,UKZN,UKZN,D2_other_module,percentile,gradient_boosting,238,0.7175492033739457,0.8851674641148325,-0.04761904761904762,0.2
ukzn_ISTN211_2019,ukzn_ISTN212_2019,UKZN,UKZN,D2_other_module,percentile,gradient_boosting,264,0.6925675675675677,0.9017094017094017,-0.14285714285714288,0.5
ukzn_ISTN211_2019,ukzn_ISTN2IP_2018,UKZN,UKZN,D2_other_module,percentile,gradient_boosting,99,0.5654054054054054,0.8284023668639053,-0.33333333333333337,0.2
ukzn_ISTN211_2019,ukzn_ISTN2IP_2019,UKZN,UKZN,D2_other_module,percentile,gradient_boosting,116,0.6256087662337664,0.8585858585858586,0.23809523809523814,0.5
ukzn_ISTN211_2019,ukzn_ISTN3ND_2018,UKZN,UKZN,D2_other_module,percentile,gradient_boosting,144,0.52994555353902,0.7577092511013216,-0.04761904761904762,0.2
ukzn_ISTN211_2019,ukzn_ISTN3ND_2019,UKZN,UKZN,D2_other_module,percentile,gradient_boosting,223,0.5570086338242763,0.8860759493670886,-0.33333333333333337,0.2
ukzn_ISTN211_2019,ukzn_ISTN3SA_2018,UKZN,UKZN,D2_other_module,percentile,gradient_boosting,141,0.7084084084084084,0.8755020080321285,0.23809523809523814,0.5
ukzn_ISTN211_2019,ukzn_ISTN3SA_2019,UKZN,UKZN,D2_other_module,percentile,gradient_boosting,195,0.5998823529411764,0.9183098591549296,-0.33333333333333337,0.2
ukzn_ISTN211_2021,oulad_BBB_2013B,UKZN,OULAD,D3_other_institution,percentile,gradient_boosting,1767,0.8061722637619302,0.6250490773458971,0.23809523809523814,0.5
ukzn_ISTN211_2021,oulad_BBB_2013J,UKZN,OULAD,D3_other_institution,percentile,gradient_boosting,2237,0.8183460380500929,0.6473812423873325,-0.5238095238095238,0.0
ukzn_ISTN211_2021,oulad_BBB_2014B,UKZN,OULAD,D3_other_institution,percentile,gradient_boosting,1613,0.8172333812538618,0.6191498497209103,-0.14285714285714288,0.2
ukzn_ISTN211_2021,oulad_BBB_2014J,UKZN,OULAD,D3_other_institution,percentile,gradient_boosting,2292,0.8151209186159845,0.6654960491659351,0.23809523809523814,0.2
ukzn_ISTN211_2021,oulad_DDD_2013B,UKZN,OULAD,D3_other_institution,percentile,gradient_boosting,1303,0.7731560467818906,0.5615982241953386,-0.04761904761904762,0.2
ukzn_ISTN211_2021,oulad_DDD_2013J,UKZN,OULAD,D3_other_institution,percentile,gradient_boosting,1938,0.8065466122665634,0.5983278807706288,-0.33333333333333337,0.2
ukzn_ISTN211_2021,oulad_DDD_2014B,UKZN,OULAD,D3_other_institution,percentile,gradient_boosting,1228,0.8131147723756936,0.5634967513290018,-0.4285714285714286,0.0
ukzn_ISTN211_2021,oulad_DDD_2014J,UKZN,OULAD,D3_other_institution,percentile,gradient_boosting,1803,0.807036112859555,0.6097750193948798,0.04761904761904762,0.2
ukzn_ISTN211_2021,oulad_FFF_2013B,UKZN,OULAD,D3_other_institution,percentile,gradient_boosting,1614,0.7752788092661813,0.6512605042016807,0.14285714285714288,0.5
ukzn_ISTN211_2021,oulad_FFF_2013J,UKZN,OULAD,D3_other_institution,percentile,gradient_boosting,2283,0.8143324416155466,0.6485518065094058,0.04761904761904762,0.2
ukzn_ISTN211_2021,oulad_FFF_2014B,UKZN,OULAD,D3_other_institution,percentile,gradient_boosting,1500,0.8173785976099075,0.6088992974238876,-0.14285714285714288,0.2
ukzn_ISTN211_2021,oulad_FFF_2014J,UKZN,OULAD,D3_other_institution,percentile,gradient_boosting,2365,0.851086716364805,0.6417824074074074,-0.5238095238095238,0.0
ukzn_ISTN211_2021,ku_Accountancy_1819,UKZN,KU Leuven,D3_other_institution,percentile,gradient_boosting,756,0.6281230382925298,0.8177496038034865,0.4285714285714286,0.5
ukzn_ISTN211_2021,ku_Globaleconom_1819,UKZN,KU Leuven,D3_other_institution,percentile,gradient_boosting,743,0.6259771807140229,0.7176368375325803,0.5238095238095238,0.5
ukzn_ISTN211_2021,ukzn_ISTN101_2019,UKZN,UKZN,D2_other_module,percentile,gradient_boosting,1056,0.5924006531711208,0.8868921775898521,0.5238095238095238,1.0
ukzn_ISTN211_2021,ukzn_ISTN101_2020,UKZN,UKZN,D2_other_module,percentile,gradient_boosting,978,0.6088288921596625,0.963395225464191,0.6190476190476191,0.5
ukzn_ISTN211_2021,ukzn_ISTN101_2021,UKZN,UKZN,D2_other_module,percentile,gradient_boosting,741,0.7374045980240671,0.9343907714491708,0.5238095238095238,0.5
ukzn_ISTN211_2021,ukzn_ISTN102_2018,UKZN,UKZN,D2_other_module,percentile,gradient_boosting,257,0.6214985994397759,0.8310502283105022,0.7142857142857143,1.0
ukzn_ISTN211_2021,ukzn_ISTN103_2019,UKZN,UKZN,D2_other_module,percentile,gradient_boosting,1113,0.6251230012300123,0.8378661087866108,0.5238095238095238,1.0
ukzn_ISTN211_2021,ukzn_ISTN103_2020,UKZN,UKZN,D2_other_module,percentile,gradient_boosting,1082,0.6214468773886066,0.932806324110672,0.5238095238095238,0.5
ukzn_ISTN211_2021,ukzn_ISTN211_2019,UKZN,UKZN,D1_same_module,percentile,gradient_boosting,280,0.6732204073401895,0.9529190207156308,0.23809523809523814,0.5
ukzn_ISTN211_2021,ukzn_ISTN211_2021,UKZN,UKZN,D0_within_cohort,percentile,gradient_boosting,327,0.7979127134724858,0.9667194928684627,1.0,1.0
ukzn_ISTN211_2021,ukzn_ISTN212_2018,UKZN,UKZN,D2_other_module,percentile,gradient_boosting,238,0.7531044985941893,0.8888888888888888,0.33333333333333337,0.5
ukzn_ISTN211_2021,ukzn_ISTN212_2019,UKZN,UKZN,D2_other_module,percentile,gradient_boosting,264,0.7151437151437152,0.9087136929460581,0.5238095238095238,1.0
ukzn_ISTN211_2021,ukzn_ISTN2IP_2018,UKZN,UKZN,D2_other_module,percentile,gradient_boosting,99,0.7602702702702703,0.8604651162790697,0.5238095238095238,1.0
ukzn_ISTN211_2021,ukzn_ISTN2IP_2019,UKZN,UKZN,D2_other_module,percentile,gradient_boosting,116,0.7309253246753247,0.8669950738916257,0.23809523809523814,0.5
ukzn_ISTN211_2021,ukzn_ISTN3ND_2018,UKZN,UKZN,D2_other_module,percentile,gradient_boosting,144,0.5004033071183707,0.7631578947368421,0.23809523809523814,0.5
ukzn_ISTN211_2021,ukzn_ISTN3ND_2019,UKZN,UKZN,D2_other_module,percentile,gradient_boosting,223,0.5599288979177247,0.8359788359788359,0.14285714285714288,0.5
ukzn_ISTN211_2021,ukzn_ISTN3SA_2018,UKZN,UKZN,D2_other_module,percentile,gradient_boosting,141,0.5509009009009009,0.8709677419354839,0.5238095238095238,0.5
ukzn_ISTN211_2021,ukzn_ISTN3SA_2019,UKZN,UKZN,D2_other_module,percentile,gradient_boosting,195,0.5845882352941176,0.9222222222222223,0.23809523809523814,0.5
ukzn_ISTN212_2018,oulad_BBB_2013B,UKZN,OULAD,D3_other_institution,percentile,gradient_boosting,1767,0.7183848948187037,0.6244963738920226,0.4285714285714286,0.5
ukzn_ISTN212_2018,oulad_BBB_2013J,UKZN,OULAD,D3_other_institution,percentile,gradient_boosting,2237,0.6975930433668567,0.6511194029850746,-0.4285714285714286,0.2
ukzn_ISTN212_2018,oulad_BBB_2014B,UKZN,OULAD,D3_other_institution,percentile,gradient_boosting,1613,0.7066184666879878,0.6221640488656196,0.04761904761904762,0.2
ukzn_ISTN212_2018,oulad_BBB_2014J,UKZN,OULAD,D3_other_institution,percentile,gradient_boosting,2292,0.6696473714668616,0.6672716273442226,-0.33333333333333337,0.0
ukzn_ISTN212_2018,oulad_DDD_2013B,UKZN,OULAD,D3_other_institution,percentile,gradient_boosting,1303,0.755622728284252,0.6020226055919096,0.14285714285714288,0.5
ukzn_ISTN212_2018,oulad_DDD_2013J,UKZN,OULAD,D3_other_institution,percentile,gradient_boosting,1938,0.7968115897889947,0.6519470092332397,-0.04761904761904762,0.2
ukzn_ISTN212_2018,oulad_DDD_2014B,UKZN,OULAD,D3_other_institution,percentile,gradient_boosting,1228,0.806337468747474,0.5745587340231284,-0.23809523809523814,0.2
ukzn_ISTN212_2018,oulad_DDD_2014J,UKZN,OULAD,D3_other_institution,percentile,gradient_boosting,1803,0.7856207974902338,0.6578947368421053,-0.4285714285714286,0.0
ukzn_ISTN212_2018,oulad_FFF_2013B,UKZN,OULAD,D3_other_institution,percentile,gradient_boosting,1614,0.7501928917469998,0.6868778280542986,0.4285714285714286,1.0
ukzn_ISTN212_2018,oulad_FFF_2013J,UKZN,OULAD,D3_other_institution,percentile,gradient_boosting,2283,0.8028185200559631,0.6998663101604278,0.04761904761904762,0.5
ukzn_ISTN212_2018,oulad_FFF_2014B,UKZN,OULAD,D3_other_institution,percentile,gradient_boosting,1500,0.8100803565619104,0.6631634261692065,-0.14285714285714288,0.5
ukzn_ISTN212_2018,oulad_FFF_2014J,UKZN,OULAD,D3_other_institution,percentile,gradient_boosting,2365,0.8352619338658953,0.6509827278141751,-0.23809523809523814,0.2
ukzn_ISTN212_2018,ku_Accountancy_1819,UKZN,KU Leuven,D3_other_institution,percentile,gradient_boosting,756,0.5800334798074911,0.7917695473251029,-0.23809523809523814,0.2
ukzn_ISTN212_2018,ku_Globaleconom_1819,UKZN,KU Leuven,D3_other_institution,percentile,gradient_boosting,743,0.6036658078763342,0.7053406998158379,0.7142857142857143,0.5
ukzn_ISTN212_2018,ukzn_ISTN101_2019,UKZN,UKZN,D2_other_module,percentile,gradient_boosting,1056,0.5970283207020344,0.8911637931034483,0.5238095238095238,0.5
ukzn_ISTN212_2018,ukzn_ISTN101_2020,UKZN,UKZN,D2_other_module,percentile,gradient_boosting,978,0.7043891830144329,0.9405346426623022,0.4285714285714286,0.5
ukzn_ISTN212_2018,ukzn_ISTN101_2021,UKZN,UKZN,D2_other_module,percentile,gradient_boosting,741,0.7034110596057499,0.9261744966442953,0.14285714285714288,0.5
ukzn_ISTN212_2018,ukzn_ISTN102_2018,UKZN,UKZN,D2_other_module,percentile,gradient_boosting,257,0.6008014316837845,0.8201438848920863,0.4285714285714286,0.5
ukzn_ISTN212_2018,ukzn_ISTN103_2019,UKZN,UKZN,D2_other_module,percentile,gradient_boosting,1113,0.6110844608446084,0.8154696132596685,0.14285714285714288,0.2
ukzn_ISTN212_2018,ukzn_ISTN103_2020,UKZN,UKZN,D2_other_module,percentile,gradient_boosting,1082,0.6259610629018479,0.8746666666666667,0.14285714285714288,0.2
ukzn_ISTN212_2018,ukzn_ISTN211_2019,UKZN,UKZN,D2_other_module,percentile,gradient_boosting,280,0.6402500504133899,0.9296875,0.23809523809523814,0.5
ukzn_ISTN212_2018,ukzn_ISTN211_2021,UKZN,UKZN,D2_other_module,percentile,gradient_boosting,327,0.7628083491461102,0.9149659863945578,0.33333333333333337,0.2
ukzn_ISTN212_2018,ukzn_ISTN212_2018,UKZN,UKZN,D0_within_cohort,percentile,gradient_boosting,238,0.6470243673851922,0.845771144278607,1.0,1.0
ukzn_ISTN212_2018,ukzn_ISTN212_2019,UKZN,UKZN,D1_same_module,percentile,gradient_boosting,264,0.7161089661089662,0.8923076923076924,0.4285714285714286,0.5
ukzn_ISTN212_2018,ukzn_ISTN2IP_2018,UKZN,UKZN,D2_other_module,percentile,gradient_boosting,99,0.6651351351351351,0.8284023668639053,0.14285714285714288,0.5
ukzn_ISTN212_2018,ukzn_ISTN2IP_2019,UKZN,UKZN,D2_other_module,percentile,gradient_boosting,116,0.6424512987012987,0.8481675392670157,0.33333333333333337,0.5
ukzn_ISTN212_2018,ukzn_ISTN3ND_2018,UKZN,UKZN,D2_other_module,percentile,gradient_boosting,144,0.5875176446864285,0.7488584474885844,-0.14285714285714288,0.5
ukzn_ISTN212_2018,ukzn_ISTN3ND_2019,UKZN,UKZN,D2_other_module,percentile,gradient_boosting,223,0.6604240731335702,0.8743455497382199,0.4285714285714286,1.0
ukzn_ISTN212_2018,ukzn_ISTN3SA_2018,UKZN,UKZN,D2_other_module,percentile,gradient_boosting,141,0.6405405405405405,0.8925619834710744,0.23809523809523814,0.2
ukzn_ISTN212_2018,ukzn_ISTN3SA_2019,UKZN,UKZN,D2_other_module,percentile,gradient_boosting,195,0.5775294117647058,0.8927536231884058,0.14285714285714288,0.5
ukzn_ISTN212_2019,oulad_BBB_2013B,UKZN,OULAD,D3_other_institution,percentile,gradient_boosting,1767,0.7654852394805786,0.6209935897435898,-0.14285714285714288,0.2
ukzn_ISTN212_2019,oulad_BBB_2013J,UKZN,OULAD,D3_other_institution,percentile,gradient_boosting,2237,0.7423527480622638,0.6372944461681663,-0.14285714285714288,0.2
ukzn_ISTN212_2019,oulad_BBB_2014B,UKZN,OULAD,D3_other_institution,percentile,gradient_boosting,1613,0.7525018552386037,0.6204188481675392,-0.14285714285714288,0.2
ukzn_ISTN212_2019,oulad_BBB_2014J,UKZN,OULAD,D3_other_institution,percentile,gradient_boosting,2292,0.7375384533382066,0.6617603768030615,0.04761904761904762,0.5
ukzn_ISTN212_2019,oulad_DDD_2013B,UKZN,OULAD,D3_other_institution,percentile,gradient_boosting,1303,0.7541638849739138,0.5903187721369539,-0.33333333333333337,0.2
ukzn_ISTN212_2019,oulad_DDD_2013J,UKZN,OULAD,D3_other_institution,percentile,gradient_boosting,1938,0.747455569683726,0.5954931658662727,-0.4285714285714286,0.0
ukzn_ISTN212_2019,oulad_DDD_2014B,UKZN,OULAD,D3_other_institution,percentile,gradient_boosting,1228,0.7449961117258641,0.561570493753718,-0.23809523809523814,0.0
ukzn_ISTN212_2019,oulad_DDD_2014J,UKZN,OULAD,D3_other_institution,percentile,gradient_boosting,1803,0.7579754018923158,0.6039370078740157,-0.23809523809523814,0.2
ukzn_ISTN212_2019,oulad_FFF_2013B,UKZN,OULAD,D3_other_institution,percentile,gradient_boosting,1614,0.7554270976785363,0.6836007130124777,0.14285714285714288,0.5
ukzn_ISTN212_2019,oulad_FFF_2013J,UKZN,OULAD,D3_other_institution,percentile,gradient_boosting,2283,0.7456017557615731,0.6439963888052964,-0.04761904761904762,0.2
ukzn_ISTN212_2019,oulad_FFF_2014B,UKZN,OULAD,D3_other_institution,percentile,gradient_boosting,1500,0.741835115419929,0.6049382716049383,-0.14285714285714288,0.2
ukzn_ISTN212_2019,oulad_FFF_2014J,UKZN,OULAD,D3_other_institution,percentile,gradient_boosting,2365,0.7774466003259647,0.6378409750435288,-0.04761904761904762,0.2
ukzn_ISTN212_2019,ku_Accountancy_1819,UKZN,KU Leuven,D3_other_institution,percentile,gradient_boosting,756,0.5984180790960452,0.8061142397425584,0.33333333333333337,0.5
ukzn_ISTN212_2019,ku_Globaleconom_1819,UKZN,KU Leuven,D3_other_institution,percentile,gradient_boosting,743,0.5402502760397497,0.7191413237924866,0.04761904761904762,0.2
ukzn_ISTN212_2019,ukzn_ISTN101_2019,UKZN,UKZN,D2_other_module,percentile,gradient_boosting,1056,0.616417780215397,0.8661157024793389,0.4285714285714286,1.0
ukzn_ISTN212_2019,ukzn_ISTN101_2020,UKZN,UKZN,D2_other_module,percentile,gradient_boosting,978,0.6349047692273895,0.9064261555806088,0.6190476190476191,1.0
ukzn_ISTN212_2019,ukzn_ISTN101_2021,UKZN,UKZN,D2_other_module,percentile,gradient_boosting,741,0.7838647750152175,0.9113149847094801,0.4285714285714286,0.2
ukzn_ISTN212_2019,ukzn_ISTN102_2018,UKZN,UKZN,D2_other_module,percentile,gradient_boosting,257,0.6165577342047931,0.819047619047619,0.5238095238095238,1.0
ukzn_ISTN212_2019,ukzn_ISTN103_2019,UKZN,UKZN,D2_other_module,percentile,gradient_boosting,1113,0.6329438294382944,0.8362666666666667,0.33333333333333337,1.0
ukzn_ISTN212_2019,ukzn_ISTN103_2020,UKZN,UKZN,D2_other_module,percentile,gradient_boosting,1082,0.6459736522638371,0.8994267847837415,0.4285714285714286,1.0
ukzn_ISTN212_2019,ukzn_ISTN211_2019,UKZN,UKZN,D2_other_module,percentile,gradient_boosting,280,0.7614438394837668,0.9098196392785571,0.04761904761904762,0.5
ukzn_ISTN212_2019,ukzn_ISTN211_2021,UKZN,UKZN,D2_other_module,percentile,gradient_boosting,327,0.7,0.9499192245557351,0.14285714285714288,0.2
ukzn_ISTN212_2019,ukzn_ISTN212_2018,UKZN,UKZN,D1_same_module,percentile,gradient_boosting,238,0.75,0.891566265060241,0.23809523809523814,0.5
ukzn_ISTN212_2019,ukzn_ISTN212_2019,UKZN,UKZN,D0_within_cohort,percentile,gradient_boosting,264,0.707957957957958,0.896551724137931,1.0,1.0
ukzn_ISTN212_2019,ukzn_ISTN2IP_2018,UKZN,UKZN,D2_other_module,percentile,gradient_boosting,99,0.6794594594594594,0.7901234567901234,0.7142857142857143,1.0
ukzn_ISTN212_2019,ukzn_ISTN2IP_2019,UKZN,UKZN,D2_other_module,percentile,gradient_boosting,116,0.6532061688311688,0.8297872340425532,0.14285714285714288,0.5
ukzn_ISTN212_2019,ukzn_ISTN3ND_2018,UKZN,UKZN,D2_other_module,percentile,gradient_boosting,144,0.548296027424884,0.7096774193548387,0.33333333333333337,0.5
ukzn_ISTN212_2019,ukzn_ISTN3ND_2019,UKZN,UKZN,D2_other_module,percentile,gradient_boosting,223,0.6818816658202134,0.7916666666666666,0.33333333333333337,0.5
ukzn_ISTN212_2019,ukzn_ISTN3SA_2018,UKZN,UKZN,D2_other_module,percentile,gradient_boosting,141,0.575975975975976,0.8451882845188284,-0.04761904761904762,0.2
ukzn_ISTN212_2019,ukzn_ISTN3SA_2019,UKZN,UKZN,D2_other_module,percentile,gradient_boosting,195,0.6064705882352941,0.905982905982906,0.04761904761904762,0.2
ukzn_ISTN2IP_2018,oulad_BBB_2013B,UKZN,OULAD,D3_other_institution,percentile,gradient_boosting,1767,0.7467652423742914,0.6716981132075471,-0.04761904761904762,0.2
ukzn_ISTN2IP_2018,oulad_BBB_2013J,UKZN,OULAD,D3_other_institution,percentile,gradient_boosting,2237,0.7569145954775477,0.6382978723404256,-0.4285714285714286,0.2
ukzn_ISTN2IP_2018,oulad_BBB_2014B,UKZN,OULAD,D3_other_institution,percentile,gradient_boosting,1613,0.7933139995218297,0.7097124253933803,-0.4285714285714286,0.2
ukzn_ISTN2IP_2018,oulad_BBB_2014J,UKZN,OULAD,D3_other_institution,percentile,gradient_boosting,2292,0.7321115832115008,0.641724793912492,0.14285714285714288,0.5
ukzn_ISTN2IP_2018,oulad_DDD_2013B,UKZN,OULAD,D3_other_institution,percentile,gradient_boosting,1303,0.7350035852928815,0.6070245195493704,0.04761904761904762,0.2
ukzn_ISTN2IP_2018,oulad_DDD_2013J,UKZN,OULAD,D3_other_institution,percentile,gradient_boosting,1938,0.7658351833501748,0.6504347826086957,-0.23809523809523814,0.0
ukzn_ISTN2IP_2018,oulad_DDD_2014B,UKZN,OULAD,D3_other_institution,percentile,gradient_boosting,1228,0.7725066964721228,0.6212765957446809,-0.8095238095238096,0.0
ukzn_ISTN2IP_2018,oulad_DDD_2014J,UKZN,OULAD,D3_other_institution,percentile,gradient_boosting,1803,0.7606417788168531,0.6542056074766355,-0.04761904761904762,0.2
ukzn_ISTN2IP_2018,oulad_FFF_2013B,UKZN,OULAD,D3_other_institution,percentile,gradient_boosting,1614,0.7599512160633484,0.6994047619047619,0.4285714285714286,0.5
ukzn_ISTN2IP_2018,oulad_FFF_2013J,UKZN,OULAD,D3_other_institution,percentile,gradient_boosting,2283,0.7879072306012944,0.6963591375044185,0.23809523809523814,0.2
ukzn_ISTN2IP_2018,oulad_FFF_2014B,UKZN,OULAD,D3_other_institution,percentile,gradient_boosting,1500,0.7925215621633737,0.6707520891364902,0.04761904761904762,0.2
ukzn_ISTN2IP_2018,oulad_FFF_2014J,UKZN,OULAD,D3_other_institution,percentile,gradient_boosting,2365,0.8124243193765351,0.7073422957600828,-0.33333333333333337,0.2
ukzn_ISTN2IP_2018,ku_Accountancy_1819,UKZN,KU Leuven,D3_other_institution,percentile,gradient_boosting,756,0.6101276417660598,0.8076285240464345,0.6190476190476191,0.5
ukzn_ISTN2IP_2018,ku_Globaleconom_1819,UKZN,KU Leuven,D3_other_institution,percentile,gradient_boosting,743,0.6102907618697093,0.7191011235955056,0.4285714285714286,0.5
ukzn_ISTN2IP_2018,ukzn_ISTN101_2019,UKZN,UKZN,D2_other_module,percentile,gradient_boosting,1056,0.5767569555245313,0.8464125560538116,0.33333333333333337,1.0
ukzn_ISTN2IP_2018,ukzn_ISTN101_2020,UKZN,UKZN,D2_other_module,percentile,gradient_boosting,978,0.6583884361064124,0.841978287092883,0.14285714285714288,0.5
ukzn_ISTN2IP_2018,ukzn_ISTN101_2021,UKZN,UKZN,D2_other_module,percentile,gradient_boosting,741,0.710141873858688,0.8646496815286624,1.0,1.0
ukzn_ISTN2IP_2018,ukzn_ISTN102_2018,UKZN,UKZN,D2_other_module,percentile,gradient_boosting,257,0.5696778711484594,0.78,0.5238095238095238,1.0
ukzn_ISTN2IP_2018,ukzn_ISTN103_2019,UKZN,UKZN,D2_other_module,percentile,gradient_boosting,1113,0.6154612546125462,0.7964105440269209,0.7142857142857143,1.0
ukzn_ISTN2IP_2018,ukzn_ISTN103_2020,UKZN,UKZN,D2_other_module,percentile,gradient_boosting,1082,0.6295894968751405,0.8136752136752137,0.6190476190476191,1.0
ukzn_ISTN2IP_2018,ukzn_ISTN211_2019,UKZN,UKZN,D2_other_module,percentile,gradient_boosting,280,0.6326880419439402,0.8469601677148847,0.23809523809523814,0.5
ukzn_ISTN2IP_2018,ukzn_ISTN211_2021,UKZN,UKZN,D2_other_module,percentile,gradient_boosting,327,0.7412713472485769,0.8171641791044776,0.33333333333333337,0.5
ukzn_ISTN2IP_2018,ukzn_ISTN212_2018,UKZN,UKZN,D2_other_module,percentile,gradient_boosting,238,0.7171977507029053,0.8355795148247979,0.4285714285714286,0.2
ukzn_ISTN2IP_2018,ukzn_ISTN212_2019,UKZN,UKZN,D2_other_module,percentile,gradient_boosting,264,0.6476297726297726,0.8019323671497585,0.7142857142857143,1.0
ukzn_ISTN2IP_2018,ukzn_ISTN2IP_2018,UKZN,UKZN,D0_within_cohort,percentile,gradient_boosting,99,0.8354054054054055,0.8701298701298701,1.0,1.0
ukzn_ISTN2IP_2018,ukzn_ISTN2IP_2019,UKZN,UKZN,D1_same_module,percentile,gradient_boosting,116,0.5667613636363636,0.7861271676300579,0.14285714285714288,0.5
ukzn_ISTN2IP_2018,ukzn_ISTN3ND_2018,UKZN,UKZN,D2_other_module,percentile,gradient_boosting,144,0.5873159911272434,0.7093596059113301,0.8095238095238096,1.0
ukzn_ISTN2IP_2018,ukzn_ISTN3ND_2019,UKZN,UKZN,D2_other_module,percentile,gradient_boosting,223,0.6394743524631793,0.8104956268221575,0.6190476190476191,0.5
ukzn_ISTN2IP_2018,ukzn_ISTN3SA_2018,UKZN,UKZN,D2_other_module,percentile,gradient_boosting,141,0.5786786786786787,0.7798165137614679,-0.14285714285714288,0.2
ukzn_ISTN2IP_2018,ukzn_ISTN3SA_2019,UKZN,UKZN,D2_other_module,percentile,gradient_boosting,195,0.5902352941176471,0.810126582278481,0.33333333333333337,0.5
ukzn_ISTN2IP_2019,oulad_BBB_2013B,UKZN,OULAD,D3_other_institution,percentile,gradient_boosting,1767,0.6414579920732937,0.6223612197028929,0.04761904761904762,0.2
ukzn_ISTN2IP_2019,oulad_BBB_2013J,UKZN,OULAD,D3_other_institution,percentile,gradient_boosting,2237,0.5290528313368779,0.6402439024390244,-0.14285714285714288,0.2
ukzn_ISTN2IP_2019,oulad_BBB_2014B,UKZN,OULAD,D3_other_institution,percentile,gradient_boosting,1613,0.6842919509037108,0.6155172413793103,-0.4285714285714286,0.0
ukzn_ISTN2IP_2019,oulad_BBB_2014J,UKZN,OULAD,D3_other_institution,percentile,gradient_boosting,2292,0.6268724110623782,0.6645217899970751,0.14285714285714288,0.5
ukzn_ISTN2IP_2019,oulad_DDD_2013B,UKZN,OULAD,D3_other_institution,percentile,gradient_boosting,1303,0.7491741463294019,0.5958702064896755,0.04761904761904762,0.5
ukzn_ISTN2IP_2019,oulad_DDD_2013J,UKZN,OULAD,D3_other_institution,percentile,gradient_boosting,1938,0.6944524512133972,0.5868042757095466,-0.4285714285714286,0.0
ukzn_ISTN2IP_2019,oulad_DDD_2014B,UKZN,OULAD,D3_other_institution,percentile,gradient_boosting,1228,0.6807796616783408,0.5608028335301063,-0.4285714285714286,0.0
ukzn_ISTN2IP_2019,oulad_DDD_2014J,UKZN,OULAD,D3_other_institution,percentile,gradient_boosting,1803,0.6713112829581671,0.596297755021662,-0.23809523809523814,0.2
ukzn_ISTN2IP_2019,oulad_FFF_2013B,UKZN,OULAD,D3_other_institution,percentile,gradient_boosting,1614,0.7644522796576825,0.6892252894033838,0.6190476190476191,1.0
ukzn_ISTN2IP_2019,oulad_FFF_2013J,UKZN,OULAD,D3_other_institution,percentile,gradient_boosting,2283,0.6856710176344879,0.6457960644007156,0.14285714285714288,0.2
ukzn_ISTN2IP_2019,oulad_FFF_2014B,UKZN,OULAD,D3_other_institution,percentile,gradient_boosting,1500,0.6965907201364941,0.6031000469704086,-0.23809523809523814,0.2
ukzn_ISTN2IP_2019,oulad_FFF_2014J,UKZN,OULAD,D3_other_institution,percentile,gradient_boosting,2365,0.7230594914262103,0.6399538771980398,-0.23809523809523814,0.2
ukzn_ISTN2IP_2019,ku_Accountancy_1819,UKZN,KU Leuven,D3_other_institution,percentile,gradient_boosting,756,0.6329106507637581,0.8020477815699659,0.6190476190476191,0.5
ukzn_ISTN2IP_2019,ku_Globaleconom_1819,UKZN,KU Leuven,D3_other_institution,percentile,gradient_boosting,743,0.5997791682002209,0.7110675808031341,0.4285714285714286,0.5
ukzn_ISTN2IP_2019,ukzn_ISTN101_2019,UKZN,UKZN,D2_other_module,percentile,gradient_boosting,1056,0.6588458566015156,0.8441108545034642,0.7142857142857143,0.5
ukzn_ISTN2IP_2019,ukzn_ISTN101_2020,UKZN,UKZN,D2_other_module,percentile,gradient_boosting,978,0.6556644186199776,0.9375684556407448,0.7142857142857143,1.0
ukzn_ISTN2IP_2019,ukzn_ISTN101_2021,UKZN,UKZN,D2_other_module,percentile,gradient_boosting,741,0.7584632673128249,0.9178598342125094,0.5238095238095238,0.5
ukzn_ISTN2IP_2019,ukzn_ISTN102_2018,UKZN,UKZN,D2_other_module,percentile,gradient_boosting,257,0.6367102396514162,0.8140703517587939,0.33333333333333337,0.5
ukzn_ISTN2IP_2019,ukzn_ISTN103_2019,UKZN,UKZN,D2_other_module,percentile,gradient_boosting,1113,0.6342148421484215,0.8167895632444696,0.5238095238095238,0.5
ukzn_ISTN2IP_2019,ukzn_ISTN103_2020,UKZN,UKZN,D2_other_module,percentile,gradient_boosting,1082,0.6263612247650736,0.913643331630046,0.4285714285714286,0.5
ukzn_ISTN2IP_2019,ukzn_ISTN211_2019,UKZN,UKZN,D2_other_module,percentile,gradient_boosting,280,0.6502319015930631,0.8906882591093117,0.23809523809523814,0.5
ukzn_ISTN2IP_2019,ukzn_ISTN211_2021,UKZN,UKZN,D2_other_module,percentile,gradient_boosting,327,0.5938330170777988,0.9585987261146497,0.23809523809523814,0.5
ukzn_ISTN2IP_2019,ukzn_ISTN212_2018,UKZN,UKZN,D2_other_module,percentile,gradient_boosting,238,0.661668228678538,0.8786407766990292,0.23809523809523814,0.5
ukzn_ISTN2IP_2019,ukzn_ISTN212_2019,UKZN,UKZN,D2_other_module,percentile,gradient_boosting,264,0.6727262977262978,0.8716814159292036,0.5238095238095238,0.5
ukzn_ISTN2IP_2019,ukzn_ISTN2IP_2018,UKZN,UKZN,D1_same_module,percentile,gradient_boosting,99,0.5054054054054054,0.8192771084337349,-0.14285714285714288,0.5
ukzn_ISTN2IP_2019,ukzn_ISTN2IP_2019,UKZN,UKZN,D0_within_cohort,percentile,gradient_boosting,116,0.6124188311688312,0.8297872340425532,1.0,1.0
ukzn_ISTN2IP_2019,ukzn_ISTN3ND_2018,UKZN,UKZN,D2_other_module,percentile,gradient_boosting,144,0.48517846339987913,0.7383177570093458,0.04761904761904762,0.5
ukzn_ISTN2IP_2019,ukzn_ISTN3ND_2019,UKZN,UKZN,D2_other_module,percentile,gradient_boosting,223,0.5547232097511428,0.8594164456233422,0.23809523809523814,0.5
ukzn_ISTN2IP_2019,ukzn_ISTN3SA_2018,UKZN,UKZN,D2_other_module,percentile,gradient_boosting,141,0.5657657657657658,0.8438818565400844,0.4285714285714286,0.5
ukzn_ISTN2IP_2019,ukzn_ISTN3SA_2019,UKZN,UKZN,D2_other_module,percentile,gradient_boosting,195,0.5559999999999999,0.8771929824561403,0.5238095238095238,0.5
ukzn_ISTN3ND_2018,oulad_BBB_2013B,UKZN,OULAD,D3_other_institution,percentile,gradient_boosting,1767,0.4891731215411088,0.5431985294117647,0.04761904761904762,0.2
ukzn_ISTN3ND_2018,oulad_BBB_2013J,UKZN,OULAD,D3_other_institution,percentile,gradient_boosting,2237,0.6575607744539107,0.6541764246682279,-0.04761904761904762,0.2
ukzn_ISTN3ND_2018,oulad_BBB_2014B,UKZN,OULAD,D3_other_institution,percentile,gradient_boosting,1613,0.6662945839452774,0.6302325581395349,0.4285714285714286,0.5
ukzn_ISTN3ND_2018,oulad_BBB_2014J,UKZN,OULAD,D3_other_institution,percentile,gradient_boosting,2292,0.46770528752436646,0.572871087176035,0.23809523809523814,0.2
ukzn_ISTN3ND_2018,oulad_DDD_2013B,UKZN,OULAD,D3_other_institution,percentile,gradient_boosting,1303,0.5688487500927231,0.5387994143484627,-0.4285714285714286,0.0
ukzn_ISTN3ND_2018,oulad_DDD_2013J,UKZN,OULAD,D3_other_institution,percentile,gradient_boosting,1938,0.592490327520963,0.5750950570342205,-0.04761904761904762,0.2
ukzn_ISTN3ND_2018,oulad_DDD_2014B,UKZN,OULAD,D3_other_institution,percentile,gradient_boosting,1228,0.5824314116804312,0.5359576078728236,0.04761904761904762,0.2
ukzn_ISTN3ND_2018,oulad_DDD_2014J,UKZN,OULAD,D3_other_institution,percentile,gradient_boosting,1803,0.5902334422364097,0.5783489866534849,-0.23809523809523814,0.2
ukzn_ISTN3ND_2018,oulad_FFF_2013B,UKZN,OULAD,D3_other_institution,percentile,gradient_boosting,1614,0.5825446033346449,0.6201716738197425,-0.23809523809523814,0.2
ukzn_ISTN3ND_2018,oulad_FFF_2013J,UKZN,OULAD,D3_other_institution,percentile,gradient_boosting,2283,0.595178574174008,0.6118271417740713,-0.23809523809523814,0.0
ukzn_ISTN3ND_2018,oulad_FFF_2014B,UKZN,OULAD,D3_other_institution,percentile,gradient_boosting,1500,0.5865739837045713,0.5823708206686931,-0.33333333333333337,0.0
ukzn_ISTN3ND_2018,oulad_FFF_2014J,UKZN,OULAD,D3_other_institution,percentile,gradient_boosting,2365,0.483014900833276,0.5635876840696118,-0.33333333333333337,0.0
ukzn_ISTN3ND_2018,ku_Accountancy_1819,UKZN,KU Leuven,D3_other_institution,percentile,gradient_boosting,756,0.517037037037037,0.6553784860557769,0.04761904761904762,0.2
ukzn_ISTN3ND_2018,ku_Globaleconom_1819,UKZN,KU Leuven,D3_other_institution,percentile,gradient_boosting,743,0.5376002944423997,0.6381578947368421,0.23809523809523814,0.2
ukzn_ISTN3ND_2018,ukzn_ISTN101_2019,UKZN,UKZN,D2_other_module,percentile,gradient_boosting,1056,0.5745755634224172,0.7689417658108955,0.23809523809523814,0.5
ukzn_ISTN3ND_2018,ukzn_ISTN101_2020,UKZN,UKZN,D2_other_module,percentile,gradient_boosting,978,0.5591814766810922,0.8426763110307414,0.5238095238095238,0.5
ukzn_ISTN3ND_2018,ukzn_ISTN101_2021,UKZN,UKZN,D2_other_module,percentile,gradient_boosting,741,0.5181439340731376,0.7650085763293311,0.04761904761904762,0.2
ukzn_ISTN3ND_2018,ukzn_ISTN102_2018,UKZN,UKZN,D2_other_module,percentile,gradient_boosting,257,0.5133442265795206,0.7039106145251397,0.14285714285714288,0.5
ukzn_ISTN3ND_2018,ukzn_ISTN103_2019,UKZN,UKZN,D2_other_module,percentile,gradient_boosting,1113,0.5865641656416564,0.7092105263157895,0.14285714285714288,0.5
ukzn_ISTN3ND_2018,ukzn_ISTN103_2020,UKZN,UKZN,D2_other_module,percentile,gradient_boosting,1082,0.55702980981071,0.7928032501450958,0.23809523809523814,0.5
ukzn_ISTN3ND_2018,ukzn_ISTN211_2019,UKZN,UKZN,D2_other_module,percentile,gradient_boosting,280,0.6404517039725751,0.7882882882882883,0.14285714285714288,0.5
ukzn_ISTN3ND_2018,ukzn_ISTN211_2021,UKZN,UKZN,D2_other_module,percentile,gradient_boosting,327,0.6843453510436432,0.7309236947791165,0.5238095238095238,0.5
ukzn_ISTN3ND_2018,ukzn_ISTN212_2018,UKZN,UKZN,D2_other_module,percentile,gradient_boosting,238,0.5583411433926897,0.7350427350427351,0.23809523809523814,0.5
ukzn_ISTN3ND_2018,ukzn_ISTN212_2019,UKZN,UKZN,D2_other_module,percentile,gradient_boosting,264,0.5893393393393394,0.751269035532995,0.23809523809523814,1.0
ukzn_ISTN3ND_2018,ukzn_ISTN2IP_2018,UKZN,UKZN,D2_other_module,percentile,gradient_boosting,99,0.6302702702702703,0.7619047619047619,0.33333333333333337,0.5
ukzn_ISTN3ND_2018,ukzn_ISTN2IP_2019,UKZN,UKZN,D2_other_module,percentile,gradient_boosting,116,0.5696022727272727,0.7329192546583851,-0.14285714285714288,0.2
ukzn_ISTN3ND_2018,ukzn_ISTN3ND_2018,UKZN,UKZN,D0_within_cohort,percentile,gradient_boosting,144,0.5440613026819924,0.6235294117647059,1.0,1.0
ukzn_ISTN3ND_2018,ukzn_ISTN3ND_2019,UKZN,UKZN,D1_same_module,percentile,gradient_boosting,223,0.4365159979685119,0.7261904761904762,-0.33333333333333337,0.2
ukzn_ISTN3ND_2018,ukzn_ISTN3SA_2018,UKZN,UKZN,D2_other_module,percentile,gradient_boosting,141,0.6141141141141141,0.7562189054726368,0.04761904761904762,0.5
ukzn_ISTN3ND_2018,ukzn_ISTN3SA_2019,UKZN,UKZN,D2_other_module,percentile,gradient_boosting,195,0.6176470588235294,0.7651006711409396,0.5238095238095238,0.5
ukzn_ISTN3ND_2019,oulad_BBB_2013B,UKZN,OULAD,D3_other_institution,percentile,gradient_boosting,1767,0.7234327444283108,0.6914235190097259,-0.33333333333333337,0.2
ukzn_ISTN3ND_2019,oulad_BBB_2013J,UKZN,OULAD,D3_other_institution,percentile,gradient_boosting,2237,0.7270902728845046,0.6536030341340076,0.5238095238095238,0.5
ukzn_ISTN3ND_2019,oulad_BBB_2014B,UKZN,OULAD,D3_other_institution,percentile,gradient_boosting,1613,0.7492322882932115,0.624070021881838,-0.04761904761904762,0.2
ukzn_ISTN3ND_2019,oulad_BBB_2014J,UKZN,OULAD,D3_other_institution,percentile,gradient_boosting,2292,0.7019527442738792,0.6569819152090127,0.04761904761904762,0.2
ukzn_ISTN3ND_2019,oulad_DDD_2013B,UKZN,OULAD,D3_other_institution,percentile,gradient_boosting,1303,0.6921309002794056,0.5729166666666666,-0.14285714285714288,0.2
ukzn_ISTN3ND_2019,oulad_DDD_2013J,UKZN,OULAD,D3_other_institution,percentile,gradient_boosting,1938,0.725731785446631,0.5986597170513775,0.23809523809523814,0.5
ukzn_ISTN3ND_2019,oulad_DDD_2014B,UKZN,OULAD,D3_other_institution,percentile,gradient_boosting,1228,0.7081787546931051,0.5641025641025641,0.04761904761904762,0.2
ukzn_ISTN3ND_2019,oulad_DDD_2014J,UKZN,OULAD,D3_other_institution,percentile,gradient_boosting,1803,0.7151041822777726,0.6088677751385589,-0.14285714285714288,0.2
ukzn_ISTN3ND_2019,oulad_FFF_2013B,UKZN,OULAD,D3_other_institution,percentile,gradient_boosting,1614,0.6814435065414125,0.6556521739130434,-0.23809523809523814,0.2
ukzn_ISTN3ND_2019,oulad_FFF_2013J,UKZN,OULAD,D3_other_institution,percentile,gradient_boosting,2283,0.7117061021170609,0.6426169367166005,-0.04761904761904762,0.2
ukzn_ISTN3ND_2019,oulad_FFF_2014B,UKZN,OULAD,D3_other_institution,percentile,gradient_boosting,1500,0.7222854808741984,0.6055396370582617,0.14285714285714288,0.5
ukzn_ISTN3ND_2019,oulad_FFF_2014J,UKZN,OULAD,D3_other_institution,percentile,gradient_boosting,2365,0.7792930640681313,0.7000322893122376,0.23809523809523814,0.2
ukzn_ISTN3ND_2019,ku_Accountancy_1819,UKZN,KU Leuven,D3_other_institution,percentile,gradient_boosting,756,0.5943879472693032,0.823993685872139,0.14285714285714288,0.5
ukzn_ISTN3ND_2019,ku_Globaleconom_1819,UKZN,KU Leuven,D3_other_institution,percentile,gradient_boosting,743,0.5567353698932647,0.7067395264116576,-0.14285714285714288,0.2
ukzn_ISTN3ND_2019,ukzn_ISTN101_2019,UKZN,UKZN,D2_other_module,percentile,gradient_boosting,1056,0.6102132778220981,0.8867418142780462,0.23809523809523814,0.2
ukzn_ISTN3ND_2019,ukzn_ISTN101_2020,UKZN,UKZN,D2_other_module,percentile,gradient_boosting,978,0.552997517629226,0.8896551724137931,0.14285714285714288,0.5
ukzn_ISTN3ND_2019,ukzn_ISTN101_2021,UKZN,UKZN,D2_other_module,percentile,gradient_boosting,741,0.7712108442196938,0.9191232048374905,0.23809523809523814,0.5
ukzn_ISTN3ND_2019,ukzn_ISTN102_2018,UKZN,UKZN,D2_other_module,percentile,gradient_boosting,257,0.607843137254902,0.8155339805825242,0.04761904761904762,0.5
ukzn_ISTN3ND_2019,ukzn_ISTN103_2019,UKZN,UKZN,D2_other_module,percentile,gradient_boosting,1113,0.6246022960229602,0.8359001593202336,-0.04761904761904762,0.2
ukzn_ISTN3ND_2019,ukzn_ISTN103_2020,UKZN,UKZN,D2_other_module,percentile,gradient_boosting,1082,0.6076120678027067,0.8950391644908616,0.04761904761904762,0.2
ukzn_ISTN3ND_2019,ukzn_ISTN211_2019,UKZN,UKZN,D2_other_module,percentile,gradient_boosting,280,0.7331115144182295,0.9141716566866267,-0.33333333333333337,0.2
ukzn_ISTN3ND_2019,ukzn_ISTN211_2021,UKZN,UKZN,D2_other_module,percentile,gradient_boosting,327,0.7509487666034156,0.9148580968280468,0.04761904761904762,0.5
ukzn_ISTN3ND_2019,ukzn_ISTN212_2018,UKZN,UKZN,D2_other_module,percentile,gradient_boosting,238,0.7020267104029991,0.8571428571428571,0.14285714285714288,0.2
ukzn_ISTN3ND_2019,ukzn_ISTN212_2019,UKZN,UKZN,D2_other_module,percentile,gradient_boosting,264,0.7577220077220078,0.8976034858387799,0.23809523809523814,0.2
ukzn_ISTN3ND_2019,ukzn_ISTN2IP_2018,UKZN,UKZN,D2_other_module,percentile,gradient_boosting,99,0.6643243243243243,0.8354430379746836,0.4285714285714286,0.2
ukzn_ISTN3ND_2019,ukzn_ISTN2IP_2019,UKZN,UKZN,D2_other_module,percentile,gradient_boosting,116,0.6233766233766234,0.8481675392670157,-0.23809523809523814,0.2
ukzn_ISTN3ND_2019,ukzn_ISTN3ND_2018,UKZN,UKZN,D1_same_module,percentile,gradient_boosting,144,0.5592861464004839,0.7247706422018348,-0.04761904761904762,0.2
ukzn_ISTN3ND_2019,ukzn_ISTN3ND_2019,UKZN,UKZN,D0_within_cohort,percentile,gradient_boosting,223,0.6769933976637887,0.8525469168900804,1.0,1.0
ukzn_ISTN3ND_2019,ukzn_ISTN3SA_2018,UKZN,UKZN,D2_other_module,percentile,gradient_boosting,141,0.6387387387387388,0.847457627118644,-0.04761904761904762,0.2
ukzn_ISTN3ND_2019,ukzn_ISTN3SA_2019,UKZN,UKZN,D2_other_module,percentile,gradient_boosting,195,0.5695294117647058,0.8914956011730205,-0.14285714285714288,0.2
ukzn_ISTN3SA_2018,oulad_BBB_2013B,UKZN,OULAD,D3_other_institution,percentile,gradient_boosting,1767,0.5267739493496897,0.6206896551724138,0.04761904761904762,0.5
ukzn_ISTN3SA_2018,oulad_BBB_2013J,UKZN,OULAD,D3_other_institution,percentile,gradient_boosting,2237,0.44505076548587535,0.6266961186494162,-0.14285714285714288,0.2
ukzn_ISTN3SA_2018,oulad_BBB_2014B,UKZN,OULAD,D3_other_institution,percentile,gradient_boosting,1613,0.3908723813190669,0.5941385435168739,-0.23809523809523814,0.0
ukzn_ISTN3SA_2018,oulad_BBB_2014J,UKZN,OULAD,D3_other_institution,percentile,gradient_boosting,2292,0.4512156585038986,0.6491603053435114,0.04761904761904762,0.2
ukzn_ISTN3SA_2018,oulad_DDD_2013B,UKZN,OULAD,D3_other_institution,percentile,gradient_boosting,1303,0.56839378878916,0.5612244897959183,-0.04761904761904762,0.2
ukzn_ISTN3SA_2018,oulad_DDD_2013J,UKZN,OULAD,D3_other_institution,percentile,gradient_boosting,1938,0.5696070422826289,0.5910270671116055,0.04761904761904762,0.2
ukzn_ISTN3SA_2018,oulad_DDD_2014B,UKZN,OULAD,D3_other_institution,percentile,gradient_boosting,1228,0.6043158449261506,0.558679706601467,-0.33333333333333337,0.0
ukzn_ISTN3SA_2018,oulad_DDD_2014J,UKZN,OULAD,D3_other_institution,percentile,gradient_boosting,1803,0.5635128485647773,0.6056060007895776,-0.6190476190476191,0.0
ukzn_ISTN3SA_2018,oulad_FFF_2013B,UKZN,OULAD,D3_other_institution,percentile,gradient_boosting,1614,0.548567990114106,0.6408934707903781,0.33333333333333337,0.5
ukzn_ISTN3SA_2018,oulad_FFF_2013J,UKZN,OULAD,D3_other_institution,percentile,gradient_boosting,2283,0.5620574081761296,0.6352009744214373,-0.14285714285714288,0.2
ukzn_ISTN3SA_2018,oulad_FFF_2014B,UKZN,OULAD,D3_other_institution,percentile,gradient_boosting,1500,0.596538125085851,0.5945688423058599,-0.33333333333333337,0.2
ukzn_ISTN3SA_2018,oulad_FFF_2014J,UKZN,OULAD,D3_other_institution,percentile,gradient_boosting,2365,0.652137062989234,0.6716321243523317,-0.14285714285714288,0.2
ukzn_ISTN3SA_2018,ku_Accountancy_1819,UKZN,KU Leuven,D3_other_institution,percentile,gradient_boosting,756,0.5612303829252981,0.7779661016949152,0.23809523809523814,0.5
ukzn_ISTN3SA_2018,ku_Globaleconom_1819,UKZN,KU Leuven,D3_other_institution,percentile,gradient_boosting,743,0.5721825542878174,0.6954076850984068,0.23809523809523814,0.5
ukzn_ISTN3SA_2018,ukzn_ISTN101_2019,UKZN,UKZN,D2_other_module,percentile,gradient_boosting,1056,0.5993904567211806,0.859375,0.4285714285714286,0.5
ukzn_ISTN3SA_2018,ukzn_ISTN101_2020,UKZN,UKZN,D2_other_module,percentile,gradient_boosting,978,0.6556424507370225,0.8770491803278688,0.4285714285714286,0.5
ukzn_ISTN3SA_2018,ukzn_ISTN101_2021,UKZN,UKZN,D2_other_module,percentile,gradient_boosting,741,0.6307065599100997,0.8854727132974635,0.23809523809523814,0.5
ukzn_ISTN3SA_2018,ukzn_ISTN102_2018,UKZN,UKZN,D2_other_module,percentile,gradient_boosting,257,0.5934484905073141,0.8218527315914489,0.33333333333333337,0.5
ukzn_ISTN3SA_2018,ukzn_ISTN103_2019,UKZN,UKZN,D2_other_module,percentile,gradient_boosting,1113,0.6121750717507175,0.8071348940914158,0.4285714285714286,0.5
ukzn_ISTN3SA_2018,ukzn_ISTN103_2020,UKZN,UKZN,D2_other_module,percentile,gradient_boosting,1082,0.6474888719032417,0.9144602851323829,0.4285714285714286,0.5
ukzn_ISTN3SA_2018,ukzn_ISTN211_2019,UKZN,UKZN,D2_other_module,percentile,gradient_boosting,280,0.7322040734018955,0.8747433264887063,0.04761904761904762,0.2
ukzn_ISTN3SA_2018,ukzn_ISTN211_2021,UKZN,UKZN,D2_other_module,percentile,gradient_boosting,327,0.5836812144212524,0.9220563847429519,0.23809523809523814,0.5
ukzn_ISTN3SA_2018,ukzn_ISTN212_2018,UKZN,UKZN,D2_other_module,percentile,gradient_boosting,238,0.6728561387066542,0.85785536159601,0.6190476190476191,0.5
ukzn_ISTN3SA_2018,ukzn_ISTN212_2019,UKZN,UKZN,D2_other_module,percentile,gradient_boosting,264,0.7133204633204633,0.8923076923076924,0.6190476190476191,0.5
ukzn_ISTN3SA_2018,ukzn_ISTN2IP_2018,UKZN,UKZN,D2_other_module,percentile,gradient_boosting,99,0.518918918918919,0.7651006711409396,0.04761904761904762,0.5
ukzn_ISTN3SA_2018,ukzn_ISTN2IP_2019,UKZN,UKZN,D2_other_module,percentile,gradient_boosting,116,0.5811688311688311,0.8297872340425532,0.04761904761904762,0.2
ukzn_ISTN3SA_2018,ukzn_ISTN3ND_2018,UKZN,UKZN,D2_other_module,percentile,gradient_boosting,144,0.5584795321637427,0.7333333333333333,-0.14285714285714288,0.5
ukzn_ISTN3SA_2018,ukzn_ISTN3ND_2019,UKZN,UKZN,D2_other_module,percentile,gradient_boosting,223,0.566340782122905,0.8154269972451791,0.14285714285714288,0.5
ukzn_ISTN3SA_2018,ukzn_ISTN3SA_2018,UKZN,UKZN,D0_within_cohort,percentile,gradient_boosting,141,0.5382882882882882,0.8138528138528138,1.0,1.0
ukzn_ISTN3SA_2018,ukzn_ISTN3SA_2019,UKZN,UKZN,D1_same_module,percentile,gradient_boosting,195,0.5595294117647059,0.8562874251497006,0.33333333333333337,0.2
ukzn_ISTN3SA_2019,oulad_BBB_2013B,UKZN,OULAD,D3_other_institution,percentile,gradient_boosting,1767,0.5364032957322902,0.6220998820290995,0.6190476190476191,0.5
ukzn_ISTN3SA_2019,oulad_BBB_2013J,UKZN,OULAD,D3_other_institution,percentile,gradient_boosting,2237,0.47338495291781435,0.6396810794234897,-0.33333333333333337,0.0
ukzn_ISTN3SA_2019,oulad_BBB_2014B,UKZN,OULAD,D3_other_institution,percentile,gradient_boosting,1613,0.3738763774564446,0.611764705882353,0.14285714285714288,0.2
ukzn_ISTN3SA_2019,oulad_BBB_2014J,UKZN,OULAD,D3_other_institution,percentile,gradient_boosting,2292,0.4557957937378168,0.6572104018912529,0.04761904761904762,0.2
ukzn_ISTN3SA_2019,oulad_DDD_2013B,UKZN,OULAD,D3_other_institution,percentile,gradient_boosting,1303,0.5286081645773063,0.587683284457478,-0.5238095238095238,0.0
ukzn_ISTN3SA_2019,oulad_DDD_2013J,UKZN,OULAD,D3_other_institution,percentile,gradient_boosting,1938,0.525823914653765,0.6339181286549708,-0.4285714285714286,0.2
ukzn_ISTN3SA_2019,oulad_DDD_2014B,UKZN,OULAD,D3_other_institution,percentile,gradient_boosting,1228,0.5021490031245558,0.5884590995561192,0.33333333333333337,0.2
ukzn_ISTN3SA_2019,oulad_DDD_2014J,UKZN,OULAD,D3_other_institution,percentile,gradient_boosting,1803,0.5428574818411613,0.6459369817578773,0.23809523809523814,0.5
ukzn_ISTN3SA_2019,oulad_FFF_2013B,UKZN,OULAD,D3_other_institution,percentile,gradient_boosting,1614,0.5480092956915208,0.6838365896980462,-0.23809523809523814,0.2
ukzn_ISTN3SA_2019,oulad_FFF_2013J,UKZN,OULAD,D3_other_institution,percentile,gradient_boosting,2283,0.5186807189090294,0.6764331210191082,0.14285714285714288,0.2
ukzn_ISTN3SA_2019,oulad_FFF_2014B,UKZN,OULAD,D3_other_institution,percentile,gradient_boosting,1500,0.5296267378055393,0.6442885771543087,-0.5238095238095238,0.0
ukzn_ISTN3SA_2019,oulad_FFF_2014J,UKZN,OULAD,D3_other_institution,percentile,gradient_boosting,2365,0.5097470186855817,0.6821316614420063,-0.14285714285714288,0.2
ukzn_ISTN3SA_2019,ku_Accountancy_1819,UKZN,KU Leuven,D3_other_institution,percentile,gradient_boosting,756,0.529428750784683,0.8094462540716613,-0.04761904761904762,0.5
ukzn_ISTN3SA_2019,ku_Globaleconom_1819,UKZN,KU Leuven,D3_other_institution,percentile,gradient_boosting,743,0.525472948104527,0.7181818181818181,-0.23809523809523814,0.2
ukzn_ISTN3SA_2019,ukzn_ISTN101_2019,UKZN,UKZN,D2_other_module,percentile,gradient_boosting,1056,0.5145218388512167,0.8903295515937332,-0.23809523809523814,0.2
ukzn_ISTN3SA_2019,ukzn_ISTN101_2020,UKZN,UKZN,D2_other_module,percentile,gradient_boosting,978,0.5338305397508842,0.9193099610461881,-0.04761904761904762,0.2
ukzn_ISTN3SA_2019,ukzn_ISTN101_2021,UKZN,UKZN,D2_other_module,percentile,gradient_boosting,741,0.6360912113124504,0.9251297257227576,-0.4285714285714286,0.2
ukzn_ISTN3SA_2019,ukzn_ISTN102_2018,UKZN,UKZN,D2_other_module,percentile,gradient_boosting,257,0.5537270463741052,0.831353919239905,0.14285714285714288,0.5
ukzn_ISTN3SA_2019,ukzn_ISTN103_2019,UKZN,UKZN,D2_other_module,percentile,gradient_boosting,1113,0.47941369413694135,0.8234019501625135,-0.14285714285714288,0.2
ukzn_ISTN3SA_2019,ukzn_ISTN103_2020,UKZN,UKZN,D2_other_module,percentile,gradient_boosting,1082,0.649876354480464,0.9146968139773896,0.14285714285714288,0.5
ukzn_ISTN3SA_2019,ukzn_ISTN211_2019,UKZN,UKZN,D2_other_module,percentile,gradient_boosting,280,0.5817705182496471,0.9260700389105059,0.5238095238095238,0.5
ukzn_ISTN3SA_2019,ukzn_ISTN211_2021,UKZN,UKZN,D2_other_module,percentile,gradient_boosting,327,0.6282732447817837,0.93,0.04761904761904762,0.2
ukzn_ISTN3SA_2019,ukzn_ISTN212_2018,UKZN,UKZN,D2_other_module,percentile,gradient_boosting,238,0.5703491096532334,0.8780487804878049,-0.14285714285714288,0.5
ukzn_ISTN3SA_2019,ukzn_ISTN212_2019,UKZN,UKZN,D2_other_module,percentile,gradient_boosting,264,0.6480587730587731,0.9129511677282378,0.04761904761904762,0.5
ukzn_ISTN3SA_2019,ukzn_ISTN2IP_2018,UKZN,UKZN,D2_other_module,percentile,gradient_boosting,99,0.5051351351351352,0.8074534161490683,-0.14285714285714288,0.5
ukzn_ISTN3SA_2019,ukzn_ISTN2IP_2019,UKZN,UKZN,D2_other_module,percentile,gradient_boosting,116,0.5241477272727273,0.8629441624365483,-0.33333333333333337,0.2
ukzn_ISTN3SA_2019,ukzn_ISTN3ND_2018,UKZN,UKZN,D2_other_module,percentile,gradient_boosting,144,0.5368017745513208,0.7407407407407407,0.04761904761904762,0.5
ukzn_ISTN3SA_2019,ukzn_ISTN3ND_2019,UKZN,UKZN,D2_other_module,percentile,gradient_boosting,223,0.497143219908583,0.8661417322834646,-0.14285714285714288,0.5
ukzn_ISTN3SA_2019,ukzn_ISTN3SA_2018,UKZN,UKZN,D1_same_module,percentile,gradient_boosting,141,0.5295795795795796,0.847457627118644,0.4285714285714286,0.5
ukzn_ISTN3SA_2019,ukzn_ISTN3SA_2019,UKZN,UKZN,D0_within_cohort,percentile,gradient_boosting,195,0.5903529411764705,0.9230769230769231,1.0,1.0
oulad_BBB_2013B,oulad_BBB_2013B,OULAD,OULAD,D0_within_cohort,percentile,logistic_regression,1767,0.8585730119934065,0.775,1.0,1.0
oulad_BBB_2013B,oulad_BBB_2013J,OULAD,OULAD,D1_same_module,percentile,logistic_regression,2237,0.868374063160592,0.7674641148325358,0.14285714285714288,0.5
oulad_BBB_2013B,oulad_BBB_2014B,OULAD,OULAD,D1_same_module,percentile,logistic_regression,1613,0.8652576685783129,0.7557666214382632,0.33333333333333337,0.5
oulad_BBB_2013B,oulad_BBB_2014J,OULAD,OULAD,D1_same_module,percentile,logistic_regression,2292,0.8668292367202728,0.7832599118942731,0.14285714285714288,0.5
oulad_BBB_2013B,oulad_DDD_2013B,OULAD,OULAD,D2_other_module,percentile,logistic_regression,1303,0.8404050144648023,0.7347611202635914,0.33333333333333337,0.5
oulad_BBB_2013B,oulad_DDD_2013J,OULAD,OULAD,D2_other_module,percentile,logistic_regression,1938,0.8601398145015942,0.7851153039832285,0.6190476190476191,1.0
oulad_BBB_2013B,oulad_DDD_2014B,OULAD,OULAD,D2_other_module,percentile,logistic_regression,1228,0.8687156988719824,0.7551401869158878,0.8095238095238096,1.0
oulad_BBB_2013B,oulad_DDD_2014J,OULAD,OULAD,D2_other_module,percentile,logistic_regression,1803,0.8513173275784552,0.7601390498261877,0.33333333333333337,1.0
oulad_BBB_2013B,oulad_FFF_2013B,OULAD,OULAD,D2_other_module,percentile,logistic_regression,1614,0.8123555233130042,0.762936221419976,0.04761904761904762,0.2
oulad_BBB_2013B,oulad_FFF_2013J,OULAD,OULAD,D2_other_module,percentile,logistic_regression,2283,0.864634933813016,0.7882822902796272,0.14285714285714288,0.5
oulad_BBB_2013B,oulad_FFF_2014B,OULAD,OULAD,D2_other_module,percentile,logistic_regression,1500,0.8566215542108574,0.7796143250688705,0.04761904761904762,0.5
oulad_BBB_2013B,oulad_FFF_2014J,OULAD,OULAD,D2_other_module,percentile,logistic_regression,2365,0.8926393240823636,0.8133971291866029,0.04761904761904762,0.5
oulad_BBB_2013B,ku_Accountancy_1819,OULAD,KU Leuven,D3_other_institution,percentile,logistic_regression,756,0.5481774429797028,0.6645569620253164,-0.6190476190476191,0.0
oulad_BBB_2013B,ku_Globaleconom_1819,OULAD,KU Leuven,D3_other_institution,percentile,logistic_regression,743,0.5836805299963195,0.5962264150943396,-0.14285714285714288,0.2
oulad_BBB_2013B,ukzn_ISTN101_2019,OULAD,UKZN,D3_other_institution,percentile,logistic_regression,1056,0.6511829377742322,0.6310319227913883,0.23809523809523814,0.2
oulad_BBB_2013B,ukzn_ISTN101_2020,OULAD,UKZN,D3_other_institution,percentile,logistic_regression,978,0.7253575272950945,0.6255506607929515,-0.14285714285714288,0.2
oulad_BBB_2013B,ukzn_ISTN101_2021,OULAD,UKZN,D3_other_institution,percentile,logistic_regression,741,0.6620780072107506,0.6947565543071161,-0.6190476190476191,0.0
oulad_BBB_2013B,ukzn_ISTN102_2018,OULAD,UKZN,D3_other_institution,percentile,logistic_regression,257,0.6363211951447245,0.6302250803858521,0.4285714285714286,0.5
oulad_BBB_2013B,ukzn_ISTN103_2019,OULAD,UKZN,D3_other_institution,percentile,logistic_regression,1113,0.6259020090200902,0.655425219941349,-0.6190476190476191,0.0
oulad_BBB_2013B,ukzn_ISTN103_2020,OULAD,UKZN,D3_other_institution,percentile,logistic_regression,1082,0.6428263117665572,0.6630944407233758,-0.04761904761904762,0.2
oulad_BBB_2013B,ukzn_ISTN211_2019,OULAD,UKZN,D3_other_institution,percentile,logistic_regression,280,0.7231296632385561,0.5280898876404494,-0.23809523809523814,0.2
oulad_BBB_2013B,ukzn_ISTN211_2021,OULAD,UKZN,D3_other_institution,percentile,logistic_regression,327,0.752371916508539,0.6225165562913907,-0.4285714285714286,0.0
oulad_BBB_2013B,ukzn_ISTN212_2018,OULAD,UKZN,D3_other_institution,percentile,logistic_regression,238,0.7466611996251172,0.6577181208053692,-0.04761904761904762,0.5
oulad_BBB_2013B,ukzn_ISTN212_2019,OULAD,UKZN,D3_other_institution,percentile,logistic_regression,264,0.6919776919776921,0.625,-0.4285714285714286,0.0
oulad_BBB_2013B,ukzn_ISTN2IP_2018,OULAD,UKZN,D3_other_institution,percentile,logistic_regression,99,0.6037837837837838,0.5964912280701754,-0.6190476190476191,0.0
oulad_BBB_2013B,ukzn_ISTN2IP_2019,OULAD,UKZN,D3_other_institution,percentile,logistic_regression,116,0.6448863636363636,0.5116279069767442,-0.14285714285714288,0.2
oulad_BBB_2013B,ukzn_ISTN3ND_2018,OULAD,UKZN,D3_other_institution,percentile,logistic_regression,144,0.5245009074410163,0.543046357615894,-0.33333333333333337,0.2
oulad_BBB_2013B,ukzn_ISTN3ND_2019,OULAD,UKZN,D3_other_institution,percentile,logistic_regression,223,0.7006094464195022,0.7242524916943521,-0.23809523809523814,0.0
oulad_BBB_2013B,ukzn_ISTN3SA_2018,OULAD,UKZN,D3_other_institution,percentile,logistic_regression,141,0.6123123123123123,0.591715976331361,-0.33333333333333337,0.0
oulad_BBB_2013B,ukzn_ISTN3SA_2019,OULAD,UKZN,D3_other_institution,percentile,logistic_regression,195,0.5964705882352942,0.6153846153846154,-0.4285714285714286,0.2
oulad_BBB_2013J,oulad_BBB_2013B,OULAD,OULAD,D1_same_module,percentile,logistic_regression,1767,0.8443892973961753,0.7767653758542141,0.23809523809523814,0.5
oulad_BBB_2013J,oulad_BBB_2013J,OULAD,OULAD,D0_within_cohort,percentile,logistic_regression,2237,0.8662725802318877,0.7873873873873873,1.0,1.0
oulad_BBB_2013J,oulad_BBB_2014B,OULAD,OULAD,D1_same_module,percentile,logistic_regression,1613,0.8616605239380118,0.7769968051118211,0.9047619047619049,1.0
oulad_BBB_2013J,oulad_BBB_2014J,OULAD,OULAD,D1_same_module,percentile,logistic_regression,2292,0.8632496497319688,0.8062605752961083,0.6190476190476191,1.0
oulad_BBB_2013J,oulad_DDD_2013B,OULAD,OULAD,D2_other_module,percentile,logistic_regression,1303,0.7945899166728482,0.6984375,0.14285714285714288,0.5
oulad_BBB_2013J,oulad_DDD_2013J,OULAD,OULAD,D2_other_module,percentile,logistic_regression,1938,0.8253297670882276,0.7672634271099744,0.7142857142857143,0.5
oulad_BBB_2013J,oulad_DDD_2014B,OULAD,OULAD,D2_other_module,percentile,logistic_regression,1228,0.8636818471950074,0.7533392698130009,0.5238095238095238,0.5
oulad_BBB_2013J,oulad_DDD_2014J,OULAD,OULAD,D2_other_module,percentile,logistic_regression,1803,0.8251069048546793,0.7543760587238848,0.6190476190476191,0.5
oulad_BBB_2013J,oulad_FFF_2013B,OULAD,OULAD,D2_other_module,percentile,logistic_regression,1614,0.7630151977178832,0.7466666666666667,0.04761904761904762,0.5
oulad_BBB_2013J,oulad_FFF_2013J,OULAD,OULAD,D2_other_module,percentile,logistic_regression,2283,0.8423957997017357,0.7893835616438356,0.23809523809523814,1.0
oulad_BBB_2013J,oulad_FFF_2014B,OULAD,OULAD,D2_other_module,percentile,logistic_regression,1500,0.8290895814807585,0.7683089214380826,0.33333333333333337,1.0
oulad_BBB_2013J,oulad_FFF_2014J,OULAD,OULAD,D2_other_module,percentile,logistic_regression,2365,0.8778862652939421,0.8219063545150501,0.33333333333333337,1.0
oulad_BBB_2013J,ku_Accountancy_1819,OULAD,KU Leuven,D3_other_institution,percentile,logistic_regression,756,0.5157522494245659,0.5334900117508813,-0.04761904761904762,0.2
oulad_BBB_2013J,ku_Globaleconom_1819,OULAD,KU Leuven,D3_other_institution,percentile,logistic_regression,743,0.5668531468531468,0.6065773447015834,0.04761904761904762,0.2
oulad_BBB_2013J,ukzn_ISTN101_2019,OULAD,UKZN,D3_other_institution,percentile,logistic_regression,1056,0.608352861986438,0.6145833333333334,0.4285714285714286,0.5
oulad_BBB_2013J,ukzn_ISTN101_2020,OULAD,UKZN,D3_other_institution,percentile,logistic_regression,978,0.6733595483403265,0.6699576868829337,-0.23809523809523814,0.2
oulad_BBB_2013J,ukzn_ISTN101_2021,OULAD,UKZN,D3_other_institution,percentile,logistic_regression,741,0.5950742145432412,0.5661538461538461,-0.14285714285714288,0.2
oulad_BBB_2013J,ukzn_ISTN102_2018,OULAD,UKZN,D3_other_institution,percentile,logistic_regression,257,0.6126672891378773,0.6583850931677019,0.23809523809523814,0.5
oulad_BBB_2013J,ukzn_ISTN103_2019,OULAD,UKZN,D3_other_institution,percentile,logistic_regression,1113,0.5994403444034441,0.6666666666666666,-0.33333333333333337,0.2
oulad_BBB_2013J,ukzn_ISTN103_2020,OULAD,UKZN,D3_other_institution,percentile,logistic_regression,1082,0.6321163616743851,0.680628272251309,-0.23809523809523814,0.2
oulad_BBB_2013J,ukzn_ISTN211_2019,OULAD,UKZN,D3_other_institution,percentile,logistic_regression,280,0.6561806815890302,0.5675675675675675,-0.04761904761904762,0.5
oulad_BBB_2013J,ukzn_ISTN211_2021,OULAD,UKZN,D3_other_institution,percentile,logistic_regression,327,0.6445920303605313,0.6157205240174672,-0.33333333333333337,0.2
oulad_BBB_2013J,ukzn_ISTN212_2018,OULAD,UKZN,D3_other_institution,percentile,logistic_regression,238,0.6723875351452671,0.6709677419354839,-0.5238095238095238,0.2
oulad_BBB_2013J,ukzn_ISTN212_2019,OULAD,UKZN,D3_other_institution,percentile,logistic_regression,264,0.6185113685113685,0.6554621848739496,-0.4285714285714286,0.2
oulad_BBB_2013J,ukzn_ISTN2IP_2018,OULAD,UKZN,D3_other_institution,percentile,logistic_regression,99,0.5697297297297297,0.6065573770491803,-0.4285714285714286,0.2
oulad_BBB_2013J,ukzn_ISTN2IP_2019,OULAD,UKZN,D3_other_institution,percentile,logistic_regression,116,0.5332792207792207,0.5151515151515151,-0.04761904761904762,0.5
oulad_BBB_2013J,ukzn_ISTN3ND_2018,OULAD,UKZN,D3_other_institution,percentile,logistic_regression,144,0.5007057874571487,0.5641025641025641,-0.23809523809523814,0.2
oulad_BBB_2013J,ukzn_ISTN3ND_2019,OULAD,UKZN,D3_other_institution,percentile,logistic_regression,223,0.7049263585576435,0.6666666666666666,0.5238095238095238,0.2
oulad_BBB_2013J,ukzn_ISTN3SA_2018,OULAD,UKZN,D3_other_institution,percentile,logistic_regression,141,0.4963963963963964,0.5909090909090909,-0.5238095238095238,0.2
oulad_BBB_2013J,ukzn_ISTN3SA_2019,OULAD,UKZN,D3_other_institution,percentile,logistic_regression,195,0.6164705882352941,0.5873015873015873,-0.4285714285714286,0.2
oulad_BBB_2014B,oulad_BBB_2013B,OULAD,OULAD,D1_same_module,percentile,logistic_regression,1767,0.8497594601158518,0.7668639053254438,0.33333333333333337,0.5
oulad_BBB_2014B,oulad_BBB_2013J,OULAD,OULAD,D1_same_module,percentile,logistic_regression,2237,0.8683716610082634,0.7835337650323775,0.8095238095238096,1.0
oulad_BBB_2014B,oulad_BBB_2014B,OULAD,OULAD,D0_within_cohort,percentile,logistic_regression,1613,0.8610271035611265,0.7639710716633794,1.0,1.0
oulad_BBB_2014B,oulad_BBB_2014J,OULAD,OULAD,D1_same_module,percentile,logistic_regression,2292,0.8629671509502924,0.7876144788486699,0.5238095238095238,1.0
oulad_BBB_2014B,oulad_DDD_2013B,OULAD,OULAD,D2_other_module,percentile,logistic_regression,1303,0.814281828746631,0.7182978723404255,0.04761904761904762,0.5
oulad_BBB_2014B,oulad_DDD_2013J,OULAD,OULAD,D2_other_module,percentile,logistic_regression,1938,0.8415355883053556,0.7596048298572997,0.14285714285714288,0.5
oulad_BBB_2014B,oulad_DDD_2014B,OULAD,OULAD,D2_other_module,percentile,logistic_regression,1228,0.8689832790275691,0.7532467532467533,0.14285714285714288,0.5
oulad_BBB_2014B,oulad_DDD_2014J,OULAD,OULAD,D2_other_module,percentile,logistic_regression,1803,0.83722362097733,0.7568834212067955,0.33333333333333337,0.5
oulad_BBB_2014B,oulad_FFF_2013B,OULAD,OULAD,D2_other_module,percentile,logistic_regression,1614,0.7852246458784182,0.7247820672478207,0.23809523809523814,0.5
oulad_BBB_2014B,oulad_FFF_2013J,OULAD,OULAD,D2_other_module,percentile,logistic_regression,2283,0.8531163999200528,0.7860652076820009,0.4285714285714286,1.0
oulad_BBB_2014B,oulad_FFF_2014B,OULAD,OULAD,D2_other_module,percentile,logistic_regression,1500,0.8464242595122937,0.7610241820768137,0.5238095238095238,1.0
oulad_BBB_2014B,oulad_FFF_2014J,OULAD,OULAD,D2_other_module,percentile,logistic_regression,2365,0.8884958996166471,0.8184562311341095,0.8095238095238096,1.0
oulad_BBB_2014B,ku_Accountancy_1819,OULAD,KU Leuven,D3_other_institution,percentile,logistic_regression,756,0.5575266792215944,0.5986394557823129,-0.14285714285714288,0.2
oulad_BBB_2014B,ku_Globaleconom_1819,OULAD,KU Leuven,D3_other_institution,percentile,logistic_regression,743,0.5769009937430991,0.5944584382871536,-0.04761904761904762,0.2
oulad_BBB_2014B,ukzn_ISTN101_2019,OULAD,UKZN,D3_other_institution,percentile,logistic_regression,1056,0.6401450937375348,0.5843558282208589,0.33333333333333337,0.5
oulad_BBB_2014B,ukzn_ISTN101_2020,OULAD,UKZN,D3_other_institution,percentile,logistic_regression,978,0.6972166692295864,0.6277372262773723,-0.23809523809523814,0.2
oulad_BBB_2014B,ukzn_ISTN101_2021,OULAD,UKZN,D3_other_institution,percentile,logistic_regression,741,0.6728238984876153,0.5957446808510638,-0.14285714285714288,0.2
oulad_BBB_2014B,ukzn_ISTN102_2018,OULAD,UKZN,D3_other_institution,percentile,logistic_regression,257,0.6248054777466542,0.6163934426229508,-0.04761904761904762,0.5
oulad_BBB_2014B,ukzn_ISTN103_2019,OULAD,UKZN,D3_other_institution,percentile,logistic_regression,1113,0.6262997129971299,0.6288737717309146,-0.4285714285714286,0.2
oulad_BBB_2014B,ukzn_ISTN103_2020,OULAD,UKZN,D3_other_institution,percentile,logistic_regression,1082,0.6588148014927386,0.6331727460426704,-0.14285714285714288,0.2
oulad_BBB_2014B,ukzn_ISTN211_2019,OULAD,UKZN,D3_other_institution,percentile,logistic_regression,280,0.7207098205283323,0.5722070844686649,0.14285714285714288,0.5
oulad_BBB_2014B,ukzn_ISTN211_2021,OULAD,UKZN,D3_other_institution,percentile,logistic_regression,327,0.6994307400379507,0.5855855855855856,-0.14285714285714288,0.2
oulad_BBB_2014B,ukzn_ISTN212_2018,OULAD,UKZN,D3_other_institution,percentile,logistic_regression,238,0.7185449859418931,0.6644736842105263,-0.6190476190476191,0.2
oulad_BBB_2014B,ukzn_ISTN212_2019,OULAD,UKZN,D3_other_institution,percentile,logistic_regression,264,0.6761046761046762,0.6411764705882353,-0.33333333333333337,0.2
oulad_BBB_2014B,ukzn_ISTN2IP_2018,OULAD,UKZN,D3_other_institution,percentile,logistic_regression,99,0.6005405405405405,0.5535714285714286,-0.5238095238095238,0.2
oulad_BBB_2014B,ukzn_ISTN2IP_2019,OULAD,UKZN,D3_other_institution,percentile,logistic_regression,116,0.6217532467532468,0.549618320610687,0.04761904761904762,0.5
oulad_BBB_2014B,ukzn_ISTN3ND_2018,OULAD,UKZN,D3_other_institution,percentile,logistic_regression,144,0.5311554748941318,0.5170068027210885,-0.23809523809523814,0.2
oulad_BBB_2014B,ukzn_ISTN3ND_2019,OULAD,UKZN,D3_other_institution,percentile,logistic_regression,223,0.7348908075165058,0.65,0.5238095238095238,0.2
oulad_BBB_2014B,ukzn_ISTN3SA_2018,OULAD,UKZN,D3_other_institution,percentile,logistic_regression,141,0.5744744744744744,0.5952380952380952,-0.6190476190476191,0.2
oulad_BBB_2014B,ukzn_ISTN3SA_2019,OULAD,UKZN,D3_other_institution,percentile,logistic_regression,195,0.6188235294117647,0.5783132530120482,-0.33333333333333337,0.2
oulad_BBB_2014J,oulad_BBB_2013B,OULAD,OULAD,D1_same_module,percentile,logistic_regression,1767,0.8464898229151057,0.78177727784027,0.04761904761904762,0.5
oulad_BBB_2014J,oulad_BBB_2013J,OULAD,OULAD,D1_same_module,percentile,logistic_regression,2237,0.8684869643200307,0.7868561278863233,0.8095238095238096,1.0
oulad_BBB_2014J,oulad_BBB_2014B,OULAD,OULAD,D1_same_module,percentile,logistic_regression,1613,0.861297238721857,0.7766624843161857,0.5238095238095238,1.0
oulad_BBB_2014J,oulad_BBB_2014J,OULAD,OULAD,D0_within_cohort,percentile,logistic_regression,2292,0.8620621649610137,0.8078365985827428,1.0,1.0
oulad_BBB_2014J,oulad_DDD_2013B,OULAD,OULAD,D2_other_module,percentile,logistic_regression,1303,0.8075093341245703,0.7153392330383481,0.33333333333333337,0.5
oulad_BBB_2014J,oulad_DDD_2013J,OULAD,OULAD,D2_other_module,percentile,logistic_regression,1938,0.835118087454221,0.7733071638861629,0.8095238095238096,0.5
oulad_BBB_2014J,oulad_DDD_2014B,OULAD,OULAD,D2_other_module,percentile,logistic_regression,1228,0.8671130052317495,0.7563764291996482,0.7142857142857143,0.5
oulad_BBB_2014J,oulad_DDD_2014J,OULAD,OULAD,D2_other_module,percentile,logistic_regression,1803,0.8334969377254244,0.7595780122154359,0.8095238095238096,0.5
oulad_BBB_2014J,oulad_FFF_2013B,OULAD,OULAD,D2_other_module,percentile,logistic_regression,1614,0.7751450914814086,0.7734806629834254,0.04761904761904762,0.5
oulad_BBB_2014J,oulad_FFF_2013J,OULAD,OULAD,D2_other_module,percentile,logistic_regression,2283,0.8495541411066525,0.7984918307498953,0.4285714285714286,1.0
oulad_BBB_2014J,oulad_FFF_2014B,OULAD,OULAD,D2_other_module,percentile,logistic_regression,1500,0.8383163077190013,0.7710371819960861,0.33333333333333337,1.0
oulad_BBB_2014J,oulad_FFF_2014J,OULAD,OULAD,D2_other_module,percentile,logistic_regression,2365,0.8831150431558892,0.8294701986754967,0.4285714285714286,1.0
oulad_BBB_2014J,ku_Accountancy_1819,OULAD,KU Leuven,D3_other_institution,percentile,logistic_regression,756,0.5226993094789705,0.6063249727371864,-0.04761904761904762,0.2
oulad_BBB_2014J,ku_Globaleconom_1819,OULAD,KU Leuven,D3_other_institution,percentile,logistic_regression,743,0.5689584100110415,0.6554433221099888,-0.14285714285714288,0.2
oulad_BBB_2014J,ukzn_ISTN101_2019,OULAD,UKZN,D3_other_institution,percentile,logistic_regression,1056,0.6143423414439569,0.6666666666666666,0.4285714285714286,0.5
oulad_BBB_2014J,ukzn_ISTN101_2020,OULAD,UKZN,D3_other_institution,percentile,logistic_regression,978,0.677511478218844,0.6961937716262976,-0.33333333333333337,0.2
oulad_BBB_2014J,ukzn_ISTN101_2021,OULAD,UKZN,D3_other_institution,percentile,logistic_regression,741,0.5948400992648781,0.6388349514563106,-0.14285714285714288,0.2
oulad_BBB_2014J,ukzn_ISTN102_2018,OULAD,UKZN,D3_other_institution,percentile,logistic_regression,257,0.6261282290694056,0.7209302325581395,0.23809523809523814,0.5
oulad_BBB_2014J,ukzn_ISTN103_2019,OULAD,UKZN,D3_other_institution,percentile,logistic_regression,1113,0.6082718327183272,0.7151515151515152,-0.4285714285714286,0.2
oulad_BBB_2014J,ukzn_ISTN103_2020,OULAD,UKZN,D3_other_institution,percentile,logistic_regression,1082,0.6315678251877164,0.7161904761904762,-0.14285714285714288,0.2
oulad_BBB_2014J,ukzn_ISTN211_2019,OULAD,UKZN,D3_other_institution,percentile,logistic_regression,280,0.6632385561605162,0.6161879895561357,-0.04761904761904762,0.5
oulad_BBB_2014J,ukzn_ISTN211_2021,OULAD,UKZN,D3_other_institution,percentile,logistic_regression,327,0.6747628083491461,0.6791666666666667,-0.4285714285714286,0.2
oulad_BBB_2014J,ukzn_ISTN212_2018,OULAD,UKZN,D3_other_institution,percentile,logistic_regression,238,0.6754334582942831,0.7544910179640718,-0.5238095238095238,0.2
oulad_BBB_2014J,ukzn_ISTN212_2019,OULAD,UKZN,D3_other_institution,percentile,logistic_regression,264,0.6365293865293865,0.6954177897574124,-0.4285714285714286,0.2
oulad_BBB_2014J,ukzn_ISTN2IP_2018,OULAD,UKZN,D3_other_institution,percentile,logistic_regression,99,0.594054054054054,0.624,-0.5238095238095238,0.2
oulad_BBB_2014J,ukzn_ISTN2IP_2019,OULAD,UKZN,D3_other_institution,percentile,logistic_regression,116,0.5389610389610389,0.5223880597014925,-0.04761904761904762,0.5
oulad_BBB_2014J,ukzn_ISTN3ND_2018,OULAD,UKZN,D3_other_institution,percentile,logistic_regression,144,0.5033272837265578,0.562874251497006,-0.23809523809523814,0.2
oulad_BBB_2014J,ukzn_ISTN3ND_2019,OULAD,UKZN,D3_other_institution,percentile,logistic_regression,223,0.7102590147282885,0.7417218543046358,0.33333333333333337,0.2
oulad_BBB_2014J,ukzn_ISTN3SA_2018,OULAD,UKZN,D3_other_institution,percentile,logistic_regression,141,0.4783783783783784,0.6187845303867403,-0.5238095238095238,0.2
oulad_BBB_2014J,ukzn_ISTN3SA_2019,OULAD,UKZN,D3_other_institution,percentile,logistic_regression,195,0.6122352941176471,0.6861313868613139,-0.4285714285714286,0.2
oulad_DDD_2013B,oulad_BBB_2013B,OULAD,OULAD,D2_other_module,percentile,logistic_regression,1767,0.8639192757450019,0.7598039215686274,0.14285714285714288,0.5
oulad_DDD_2013B,oulad_BBB_2013J,OULAD,OULAD,D2_other_module,percentile,logistic_regression,2237,0.8651511754532061,0.7373179306880965,0.6190476190476191,0.5
oulad_DDD_2013B,oulad_BBB_2014B,OULAD,OULAD,D2_other_module,percentile,logistic_regression,1613,0.8628124796234253,0.7203994293865906,0.23809523809523814,0.5
oulad_DDD_2013B,oulad_BBB_2014J,OULAD,OULAD,D2_other_module,percentile,logistic_regression,2292,0.8652575992933722,0.7570776255707763,0.7142857142857143,0.5
oulad_DDD_2013B,oulad_DDD_2013B,OULAD,OULAD,D0_within_cohort,percentile,logistic_regression,1303,0.8426872388299581,0.7029520295202952,1.0,1.0
oulad_DDD_2013B,oulad_DDD_2013J,OULAD,OULAD,D1_same_module,percentile,logistic_regression,1938,0.8659656000200138,0.7592592592592593,0.6190476190476191,0.5
oulad_DDD_2013B,oulad_DDD_2014B,OULAD,OULAD,D1_same_module,percentile,logistic_regression,1228,0.8682557954795678,0.7602674307545367,0.7142857142857143,0.5
oulad_DDD_2013B,oulad_DDD_2014J,OULAD,OULAD,D1_same_module,percentile,logistic_regression,1803,0.8561155571541328,0.7453115547489413,0.7142857142857143,0.5
oulad_DDD_2013B,oulad_FFF_2013B,OULAD,OULAD,D2_other_module,percentile,logistic_regression,1614,0.8333876401731262,0.7195767195767195,0.23809523809523814,0.5
oulad_DDD_2013B,oulad_FFF_2013J,OULAD,OULAD,D2_other_module,percentile,logistic_regression,2283,0.8699483418661502,0.7747581759557808,0.04761904761904762,0.5
oulad_DDD_2013B,oulad_FFF_2014B,OULAD,OULAD,D2_other_module,percentile,logistic_regression,1500,0.8670664613471563,0.7659574468085106,0.33333333333333337,0.5
oulad_DDD_2013B,oulad_FFF_2014J,OULAD,OULAD,D2_other_module,percentile,logistic_regression,2365,0.8955101663108601,0.8077268643306379,0.23809523809523814,0.5
oulad_DDD_2013B,ku_Accountancy_1819,OULAD,KU Leuven,D3_other_institution,percentile,logistic_regression,756,0.5929064657878218,0.1848184818481848,-0.14285714285714288,0.2
oulad_DDD_2013B,ku_Globaleconom_1819,OULAD,KU Leuven,D3_other_institution,percentile,logistic_regression,743,0.6062642620537357,0.5656292286874154,-0.14285714285714288,0.0
oulad_DDD_2013B,ukzn_ISTN101_2019,OULAD,UKZN,D3_other_institution,percentile,logistic_regression,1056,0.6563497207818109,0.3567467652495379,0.5238095238095238,0.5
oulad_DDD_2013B,ukzn_ISTN101_2020,OULAD,UKZN,D3_other_institution,percentile,logistic_regression,978,0.726741503921267,0.558641975308642,0.14285714285714288,0.5
oulad_DDD_2013B,ukzn_ISTN101_2021,OULAD,UKZN,D3_other_institution,percentile,logistic_regression,741,0.7121084421969377,0.2198952879581152,-0.4285714285714286,0.2
oulad_DDD_2013B,ukzn_ISTN102_2018,OULAD,UKZN,D3_other_institution,percentile,logistic_regression,257,0.6524276377217554,0.5109489051094891,0.4285714285714286,0.5
oulad_DDD_2013B,ukzn_ISTN103_2019,OULAD,UKZN,D3_other_institution,percentile,logistic_regression,1113,0.6430811808118081,0.5493775933609959,-0.14285714285714288,0.2
oulad_DDD_2013B,ukzn_ISTN103_2020,OULAD,UKZN,D3_other_institution,percentile,logistic_regression,1082,0.6436626050986916,0.6199722607489597,0.23809523809523814,0.5
oulad_DDD_2013B,ukzn_ISTN211_2019,OULAD,UKZN,D3_other_institution,percentile,logistic_regression,280,0.7293809235733011,0.2591362126245847,0.04761904761904762,0.2
oulad_DDD_2013B,ukzn_ISTN211_2021,OULAD,UKZN,D3_other_institution,percentile,logistic_regression,327,0.7905123339658444,0.41025641025641024,-0.14285714285714288,0.2
oulad_DDD_2013B,ukzn_ISTN212_2018,OULAD,UKZN,D3_other_institution,percentile,logistic_regression,238,0.7675140581068416,0.4883720930232558,0.23809523809523814,0.5
oulad_DDD_2013B,ukzn_ISTN212_2019,OULAD,UKZN,D3_other_institution,percentile,logistic_regression,264,0.7254397254397255,0.45674740484429066,-0.14285714285714288,0.2
oulad_DDD_2013B,ukzn_ISTN2IP_2018,OULAD,UKZN,D3_other_institution,percentile,logistic_regression,99,0.6232432432432433,0.5892857142857143,-0.5238095238095238,0.0
oulad_DDD_2013B,ukzn_ISTN2IP_2019,OULAD,UKZN,D3_other_institution,percentile,logistic_regression,116,0.6700487012987013,0.32075471698113206,0.5238095238095238,0.5
oulad_DDD_2013B,ukzn_ISTN3ND_2018,OULAD,UKZN,D3_other_institution,percentile,logistic_regression,144,0.5287356321839081,0.46616541353383456,0.23809523809523814,0.5
oulad_DDD_2013B,ukzn_ISTN3ND_2019,OULAD,UKZN,D3_other_institution,percentile,logistic_regression,223,0.670264093448451,0.35135135135135137,-0.7142857142857143,0.0
oulad_DDD_2013B,ukzn_ISTN3SA_2018,OULAD,UKZN,D3_other_institution,percentile,logistic_regression,141,0.6222222222222222,0.4166666666666667,-0.23809523809523814,0.2
oulad_DDD_2013B,ukzn_ISTN3SA_2019,OULAD,UKZN,D3_other_institution,percentile,logistic_regression,195,0.5889411764705882,0.4,0.04761904761904762,0.2
oulad_DDD_2013J,oulad_BBB_2013B,OULAD,OULAD,D2_other_module,percentile,logistic_regression,1767,0.8621907990264723,0.7615571776155717,0.33333333333333337,0.5
oulad_DDD_2013J,oulad_BBB_2013J,OULAD,OULAD,D2_other_module,percentile,logistic_regression,2237,0.8646571327909808,0.7465208747514911,0.4285714285714286,0.5
oulad_DDD_2013J,oulad_BBB_2014B,OULAD,OULAD,D2_other_module,percentile,logistic_regression,1613,0.8625904719913308,0.7323943661971831,0.23809523809523814,0.5
oulad_DDD_2013J,oulad_BBB_2014J,OULAD,OULAD,D2_other_module,percentile,logistic_regression,2292,0.8650961714181286,0.7624259005927952,0.6190476190476191,0.5
oulad_DDD_2013J,oulad_DDD_2013B,OULAD,OULAD,D1_same_module,percentile,logistic_regression,1303,0.8463739089582869,0.7200704225352113,0.5238095238095238,0.5
oulad_DDD_2013J,oulad_DDD_2013J,OULAD,OULAD,D0_within_cohort,percentile,logistic_regression,1938,0.8642279800861685,0.7636566332218506,1.0,1.0
oulad_DDD_2013J,oulad_DDD_2014B,OULAD,OULAD,D1_same_module,percentile,logistic_regression,1228,0.8678126158468773,0.7604562737642585,0.8095238095238096,1.0
oulad_DDD_2013J,oulad_DDD_2014J,OULAD,OULAD,D1_same_module,percentile,logistic_regression,1803,0.8567849613843679,0.7488038277511961,0.7142857142857143,1.0
oulad_DDD_2013J,oulad_FFF_2013B,OULAD,OULAD,D2_other_module,percentile,logistic_regression,1614,0.8319090596104664,0.7401273885350318,-0.14285714285714288,0.2
oulad_DDD_2013J,oulad_FFF_2013J,OULAD,OULAD,D2_other_module,percentile,logistic_regression,2283,0.8711529296004181,0.7801094890510949,0.33333333333333337,0.5
oulad_DDD_2013J,oulad_FFF_2014B,OULAD,OULAD,D2_other_module,percentile,logistic_regression,1500,0.865913346491133,0.7620416966211359,-0.04761904761904762,0.5
oulad_DDD_2013J,oulad_FFF_2014J,OULAD,OULAD,D2_other_module,percentile,logistic_regression,2365,0.8962619510823407,0.8046387154326494,0.04761904761904762,0.5
oulad_DDD_2013J,ku_Accountancy_1819,OULAD,KU Leuven,D3_other_institution,percentile,logistic_regression,756,0.5893910860012556,0.384180790960452,-0.04761904761904762,0.2
oulad_DDD_2013J,ku_Globaleconom_1819,OULAD,KU Leuven,D3_other_institution,percentile,logistic_regression,743,0.6035701140964298,0.5814863102998696,0.04761904761904762,0.2
oulad_DDD_2013J,ukzn_ISTN101_2019,OULAD,UKZN,D3_other_institution,percentile,logistic_regression,1056,0.6468139210211409,0.45586975149957154,0.33333333333333337,0.5
oulad_DDD_2013J,ukzn_ISTN101_2020,OULAD,UKZN,D3_other_institution,percentile,logistic_regression,978,0.7194261988972123,0.5807429871114481,0.14285714285714288,0.2
oulad_DDD_2013J,ukzn_ISTN101_2021,OULAD,UKZN,D3_other_institution,percentile,logistic_regression,741,0.6890012642225031,0.43735763097949887,-0.4285714285714286,0.2
oulad_DDD_2013J,ukzn_ISTN102_2018,OULAD,UKZN,D3_other_institution,percentile,logistic_regression,257,0.6510270774976658,0.5390070921985816,0.23809523809523814,0.5
oulad_DDD_2013J,ukzn_ISTN103_2019,OULAD,UKZN,D3_other_institution,percentile,logistic_regression,1113,0.6418183681836818,0.5872,-0.14285714285714288,0.0
oulad_DDD_2013J,ukzn_ISTN103_2020,OULAD,UKZN,D3_other_institution,percentile,logistic_regression,1082,0.632125354075806,0.6257753273604411,0.33333333333333337,0.5
oulad_DDD_2013J,ukzn_ISTN211_2019,OULAD,UKZN,D3_other_institution,percentile,logistic_regression,280,0.7017543859649124,0.4121212121212121,0.33333333333333337,0.5
oulad_DDD_2013J,ukzn_ISTN211_2021,OULAD,UKZN,D3_other_institution,percentile,logistic_regression,327,0.7920303605313094,0.5167464114832536,-0.5238095238095238,0.0
oulad_DDD_2013J,ukzn_ISTN212_2018,OULAD,UKZN,D3_other_institution,percentile,logistic_regression,238,0.7529873477038426,0.5567765567765568,0.33333333333333337,0.5
oulad_DDD_2013J,ukzn_ISTN212_2019,OULAD,UKZN,D3_other_institution,percentile,logistic_regression,264,0.7063492063492065,0.5290322580645161,-0.23809523809523814,0.2
oulad_DDD_2013J,ukzn_ISTN2IP_2018,OULAD,UKZN,D3_other_institution,percentile,logistic_regression,99,0.6275675675675676,0.584070796460177,-0.5238095238095238,0.0
oulad_DDD_2013J,ukzn_ISTN2IP_2019,OULAD,UKZN,D3_other_institution,percentile,logistic_regression,116,0.6416396103896104,0.375,0.4285714285714286,0.5
oulad_DDD_2013J,ukzn_ISTN3ND_2018,OULAD,UKZN,D3_other_institution,percentile,logistic_regression,144,0.5182496471062714,0.4788732394366197,0.04761904761904762,0.5
oulad_DDD_2013J,ukzn_ISTN3ND_2019,OULAD,UKZN,D3_other_institution,percentile,logistic_regression,223,0.6646775012696801,0.5615384615384615,-0.5238095238095238,0.0
oulad_DDD_2013J,ukzn_ISTN3SA_2018,OULAD,UKZN,D3_other_institution,percentile,logistic_regression,141,0.584984984984985,0.5,-0.23809523809523814,0.2
oulad_DDD_2013J,ukzn_ISTN3SA_2019,OULAD,UKZN,D3_other_institution,percentile,logistic_regression,195,0.5644705882352941,0.4765957446808511,-0.04761904761904762,0.2
oulad_DDD_2014B,oulad_BBB_2013B,OULAD,OULAD,D2_other_module,percentile,logistic_regression,1767,0.8484960443978233,0.7340966921119593,0.33333333333333337,0.5
oulad_DDD_2014B,oulad_BBB_2013J,OULAD,OULAD,D2_other_module,percentile,logistic_regression,2237,0.8635921785920184,0.7457962413452027,0.23809523809523814,0.5
oulad_DDD_2014B,oulad_BBB_2014B,OULAD,OULAD,D2_other_module,percentile,logistic_regression,1613,0.8593690325745744,0.7336612789880534,0.23809523809523814,0.5
oulad_DDD_2014B,oulad_BBB_2014J,OULAD,OULAD,D2_other_module,percentile,logistic_regression,2292,0.861608720151072,0.7269285376242309,0.6190476190476191,0.5
oulad_DDD_2014B,oulad_DDD_2013B,OULAD,OULAD,D1_same_module,percentile,logistic_regression,1303,0.8226911950152066,0.7121495327102804,0.5238095238095238,0.5
oulad_DDD_2014B,oulad_DDD_2013J,OULAD,OULAD,D1_same_module,percentile,logistic_regression,1938,0.8483038762792854,0.7066831683168316,0.9047619047619049,1.0
oulad_DDD_2014B,oulad_DDD_2014B,OULAD,OULAD,D0_within_cohort,percentile,logistic_regression,1228,0.8664217564964838,0.742393509127789,1.0,1.0
oulad_DDD_2014B,oulad_DDD_2014J,OULAD,OULAD,D1_same_module,percentile,logistic_regression,1803,0.8443422853660242,0.7376330619912336,0.7142857142857143,1.0
oulad_DDD_2014B,oulad_FFF_2013B,OULAD,OULAD,D2_other_module,percentile,logistic_regression,1614,0.7885107220145584,0.6913746630727763,0.14285714285714288,0.2
oulad_DDD_2014B,oulad_FFF_2013J,OULAD,OULAD,D2_other_module,percentile,logistic_regression,2283,0.8548813861599249,0.7413127413127413,0.33333333333333337,0.5
oulad_DDD_2014B,oulad_FFF_2014B,OULAD,OULAD,D2_other_module,percentile,logistic_regression,1500,0.8491479963273835,0.7276958882854926,0.4285714285714286,0.5
oulad_DDD_2014B,oulad_FFF_2014J,OULAD,OULAD,D2_other_module,percentile,logistic_regression,2365,0.8889621783394164,0.7795823665893271,0.33333333333333337,0.5
oulad_DDD_2014B,ku_Accountancy_1819,OULAD,KU Leuven,D3_other_institution,percentile,logistic_regression,756,0.5465704122201297,0.34433285509325684,-0.14285714285714288,0.2
oulad_DDD_2014B,ku_Globaleconom_1819,OULAD,KU Leuven,D3_other_institution,percentile,logistic_regression,743,0.573456017666544,0.44879518072289154,-0.33333333333333337,0.2
oulad_DDD_2014B,ukzn_ISTN101_2019,OULAD,UKZN,D3_other_institution,percentile,logistic_regression,1056,0.6523172616673315,0.4245614035087719,0.33333333333333337,0.5
oulad_DDD_2014B,ukzn_ISTN101_2020,OULAD,UKZN,D3_other_institution,percentile,logistic_regression,978,0.7180641901539948,0.5541795665634675,-0.04761904761904762,0.2
oulad_DDD_2014B,ukzn_ISTN101_2021,OULAD,UKZN,D3_other_institution,percentile,logistic_regression,741,0.6221613522498478,0.31746031746031744,-0.04761904761904762,0.2
oulad_DDD_2014B,ukzn_ISTN102_2018,OULAD,UKZN,D3_other_institution,percentile,logistic_regression,257,0.6440242763772175,0.5182481751824818,0.4285714285714286,0.5
oulad_DDD_2014B,ukzn_ISTN103_2019,OULAD,UKZN,D3_other_institution,percentile,logistic_regression,1113,0.6209737597375974,0.49004329004329006,-0.33333333333333337,0.2
oulad_DDD_2014B,ukzn_ISTN103_2020,OULAD,UKZN,D3_other_institution,percentile,logistic_regression,1082,0.6503349669529248,0.5784172661870504,0.04761904761904762,0.2
oulad_DDD_2014B,ukzn_ISTN211_2019,OULAD,UKZN,D3_other_institution,percentile,logistic_regression,280,0.7001411574914297,0.4024390243902439,0.04761904761904762,0.5
oulad_DDD_2014B,ukzn_ISTN211_2021,OULAD,UKZN,D3_other_institution,percentile,logistic_regression,327,0.7064516129032258,0.4691358024691358,-0.33333333333333337,0.0
oulad_DDD_2014B,ukzn_ISTN212_2018,OULAD,UKZN,D3_other_institution,percentile,logistic_regression,238,0.7099929709465791,0.4392156862745098,-0.33333333333333337,0.2
oulad_DDD_2014B,ukzn_ISTN212_2019,OULAD,UKZN,D3_other_institution,percentile,logistic_regression,264,0.6882239382239382,0.47651006711409394,-0.33333333333333337,0.2
oulad_DDD_2014B,ukzn_ISTN2IP_2018,OULAD,UKZN,D3_other_institution,percentile,logistic_regression,99,0.6091891891891892,0.5192307692307693,-0.8095238095238096,0.0
oulad_DDD_2014B,ukzn_ISTN2IP_2019,OULAD,UKZN,D3_other_institution,percentile,logistic_regression,116,0.5945616883116883,0.3392857142857143,0.4285714285714286,0.5
oulad_DDD_2014B,ukzn_ISTN3ND_2018,OULAD,UKZN,D3_other_institution,percentile,logistic_regression,144,0.544464609800363,0.4580152671755725,-0.4285714285714286,0.2
oulad_DDD_2014B,ukzn_ISTN3ND_2019,OULAD,UKZN,D3_other_institution,percentile,logistic_regression,223,0.718638902996445,0.5220883534136547,-0.04761904761904762,0.0
oulad_DDD_2014B,ukzn_ISTN3SA_2018,OULAD,UKZN,D3_other_institution,percentile,logistic_regression,141,0.545945945945946,0.3724137931034483,-0.14285714285714288,0.2
oulad_DDD_2014B,ukzn_ISTN3SA_2019,OULAD,UKZN,D3_other_institution,percentile,logistic_regression,195,0.6105882352941177,0.39631336405529954,-0.5238095238095238,0.2
oulad_DDD_2014J,oulad_BBB_2013B,OULAD,OULAD,D2_other_module,percentile,logistic_regression,1767,0.8533946869364364,0.761501210653753,0.33333333333333337,0.5
oulad_DDD_2014J,oulad_BBB_2013J,OULAD,OULAD,D2_other_module,percentile,logistic_regression,2237,0.8612837102043431,0.7590822179732314,0.4285714285714286,0.5
oulad_DDD_2014J,oulad_BBB_2014B,OULAD,OULAD,D2_other_module,percentile,logistic_regression,1613,0.8596764277574745,0.7560975609756098,0.23809523809523814,0.5
oulad_DDD_2014J,oulad_BBB_2014J,OULAD,OULAD,D2_other_module,percentile,logistic_regression,2292,0.8626519097222222,0.7645204862674471,0.5238095238095238,0.5
oulad_DDD_2014J,oulad_DDD_2013B,OULAD,OULAD,D1_same_module,percentile,logistic_regression,1303,0.8415152189501274,0.7157894736842105,0.6190476190476191,1.0
oulad_DDD_2014J,oulad_DDD_2013J,OULAD,OULAD,D1_same_module,percentile,logistic_regression,1938,0.8631951975339394,0.7593523171412618,0.6190476190476191,1.0
oulad_DDD_2014J,oulad_DDD_2014B,OULAD,OULAD,D1_same_module,percentile,logistic_regression,1228,0.8691728149711097,0.7504798464491362,0.5238095238095238,0.5
oulad_DDD_2014J,oulad_DDD_2014J,OULAD,OULAD,D0_within_cohort,percentile,logistic_regression,1803,0.8523364205856787,0.7513481126423007,1.0,1.0
oulad_DDD_2014J,oulad_FFF_2013B,OULAD,OULAD,D2_other_module,percentile,logistic_regression,1614,0.8293161641747,0.7466835123183828,0.14285714285714288,0.5
oulad_DDD_2014J,oulad_FFF_2013J,OULAD,OULAD,D2_other_module,percentile,logistic_regression,2283,0.8690635425795245,0.7777777777777778,0.14285714285714288,0.5
oulad_DDD_2014J,oulad_FFF_2014B,OULAD,OULAD,D2_other_module,percentile,logistic_regression,1500,0.8670357357161964,0.7659883720930233,0.4285714285714286,0.5
oulad_DDD_2014J,oulad_FFF_2014J,OULAD,OULAD,D2_other_module,percentile,logistic_regression,2365,0.8991758344237083,0.8156028368794326,0.4285714285714286,0.5
oulad_DDD_2014J,ku_Accountancy_1819,OULAD,KU Leuven,D3_other_institution,percentile,logistic_regression,756,0.622435655994978,0.5868544600938967,0.23809523809523814,0.2
oulad_DDD_2014J,ku_Globaleconom_1819,OULAD,KU Leuven,D3_other_institution,percentile,logistic_regression,743,0.6129407434670593,0.5876288659793815,-0.23809523809523814,0.0
oulad_DDD_2014J,ukzn_ISTN101_2019,OULAD,UKZN,D3_other_institution,percentile,logistic_regression,1056,0.6687337953729557,0.5792349726775956,0.6190476190476191,0.5
oulad_DDD_2014J,ukzn_ISTN101_2020,OULAD,UKZN,D3_other_institution,percentile,logistic_regression,978,0.7245886513916654,0.6050670640834576,0.14285714285714288,0.5
oulad_DDD_2014J,ukzn_ISTN101_2021,OULAD,UKZN,D3_other_institution,percentile,logistic_regression,741,0.7460551575595823,0.5615141955835962,0.14285714285714288,0.2
oulad_DDD_2014J,ukzn_ISTN102_2018,OULAD,UKZN,D3_other_institution,percentile,logistic_regression,257,0.6597416744475568,0.6086956521739131,0.23809523809523814,0.5
oulad_DDD_2014J,ukzn_ISTN103_2019,OULAD,UKZN,D3_other_institution,percentile,logistic_regression,1113,0.657890528905289,0.61875,-0.23809523809523814,0.2
oulad_DDD_2014J,ukzn_ISTN103_2020,OULAD,UKZN,D3_other_institution,percentile,logistic_regression,1082,0.66108088665078,0.6298342541436464,0.14285714285714288,0.5
oulad_DDD_2014J,ukzn_ISTN211_2019,OULAD,UKZN,D3_other_institution,percentile,logistic_regression,280,0.7481347045775357,0.5028571428571429,0.14285714285714288,0.5
oulad_DDD_2014J,ukzn_ISTN211_2021,OULAD,UKZN,D3_other_institution,percentile,logistic_regression,327,0.7908918406072105,0.6036036036036037,-0.14285714285714288,0.2
oulad_DDD_2014J,ukzn_ISTN212_2018,OULAD,UKZN,D3_other_institution,percentile,logistic_regression,238,0.759782099343955,0.6530612244897959,-0.04761904761904762,0.5
oulad_DDD_2014J,ukzn_ISTN212_2019,OULAD,UKZN,D3_other_institution,percentile,logistic_regression,264,0.747962247962248,0.6426426426426426,-0.14285714285714288,0.2
oulad_DDD_2014J,ukzn_ISTN2IP_2018,OULAD,UKZN,D3_other_institution,percentile,logistic_regression,99,0.658918918918919,0.5925925925925926,-0.7142857142857143,0.0
oulad_DDD_2014J,ukzn_ISTN2IP_2019,OULAD,UKZN,D3_other_institution,percentile,logistic_regression,116,0.6781655844155844,0.4918032786885246,0.4285714285714286,1.0
oulad_DDD_2014J,ukzn_ISTN3ND_2018,OULAD,UKZN,D3_other_institution,percentile,logistic_regression,144,0.5424480742085097,0.5306122448979592,-0.04761904761904762,0.2
oulad_DDD_2014J,ukzn_ISTN3ND_2019,OULAD,UKZN,D3_other_institution,percentile,logistic_regression,223,0.7378110716099542,0.6642599277978339,-0.33333333333333337,0.0
oulad_DDD_2014J,ukzn_ISTN3SA_2018,OULAD,UKZN,D3_other_institution,percentile,logistic_regression,141,0.5864864864864865,0.5432098765432098,-0.4285714285714286,0.2
oulad_DDD_2014J,ukzn_ISTN3SA_2019,OULAD,UKZN,D3_other_institution,percentile,logistic_regression,195,0.5905882352941176,0.5551020408163265,-0.23809523809523814,0.2
oulad_FFF_2013B,oulad_BBB_2013B,OULAD,OULAD,D2_other_module,percentile,logistic_regression,1767,0.8580646744831364,0.7680563711098062,-0.33333333333333337,0.2
oulad_FFF_2013B,oulad_BBB_2013J,OULAD,OULAD,D2_other_module,percentile,logistic_regression,2237,0.8588271090897444,0.7623106060606061,0.4285714285714286,0.5
oulad_FFF_2013B,oulad_BBB_2014B,OULAD,OULAD,D2_other_module,percentile,logistic_regression,1613,0.8575153464716312,0.7551701134089392,0.23809523809523814,0.5
oulad_FFF_2013B,oulad_BBB_2014J,OULAD,OULAD,D2_other_module,percentile,logistic_regression,2292,0.8556016234161794,0.785870039249891,0.5238095238095238,0.5
oulad_FFF_2013B,oulad_DDD_2013B,OULAD,OULAD,D2_other_module,percentile,logistic_regression,1303,0.8357911134188859,0.740501212611156,0.33333333333333337,0.5
oulad_FFF_2013B,oulad_DDD_2013J,OULAD,OULAD,D2_other_module,percentile,logistic_regression,1938,0.8576641819698683,0.7767393561786086,0.23809523809523814,0.2
oulad_FFF_2013B,oulad_DDD_2014B,OULAD,OULAD,D2_other_module,percentile,logistic_regression,1228,0.8577281887332031,0.75,0.14285714285714288,0.2
oulad_FFF_2013B,oulad_DDD_2014J,OULAD,OULAD,D2_other_module,percentile,logistic_regression,1803,0.8515171497367343,0.7584624211130235,0.23809523809523814,0.2
oulad_FFF_2013B,oulad_FFF_2013B,OULAD,OULAD,D0_within_cohort,percentile,logistic_regression,1614,0.8415859236671257,0.7683073229291717,1.0,1.0
oulad_FFF_2013B,oulad_FFF_2013J,OULAD,OULAD,D1_same_module,percentile,logistic_regression,2283,0.87487354519318,0.7920353982300885,0.14285714285714288,0.5
oulad_FFF_2013B,oulad_FFF_2014B,OULAD,OULAD,D1_same_module,percentile,logistic_regression,1500,0.8720132879316953,0.7738343771746694,0.4285714285714286,0.5
oulad_FFF_2013B,oulad_FFF_2014J,OULAD,OULAD,D1_same_module,percentile,logistic_regression,2365,0.9028623057411106,0.8207343412526998,0.23809523809523814,0.5
oulad_FFF_2013B,ku_Accountancy_1819,OULAD,KU Leuven,D3_other_institution,percentile,logistic_regression,756,0.6497719188114668,0.6651982378854625,-0.04761904761904762,0.5
oulad_FFF_2013B,ku_Globaleconom_1819,OULAD,KU Leuven,D3_other_institution,percentile,logistic_regression,743,0.6243724696356275,0.6313193588162762,0.4285714285714286,0.2
oulad_FFF_2013B,ukzn_ISTN101_2019,OULAD,UKZN,D3_other_institution,percentile,logistic_regression,1056,0.6546544674910252,0.6637931034482759,0.6190476190476191,1.0
oulad_FFF_2013B,ukzn_ISTN101_2020,OULAD,UKZN,D3_other_institution,percentile,logistic_regression,978,0.7259506601348829,0.6315018315018315,-0.04761904761904762,0.2
oulad_FFF_2013B,ukzn_ISTN101_2021,OULAD,UKZN,D3_other_institution,percentile,logistic_regression,741,0.8220489769162335,0.6718446601941748,0.5238095238095238,1.0
oulad_FFF_2013B,ukzn_ISTN102_2018,OULAD,UKZN,D3_other_institution,percentile,logistic_regression,257,0.6610644257703081,0.6809815950920245,0.33333333333333337,0.5
oulad_FFF_2013B,ukzn_ISTN103_2019,OULAD,UKZN,D3_other_institution,percentile,logistic_regression,1113,0.666049610496105,0.6817188638018936,0.04761904761904762,0.5
oulad_FFF_2013B,ukzn_ISTN103_2020,OULAD,UKZN,D3_other_institution,percentile,logistic_regression,1082,0.6735983094285329,0.6576819407008087,0.4285714285714286,0.5
oulad_FFF_2013B,ukzn_ISTN211_2019,OULAD,UKZN,D3_other_institution,percentile,logistic_regression,280,0.7499495866102036,0.6194225721784777,0.14285714285714288,0.2
oulad_FFF_2013B,ukzn_ISTN211_2021,OULAD,UKZN,D3_other_institution,percentile,logistic_regression,327,0.8187855787476281,0.698744769874477,0.33333333333333337,0.5
oulad_FFF_2013B,ukzn_ISTN212_2018,OULAD,UKZN,D3_other_institution,percentile,logistic_regression,238,0.7736059044048734,0.7100977198697068,-0.04761904761904762,0.2
oulad_FFF_2013B,ukzn_ISTN212_2019,OULAD,UKZN,D3_other_institution,percentile,logistic_regression,264,0.7338052338052338,0.7062146892655368,0.14285714285714288,0.5
oulad_FFF_2013B,ukzn_ISTN2IP_2018,OULAD,UKZN,D3_other_institution,percentile,logistic_regression,99,0.6978378378378378,0.6324786324786325,-0.04761904761904762,0.2
oulad_FFF_2013B,ukzn_ISTN2IP_2019,OULAD,UKZN,D3_other_institution,percentile,logistic_regression,116,0.7512175324675324,0.6853146853146853,-0.23809523809523814,0.2
oulad_FFF_2013B,ukzn_ISTN3ND_2018,OULAD,UKZN,D3_other_institution,percentile,logistic_regression,144,0.5428513813268805,0.5512820512820513,0.14285714285714288,0.5
oulad_FFF_2013B,ukzn_ISTN3ND_2019,OULAD,UKZN,D3_other_institution,percentile,logistic_regression,223,0.7088623666835957,0.7054794520547946,0.04761904761904762,0.2
oulad_FFF_2013B,ukzn_ISTN3SA_2018,OULAD,UKZN,D3_other_institution,percentile,logistic_regression,141,0.6624624624624623,0.6815642458100558,0.23809523809523814,0.5
oulad_FFF_2013B,ukzn_ISTN3SA_2019,OULAD,UKZN,D3_other_institution,percentile,logistic_regression,195,0.6317647058823529,0.6201550387596899,0.6190476190476191,0.5
oulad_FFF_2013J,oulad_BBB_2013B,OULAD,OULAD,D2_other_module,percentile,logistic_regression,1767,0.8560662040170935,0.7740046838407494,0.33333333333333337,0.5
oulad_FFF_2013J,oulad_BBB_2013J,OULAD,OULAD,D2_other_module,percentile,logistic_regression,2237,0.864398501056947,0.7757575757575758,0.5238095238095238,1.0
oulad_FFF_2013J,oulad_BBB_2014B,OULAD,OULAD,D2_other_module,percentile,logistic_regression,1613,0.8630810622832321,0.7608409986859396,0.5238095238095238,1.0
oulad_FFF_2013J,oulad_BBB_2014J,OULAD,OULAD,D2_other_module,percentile,logistic_regression,2292,0.8644337079678363,0.7960155911650065,0.33333333333333337,1.0
oulad_FFF_2013J,oulad_DDD_2013B,OULAD,OULAD,D2_other_module,percentile,logistic_regression,1303,0.8410973468832679,0.7379591836734694,0.04761904761904762,0.5
oulad_FFF_2013J,oulad_DDD_2013J,OULAD,OULAD,D2_other_module,percentile,logistic_regression,1938,0.8630815316290336,0.7779511180447218,0.33333333333333337,0.5
oulad_FFF_2013J,oulad_DDD_2014B,OULAD,OULAD,D2_other_module,percentile,logistic_regression,1228,0.8652204330896309,0.7562557924003707,0.14285714285714288,0.5
oulad_FFF_2013J,oulad_DDD_2014J,OULAD,OULAD,D2_other_module,percentile,logistic_regression,1803,0.8559444594311063,0.760644418872267,0.23809523809523814,0.5
oulad_FFF_2013J,oulad_FFF_2013B,OULAD,OULAD,D1_same_module,percentile,logistic_regression,1614,0.8397307815266575,0.7747318235995232,0.33333333333333337,0.5
oulad_FFF_2013J,oulad_FFF_2013J,OULAD,OULAD,D0_within_cohort,percentile,logistic_regression,2283,0.87283489383946,0.7943884261288908,1.0,1.0
oulad_FFF_2013J,oulad_FFF_2014B,OULAD,OULAD,D1_same_module,percentile,logistic_regression,1500,0.8724795945662625,0.7762430939226519,0.7142857142857143,1.0
oulad_FFF_2013J,oulad_FFF_2014J,OULAD,OULAD,D1_same_module,percentile,logistic_regression,2365,0.9031535506048711,0.8250428816466552,0.7142857142857143,1.0
oulad_FFF_2013J,ku_Accountancy_1819,OULAD,KU Leuven,D3_other_institution,percentile,logistic_regression,756,0.6377945176815234,0.6453744493392071,-0.04761904761904762,0.2
oulad_FFF_2013J,ku_Globaleconom_1819,OULAD,KU Leuven,D3_other_institution,percentile,logistic_regression,743,0.6201324990798676,0.631578947368421,0.33333333333333337,0.2
oulad_FFF_2013J,ukzn_ISTN101_2019,OULAD,UKZN,D3_other_institution,percentile,logistic_regression,1056,0.6505908456322298,0.6516690856313497,0.33333333333333337,0.5
oulad_FFF_2013J,ukzn_ISTN101_2020,OULAD,UKZN,D3_other_institution,percentile,logistic_regression,978,0.7073438632718966,0.637155297532656,-0.33333333333333337,0.2
oulad_FFF_2013J,ukzn_ISTN101_2021,OULAD,UKZN,D3_other_institution,percentile,logistic_regression,741,0.8115840239734045,0.655511811023622,-0.23809523809523814,0.2
oulad_FFF_2013J,ukzn_ISTN102_2018,OULAD,UKZN,D3_other_institution,percentile,logistic_regression,257,0.6531279178338002,0.6851851851851852,-0.23809523809523814,0.2
oulad_FFF_2013J,ukzn_ISTN103_2019,OULAD,UKZN,D3_other_institution,percentile,logistic_regression,1113,0.6589237392373923,0.6896551724137931,-0.23809523809523814,0.2
oulad_FFF_2013J,ukzn_ISTN103_2020,OULAD,UKZN,D3_other_institution,percentile,logistic_regression,1082,0.6662155478620566,0.6622073578595318,-0.14285714285714288,0.2
oulad_FFF_2013J,ukzn_ISTN211_2019,OULAD,UKZN,D3_other_institution,percentile,logistic_regression,280,0.7281710022181892,0.6121372031662269,0.14285714285714288,0.5
oulad_FFF_2013J,ukzn_ISTN211_2021,OULAD,UKZN,D3_other_institution,percentile,logistic_regression,327,0.8132827324478178,0.6877637130801688,-0.04761904761904762,0.2
oulad_FFF_2013J,ukzn_ISTN212_2018,OULAD,UKZN,D3_other_institution,percentile,logistic_regression,238,0.771380037488285,0.735202492211838,-0.5238095238095238,0.2
oulad_FFF_2013J,ukzn_ISTN212_2019,OULAD,UKZN,D3_other_institution,percentile,logistic_regression,264,0.7399184899184899,0.7075208913649025,-0.33333333333333337,0.2
oulad_FFF_2013J,ukzn_ISTN2IP_2018,OULAD,UKZN,D3_other_institution,percentile,logistic_regression,99,0.6735135135135135,0.6324786324786325,-0.23809523809523814,0.2
oulad_FFF_2013J,ukzn_ISTN2IP_2019,OULAD,UKZN,D3_other_institution,percentile,logistic_regression,116,0.7199675324675324,0.6330935251798561,-0.23809523809523814,0.2
oulad_FFF_2013J,ukzn_ISTN3ND_2018,OULAD,UKZN,D3_other_institution,percentile,logistic_regression,144,0.526114135914499,0.5714285714285714,-0.23809523809523814,0.2
oulad_FFF_2013J,ukzn_ISTN3ND_2019,OULAD,UKZN,D3_other_institution,percentile,logistic_regression,223,0.7440325038090402,0.7147766323024055,0.33333333333333337,0.5
oulad_FFF_2013J,ukzn_ISTN3SA_2018,OULAD,UKZN,D3_other_institution,percentile,logistic_regression,141,0.6102102102102103,0.6918918918918919,-0.7142857142857143,0.0
oulad_FFF_2013J,ukzn_ISTN3SA_2019,OULAD,UKZN,D3_other_institution,percentile,logistic_regression,195,0.5992941176470589,0.61003861003861,0.04761904761904762,0.2
oulad_FFF_2014B,oulad_BBB_2013B,OULAD,OULAD,D2_other_module,percentile,logistic_regression,1767,0.8595722472264278,0.7586206896551724,0.14285714285714288,0.5
oulad_FFF_2014B,oulad_BBB_2013J,OULAD,OULAD,D2_other_module,percentile,logistic_regression,2237,0.8637555249503556,0.7555120039196472,0.7142857142857143,1.0
oulad_FFF_2014B,oulad_BBB_2014B,OULAD,OULAD,D2_other_module,percentile,logistic_regression,1613,0.8631664498340376,0.7508626639061422,0.7142857142857143,1.0
oulad_FFF_2014B,oulad_BBB_2014J,OULAD,OULAD,D2_other_module,percentile,logistic_regression,2292,0.8615615101120858,0.7652645861601085,0.4285714285714286,1.0
oulad_FFF_2014B,oulad_DDD_2013B,OULAD,OULAD,D2_other_module,percentile,logistic_regression,1303,0.8445367554335732,0.7180851063829787,0.23809523809523814,0.5
oulad_FFF_2014B,oulad_DDD_2013J,OULAD,OULAD,D2_other_module,percentile,logistic_regression,1938,0.864757151978385,0.7654320987654321,0.14285714285714288,0.5
oulad_FFF_2014B,oulad_DDD_2014B,OULAD,OULAD,D2_other_module,percentile,logistic_regression,1228,0.8661541763408971,0.7533980582524272,0.14285714285714288,0.5
oulad_FFF_2014B,oulad_DDD_2014J,OULAD,OULAD,D2_other_module,percentile,logistic_regression,1803,0.8560356282908212,0.7462144155057541,0.33333333333333337,0.5
oulad_FFF_2014B,oulad_FFF_2013B,OULAD,OULAD,D1_same_module,percentile,logistic_regression,1614,0.8439144575054102,0.7424920127795527,0.6190476190476191,0.5
oulad_FFF_2014B,oulad_FFF_2013J,OULAD,OULAD,D1_same_module,percentile,logistic_regression,2283,0.87504189536153,0.7747329307942405,0.7142857142857143,1.0
oulad_FFF_2014B,oulad_FFF_2014B,OULAD,OULAD,D0_within_cohort,percentile,logistic_regression,1500,0.87125960627815,0.7699115044247787,1.0,1.0
oulad_FFF_2014B,oulad_FFF_2014J,OULAD,OULAD,D1_same_module,percentile,logistic_regression,2365,0.9028199819801207,0.8057944771389769,0.8095238095238096,1.0
oulad_FFF_2014B,ku_Accountancy_1819,OULAD,KU Leuven,D3_other_institution,percentile,logistic_regression,756,0.6378782172002511,0.6189376443418014,0.04761904761904762,0.5
oulad_FFF_2014B,ku_Globaleconom_1819,OULAD,KU Leuven,D3_other_institution,percentile,logistic_regression,743,0.6204416635995583,0.5915492957746479,0.4285714285714286,0.2
oulad_FFF_2014B,ukzn_ISTN101_2019,OULAD,UKZN,D3_other_institution,percentile,logistic_regression,1056,0.6623080374950141,0.6024464831804281,0.33333333333333337,1.0
oulad_FFF_2014B,ukzn_ISTN101_2020,OULAD,UKZN,D3_other_institution,percentile,logistic_regression,978,0.7363854045385646,0.5878787878787879,-0.33333333333333337,0.2
oulad_FFF_2014B,ukzn_ISTN101_2021,OULAD,UKZN,D3_other_institution,percentile,logistic_regression,741,0.8093131057732827,0.601025641025641,0.14285714285714288,0.5
oulad_FFF_2014B,ukzn_ISTN102_2018,OULAD,UKZN,D3_other_institution,percentile,logistic_regression,257,0.6602085278555868,0.6026490066225165,-0.04761904761904762,0.5
oulad_FFF_2014B,ukzn_ISTN103_2019,OULAD,UKZN,D3_other_institution,percentile,logistic_regression,1113,0.6593255432554326,0.6509863429438544,0.04761904761904762,0.5
oulad_FFF_2014B,ukzn_ISTN103_2020,OULAD,UKZN,D3_other_institution,percentile,logistic_regression,1082,0.6767546423272336,0.6193458594293667,0.33333333333333337,0.5
oulad_FFF_2014B,ukzn_ISTN211_2019,OULAD,UKZN,D3_other_institution,percentile,logistic_regression,280,0.7503528937285743,0.5837837837837838,0.33333333333333337,0.5
oulad_FFF_2014B,ukzn_ISTN211_2021,OULAD,UKZN,D3_other_institution,percentile,logistic_regression,327,0.8030360531309297,0.6085011185682326,0.14285714285714288,0.5
oulad_FFF_2014B,ukzn_ISTN212_2018,OULAD,UKZN,D3_other_institution,percentile,logistic_regression,238,0.7813378631677601,0.6733333333333333,-0.14285714285714288,0.5
oulad_FFF_2014B,ukzn_ISTN212_2019,OULAD,UKZN,D3_other_institution,percentile,logistic_regression,264,0.7465679965679967,0.6647058823529411,-0.14285714285714288,0.5
oulad_FFF_2014B,ukzn_ISTN2IP_2018,OULAD,UKZN,D3_other_institution,percentile,logistic_regression,99,0.6718918918918919,0.5740740740740741,-0.23809523809523814,0.2
oulad_FFF_2014B,ukzn_ISTN2IP_2019,OULAD,UKZN,D3_other_institution,percentile,logistic_regression,116,0.7337662337662337,0.6015037593984962,-0.14285714285714288,0.2
oulad_FFF_2014B,ukzn_ISTN3ND_2018,OULAD,UKZN,D3_other_institution,percentile,logistic_regression,144,0.5424480742085098,0.5034013605442177,-0.14285714285714288,0.5
oulad_FFF_2014B,ukzn_ISTN3ND_2019,OULAD,UKZN,D3_other_institution,percentile,logistic_regression,223,0.734763839512443,0.6594982078853047,0.14285714285714288,0.2
oulad_FFF_2014B,ukzn_ISTN3SA_2018,OULAD,UKZN,D3_other_institution,percentile,logistic_regression,141,0.6576576576576577,0.627906976744186,-0.33333333333333337,0.2
oulad_FFF_2014B,ukzn_ISTN3SA_2019,OULAD,UKZN,D3_other_institution,percentile,logistic_regression,195,0.611764705882353,0.5783132530120482,0.33333333333333337,0.5
oulad_FFF_2014J,oulad_BBB_2013B,OULAD,OULAD,D2_other_module,percentile,logistic_regression,1767,0.8524400200492964,0.7738164815897136,0.14285714285714288,0.5
oulad_FFF_2014J,oulad_BBB_2013J,OULAD,OULAD,D2_other_module,percentile,logistic_regression,2237,0.8630492921657805,0.7731481481481481,0.5238095238095238,1.0
oulad_FFF_2014J,oulad_BBB_2014B,OULAD,OULAD,D2_other_module,percentile,logistic_regression,1613,0.8608221734391932,0.7678221059516024,0.5238095238095238,1.0
oulad_FFF_2014J,oulad_BBB_2014J,OULAD,OULAD,D2_other_module,percentile,logistic_regression,2292,0.8603576541179337,0.7848761408083442,0.4285714285714286,1.0
oulad_FFF_2014J,oulad_DDD_2013B,OULAD,OULAD,D2_other_module,percentile,logistic_regression,1303,0.8371337437875528,0.7333333333333333,0.04761904761904762,0.5
oulad_FFF_2014J,oulad_DDD_2013J,OULAD,OULAD,D2_other_module,percentile,logistic_regression,1938,0.8604128302157695,0.7720234917245061,0.33333333333333337,0.5
oulad_FFF_2014J,oulad_DDD_2014B,OULAD,OULAD,D2_other_module,percentile,logistic_regression,1228,0.8665806322138634,0.7544022242817423,0.14285714285714288,0.5
oulad_FFF_2014J,oulad_DDD_2014J,OULAD,OULAD,D2_other_module,percentile,logistic_regression,1803,0.8531357092187953,0.7599768652400232,0.4285714285714286,0.5
oulad_FFF_2014J,oulad_FFF_2013B,OULAD,OULAD,D1_same_module,percentile,logistic_regression,1614,0.8362787108990752,0.7708206686930091,0.23809523809523814,0.5
oulad_FFF_2014J,oulad_FFF_2013J,OULAD,OULAD,D1_same_module,percentile,logistic_regression,2283,0.8720200482757561,0.7957559681697612,0.8095238095238096,1.0
oulad_FFF_2014J,oulad_FFF_2014B,OULAD,OULAD,D1_same_module,percentile,logistic_regression,1500,0.8708854765364623,0.7766032417195208,0.7142857142857143,1.0
oulad_FFF_2014J,oulad_FFF_2014J,OULAD,OULAD,D0_within_cohort,percentile,logistic_regression,2365,0.900542389757363,0.8260120585701981,1.0,1.0
oulad_FFF_2014J,ku_Accountancy_1819,OULAD,KU Leuven,D3_other_institution,percentile,logistic_regression,756,0.6397698263234985,0.6316964285714286,0.14285714285714288,0.2
oulad_FFF_2014J,ku_Globaleconom_1819,OULAD,KU Leuven,D3_other_institution,percentile,logistic_regression,743,0.6168421052631579,0.6167076167076168,0.04761904761904762,0.2
oulad_FFF_2014J,ukzn_ISTN101_2019,OULAD,UKZN,D3_other_institution,percentile,logistic_regression,1056,0.6587305544475468,0.6342899190581309,0.7142857142857143,1.0
oulad_FFF_2014J,ukzn_ISTN101_2020,OULAD,UKZN,D3_other_institution,percentile,logistic_regression,978,0.7095845873333188,0.6251830161054173,-0.33333333333333337,0.2
oulad_FFF_2014J,ukzn_ISTN101_2021,OULAD,UKZN,D3_other_institution,percentile,logistic_regression,741,0.8199653509388023,0.64746772591857,0.04761904761904762,0.2
oulad_FFF_2014J,ukzn_ISTN102_2018,OULAD,UKZN,D3_other_institution,percentile,logistic_regression,257,0.6570961718020542,0.6430868167202572,-0.23809523809523814,0.2
oulad_FFF_2014J,ukzn_ISTN103_2019,OULAD,UKZN,D3_other_institution,percentile,logistic_regression,1113,0.6624538745387454,0.6730205278592375,-0.23809523809523814,0.2
oulad_FFF_2014J,ukzn_ISTN103_2020,OULAD,UKZN,D3_other_institution,percentile,logistic_regression,1082,0.6771593003911694,0.6554054054054054,-0.04761904761904762,0.2
oulad_FFF_2014J,ukzn_ISTN211_2019,OULAD,UKZN,D3_other_institution,percentile,logistic_regression,280,0.753377697116354,0.6230366492146597,0.04761904761904762,0.5
oulad_FFF_2014J,ukzn_ISTN211_2021,OULAD,UKZN,D3_other_institution,percentile,logistic_regression,327,0.7975332068311196,0.6478260869565218,0.04761904761904762,0.2
oulad_FFF_2014J,ukzn_ISTN212_2018,OULAD,UKZN,D3_other_institution,percentile,logistic_regression,238,0.7672797563261482,0.7156549520766773,-0.6190476190476191,0.2
oulad_FFF_2014J,ukzn_ISTN212_2019,OULAD,UKZN,D3_other_institution,percentile,logistic_regression,264,0.7417417417417418,0.6968838526912181,-0.04761904761904762,0.2
oulad_FFF_2014J,ukzn_ISTN2IP_2018,OULAD,UKZN,D3_other_institution,percentile,logistic_regression,99,0.6827027027027026,0.6140350877192983,-0.23809523809523814,0.2
oulad_FFF_2014J,ukzn_ISTN2IP_2019,OULAD,UKZN,D3_other_institution,percentile,logistic_regression,116,0.7228084415584416,0.6015037593984962,-0.04761904761904762,0.0
oulad_FFF_2014J,ukzn_ISTN3ND_2018,OULAD,UKZN,D3_other_institution,percentile,logistic_regression,144,0.5480943738656987,0.5526315789473685,-0.14285714285714288,0.5
oulad_FFF_2014J,ukzn_ISTN3ND_2019,OULAD,UKZN,D3_other_institution,percentile,logistic_regression,223,0.75469781615033,0.7210884353741497,0.5238095238095238,0.5
oulad_FFF_2014J,ukzn_ISTN3SA_2018,OULAD,UKZN,D3_other_institution,percentile,logistic_regression,141,0.6267267267267268,0.6206896551724138,-0.5238095238095238,0.2
oulad_FFF_2014J,ukzn_ISTN3SA_2019,OULAD,UKZN,D3_other_institution,percentile,logistic_regression,195,0.6272941176470588,0.596078431372549,0.14285714285714288,0.5
ku_Accountancy_1819,oulad_BBB_2013B,KU Leuven,OULAD,D3_other_institution,percentile,logistic_regression,1767,0.8013362752747735,0.7337975361542581,-0.4285714285714286,0.2
ku_Accountancy_1819,oulad_BBB_2013J,KU Leuven,OULAD,D3_other_institution,percentile,logistic_regression,2237,0.8094436615207227,0.7534189805221716,-0.7142857142857143,0.0
ku_Accountancy_1819,oulad_BBB_2014B,KU Leuven,OULAD,D3_other_institution,percentile,logistic_regression,1613,0.8170276748814665,0.743124634289058,-0.5238095238095238,0.0
ku_Accountancy_1819,oulad_BBB_2014J,KU Leuven,OULAD,D3_other_institution,percentile,logistic_regression,2292,0.8024789077729045,0.7374749498997996,-0.6190476190476191,0.0
ku_Accountancy_1819,oulad_DDD_2013B,KU Leuven,OULAD,D3_other_institution,percentile,logistic_regression,1303,0.7884331033800658,0.6934362934362934,-0.5238095238095238,0.2
ku_Accountancy_1819,oulad_DDD_2013J,KU Leuven,OULAD,D3_other_institution,percentile,logistic_regression,1938,0.8129244116293817,0.728184553660983,-0.4285714285714286,0.2
ku_Accountancy_1819,oulad_DDD_2014B,KU Leuven,OULAD,D3_other_institution,percentile,logistic_regression,1228,0.8082063488966499,0.7055921052631579,-0.4285714285714286,0.2
ku_Accountancy_1819,oulad_DDD_2014J,KU Leuven,OULAD,D3_other_institution,percentile,logistic_regression,1803,0.8093047188002678,0.7213638785295685,-0.14285714285714288,0.2
ku_Accountancy_1819,oulad_FFF_2013B,KU Leuven,OULAD,D3_other_institution,percentile,logistic_regression,1614,0.7755278010033445,0.7163160886867538,-0.4285714285714286,0.2
ku_Accountancy_1819,oulad_FFF_2013J,KU Leuven,OULAD,D3_other_institution,percentile,logistic_regression,2283,0.8128253616838093,0.7480730223123733,-0.5238095238095238,0.0
ku_Accountancy_1819,oulad_FFF_2014B,KU Leuven,OULAD,D3_other_institution,percentile,logistic_regression,1500,0.7985971038381734,0.7217559715945772,-0.6190476190476191,0.0
ku_Accountancy_1819,oulad_FFF_2014J,KU Leuven,OULAD,D3_other_institution,percentile,logistic_regression,2365,0.8422883955420886,0.7666273120818575,-0.4285714285714286,0.0
ku_Accountancy_1819,ku_Accountancy_1819,KU Leuven,KU Leuven,D0_within_cohort,percentile,logistic_regression,756,0.6458213015275163,0.8152260111022998,1.0,1.0
ku_Accountancy_1819,ku_Globaleconom_1819,KU Leuven,KU Leuven,D2_other_module,percentile,logistic_regression,743,0.6163268310636731,0.7179930795847751,-0.04761904761904762,0.5
ku_Accountancy_1819,ukzn_ISTN101_2019,KU Leuven,UKZN,D3_other_institution,percentile,logistic_regression,1056,0.6366860291184683,0.831858407079646,-0.14285714285714288,0.5
ku_Accountancy_1819,ukzn_ISTN101_2020,KU Leuven,UKZN,D3_other_institution,percentile,logistic_regression,978,0.5566002504338656,0.7454068241469817,0.23809523809523814,0.5
ku_Accountancy_1819,ukzn_ISTN101_2021,KU Leuven,UKZN,D3_other_institution,percentile,logistic_regression,741,0.6477501521749309,0.74822695035461,0.14285714285714288,0.5
ku_Accountancy_1819,ukzn_ISTN102_2018,KU Leuven,UKZN,D3_other_institution,percentile,logistic_regression,257,0.6353096794273264,0.7083333333333334,-0.4285714285714286,0.2
ku_Accountancy_1819,ukzn_ISTN103_2019,KU Leuven,UKZN,D3_other_institution,percentile,logistic_regression,1113,0.6790385403854038,0.8336043360433605,0.6190476190476191,1.0
ku_Accountancy_1819,ukzn_ISTN103_2020,KU Leuven,UKZN,D3_other_institution,percentile,logistic_regression,1082,0.5823614046131019,0.654230512991339,-0.04761904761904762,0.2
ku_Accountancy_1819,ukzn_ISTN211_2019,KU Leuven,UKZN,D3_other_institution,percentile,logistic_regression,280,0.5607985480943739,0.7568807339449541,0.23809523809523814,0.2
ku_Accountancy_1819,ukzn_ISTN211_2021,KU Leuven,UKZN,D3_other_institution,percentile,logistic_regression,327,0.7850094876660342,0.631578947368421,0.04761904761904762,0.5
ku_Accountancy_1819,ukzn_ISTN212_2018,KU Leuven,UKZN,D3_other_institution,percentile,logistic_regression,238,0.5998711340206185,0.7441860465116279,0.23809523809523814,0.2
ku_Accountancy_1819,ukzn_ISTN212_2019,KU Leuven,UKZN,D3_other_institution,percentile,logistic_regression,264,0.6669884169884172,0.6887052341597796,0.14285714285714288,0.2
ku_Accountancy_1819,ukzn_ISTN2IP_2018,KU Leuven,UKZN,D3_other_institution,percentile,logistic_regression,99,0.7070270270270271,0.7518796992481203,0.04761904761904762,0.2
ku_Accountancy_1819,ukzn_ISTN2IP_2019,KU Leuven,UKZN,D3_other_institution,percentile,logistic_regression,116,0.544237012987013,0.6538461538461539,0.14285714285714288,0.2
ku_Accountancy_1819,ukzn_ISTN3ND_2018,KU Leuven,UKZN,D3_other_institution,percentile,logistic_regression,144,0.5128050010082678,0.5847953216374269,0.7142857142857143,0.5
ku_Accountancy_1819,ukzn_ISTN3ND_2019,KU Leuven,UKZN,D3_other_institution,percentile,logistic_regression,223,0.7084814626714068,0.780952380952381,-0.6190476190476191,0.2
ku_Accountancy_1819,ukzn_ISTN3SA_2018,KU Leuven,UKZN,D3_other_institution,percentile,logistic_regression,141,0.47027027027027024,0.6934673366834171,0.33333333333333337,0.5
ku_Accountancy_1819,ukzn_ISTN3SA_2019,KU Leuven,UKZN,D3_other_institution,percentile,logistic_regression,195,0.38635294117647057,0.676056338028169,-0.04761904761904762,0.2
ku_Globaleconom_1819,oulad_BBB_2013B,KU Leuven,OULAD,D3_other_institution,percentile,logistic_regression,1767,0.8077799538039406,0.7345998848589522,-0.14285714285714288,0.2
ku_Globaleconom_1819,oulad_BBB_2013J,KU Leuven,OULAD,D3_other_institution,percentile,logistic_regression,2237,0.8187592082505923,0.7451154529307282,-0.4285714285714286,0.2
ku_Globaleconom_1819,oulad_BBB_2014B,KU Leuven,OULAD,D3_other_institution,percentile,logistic_regression,1613,0.8240325590493727,0.7299177735610373,-0.5238095238095238,0.2
ku_Globaleconom_1819,oulad_BBB_2014J,KU Leuven,OULAD,D3_other_institution,percentile,logistic_regression,2292,0.8112508375974659,0.7347972972972973,-0.23809523809523814,0.2
ku_Globaleconom_1819,oulad_DDD_2013B,KU Leuven,OULAD,D3_other_institution,percentile,logistic_regression,1303,0.7924337957124842,0.6761032472939217,0.04761904761904762,0.2
ku_Globaleconom_1819,oulad_DDD_2013J,KU Leuven,OULAD,D3_other_institution,percentile,logistic_regression,1938,0.8166128430507713,0.7246376811594203,0.04761904761904762,0.5
ku_Globaleconom_1819,oulad_DDD_2014B,KU Leuven,OULAD,D3_other_institution,percentile,logistic_regression,1228,0.8138450432169824,0.7007943512797882,0.23809523809523814,0.5
ku_Globaleconom_1819,oulad_DDD_2014J,KU Leuven,OULAD,D3_other_institution,percentile,logistic_regression,1803,0.8114827803255102,0.7266475644699141,-0.14285714285714288,0.5
ku_Globaleconom_1819,oulad_FFF_2013B,KU Leuven,OULAD,D3_other_institution,percentile,logistic_regression,1614,0.7790275181979147,0.7051671732522796,0.14285714285714288,0.2
ku_Globaleconom_1819,oulad_FFF_2013J,KU Leuven,OULAD,D3_other_institution,percentile,logistic_regression,2283,0.8207147579293699,0.7430795847750865,-0.14285714285714288,0.2
ku_Globaleconom_1819,oulad_FFF_2014B,KU Leuven,OULAD,D3_other_institution,percentile,logistic_regression,1500,0.8047874147815589,0.7023319615912208,-0.4285714285714286,0.2
ku_Globaleconom_1819,oulad_FFF_2014J,KU Leuven,OULAD,D3_other_institution,percentile,logistic_regression,2365,0.8483543230493769,0.7564853556485356,-0.23809523809523814,0.2
ku_Globaleconom_1819,ku_Accountancy_1819,KU Leuven,KU Leuven,D2_other_module,percentile,logistic_regression,756,0.6397781962753715,0.7633302151543498,0.04761904761904762,0.5
ku_Globaleconom_1819,ku_Globaleconom_1819,KU Leuven,KU Leuven,D0_within_cohort,percentile,logistic_regression,743,0.6074861980125138,0.6637837837837838,1.0,1.0
ku_Globaleconom_1819,ukzn_ISTN101_2019,KU Leuven,UKZN,D3_other_institution,percentile,logistic_regression,1056,0.6114753689668927,0.6434782608695652,-0.14285714285714288,0.5
ku_Globaleconom_1819,ukzn_ISTN101_2020,KU Leuven,UKZN,D3_other_institution,percentile,logistic_regression,978,0.5491092023461699,0.6763888888888889,0.14285714285714288,0.5
ku_Globaleconom_1819,ukzn_ISTN101_2021,KU Leuven,UKZN,D3_other_institution,percentile,logistic_regression,741,0.6515428196844125,0.6878504672897197,0.33333333333333337,0.5
ku_Globaleconom_1819,ukzn_ISTN102_2018,KU Leuven,UKZN,D3_other_institution,percentile,logistic_regression,257,0.6209150326797386,0.43243243243243246,-0.23809523809523814,0.2
ku_Globaleconom_1819,ukzn_ISTN103_2019,KU Leuven,UKZN,D3_other_institution,percentile,logistic_regression,1113,0.6585014350143501,0.7482014388489209,0.33333333333333337,0.5
ku_Globaleconom_1819,ukzn_ISTN103_2020,KU Leuven,UKZN,D3_other_institution,percentile,logistic_regression,1082,0.5792320489186638,0.4764795144157815,-0.33333333333333337,0.2
ku_Globaleconom_1819,ukzn_ISTN211_2019,KU Leuven,UKZN,D3_other_institution,percentile,logistic_regression,280,0.5206694898164952,0.6650246305418719,0.23809523809523814,0.5
ku_Globaleconom_1819,ukzn_ISTN211_2021,KU Leuven,UKZN,D3_other_institution,percentile,logistic_regression,327,0.8146110056925996,0.5882352941176471,0.04761904761904762,0.2
ku_Globaleconom_1819,ukzn_ISTN212_2018,KU Leuven,UKZN,D3_other_institution,percentile,logistic_regression,238,0.59764526710403,0.6561514195583596,-0.14285714285714288,0.2
ku_Globaleconom_1819,ukzn_ISTN212_2019,KU Leuven,UKZN,D3_other_institution,percentile,logistic_regression,264,0.6368511368511368,0.6887052341597796,0.14285714285714288,0.2
ku_Globaleconom_1819,ukzn_ISTN2IP_2018,KU Leuven,UKZN,D3_other_institution,percentile,logistic_regression,99,0.6881081081081081,0.6825396825396826,0.33333333333333337,0.5
ku_Globaleconom_1819,ukzn_ISTN2IP_2019,KU Leuven,UKZN,D3_other_institution,percentile,logistic_regression,116,0.5231331168831168,0.6357615894039735,-0.5238095238095238,0.0
ku_Globaleconom_1819,ukzn_ISTN3ND_2018,KU Leuven,UKZN,D3_other_institution,percentile,logistic_regression,144,0.48800161322847346,0.5818181818181818,0.8095238095238096,1.0
ku_Globaleconom_1819,ukzn_ISTN3ND_2019,KU Leuven,UKZN,D3_other_institution,percentile,logistic_regression,223,0.7272727272727273,0.734006734006734,-0.14285714285714288,0.2
ku_Globaleconom_1819,ukzn_ISTN3SA_2018,KU Leuven,UKZN,D3_other_institution,percentile,logistic_regression,141,0.44894894894894893,0.6203208556149733,-0.23809523809523814,0.2
ku_Globaleconom_1819,ukzn_ISTN3SA_2019,KU Leuven,UKZN,D3_other_institution,percentile,logistic_regression,195,0.38329411764705884,0.6227106227106227,-0.14285714285714288,0.2
ukzn_ISTN101_2019,oulad_BBB_2013B,UKZN,OULAD,D3_other_institution,percentile,logistic_regression,1767,0.8413328131539919,0.6249027237354086,0.33333333333333337,0.5
ukzn_ISTN101_2019,oulad_BBB_2013J,UKZN,OULAD,D3_other_institution,percentile,logistic_regression,2237,0.842896835564666,0.6479298881837413,0.4285714285714286,0.5
ukzn_ISTN101_2019,oulad_BBB_2014B,UKZN,OULAD,D3_other_institution,percentile,logistic_regression,1613,0.8477997956908783,0.6213675213675214,0.4285714285714286,0.5
ukzn_ISTN101_2019,oulad_BBB_2014J,UKZN,OULAD,D3_other_institution,percentile,logistic_regression,2292,0.844022980628655,0.6689895470383276,0.4285714285714286,0.5
ukzn_ISTN101_2019,oulad_DDD_2013B,UKZN,OULAD,D3_other_institution,percentile,logistic_regression,1303,0.8328338649457261,0.5626034197462769,0.14285714285714288,1.0
ukzn_ISTN101_2019,oulad_DDD_2013J,UKZN,OULAD,D3_other_institution,percentile,logistic_regression,1938,0.8533590178395647,0.5992049150704735,0.14285714285714288,0.5
ukzn_ISTN101_2019,oulad_DDD_2014B,UKZN,OULAD,D3_other_institution,percentile,logistic_regression,1228,0.8573937135387198,0.5612185120093731,0.04761904761904762,0.5
ukzn_ISTN101_2019,oulad_DDD_2014J,UKZN,OULAD,D3_other_institution,percentile,logistic_regression,1803,0.8476730709668395,0.6104046242774567,0.4285714285714286,0.5
ukzn_ISTN101_2019,oulad_FFF_2013B,UKZN,OULAD,D3_other_institution,percentile,logistic_regression,1614,0.8256197127680504,0.6527545909849749,0.14285714285714288,0.5
ukzn_ISTN101_2019,oulad_FFF_2013J,UKZN,OULAD,D3_other_institution,percentile,logistic_regression,2283,0.8558415202250819,0.6483126110124334,0.04761904761904762,0.5
ukzn_ISTN101_2019,oulad_FFF_2014B,UKZN,OULAD,D3_other_institution,percentile,logistic_regression,1500,0.859291069324253,0.6072423398328691,0.33333333333333337,0.5
ukzn_ISTN101_2019,oulad_FFF_2014J,UKZN,OULAD,D3_other_institution,percentile,logistic_regression,2365,0.8923229719027616,0.6415852958070075,0.23809523809523814,0.5
ukzn_ISTN101_2019,ku_Accountancy_1819,UKZN,KU Leuven,D3_other_institution,percentile,logistic_regression,756,0.6298179535467671,0.8251748251748252,0.33333333333333337,0.5
ukzn_ISTN101_2019,ku_Globaleconom_1819,UKZN,KU Leuven,D3_other_institution,percentile,logistic_regression,743,0.6097165991902833,0.7200689061154177,-0.4285714285714286,0.0
ukzn_ISTN101_2019,ukzn_ISTN101_2019,UKZN,UKZN,D0_within_cohort,percentile,logistic_regression,1056,0.6647138013562026,0.9045643153526971,1.0,1.0
ukzn_ISTN101_2019,ukzn_ISTN101_2020,UKZN,UKZN,D1_same_module,percentile,logistic_regression,978,0.757913929834582,0.9743051914001049,0.14285714285714288,0.5
ukzn_ISTN101_2019,ukzn_ISTN101_2021,UKZN,UKZN,D1_same_module,percentile,logistic_regression,741,0.7833497214028188,0.9556025369978859,0.23809523809523814,0.5
ukzn_ISTN101_2019,ukzn_ISTN102_2018,UKZN,UKZN,D2_other_module,percentile,logistic_regression,257,0.661764705882353,0.8475336322869955,0.14285714285714288,0.5
ukzn_ISTN101_2019,ukzn_ISTN103_2019,UKZN,UKZN,D2_other_module,percentile,logistic_regression,1113,0.6673534235342353,0.8442367601246106,0.04761904761904762,0.5
ukzn_ISTN101_2019,ukzn_ISTN103_2020,UKZN,UKZN,D2_other_module,percentile,logistic_regression,1082,0.6976889528348545,0.9438750610053684,0.4285714285714286,0.5
ukzn_ISTN101_2019,ukzn_ISTN211_2019,UKZN,UKZN,D2_other_module,percentile,logistic_regression,280,0.7769711635410365,0.9648798521256932,0.04761904761904762,0.2
ukzn_ISTN101_2019,ukzn_ISTN211_2021,UKZN,UKZN,D2_other_module,percentile,logistic_regression,327,0.7793168880455408,0.9733124018838305,0.33333333333333337,0.5
ukzn_ISTN101_2019,ukzn_ISTN212_2018,UKZN,UKZN,D2_other_module,percentile,logistic_regression,238,0.7627108716026242,0.8981481481481481,0.04761904761904762,0.5
ukzn_ISTN101_2019,ukzn_ISTN212_2019,UKZN,UKZN,D2_other_module,percentile,logistic_regression,264,0.7738095238095237,0.9135802469135802,0.14285714285714288,0.5
ukzn_ISTN101_2019,ukzn_ISTN2IP_2018,UKZN,UKZN,D2_other_module,percentile,logistic_regression,99,0.6951351351351351,0.8554913294797688,-0.33333333333333337,0.2
ukzn_ISTN101_2019,ukzn_ISTN2IP_2019,UKZN,UKZN,D2_other_module,percentile,logistic_regression,116,0.726461038961039,0.8627450980392157,0.33333333333333337,0.2
ukzn_ISTN101_2019,ukzn_ISTN3ND_2018,UKZN,UKZN,D2_other_module,percentile,logistic_regression,144,0.598104456543658,0.7532467532467533,-0.04761904761904762,0.2
ukzn_ISTN101_2019,ukzn_ISTN3ND_2019,UKZN,UKZN,D2_other_module,percentile,logistic_regression,223,0.7303199593702386,0.8905472636815921,0.14285714285714288,0.2
ukzn_ISTN101_2019,ukzn_ISTN3SA_2018,UKZN,UKZN,D2_other_module,percentile,logistic_regression,141,0.6861861861861861,0.8809523809523809,0.14285714285714288,0.5
ukzn_ISTN101_2019,ukzn_ISTN3SA_2019,UKZN,UKZN,D2_other_module,percentile,logistic_regression,195,0.6190588235294118,0.9315068493150684,-0.14285714285714288,0.2
ukzn_ISTN101_2020,oulad_BBB_2013B,UKZN,OULAD,D3_other_institution,percentile,logistic_regression,1767,0.8506869984446292,0.6249027237354086,-0.14285714285714288,0.2
ukzn_ISTN101_2020,oulad_BBB_2013J,UKZN,OULAD,D3_other_institution,percentile,logistic_regression,2237,0.838360771251041,0.6479298881837413,-0.04761904761904762,0.2
ukzn_ISTN101_2020,oulad_BBB_2014B,UKZN,OULAD,D3_other_institution,percentile,logistic_regression,1613,0.8452552466768718,0.6213675213675214,0.14285714285714288,0.2
ukzn_ISTN101_2020,oulad_BBB_2014J,UKZN,OULAD,D3_other_institution,percentile,logistic_regression,2292,0.8377272934941522,0.6689895470383276,0.04761904761904762,0.2
ukzn_ISTN101_2020,oulad_DDD_2013B,UKZN,OULAD,D3_other_institution,percentile,logistic_regression,1303,0.8410553124150039,0.5626034197462769,0.33333333333333337,0.5
ukzn_ISTN101_2020,oulad_DDD_2013J,UKZN,OULAD,D3_other_institution,percentile,logistic_regression,1938,0.854814376507161,0.5992049150704735,-0.23809523809523814,0.2
ukzn_ISTN101_2020,oulad_DDD_2014B,UKZN,OULAD,D3_other_institution,percentile,logistic_regression,1228,0.8488060629203585,0.5612185120093731,-0.33333333333333337,0.2
ukzn_ISTN101_2020,oulad_DDD_2014J,UKZN,OULAD,D3_other_institution,percentile,logistic_regression,1803,0.8422441527040934,0.6104046242774567,-0.14285714285714288,0.2
ukzn_ISTN101_2020,oulad_FFF_2013B,UKZN,OULAD,D3_other_institution,percentile,logistic_regression,1614,0.8337903305134763,0.6527545909849749,0.33333333333333337,0.2
ukzn_ISTN101_2020,oulad_FFF_2013J,UKZN,OULAD,D3_other_institution,percentile,logistic_regression,2283,0.8588833540888334,0.6483126110124334,-0.23809523809523814,0.2
ukzn_ISTN101_2020,oulad_FFF_2014B,UKZN,OULAD,D3_other_institution,percentile,logistic_regression,1500,0.863214913136834,0.6072423398328691,0.04761904761904762,0.2
ukzn_ISTN101_2020,oulad_FFF_2014J,UKZN,OULAD,D3_other_institution,percentile,logistic_regression,2365,0.8875891668388312,0.6415852958070075,-0.23809523809523814,0.2
ukzn_ISTN101_2020,ku_Accountancy_1819,UKZN,KU Leuven,D3_other_institution,percentile,logistic_regression,756,0.6288554090813977,0.8251748251748252,-0.23809523809523814,0.2
ukzn_ISTN101_2020,ku_Globaleconom_1819,UKZN,KU Leuven,D3_other_institution,percentile,logistic_regression,743,0.6119985277880015,0.7200689061154177,-0.23809523809523814,0.2
ukzn_ISTN101_2020,ukzn_ISTN101_2019,UKZN,UKZN,D1_same_module,percentile,logistic_regression,1056,0.664321150777822,0.9045643153526971,0.5238095238095238,0.5
ukzn_ISTN101_2020,ukzn_ISTN101_2020,UKZN,UKZN,D0_within_cohort,percentile,logistic_regression,978,0.7652731706245469,0.9743051914001049,1.0,1.0
ukzn_ISTN101_2020,ukzn_ISTN101_2021,UKZN,UKZN,D1_same_module,percentile,logistic_regression,741,0.7713630191506298,0.9556025369978859,-0.14285714285714288,0.2
ukzn_ISTN101_2020,ukzn_ISTN102_2018,UKZN,UKZN,D2_other_module,percentile,logistic_regression,257,0.656318082788671,0.8475336322869955,0.5238095238095238,0.5
ukzn_ISTN101_2020,ukzn_ISTN103_2019,UKZN,UKZN,D2_other_module,percentile,logistic_regression,1113,0.6614862648626485,0.8442367601246106,0.14285714285714288,0.2
ukzn_ISTN101_2020,ukzn_ISTN103_2020,UKZN,UKZN,D2_other_module,percentile,logistic_regression,1082,0.6897846319859717,0.9438750610053684,0.33333333333333337,0.5
ukzn_ISTN101_2020,ukzn_ISTN211_2019,UKZN,UKZN,D2_other_module,percentile,logistic_regression,280,0.7551925791490219,0.9648798521256932,-0.14285714285714288,0.2
ukzn_ISTN101_2020,ukzn_ISTN211_2021,UKZN,UKZN,D2_other_module,percentile,logistic_regression,327,0.7984819734345351,0.9733124018838305,0.33333333333333337,0.2
ukzn_ISTN101_2020,ukzn_ISTN212_2018,UKZN,UKZN,D2_other_module,percentile,logistic_regression,238,0.7786433926897843,0.8981481481481481,0.6190476190476191,1.0
ukzn_ISTN101_2020,ukzn_ISTN212_2019,UKZN,UKZN,D2_other_module,percentile,logistic_regression,264,0.7422779922779923,0.9135802469135802,0.14285714285714288,0.5
ukzn_ISTN101_2020,ukzn_ISTN2IP_2018,UKZN,UKZN,D2_other_module,percentile,logistic_regression,99,0.6843243243243243,0.8554913294797688,-0.23809523809523814,0.2
ukzn_ISTN101_2020,ukzn_ISTN2IP_2019,UKZN,UKZN,D2_other_module,percentile,logistic_regression,116,0.7232142857142858,0.8627450980392157,0.23809523809523814,0.5
ukzn_ISTN101_2020,ukzn_ISTN3ND_2018,UKZN,UKZN,D2_other_module,percentile,logistic_regression,144,0.5815688646904619,0.7532467532467533,-0.04761904761904762,0.2
ukzn_ISTN101_2020,ukzn_ISTN3ND_2019,UKZN,UKZN,D2_other_module,percentile,logistic_regression,223,0.6620111731843574,0.8905472636815921,-0.33333333333333337,0.2
ukzn_ISTN101_2020,ukzn_ISTN3SA_2018,UKZN,UKZN,D2_other_module,percentile,logistic_regression,141,0.721021021021021,0.8809523809523809,0.33333333333333337,0.2
ukzn_ISTN101_2020,ukzn_ISTN3SA_2019,UKZN,UKZN,D2_other_module,percentile,logistic_regression,195,0.6105882352941177,0.9315068493150684,-0.23809523809523814,0.2
ukzn_ISTN101_2021,oulad_BBB_2013B,UKZN,OULAD,D3_other_institution,percentile,logistic_regression,1767,0.8330611865256328,0.6249027237354086,-0.5238095238095238,0.2
ukzn_ISTN101_2021,oulad_BBB_2013J,UKZN,OULAD,D3_other_institution,percentile,logistic_regression,2237,0.8415932675677407,0.6479298881837413,0.4285714285714286,0.5
ukzn_ISTN101_2021,oulad_BBB_2014B,UKZN,OULAD,D3_other_institution,percentile,logistic_regression,1613,0.8450316865438534,0.6213675213675214,0.14285714285714288,0.5
ukzn_ISTN101_2021,oulad_BBB_2014J,UKZN,OULAD,D3_other_institution,percentile,logistic_regression,2292,0.8395799067982457,0.6689895470383276,0.23809523809523814,0.5
ukzn_ISTN101_2021,oulad_DDD_2013B,UKZN,OULAD,D3_other_institution,percentile,logistic_regression,1303,0.814440076156566,0.5626034197462769,-0.14285714285714288,0.5
ukzn_ISTN101_2021,oulad_DDD_2013J,UKZN,OULAD,D3_other_institution,percentile,logistic_regression,1938,0.8410450301894468,0.5992049150704735,-0.14285714285714288,0.2
ukzn_ISTN101_2021,oulad_DDD_2014B,UKZN,OULAD,D3_other_institution,percentile,logistic_regression,1228,0.8401152824503654,0.5612185120093731,-0.23809523809523814,0.2
ukzn_ISTN101_2021,oulad_DDD_2014J,UKZN,OULAD,D3_other_institution,percentile,logistic_regression,1803,0.8404682332723876,0.6104046242774567,0.04761904761904762,0.2
ukzn_ISTN101_2021,oulad_FFF_2013B,UKZN,OULAD,D3_other_institution,percentile,logistic_regression,1614,0.8290041560102303,0.6527545909849749,0.5238095238095238,1.0
ukzn_ISTN101_2021,oulad_FFF_2013J,UKZN,OULAD,D3_other_institution,percentile,logistic_regression,2283,0.8572429008502067,0.6483126110124334,0.14285714285714288,0.5
ukzn_ISTN101_2021,oulad_FFF_2014B,UKZN,OULAD,D3_other_institution,percentile,logistic_regression,1500,0.8523524988974921,0.6072423398328691,0.4285714285714286,0.5
ukzn_ISTN101_2021,oulad_FFF_2014J,UKZN,OULAD,D3_other_institution,percentile,logistic_regression,2365,0.8920503781879117,0.6415852958070075,0.4285714285714286,0.5
ukzn_ISTN101_2021,ku_Accountancy_1819,UKZN,KU Leuven,D3_other_institution,percentile,logistic_regression,756,0.6532454488386691,0.8099838969404187,0.5238095238095238,1.0
ukzn_ISTN101_2021,ku_Globaleconom_1819,UKZN,KU Leuven,D3_other_institution,percentile,logistic_regression,743,0.6209495767390505,0.7215756490599821,0.14285714285714288,0.2
ukzn_ISTN101_2021,ukzn_ISTN101_2019,UKZN,UKZN,D1_same_module,percentile,logistic_regression,1056,0.659684134423614,0.9036334913112164,0.4285714285714286,0.5
ukzn_ISTN101_2021,ukzn_ISTN101_2020,UKZN,UKZN,D1_same_module,percentile,logistic_regression,978,0.6822345730541948,0.9628450106157113,0.04761904761904762,0.2
ukzn_ISTN101_2021,ukzn_ISTN101_2021,UKZN,UKZN,D0_within_cohort,percentile,logistic_regression,741,0.8212529849697991,0.9568294409058741,1.0,1.0
ukzn_ISTN101_2021,ukzn_ISTN102_2018,UKZN,UKZN,D2_other_module,percentile,logistic_regression,257,0.6721910986616868,0.8435374149659864,0.14285714285714288,0.5
ukzn_ISTN101_2021,ukzn_ISTN103_2019,UKZN,UKZN,D2_other_module,percentile,logistic_regression,1113,0.6682144321443214,0.8326180257510729,0.04761904761904762,0.5
ukzn_ISTN101_2021,ukzn_ISTN103_2020,UKZN,UKZN,D2_other_module,percentile,logistic_regression,1082,0.6870779191583112,0.9279279279279279,0.14285714285714288,0.5
ukzn_ISTN101_2021,ukzn_ISTN211_2019,UKZN,UKZN,D2_other_module,percentile,logistic_regression,280,0.7422867513611615,0.961038961038961,-0.04761904761904762,0.2
ukzn_ISTN101_2021,ukzn_ISTN211_2021,UKZN,UKZN,D2_other_module,percentile,logistic_regression,327,0.822201138519924,0.9733124018838305,0.23809523809523814,0.5
ukzn_ISTN101_2021,ukzn_ISTN212_2018,UKZN,UKZN,D2_other_module,percentile,logistic_regression,238,0.7519329896907215,0.8955916473317865,-0.4285714285714286,0.2
ukzn_ISTN101_2021,ukzn_ISTN212_2019,UKZN,UKZN,D2_other_module,percentile,logistic_regression,264,0.7567567567567568,0.9133192389006343,0.4285714285714286,1.0
ukzn_ISTN101_2021,ukzn_ISTN2IP_2018,UKZN,UKZN,D2_other_module,percentile,logistic_regression,99,0.7372972972972973,0.8421052631578947,0.14285714285714288,0.2
ukzn_ISTN101_2021,ukzn_ISTN2IP_2019,UKZN,UKZN,D2_other_module,percentile,logistic_regression,116,0.7536525974025974,0.8669950738916257,0.14285714285714288,0.2
ukzn_ISTN101_2021,ukzn_ISTN3ND_2018,UKZN,UKZN,D2_other_module,percentile,logistic_regression,144,0.5692679975801573,0.7510917030567685,-0.04761904761904762,0.5
ukzn_ISTN101_2021,ukzn_ISTN3ND_2019,UKZN,UKZN,D2_other_module,percentile,logistic_regression,223,0.7633316404266125,0.8877805486284289,0.4285714285714286,0.5
ukzn_ISTN101_2021,ukzn_ISTN3SA_2018,UKZN,UKZN,D2_other_module,percentile,logistic_regression,141,0.6462462462462463,0.88,0.04761904761904762,0.5
ukzn_ISTN101_2021,ukzn_ISTN3SA_2019,UKZN,UKZN,D2_other_module,percentile,logistic_regression,195,0.628235294117647,0.9337016574585635,0.4285714285714286,0.5
ukzn_ISTN102_2018,oulad_BBB_2013B,UKZN,OULAD,D3_other_institution,percentile,logistic_regression,1767,0.8202565069784987,0.6857876712328768,0.14285714285714288,0.5
ukzn_ISTN102_2018,oulad_BBB_2013J,UKZN,OULAD,D3_other_institution,percentile,logistic_regression,2237,0.8286841009544553,0.7274590163934426,0.5238095238095238,0.5
ukzn_ISTN102_2018,oulad_BBB_2014B,UKZN,OULAD,D3_other_institution,percentile,logistic_regression,1613,0.8254903574167627,0.7201584943041109,0.23809523809523814,0.2
ukzn_ISTN102_2018,oulad_BBB_2014J,UKZN,OULAD,D3_other_institution,percentile,logistic_regression,2292,0.8322684423732944,0.749185667752443,0.4285714285714286,0.5
ukzn_ISTN102_2018,oulad_DDD_2013B,UKZN,OULAD,D3_other_institution,percentile,logistic_regression,1303,0.7861385159360087,0.599647266313933,0.04761904761904762,0.5
ukzn_ISTN102_2018,oulad_DDD_2013J,UKZN,OULAD,D3_other_institution,percentile,logistic_regression,1938,0.8198607511086506,0.6380842023947471,-0.04761904761904762,0.2
ukzn_ISTN102_2018,oulad_DDD_2014B,UKZN,OULAD,D3_other_institution,percentile,logistic_regression,1228,0.8291528579511723,0.6077558804831532,-0.33333333333333337,0.2
ukzn_ISTN102_2018,oulad_DDD_2014J,UKZN,OULAD,D3_other_institution,percentile,logistic_regression,1803,0.8217748703653748,0.6528925619834711,0.4285714285714286,0.2
ukzn_ISTN102_2018,oulad_FFF_2013B,UKZN,OULAD,D3_other_institution,percentile,logistic_regression,1614,0.7977172683454652,0.6951111111111111,-0.04761904761904762,0.5
ukzn_ISTN102_2018,oulad_FFF_2013J,UKZN,OULAD,D3_other_institution,percentile,logistic_regression,2283,0.8334171240563935,0.6963434022257552,-0.14285714285714288,0.2
ukzn_ISTN102_2018,oulad_FFF_2014B,UKZN,OULAD,D3_other_institution,percentile,logistic_regression,1500,0.8247175049341748,0.6500994035785288,0.14285714285714288,0.2
ukzn_ISTN102_2018,oulad_FFF_2014J,UKZN,OULAD,D3_other_institution,percentile,logistic_regression,2365,0.871238565411014,0.6901669758812616,0.14285714285714288,0.2
ukzn_ISTN102_2018,ku_Accountancy_1819,UKZN,KU Leuven,D3_other_institution,percentile,logistic_regression,756,0.6232308014228919,0.8143908421913328,0.23809523809523814,0.2
ukzn_ISTN102_2018,ku_Globaleconom_1819,UKZN,KU Leuven,D3_other_institution,percentile,logistic_regression,743,0.6047184394552816,0.71875,-0.4285714285714286,0.0
ukzn_ISTN102_2018,ukzn_ISTN101_2019,UKZN,UKZN,D2_other_module,percentile,logistic_regression,1056,0.6410238831272437,0.8960342979635584,-0.04761904761904762,0.2
ukzn_ISTN102_2018,ukzn_ISTN101_2020,UKZN,UKZN,D2_other_module,percentile,logistic_regression,978,0.7375057665692757,0.9223897264098269,0.23809523809523814,0.2
ukzn_ISTN102_2018,ukzn_ISTN101_2021,UKZN,UKZN,D2_other_module,percentile,logistic_regression,741,0.7424263707449549,0.9510086455331412,0.14285714285714288,0.2
ukzn_ISTN102_2018,ukzn_ISTN102_2018,UKZN,UKZN,D0_within_cohort,percentile,logistic_regression,257,0.6532057267351385,0.8470588235294118,1.0,1.0
ukzn_ISTN102_2018,ukzn_ISTN103_2019,UKZN,UKZN,D2_other_module,percentile,logistic_regression,1113,0.6474354243542435,0.8239166209544706,0.14285714285714288,0.5
ukzn_ISTN102_2018,ukzn_ISTN103_2020,UKZN,UKZN,D2_other_module,percentile,logistic_regression,1082,0.6704239917269907,0.9118852459016393,0.04761904761904762,0.2
ukzn_ISTN102_2018,ukzn_ISTN211_2019,UKZN,UKZN,D2_other_module,percentile,logistic_regression,280,0.6924783222423876,0.9608938547486033,-0.4285714285714286,0.0
ukzn_ISTN102_2018,ukzn_ISTN211_2021,UKZN,UKZN,D2_other_module,percentile,logistic_regression,327,0.7884250474383301,0.9421487603305785,0.04761904761904762,0.2
ukzn_ISTN102_2018,ukzn_ISTN212_2018,UKZN,UKZN,D2_other_module,percentile,logistic_regression,238,0.7513472352389878,0.8867469879518072,-0.04761904761904762,0.2
ukzn_ISTN102_2018,ukzn_ISTN212_2019,UKZN,UKZN,D2_other_module,percentile,logistic_regression,264,0.7509652509652509,0.8956521739130435,0.5238095238095238,0.5
ukzn_ISTN102_2018,ukzn_ISTN2IP_2018,UKZN,UKZN,D2_other_module,percentile,logistic_regression,99,0.7037837837837837,0.8263473053892215,0.23809523809523814,0.2
ukzn_ISTN102_2018,ukzn_ISTN2IP_2019,UKZN,UKZN,D2_other_module,percentile,logistic_regression,116,0.7248376623376622,0.8712871287128713,0.9047619047619049,1.0
ukzn_ISTN102_2018,ukzn_ISTN3ND_2018,UKZN,UKZN,D2_other_module,percentile,logistic_regression,144,0.5575720911474088,0.7272727272727273,0.14285714285714288,0.2
ukzn_ISTN102_2018,ukzn_ISTN3ND_2019,UKZN,UKZN,D2_other_module,percentile,logistic_regression,223,0.6444895886236668,0.8740359897172236,-0.4285714285714286,0.2
ukzn_ISTN102_2018,ukzn_ISTN3SA_2018,UKZN,UKZN,D2_other_module,percentile,logistic_regression,141,0.6123123123123122,0.8524590163934426,0.5238095238095238,0.5
ukzn_ISTN102_2018,ukzn_ISTN3SA_2019,UKZN,UKZN,D2_other_module,percentile,logistic_regression,195,0.6538823529411765,0.9261363636363636,-0.04761904761904762,0.2
ukzn_ISTN103_2019,oulad_BBB_2013B,UKZN,OULAD,D3_other_institution,percentile,logistic_regression,1767,0.8129072513344667,0.6243674581549241,-0.14285714285714288,0.2
ukzn_ISTN103_2019,oulad_BBB_2013J,UKZN,OULAD,D3_other_institution,percentile,logistic_regression,2237,0.8112220549612454,0.6479298881837413,-0.33333333333333337,0.0
ukzn_ISTN103_2019,oulad_BBB_2014B,UKZN,OULAD,D3_other_institution,percentile,logistic_regression,1613,0.822192845454743,0.6213675213675214,-0.14285714285714288,0.0
ukzn_ISTN103_2019,oulad_BBB_2014J,UKZN,OULAD,D3_other_institution,percentile,logistic_regression,2292,0.8312435276559454,0.6689895470383276,-0.6190476190476191,0.0
ukzn_ISTN103_2019,oulad_DDD_2013B,UKZN,OULAD,D3_other_institution,percentile,logistic_regression,1303,0.812167742254531,0.5923344947735192,-0.5238095238095238,0.2
ukzn_ISTN103_2019,oulad_DDD_2013J,UKZN,OULAD,D3_other_institution,percentile,logistic_regression,1938,0.8372750203674073,0.6368542791056284,-0.8095238095238096,0.0
ukzn_ISTN103_2019,oulad_DDD_2014B,UKZN,OULAD,D3_other_institution,percentile,logistic_regression,1228,0.8309200018953594,0.5612185120093731,-0.8095238095238096,0.0
ukzn_ISTN103_2019,oulad_DDD_2014J,UKZN,OULAD,D3_other_institution,percentile,logistic_regression,1803,0.8317772182757347,0.6098689282960679,-0.5238095238095238,0.0
ukzn_ISTN103_2019,oulad_FFF_2013B,UKZN,OULAD,D3_other_institution,percentile,logistic_regression,1614,0.8232973268738932,0.6838653257542632,-0.14285714285714288,0.5
ukzn_ISTN103_2019,oulad_FFF_2013J,UKZN,OULAD,D3_other_institution,percentile,logistic_regression,2283,0.84473732761404,0.6869510664993727,-0.23809523809523814,0.0
ukzn_ISTN103_2019,oulad_FFF_2014B,UKZN,OULAD,D3_other_institution,percentile,logistic_regression,1500,0.8412966939221087,0.6488095238095238,-0.04761904761904762,0.2
ukzn_ISTN103_2019,oulad_FFF_2014J,UKZN,OULAD,D3_other_institution,percentile,logistic_regression,2365,0.8797119258315543,0.6421385455590687,-0.14285714285714288,0.0
ukzn_ISTN103_2019,ku_Accountancy_1819,UKZN,KU Leuven,D3_other_institution,percentile,logistic_regression,756,0.6541745134965473,0.8099838969404187,0.6190476190476191,1.0
ukzn_ISTN103_2019,ku_Globaleconom_1819,UKZN,KU Leuven,D3_other_institution,percentile,logistic_regression,743,0.6212366580787634,0.7206896551724138,0.33333333333333337,0.5
ukzn_ISTN103_2019,ukzn_ISTN101_2019,UKZN,UKZN,D2_other_module,percentile,logistic_regression,1056,0.6501047068209014,0.8957446808510638,0.14285714285714288,0.5
ukzn_ISTN103_2019,ukzn_ISTN101_2020,UKZN,UKZN,D2_other_module,percentile,logistic_regression,978,0.672524768788032,0.9554959785522789,0.14285714285714288,0.2
ukzn_ISTN103_2019,ukzn_ISTN101_2021,UKZN,UKZN,D2_other_module,percentile,logistic_regression,741,0.7179379126281781,0.9316678912564291,-0.14285714285714288,0.2
ukzn_ISTN103_2019,ukzn_ISTN102_2018,UKZN,UKZN,D2_other_module,percentile,logistic_regression,257,0.6499377528789293,0.8466819221967964,-0.23809523809523814,0.2
ukzn_ISTN103_2019,ukzn_ISTN103_2019,UKZN,UKZN,D0_within_cohort,percentile,logistic_regression,1113,0.6700348503485035,0.8362480127186009,1.0,1.0
ukzn_ISTN103_2019,ukzn_ISTN103_2020,UKZN,UKZN,D1_same_module,percentile,logistic_regression,1082,0.6589227103097882,0.937653411880216,0.04761904761904762,0.2
ukzn_ISTN103_2019,ukzn_ISTN211_2019,UKZN,UKZN,D2_other_module,percentile,logistic_regression,280,0.7860455737043759,0.9568480300187617,0.5238095238095238,0.5
ukzn_ISTN103_2019,ukzn_ISTN211_2021,UKZN,UKZN,D2_other_module,percentile,logistic_regression,327,0.8092979127134725,0.9602543720190779,0.33333333333333337,0.5
ukzn_ISTN103_2019,ukzn_ISTN212_2018,UKZN,UKZN,D2_other_module,percentile,logistic_regression,238,0.7449039362699157,0.8990384615384616,0.4285714285714286,0.5
ukzn_ISTN103_2019,ukzn_ISTN212_2019,UKZN,UKZN,D2_other_module,percentile,logistic_regression,264,0.7526812526812526,0.9156118143459916,-0.04761904761904762,0.5
ukzn_ISTN103_2019,ukzn_ISTN2IP_2018,UKZN,UKZN,D2_other_module,percentile,logistic_regression,99,0.7524324324324324,0.8520710059171598,0.23809523809523814,0.5
ukzn_ISTN103_2019,ukzn_ISTN2IP_2019,UKZN,UKZN,D2_other_module,percentile,logistic_regression,116,0.7325487012987013,0.8775510204081632,-0.14285714285714288,0.2
ukzn_ISTN103_2019,ukzn_ISTN3ND_2018,UKZN,UKZN,D2_other_module,percentile,logistic_regression,144,0.6017342206089936,0.748898678414097,0.8095238095238096,1.0
ukzn_ISTN103_2019,ukzn_ISTN3ND_2019,UKZN,UKZN,D2_other_module,percentile,logistic_regression,223,0.4818435754189944,0.8682170542635659,-0.33333333333333337,0.5
ukzn_ISTN103_2019,ukzn_ISTN3SA_2018,UKZN,UKZN,D2_other_module,percentile,logistic_regression,141,0.6483483483483483,0.8806584362139918,-0.33333333333333337,0.2
ukzn_ISTN103_2019,ukzn_ISTN3SA_2019,UKZN,UKZN,D2_other_module,percentile,logistic_regression,195,0.6152941176470588,0.9209039548022598,-0.23809523809523814,0.2
ukzn_ISTN103_2020,oulad_BBB_2013B,UKZN,OULAD,D3_other_institution,percentile,logistic_regression,1767,0.8255233228091751,0.6249027237354086,-0.4285714285714286,0.2
ukzn_ISTN103_2020,oulad_BBB_2013J,UKZN,OULAD,D3_other_institution,percentile,logistic_regression,2237,0.8165308116072,0.6479298881837413,0.14285714285714288,0.5
ukzn_ISTN103_2020,oulad_BBB_2014B,UKZN,OULAD,D3_other_institution,percentile,logistic_regression,1613,0.8286807468150443,0.6213675213675214,0.14285714285714288,0.5
ukzn_ISTN103_2020,oulad_BBB_2014J,UKZN,OULAD,D3_other_institution,percentile,logistic_regression,2292,0.8092520254629629,0.6689895470383276,0.04761904761904762,0.5
ukzn_ISTN103_2020,oulad_DDD_2013B,UKZN,OULAD,D3_other_institution,percentile,logistic_regression,1303,0.8193234923225281,0.5626034197462769,0.04761904761904762,0.5
ukzn_ISTN103_2020,oulad_DDD_2013J,UKZN,OULAD,D3_other_institution,percentile,logistic_regression,1938,0.8342076725029668,0.5992049150704735,-0.14285714285714288,0.2
ukzn_ISTN103_2020,oulad_DDD_2014B,UKZN,OULAD,D3_other_institution,percentile,logistic_regression,1228,0.8297019547287825,0.5612185120093731,-0.33333333333333337,0.2
ukzn_ISTN103_2020,oulad_DDD_2014J,UKZN,OULAD,D3_other_institution,percentile,logistic_regression,1803,0.8257613224230435,0.6104046242774567,-0.04761904761904762,0.2
ukzn_ISTN103_2020,oulad_FFF_2013B,UKZN,OULAD,D3_other_institution,percentile,logistic_regression,1614,0.809736499114696,0.6527545909849749,0.14285714285714288,0.5
ukzn_ISTN103_2020,oulad_FFF_2013J,UKZN,OULAD,D3_other_institution,percentile,logistic_regression,2283,0.8307066094737328,0.6483126110124334,-0.23809523809523814,0.5
ukzn_ISTN103_2020,oulad_FFF_2014B,UKZN,OULAD,D3_other_institution,percentile,logistic_regression,1500,0.8401941859876663,0.6072423398328691,-0.04761904761904762,0.5
ukzn_ISTN103_2020,oulad_FFF_2014J,UKZN,OULAD,D3_other_institution,percentile,logistic_regression,2365,0.8714351198264583,0.6415852958070075,-0.14285714285714288,0.5
ukzn_ISTN103_2020,ku_Accountancy_1819,UKZN,KU Leuven,D3_other_institution,percentile,logistic_regression,756,0.633760200878845,0.8251748251748252,0.14285714285714288,0.5
ukzn_ISTN103_2020,ku_Globaleconom_1819,UKZN,KU Leuven,D3_other_institution,percentile,logistic_regression,743,0.6066617592933383,0.7200689061154177,0.04761904761904762,0.2
ukzn_ISTN103_2020,ukzn_ISTN101_2019,UKZN,UKZN,D2_other_module,percentile,logistic_regression,1056,0.6806691264459512,0.9045643153526971,0.6190476190476191,1.0
ukzn_ISTN103_2020,ukzn_ISTN101_2020,UKZN,UKZN,D2_other_module,percentile,logistic_regression,978,0.7559587882515761,0.9743051914001049,0.14285714285714288,0.5
ukzn_ISTN103_2020,ukzn_ISTN101_2021,UKZN,UKZN,D2_other_module,percentile,logistic_regression,741,0.7891323687783864,0.9556025369978859,0.33333333333333337,0.5
ukzn_ISTN103_2020,ukzn_ISTN102_2018,UKZN,UKZN,D2_other_module,percentile,logistic_regression,257,0.6504046062869593,0.8475336322869955,0.33333333333333337,0.5
ukzn_ISTN103_2020,ukzn_ISTN103_2019,UKZN,UKZN,D1_same_module,percentile,logistic_regression,1113,0.6631918819188192,0.8442367601246106,0.14285714285714288,0.5
ukzn_ISTN103_2020,ukzn_ISTN103_2020,UKZN,UKZN,D0_within_cohort,percentile,logistic_regression,1082,0.6677217751000404,0.9438750610053684,1.0,1.0
ukzn_ISTN103_2020,ukzn_ISTN211_2019,UKZN,UKZN,D2_other_module,percentile,logistic_regression,280,0.7670901391409559,0.9648798521256932,0.14285714285714288,0.2
ukzn_ISTN103_2020,ukzn_ISTN211_2021,UKZN,UKZN,D2_other_module,percentile,logistic_regression,327,0.7618595825426945,0.9733124018838305,0.7142857142857143,0.5
ukzn_ISTN103_2020,ukzn_ISTN212_2018,UKZN,UKZN,D2_other_module,percentile,logistic_regression,238,0.748184161199625,0.8981481481481481,0.33333333333333337,0.5
ukzn_ISTN103_2020,ukzn_ISTN212_2019,UKZN,UKZN,D2_other_module,percentile,logistic_regression,264,0.7558987558987559,0.9135802469135802,0.14285714285714288,0.5
ukzn_ISTN103_2020,ukzn_ISTN2IP_2018,UKZN,UKZN,D2_other_module,percentile,logistic_regression,99,0.692972972972973,0.8554913294797688,-0.23809523809523814,0.2
ukzn_ISTN103_2020,ukzn_ISTN2IP_2019,UKZN,UKZN,D2_other_module,percentile,logistic_regression,116,0.7272727272727273,0.8627450980392157,-0.04761904761904762,0.2
ukzn_ISTN103_2020,ukzn_ISTN3ND_2018,UKZN,UKZN,D2_other_module,percentile,logistic_regression,144,0.6126235128050009,0.7532467532467533,-0.04761904761904762,0.2
ukzn_ISTN103_2020,ukzn_ISTN3ND_2019,UKZN,UKZN,D2_other_module,percentile,logistic_regression,223,0.7225749111223971,0.8905472636815921,0.04761904761904762,0.2
ukzn_ISTN103_2020,ukzn_ISTN3SA_2018,UKZN,UKZN,D2_other_module,percentile,logistic_regression,141,0.7432432432432432,0.8809523809523809,0.6190476190476191,0.5
ukzn_ISTN103_2020,ukzn_ISTN3SA_2019,UKZN,UKZN,D2_other_module,percentile,logistic_regression,195,0.62,0.9315068493150684,-0.14285714285714288,0.2
ukzn_ISTN211_2019,oulad_BBB_2013B,UKZN,OULAD,D3_other_institution,percentile,logistic_regression,1767,0.8328428662226196,0.6249027237354086,0.23809523809523814,0.5
ukzn_ISTN211_2019,oulad_BBB_2013J,UKZN,OULAD,D3_other_institution,percentile,logistic_regression,2237,0.8339968611876241,0.6479298881837413,0.33333333333333337,0.5
ukzn_ISTN211_2019,oulad_BBB_2014B,UKZN,OULAD,D3_other_institution,percentile,logistic_regression,1613,0.8390964755124029,0.6213675213675214,0.5238095238095238,0.5
ukzn_ISTN211_2019,oulad_BBB_2014J,UKZN,OULAD,D3_other_institution,percentile,logistic_regression,2292,0.8433331048976609,0.6689895470383276,0.33333333333333337,0.5
ukzn_ISTN211_2019,oulad_DDD_2013B,UKZN,OULAD,D3_other_institution,percentile,logistic_regression,1303,0.8261454392601933,0.5626034197462769,-0.14285714285714288,0.5
ukzn_ISTN211_2019,oulad_DDD_2013J,UKZN,OULAD,D3_other_institution,percentile,logistic_regression,1938,0.8499751457806021,0.5992049150704735,-0.23809523809523814,0.2
ukzn_ISTN211_2019,oulad_DDD_2014B,UKZN,OULAD,D3_other_institution,percentile,logistic_regression,1228,0.8545618235587604,0.5612185120093731,-0.23809523809523814,0.2
ukzn_ISTN211_2019,oulad_DDD_2014J,UKZN,OULAD,D3_other_institution,percentile,logistic_regression,1803,0.8406118554486507,0.6104046242774567,0.04761904761904762,0.2
ukzn_ISTN211_2019,oulad_FFF_2013B,UKZN,OULAD,D3_other_institution,percentile,logistic_regression,1614,0.8257672634271099,0.6527545909849749,-0.4285714285714286,0.2
ukzn_ISTN211_2019,oulad_FFF_2013J,UKZN,OULAD,D3_other_institution,percentile,logistic_regression,2283,0.8557446612241133,0.6483126110124334,-0.04761904761904762,0.2
ukzn_ISTN211_2019,oulad_FFF_2014B,UKZN,OULAD,D3_other_institution,percentile,logistic_regression,1500,0.856928810520456,0.6072423398328691,0.14285714285714288,0.2
ukzn_ISTN211_2019,oulad_FFF_2014J,UKZN,OULAD,D3_other_institution,percentile,logistic_regression,2365,0.89216443713702,0.6415852958070075,0.23809523809523814,0.2
ukzn_ISTN211_2019,ku_Accountancy_1819,UKZN,KU Leuven,D3_other_institution,percentile,logistic_regression,756,0.6380539861895793,0.8251748251748252,0.7142857142857143,0.5
ukzn_ISTN211_2019,ku_Globaleconom_1819,UKZN,KU Leuven,D3_other_institution,percentile,logistic_regression,743,0.6083916083916084,0.7200689061154177,-0.33333333333333337,0.2
ukzn_ISTN211_2019,ukzn_ISTN101_2019,UKZN,UKZN,D2_other_module,percentile,logistic_regression,1056,0.671806441962505,0.903995848469123,0.33333333333333337,0.5
ukzn_ISTN211_2019,ukzn_ISTN101_2020,UKZN,UKZN,D2_other_module,percentile,logistic_regression,978,0.7329584147975658,0.9732283464566929,0.04761904761904762,0.2
ukzn_ISTN211_2019,ukzn_ISTN101_2021,UKZN,UKZN,D2_other_module,percentile,logistic_regression,741,0.7179847356838508,0.9556025369978859,-0.23809523809523814,0.2
ukzn_ISTN211_2019,ukzn_ISTN102_2018,UKZN,UKZN,D2_other_module,percentile,logistic_regression,257,0.6554621848739495,0.8475336322869955,-0.14285714285714288,0.2
ukzn_ISTN211_2019,ukzn_ISTN103_2019,UKZN,UKZN,D2_other_module,percentile,logistic_regression,1113,0.6759717097170972,0.8442367601246106,0.4285714285714286,0.5
ukzn_ISTN211_2019,ukzn_ISTN103_2020,UKZN,UKZN,D2_other_module,percentile,logistic_regression,1082,0.6880490985117576,0.9438750610053684,0.33333333333333337,0.5
ukzn_ISTN211_2019,ukzn_ISTN211_2019,UKZN,UKZN,D0_within_cohort,percentile,logistic_regression,280,0.7301875378100424,0.9648798521256932,1.0,1.0
ukzn_ISTN211_2019,ukzn_ISTN211_2021,UKZN,UKZN,D1_same_module,percentile,logistic_regression,327,0.7759013282732448,0.9733124018838305,0.04761904761904762,0.5
ukzn_ISTN211_2019,ukzn_ISTN212_2018,UKZN,UKZN,D2_other_module,percentile,logistic_regression,238,0.7563847235238987,0.8981481481481481,0.04761904761904762,0.5
ukzn_ISTN211_2019,ukzn_ISTN212_2019,UKZN,UKZN,D2_other_module,percentile,logistic_regression,264,0.7555770055770055,0.9135802469135802,-0.14285714285714288,0.2
ukzn_ISTN211_2019,ukzn_ISTN2IP_2018,UKZN,UKZN,D2_other_module,percentile,logistic_regression,99,0.7075675675675676,0.8554913294797688,0.04761904761904762,0.2
ukzn_ISTN211_2019,ukzn_ISTN2IP_2019,UKZN,UKZN,D2_other_module,percentile,logistic_regression,116,0.7203733766233766,0.8627450980392157,0.14285714285714288,0.5
ukzn_ISTN211_2019,ukzn_ISTN3ND_2018,UKZN,UKZN,D2_other_module,percentile,logistic_regression,144,0.6098003629764065,0.7532467532467533,0.4285714285714286,0.5
ukzn_ISTN211_2019,ukzn_ISTN3ND_2019,UKZN,UKZN,D2_other_module,percentile,logistic_regression,223,0.5514220416455053,0.8905472636815921,-0.33333333333333337,0.2
ukzn_ISTN211_2019,ukzn_ISTN3SA_2018,UKZN,UKZN,D2_other_module,percentile,logistic_regression,141,0.6702702702702702,0.8809523809523809,-0.23809523809523814,0.2
ukzn_ISTN211_2019,ukzn_ISTN3SA_2019,UKZN,UKZN,D2_other_module,percentile,logistic_regression,195,0.6498823529411765,0.9315068493150684,0.14285714285714288,0.2
ukzn_ISTN211_2021,oulad_BBB_2013B,UKZN,OULAD,D3_other_institution,percentile,logistic_regression,1767,0.8097370855143833,0.6249027237354086,-0.7142857142857143,0.0
ukzn_ISTN211_2021,oulad_BBB_2013J,UKZN,OULAD,D3_other_institution,percentile,logistic_regression,2237,0.8157413042085709,0.6479298881837413,-0.14285714285714288,0.2
ukzn_ISTN211_2021,oulad_BBB_2014B,UKZN,OULAD,D3_other_institution,percentile,logistic_regression,1613,0.8250867071765907,0.6213675213675214,-0.23809523809523814,0.2
ukzn_ISTN211_2021,oulad_BBB_2014J,UKZN,OULAD,D3_other_institution,percentile,logistic_regression,2292,0.8248054489522417,0.6689895470383276,-0.33333333333333337,0.2
ukzn_ISTN211_2021,oulad_DDD_2013B,UKZN,OULAD,D3_other_institution,percentile,logistic_regression,1303,0.785530252454071,0.5626034197462769,-0.23809523809523814,0.2
ukzn_ISTN211_2021,oulad_DDD_2013J,UKZN,OULAD,D3_other_institution,percentile,logistic_regression,1938,0.8153266236005225,0.5992049150704735,-0.5238095238095238,0.0
ukzn_ISTN211_2021,oulad_DDD_2014B,UKZN,OULAD,D3_other_institution,percentile,logistic_regression,1228,0.8065785696168308,0.5612185120093731,-0.6190476190476191,0.0
ukzn_ISTN211_2021,oulad_DDD_2014J,UKZN,OULAD,D3_other_institution,percentile,logistic_regression,1803,0.8183204448041244,0.6104046242774567,-0.4285714285714286,0.0
ukzn_ISTN211_2021,oulad_FFF_2013B,UKZN,OULAD,D3_other_institution,percentile,logistic_regression,1614,0.8028046921109582,0.6527545909849749,0.33333333333333337,0.5
ukzn_ISTN211_2021,oulad_FFF_2013J,UKZN,OULAD,D3_other_institution,percentile,logistic_regression,2283,0.8325115692695602,0.6483126110124334,-0.23809523809523814,0.2
ukzn_ISTN211_2021,oulad_FFF_2014B,UKZN,OULAD,D3_other_institution,percentile,logistic_regression,1500,0.8199622616956209,0.6072423398328691,0.04761904761904762,0.2
ukzn_ISTN211_2021,oulad_FFF_2014J,UKZN,OULAD,D3_other_institution,percentile,logistic_regression,2365,0.8641109571195739,0.6415852958070075,-0.14285714285714288,0.2
ukzn_ISTN211_2021,ku_Accountancy_1819,UKZN,KU Leuven,D3_other_institution,percentile,logistic_regression,756,0.6456120527306968,0.8251748251748252,0.6190476190476191,1.0
ukzn_ISTN211_2021,ku_Globaleconom_1819,UKZN,KU Leuven,D3_other_institution,percentile,logistic_regression,743,0.6240633051159367,0.7200689061154177,0.33333333333333337,0.5
ukzn_ISTN211_2021,ukzn_ISTN101_2019,UKZN,UKZN,D2_other_module,percentile,logistic_regression,1056,0.6228996310331073,0.9045643153526971,0.04761904761904762,0.5
ukzn_ISTN211_2021,ukzn_ISTN101_2020,UKZN,UKZN,D2_other_module,percentile,logistic_regression,978,0.611388150523934,0.9743051914001049,0.33333333333333337,0.5
ukzn_ISTN211_2021,ukzn_ISTN101_2021,UKZN,UKZN,D2_other_module,percentile,logistic_regression,741,0.7719483073465375,0.9547383309759547,0.5238095238095238,0.5
ukzn_ISTN211_2021,ukzn_ISTN102_2018,UKZN,UKZN,D2_other_module,percentile,logistic_regression,257,0.6572517896047309,0.8475336322869955,0.23809523809523814,0.5
ukzn_ISTN211_2021,ukzn_ISTN103_2019,UKZN,UKZN,D2_other_module,percentile,logistic_regression,1113,0.6615067650676507,0.8442367601246106,0.6190476190476191,1.0
ukzn_ISTN211_2021,ukzn_ISTN103_2020,UKZN,UKZN,D2_other_module,percentile,logistic_regression,1082,0.6410098466795559,0.9438750610053684,-0.14285714285714288,0.2
ukzn_ISTN211_2021,ukzn_ISTN211_2019,UKZN,UKZN,D1_same_module,percentile,logistic_regression,280,0.6483161927808025,0.9648798521256932,0.04761904761904762,0.5
ukzn_ISTN211_2021,ukzn_ISTN211_2021,UKZN,UKZN,D0_within_cohort,percentile,logistic_regression,327,0.8297912713472485,0.9733124018838305,1.0,1.0
ukzn_ISTN211_2021,ukzn_ISTN212_2018,UKZN,UKZN,D2_other_module,percentile,logistic_regression,238,0.7132731958762887,0.8981481481481481,0.04761904761904762,0.2
ukzn_ISTN211_2021,ukzn_ISTN212_2019,UKZN,UKZN,D2_other_module,percentile,logistic_regression,264,0.7312312312312312,0.9135802469135802,0.4285714285714286,0.5
ukzn_ISTN211_2021,ukzn_ISTN2IP_2018,UKZN,UKZN,D2_other_module,percentile,logistic_regression,99,0.7616216216216216,0.8554913294797688,0.33333333333333337,0.5
ukzn_ISTN211_2021,ukzn_ISTN2IP_2019,UKZN,UKZN,D2_other_module,percentile,logistic_regression,116,0.7232142857142857,0.8627450980392157,0.14285714285714288,0.2
ukzn_ISTN211_2021,ukzn_ISTN3ND_2018,UKZN,UKZN,D2_other_module,percentile,logistic_regression,144,0.543859649122807,0.7532467532467533,0.7142857142857143,1.0
ukzn_ISTN211_2021,ukzn_ISTN3ND_2019,UKZN,UKZN,D2_other_module,percentile,logistic_regression,223,0.6860081259522601,0.8905472636815921,-0.14285714285714288,0.2
ukzn_ISTN211_2021,ukzn_ISTN3SA_2018,UKZN,UKZN,D2_other_module,percentile,logistic_regression,141,0.5663663663663664,0.8809523809523809,-0.04761904761904762,0.2
ukzn_ISTN211_2021,ukzn_ISTN3SA_2019,UKZN,UKZN,D2_other_module,percentile,logistic_regression,195,0.5501176470588235,0.9315068493150684,-0.04761904761904762,0.2
ukzn_ISTN212_2018,oulad_BBB_2013B,UKZN,OULAD,D3_other_institution,percentile,logistic_regression,1767,0.857032497429246,0.625633034670822,0.04761904761904762,0.2
ukzn_ISTN212_2018,oulad_BBB_2013J,UKZN,OULAD,D3_other_institution,percentile,logistic_regression,2237,0.8489550637371084,0.6479298881837413,-0.04761904761904762,0.2
ukzn_ISTN212_2018,oulad_BBB_2014B,UKZN,OULAD,D3_other_institution,percentile,logistic_regression,1613,0.8497512893520173,0.6213675213675214,-0.04761904761904762,0.2
ukzn_ISTN212_2018,oulad_BBB_2014J,UKZN,OULAD,D3_other_institution,percentile,logistic_regression,2292,0.84264475207115,0.6695727986050567,-0.14285714285714288,0.2
ukzn_ISTN212_2018,oulad_DDD_2013B,UKZN,OULAD,D3_other_institution,percentile,logistic_regression,1303,0.8390401305541132,0.5657237936772047,0.14285714285714288,0.5
ukzn_ISTN212_2018,oulad_DDD_2013J,UKZN,OULAD,D3_other_institution,percentile,logistic_regression,1938,0.8523180774472704,0.5996383363471971,-0.33333333333333337,0.2
ukzn_ISTN212_2018,oulad_DDD_2014B,UKZN,OULAD,D3_other_institution,percentile,logistic_regression,1228,0.8492102204470261,0.5615474794841735,-0.14285714285714288,0.2
ukzn_ISTN212_2018,oulad_DDD_2014J,UKZN,OULAD,D3_other_institution,percentile,logistic_regression,1803,0.8428486147328877,0.6118192352259559,-0.14285714285714288,0.2
ukzn_ISTN212_2018,oulad_FFF_2013B,UKZN,OULAD,D3_other_institution,percentile,logistic_regression,1614,0.8353964809167813,0.6532831451275617,-0.23809523809523814,0.2
ukzn_ISTN212_2018,oulad_FFF_2013J,UKZN,OULAD,D3_other_institution,percentile,logistic_regression,2283,0.8617237827283489,0.6488888888888888,-0.5238095238095238,0.2
ukzn_ISTN212_2018,oulad_FFF_2014B,UKZN,OULAD,D3_other_institution,percentile,logistic_regression,1500,0.8652952190918225,0.6083720930232558,-0.23809523809523814,0.2
ukzn_ISTN212_2018,oulad_FFF_2014J,UKZN,OULAD,D3_other_institution,percentile,logistic_regression,2365,0.8862520229323051,0.6415852958070075,-0.33333333333333337,0.2
ukzn_ISTN212_2018,ku_Accountancy_1819,UKZN,KU Leuven,D3_other_institution,percentile,logistic_regression,756,0.6275078468298807,0.8140293637846656,-0.33333333333333337,0.2
ukzn_ISTN212_2018,ku_Globaleconom_1819,UKZN,KU Leuven,D3_other_institution,percentile,logistic_regression,743,0.613433934486566,0.7148080438756855,-0.04761904761904762,0.2
ukzn_ISTN212_2018,ukzn_ISTN101_2019,UKZN,UKZN,D2_other_module,percentile,logistic_regression,1056,0.6557451635420821,0.8885316184351554,0.4285714285714286,0.5
ukzn_ISTN212_2018,ukzn_ISTN101_2020,UKZN,UKZN,D2_other_module,percentile,logistic_regression,978,0.7884712550251534,0.9577765900587921,0.23809523809523814,0.5
ukzn_ISTN212_2018,ukzn_ISTN101_2021,UKZN,UKZN,D2_other_module,percentile,logistic_regression,741,0.7867443929390832,0.9554597701149425,-0.23809523809523814,0.2
ukzn_ISTN212_2018,ukzn_ISTN102_2018,UKZN,UKZN,D2_other_module,percentile,logistic_regression,257,0.6643323996265172,0.8545034642032333,-0.04761904761904762,0.2
ukzn_ISTN212_2018,ukzn_ISTN103_2019,UKZN,UKZN,D2_other_module,percentile,logistic_regression,1113,0.6535362853628537,0.8273615635179153,0.04761904761904762,0.2
ukzn_ISTN212_2018,ukzn_ISTN103_2020,UKZN,UKZN,D2_other_module,percentile,logistic_regression,1082,0.6756755541567375,0.9330024813895782,0.5238095238095238,0.5
ukzn_ISTN212_2018,ukzn_ISTN211_2019,UKZN,UKZN,D2_other_module,percentile,logistic_regression,280,0.7184916313772938,0.9530956848030019,-0.14285714285714288,0.2
ukzn_ISTN212_2018,ukzn_ISTN211_2021,UKZN,UKZN,D2_other_module,percentile,logistic_regression,327,0.8022770398481973,0.944078947368421,0.04761904761904762,0.2
ukzn_ISTN212_2018,ukzn_ISTN212_2018,UKZN,UKZN,D0_within_cohort,percentile,logistic_regression,238,0.751698687910028,0.8862559241706162,1.0,1.0
ukzn_ISTN212_2018,ukzn_ISTN212_2019,UKZN,UKZN,D1_same_module,percentile,logistic_regression,264,0.733161733161733,0.9017094017094017,0.33333333333333337,0.5
ukzn_ISTN212_2018,ukzn_ISTN2IP_2018,UKZN,UKZN,D2_other_module,percentile,logistic_regression,99,0.654054054054054,0.8488372093023255,-0.23809523809523814,0.2
ukzn_ISTN212_2018,ukzn_ISTN2IP_2019,UKZN,UKZN,D2_other_module,percentile,logistic_regression,116,0.7309253246753247,0.87,-0.14285714285714288,0.2
ukzn_ISTN212_2018,ukzn_ISTN3ND_2018,UKZN,UKZN,D2_other_module,percentile,logistic_regression,144,0.5521274450494051,0.7400881057268722,-0.14285714285714288,0.2
ukzn_ISTN212_2018,ukzn_ISTN3ND_2019,UKZN,UKZN,D2_other_module,percentile,logistic_regression,223,0.6628999492127984,0.8697916666666666,-0.23809523809523814,0.2
ukzn_ISTN212_2018,ukzn_ISTN3SA_2018,UKZN,UKZN,D2_other_module,percentile,logistic_regression,141,0.7099099099099099,0.8699186991869918,0.5238095238095238,0.5
ukzn_ISTN212_2018,ukzn_ISTN3SA_2019,UKZN,UKZN,D2_other_module,percentile,logistic_regression,195,0.6207058823529412,0.9230769230769231,0.23809523809523814,0.2
ukzn_ISTN212_2019,oulad_BBB_2013B,UKZN,OULAD,D3_other_institution,percentile,logistic_regression,1767,0.8074867070064025,0.6857876712328768,-0.33333333333333337,0.2
ukzn_ISTN212_2019,oulad_BBB_2013J,UKZN,OULAD,D3_other_institution,percentile,logistic_regression,2237,0.8125184165011852,0.7274590163934426,0.23809523809523814,0.5
ukzn_ISTN212_2019,oulad_BBB_2014B,UKZN,OULAD,D3_other_institution,percentile,logistic_regression,1613,0.8224521131090072,0.6213675213675214,0.04761904761904762,0.5
ukzn_ISTN212_2019,oulad_BBB_2014J,UKZN,OULAD,D3_other_institution,percentile,logistic_regression,2292,0.8193504050925925,0.6689895470383276,0.33333333333333337,0.5
ukzn_ISTN212_2019,oulad_DDD_2013B,UKZN,OULAD,D3_other_institution,percentile,logistic_regression,1303,0.7992433795712484,0.591990713871155,0.14285714285714288,0.5
ukzn_ISTN212_2019,oulad_DDD_2013J,UKZN,OULAD,D3_other_institution,percentile,logistic_regression,1938,0.8229607303333512,0.6368542791056284,0.04761904761904762,0.2
ukzn_ISTN212_2019,oulad_DDD_2014B,UKZN,OULAD,D3_other_institution,percentile,logistic_regression,1228,0.8206321023717079,0.6006269592476489,-0.04761904761904762,0.2
ukzn_ISTN212_2019,oulad_DDD_2014J,UKZN,OULAD,D3_other_institution,percentile,logistic_regression,1803,0.8252730070237488,0.649671052631579,0.33333333333333337,0.2
ukzn_ISTN212_2019,oulad_FFF_2013B,UKZN,OULAD,D3_other_institution,percentile,logistic_regression,1614,0.7978924847530986,0.6832678025338575,0.4285714285714286,1.0
ukzn_ISTN212_2019,oulad_FFF_2013J,UKZN,OULAD,D3_other_institution,percentile,logistic_regression,2283,0.8237173869593961,0.6869510664993727,-0.04761904761904762,0.5
ukzn_ISTN212_2019,oulad_FFF_2014B,UKZN,OULAD,D3_other_institution,percentile,logistic_regression,1500,0.8209798222974096,0.6488095238095238,0.33333333333333337,0.5
ukzn_ISTN212_2019,oulad_FFF_2014J,UKZN,OULAD,D3_other_institution,percentile,logistic_regression,2365,0.861567227348897,0.6901669758812616,0.23809523809523814,0.5
ukzn_ISTN212_2019,ku_Accountancy_1819,UKZN,KU Leuven,D3_other_institution,percentile,logistic_regression,756,0.6411676082862523,0.8251748251748252,0.5238095238095238,0.5
ukzn_ISTN212_2019,ku_Globaleconom_1819,UKZN,KU Leuven,D3_other_institution,percentile,logistic_regression,743,0.6071696724328304,0.7200689061154177,-0.04761904761904762,0.2
ukzn_ISTN212_2019,ukzn_ISTN101_2019,UKZN,UKZN,D2_other_module,percentile,logistic_regression,1056,0.6765369465496609,0.8982604111755403,0.33333333333333337,0.5
ukzn_ISTN212_2019,ukzn_ISTN101_2020,UKZN,UKZN,D2_other_module,percentile,logistic_regression,978,0.7067287625491532,0.9525862068965517,0.14285714285714288,0.5
ukzn_ISTN212_2019,ukzn_ISTN101_2021,UKZN,UKZN,D2_other_module,percentile,logistic_regression,741,0.7874233272463361,0.9527896995708155,0.4285714285714286,0.5
ukzn_ISTN212_2019,ukzn_ISTN102_2018,UKZN,UKZN,D2_other_module,percentile,logistic_regression,257,0.6623871770930594,0.849438202247191,0.5238095238095238,0.5
ukzn_ISTN212_2019,ukzn_ISTN103_2019,UKZN,UKZN,D2_other_module,percentile,logistic_regression,1113,0.6691820418204182,0.8441896821261073,0.23809523809523814,0.5
ukzn_ISTN212_2019,ukzn_ISTN103_2020,UKZN,UKZN,D2_other_module,percentile,logistic_regression,1082,0.6872307899824648,0.9328692192938837,-0.23809523809523814,0.2
ukzn_ISTN212_2019,ukzn_ISTN211_2019,UKZN,UKZN,D2_other_module,percentile,logistic_regression,280,0.7650736035491026,0.9570093457943926,-0.14285714285714288,0.2
ukzn_ISTN212_2019,ukzn_ISTN211_2021,UKZN,UKZN,D2_other_module,percentile,logistic_regression,327,0.7933586337760911,0.9733124018838305,0.33333333333333337,0.5
ukzn_ISTN212_2019,ukzn_ISTN212_2018,UKZN,UKZN,D1_same_module,percentile,logistic_regression,238,0.7337746016869728,0.9014084507042254,-0.23809523809523814,0.2
ukzn_ISTN212_2019,ukzn_ISTN212_2019,UKZN,UKZN,D0_within_cohort,percentile,logistic_regression,264,0.753861003861004,0.9125,1.0,1.0
ukzn_ISTN212_2019,ukzn_ISTN2IP_2018,UKZN,UKZN,D2_other_module,percentile,logistic_regression,99,0.7264864864864865,0.8452380952380952,0.04761904761904762,0.2
ukzn_ISTN212_2019,ukzn_ISTN2IP_2019,UKZN,UKZN,D2_other_module,percentile,logistic_regression,116,0.7215909090909091,0.8712871287128713,0.33333333333333337,0.5
ukzn_ISTN212_2019,ukzn_ISTN3ND_2018,UKZN,UKZN,D2_other_module,percentile,logistic_regression,144,0.6045573704375882,0.7522123893805309,0.33333333333333337,0.5
ukzn_ISTN212_2019,ukzn_ISTN3ND_2019,UKZN,UKZN,D2_other_module,percentile,logistic_regression,223,0.7439055358049771,0.8775510204081632,-0.14285714285714288,0.2
ukzn_ISTN212_2019,ukzn_ISTN3SA_2018,UKZN,UKZN,D2_other_module,percentile,logistic_regression,141,0.6420420420420421,0.8809523809523809,-0.4285714285714286,0.2
ukzn_ISTN212_2019,ukzn_ISTN3SA_2019,UKZN,UKZN,D2_other_module,percentile,logistic_regression,195,0.5757647058823528,0.9256198347107438,0.04761904761904762,0.2
ukzn_ISTN2IP_2018,oulad_BBB_2013B,UKZN,OULAD,D3_other_institution,percentile,logistic_regression,1767,0.7983405073298782,0.6244558765334388,-0.33333333333333337,0.2
ukzn_ISTN2IP_2018,oulad_BBB_2013J,UKZN,OULAD,D3_other_institution,percentile,logistic_regression,2237,0.79241960796874,0.6486157590508062,-0.5238095238095238,0.2
ukzn_ISTN2IP_2018,oulad_BBB_2014B,UKZN,OULAD,D3_other_institution,percentile,logistic_regression,1613,0.8109775787816594,0.6204819277108434,-0.23809523809523814,0.2
ukzn_ISTN2IP_2018,oulad_BBB_2014J,UKZN,OULAD,D3_other_institution,percentile,logistic_regression,2292,0.8012164199561402,0.6653013458162669,-0.6190476190476191,0.2
ukzn_ISTN2IP_2018,oulad_DDD_2013B,UKZN,OULAD,D3_other_institution,percentile,logistic_regression,1303,0.7845313156788567,0.6434558349451966,-0.6190476190476191,0.0
ukzn_ISTN2IP_2018,oulad_DDD_2013J,UKZN,OULAD,D3_other_institution,percentile,logistic_regression,1938,0.8113450537927973,0.6744379683597003,-0.7142857142857143,0.0
ukzn_ISTN2IP_2018,oulad_DDD_2014B,UKZN,OULAD,D3_other_institution,percentile,logistic_regression,1228,0.794554186375153,0.571256038647343,-0.6190476190476191,0.0
ukzn_ISTN2IP_2018,oulad_DDD_2014J,UKZN,OULAD,D3_other_institution,percentile,logistic_regression,1803,0.8088988300412633,0.6643776824034334,-1.0,0.0
ukzn_ISTN2IP_2018,oulad_FFF_2013B,UKZN,OULAD,D3_other_institution,percentile,logistic_regression,1614,0.7992112187684438,0.7230546157564041,-0.04761904761904762,0.2
ukzn_ISTN2IP_2018,oulad_FFF_2013J,UKZN,OULAD,D3_other_institution,percentile,logistic_regression,2283,0.8227610965053886,0.6977049180327869,-0.23809523809523814,0.2
ukzn_ISTN2IP_2018,oulad_FFF_2014B,UKZN,OULAD,D3_other_institution,percentile,logistic_regression,1500,0.8167324556647219,0.6677181913774973,-0.33333333333333337,0.2
ukzn_ISTN2IP_2018,oulad_FFF_2014J,UKZN,OULAD,D3_other_institution,percentile,logistic_regression,2365,0.8569546547528868,0.6494117647058824,-0.33333333333333337,0.2
ukzn_ISTN2IP_2018,ku_Accountancy_1819,UKZN,KU Leuven,D3_other_institution,percentile,logistic_regression,756,0.6405566017995395,0.7825295723384895,0.23809523809523814,0.5
ukzn_ISTN2IP_2018,ku_Globaleconom_1819,UKZN,KU Leuven,D3_other_institution,percentile,logistic_regression,743,0.6220758189179242,0.7051909892262488,0.5238095238095238,1.0
ukzn_ISTN2IP_2018,ukzn_ISTN101_2019,UKZN,UKZN,D2_other_module,percentile,logistic_regression,1056,0.6235291184682887,0.8404133180252583,-0.5238095238095238,0.2
ukzn_ISTN2IP_2018,ukzn_ISTN101_2020,UKZN,UKZN,D2_other_module,percentile,logistic_regression,978,0.5942532018189406,0.9298729983434566,0.23809523809523814,0.5
ukzn_ISTN2IP_2018,ukzn_ISTN101_2021,UKZN,UKZN,D2_other_module,percentile,logistic_regression,741,0.7683429320597462,0.8658634538152611,0.23809523809523814,0.2
ukzn_ISTN2IP_2018,ukzn_ISTN102_2018,UKZN,UKZN,D2_other_module,percentile,logistic_regression,257,0.6321195144724557,0.8129675810473815,-0.4285714285714286,0.0
ukzn_ISTN2IP_2018,ukzn_ISTN103_2019,UKZN,UKZN,D2_other_module,percentile,logistic_regression,1113,0.6637740877408774,0.8028004667444574,0.4285714285714286,0.5
ukzn_ISTN2IP_2018,ukzn_ISTN103_2020,UKZN,UKZN,D2_other_module,percentile,logistic_regression,1082,0.6484915246616608,0.8978102189781022,-0.5238095238095238,0.0
ukzn_ISTN2IP_2018,ukzn_ISTN211_2019,UKZN,UKZN,D2_other_module,percentile,logistic_regression,280,0.6779592659810446,0.8690228690228691,0.23809523809523814,0.5
ukzn_ISTN2IP_2018,ukzn_ISTN211_2021,UKZN,UKZN,D2_other_module,percentile,logistic_regression,327,0.8352941176470589,0.8869257950530035,0.33333333333333337,0.5
ukzn_ISTN2IP_2018,ukzn_ISTN212_2018,UKZN,UKZN,D2_other_module,percentile,logistic_regression,238,0.7102272727272727,0.8363636363636363,0.23809523809523814,0.2
ukzn_ISTN2IP_2018,ukzn_ISTN212_2019,UKZN,UKZN,D2_other_module,percentile,logistic_regression,264,0.7146074646074646,0.8531468531468531,0.33333333333333337,0.5
ukzn_ISTN2IP_2018,ukzn_ISTN2IP_2018,UKZN,UKZN,D0_within_cohort,percentile,logistic_regression,99,0.7227027027027028,0.8518518518518519,1.0,1.0
ukzn_ISTN2IP_2018,ukzn_ISTN2IP_2019,UKZN,UKZN,D1_same_module,percentile,logistic_regression,116,0.7118506493506493,0.8287292817679558,-0.14285714285714288,0.2
ukzn_ISTN2IP_2018,ukzn_ISTN3ND_2018,UKZN,UKZN,D2_other_module,percentile,logistic_regression,144,0.5652349263964509,0.729064039408867,0.5238095238095238,0.5
ukzn_ISTN2IP_2018,ukzn_ISTN3ND_2019,UKZN,UKZN,D2_other_module,percentile,logistic_regression,223,0.6359827323514474,0.8533333333333334,0.33333333333333337,0.5
ukzn_ISTN2IP_2018,ukzn_ISTN3SA_2018,UKZN,UKZN,D2_other_module,percentile,logistic_regression,141,0.6198198198198198,0.8127853881278538,0.14285714285714288,0.2
ukzn_ISTN2IP_2018,ukzn_ISTN3SA_2019,UKZN,UKZN,D2_other_module,percentile,logistic_regression,195,0.5576470588235294,0.8430769230769231,-0.04761904761904762,0.2
ukzn_ISTN2IP_2019,oulad_BBB_2013B,UKZN,OULAD,D3_other_institution,percentile,logistic_regression,1767,0.84716286952972,0.7734015345268542,0.14285714285714288,0.5
ukzn_ISTN2IP_2019,oulad_BBB_2013J,UKZN,OULAD,D3_other_institution,percentile,logistic_regression,2237,0.8532677278841844,0.7903481012658228,0.6190476190476191,0.5
ukzn_ISTN2IP_2019,oulad_BBB_2014B,UKZN,OULAD,D3_other_institution,percentile,logistic_regression,1613,0.8472874703860449,0.7764044943820225,0.33333333333333337,0.5
ukzn_ISTN2IP_2019,oulad_BBB_2014J,UKZN,OULAD,D3_other_institution,percentile,logistic_regression,2292,0.852581703825536,0.8072289156626506,0.14285714285714288,0.2
ukzn_ISTN2IP_2019,oulad_DDD_2013B,UKZN,OULAD,D3_other_institution,percentile,logistic_regression,1303,0.8182207056845436,0.711768851303735,0.04761904761904762,0.5
ukzn_ISTN2IP_2019,oulad_DDD_2013J,UKZN,OULAD,D3_other_institution,percentile,logistic_regression,1938,0.8450260561411678,0.7570356472795498,-0.23809523809523814,0.2
ukzn_ISTN2IP_2019,oulad_DDD_2014B,UKZN,OULAD,D3_other_institution,percentile,logistic_regression,1228,0.850835212433558,0.7292307692307692,-0.33333333333333337,0.2
ukzn_ISTN2IP_2019,oulad_DDD_2014J,UKZN,OULAD,D3_other_institution,percentile,logistic_regression,1803,0.8425189081717273,0.759493670886076,0.14285714285714288,0.2
ukzn_ISTN2IP_2019,oulad_FFF_2013B,UKZN,OULAD,D3_other_institution,percentile,logistic_regression,1614,0.8391267460161322,0.770042194092827,0.14285714285714288,0.5
ukzn_ISTN2IP_2019,oulad_FFF_2013J,UKZN,OULAD,D3_other_institution,percentile,logistic_regression,2283,0.867469981396922,0.7903039630627164,0.23809523809523814,0.2
ukzn_ISTN2IP_2019,oulad_FFF_2014B,UKZN,OULAD,D3_other_institution,percentile,logistic_regression,1500,0.8608978390844486,0.7568223165554882,0.33333333333333337,0.2
ukzn_ISTN2IP_2019,oulad_FFF_2014J,UKZN,OULAD,D3_other_institution,percentile,logistic_regression,2365,0.8974584940201547,0.8148704468644387,0.33333333333333337,0.2
ukzn_ISTN2IP_2019,ku_Accountancy_1819,UKZN,KU Leuven,D3_other_institution,percentile,logistic_regression,756,0.654492571667713,0.8053244592346089,0.23809523809523814,0.2
ukzn_ISTN2IP_2019,ku_Globaleconom_1819,UKZN,KU Leuven,D3_other_institution,percentile,logistic_regression,743,0.6244755244755245,0.6882845188284519,-0.14285714285714288,0.0
ukzn_ISTN2IP_2019,ukzn_ISTN101_2019,UKZN,UKZN,D2_other_module,percentile,logistic_regression,1056,0.6416533705624252,0.8627232142857143,0.14285714285714288,0.2
ukzn_ISTN2IP_2019,ukzn_ISTN101_2020,UKZN,UKZN,D2_other_module,percentile,logistic_regression,978,0.7098482019287802,0.799493991144845,0.14285714285714288,0.2
ukzn_ISTN2IP_2019,ukzn_ISTN101_2021,UKZN,UKZN,D2_other_module,percentile,logistic_regression,741,0.8018682399213373,0.9441997063142438,0.5238095238095238,0.5
ukzn_ISTN2IP_2019,ukzn_ISTN102_2018,UKZN,UKZN,D2_other_module,percentile,logistic_regression,257,0.6721910986616869,0.7935656836461126,0.5238095238095238,1.0
ukzn_ISTN2IP_2019,ukzn_ISTN103_2019,UKZN,UKZN,D2_other_module,percentile,logistic_regression,1113,0.6604612546125461,0.7882069795427196,0.4285714285714286,0.5
ukzn_ISTN2IP_2019,ukzn_ISTN103_2020,UKZN,UKZN,D2_other_module,percentile,logistic_regression,1082,0.6585989838586395,0.7833827893175074,0.33333333333333337,0.5
ukzn_ISTN2IP_2019,ukzn_ISTN211_2019,UKZN,UKZN,D2_other_module,percentile,logistic_regression,280,0.72554950594878,0.9386973180076629,0.14285714285714288,0.2
ukzn_ISTN2IP_2019,ukzn_ISTN211_2021,UKZN,UKZN,D2_other_module,percentile,logistic_regression,327,0.8358633776091082,0.9149659863945578,0.23809523809523814,0.2
ukzn_ISTN2IP_2019,ukzn_ISTN212_2018,UKZN,UKZN,D2_other_module,percentile,logistic_regression,238,0.762828022492971,0.8724489795918368,-0.04761904761904762,0.2
ukzn_ISTN2IP_2019,ukzn_ISTN212_2019,UKZN,UKZN,D2_other_module,percentile,logistic_regression,264,0.7334834834834835,0.8584474885844748,0.23809523809523814,0.2
ukzn_ISTN2IP_2019,ukzn_ISTN2IP_2018,UKZN,UKZN,D1_same_module,percentile,logistic_regression,99,0.6810810810810811,0.7746478873239436,0.33333333333333337,0.2
ukzn_ISTN2IP_2019,ukzn_ISTN2IP_2019,UKZN,UKZN,D0_within_cohort,percentile,logistic_regression,116,0.7045454545454546,0.8469387755102041,1.0,1.0
ukzn_ISTN2IP_2019,ukzn_ISTN3ND_2018,UKZN,UKZN,D2_other_module,percentile,logistic_regression,144,0.5390199637023593,0.6424870466321243,0.33333333333333337,0.5
ukzn_ISTN2IP_2019,ukzn_ISTN3ND_2019,UKZN,UKZN,D2_other_module,percentile,logistic_regression,223,0.6549009649568309,0.8563829787234043,0.14285714285714288,0.2
ukzn_ISTN2IP_2019,ukzn_ISTN3SA_2018,UKZN,UKZN,D2_other_module,percentile,logistic_regression,141,0.6189189189189189,0.8270042194092827,0.5238095238095238,0.5
ukzn_ISTN2IP_2019,ukzn_ISTN3SA_2019,UKZN,UKZN,D2_other_module,percentile,logistic_regression,195,0.6571764705882354,0.8761329305135952,0.4285714285714286,0.5
ukzn_ISTN3ND_2018,oulad_BBB_2013B,UKZN,OULAD,D3_other_institution,percentile,logistic_regression,1767,0.5239183456230009,0.5693678404751803,-0.04761904761904762,0.5
ukzn_ISTN3ND_2018,oulad_BBB_2013J,UKZN,OULAD,D3_other_institution,percentile,logistic_regression,2237,0.5286120363846006,0.5841228356746161,-0.23809523809523814,0.2
ukzn_ISTN3ND_2018,oulad_BBB_2014B,UKZN,OULAD,D3_other_institution,percentile,logistic_regression,1613,0.5491374304867711,0.5605920444033302,-0.23809523809523814,0.2
ukzn_ISTN3ND_2018,oulad_BBB_2014J,UKZN,OULAD,D3_other_institution,percentile,logistic_regression,2292,0.5430308083576998,0.6104542626011201,-0.33333333333333337,0.2
ukzn_ISTN3ND_2018,oulad_DDD_2013B,UKZN,OULAD,D3_other_institution,percentile,logistic_regression,1303,0.5882773285859111,0.5403764420157863,-0.23809523809523814,0.5
ukzn_ISTN3ND_2018,oulad_DDD_2013J,UKZN,OULAD,D3_other_institution,percentile,logistic_regression,1938,0.5806804943868622,0.5662027833001988,-0.4285714285714286,0.2
ukzn_ISTN3ND_2018,oulad_DDD_2014B,UKZN,OULAD,D3_other_institution,percentile,logistic_regression,1228,0.555992541203163,0.5294490183660545,-0.33333333333333337,0.2
ukzn_ISTN3ND_2018,oulad_DDD_2014J,UKZN,OULAD,D3_other_institution,percentile,logistic_regression,1803,0.5765618599446493,0.5676238035788598,-0.14285714285714288,0.2
ukzn_ISTN3ND_2018,oulad_FFF_2013B,UKZN,OULAD,D3_other_institution,percentile,logistic_regression,1614,0.5907651731261065,0.6222838650023116,-0.5238095238095238,0.2
ukzn_ISTN3ND_2018,oulad_FFF_2013J,UKZN,OULAD,D3_other_institution,percentile,logistic_regression,2283,0.5473148532509262,0.5982575024201355,-0.5238095238095238,0.2
ukzn_ISTN3ND_2018,oulad_FFF_2014B,UKZN,OULAD,D3_other_institution,percentile,logistic_regression,1500,0.5825633851692802,0.5736118186449313,-0.23809523809523814,0.2
ukzn_ISTN3ND_2018,oulad_FFF_2014J,UKZN,OULAD,D3_other_institution,percentile,logistic_regression,2365,0.5742670815829947,0.599567767829577,-0.23809523809523814,0.2
ukzn_ISTN3ND_2018,ku_Accountancy_1819,UKZN,KU Leuven,D3_other_institution,percentile,logistic_regression,756,0.6138731952291274,0.7793594306049823,0.8095238095238096,0.5
ukzn_ISTN3ND_2018,ku_Globaleconom_1819,UKZN,KU Leuven,D3_other_institution,percentile,logistic_regression,743,0.5450128818549871,0.6794625719769674,-0.14285714285714288,0.2
ukzn_ISTN3ND_2018,ukzn_ISTN101_2019,UKZN,UKZN,D2_other_module,percentile,logistic_regression,1056,0.6293752493019547,0.8045977011494253,0.23809523809523814,0.5
ukzn_ISTN3ND_2018,ukzn_ISTN101_2020,UKZN,UKZN,D2_other_module,percentile,logistic_regression,978,0.6071922848795062,0.8598574821852731,0.14285714285714288,0.5
ukzn_ISTN3ND_2018,ukzn_ISTN101_2021,UKZN,UKZN,D2_other_module,percentile,logistic_regression,741,0.6083017277707544,0.8287112561174551,0.04761904761904762,0.2
ukzn_ISTN3ND_2018,ukzn_ISTN102_2018,UKZN,UKZN,D2_other_module,percentile,logistic_regression,257,0.5586679116090881,0.7589743589743589,-0.04761904761904762,0.5
ukzn_ISTN3ND_2018,ukzn_ISTN103_2019,UKZN,UKZN,D2_other_module,percentile,logistic_regression,1113,0.6264596145961461,0.7865961199294532,0.4285714285714286,0.5
ukzn_ISTN3ND_2018,ukzn_ISTN103_2020,UKZN,UKZN,D2_other_module,percentile,logistic_regression,1082,0.6108313475113529,0.865186789388197,0.6190476190476191,0.5
ukzn_ISTN3ND_2018,ukzn_ISTN211_2019,UKZN,UKZN,D2_other_module,percentile,logistic_regression,280,0.7749546279491834,0.8504273504273504,0.7142857142857143,0.5
ukzn_ISTN3ND_2018,ukzn_ISTN211_2021,UKZN,UKZN,D2_other_module,percentile,logistic_regression,327,0.6094876660341556,0.8339350180505415,0.4285714285714286,0.5
ukzn_ISTN3ND_2018,ukzn_ISTN212_2018,UKZN,UKZN,D2_other_module,percentile,logistic_regression,238,0.6244728209934395,0.8241469816272966,0.5238095238095238,0.5
ukzn_ISTN3ND_2018,ukzn_ISTN212_2019,UKZN,UKZN,D2_other_module,percentile,logistic_regression,264,0.7120334620334621,0.8452655889145496,-0.04761904761904762,0.2
ukzn_ISTN3ND_2018,ukzn_ISTN2IP_2018,UKZN,UKZN,D2_other_module,percentile,logistic_regression,99,0.6578378378378379,0.821917808219178,0.04761904761904762,0.2
ukzn_ISTN3ND_2018,ukzn_ISTN2IP_2019,UKZN,UKZN,D2_other_module,percentile,logistic_regression,116,0.6858766233766234,0.8208092485549133,0.4285714285714286,0.5
ukzn_ISTN3ND_2018,ukzn_ISTN3ND_2018,UKZN,UKZN,D0_within_cohort,percentile,logistic_regression,144,0.5743093365597902,0.6974358974358974,1.0,1.0
ukzn_ISTN3ND_2018,ukzn_ISTN3ND_2019,UKZN,UKZN,D1_same_module,percentile,logistic_regression,223,0.4498476383951244,0.7477744807121661,-0.4285714285714286,0.2
ukzn_ISTN3ND_2018,ukzn_ISTN3SA_2018,UKZN,UKZN,D2_other_module,percentile,logistic_regression,141,0.7039039039039038,0.8198198198198198,0.04761904761904762,0.2
ukzn_ISTN3ND_2018,ukzn_ISTN3SA_2019,UKZN,UKZN,D2_other_module,percentile,logistic_regression,195,0.5952941176470588,0.7936507936507936,0.23809523809523814,0.5
ukzn_ISTN3ND_2019,oulad_BBB_2013B,UKZN,OULAD,D3_other_institution,percentile,logistic_regression,1767,0.7846547955540167,0.6249027237354086,0.23809523809523814,0.5
ukzn_ISTN3ND_2019,oulad_BBB_2013J,UKZN,OULAD,D3_other_institution,percentile,logistic_regression,2237,0.8070839472167061,0.6479298881837413,0.4285714285714286,1.0
ukzn_ISTN3ND_2019,oulad_BBB_2014B,UKZN,OULAD,D3_other_institution,percentile,logistic_regression,1613,0.8170633824027125,0.6213675213675214,0.6190476190476191,1.0
ukzn_ISTN3ND_2019,oulad_BBB_2014J,UKZN,OULAD,D3_other_institution,percentile,logistic_regression,2292,0.8077953673245614,0.6689895470383276,0.33333333333333337,1.0
ukzn_ISTN3ND_2019,oulad_DDD_2013B,UKZN,OULAD,D3_other_institution,percentile,logistic_regression,1303,0.7722795044877976,0.5626034197462769,-0.04761904761904762,0.5
ukzn_ISTN3ND_2019,oulad_DDD_2013J,UKZN,OULAD,D3_other_institution,percentile,logistic_regression,1938,0.7963248386651164,0.5992049150704735,0.23809523809523814,0.5
ukzn_ISTN3ND_2019,oulad_DDD_2014B,UKZN,OULAD,D3_other_institution,percentile,logistic_regression,1228,0.7999921955787954,0.5612185120093731,0.23809523809523814,0.5
ukzn_ISTN3ND_2019,oulad_DDD_2014J,UKZN,OULAD,D3_other_institution,percentile,logistic_regression,1803,0.8027605431166261,0.6104046242774567,0.33333333333333337,0.5
ukzn_ISTN3ND_2019,oulad_FFF_2013B,UKZN,OULAD,D3_other_institution,percentile,logistic_regression,1614,0.7762209817037183,0.6527545909849749,0.23809523809523814,0.5
ukzn_ISTN3ND_2019,oulad_FFF_2013J,UKZN,OULAD,D3_other_institution,percentile,logistic_regression,2283,0.80874344664299,0.6483126110124334,0.7142857142857143,1.0
ukzn_ISTN3ND_2019,oulad_FFF_2014B,UKZN,OULAD,D3_other_institution,percentile,logistic_regression,1500,0.802445037268383,0.6072423398328691,0.5238095238095238,1.0
ukzn_ISTN3ND_2019,oulad_FFF_2014J,UKZN,OULAD,D3_other_institution,percentile,logistic_regression,2365,0.8452065829947433,0.6415852958070075,0.8095238095238096,1.0
ukzn_ISTN3ND_2019,ku_Accountancy_1819,UKZN,KU Leuven,D3_other_institution,percentile,logistic_regression,756,0.6334421427076795,0.8251748251748252,0.23809523809523814,0.5
ukzn_ISTN3ND_2019,ku_Globaleconom_1819,UKZN,KU Leuven,D3_other_institution,percentile,logistic_regression,743,0.6051748251748251,0.7200689061154177,-0.23809523809523814,0.2
ukzn_ISTN3ND_2019,ukzn_ISTN101_2019,UKZN,UKZN,D2_other_module,percentile,logistic_regression,1056,0.6468014559234145,0.9014675052410901,0.23809523809523814,0.5
ukzn_ISTN3ND_2019,ukzn_ISTN101_2020,UKZN,UKZN,D2_other_module,percentile,logistic_regression,978,0.5956811142110235,0.9694415173867229,-0.14285714285714288,0.2
ukzn_ISTN3ND_2019,ukzn_ISTN101_2021,UKZN,UKZN,D2_other_module,percentile,logistic_regression,741,0.8247881256730815,0.9540636042402827,-0.04761904761904762,0.2
ukzn_ISTN3ND_2019,ukzn_ISTN102_2018,UKZN,UKZN,D2_other_module,percentile,logistic_regression,257,0.6298630563336446,0.8475336322869955,-0.04761904761904762,0.5
ukzn_ISTN3ND_2019,ukzn_ISTN103_2019,UKZN,UKZN,D2_other_module,percentile,logistic_regression,1113,0.6524333743337434,0.8442367601246106,-0.23809523809523814,0.2
ukzn_ISTN3ND_2019,ukzn_ISTN103_2020,UKZN,UKZN,D2_other_module,percentile,logistic_regression,1082,0.6752888808956432,0.9438750610053684,-0.23809523809523814,0.2
ukzn_ISTN3ND_2019,ukzn_ISTN211_2019,UKZN,UKZN,D2_other_module,percentile,logistic_regression,280,0.7194998991732203,0.9628252788104089,-0.04761904761904762,0.5
ukzn_ISTN3ND_2019,ukzn_ISTN211_2021,UKZN,UKZN,D2_other_module,percentile,logistic_regression,327,0.7838709677419355,0.9733124018838305,0.04761904761904762,0.2
ukzn_ISTN3ND_2019,ukzn_ISTN212_2018,UKZN,UKZN,D2_other_module,percentile,logistic_regression,238,0.7026124648547328,0.8981481481481481,-0.6190476190476191,0.2
ukzn_ISTN3ND_2019,ukzn_ISTN212_2019,UKZN,UKZN,D2_other_module,percentile,logistic_regression,264,0.7614757614757615,0.9154639175257732,-0.33333333333333337,0.5
ukzn_ISTN3ND_2019,ukzn_ISTN2IP_2018,UKZN,UKZN,D2_other_module,percentile,logistic_regression,99,0.725945945945946,0.8554913294797688,-0.4285714285714286,0.2
ukzn_ISTN3ND_2019,ukzn_ISTN2IP_2019,UKZN,UKZN,D2_other_module,percentile,logistic_regression,116,0.6939935064935066,0.8627450980392157,-0.14285714285714288,0.2
ukzn_ISTN3ND_2019,ukzn_ISTN3ND_2018,UKZN,UKZN,D1_same_module,percentile,logistic_regression,144,0.5795523290986085,0.7532467532467533,-0.04761904761904762,0.2
ukzn_ISTN3ND_2019,ukzn_ISTN3ND_2019,UKZN,UKZN,D0_within_cohort,percentile,logistic_regression,223,0.76536312849162,0.8688946015424165,1.0,1.0
ukzn_ISTN3ND_2019,ukzn_ISTN3SA_2018,UKZN,UKZN,D2_other_module,percentile,logistic_regression,141,0.5840840840840841,0.8764940239043825,-0.6190476190476191,0.0
ukzn_ISTN3ND_2019,ukzn_ISTN3SA_2019,UKZN,UKZN,D2_other_module,percentile,logistic_regression,195,0.5468235294117647,0.9285714285714286,-0.33333333333333337,0.2
ukzn_ISTN3SA_2018,oulad_BBB_2013B,UKZN,OULAD,D3_other_institution,percentile,logistic_regression,1767,0.2415475163158901,0.6235294117647059,-0.04761904761904762,0.2
ukzn_ISTN3SA_2018,oulad_BBB_2013J,UKZN,OULAD,D3_other_institution,percentile,logistic_regression,2237,0.18267167381974247,0.6443768996960486,0.14285714285714288,0.5
ukzn_ISTN3SA_2018,oulad_BBB_2014B,UKZN,OULAD,D3_other_institution,percentile,logistic_regression,1613,0.20769124482629067,0.6152520465316674,0.14285714285714288,0.5
ukzn_ISTN3SA_2018,oulad_BBB_2014J,UKZN,OULAD,D3_other_institution,percentile,logistic_regression,2292,0.22651719359161793,0.6532186294867992,-0.04761904761904762,0.2
ukzn_ISTN3SA_2018,oulad_DDD_2013B,UKZN,OULAD,D3_other_institution,percentile,logistic_regression,1303,0.34241525109413246,0.5612472160356348,0.04761904761904762,0.5
ukzn_ISTN3SA_2018,oulad_DDD_2013J,UKZN,OULAD,D3_other_institution,percentile,logistic_regression,1938,0.28874076668468646,0.5988286969253295,-0.33333333333333337,0.2
ukzn_ISTN3SA_2018,oulad_DDD_2014B,UKZN,OULAD,D3_other_institution,percentile,logistic_regression,1228,0.2267769691530252,0.5556872037914692,-0.04761904761904762,0.2
ukzn_ISTN3SA_2018,oulad_DDD_2014J,UKZN,OULAD,D3_other_institution,percentile,logistic_regression,1803,0.26219789387445175,0.60546875,-0.33333333333333337,0.2
ukzn_ISTN3SA_2018,oulad_FFF_2013B,UKZN,OULAD,D3_other_institution,percentile,logistic_regression,1614,0.34798285953177255,0.6497031382527566,0.04761904761904762,0.2
ukzn_ISTN3SA_2018,oulad_FFF_2013J,UKZN,OULAD,D3_other_institution,percentile,logistic_regression,2283,0.24591654751472108,0.6397124887690926,-0.23809523809523814,0.2
ukzn_ISTN3SA_2018,oulad_FFF_2014B,UKZN,OULAD,D3_other_institution,percentile,logistic_regression,1500,0.30191366459178287,0.6056603773584905,-0.04761904761904762,0.2
ukzn_ISTN3SA_2018,oulad_FFF_2014J,UKZN,OULAD,D3_other_institution,percentile,logistic_regression,2365,0.20979637249500724,0.6373434314011069,-0.23809523809523814,0.2
ukzn_ISTN3SA_2018,ku_Accountancy_1819,UKZN,KU Leuven,D3_other_institution,percentile,logistic_regression,756,0.6140657041222013,0.8104575163398693,0.04761904761904762,0.5
ukzn_ISTN3SA_2018,ku_Globaleconom_1819,UKZN,KU Leuven,D3_other_institution,percentile,logistic_regression,743,0.5531174089068827,0.7040998217468806,0.23809523809523814,0.5
ukzn_ISTN3SA_2018,ukzn_ISTN101_2019,UKZN,UKZN,D2_other_module,percentile,logistic_regression,1056,0.6186988930993218,0.8796951551442569,0.6190476190476191,1.0
ukzn_ISTN3SA_2018,ukzn_ISTN101_2020,UKZN,UKZN,D2_other_module,percentile,logistic_regression,978,0.5605764372487423,0.9303867403314917,0.7142857142857143,1.0
ukzn_ISTN3SA_2018,ukzn_ISTN101_2021,UKZN,UKZN,D2_other_module,percentile,logistic_regression,741,0.6705529802874935,0.9158600148920327,0.23809523809523814,0.5
ukzn_ISTN3SA_2018,ukzn_ISTN102_2018,UKZN,UKZN,D2_other_module,percentile,logistic_regression,257,0.5150949268596328,0.822429906542056,0.23809523809523814,0.2
ukzn_ISTN3SA_2018,ukzn_ISTN103_2019,UKZN,UKZN,D2_other_module,percentile,logistic_regression,1113,0.6103751537515374,0.8194217130387343,0.14285714285714288,0.2
ukzn_ISTN3SA_2018,ukzn_ISTN103_2020,UKZN,UKZN,D2_other_module,percentile,logistic_regression,1082,0.6133042579020728,0.9064748201438849,0.14285714285714288,0.5
ukzn_ISTN3SA_2018,ukzn_ISTN211_2019,UKZN,UKZN,D2_other_module,percentile,logistic_regression,280,0.6876386368219398,0.9123505976095617,0.23809523809523814,0.5
ukzn_ISTN3SA_2018,ukzn_ISTN211_2021,UKZN,UKZN,D2_other_module,percentile,logistic_regression,327,0.5180265654648957,0.9398373983739837,0.5238095238095238,0.5
ukzn_ISTN3SA_2018,ukzn_ISTN212_2018,UKZN,UKZN,D2_other_module,percentile,logistic_regression,238,0.5977624179943768,0.8676470588235294,0.6190476190476191,1.0
ukzn_ISTN3SA_2018,ukzn_ISTN212_2019,UKZN,UKZN,D2_other_module,percentile,logistic_regression,264,0.6062848562848564,0.8733624454148472,0.23809523809523814,0.5
ukzn_ISTN3SA_2018,ukzn_ISTN2IP_2018,UKZN,UKZN,D2_other_module,percentile,logistic_regression,99,0.508108108108108,0.8402366863905325,-0.14285714285714288,0.2
ukzn_ISTN3SA_2018,ukzn_ISTN2IP_2019,UKZN,UKZN,D2_other_module,percentile,logistic_regression,116,0.6911525974025974,0.8432432432432433,-0.04761904761904762,0.2
ukzn_ISTN3SA_2018,ukzn_ISTN3ND_2018,UKZN,UKZN,D2_other_module,percentile,logistic_regression,144,0.6067755595886267,0.7649769585253456,0.04761904761904762,0.2
ukzn_ISTN3SA_2018,ukzn_ISTN3ND_2019,UKZN,UKZN,D2_other_module,percentile,logistic_regression,223,0.5909090909090909,0.8534031413612565,0.23809523809523814,0.2
ukzn_ISTN3SA_2018,ukzn_ISTN3SA_2018,UKZN,UKZN,D0_within_cohort,percentile,logistic_regression,141,0.7375375375375375,0.8916666666666667,1.0,1.0
ukzn_ISTN3SA_2018,ukzn_ISTN3SA_2019,UKZN,UKZN,D1_same_module,percentile,logistic_regression,195,0.5607058823529412,0.8545994065281899,-0.14285714285714288,0.2
ukzn_ISTN3SA_2019,oulad_BBB_2013B,UKZN,OULAD,D3_other_institution,percentile,logistic_regression,1767,0.7608100845894286,0.6249027237354086,0.33333333333333337,0.5
ukzn_ISTN3SA_2019,oulad_BBB_2013J,UKZN,OULAD,D3_other_institution,percentile,logistic_regression,2237,0.7745564025366728,0.6479298881837413,0.5238095238095238,0.2
ukzn_ISTN3SA_2019,oulad_BBB_2014B,UKZN,OULAD,D3_other_institution,percentile,logistic_regression,1613,0.7639383532933203,0.6213675213675214,0.4285714285714286,0.2
ukzn_ISTN3SA_2019,oulad_BBB_2014J,UKZN,OULAD,D3_other_institution,percentile,logistic_regression,2292,0.7780385751705652,0.6689895470383276,0.14285714285714288,0.2
ukzn_ISTN3SA_2019,oulad_DDD_2013B,UKZN,OULAD,D3_other_institution,percentile,logistic_regression,1303,0.672504512523799,0.5626034197462769,0.33333333333333337,0.5
ukzn_ISTN3SA_2019,oulad_DDD_2013J,UKZN,OULAD,D3_other_institution,percentile,logistic_regression,1938,0.7080493951777376,0.5992049150704735,-0.14285714285714288,0.2
ukzn_ISTN3SA_2019,oulad_DDD_2014B,UKZN,OULAD,D3_other_institution,percentile,logistic_regression,1228,0.760997962488607,0.5612185120093731,-0.04761904761904762,0.2
ukzn_ISTN3SA_2019,oulad_DDD_2014J,UKZN,OULAD,D3_other_institution,percentile,logistic_regression,1803,0.727756047118065,0.6104046242774567,0.14285714285714288,0.2
ukzn_ISTN3SA_2019,oulad_FFF_2013B,UKZN,OULAD,D3_other_institution,percentile,logistic_regression,1614,0.7029743753688765,0.6527545909849749,-0.14285714285714288,0.5
ukzn_ISTN3SA_2019,oulad_FFF_2013J,UKZN,OULAD,D3_other_institution,percentile,logistic_regression,2283,0.7593099949264334,0.6483126110124334,0.04761904761904762,0.2
ukzn_ISTN3SA_2019,oulad_FFF_2014B,UKZN,OULAD,D3_other_institution,percentile,logistic_regression,1500,0.7399129560948807,0.6072423398328691,0.14285714285714288,0.2
ukzn_ISTN3SA_2019,oulad_FFF_2014J,UKZN,OULAD,D3_other_institution,percentile,logistic_regression,2365,0.8014954634667033,0.6415852958070075,0.14285714285714288,0.2
ukzn_ISTN3SA_2019,ku_Accountancy_1819,UKZN,KU Leuven,D3_other_institution,percentile,logistic_regression,756,0.6150198786356977,0.8251748251748252,0.4285714285714286,0.5
ukzn_ISTN3SA_2019,ku_Globaleconom_1819,UKZN,KU Leuven,D3_other_institution,percentile,logistic_regression,743,0.5954140596245859,0.7200689061154177,-0.14285714285714288,0.2
ukzn_ISTN3SA_2019,ukzn_ISTN101_2019,UKZN,UKZN,D2_other_module,percentile,logistic_regression,1056,0.6241149780614279,0.9050337311883757,-0.23809523809523814,0.2
ukzn_ISTN3SA_2019,ukzn_ISTN101_2020,UKZN,UKZN,D2_other_module,percentile,logistic_regression,978,0.6980294808989259,0.9682875264270613,-0.23809523809523814,0.2
ukzn_ISTN3SA_2019,ukzn_ISTN101_2021,UKZN,UKZN,D2_other_module,percentile,logistic_regression,741,0.5361942220349301,0.9548660084626234,0.04761904761904762,0.2
ukzn_ISTN3SA_2019,ukzn_ISTN102_2018,UKZN,UKZN,D2_other_module,percentile,logistic_regression,257,0.6457360722066604,0.849438202247191,0.33333333333333337,0.5
ukzn_ISTN3SA_2019,ukzn_ISTN103_2019,UKZN,UKZN,D2_other_module,percentile,logistic_regression,1113,0.645430504305043,0.8446753246753247,0.33333333333333337,0.5
ukzn_ISTN3SA_2019,ukzn_ISTN103_2020,UKZN,UKZN,D2_other_module,percentile,logistic_regression,1082,0.6471156872442786,0.9422135161606269,0.14285714285714288,0.2
ukzn_ISTN3SA_2019,ukzn_ISTN211_2019,UKZN,UKZN,D2_other_module,percentile,logistic_regression,280,0.6620286348054043,0.9629629629629629,0.04761904761904762,0.2
ukzn_ISTN3SA_2019,ukzn_ISTN211_2021,UKZN,UKZN,D2_other_module,percentile,logistic_regression,327,0.616888045540797,0.9733124018838305,-0.04761904761904762,0.5
ukzn_ISTN3SA_2019,ukzn_ISTN212_2018,UKZN,UKZN,D2_other_module,percentile,logistic_regression,238,0.6576265229615745,0.8955916473317865,0.04761904761904762,0.2
ukzn_ISTN3SA_2019,ukzn_ISTN212_2019,UKZN,UKZN,D2_other_module,percentile,logistic_regression,264,0.6191548691548692,0.9135802469135802,0.04761904761904762,0.2
ukzn_ISTN3SA_2019,ukzn_ISTN2IP_2018,UKZN,UKZN,D2_other_module,percentile,logistic_regression,99,0.5459459459459459,0.8554913294797688,0.23809523809523814,0.2
ukzn_ISTN3SA_2019,ukzn_ISTN2IP_2019,UKZN,UKZN,D2_other_module,percentile,logistic_regression,116,0.6140422077922079,0.8627450980392157,0.4285714285714286,0.5
ukzn_ISTN3SA_2019,ukzn_ISTN3ND_2018,UKZN,UKZN,D2_other_module,percentile,logistic_regression,144,0.5537406735228877,0.7510917030567685,0.33333333333333337,0.5
ukzn_ISTN3SA_2019,ukzn_ISTN3ND_2019,UKZN,UKZN,D2_other_module,percentile,logistic_regression,223,0.3390045708481462,0.8905472636815921,-0.4285714285714286,0.2
ukzn_ISTN3SA_2019,ukzn_ISTN3SA_2018,UKZN,UKZN,D1_same_module,percentile,logistic_regression,141,0.5624624624624626,0.8809523809523809,0.4285714285714286,0.5
ukzn_ISTN3SA_2019,ukzn_ISTN3SA_2019,UKZN,UKZN,D0_within_cohort,percentile,logistic_regression,195,0.6341176470588236,0.9366391184573003,1.0,1.0
