source,target,distance,shared_students,target_size,contamination,is_clean
oulad_AAA_2013J,oulad_AAA_2014J,D1_same_module,36,365,0.09863013698630137,False
oulad_AAA_2013J,oulad_BBB_2013B,D2_other_module,0,1767,0.0,True
oulad_AAA_2013J,oulad_BBB_2013J,D2_other_module,0,2237,0.0,True
oulad_AAA_2013J,oulad_BBB_2014B,D2_other_module,0,1613,0.0,True
oulad_AAA_2013J,oulad_BBB_2014J,D2_other_module,0,2292,0.0,True
oulad_AAA_2013J,oulad_CCC_2014B,D2_other_module,0,1936,0.0,True
oulad_AAA_2013J,oulad_CCC_2014J,D2_other_module,0,2498,0.0,True
oulad_AAA_2013J,oulad_DDD_2013B,D2_other_module,0,1303,0.0,True
oulad_AAA_2013J,oulad_DDD_2013J,D2_other_module,0,1938,0.0,True
oulad_AAA_2013J,oulad_DDD_2014B,D2_other_module,0,1228,0.0,True
oulad_AAA_2013J,oulad_DDD_2014J,D2_other_module,0,1803,0.0,True
oulad_AAA_2013J,oulad_EEE_2013J,D2_other_module,0,1052,0.0,True
oulad_AAA_2013J,oulad_EEE_2014B,D2_other_module,0,694,0.0,True
oulad_AAA_2013J,oulad_EEE_2014J,D2_other_module,0,1188,0.0,True
oulad_AAA_2013J,oulad_FFF_2013B,D2_other_module,0,1614,0.0,True
oulad_AAA_2013J,oulad_FFF_2013J,D2_other_module,0,2283,0.0,True
oulad_AAA_2013J,oulad_FFF_2014B,D2_other_module,1,1500,0.0006666666666666666,True
oulad_AAA_2013J,oulad_FFF_2014J,D2_other_module,0,2365,0.0,True
oulad_AAA_2013J,ku_Accountancy_1819,D3_other_institution,0,752,0.0,True
oulad_AAA_2013J,ku_Globaleconom_1819,D3_other_institution,0,743,0.0,True
oulad_AAA_2013J,ku_Accountancy_1920,D3_other_institution,0,705,0.0,True
oulad_AAA_2013J,ku_Globaleconom_1920,D3_other_institution,0,681,0.0,True
oulad_AAA_2013J,ku_Accountancy_2021,D3_other_institution,0,723,0.0,True
oulad_AAA_2013J,ku_Globaleconom_2021,D3_other_institution,0,335,0.0,True
oulad_AAA_2013J,ukzn_ISTN101_2019,D3_other_institution,0,1056,0.0,True
oulad_AAA_2013J,ukzn_ISTN101_2020,D3_other_institution,0,978,0.0,True
oulad_AAA_2013J,ukzn_ISTN101_2021,D3_other_institution,0,741,0.0,True
oulad_AAA_2013J,ukzn_ISTN102_2018,D3_other_institution,0,257,0.0,True
oulad_AAA_2013J,ukzn_ISTN103_2019,D3_other_institution,0,1113,0.0,True
oulad_AAA_2013J,ukzn_ISTN103_2020,D3_other_institution,0,1082,0.0,True
oulad_AAA_2013J,ukzn_ISTN211_2019,D3_other_institution,0,280,0.0,True
oulad_AAA_2013J,ukzn_ISTN211_2021,D3_other_institution,0,327,0.0,True
oulad_AAA_2013J,ukzn_ISTN212_2018,D3_other_institution,0,238,0.0,True
oulad_AAA_2013J,ukzn_ISTN212_2019,D3_other_institution,0,264,0.0,True
oulad_AAA_2013J,ukzn_ISTN2IP_2018,D3_other_institution,0,99,0.0,True
oulad_AAA_2013J,ukzn_ISTN2IP_2019,D3_other_institution,0,116,0.0,True
oulad_AAA_2013J,ukzn_ISTN3ND_2018,D3_other_institution,0,144,0.0,True
oulad_AAA_2013J,ukzn_ISTN3ND_2019,D3_other_institution,0,223,0.0,True
oulad_AAA_2013J,ukzn_ISTN3SA_2018,D3_other_institution,0,141,0.0,True
oulad_AAA_2013J,ukzn_ISTN3SA_2019,D3_other_institution,0,195,0.0,True
oulad_AAA_2013J,zambia_ICT1110_2020,D3_other_institution,0,65,0.0,True
oulad_AAA_2013J,zambia_ICT1110_2021,D3_other_institution,0,52,0.0,True
oulad_AAA_2013J,oviedo_C1112_1415,D3_other_institution,0,199,0.0,True
oulad_AAA_2013J,oviedo_C1127_1415,D3_other_institution,0,106,0.0,True
oulad_AAA_2013J,oviedo_C1200_1415,D3_other_institution,0,107,0.0,True
oulad_AAA_2013J,oviedo_C1303_1415,D3_other_institution,0,112,0.0,True
oulad_AAA_2013J,oviedo_C174_1415,D3_other_institution,0,96,0.0,True
oulad_AAA_2013J,oviedo_C190_1415,D3_other_institution,0,112,0.0,True
oulad_AAA_2013J,oviedo_C1978_1415,D3_other_institution,0,164,0.0,True
oulad_AAA_2013J,oviedo_C2011_1415,D3_other_institution,0,120,0.0,True
oulad_AAA_2013J,oviedo_C2024_1415,D3_other_institution,1,327,0.0030581039755351682,True
oulad_AAA_2013J,oviedo_C2150_1415,D3_other_institution,1,106,0.009433962264150943,True
oulad_AAA_2013J,oviedo_C2271_1415,D3_other_institution,1,596,0.0016778523489932886,True
oulad_AAA_2013J,oviedo_C2335_1415,D3_other_institution,0,428,0.0,True
oulad_AAA_2013J,oviedo_C2406_1415,D3_other_institution,0,133,0.0,True
oulad_AAA_2013J,oviedo_C2468_1415,D3_other_institution,0,82,0.0,True
oulad_AAA_2013J,oviedo_C2607_1415,D3_other_institution,0,277,0.0,True
oulad_AAA_2013J,oviedo_C3022_1415,D3_other_institution,1,238,0.004201680672268907,True
oulad_AAA_2013J,oviedo_C3029_1415,D3_other_institution,1,231,0.004329004329004329,True
oulad_AAA_2013J,oviedo_C4189_1415,D3_other_institution,0,128,0.0,True
oulad_AAA_2013J,oviedo_C4213_1415,D3_other_institution,0,140,0.0,True
oulad_AAA_2013J,oviedo_C836_1415,D3_other_institution,0,87,0.0,True
oulad_AAA_2014J,oulad_AAA_2013J,D1_same_module,36,383,0.09399477806788512,False
oulad_AAA_2014J,oulad_BBB_2013B,D2_other_module,0,1767,0.0,True
oulad_AAA_2014J,oulad_BBB_2013J,D2_other_module,0,2237,0.0,True
oulad_AAA_2014J,oulad_BBB_2014B,D2_other_module,0,1613,0.0,True
oulad_AAA_2014J,oulad_BBB_2014J,D2_other_module,0,2292,0.0,True
oulad_AAA_2014J,oulad_CCC_2014B,D2_other_module,0,1936,0.0,True
oulad_AAA_2014J,oulad_CCC_2014J,D2_other_module,0,2498,0.0,True
oulad_AAA_2014J,oulad_DDD_2013B,D2_other_module,0,1303,0.0,True
oulad_AAA_2014J,oulad_DDD_2013J,D2_other_module,0,1938,0.0,True
oulad_AAA_2014J,oulad_DDD_2014B,D2_other_module,0,1228,0.0,True
oulad_AAA_2014J,oulad_DDD_2014J,D2_other_module,0,1803,0.0,True
oulad_AAA_2014J,oulad_EEE_2013J,D2_other_module,0,1052,0.0,True
oulad_AAA_2014J,oulad_EEE_2014B,D2_other_module,0,694,0.0,True
oulad_AAA_2014J,oulad_EEE_2014J,D2_other_module,0,1188,0.0,True
oulad_AAA_2014J,oulad_FFF_2013B,D2_other_module,0,1614,0.0,True
oulad_AAA_2014J,oulad_FFF_2013J,D2_other_module,1,2283,0.0004380201489268506,True
oulad_AAA_2014J,oulad_FFF_2014B,D2_other_module,0,1500,0.0,True
oulad_AAA_2014J,oulad_FFF_2014J,D2_other_module,0,2365,0.0,True
oulad_AAA_2014J,ku_Accountancy_1819,D3_other_institution,0,752,0.0,True
oulad_AAA_2014J,ku_Globaleconom_1819,D3_other_institution,0,743,0.0,True
oulad_AAA_2014J,ku_Accountancy_1920,D3_other_institution,0,705,0.0,True
oulad_AAA_2014J,ku_Globaleconom_1920,D3_other_institution,0,681,0.0,True
oulad_AAA_2014J,ku_Accountancy_2021,D3_other_institution,0,723,0.0,True
oulad_AAA_2014J,ku_Globaleconom_2021,D3_other_institution,0,335,0.0,True
oulad_AAA_2014J,ukzn_ISTN101_2019,D3_other_institution,0,1056,0.0,True
oulad_AAA_2014J,ukzn_ISTN101_2020,D3_other_institution,0,978,0.0,True
oulad_AAA_2014J,ukzn_ISTN101_2021,D3_other_institution,0,741,0.0,True
oulad_AAA_2014J,ukzn_ISTN102_2018,D3_other_institution,0,257,0.0,True
oulad_AAA_2014J,ukzn_ISTN103_2019,D3_other_institution,0,1113,0.0,True
oulad_AAA_2014J,ukzn_ISTN103_2020,D3_other_institution,0,1082,0.0,True
oulad_AAA_2014J,ukzn_ISTN211_2019,D3_other_institution,0,280,0.0,True
oulad_AAA_2014J,ukzn_ISTN211_2021,D3_other_institution,0,327,0.0,True
oulad_AAA_2014J,ukzn_ISTN212_2018,D3_other_institution,0,238,0.0,True
oulad_AAA_2014J,ukzn_ISTN212_2019,D3_other_institution,0,264,0.0,True
oulad_AAA_2014J,ukzn_ISTN2IP_2018,D3_other_institution,0,99,0.0,True
oulad_AAA_2014J,ukzn_ISTN2IP_2019,D3_other_institution,0,116,0.0,True
oulad_AAA_2014J,ukzn_ISTN3ND_2018,D3_other_institution,0,144,0.0,True
oulad_AAA_2014J,ukzn_ISTN3ND_2019,D3_other_institution,0,223,0.0,True
oulad_AAA_2014J,ukzn_ISTN3SA_2018,D3_other_institution,0,141,0.0,True
oulad_AAA_2014J,ukzn_ISTN3SA_2019,D3_other_institution,0,195,0.0,True
oulad_AAA_2014J,zambia_ICT1110_2020,D3_other_institution,0,65,0.0,True
oulad_AAA_2014J,zambia_ICT1110_2021,D3_other_institution,0,52,0.0,True
oulad_AAA_2014J,oviedo_C1112_1415,D3_other_institution,0,199,0.0,True
oulad_AAA_2014J,oviedo_C1127_1415,D3_other_institution,0,106,0.0,True
oulad_AAA_2014J,oviedo_C1200_1415,D3_other_institution,0,107,0.0,True
oulad_AAA_2014J,oviedo_C1303_1415,D3_other_institution,0,112,0.0,True
oulad_AAA_2014J,oviedo_C174_1415,D3_other_institution,0,96,0.0,True
oulad_AAA_2014J,oviedo_C190_1415,D3_other_institution,0,112,0.0,True
oulad_AAA_2014J,oviedo_C1978_1415,D3_other_institution,0,164,0.0,True
oulad_AAA_2014J,oviedo_C2011_1415,D3_other_institution,0,120,0.0,True
oulad_AAA_2014J,oviedo_C2024_1415,D3_other_institution,0,327,0.0,True
oulad_AAA_2014J,oviedo_C2150_1415,D3_other_institution,0,106,0.0,True
oulad_AAA_2014J,oviedo_C2271_1415,D3_other_institution,0,596,0.0,True
oulad_AAA_2014J,oviedo_C2335_1415,D3_other_institution,0,428,0.0,True
oulad_AAA_2014J,oviedo_C2406_1415,D3_other_institution,0,133,0.0,True
oulad_AAA_2014J,oviedo_C2468_1415,D3_other_institution,0,82,0.0,True
oulad_AAA_2014J,oviedo_C2607_1415,D3_other_institution,0,277,0.0,True
oulad_AAA_2014J,oviedo_C3022_1415,D3_other_institution,1,238,0.004201680672268907,True
oulad_AAA_2014J,oviedo_C3029_1415,D3_other_institution,1,231,0.004329004329004329,True
oulad_AAA_2014J,oviedo_C4189_1415,D3_other_institution,0,128,0.0,True
oulad_AAA_2014J,oviedo_C4213_1415,D3_other_institution,0,140,0.0,True
oulad_AAA_2014J,oviedo_C836_1415,D3_other_institution,0,87,0.0,True
oulad_BBB_2013B,oulad_AAA_2013J,D2_other_module,0,383,0.0,True
oulad_BBB_2013B,oulad_AAA_2014J,D2_other_module,0,365,0.0,True
oulad_BBB_2013B,oulad_BBB_2013J,D1_same_module,44,2237,0.019669199821189094,False
oulad_BBB_2013B,oulad_BBB_2014B,D1_same_module,40,1613,0.024798512089274645,False
oulad_BBB_2013B,oulad_BBB_2014J,D1_same_module,15,2292,0.006544502617801047,True
oulad_BBB_2013B,oulad_CCC_2014B,D2_other_module,0,1936,0.0,True
oulad_BBB_2013B,oulad_CCC_2014J,D2_other_module,1,2498,0.00040032025620496394,True
oulad_BBB_2013B,oulad_DDD_2013B,D2_other_module,3,1303,0.0023023791250959325,True
oulad_BBB_2013B,oulad_DDD_2013J,D2_other_module,3,1938,0.0015479876160990713,True
oulad_BBB_2013B,oulad_DDD_2014B,D2_other_module,1,1228,0.0008143322475570033,True
oulad_BBB_2013B,oulad_DDD_2014J,D2_other_module,1,1803,0.0005546311702717693,True
oulad_BBB_2013B,oulad_EEE_2013J,D2_other_module,0,1052,0.0,True
oulad_BBB_2013B,oulad_EEE_2014B,D2_other_module,0,694,0.0,True
oulad_BBB_2013B,oulad_EEE_2014J,D2_other_module,0,1188,0.0,True
oulad_BBB_2013B,oulad_FFF_2013B,D2_other_module,2,1614,0.0012391573729863693,True
oulad_BBB_2013B,oulad_FFF_2013J,D2_other_module,2,2283,0.0008760402978537013,True
oulad_BBB_2013B,oulad_FFF_2014B,D2_other_module,0,1500,0.0,True
oulad_BBB_2013B,oulad_FFF_2014J,D2_other_module,1,2365,0.00042283298097251583,True
oulad_BBB_2013B,ku_Accountancy_1819,D3_other_institution,0,752,0.0,True
oulad_BBB_2013B,ku_Globaleconom_1819,D3_other_institution,0,743,0.0,True
oulad_BBB_2013B,ku_Accountancy_1920,D3_other_institution,0,705,0.0,True
oulad_BBB_2013B,ku_Globaleconom_1920,D3_other_institution,0,681,0.0,True
oulad_BBB_2013B,ku_Accountancy_2021,D3_other_institution,0,723,0.0,True
oulad_BBB_2013B,ku_Globaleconom_2021,D3_other_institution,0,335,0.0,True
oulad_BBB_2013B,ukzn_ISTN101_2019,D3_other_institution,0,1056,0.0,True
oulad_BBB_2013B,ukzn_ISTN101_2020,D3_other_institution,0,978,0.0,True
oulad_BBB_2013B,ukzn_ISTN101_2021,D3_other_institution,0,741,0.0,True
oulad_BBB_2013B,ukzn_ISTN102_2018,D3_other_institution,0,257,0.0,True
oulad_BBB_2013B,ukzn_ISTN103_2019,D3_other_institution,0,1113,0.0,True
oulad_BBB_2013B,ukzn_ISTN103_2020,D3_other_institution,0,1082,0.0,True
oulad_BBB_2013B,ukzn_ISTN211_2019,D3_other_institution,0,280,0.0,True
oulad_BBB_2013B,ukzn_ISTN211_2021,D3_other_institution,0,327,0.0,True
oulad_BBB_2013B,ukzn_ISTN212_2018,D3_other_institution,0,238,0.0,True
oulad_BBB_2013B,ukzn_ISTN212_2019,D3_other_institution,0,264,0.0,True
oulad_BBB_2013B,ukzn_ISTN2IP_2018,D3_other_institution,0,99,0.0,True
oulad_BBB_2013B,ukzn_ISTN2IP_2019,D3_other_institution,0,116,0.0,True
oulad_BBB_2013B,ukzn_ISTN3ND_2018,D3_other_institution,0,144,0.0,True
oulad_BBB_2013B,ukzn_ISTN3ND_2019,D3_other_institution,0,223,0.0,True
oulad_BBB_2013B,ukzn_ISTN3SA_2018,D3_other_institution,0,141,0.0,True
oulad_BBB_2013B,ukzn_ISTN3SA_2019,D3_other_institution,0,195,0.0,True
oulad_BBB_2013B,zambia_ICT1110_2020,D3_other_institution,0,65,0.0,True
oulad_BBB_2013B,zambia_ICT1110_2021,D3_other_institution,0,52,0.0,True
oulad_BBB_2013B,oviedo_C1112_1415,D3_other_institution,1,199,0.005025125628140704,True
oulad_BBB_2013B,oviedo_C1127_1415,D3_other_institution,1,106,0.009433962264150943,True
oulad_BBB_2013B,oviedo_C1200_1415,D3_other_institution,0,107,0.0,True
oulad_BBB_2013B,oviedo_C1303_1415,D3_other_institution,0,112,0.0,True
oulad_BBB_2013B,oviedo_C174_1415,D3_other_institution,0,96,0.0,True
oulad_BBB_2013B,oviedo_C190_1415,D3_other_institution,0,112,0.0,True
oulad_BBB_2013B,oviedo_C1978_1415,D3_other_institution,0,164,0.0,True
oulad_BBB_2013B,oviedo_C2011_1415,D3_other_institution,1,120,0.008333333333333333,True
oulad_BBB_2013B,oviedo_C2024_1415,D3_other_institution,0,327,0.0,True
oulad_BBB_2013B,oviedo_C2150_1415,D3_other_institution,0,106,0.0,True
oulad_BBB_2013B,oviedo_C2271_1415,D3_other_institution,1,596,0.0016778523489932886,True
oulad_BBB_2013B,oviedo_C2335_1415,D3_other_institution,0,428,0.0,True
oulad_BBB_2013B,oviedo_C2406_1415,D3_other_institution,0,133,0.0,True
oulad_BBB_2013B,oviedo_C2468_1415,D3_other_institution,0,82,0.0,True
oulad_BBB_2013B,oviedo_C2607_1415,D3_other_institution,0,277,0.0,True
oulad_BBB_2013B,oviedo_C3022_1415,D3_other_institution,0,238,0.0,True
oulad_BBB_2013B,oviedo_C3029_1415,D3_other_institution,0,231,0.0,True
oulad_BBB_2013B,oviedo_C4189_1415,D3_other_institution,0,128,0.0,True
oulad_BBB_2013B,oviedo_C4213_1415,D3_other_institution,0,140,0.0,True
oulad_BBB_2013B,oviedo_C836_1415,D3_other_institution,0,87,0.0,True
oulad_BBB_2013J,oulad_AAA_2013J,D2_other_module,0,383,0.0,True
oulad_BBB_2013J,oulad_AAA_2014J,D2_other_module,0,365,0.0,True
oulad_BBB_2013J,oulad_BBB_2013B,D1_same_module,44,1767,0.02490096208262592,False
oulad_BBB_2013J,oulad_BBB_2014B,D1_same_module,55,1613,0.034097954122752634,False
oulad_BBB_2013J,oulad_BBB_2014J,D1_same_module,47,2292,0.02050610820244328,False
oulad_BBB_2013J,oulad_CCC_2014B,D2_other_module,0,1936,0.0,True
oulad_BBB_2013J,oulad_CCC_2014J,D2_other_module,0,2498,0.0,True
oulad_BBB_2013J,oulad_DDD_2013B,D2_other_module,2,1303,0.0015349194167306216,True
oulad_BBB_2013J,oulad_DDD_2013J,D2_other_module,1,1938,0.0005159958720330237,True
oulad_BBB_2013J,oulad_DDD_2014B,D2_other_module,1,1228,0.0008143322475570033,True
oulad_BBB_2013J,oulad_DDD_2014J,D2_other_module,2,1803,0.0011092623405435386,True
oulad_BBB_2013J,oulad_EEE_2013J,D2_other_module,0,1052,0.0,True
oulad_BBB_2013J,oulad_EEE_2014B,D2_other_module,0,694,0.0,True
oulad_BBB_2013J,oulad_EEE_2014J,D2_other_module,0,1188,0.0,True
oulad_BBB_2013J,oulad_FFF_2013B,D2_other_module,1,1614,0.0006195786864931846,True
oulad_BBB_2013J,oulad_FFF_2013J,D2_other_module,0,2283,0.0,True
oulad_BBB_2013J,oulad_FFF_2014B,D2_other_module,1,1500,0.0006666666666666666,True
oulad_BBB_2013J,oulad_FFF_2014J,D2_other_module,0,2365,0.0,True
oulad_BBB_2013J,ku_Accountancy_1819,D3_other_institution,0,752,0.0,True
oulad_BBB_2013J,ku_Globaleconom_1819,D3_other_institution,0,743,0.0,True
oulad_BBB_2013J,ku_Accountancy_1920,D3_other_institution,0,705,0.0,True
oulad_BBB_2013J,ku_Globaleconom_1920,D3_other_institution,0,681,0.0,True
oulad_BBB_2013J,ku_Accountancy_2021,D3_other_institution,0,723,0.0,True
oulad_BBB_2013J,ku_Globaleconom_2021,D3_other_institution,0,335,0.0,True
oulad_BBB_2013J,ukzn_ISTN101_2019,D3_other_institution,0,1056,0.0,True
oulad_BBB_2013J,ukzn_ISTN101_2020,D3_other_institution,0,978,0.0,True
oulad_BBB_2013J,ukzn_ISTN101_2021,D3_other_institution,0,741,0.0,True
oulad_BBB_2013J,ukzn_ISTN102_2018,D3_other_institution,0,257,0.0,True
oulad_BBB_2013J,ukzn_ISTN103_2019,D3_other_institution,0,1113,0.0,True
oulad_BBB_2013J,ukzn_ISTN103_2020,D3_other_institution,0,1082,0.0,True
oulad_BBB_2013J,ukzn_ISTN211_2019,D3_other_institution,0,280,0.0,True
oulad_BBB_2013J,ukzn_ISTN211_2021,D3_other_institution,0,327,0.0,True
oulad_BBB_2013J,ukzn_ISTN212_2018,D3_other_institution,0,238,0.0,True
oulad_BBB_2013J,ukzn_ISTN212_2019,D3_other_institution,0,264,0.0,True
oulad_BBB_2013J,ukzn_ISTN2IP_2018,D3_other_institution,0,99,0.0,True
oulad_BBB_2013J,ukzn_ISTN2IP_2019,D3_other_institution,0,116,0.0,True
oulad_BBB_2013J,ukzn_ISTN3ND_2018,D3_other_institution,0,144,0.0,True
oulad_BBB_2013J,ukzn_ISTN3ND_2019,D3_other_institution,0,223,0.0,True
oulad_BBB_2013J,ukzn_ISTN3SA_2018,D3_other_institution,0,141,0.0,True
oulad_BBB_2013J,ukzn_ISTN3SA_2019,D3_other_institution,0,195,0.0,True
oulad_BBB_2013J,zambia_ICT1110_2020,D3_other_institution,0,65,0.0,True
oulad_BBB_2013J,zambia_ICT1110_2021,D3_other_institution,0,52,0.0,True
oulad_BBB_2013J,oviedo_C1112_1415,D3_other_institution,0,199,0.0,True
oulad_BBB_2013J,oviedo_C1127_1415,D3_other_institution,0,106,0.0,True
oulad_BBB_2013J,oviedo_C1200_1415,D3_other_institution,0,107,0.0,True
oulad_BBB_2013J,oviedo_C1303_1415,D3_other_institution,0,112,0.0,True
oulad_BBB_2013J,oviedo_C174_1415,D3_other_institution,0,96,0.0,True
oulad_BBB_2013J,oviedo_C190_1415,D3_other_institution,0,112,0.0,True
oulad_BBB_2013J,oviedo_C1978_1415,D3_other_institution,0,164,0.0,True
oulad_BBB_2013J,oviedo_C2011_1415,D3_other_institution,1,120,0.008333333333333333,True
oulad_BBB_2013J,oviedo_C2024_1415,D3_other_institution,0,327,0.0,True
oulad_BBB_2013J,oviedo_C2150_1415,D3_other_institution,0,106,0.0,True
oulad_BBB_2013J,oviedo_C2271_1415,D3_other_institution,1,596,0.0016778523489932886,True
oulad_BBB_2013J,oviedo_C2335_1415,D3_other_institution,0,428,0.0,True
oulad_BBB_2013J,oviedo_C2406_1415,D3_other_institution,0,133,0.0,True
oulad_BBB_2013J,oviedo_C2468_1415,D3_other_institution,0,82,0.0,True
oulad_BBB_2013J,oviedo_C2607_1415,D3_other_institution,0,277,0.0,True
oulad_BBB_2013J,oviedo_C3022_1415,D3_other_institution,1,238,0.004201680672268907,True
oulad_BBB_2013J,oviedo_C3029_1415,D3_other_institution,1,231,0.004329004329004329,True
oulad_BBB_2013J,oviedo_C4189_1415,D3_other_institution,1,128,0.0078125,True
oulad_BBB_2013J,oviedo_C4213_1415,D3_other_institution,0,140,0.0,True
oulad_BBB_2013J,oviedo_C836_1415,D3_other_institution,0,87,0.0,True
oulad_BBB_2014B,oulad_AAA_2013J,D2_other_module,0,383,0.0,True
oulad_BBB_2014B,oulad_AAA_2014J,D2_other_module,0,365,0.0,True
oulad_BBB_2014B,oulad_BBB_2013B,D1_same_module,40,1767,0.022637238256932653,False
oulad_BBB_2014B,oulad_BBB_2013J,D1_same_module,55,2237,0.024586499776486366,False
oulad_BBB_2014B,oulad_BBB_2014J,D1_same_module,25,2292,0.010907504363001745,False
oulad_BBB_2014B,oulad_CCC_2014B,D2_other_module,0,1936,0.0,True
oulad_BBB_2014B,oulad_CCC_2014J,D2_other_module,0,2498,0.0,True
oulad_BBB_2014B,oulad_DDD_2013B,D2_other_module,1,1303,0.0007674597083653108,True
oulad_BBB_2014B,oulad_DDD_2013J,D2_other_module,4,1938,0.0020639834881320948,True
oulad_BBB_2014B,oulad_DDD_2014B,D2_other_module,0,1228,0.0,True
oulad_BBB_2014B,oulad_DDD_2014J,D2_other_module,1,1803,0.0005546311702717693,True
oulad_BBB_2014B,oulad_EEE_2013J,D2_other_module,0,1052,0.0,True
oulad_BBB_2014B,oulad_EEE_2014B,D2_other_module,0,694,0.0,True
oulad_BBB_2014B,oulad_EEE_2014J,D2_other_module,0,1188,0.0,True
oulad_BBB_2014B,oulad_FFF_2013B,D2_other_module,0,1614,0.0,True
oulad_BBB_2014B,oulad_FFF_2013J,D2_other_module,2,2283,0.0008760402978537013,True
oulad_BBB_2014B,oulad_FFF_2014B,D2_other_module,0,1500,0.0,True
oulad_BBB_2014B,oulad_FFF_2014J,D2_other_module,2,2365,0.0008456659619450317,True
oulad_BBB_2014B,ku_Accountancy_1819,D3_other_institution,0,752,0.0,True
oulad_BBB_2014B,ku_Globaleconom_1819,D3_other_institution,0,743,0.0,True
oulad_BBB_2014B,ku_Accountancy_1920,D3_other_institution,0,705,0.0,True
oulad_BBB_2014B,ku_Globaleconom_1920,D3_other_institution,0,681,0.0,True
oulad_BBB_2014B,ku_Accountancy_2021,D3_other_institution,0,723,0.0,True
oulad_BBB_2014B,ku_Globaleconom_2021,D3_other_institution,0,335,0.0,True
oulad_BBB_2014B,ukzn_ISTN101_2019,D3_other_institution,0,1056,0.0,True
oulad_BBB_2014B,ukzn_ISTN101_2020,D3_other_institution,0,978,0.0,True
oulad_BBB_2014B,ukzn_ISTN101_2021,D3_other_institution,0,741,0.0,True
oulad_BBB_2014B,ukzn_ISTN102_2018,D3_other_institution,0,257,0.0,True
oulad_BBB_2014B,ukzn_ISTN103_2019,D3_other_institution,0,1113,0.0,True
oulad_BBB_2014B,ukzn_ISTN103_2020,D3_other_institution,0,1082,0.0,True
oulad_BBB_2014B,ukzn_ISTN211_2019,D3_other_institution,0,280,0.0,True
oulad_BBB_2014B,ukzn_ISTN211_2021,D3_other_institution,0,327,0.0,True
oulad_BBB_2014B,ukzn_ISTN212_2018,D3_other_institution,0,238,0.0,True
oulad_BBB_2014B,ukzn_ISTN212_2019,D3_other_institution,0,264,0.0,True
oulad_BBB_2014B,ukzn_ISTN2IP_2018,D3_other_institution,0,99,0.0,True
oulad_BBB_2014B,ukzn_ISTN2IP_2019,D3_other_institution,0,116,0.0,True
oulad_BBB_2014B,ukzn_ISTN3ND_2018,D3_other_institution,0,144,0.0,True
oulad_BBB_2014B,ukzn_ISTN3ND_2019,D3_other_institution,0,223,0.0,True
oulad_BBB_2014B,ukzn_ISTN3SA_2018,D3_other_institution,0,141,0.0,True
oulad_BBB_2014B,ukzn_ISTN3SA_2019,D3_other_institution,0,195,0.0,True
oulad_BBB_2014B,zambia_ICT1110_2020,D3_other_institution,0,65,0.0,True
oulad_BBB_2014B,zambia_ICT1110_2021,D3_other_institution,0,52,0.0,True
oulad_BBB_2014B,oviedo_C1112_1415,D3_other_institution,0,199,0.0,True
oulad_BBB_2014B,oviedo_C1127_1415,D3_other_institution,0,106,0.0,True
oulad_BBB_2014B,oviedo_C1200_1415,D3_other_institution,0,107,0.0,True
oulad_BBB_2014B,oviedo_C1303_1415,D3_other_institution,0,112,0.0,True
oulad_BBB_2014B,oviedo_C174_1415,D3_other_institution,0,96,0.0,True
oulad_BBB_2014B,oviedo_C190_1415,D3_other_institution,0,112,0.0,True
oulad_BBB_2014B,oviedo_C1978_1415,D3_other_institution,0,164,0.0,True
oulad_BBB_2014B,oviedo_C2011_1415,D3_other_institution,0,120,0.0,True
oulad_BBB_2014B,oviedo_C2024_1415,D3_other_institution,0,327,0.0,True
oulad_BBB_2014B,oviedo_C2150_1415,D3_other_institution,0,106,0.0,True
oulad_BBB_2014B,oviedo_C2271_1415,D3_other_institution,0,596,0.0,True
oulad_BBB_2014B,oviedo_C2335_1415,D3_other_institution,0,428,0.0,True
oulad_BBB_2014B,oviedo_C2406_1415,D3_other_institution,0,133,0.0,True
oulad_BBB_2014B,oviedo_C2468_1415,D3_other_institution,0,82,0.0,True
oulad_BBB_2014B,oviedo_C2607_1415,D3_other_institution,0,277,0.0,True
oulad_BBB_2014B,oviedo_C3022_1415,D3_other_institution,1,238,0.004201680672268907,True
oulad_BBB_2014B,oviedo_C3029_1415,D3_other_institution,1,231,0.004329004329004329,True
oulad_BBB_2014B,oviedo_C4189_1415,D3_other_institution,0,128,0.0,True
oulad_BBB_2014B,oviedo_C4213_1415,D3_other_institution,0,140,0.0,True
oulad_BBB_2014B,oviedo_C836_1415,D3_other_institution,0,87,0.0,True
oulad_BBB_2014J,oulad_AAA_2013J,D2_other_module,0,383,0.0,True
oulad_BBB_2014J,oulad_AAA_2014J,D2_other_module,0,365,0.0,True
oulad_BBB_2014J,oulad_BBB_2013B,D1_same_module,15,1767,0.008488964346349746,True
oulad_BBB_2014J,oulad_BBB_2013J,D1_same_module,47,2237,0.02101028162717926,False
oulad_BBB_2014J,oulad_BBB_2014B,D1_same_module,25,1613,0.015499070055796652,False
oulad_BBB_2014J,oulad_CCC_2014B,D2_other_module,0,1936,0.0,True
oulad_BBB_2014J,oulad_CCC_2014J,D2_other_module,1,2498,0.00040032025620496394,True
oulad_BBB_2014J,oulad_DDD_2013B,D2_other_module,1,1303,0.0007674597083653108,True
oulad_BBB_2014J,oulad_DDD_2013J,D2_other_module,2,1938,0.0010319917440660474,True
oulad_BBB_2014J,oulad_DDD_2014B,D2_other_module,3,1228,0.0024429967426710096,True
oulad_BBB_2014J,oulad_DDD_2014J,D2_other_module,4,1803,0.0022185246810870773,True
oulad_BBB_2014J,oulad_EEE_2013J,D2_other_module,0,1052,0.0,True
oulad_BBB_2014J,oulad_EEE_2014B,D2_other_module,0,694,0.0,True
oulad_BBB_2014J,oulad_EEE_2014J,D2_other_module,0,1188,0.0,True
oulad_BBB_2014J,oulad_FFF_2013B,D2_other_module,0,1614,0.0,True
oulad_BBB_2014J,oulad_FFF_2013J,D2_other_module,0,2283,0.0,True
oulad_BBB_2014J,oulad_FFF_2014B,D2_other_module,2,1500,0.0013333333333333333,True
oulad_BBB_2014J,oulad_FFF_2014J,D2_other_module,1,2365,0.00042283298097251583,True
oulad_BBB_2014J,ku_Accountancy_1819,D3_other_institution,0,752,0.0,True
oulad_BBB_2014J,ku_Globaleconom_1819,D3_other_institution,0,743,0.0,True
oulad_BBB_2014J,ku_Accountancy_1920,D3_other_institution,0,705,0.0,True
oulad_BBB_2014J,ku_Globaleconom_1920,D3_other_institution,0,681,0.0,True
oulad_BBB_2014J,ku_Accountancy_2021,D3_other_institution,0,723,0.0,True
oulad_BBB_2014J,ku_Globaleconom_2021,D3_other_institution,0,335,0.0,True
oulad_BBB_2014J,ukzn_ISTN101_2019,D3_other_institution,0,1056,0.0,True
oulad_BBB_2014J,ukzn_ISTN101_2020,D3_other_institution,0,978,0.0,True
oulad_BBB_2014J,ukzn_ISTN101_2021,D3_other_institution,0,741,0.0,True
oulad_BBB_2014J,ukzn_ISTN102_2018,D3_other_institution,0,257,0.0,True
oulad_BBB_2014J,ukzn_ISTN103_2019,D3_other_institution,0,1113,0.0,True
oulad_BBB_2014J,ukzn_ISTN103_2020,D3_other_institution,0,1082,0.0,True
oulad_BBB_2014J,ukzn_ISTN211_2019,D3_other_institution,0,280,0.0,True
oulad_BBB_2014J,ukzn_ISTN211_2021,D3_other_institution,0,327,0.0,True
oulad_BBB_2014J,ukzn_ISTN212_2018,D3_other_institution,0,238,0.0,True
oulad_BBB_2014J,ukzn_ISTN212_2019,D3_other_institution,0,264,0.0,True
oulad_BBB_2014J,ukzn_ISTN2IP_2018,D3_other_institution,0,99,0.0,True
oulad_BBB_2014J,ukzn_ISTN2IP_2019,D3_other_institution,0,116,0.0,True
oulad_BBB_2014J,ukzn_ISTN3ND_2018,D3_other_institution,0,144,0.0,True
oulad_BBB_2014J,ukzn_ISTN3ND_2019,D3_other_institution,0,223,0.0,True
oulad_BBB_2014J,ukzn_ISTN3SA_2018,D3_other_institution,0,141,0.0,True
oulad_BBB_2014J,ukzn_ISTN3SA_2019,D3_other_institution,0,195,0.0,True
oulad_BBB_2014J,zambia_ICT1110_2020,D3_other_institution,0,65,0.0,True
oulad_BBB_2014J,zambia_ICT1110_2021,D3_other_institution,0,52,0.0,True
oulad_BBB_2014J,oviedo_C1112_1415,D3_other_institution,0,199,0.0,True
oulad_BBB_2014J,oviedo_C1127_1415,D3_other_institution,0,106,0.0,True
oulad_BBB_2014J,oviedo_C1200_1415,D3_other_institution,0,107,0.0,True
oulad_BBB_2014J,oviedo_C1303_1415,D3_other_institution,0,112,0.0,True
oulad_BBB_2014J,oviedo_C174_1415,D3_other_institution,0,96,0.0,True
oulad_BBB_2014J,oviedo_C190_1415,D3_other_institution,0,112,0.0,True
oulad_BBB_2014J,oviedo_C1978_1415,D3_other_institution,0,164,0.0,True
oulad_BBB_2014J,oviedo_C2011_1415,D3_other_institution,0,120,0.0,True
oulad_BBB_2014J,oviedo_C2024_1415,D3_other_institution,0,327,0.0,True
oulad_BBB_2014J,oviedo_C2150_1415,D3_other_institution,0,106,0.0,True
oulad_BBB_2014J,oviedo_C2271_1415,D3_other_institution,1,596,0.0016778523489932886,True
oulad_BBB_2014J,oviedo_C2335_1415,D3_other_institution,0,428,0.0,True
oulad_BBB_2014J,oviedo_C2406_1415,D3_other_institution,0,133,0.0,True
oulad_BBB_2014J,oviedo_C2468_1415,D3_other_institution,1,82,0.012195121951219513,False
oulad_BBB_2014J,oviedo_C2607_1415,D3_other_institution,0,277,0.0,True
oulad_BBB_2014J,oviedo_C3022_1415,D3_other_institution,0,238,0.0,True
oulad_BBB_2014J,oviedo_C3029_1415,D3_other_institution,0,231,0.0,True
oulad_BBB_2014J,oviedo_C4189_1415,D3_other_institution,0,128,0.0,True
oulad_BBB_2014J,oviedo_C4213_1415,D3_other_institution,0,140,0.0,True
oulad_BBB_2014J,oviedo_C836_1415,D3_other_institution,0,87,0.0,True
oulad_CCC_2014B,oulad_AAA_2013J,D2_other_module,0,383,0.0,True
oulad_CCC_2014B,oulad_AAA_2014J,D2_other_module,0,365,0.0,True
oulad_CCC_2014B,oulad_BBB_2013B,D2_other_module,0,1767,0.0,True
oulad_CCC_2014B,oulad_BBB_2013J,D2_other_module,0,2237,0.0,True
oulad_CCC_2014B,oulad_BBB_2014B,D2_other_module,0,1613,0.0,True
oulad_CCC_2014B,oulad_BBB_2014J,D2_other_module,0,2292,0.0,True
oulad_CCC_2014B,oulad_CCC_2014J,D1_same_module,183,2498,0.0732586068855084,False
oulad_CCC_2014B,oulad_DDD_2013B,D2_other_module,87,1303,0.06676899462778205,False
oulad_CCC_2014B,oulad_DDD_2013J,D2_other_module,121,1938,0.06243550051599587,False
oulad_CCC_2014B,oulad_DDD_2014B,D2_other_module,72,1228,0.05863192182410423,False
oulad_CCC_2014B,oulad_DDD_2014J,D2_other_module,11,1803,0.006100942872989462,True
oulad_CCC_2014B,oulad_EEE_2013J,D2_other_module,258,1052,0.24524714828897337,False
oulad_CCC_2014B,oulad_EEE_2014B,D2_other_module,311,694,0.44812680115273773,False
oulad_CCC_2014B,oulad_EEE_2014J,D2_other_module,28,1188,0.02356902356902357,False
oulad_CCC_2014B,oulad_FFF_2013B,D2_other_module,24,1614,0.01486988847583643,False
oulad_CCC_2014B,oulad_FFF_2013J,D2_other_module,77,2283,0.0337275514673675,False
oulad_CCC_2014B,oulad_FFF_2014B,D2_other_module,77,1500,0.051333333333333335,False
oulad_CCC_2014B,oulad_FFF_2014J,D2_other_module,37,2365,0.015644820295983086,False
oulad_CCC_2014B,ku_Accountancy_1819,D3_other_institution,0,752,0.0,True
oulad_CCC_2014B,ku_Globaleconom_1819,D3_other_institution,0,743,0.0,True
oulad_CCC_2014B,ku_Accountancy_1920,D3_other_institution,0,705,0.0,True
oulad_CCC_2014B,ku_Globaleconom_1920,D3_other_institution,0,681,0.0,True
oulad_CCC_2014B,ku_Accountancy_2021,D3_other_institution,0,723,0.0,True
oulad_CCC_2014B,ku_Globaleconom_2021,D3_other_institution,0,335,0.0,True
oulad_CCC_2014B,ukzn_ISTN101_2019,D3_other_institution,0,1056,0.0,True
oulad_CCC_2014B,ukzn_ISTN101_2020,D3_other_institution,0,978,0.0,True
oulad_CCC_2014B,ukzn_ISTN101_2021,D3_other_institution,0,741,0.0,True
oulad_CCC_2014B,ukzn_ISTN102_2018,D3_other_institution,0,257,0.0,True
oulad_CCC_2014B,ukzn_ISTN103_2019,D3_other_institution,0,1113,0.0,True
oulad_CCC_2014B,ukzn_ISTN103_2020,D3_other_institution,0,1082,0.0,True
oulad_CCC_2014B,ukzn_ISTN211_2019,D3_other_institution,0,280,0.0,True
oulad_CCC_2014B,ukzn_ISTN211_2021,D3_other_institution,0,327,0.0,True
oulad_CCC_2014B,ukzn_ISTN212_2018,D3_other_institution,0,238,0.0,True
oulad_CCC_2014B,ukzn_ISTN212_2019,D3_other_institution,0,264,0.0,True
oulad_CCC_2014B,ukzn_ISTN2IP_2018,D3_other_institution,0,99,0.0,True
oulad_CCC_2014B,ukzn_ISTN2IP_2019,D3_other_institution,0,116,0.0,True
oulad_CCC_2014B,ukzn_ISTN3ND_2018,D3_other_institution,0,144,0.0,True
oulad_CCC_2014B,ukzn_ISTN3ND_2019,D3_other_institution,0,223,0.0,True
oulad_CCC_2014B,ukzn_ISTN3SA_2018,D3_other_institution,0,141,0.0,True
oulad_CCC_2014B,ukzn_ISTN3SA_2019,D3_other_institution,0,195,0.0,True
oulad_CCC_2014B,zambia_ICT1110_2020,D3_other_institution,0,65,0.0,True
oulad_CCC_2014B,zambia_ICT1110_2021,D3_other_institution,0,52,0.0,True
oulad_CCC_2014B,oviedo_C1112_1415,D3_other_institution,1,199,0.005025125628140704,True
oulad_CCC_2014B,oviedo_C1127_1415,D3_other_institution,1,106,0.009433962264150943,True
oulad_CCC_2014B,oviedo_C1200_1415,D3_other_institution,0,107,0.0,True
oulad_CCC_2014B,oviedo_C1303_1415,D3_other_institution,0,112,0.0,True
oulad_CCC_2014B,oviedo_C174_1415,D3_other_institution,0,96,0.0,True
oulad_CCC_2014B,oviedo_C190_1415,D3_other_institution,0,112,0.0,True
oulad_CCC_2014B,oviedo_C1978_1415,D3_other_institution,0,164,0.0,True
oulad_CCC_2014B,oviedo_C2011_1415,D3_other_institution,0,120,0.0,True
oulad_CCC_2014B,oviedo_C2024_1415,D3_other_institution,0,327,0.0,True
oulad_CCC_2014B,oviedo_C2150_1415,D3_other_institution,0,106,0.0,True
oulad_CCC_2014B,oviedo_C2271_1415,D3_other_institution,0,596,0.0,True
oulad_CCC_2014B,oviedo_C2335_1415,D3_other_institution,0,428,0.0,True
oulad_CCC_2014B,oviedo_C2406_1415,D3_other_institution,0,133,0.0,True
oulad_CCC_2014B,oviedo_C2468_1415,D3_other_institution,0,82,0.0,True
oulad_CCC_2014B,oviedo_C2607_1415,D3_other_institution,0,277,0.0,True
oulad_CCC_2014B,oviedo_C3022_1415,D3_other_institution,0,238,0.0,True
oulad_CCC_2014B,oviedo_C3029_1415,D3_other_institution,0,231,0.0,True
oulad_CCC_2014B,oviedo_C4189_1415,D3_other_institution,0,128,0.0,True
oulad_CCC_2014B,oviedo_C4213_1415,D3_other_institution,0,140,0.0,True
oulad_CCC_2014B,oviedo_C836_1415,D3_other_institution,0,87,0.0,True
oulad_CCC_2014J,oulad_AAA_2013J,D2_other_module,0,383,0.0,True
oulad_CCC_2014J,oulad_AAA_2014J,D2_other_module,0,365,0.0,True
oulad_CCC_2014J,oulad_BBB_2013B,D2_other_module,1,1767,0.0005659309564233164,True
oulad_CCC_2014J,oulad_BBB_2013J,D2_other_module,0,2237,0.0,True
oulad_CCC_2014J,oulad_BBB_2014B,D2_other_module,0,1613,0.0,True
oulad_CCC_2014J,oulad_BBB_2014J,D2_other_module,1,2292,0.0004363001745200698,True
oulad_CCC_2014J,oulad_CCC_2014B,D1_same_module,183,1936,0.09452479338842976,False
oulad_CCC_2014J,oulad_DDD_2013B,D2_other_module,32,1303,0.024558710667689946,False
oulad_CCC_2014J,oulad_DDD_2013J,D2_other_module,182,1938,0.09391124871001032,False
oulad_CCC_2014J,oulad_DDD_2014B,D2_other_module,115,1228,0.09364820846905537,False
oulad_CCC_2014J,oulad_DDD_2014J,D2_other_module,151,1803,0.08374930671103716,False
oulad_CCC_2014J,oulad_EEE_2013J,D2_other_module,154,1052,0.14638783269961977,False
oulad_CCC_2014J,oulad_EEE_2014B,D2_other_module,118,694,0.17002881844380405,False
oulad_CCC_2014J,oulad_EEE_2014J,D2_other_module,287,1188,0.2415824915824916,False
oulad_CCC_2014J,oulad_FFF_2013B,D2_other_module,18,1614,0.011152416356877323,False
oulad_CCC_2014J,oulad_FFF_2013J,D2_other_module,115,2283,0.05037231712658782,False
oulad_CCC_2014J,oulad_FFF_2014B,D2_other_module,98,1500,0.06533333333333333,False
oulad_CCC_2014J,oulad_FFF_2014J,D2_other_module,134,2365,0.056659619450317125,False
oulad_CCC_2014J,ku_Accountancy_1819,D3_other_institution,0,752,0.0,True
oulad_CCC_2014J,ku_Globaleconom_1819,D3_other_institution,0,743,0.0,True
oulad_CCC_2014J,ku_Accountancy_1920,D3_other_institution,0,705,0.0,True
oulad_CCC_2014J,ku_Globaleconom_1920,D3_other_institution,0,681,0.0,True
oulad_CCC_2014J,ku_Accountancy_2021,D3_other_institution,0,723,0.0,True
oulad_CCC_2014J,ku_Globaleconom_2021,D3_other_institution,0,335,0.0,True
oulad_CCC_2014J,ukzn_ISTN101_2019,D3_other_institution,0,1056,0.0,True
oulad_CCC_2014J,ukzn_ISTN101_2020,D3_other_institution,0,978,0.0,True
oulad_CCC_2014J,ukzn_ISTN101_2021,D3_other_institution,0,741,0.0,True
oulad_CCC_2014J,ukzn_ISTN102_2018,D3_other_institution,0,257,0.0,True
oulad_CCC_2014J,ukzn_ISTN103_2019,D3_other_institution,0,1113,0.0,True
oulad_CCC_2014J,ukzn_ISTN103_2020,D3_other_institution,0,1082,0.0,True
oulad_CCC_2014J,ukzn_ISTN211_2019,D3_other_institution,0,280,0.0,True
oulad_CCC_2014J,ukzn_ISTN211_2021,D3_other_institution,0,327,0.0,True
oulad_CCC_2014J,ukzn_ISTN212_2018,D3_other_institution,0,238,0.0,True
oulad_CCC_2014J,ukzn_ISTN212_2019,D3_other_institution,0,264,0.0,True
oulad_CCC_2014J,ukzn_ISTN2IP_2018,D3_other_institution,0,99,0.0,True
oulad_CCC_2014J,ukzn_ISTN2IP_2019,D3_other_institution,0,116,0.0,True
oulad_CCC_2014J,ukzn_ISTN3ND_2018,D3_other_institution,0,144,0.0,True
oulad_CCC_2014J,ukzn_ISTN3ND_2019,D3_other_institution,0,223,0.0,True
oulad_CCC_2014J,ukzn_ISTN3SA_2018,D3_other_institution,0,141,0.0,True
oulad_CCC_2014J,ukzn_ISTN3SA_2019,D3_other_institution,0,195,0.0,True
oulad_CCC_2014J,zambia_ICT1110_2020,D3_other_institution,0,65,0.0,True
oulad_CCC_2014J,zambia_ICT1110_2021,D3_other_institution,0,52,0.0,True
oulad_CCC_2014J,oviedo_C1112_1415,D3_other_institution,0,199,0.0,True
oulad_CCC_2014J,oviedo_C1127_1415,D3_other_institution,0,106,0.0,True
oulad_CCC_2014J,oviedo_C1200_1415,D3_other_institution,0,107,0.0,True
oulad_CCC_2014J,oviedo_C1303_1415,D3_other_institution,0,112,0.0,True
oulad_CCC_2014J,oviedo_C174_1415,D3_other_institution,0,96,0.0,True
oulad_CCC_2014J,oviedo_C190_1415,D3_other_institution,0,112,0.0,True
oulad_CCC_2014J,oviedo_C1978_1415,D3_other_institution,0,164,0.0,True
oulad_CCC_2014J,oviedo_C2011_1415,D3_other_institution,0,120,0.0,True
oulad_CCC_2014J,oviedo_C2024_1415,D3_other_institution,1,327,0.0030581039755351682,True
oulad_CCC_2014J,oviedo_C2150_1415,D3_other_institution,0,106,0.0,True
oulad_CCC_2014J,oviedo_C2271_1415,D3_other_institution,0,596,0.0,True
oulad_CCC_2014J,oviedo_C2335_1415,D3_other_institution,1,428,0.002336448598130841,True
oulad_CCC_2014J,oviedo_C2406_1415,D3_other_institution,0,133,0.0,True
oulad_CCC_2014J,oviedo_C2468_1415,D3_other_institution,0,82,0.0,True
oulad_CCC_2014J,oviedo_C2607_1415,D3_other_institution,0,277,0.0,True
oulad_CCC_2014J,oviedo_C3022_1415,D3_other_institution,0,238,0.0,True
oulad_CCC_2014J,oviedo_C3029_1415,D3_other_institution,0,231,0.0,True
oulad_CCC_2014J,oviedo_C4189_1415,D3_other_institution,0,128,0.0,True
oulad_CCC_2014J,oviedo_C4213_1415,D3_other_institution,0,140,0.0,True
oulad_CCC_2014J,oviedo_C836_1415,D3_other_institution,0,87,0.0,True
oulad_DDD_2013B,oulad_AAA_2013J,D2_other_module,0,383,0.0,True
oulad_DDD_2013B,oulad_AAA_2014J,D2_other_module,0,365,0.0,True
oulad_DDD_2013B,oulad_BBB_2013B,D2_other_module,3,1767,0.001697792869269949,True
oulad_DDD_2013B,oulad_BBB_2013J,D2_other_module,2,2237,0.000894054537326777,True
oulad_DDD_2013B,oulad_BBB_2014B,D2_other_module,1,1613,0.0006199628022318661,True
oulad_DDD_2013B,oulad_BBB_2014J,D2_other_module,1,2292,0.0004363001745200698,True
oulad_DDD_2013B,oulad_CCC_2014B,D2_other_module,87,1936,0.04493801652892562,False
oulad_DDD_2013B,oulad_CCC_2014J,D2_other_module,32,2498,0.012810248198558846,False
oulad_DDD_2013B,oulad_DDD_2013J,D1_same_module,77,1938,0.03973168214654283,False
oulad_DDD_2013B,oulad_DDD_2014B,D1_same_module,49,1228,0.039902280130293157,False
oulad_DDD_2013B,oulad_DDD_2014J,D1_same_module,26,1803,0.014420410427066,False
oulad_DDD_2013B,oulad_EEE_2013J,D2_other_module,3,1052,0.0028517110266159697,True
oulad_DDD_2013B,oulad_EEE_2014B,D2_other_module,2,694,0.002881844380403458,True
oulad_DDD_2013B,oulad_EEE_2014J,D2_other_module,2,1188,0.0016835016835016834,True
oulad_DDD_2013B,oulad_FFF_2013B,D2_other_module,0,1614,0.0,True
oulad_DDD_2013B,oulad_FFF_2013J,D2_other_module,3,2283,0.001314060446780552,True
oulad_DDD_2013B,oulad_FFF_2014B,D2_other_module,3,1500,0.002,True
oulad_DDD_2013B,oulad_FFF_2014J,D2_other_module,3,2365,0.0012684989429175475,True
oulad_DDD_2013B,ku_Accountancy_1819,D3_other_institution,0,752,0.0,True
oulad_DDD_2013B,ku_Globaleconom_1819,D3_other_institution,0,743,0.0,True
oulad_DDD_2013B,ku_Accountancy_1920,D3_other_institution,0,705,0.0,True
oulad_DDD_2013B,ku_Globaleconom_1920,D3_other_institution,0,681,0.0,True
oulad_DDD_2013B,ku_Accountancy_2021,D3_other_institution,0,723,0.0,True
oulad_DDD_2013B,ku_Globaleconom_2021,D3_other_institution,0,335,0.0,True
oulad_DDD_2013B,ukzn_ISTN101_2019,D3_other_institution,0,1056,0.0,True
oulad_DDD_2013B,ukzn_ISTN101_2020,D3_other_institution,0,978,0.0,True
oulad_DDD_2013B,ukzn_ISTN101_2021,D3_other_institution,0,741,0.0,True
oulad_DDD_2013B,ukzn_ISTN102_2018,D3_other_institution,0,257,0.0,True
oulad_DDD_2013B,ukzn_ISTN103_2019,D3_other_institution,0,1113,0.0,True
oulad_DDD_2013B,ukzn_ISTN103_2020,D3_other_institution,0,1082,0.0,True
oulad_DDD_2013B,ukzn_ISTN211_2019,D3_other_institution,0,280,0.0,True
oulad_DDD_2013B,ukzn_ISTN211_2021,D3_other_institution,0,327,0.0,True
oulad_DDD_2013B,ukzn_ISTN212_2018,D3_other_institution,0,238,0.0,True
oulad_DDD_2013B,ukzn_ISTN212_2019,D3_other_institution,0,264,0.0,True
oulad_DDD_2013B,ukzn_ISTN2IP_2018,D3_other_institution,0,99,0.0,True
oulad_DDD_2013B,ukzn_ISTN2IP_2019,D3_other_institution,0,116,0.0,True
oulad_DDD_2013B,ukzn_ISTN3ND_2018,D3_other_institution,0,144,0.0,True
oulad_DDD_2013B,ukzn_ISTN3ND_2019,D3_other_institution,0,223,0.0,True
oulad_DDD_2013B,ukzn_ISTN3SA_2018,D3_other_institution,0,141,0.0,True
oulad_DDD_2013B,ukzn_ISTN3SA_2019,D3_other_institution,0,195,0.0,True
oulad_DDD_2013B,zambia_ICT1110_2020,D3_other_institution,0,65,0.0,True
oulad_DDD_2013B,zambia_ICT1110_2021,D3_other_institution,0,52,0.0,True
oulad_DDD_2013B,oviedo_C1112_1415,D3_other_institution,0,199,0.0,True
oulad_DDD_2013B,oviedo_C1127_1415,D3_other_institution,0,106,0.0,True
oulad_DDD_2013B,oviedo_C1200_1415,D3_other_institution,0,107,0.0,True
oulad_DDD_2013B,oviedo_C1303_1415,D3_other_institution,0,112,0.0,True
oulad_DDD_2013B,oviedo_C174_1415,D3_other_institution,0,96,0.0,True
oulad_DDD_2013B,oviedo_C190_1415,D3_other_institution,0,112,0.0,True
oulad_DDD_2013B,oviedo_C1978_1415,D3_other_institution,0,164,0.0,True
oulad_DDD_2013B,oviedo_C2011_1415,D3_other_institution,0,120,0.0,True
oulad_DDD_2013B,oviedo_C2024_1415,D3_other_institution,0,327,0.0,True
oulad_DDD_2013B,oviedo_C2150_1415,D3_other_institution,0,106,0.0,True
oulad_DDD_2013B,oviedo_C2271_1415,D3_other_institution,1,596,0.0016778523489932886,True
oulad_DDD_2013B,oviedo_C2335_1415,D3_other_institution,0,428,0.0,True
oulad_DDD_2013B,oviedo_C2406_1415,D3_other_institution,0,133,0.0,True
oulad_DDD_2013B,oviedo_C2468_1415,D3_other_institution,0,82,0.0,True
oulad_DDD_2013B,oviedo_C2607_1415,D3_other_institution,0,277,0.0,True
oulad_DDD_2013B,oviedo_C3022_1415,D3_other_institution,0,238,0.0,True
oulad_DDD_2013B,oviedo_C3029_1415,D3_other_institution,0,231,0.0,True
oulad_DDD_2013B,oviedo_C4189_1415,D3_other_institution,0,128,0.0,True
oulad_DDD_2013B,oviedo_C4213_1415,D3_other_institution,0,140,0.0,True
oulad_DDD_2013B,oviedo_C836_1415,D3_other_institution,0,87,0.0,True
oulad_DDD_2013J,oulad_AAA_2013J,D2_other_module,0,383,0.0,True
oulad_DDD_2013J,oulad_AAA_2014J,D2_other_module,0,365,0.0,True
oulad_DDD_2013J,oulad_BBB_2013B,D2_other_module,3,1767,0.001697792869269949,True
oulad_DDD_2013J,oulad_BBB_2013J,D2_other_module,1,2237,0.0004470272686633885,True
oulad_DDD_2013J,oulad_BBB_2014B,D2_other_module,4,1613,0.0024798512089274642,True
oulad_DDD_2013J,oulad_BBB_2014J,D2_other_module,2,2292,0.0008726003490401396,True
oulad_DDD_2013J,oulad_CCC_2014B,D2_other_module,121,1936,0.0625,False
oulad_DDD_2013J,oulad_CCC_2014J,D2_other_module,182,2498,0.07285828662930344,False
oulad_DDD_2013J,oulad_DDD_2013B,D1_same_module,77,1303,0.059094397544128936,False
oulad_DDD_2013J,oulad_DDD_2014B,D1_same_module,83,1228,0.06758957654723127,False
oulad_DDD_2013J,oulad_DDD_2014J,D1_same_module,121,1803,0.06711037160288408,False
oulad_DDD_2013J,oulad_EEE_2013J,D2_other_module,4,1052,0.0038022813688212928,True
oulad_DDD_2013J,oulad_EEE_2014B,D2_other_module,0,694,0.0,True
oulad_DDD_2013J,oulad_EEE_2014J,D2_other_module,6,1188,0.005050505050505051,True
oulad_DDD_2013J,oulad_FFF_2013B,D2_other_module,1,1614,0.0006195786864931846,True
oulad_DDD_2013J,oulad_FFF_2013J,D2_other_module,8,2283,0.003504161191414805,True
oulad_DDD_2013J,oulad_FFF_2014B,D2_other_module,5,1500,0.0033333333333333335,True
oulad_DDD_2013J,oulad_FFF_2014J,D2_other_module,10,2365,0.004228329809725159,True
oulad_DDD_2013J,ku_Accountancy_1819,D3_other_institution,0,752,0.0,True
oulad_DDD_2013J,ku_Globaleconom_1819,D3_other_institution,0,743,0.0,True
oulad_DDD_2013J,ku_Accountancy_1920,D3_other_institution,0,705,0.0,True
oulad_DDD_2013J,ku_Globaleconom_1920,D3_other_institution,0,681,0.0,True
oulad_DDD_2013J,ku_Accountancy_2021,D3_other_institution,0,723,0.0,True
oulad_DDD_2013J,ku_Globaleconom_2021,D3_other_institution,0,335,0.0,True
oulad_DDD_2013J,ukzn_ISTN101_2019,D3_other_institution,0,1056,0.0,True
oulad_DDD_2013J,ukzn_ISTN101_2020,D3_other_institution,0,978,0.0,True
oulad_DDD_2013J,ukzn_ISTN101_2021,D3_other_institution,0,741,0.0,True
oulad_DDD_2013J,ukzn_ISTN102_2018,D3_other_institution,0,257,0.0,True
oulad_DDD_2013J,ukzn_ISTN103_2019,D3_other_institution,0,1113,0.0,True
oulad_DDD_2013J,ukzn_ISTN103_2020,D3_other_institution,0,1082,0.0,True
oulad_DDD_2013J,ukzn_ISTN211_2019,D3_other_institution,0,280,0.0,True
oulad_DDD_2013J,ukzn_ISTN211_2021,D3_other_institution,0,327,0.0,True
oulad_DDD_2013J,ukzn_ISTN212_2018,D3_other_institution,0,238,0.0,True
oulad_DDD_2013J,ukzn_ISTN212_2019,D3_other_institution,0,264,0.0,True
oulad_DDD_2013J,ukzn_ISTN2IP_2018,D3_other_institution,0,99,0.0,True
oulad_DDD_2013J,ukzn_ISTN2IP_2019,D3_other_institution,0,116,0.0,True
oulad_DDD_2013J,ukzn_ISTN3ND_2018,D3_other_institution,0,144,0.0,True
oulad_DDD_2013J,ukzn_ISTN3ND_2019,D3_other_institution,0,223,0.0,True
oulad_DDD_2013J,ukzn_ISTN3SA_2018,D3_other_institution,0,141,0.0,True
oulad_DDD_2013J,ukzn_ISTN3SA_2019,D3_other_institution,0,195,0.0,True
oulad_DDD_2013J,zambia_ICT1110_2020,D3_other_institution,0,65,0.0,True
oulad_DDD_2013J,zambia_ICT1110_2021,D3_other_institution,0,52,0.0,True
oulad_DDD_2013J,oviedo_C1112_1415,D3_other_institution,0,199,0.0,True
oulad_DDD_2013J,oviedo_C1127_1415,D3_other_institution,0,106,0.0,True
oulad_DDD_2013J,oviedo_C1200_1415,D3_other_institution,0,107,0.0,True
oulad_DDD_2013J,oviedo_C1303_1415,D3_other_institution,0,112,0.0,True
oulad_DDD_2013J,oviedo_C174_1415,D3_other_institution,0,96,0.0,True
oulad_DDD_2013J,oviedo_C190_1415,D3_other_institution,0,112,0.0,True
oulad_DDD_2013J,oviedo_C1978_1415,D3_other_institution,0,164,0.0,True
oulad_DDD_2013J,oviedo_C2011_1415,D3_other_institution,0,120,0.0,True
oulad_DDD_2013J,oviedo_C2024_1415,D3_other_institution,0,327,0.0,True
oulad_DDD_2013J,oviedo_C2150_1415,D3_other_institution,0,106,0.0,True
oulad_DDD_2013J,oviedo_C2271_1415,D3_other_institution,1,596,0.0016778523489932886,True
oulad_DDD_2013J,oviedo_C2335_1415,D3_other_institution,0,428,0.0,True
oulad_DDD_2013J,oviedo_C2406_1415,D3_other_institution,0,133,0.0,True
oulad_DDD_2013J,oviedo_C2468_1415,D3_other_institution,0,82,0.0,True
oulad_DDD_2013J,oviedo_C2607_1415,D3_other_institution,0,277,0.0,True
oulad_DDD_2013J,oviedo_C3022_1415,D3_other_institution,0,238,0.0,True
oulad_DDD_2013J,oviedo_C3029_1415,D3_other_institution,0,231,0.0,True
oulad_DDD_2013J,oviedo_C4189_1415,D3_other_institution,1,128,0.0078125,True
oulad_DDD_2013J,oviedo_C4213_1415,D3_other_institution,0,140,0.0,True
oulad_DDD_2013J,oviedo_C836_1415,D3_other_institution,0,87,0.0,True
oulad_DDD_2014B,oulad_AAA_2013J,D2_other_module,0,383,0.0,True
oulad_DDD_2014B,oulad_AAA_2014J,D2_other_module,0,365,0.0,True
oulad_DDD_2014B,oulad_BBB_2013B,D2_other_module,1,1767,0.0005659309564233164,True
oulad_DDD_2014B,oulad_BBB_2013J,D2_other_module,1,2237,0.0004470272686633885,True
oulad_DDD_2014B,oulad_BBB_2014B,D2_other_module,0,1613,0.0,True
oulad_DDD_2014B,oulad_BBB_2014J,D2_other_module,3,2292,0.0013089005235602095,True
oulad_DDD_2014B,oulad_CCC_2014B,D2_other_module,72,1936,0.0371900826446281,False
oulad_DDD_2014B,oulad_CCC_2014J,D2_other_module,115,2498,0.04603682946357086,False
oulad_DDD_2014B,oulad_DDD_2013B,D1_same_module,49,1303,0.03760552570990023,False
oulad_DDD_2014B,oulad_DDD_2013J,D1_same_module,83,1938,0.04282765737874097,False
oulad_DDD_2014B,oulad_DDD_2014J,D1_same_module,84,1803,0.04658901830282862,False
oulad_DDD_2014B,oulad_EEE_2013J,D2_other_module,5,1052,0.004752851711026616,True
oulad_DDD_2014B,oulad_EEE_2014B,D2_other_module,2,694,0.002881844380403458,True
oulad_DDD_2014B,oulad_EEE_2014J,D2_other_module,2,1188,0.0016835016835016834,True
oulad_DDD_2014B,oulad_FFF_2013B,D2_other_module,2,1614,0.0012391573729863693,True
oulad_DDD_2014B,oulad_FFF_2013J,D2_other_module,6,2283,0.002628120893561104,True
oulad_DDD_2014B,oulad_FFF_2014B,D2_other_module,5,1500,0.0033333333333333335,True
oulad_DDD_2014B,oulad_FFF_2014J,D2_other_module,3,2365,0.0012684989429175475,True
oulad_DDD_2014B,ku_Accountancy_1819,D3_other_institution,0,752,0.0,True
oulad_DDD_2014B,ku_Globaleconom_1819,D3_other_institution,0,743,0.0,True
oulad_DDD_2014B,ku_Accountancy_1920,D3_other_institution,0,705,0.0,True
oulad_DDD_2014B,ku_Globaleconom_1920,D3_other_institution,0,681,0.0,True
oulad_DDD_2014B,ku_Accountancy_2021,D3_other_institution,0,723,0.0,True
oulad_DDD_2014B,ku_Globaleconom_2021,D3_other_institution,0,335,0.0,True
oulad_DDD_2014B,ukzn_ISTN101_2019,D3_other_institution,0,1056,0.0,True
oulad_DDD_2014B,ukzn_ISTN101_2020,D3_other_institution,0,978,0.0,True
oulad_DDD_2014B,ukzn_ISTN101_2021,D3_other_institution,0,741,0.0,True
oulad_DDD_2014B,ukzn_ISTN102_2018,D3_other_institution,0,257,0.0,True
oulad_DDD_2014B,ukzn_ISTN103_2019,D3_other_institution,0,1113,0.0,True
oulad_DDD_2014B,ukzn_ISTN103_2020,D3_other_institution,0,1082,0.0,True
oulad_DDD_2014B,ukzn_ISTN211_2019,D3_other_institution,0,280,0.0,True
oulad_DDD_2014B,ukzn_ISTN211_2021,D3_other_institution,0,327,0.0,True
oulad_DDD_2014B,ukzn_ISTN212_2018,D3_other_institution,0,238,0.0,True
oulad_DDD_2014B,ukzn_ISTN212_2019,D3_other_institution,0,264,0.0,True
oulad_DDD_2014B,ukzn_ISTN2IP_2018,D3_other_institution,0,99,0.0,True
oulad_DDD_2014B,ukzn_ISTN2IP_2019,D3_other_institution,0,116,0.0,True
oulad_DDD_2014B,ukzn_ISTN3ND_2018,D3_other_institution,0,144,0.0,True
oulad_DDD_2014B,ukzn_ISTN3ND_2019,D3_other_institution,0,223,0.0,True
oulad_DDD_2014B,ukzn_ISTN3SA_2018,D3_other_institution,0,141,0.0,True
oulad_DDD_2014B,ukzn_ISTN3SA_2019,D3_other_institution,0,195,0.0,True
oulad_DDD_2014B,zambia_ICT1110_2020,D3_other_institution,0,65,0.0,True
oulad_DDD_2014B,zambia_ICT1110_2021,D3_other_institution,0,52,0.0,True
oulad_DDD_2014B,oviedo_C1112_1415,D3_other_institution,0,199,0.0,True
oulad_DDD_2014B,oviedo_C1127_1415,D3_other_institution,0,106,0.0,True
oulad_DDD_2014B,oviedo_C1200_1415,D3_other_institution,0,107,0.0,True
oulad_DDD_2014B,oviedo_C1303_1415,D3_other_institution,0,112,0.0,True
oulad_DDD_2014B,oviedo_C174_1415,D3_other_institution,0,96,0.0,True
oulad_DDD_2014B,oviedo_C190_1415,D3_other_institution,0,112,0.0,True
oulad_DDD_2014B,oviedo_C1978_1415,D3_other_institution,0,164,0.0,True
oulad_DDD_2014B,oviedo_C2011_1415,D3_other_institution,0,120,0.0,True
oulad_DDD_2014B,oviedo_C2024_1415,D3_other_institution,0,327,0.0,True
oulad_DDD_2014B,oviedo_C2150_1415,D3_other_institution,0,106,0.0,True
oulad_DDD_2014B,oviedo_C2271_1415,D3_other_institution,1,596,0.0016778523489932886,True
oulad_DDD_2014B,oviedo_C2335_1415,D3_other_institution,0,428,0.0,True
oulad_DDD_2014B,oviedo_C2406_1415,D3_other_institution,0,133,0.0,True
oulad_DDD_2014B,oviedo_C2468_1415,D3_other_institution,0,82,0.0,True
oulad_DDD_2014B,oviedo_C2607_1415,D3_other_institution,0,277,0.0,True
oulad_DDD_2014B,oviedo_C3022_1415,D3_other_institution,0,238,0.0,True
oulad_DDD_2014B,oviedo_C3029_1415,D3_other_institution,0,231,0.0,True
oulad_DDD_2014B,oviedo_C4189_1415,D3_other_institution,0,128,0.0,True
oulad_DDD_2014B,oviedo_C4213_1415,D3_other_institution,0,140,0.0,True
oulad_DDD_2014B,oviedo_C836_1415,D3_other_institution,0,87,0.0,True
oulad_DDD_2014J,oulad_AAA_2013J,D2_other_module,0,383,0.0,True
oulad_DDD_2014J,oulad_AAA_2014J,D2_other_module,0,365,0.0,True
oulad_DDD_2014J,oulad_BBB_2013B,D2_other_module,1,1767,0.0005659309564233164,True
oulad_DDD_2014J,oulad_BBB_2013J,D2_other_module,2,2237,0.000894054537326777,True
oulad_DDD_2014J,oulad_BBB_2014B,D2_other_module,1,1613,0.0006199628022318661,True
oulad_DDD_2014J,oulad_BBB_2014J,D2_other_module,4,2292,0.0017452006980802793,True
oulad_DDD_2014J,oulad_CCC_2014B,D2_other_module,11,1936,0.005681818181818182,True
oulad_DDD_2014J,oulad_CCC_2014J,D2_other_module,151,2498,0.06044835868694956,False
oulad_DDD_2014J,oulad_DDD_2013B,D1_same_module,26,1303,0.019953952417498082,False
oulad_DDD_2014J,oulad_DDD_2013J,D1_same_module,121,1938,0.06243550051599587,False
oulad_DDD_2014J,oulad_DDD_2014B,D1_same_module,84,1228,0.06840390879478828,False
oulad_DDD_2014J,oulad_EEE_2013J,D2_other_module,6,1052,0.005703422053231939,True
oulad_DDD_2014J,oulad_EEE_2014B,D2_other_module,3,694,0.004322766570605188,True
oulad_DDD_2014J,oulad_EEE_2014J,D2_other_module,3,1188,0.0025252525252525255,True
oulad_DDD_2014J,oulad_FFF_2013B,D2_other_module,2,1614,0.0012391573729863693,True
oulad_DDD_2014J,oulad_FFF_2013J,D2_other_module,5,2283,0.002190100744634253,True
oulad_DDD_2014J,oulad_FFF_2014B,D2_other_module,2,1500,0.0013333333333333333,True
oulad_DDD_2014J,oulad_FFF_2014J,D2_other_module,6,2365,0.002536997885835095,True
oulad_DDD_2014J,ku_Accountancy_1819,D3_other_institution,0,752,0.0,True
oulad_DDD_2014J,ku_Globaleconom_1819,D3_other_institution,0,743,0.0,True
oulad_DDD_2014J,ku_Accountancy_1920,D3_other_institution,0,705,0.0,True
oulad_DDD_2014J,ku_Globaleconom_1920,D3_other_institution,0,681,0.0,True
oulad_DDD_2014J,ku_Accountancy_2021,D3_other_institution,0,723,0.0,True
oulad_DDD_2014J,ku_Globaleconom_2021,D3_other_institution,0,335,0.0,True
oulad_DDD_2014J,ukzn_ISTN101_2019,D3_other_institution,0,1056,0.0,True
oulad_DDD_2014J,ukzn_ISTN101_2020,D3_other_institution,0,978,0.0,True
oulad_DDD_2014J,ukzn_ISTN101_2021,D3_other_institution,0,741,0.0,True
oulad_DDD_2014J,ukzn_ISTN102_2018,D3_other_institution,0,257,0.0,True
oulad_DDD_2014J,ukzn_ISTN103_2019,D3_other_institution,0,1113,0.0,True
oulad_DDD_2014J,ukzn_ISTN103_2020,D3_other_institution,0,1082,0.0,True
oulad_DDD_2014J,ukzn_ISTN211_2019,D3_other_institution,0,280,0.0,True
oulad_DDD_2014J,ukzn_ISTN211_2021,D3_other_institution,0,327,0.0,True
oulad_DDD_2014J,ukzn_ISTN212_2018,D3_other_institution,0,238,0.0,True
oulad_DDD_2014J,ukzn_ISTN212_2019,D3_other_institution,0,264,0.0,True
oulad_DDD_2014J,ukzn_ISTN2IP_2018,D3_other_institution,0,99,0.0,True
oulad_DDD_2014J,ukzn_ISTN2IP_2019,D3_other_institution,0,116,0.0,True
oulad_DDD_2014J,ukzn_ISTN3ND_2018,D3_other_institution,0,144,0.0,True
oulad_DDD_2014J,ukzn_ISTN3ND_2019,D3_other_institution,0,223,0.0,True
oulad_DDD_2014J,ukzn_ISTN3SA_2018,D3_other_institution,0,141,0.0,True
oulad_DDD_2014J,ukzn_ISTN3SA_2019,D3_other_institution,0,195,0.0,True
oulad_DDD_2014J,zambia_ICT1110_2020,D3_other_institution,0,65,0.0,True
oulad_DDD_2014J,zambia_ICT1110_2021,D3_other_institution,0,52,0.0,True
oulad_DDD_2014J,oviedo_C1112_1415,D3_other_institution,0,199,0.0,True
oulad_DDD_2014J,oviedo_C1127_1415,D3_other_institution,0,106,0.0,True
oulad_DDD_2014J,oviedo_C1200_1415,D3_other_institution,0,107,0.0,True
oulad_DDD_2014J,oviedo_C1303_1415,D3_other_institution,0,112,0.0,True
oulad_DDD_2014J,oviedo_C174_1415,D3_other_institution,0,96,0.0,True
oulad_DDD_2014J,oviedo_C190_1415,D3_other_institution,0,112,0.0,True
oulad_DDD_2014J,oviedo_C1978_1415,D3_other_institution,0,164,0.0,True
oulad_DDD_2014J,oviedo_C2011_1415,D3_other_institution,0,120,0.0,True
oulad_DDD_2014J,oviedo_C2024_1415,D3_other_institution,0,327,0.0,True
oulad_DDD_2014J,oviedo_C2150_1415,D3_other_institution,0,106,0.0,True
oulad_DDD_2014J,oviedo_C2271_1415,D3_other_institution,0,596,0.0,True
oulad_DDD_2014J,oviedo_C2335_1415,D3_other_institution,0,428,0.0,True
oulad_DDD_2014J,oviedo_C2406_1415,D3_other_institution,0,133,0.0,True
oulad_DDD_2014J,oviedo_C2468_1415,D3_other_institution,0,82,0.0,True
oulad_DDD_2014J,oviedo_C2607_1415,D3_other_institution,1,277,0.0036101083032490976,True
oulad_DDD_2014J,oviedo_C3022_1415,D3_other_institution,0,238,0.0,True
oulad_DDD_2014J,oviedo_C3029_1415,D3_other_institution,0,231,0.0,True
oulad_DDD_2014J,oviedo_C4189_1415,D3_other_institution,1,128,0.0078125,True
oulad_DDD_2014J,oviedo_C4213_1415,D3_other_institution,0,140,0.0,True
oulad_DDD_2014J,oviedo_C836_1415,D3_other_institution,0,87,0.0,True
oulad_EEE_2013J,oulad_AAA_2013J,D2_other_module,0,383,0.0,True
oulad_EEE_2013J,oulad_AAA_2014J,D2_other_module,0,365,0.0,True
oulad_EEE_2013J,oulad_BBB_2013B,D2_other_module,0,1767,0.0,True
oulad_EEE_2013J,oulad_BBB_2013J,D2_other_module,0,2237,0.0,True
oulad_EEE_2013J,oulad_BBB_2014B,D2_other_module,0,1613,0.0,True
oulad_EEE_2013J,oulad_BBB_2014J,D2_other_module,0,2292,0.0,True
oulad_EEE_2013J,oulad_CCC_2014B,D2_other_module,258,1936,0.13326446280991736,False
oulad_EEE_2013J,oulad_CCC_2014J,D2_other_module,154,2498,0.06164931945556445,False
oulad_EEE_2013J,oulad_DDD_2013B,D2_other_module,3,1303,0.0023023791250959325,True
oulad_EEE_2013J,oulad_DDD_2013J,D2_other_module,4,1938,0.0020639834881320948,True
oulad_EEE_2013J,oulad_DDD_2014B,D2_other_module,5,1228,0.004071661237785016,True
oulad_EEE_2013J,oulad_DDD_2014J,D2_other_module,6,1803,0.0033277870216306157,True
oulad_EEE_2013J,oulad_EEE_2014B,D1_same_module,20,694,0.02881844380403458,False
oulad_EEE_2013J,oulad_EEE_2014J,D1_same_module,33,1188,0.027777777777777776,False
oulad_EEE_2013J,oulad_FFF_2013B,D2_other_module,0,1614,0.0,True
oulad_EEE_2013J,oulad_FFF_2013J,D2_other_module,2,2283,0.0008760402978537013,True
oulad_EEE_2013J,oulad_FFF_2014B,D2_other_module,1,1500,0.0006666666666666666,True
oulad_EEE_2013J,oulad_FFF_2014J,D2_other_module,9,2365,0.0038054968287526427,True
oulad_EEE_2013J,ku_Accountancy_1819,D3_other_institution,0,752,0.0,True
oulad_EEE_2013J,ku_Globaleconom_1819,D3_other_institution,0,743,0.0,True
oulad_EEE_2013J,ku_Accountancy_1920,D3_other_institution,0,705,0.0,True
oulad_EEE_2013J,ku_Globaleconom_1920,D3_other_institution,0,681,0.0,True
oulad_EEE_2013J,ku_Accountancy_2021,D3_other_institution,0,723,0.0,True
oulad_EEE_2013J,ku_Globaleconom_2021,D3_other_institution,0,335,0.0,True
oulad_EEE_2013J,ukzn_ISTN101_2019,D3_other_institution,0,1056,0.0,True
oulad_EEE_2013J,ukzn_ISTN101_2020,D3_other_institution,0,978,0.0,True
oulad_EEE_2013J,ukzn_ISTN101_2021,D3_other_institution,0,741,0.0,True
oulad_EEE_2013J,ukzn_ISTN102_2018,D3_other_institution,0,257,0.0,True
oulad_EEE_2013J,ukzn_ISTN103_2019,D3_other_institution,0,1113,0.0,True
oulad_EEE_2013J,ukzn_ISTN103_2020,D3_other_institution,0,1082,0.0,True
oulad_EEE_2013J,ukzn_ISTN211_2019,D3_other_institution,0,280,0.0,True
oulad_EEE_2013J,ukzn_ISTN211_2021,D3_other_institution,0,327,0.0,True
oulad_EEE_2013J,ukzn_ISTN212_2018,D3_other_institution,0,238,0.0,True
oulad_EEE_2013J,ukzn_ISTN212_2019,D3_other_institution,0,264,0.0,True
oulad_EEE_2013J,ukzn_ISTN2IP_2018,D3_other_institution,0,99,0.0,True
oulad_EEE_2013J,ukzn_ISTN2IP_2019,D3_other_institution,0,116,0.0,True
oulad_EEE_2013J,ukzn_ISTN3ND_2018,D3_other_institution,0,144,0.0,True
oulad_EEE_2013J,ukzn_ISTN3ND_2019,D3_other_institution,0,223,0.0,True
oulad_EEE_2013J,ukzn_ISTN3SA_2018,D3_other_institution,0,141,0.0,True
oulad_EEE_2013J,ukzn_ISTN3SA_2019,D3_other_institution,0,195,0.0,True
oulad_EEE_2013J,zambia_ICT1110_2020,D3_other_institution,0,65,0.0,True
oulad_EEE_2013J,zambia_ICT1110_2021,D3_other_institution,0,52,0.0,True
oulad_EEE_2013J,oviedo_C1112_1415,D3_other_institution,0,199,0.0,True
oulad_EEE_2013J,oviedo_C1127_1415,D3_other_institution,0,106,0.0,True
oulad_EEE_2013J,oviedo_C1200_1415,D3_other_institution,0,107,0.0,True
oulad_EEE_2013J,oviedo_C1303_1415,D3_other_institution,0,112,0.0,True
oulad_EEE_2013J,oviedo_C174_1415,D3_other_institution,0,96,0.0,True
oulad_EEE_2013J,oviedo_C190_1415,D3_other_institution,0,112,0.0,True
oulad_EEE_2013J,oviedo_C1978_1415,D3_other_institution,0,164,0.0,True
oulad_EEE_2013J,oviedo_C2011_1415,D3_other_institution,0,120,0.0,True
oulad_EEE_2013J,oviedo_C2024_1415,D3_other_institution,0,327,0.0,True
oulad_EEE_2013J,oviedo_C2150_1415,D3_other_institution,0,106,0.0,True
oulad_EEE_2013J,oviedo_C2271_1415,D3_other_institution,0,596,0.0,True
oulad_EEE_2013J,oviedo_C2335_1415,D3_other_institution,0,428,0.0,True
oulad_EEE_2013J,oviedo_C2406_1415,D3_other_institution,0,133,0.0,True
oulad_EEE_2013J,oviedo_C2468_1415,D3_other_institution,0,82,0.0,True
oulad_EEE_2013J,oviedo_C2607_1415,D3_other_institution,0,277,0.0,True
oulad_EEE_2013J,oviedo_C3022_1415,D3_other_institution,0,238,0.0,True
oulad_EEE_2013J,oviedo_C3029_1415,D3_other_institution,0,231,0.0,True
oulad_EEE_2013J,oviedo_C4189_1415,D3_other_institution,0,128,0.0,True
oulad_EEE_2013J,oviedo_C4213_1415,D3_other_institution,0,140,0.0,True
oulad_EEE_2013J,oviedo_C836_1415,D3_other_institution,0,87,0.0,True
oulad_EEE_2014B,oulad_AAA_2013J,D2_other_module,0,383,0.0,True
oulad_EEE_2014B,oulad_AAA_2014J,D2_other_module,0,365,0.0,True
oulad_EEE_2014B,oulad_BBB_2013B,D2_other_module,0,1767,0.0,True
oulad_EEE_2014B,oulad_BBB_2013J,D2_other_module,0,2237,0.0,True
oulad_EEE_2014B,oulad_BBB_2014B,D2_other_module,0,1613,0.0,True
oulad_EEE_2014B,oulad_BBB_2014J,D2_other_module,0,2292,0.0,True
oulad_EEE_2014B,oulad_CCC_2014B,D2_other_module,311,1936,0.1606404958677686,False
oulad_EEE_2014B,oulad_CCC_2014J,D2_other_module,118,2498,0.04723779023218575,False
oulad_EEE_2014B,oulad_DDD_2013B,D2_other_module,2,1303,0.0015349194167306216,True
oulad_EEE_2014B,oulad_DDD_2013J,D2_other_module,0,1938,0.0,True
oulad_EEE_2014B,oulad_DDD_2014B,D2_other_module,2,1228,0.0016286644951140066,True
oulad_EEE_2014B,oulad_DDD_2014J,D2_other_module,3,1803,0.0016638935108153079,True
oulad_EEE_2014B,oulad_EEE_2013J,D1_same_module,20,1052,0.019011406844106463,False
oulad_EEE_2014B,oulad_EEE_2014J,D1_same_module,23,1188,0.01936026936026936,False
oulad_EEE_2014B,oulad_FFF_2013B,D2_other_module,4,1614,0.0024783147459727386,True
oulad_EEE_2014B,oulad_FFF_2013J,D2_other_module,1,2283,0.0004380201489268506,True
oulad_EEE_2014B,oulad_FFF_2014B,D2_other_module,1,1500,0.0006666666666666666,True
oulad_EEE_2014B,oulad_FFF_2014J,D2_other_module,6,2365,0.002536997885835095,True
oulad_EEE_2014B,ku_Accountancy_1819,D3_other_institution,0,752,0.0,True
oulad_EEE_2014B,ku_Globaleconom_1819,D3_other_institution,0,743,0.0,True
oulad_EEE_2014B,ku_Accountancy_1920,D3_other_institution,0,705,0.0,True
oulad_EEE_2014B,ku_Globaleconom_1920,D3_other_institution,0,681,0.0,True
oulad_EEE_2014B,ku_Accountancy_2021,D3_other_institution,0,723,0.0,True
oulad_EEE_2014B,ku_Globaleconom_2021,D3_other_institution,0,335,0.0,True
oulad_EEE_2014B,ukzn_ISTN101_2019,D3_other_institution,0,1056,0.0,True
oulad_EEE_2014B,ukzn_ISTN101_2020,D3_other_institution,0,978,0.0,True
oulad_EEE_2014B,ukzn_ISTN101_2021,D3_other_institution,0,741,0.0,True
oulad_EEE_2014B,ukzn_ISTN102_2018,D3_other_institution,0,257,0.0,True
oulad_EEE_2014B,ukzn_ISTN103_2019,D3_other_institution,0,1113,0.0,True
oulad_EEE_2014B,ukzn_ISTN103_2020,D3_other_institution,0,1082,0.0,True
oulad_EEE_2014B,ukzn_ISTN211_2019,D3_other_institution,0,280,0.0,True
oulad_EEE_2014B,ukzn_ISTN211_2021,D3_other_institution,0,327,0.0,True
oulad_EEE_2014B,ukzn_ISTN212_2018,D3_other_institution,0,238,0.0,True
oulad_EEE_2014B,ukzn_ISTN212_2019,D3_other_institution,0,264,0.0,True
oulad_EEE_2014B,ukzn_ISTN2IP_2018,D3_other_institution,0,99,0.0,True
oulad_EEE_2014B,ukzn_ISTN2IP_2019,D3_other_institution,0,116,0.0,True
oulad_EEE_2014B,ukzn_ISTN3ND_2018,D3_other_institution,0,144,0.0,True
oulad_EEE_2014B,ukzn_ISTN3ND_2019,D3_other_institution,0,223,0.0,True
oulad_EEE_2014B,ukzn_ISTN3SA_2018,D3_other_institution,0,141,0.0,True
oulad_EEE_2014B,ukzn_ISTN3SA_2019,D3_other_institution,0,195,0.0,True
oulad_EEE_2014B,zambia_ICT1110_2020,D3_other_institution,0,65,0.0,True
oulad_EEE_2014B,zambia_ICT1110_2021,D3_other_institution,0,52,0.0,True
oulad_EEE_2014B,oviedo_C1112_1415,D3_other_institution,0,199,0.0,True
oulad_EEE_2014B,oviedo_C1127_1415,D3_other_institution,0,106,0.0,True
oulad_EEE_2014B,oviedo_C1200_1415,D3_other_institution,0,107,0.0,True
oulad_EEE_2014B,oviedo_C1303_1415,D3_other_institution,0,112,0.0,True
oulad_EEE_2014B,oviedo_C174_1415,D3_other_institution,0,96,0.0,True
oulad_EEE_2014B,oviedo_C190_1415,D3_other_institution,0,112,0.0,True
oulad_EEE_2014B,oviedo_C1978_1415,D3_other_institution,0,164,0.0,True
oulad_EEE_2014B,oviedo_C2011_1415,D3_other_institution,0,120,0.0,True
oulad_EEE_2014B,oviedo_C2024_1415,D3_other_institution,0,327,0.0,True
oulad_EEE_2014B,oviedo_C2150_1415,D3_other_institution,0,106,0.0,True
oulad_EEE_2014B,oviedo_C2271_1415,D3_other_institution,1,596,0.0016778523489932886,True
oulad_EEE_2014B,oviedo_C2335_1415,D3_other_institution,0,428,0.0,True
oulad_EEE_2014B,oviedo_C2406_1415,D3_other_institution,0,133,0.0,True
oulad_EEE_2014B,oviedo_C2468_1415,D3_other_institution,0,82,0.0,True
oulad_EEE_2014B,oviedo_C2607_1415,D3_other_institution,1,277,0.0036101083032490976,True
oulad_EEE_2014B,oviedo_C3022_1415,D3_other_institution,0,238,0.0,True
oulad_EEE_2014B,oviedo_C3029_1415,D3_other_institution,0,231,0.0,True
oulad_EEE_2014B,oviedo_C4189_1415,D3_other_institution,0,128,0.0,True
oulad_EEE_2014B,oviedo_C4213_1415,D3_other_institution,0,140,0.0,True
oulad_EEE_2014B,oviedo_C836_1415,D3_other_institution,0,87,0.0,True
oulad_EEE_2014J,oulad_AAA_2013J,D2_other_module,0,383,0.0,True
oulad_EEE_2014J,oulad_AAA_2014J,D2_other_module,0,365,0.0,True
oulad_EEE_2014J,oulad_BBB_2013B,D2_other_module,0,1767,0.0,True
oulad_EEE_2014J,oulad_BBB_2013J,D2_other_module,0,2237,0.0,True
oulad_EEE_2014J,oulad_BBB_2014B,D2_other_module,0,1613,0.0,True
oulad_EEE_2014J,oulad_BBB_2014J,D2_other_module,0,2292,0.0,True
oulad_EEE_2014J,oulad_CCC_2014B,D2_other_module,28,1936,0.014462809917355372,False
oulad_EEE_2014J,oulad_CCC_2014J,D2_other_module,287,2498,0.11489191353082466,False
oulad_EEE_2014J,oulad_DDD_2013B,D2_other_module,2,1303,0.0015349194167306216,True
oulad_EEE_2014J,oulad_DDD_2013J,D2_other_module,6,1938,0.0030959752321981426,True
oulad_EEE_2014J,oulad_DDD_2014B,D2_other_module,2,1228,0.0016286644951140066,True
oulad_EEE_2014J,oulad_DDD_2014J,D2_other_module,3,1803,0.0016638935108153079,True
oulad_EEE_2014J,oulad_EEE_2013J,D1_same_module,33,1052,0.03136882129277566,False
oulad_EEE_2014J,oulad_EEE_2014B,D1_same_module,23,694,0.03314121037463977,False
oulad_EEE_2014J,oulad_FFF_2013B,D2_other_module,2,1614,0.0012391573729863693,True
oulad_EEE_2014J,oulad_FFF_2013J,D2_other_module,2,2283,0.0008760402978537013,True
oulad_EEE_2014J,oulad_FFF_2014B,D2_other_module,5,1500,0.0033333333333333335,True
oulad_EEE_2014J,oulad_FFF_2014J,D2_other_module,5,2365,0.0021141649048625794,True
oulad_EEE_2014J,ku_Accountancy_1819,D3_other_institution,0,752,0.0,True
oulad_EEE_2014J,ku_Globaleconom_1819,D3_other_institution,0,743,0.0,True
oulad_EEE_2014J,ku_Accountancy_1920,D3_other_institution,0,705,0.0,True
oulad_EEE_2014J,ku_Globaleconom_1920,D3_other_institution,0,681,0.0,True
oulad_EEE_2014J,ku_Accountancy_2021,D3_other_institution,0,723,0.0,True
oulad_EEE_2014J,ku_Globaleconom_2021,D3_other_institution,0,335,0.0,True
oulad_EEE_2014J,ukzn_ISTN101_2019,D3_other_institution,0,1056,0.0,True
oulad_EEE_2014J,ukzn_ISTN101_2020,D3_other_institution,0,978,0.0,True
oulad_EEE_2014J,ukzn_ISTN101_2021,D3_other_institution,0,741,0.0,True
oulad_EEE_2014J,ukzn_ISTN102_2018,D3_other_institution,0,257,0.0,True
oulad_EEE_2014J,ukzn_ISTN103_2019,D3_other_institution,0,1113,0.0,True
oulad_EEE_2014J,ukzn_ISTN103_2020,D3_other_institution,0,1082,0.0,True
oulad_EEE_2014J,ukzn_ISTN211_2019,D3_other_institution,0,280,0.0,True
oulad_EEE_2014J,ukzn_ISTN211_2021,D3_other_institution,0,327,0.0,True
oulad_EEE_2014J,ukzn_ISTN212_2018,D3_other_institution,0,238,0.0,True
oulad_EEE_2014J,ukzn_ISTN212_2019,D3_other_institution,0,264,0.0,True
oulad_EEE_2014J,ukzn_ISTN2IP_2018,D3_other_institution,0,99,0.0,True
oulad_EEE_2014J,ukzn_ISTN2IP_2019,D3_other_institution,0,116,0.0,True
oulad_EEE_2014J,ukzn_ISTN3ND_2018,D3_other_institution,0,144,0.0,True
oulad_EEE_2014J,ukzn_ISTN3ND_2019,D3_other_institution,0,223,0.0,True
oulad_EEE_2014J,ukzn_ISTN3SA_2018,D3_other_institution,0,141,0.0,True
oulad_EEE_2014J,ukzn_ISTN3SA_2019,D3_other_institution,0,195,0.0,True
oulad_EEE_2014J,zambia_ICT1110_2020,D3_other_institution,0,65,0.0,True
oulad_EEE_2014J,zambia_ICT1110_2021,D3_other_institution,0,52,0.0,True
oulad_EEE_2014J,oviedo_C1112_1415,D3_other_institution,0,199,0.0,True
oulad_EEE_2014J,oviedo_C1127_1415,D3_other_institution,0,106,0.0,True
oulad_EEE_2014J,oviedo_C1200_1415,D3_other_institution,0,107,0.0,True
oulad_EEE_2014J,oviedo_C1303_1415,D3_other_institution,0,112,0.0,True
oulad_EEE_2014J,oviedo_C174_1415,D3_other_institution,0,96,0.0,True
oulad_EEE_2014J,oviedo_C190_1415,D3_other_institution,0,112,0.0,True
oulad_EEE_2014J,oviedo_C1978_1415,D3_other_institution,0,164,0.0,True
oulad_EEE_2014J,oviedo_C2011_1415,D3_other_institution,0,120,0.0,True
oulad_EEE_2014J,oviedo_C2024_1415,D3_other_institution,1,327,0.0030581039755351682,True
oulad_EEE_2014J,oviedo_C2150_1415,D3_other_institution,0,106,0.0,True
oulad_EEE_2014J,oviedo_C2271_1415,D3_other_institution,0,596,0.0,True
oulad_EEE_2014J,oviedo_C2335_1415,D3_other_institution,1,428,0.002336448598130841,True
oulad_EEE_2014J,oviedo_C2406_1415,D3_other_institution,0,133,0.0,True
oulad_EEE_2014J,oviedo_C2468_1415,D3_other_institution,1,82,0.012195121951219513,False
oulad_EEE_2014J,oviedo_C2607_1415,D3_other_institution,0,277,0.0,True
oulad_EEE_2014J,oviedo_C3022_1415,D3_other_institution,0,238,0.0,True
oulad_EEE_2014J,oviedo_C3029_1415,D3_other_institution,0,231,0.0,True
oulad_EEE_2014J,oviedo_C4189_1415,D3_other_institution,0,128,0.0,True
oulad_EEE_2014J,oviedo_C4213_1415,D3_other_institution,0,140,0.0,True
oulad_EEE_2014J,oviedo_C836_1415,D3_other_institution,0,87,0.0,True
oulad_FFF_2013B,oulad_AAA_2013J,D2_other_module,0,383,0.0,True
oulad_FFF_2013B,oulad_AAA_2014J,D2_other_module,0,365,0.0,True
oulad_FFF_2013B,oulad_BBB_2013B,D2_other_module,2,1767,0.0011318619128466328,True
oulad_FFF_2013B,oulad_BBB_2013J,D2_other_module,1,2237,0.0004470272686633885,True
oulad_FFF_2013B,oulad_BBB_2014B,D2_other_module,0,1613,0.0,True
oulad_FFF_2013B,oulad_BBB_2014J,D2_other_module,0,2292,0.0,True
oulad_FFF_2013B,oulad_CCC_2014B,D2_other_module,24,1936,0.012396694214876033,False
oulad_FFF_2013B,oulad_CCC_2014J,D2_other_module,18,2498,0.007205764611689352,True
oulad_FFF_2013B,oulad_DDD_2013B,D2_other_module,0,1303,0.0,True
oulad_FFF_2013B,oulad_DDD_2013J,D2_other_module,1,1938,0.0005159958720330237,True
oulad_FFF_2013B,oulad_DDD_2014B,D2_other_module,2,1228,0.0016286644951140066,True
oulad_FFF_2013B,oulad_DDD_2014J,D2_other_module,2,1803,0.0011092623405435386,True
oulad_FFF_2013B,oulad_EEE_2013J,D2_other_module,0,1052,0.0,True
oulad_FFF_2013B,oulad_EEE_2014B,D2_other_module,4,694,0.005763688760806916,True
oulad_FFF_2013B,oulad_EEE_2014J,D2_other_module,2,1188,0.0016835016835016834,True
oulad_FFF_2013B,oulad_FFF_2013J,D1_same_module,45,2283,0.01971090670170828,False
oulad_FFF_2013B,oulad_FFF_2014B,D1_same_module,56,1500,0.037333333333333336,False
oulad_FFF_2013B,oulad_FFF_2014J,D1_same_module,21,2365,0.008879492600422832,True
oulad_FFF_2013B,ku_Accountancy_1819,D3_other_institution,0,752,0.0,True
oulad_FFF_2013B,ku_Globaleconom_1819,D3_other_institution,0,743,0.0,True
oulad_FFF_2013B,ku_Accountancy_1920,D3_other_institution,0,705,0.0,True
oulad_FFF_2013B,ku_Globaleconom_1920,D3_other_institution,0,681,0.0,True
oulad_FFF_2013B,ku_Accountancy_2021,D3_other_institution,0,723,0.0,True
oulad_FFF_2013B,ku_Globaleconom_2021,D3_other_institution,0,335,0.0,True
oulad_FFF_2013B,ukzn_ISTN101_2019,D3_other_institution,0,1056,0.0,True
oulad_FFF_2013B,ukzn_ISTN101_2020,D3_other_institution,0,978,0.0,True
oulad_FFF_2013B,ukzn_ISTN101_2021,D3_other_institution,0,741,0.0,True
oulad_FFF_2013B,ukzn_ISTN102_2018,D3_other_institution,0,257,0.0,True
oulad_FFF_2013B,ukzn_ISTN103_2019,D3_other_institution,0,1113,0.0,True
oulad_FFF_2013B,ukzn_ISTN103_2020,D3_other_institution,0,1082,0.0,True
oulad_FFF_2013B,ukzn_ISTN211_2019,D3_other_institution,0,280,0.0,True
oulad_FFF_2013B,ukzn_ISTN211_2021,D3_other_institution,0,327,0.0,True
oulad_FFF_2013B,ukzn_ISTN212_2018,D3_other_institution,0,238,0.0,True
oulad_FFF_2013B,ukzn_ISTN212_2019,D3_other_institution,0,264,0.0,True
oulad_FFF_2013B,ukzn_ISTN2IP_2018,D3_other_institution,0,99,0.0,True
oulad_FFF_2013B,ukzn_ISTN2IP_2019,D3_other_institution,0,116,0.0,True
oulad_FFF_2013B,ukzn_ISTN3ND_2018,D3_other_institution,0,144,0.0,True
oulad_FFF_2013B,ukzn_ISTN3ND_2019,D3_other_institution,0,223,0.0,True
oulad_FFF_2013B,ukzn_ISTN3SA_2018,D3_other_institution,0,141,0.0,True
oulad_FFF_2013B,ukzn_ISTN3SA_2019,D3_other_institution,0,195,0.0,True
oulad_FFF_2013B,zambia_ICT1110_2020,D3_other_institution,0,65,0.0,True
oulad_FFF_2013B,zambia_ICT1110_2021,D3_other_institution,0,52,0.0,True
oulad_FFF_2013B,oviedo_C1112_1415,D3_other_institution,0,199,0.0,True
oulad_FFF_2013B,oviedo_C1127_1415,D3_other_institution,0,106,0.0,True
oulad_FFF_2013B,oviedo_C1200_1415,D3_other_institution,0,107,0.0,True
oulad_FFF_2013B,oviedo_C1303_1415,D3_other_institution,0,112,0.0,True
oulad_FFF_2013B,oviedo_C174_1415,D3_other_institution,0,96,0.0,True
oulad_FFF_2013B,oviedo_C190_1415,D3_other_institution,0,112,0.0,True
oulad_FFF_2013B,oviedo_C1978_1415,D3_other_institution,0,164,0.0,True
oulad_FFF_2013B,oviedo_C2011_1415,D3_other_institution,0,120,0.0,True
oulad_FFF_2013B,oviedo_C2024_1415,D3_other_institution,0,327,0.0,True
oulad_FFF_2013B,oviedo_C2150_1415,D3_other_institution,0,106,0.0,True
oulad_FFF_2013B,oviedo_C2271_1415,D3_other_institution,0,596,0.0,True
oulad_FFF_2013B,oviedo_C2335_1415,D3_other_institution,0,428,0.0,True
oulad_FFF_2013B,oviedo_C2406_1415,D3_other_institution,0,133,0.0,True
oulad_FFF_2013B,oviedo_C2468_1415,D3_other_institution,0,82,0.0,True
oulad_FFF_2013B,oviedo_C2607_1415,D3_other_institution,0,277,0.0,True
oulad_FFF_2013B,oviedo_C3022_1415,D3_other_institution,0,238,0.0,True
oulad_FFF_2013B,oviedo_C3029_1415,D3_other_institution,0,231,0.0,True
oulad_FFF_2013B,oviedo_C4189_1415,D3_other_institution,1,128,0.0078125,True
oulad_FFF_2013B,oviedo_C4213_1415,D3_other_institution,0,140,0.0,True
oulad_FFF_2013B,oviedo_C836_1415,D3_other_institution,0,87,0.0,True
oulad_FFF_2013J,oulad_AAA_2013J,D2_other_module,0,383,0.0,True
oulad_FFF_2013J,oulad_AAA_2014J,D2_other_module,1,365,0.0027397260273972603,True
oulad_FFF_2013J,oulad_BBB_2013B,D2_other_module,2,1767,0.0011318619128466328,True
oulad_FFF_2013J,oulad_BBB_2013J,D2_other_module,0,2237,0.0,True
oulad_FFF_2013J,oulad_BBB_2014B,D2_other_module,2,1613,0.0012399256044637321,True
oulad_FFF_2013J,oulad_BBB_2014J,D2_other_module,0,2292,0.0,True
oulad_FFF_2013J,oulad_CCC_2014B,D2_other_module,77,1936,0.03977272727272727,False
oulad_FFF_2013J,oulad_CCC_2014J,D2_other_module,115,2498,0.04603682946357086,False
oulad_FFF_2013J,oulad_DDD_2013B,D2_other_module,3,1303,0.0023023791250959325,True
oulad_FFF_2013J,oulad_DDD_2013J,D2_other_module,8,1938,0.0041279669762641896,True
oulad_FFF_2013J,oulad_DDD_2014B,D2_other_module,6,1228,0.004885993485342019,True
oulad_FFF_2013J,oulad_DDD_2014J,D2_other_module,5,1803,0.0027731558513588465,True
oulad_FFF_2013J,oulad_EEE_2013J,D2_other_module,2,1052,0.0019011406844106464,True
oulad_FFF_2013J,oulad_EEE_2014B,D2_other_module,1,694,0.001440922190201729,True
oulad_FFF_2013J,oulad_EEE_2014J,D2_other_module,2,1188,0.0016835016835016834,True
oulad_FFF_2013J,oulad_FFF_2013B,D1_same_module,45,1614,0.027881040892193308,False
oulad_FFF_2013J,oulad_FFF_2014B,D1_same_module,66,1500,0.044,False
oulad_FFF_2013J,oulad_FFF_2014J,D1_same_module,117,2365,0.04947145877378435,False
oulad_FFF_2013J,ku_Accountancy_1819,D3_other_institution,0,752,0.0,True
oulad_FFF_2013J,ku_Globaleconom_1819,D3_other_institution,0,743,0.0,True
oulad_FFF_2013J,ku_Accountancy_1920,D3_other_institution,0,705,0.0,True
oulad_FFF_2013J,ku_Globaleconom_1920,D3_other_institution,0,681,0.0,True
oulad_FFF_2013J,ku_Accountancy_2021,D3_other_institution,0,723,0.0,True
oulad_FFF_2013J,ku_Globaleconom_2021,D3_other_institution,0,335,0.0,True
oulad_FFF_2013J,ukzn_ISTN101_2019,D3_other_institution,0,1056,0.0,True
oulad_FFF_2013J,ukzn_ISTN101_2020,D3_other_institution,0,978,0.0,True
oulad_FFF_2013J,ukzn_ISTN101_2021,D3_other_institution,0,741,0.0,True
oulad_FFF_2013J,ukzn_ISTN102_2018,D3_other_institution,0,257,0.0,True
oulad_FFF_2013J,ukzn_ISTN103_2019,D3_other_institution,0,1113,0.0,True
oulad_FFF_2013J,ukzn_ISTN103_2020,D3_other_institution,0,1082,0.0,True
oulad_FFF_2013J,ukzn_ISTN211_2019,D3_other_institution,0,280,0.0,True
oulad_FFF_2013J,ukzn_ISTN211_2021,D3_other_institution,0,327,0.0,True
oulad_FFF_2013J,ukzn_ISTN212_2018,D3_other_institution,0,238,0.0,True
oulad_FFF_2013J,ukzn_ISTN212_2019,D3_other_institution,0,264,0.0,True
oulad_FFF_2013J,ukzn_ISTN2IP_2018,D3_other_institution,0,99,0.0,True
oulad_FFF_2013J,ukzn_ISTN2IP_2019,D3_other_institution,0,116,0.0,True
oulad_FFF_2013J,ukzn_ISTN3ND_2018,D3_other_institution,0,144,0.0,True
oulad_FFF_2013J,ukzn_ISTN3ND_2019,D3_other_institution,0,223,0.0,True
oulad_FFF_2013J,ukzn_ISTN3SA_2018,D3_other_institution,0,141,0.0,True
oulad_FFF_2013J,ukzn_ISTN3SA_2019,D3_other_institution,0,195,0.0,True
oulad_FFF_2013J,zambia_ICT1110_2020,D3_other_institution,0,65,0.0,True
oulad_FFF_2013J,zambia_ICT1110_2021,D3_other_institution,0,52,0.0,True
oulad_FFF_2013J,oviedo_C1112_1415,D3_other_institution,0,199,0.0,True
oulad_FFF_2013J,oviedo_C1127_1415,D3_other_institution,0,106,0.0,True
oulad_FFF_2013J,oviedo_C1200_1415,D3_other_institution,0,107,0.0,True
oulad_FFF_2013J,oviedo_C1303_1415,D3_other_institution,0,112,0.0,True
oulad_FFF_2013J,oviedo_C174_1415,D3_other_institution,0,96,0.0,True
oulad_FFF_2013J,oviedo_C190_1415,D3_other_institution,0,112,0.0,True
oulad_FFF_2013J,oviedo_C1978_1415,D3_other_institution,0,164,0.0,True
oulad_FFF_2013J,oviedo_C2011_1415,D3_other_institution,0,120,0.0,True
oulad_FFF_2013J,oviedo_C2024_1415,D3_other_institution,0,327,0.0,True
oulad_FFF_2013J,oviedo_C2150_1415,D3_other_institution,0,106,0.0,True
oulad_FFF_2013J,oviedo_C2271_1415,D3_other_institution,1,596,0.0016778523489932886,True
oulad_FFF_2013J,oviedo_C2335_1415,D3_other_institution,0,428,0.0,True
oulad_FFF_2013J,oviedo_C2406_1415,D3_other_institution,0,133,0.0,True
oulad_FFF_2013J,oviedo_C2468_1415,D3_other_institution,0,82,0.0,True
oulad_FFF_2013J,oviedo_C2607_1415,D3_other_institution,0,277,0.0,True
oulad_FFF_2013J,oviedo_C3022_1415,D3_other_institution,0,238,0.0,True
oulad_FFF_2013J,oviedo_C3029_1415,D3_other_institution,0,231,0.0,True
oulad_FFF_2013J,oviedo_C4189_1415,D3_other_institution,0,128,0.0,True
oulad_FFF_2013J,oviedo_C4213_1415,D3_other_institution,0,140,0.0,True
oulad_FFF_2013J,oviedo_C836_1415,D3_other_institution,0,87,0.0,True
oulad_FFF_2014B,oulad_AAA_2013J,D2_other_module,1,383,0.0026109660574412533,True
oulad_FFF_2014B,oulad_AAA_2014J,D2_other_module,0,365,0.0,True
oulad_FFF_2014B,oulad_BBB_2013B,D2_other_module,0,1767,0.0,True
oulad_FFF_2014B,oulad_BBB_2013J,D2_other_module,1,2237,0.0004470272686633885,True
oulad_FFF_2014B,oulad_BBB_2014B,D2_other_module,0,1613,0.0,True
oulad_FFF_2014B,oulad_BBB_2014J,D2_other_module,2,2292,0.0008726003490401396,True
oulad_FFF_2014B,oulad_CCC_2014B,D2_other_module,77,1936,0.03977272727272727,False
oulad_FFF_2014B,oulad_CCC_2014J,D2_other_module,98,2498,0.03923138510808647,False
oulad_FFF_2014B,oulad_DDD_2013B,D2_other_module,3,1303,0.0023023791250959325,True
oulad_FFF_2014B,oulad_DDD_2013J,D2_other_module,5,1938,0.0025799793601651187,True
oulad_FFF_2014B,oulad_DDD_2014B,D2_other_module,5,1228,0.004071661237785016,True
oulad_FFF_2014B,oulad_DDD_2014J,D2_other_module,2,1803,0.0011092623405435386,True
oulad_FFF_2014B,oulad_EEE_2013J,D2_other_module,1,1052,0.0009505703422053232,True
oulad_FFF_2014B,oulad_EEE_2014B,D2_other_module,1,694,0.001440922190201729,True
oulad_FFF_2014B,oulad_EEE_2014J,D2_other_module,5,1188,0.004208754208754209,True
oulad_FFF_2014B,oulad_FFF_2013B,D1_same_module,56,1614,0.03469640644361834,False
oulad_FFF_2014B,oulad_FFF_2013J,D1_same_module,66,2283,0.02890932982917214,False
oulad_FFF_2014B,oulad_FFF_2014J,D1_same_module,74,2365,0.03128964059196617,False
oulad_FFF_2014B,ku_Accountancy_1819,D3_other_institution,0,752,0.0,True
oulad_FFF_2014B,ku_Globaleconom_1819,D3_other_institution,0,743,0.0,True
oulad_FFF_2014B,ku_Accountancy_1920,D3_other_institution,0,705,0.0,True
oulad_FFF_2014B,ku_Globaleconom_1920,D3_other_institution,0,681,0.0,True
oulad_FFF_2014B,ku_Accountancy_2021,D3_other_institution,0,723,0.0,True
oulad_FFF_2014B,ku_Globaleconom_2021,D3_other_institution,0,335,0.0,True
oulad_FFF_2014B,ukzn_ISTN101_2019,D3_other_institution,0,1056,0.0,True
oulad_FFF_2014B,ukzn_ISTN101_2020,D3_other_institution,0,978,0.0,True
oulad_FFF_2014B,ukzn_ISTN101_2021,D3_other_institution,0,741,0.0,True
oulad_FFF_2014B,ukzn_ISTN102_2018,D3_other_institution,0,257,0.0,True
oulad_FFF_2014B,ukzn_ISTN103_2019,D3_other_institution,0,1113,0.0,True
oulad_FFF_2014B,ukzn_ISTN103_2020,D3_other_institution,0,1082,0.0,True
oulad_FFF_2014B,ukzn_ISTN211_2019,D3_other_institution,0,280,0.0,True
oulad_FFF_2014B,ukzn_ISTN211_2021,D3_other_institution,0,327,0.0,True
oulad_FFF_2014B,ukzn_ISTN212_2018,D3_other_institution,0,238,0.0,True
oulad_FFF_2014B,ukzn_ISTN212_2019,D3_other_institution,0,264,0.0,True
oulad_FFF_2014B,ukzn_ISTN2IP_2018,D3_other_institution,0,99,0.0,True
oulad_FFF_2014B,ukzn_ISTN2IP_2019,D3_other_institution,0,116,0.0,True
oulad_FFF_2014B,ukzn_ISTN3ND_2018,D3_other_institution,0,144,0.0,True
oulad_FFF_2014B,ukzn_ISTN3ND_2019,D3_other_institution,0,223,0.0,True
oulad_FFF_2014B,ukzn_ISTN3SA_2018,D3_other_institution,0,141,0.0,True
oulad_FFF_2014B,ukzn_ISTN3SA_2019,D3_other_institution,0,195,0.0,True
oulad_FFF_2014B,zambia_ICT1110_2020,D3_other_institution,0,65,0.0,True
oulad_FFF_2014B,zambia_ICT1110_2021,D3_other_institution,0,52,0.0,True
oulad_FFF_2014B,oviedo_C1112_1415,D3_other_institution,0,199,0.0,True
oulad_FFF_2014B,oviedo_C1127_1415,D3_other_institution,0,106,0.0,True
oulad_FFF_2014B,oviedo_C1200_1415,D3_other_institution,0,107,0.0,True
oulad_FFF_2014B,oviedo_C1303_1415,D3_other_institution,0,112,0.0,True
oulad_FFF_2014B,oviedo_C174_1415,D3_other_institution,0,96,0.0,True
oulad_FFF_2014B,oviedo_C190_1415,D3_other_institution,0,112,0.0,True
oulad_FFF_2014B,oviedo_C1978_1415,D3_other_institution,0,164,0.0,True
oulad_FFF_2014B,oviedo_C2011_1415,D3_other_institution,0,120,0.0,True
oulad_FFF_2014B,oviedo_C2024_1415,D3_other_institution,0,327,0.0,True
oulad_FFF_2014B,oviedo_C2150_1415,D3_other_institution,0,106,0.0,True
oulad_FFF_2014B,oviedo_C2271_1415,D3_other_institution,0,596,0.0,True
oulad_FFF_2014B,oviedo_C2335_1415,D3_other_institution,0,428,0.0,True
oulad_FFF_2014B,oviedo_C2406_1415,D3_other_institution,0,133,0.0,True
oulad_FFF_2014B,oviedo_C2468_1415,D3_other_institution,0,82,0.0,True
oulad_FFF_2014B,oviedo_C2607_1415,D3_other_institution,0,277,0.0,True
oulad_FFF_2014B,oviedo_C3022_1415,D3_other_institution,0,238,0.0,True
oulad_FFF_2014B,oviedo_C3029_1415,D3_other_institution,0,231,0.0,True
oulad_FFF_2014B,oviedo_C4189_1415,D3_other_institution,0,128,0.0,True
oulad_FFF_2014B,oviedo_C4213_1415,D3_other_institution,0,140,0.0,True
oulad_FFF_2014B,oviedo_C836_1415,D3_other_institution,0,87,0.0,True
oulad_FFF_2014J,oulad_AAA_2013J,D2_other_module,0,383,0.0,True
oulad_FFF_2014J,oulad_AAA_2014J,D2_other_module,0,365,0.0,True
oulad_FFF_2014J,oulad_BBB_2013B,D2_other_module,1,1767,0.0005659309564233164,True
oulad_FFF_2014J,oulad_BBB_2013J,D2_other_module,0,2237,0.0,True
oulad_FFF_2014J,oulad_BBB_2014B,D2_other_module,2,1613,0.0012399256044637321,True
oulad_FFF_2014J,oulad_BBB_2014J,D2_other_module,1,2292,0.0004363001745200698,True
oulad_FFF_2014J,oulad_CCC_2014B,D2_other_module,37,1936,0.019111570247933883,False
oulad_FFF_2014J,oulad_CCC_2014J,D2_other_module,134,2498,0.053642914331465175,False
oulad_FFF_2014J,oulad_DDD_2013B,D2_other_module,3,1303,0.0023023791250959325,True
oulad_FFF_2014J,oulad_DDD_2013J,D2_other_module,10,1938,0.005159958720330237,True
oulad_FFF_2014J,oulad_DDD_2014B,D2_other_module,3,1228,0.0024429967426710096,True
oulad_FFF_2014J,oulad_DDD_2014J,D2_other_module,6,1803,0.0033277870216306157,True
oulad_FFF_2014J,oulad_EEE_2013J,D2_other_module,9,1052,0.008555133079847909,True
oulad_FFF_2014J,oulad_EEE_2014B,D2_other_module,6,694,0.008645533141210375,True
oulad_FFF_2014J,oulad_EEE_2014J,D2_other_module,5,1188,0.004208754208754209,True
oulad_FFF_2014J,oulad_FFF_2013B,D1_same_module,21,1614,0.013011152416356878,False
oulad_FFF_2014J,oulad_FFF_2013J,D1_same_module,117,2283,0.051248357424441525,False
oulad_FFF_2014J,oulad_FFF_2014B,D1_same_module,74,1500,0.04933333333333333,False
oulad_FFF_2014J,ku_Accountancy_1819,D3_other_institution,0,752,0.0,True
oulad_FFF_2014J,ku_Globaleconom_1819,D3_other_institution,0,743,0.0,True
oulad_FFF_2014J,ku_Accountancy_1920,D3_other_institution,0,705,0.0,True
oulad_FFF_2014J,ku_Globaleconom_1920,D3_other_institution,0,681,0.0,True
oulad_FFF_2014J,ku_Accountancy_2021,D3_other_institution,0,723,0.0,True
oulad_FFF_2014J,ku_Globaleconom_2021,D3_other_institution,0,335,0.0,True
oulad_FFF_2014J,ukzn_ISTN101_2019,D3_other_institution,0,1056,0.0,True
oulad_FFF_2014J,ukzn_ISTN101_2020,D3_other_institution,0,978,0.0,True
oulad_FFF_2014J,ukzn_ISTN101_2021,D3_other_institution,0,741,0.0,True
oulad_FFF_2014J,ukzn_ISTN102_2018,D3_other_institution,0,257,0.0,True
oulad_FFF_2014J,ukzn_ISTN103_2019,D3_other_institution,0,1113,0.0,True
oulad_FFF_2014J,ukzn_ISTN103_2020,D3_other_institution,0,1082,0.0,True
oulad_FFF_2014J,ukzn_ISTN211_2019,D3_other_institution,0,280,0.0,True
oulad_FFF_2014J,ukzn_ISTN211_2021,D3_other_institution,0,327,0.0,True
oulad_FFF_2014J,ukzn_ISTN212_2018,D3_other_institution,0,238,0.0,True
oulad_FFF_2014J,ukzn_ISTN212_2019,D3_other_institution,0,264,0.0,True
oulad_FFF_2014J,ukzn_ISTN2IP_2018,D3_other_institution,0,99,0.0,True
oulad_FFF_2014J,ukzn_ISTN2IP_2019,D3_other_institution,0,116,0.0,True
oulad_FFF_2014J,ukzn_ISTN3ND_2018,D3_other_institution,0,144,0.0,True
oulad_FFF_2014J,ukzn_ISTN3ND_2019,D3_other_institution,0,223,0.0,True
oulad_FFF_2014J,ukzn_ISTN3SA_2018,D3_other_institution,0,141,0.0,True
oulad_FFF_2014J,ukzn_ISTN3SA_2019,D3_other_institution,0,195,0.0,True
oulad_FFF_2014J,zambia_ICT1110_2020,D3_other_institution,0,65,0.0,True
oulad_FFF_2014J,zambia_ICT1110_2021,D3_other_institution,0,52,0.0,True
oulad_FFF_2014J,oviedo_C1112_1415,D3_other_institution,0,199,0.0,True
oulad_FFF_2014J,oviedo_C1127_1415,D3_other_institution,0,106,0.0,True
oulad_FFF_2014J,oviedo_C1200_1415,D3_other_institution,0,107,0.0,True
oulad_FFF_2014J,oviedo_C1303_1415,D3_other_institution,0,112,0.0,True
oulad_FFF_2014J,oviedo_C174_1415,D3_other_institution,0,96,0.0,True
oulad_FFF_2014J,oviedo_C190_1415,D3_other_institution,0,112,0.0,True
oulad_FFF_2014J,oviedo_C1978_1415,D3_other_institution,0,164,0.0,True
oulad_FFF_2014J,oviedo_C2011_1415,D3_other_institution,0,120,0.0,True
oulad_FFF_2014J,oviedo_C2024_1415,D3_other_institution,1,327,0.0030581039755351682,True
oulad_FFF_2014J,oviedo_C2150_1415,D3_other_institution,0,106,0.0,True
oulad_FFF_2014J,oviedo_C2271_1415,D3_other_institution,0,596,0.0,True
oulad_FFF_2014J,oviedo_C2335_1415,D3_other_institution,0,428,0.0,True
oulad_FFF_2014J,oviedo_C2406_1415,D3_other_institution,2,133,0.015037593984962405,False
oulad_FFF_2014J,oviedo_C2468_1415,D3_other_institution,0,82,0.0,True
oulad_FFF_2014J,oviedo_C2607_1415,D3_other_institution,0,277,0.0,True
oulad_FFF_2014J,oviedo_C3022_1415,D3_other_institution,0,238,0.0,True
oulad_FFF_2014J,oviedo_C3029_1415,D3_other_institution,0,231,0.0,True
oulad_FFF_2014J,oviedo_C4189_1415,D3_other_institution,0,128,0.0,True
oulad_FFF_2014J,oviedo_C4213_1415,D3_other_institution,0,140,0.0,True
oulad_FFF_2014J,oviedo_C836_1415,D3_other_institution,0,87,0.0,True
ku_Accountancy_1819,oulad_AAA_2013J,D3_other_institution,0,383,0.0,True
ku_Accountancy_1819,oulad_AAA_2014J,D3_other_institution,0,365,0.0,True
ku_Accountancy_1819,oulad_BBB_2013B,D3_other_institution,0,1767,0.0,True
ku_Accountancy_1819,oulad_BBB_2013J,D3_other_institution,0,2237,0.0,True
ku_Accountancy_1819,oulad_BBB_2014B,D3_other_institution,0,1613,0.0,True
ku_Accountancy_1819,oulad_BBB_2014J,D3_other_institution,0,2292,0.0,True
ku_Accountancy_1819,oulad_CCC_2014B,D3_other_institution,0,1936,0.0,True
ku_Accountancy_1819,oulad_CCC_2014J,D3_other_institution,0,2498,0.0,True
ku_Accountancy_1819,oulad_DDD_2013B,D3_other_institution,0,1303,0.0,True
ku_Accountancy_1819,oulad_DDD_2013J,D3_other_institution,0,1938,0.0,True
ku_Accountancy_1819,oulad_DDD_2014B,D3_other_institution,0,1228,0.0,True
ku_Accountancy_1819,oulad_DDD_2014J,D3_other_institution,0,1803,0.0,True
ku_Accountancy_1819,oulad_EEE_2013J,D3_other_institution,0,1052,0.0,True
ku_Accountancy_1819,oulad_EEE_2014B,D3_other_institution,0,694,0.0,True
ku_Accountancy_1819,oulad_EEE_2014J,D3_other_institution,0,1188,0.0,True
ku_Accountancy_1819,oulad_FFF_2013B,D3_other_institution,0,1614,0.0,True
ku_Accountancy_1819,oulad_FFF_2013J,D3_other_institution,0,2283,0.0,True
ku_Accountancy_1819,oulad_FFF_2014B,D3_other_institution,0,1500,0.0,True
ku_Accountancy_1819,oulad_FFF_2014J,D3_other_institution,0,2365,0.0,True
ku_Accountancy_1819,ku_Globaleconom_1819,D2_other_module,0,743,0.0,True
ku_Accountancy_1819,ku_Accountancy_1920,D1_same_module,560,705,0.7943262411347518,False
ku_Accountancy_1819,ku_Globaleconom_1920,D2_other_module,0,681,0.0,True
ku_Accountancy_1819,ku_Accountancy_2021,D1_same_module,578,723,0.7994467496542186,False
ku_Accountancy_1819,ku_Globaleconom_2021,D2_other_module,0,335,0.0,True
ku_Accountancy_1819,ukzn_ISTN101_2019,D3_other_institution,0,1056,0.0,True
ku_Accountancy_1819,ukzn_ISTN101_2020,D3_other_institution,0,978,0.0,True
ku_Accountancy_1819,ukzn_ISTN101_2021,D3_other_institution,0,741,0.0,True
ku_Accountancy_1819,ukzn_ISTN102_2018,D3_other_institution,0,257,0.0,True
ku_Accountancy_1819,ukzn_ISTN103_2019,D3_other_institution,0,1113,0.0,True
ku_Accountancy_1819,ukzn_ISTN103_2020,D3_other_institution,0,1082,0.0,True
ku_Accountancy_1819,ukzn_ISTN211_2019,D3_other_institution,0,280,0.0,True
ku_Accountancy_1819,ukzn_ISTN211_2021,D3_other_institution,0,327,0.0,True
ku_Accountancy_1819,ukzn_ISTN212_2018,D3_other_institution,0,238,0.0,True
ku_Accountancy_1819,ukzn_ISTN212_2019,D3_other_institution,0,264,0.0,True
ku_Accountancy_1819,ukzn_ISTN2IP_2018,D3_other_institution,0,99,0.0,True
ku_Accountancy_1819,ukzn_ISTN2IP_2019,D3_other_institution,0,116,0.0,True
ku_Accountancy_1819,ukzn_ISTN3ND_2018,D3_other_institution,0,144,0.0,True
ku_Accountancy_1819,ukzn_ISTN3ND_2019,D3_other_institution,0,223,0.0,True
ku_Accountancy_1819,ukzn_ISTN3SA_2018,D3_other_institution,0,141,0.0,True
ku_Accountancy_1819,ukzn_ISTN3SA_2019,D3_other_institution,0,195,0.0,True
ku_Accountancy_1819,zambia_ICT1110_2020,D3_other_institution,0,65,0.0,True
ku_Accountancy_1819,zambia_ICT1110_2021,D3_other_institution,0,52,0.0,True
ku_Accountancy_1819,oviedo_C1112_1415,D3_other_institution,0,199,0.0,True
ku_Accountancy_1819,oviedo_C1127_1415,D3_other_institution,0,106,0.0,True
ku_Accountancy_1819,oviedo_C1200_1415,D3_other_institution,0,107,0.0,True
ku_Accountancy_1819,oviedo_C1303_1415,D3_other_institution,0,112,0.0,True
ku_Accountancy_1819,oviedo_C174_1415,D3_other_institution,0,96,0.0,True
ku_Accountancy_1819,oviedo_C190_1415,D3_other_institution,0,112,0.0,True
ku_Accountancy_1819,oviedo_C1978_1415,D3_other_institution,0,164,0.0,True
ku_Accountancy_1819,oviedo_C2011_1415,D3_other_institution,0,120,0.0,True
ku_Accountancy_1819,oviedo_C2024_1415,D3_other_institution,0,327,0.0,True
ku_Accountancy_1819,oviedo_C2150_1415,D3_other_institution,0,106,0.0,True
ku_Accountancy_1819,oviedo_C2271_1415,D3_other_institution,0,596,0.0,True
ku_Accountancy_1819,oviedo_C2335_1415,D3_other_institution,0,428,0.0,True
ku_Accountancy_1819,oviedo_C2406_1415,D3_other_institution,0,133,0.0,True
ku_Accountancy_1819,oviedo_C2468_1415,D3_other_institution,0,82,0.0,True
ku_Accountancy_1819,oviedo_C2607_1415,D3_other_institution,0,277,0.0,True
ku_Accountancy_1819,oviedo_C3022_1415,D3_other_institution,0,238,0.0,True
ku_Accountancy_1819,oviedo_C3029_1415,D3_other_institution,0,231,0.0,True
ku_Accountancy_1819,oviedo_C4189_1415,D3_other_institution,0,128,0.0,True
ku_Accountancy_1819,oviedo_C4213_1415,D3_other_institution,0,140,0.0,True
ku_Accountancy_1819,oviedo_C836_1415,D3_other_institution,0,87,0.0,True
ku_Globaleconom_1819,oulad_AAA_2013J,D3_other_institution,0,383,0.0,True
ku_Globaleconom_1819,oulad_AAA_2014J,D3_other_institution,0,365,0.0,True
ku_Globaleconom_1819,oulad_BBB_2013B,D3_other_institution,0,1767,0.0,True
ku_Globaleconom_1819,oulad_BBB_2013J,D3_other_institution,0,2237,0.0,True
ku_Globaleconom_1819,oulad_BBB_2014B,D3_other_institution,0,1613,0.0,True
ku_Globaleconom_1819,oulad_BBB_2014J,D3_other_institution,0,2292,0.0,True
ku_Globaleconom_1819,oulad_CCC_2014B,D3_other_institution,0,1936,0.0,True
ku_Globaleconom_1819,oulad_CCC_2014J,D3_other_institution,0,2498,0.0,True
ku_Globaleconom_1819,oulad_DDD_2013B,D3_other_institution,0,1303,0.0,True
ku_Globaleconom_1819,oulad_DDD_2013J,D3_other_institution,0,1938,0.0,True
ku_Globaleconom_1819,oulad_DDD_2014B,D3_other_institution,0,1228,0.0,True
ku_Globaleconom_1819,oulad_DDD_2014J,D3_other_institution,0,1803,0.0,True
ku_Globaleconom_1819,oulad_EEE_2013J,D3_other_institution,0,1052,0.0,True
ku_Globaleconom_1819,oulad_EEE_2014B,D3_other_institution,0,694,0.0,True
ku_Globaleconom_1819,oulad_EEE_2014J,D3_other_institution,0,1188,0.0,True
ku_Globaleconom_1819,oulad_FFF_2013B,D3_other_institution,0,1614,0.0,True
ku_Globaleconom_1819,oulad_FFF_2013J,D3_other_institution,0,2283,0.0,True
ku_Globaleconom_1819,oulad_FFF_2014B,D3_other_institution,0,1500,0.0,True
ku_Globaleconom_1819,oulad_FFF_2014J,D3_other_institution,0,2365,0.0,True
ku_Globaleconom_1819,ku_Accountancy_1819,D2_other_module,0,752,0.0,True
ku_Globaleconom_1819,ku_Accountancy_1920,D2_other_module,0,705,0.0,True
ku_Globaleconom_1819,ku_Globaleconom_1920,D1_same_module,566,681,0.8311306901615272,False
ku_Globaleconom_1819,ku_Accountancy_2021,D2_other_module,0,723,0.0,True
ku_Globaleconom_1819,ku_Globaleconom_2021,D1_same_module,0,335,0.0,True
ku_Globaleconom_1819,ukzn_ISTN101_2019,D3_other_institution,0,1056,0.0,True
ku_Globaleconom_1819,ukzn_ISTN101_2020,D3_other_institution,0,978,0.0,True
ku_Globaleconom_1819,ukzn_ISTN101_2021,D3_other_institution,0,741,0.0,True
ku_Globaleconom_1819,ukzn_ISTN102_2018,D3_other_institution,0,257,0.0,True
ku_Globaleconom_1819,ukzn_ISTN103_2019,D3_other_institution,0,1113,0.0,True
ku_Globaleconom_1819,ukzn_ISTN103_2020,D3_other_institution,0,1082,0.0,True
ku_Globaleconom_1819,ukzn_ISTN211_2019,D3_other_institution,0,280,0.0,True
ku_Globaleconom_1819,ukzn_ISTN211_2021,D3_other_institution,0,327,0.0,True
ku_Globaleconom_1819,ukzn_ISTN212_2018,D3_other_institution,0,238,0.0,True
ku_Globaleconom_1819,ukzn_ISTN212_2019,D3_other_institution,0,264,0.0,True
ku_Globaleconom_1819,ukzn_ISTN2IP_2018,D3_other_institution,0,99,0.0,True
ku_Globaleconom_1819,ukzn_ISTN2IP_2019,D3_other_institution,0,116,0.0,True
ku_Globaleconom_1819,ukzn_ISTN3ND_2018,D3_other_institution,0,144,0.0,True
ku_Globaleconom_1819,ukzn_ISTN3ND_2019,D3_other_institution,0,223,0.0,True
ku_Globaleconom_1819,ukzn_ISTN3SA_2018,D3_other_institution,0,141,0.0,True
ku_Globaleconom_1819,ukzn_ISTN3SA_2019,D3_other_institution,0,195,0.0,True
ku_Globaleconom_1819,zambia_ICT1110_2020,D3_other_institution,0,65,0.0,True
ku_Globaleconom_1819,zambia_ICT1110_2021,D3_other_institution,0,52,0.0,True
ku_Globaleconom_1819,oviedo_C1112_1415,D3_other_institution,0,199,0.0,True
ku_Globaleconom_1819,oviedo_C1127_1415,D3_other_institution,0,106,0.0,True
ku_Globaleconom_1819,oviedo_C1200_1415,D3_other_institution,0,107,0.0,True
ku_Globaleconom_1819,oviedo_C1303_1415,D3_other_institution,0,112,0.0,True
ku_Globaleconom_1819,oviedo_C174_1415,D3_other_institution,0,96,0.0,True
ku_Globaleconom_1819,oviedo_C190_1415,D3_other_institution,0,112,0.0,True
ku_Globaleconom_1819,oviedo_C1978_1415,D3_other_institution,0,164,0.0,True
ku_Globaleconom_1819,oviedo_C2011_1415,D3_other_institution,0,120,0.0,True
ku_Globaleconom_1819,oviedo_C2024_1415,D3_other_institution,0,327,0.0,True
ku_Globaleconom_1819,oviedo_C2150_1415,D3_other_institution,0,106,0.0,True
ku_Globaleconom_1819,oviedo_C2271_1415,D3_other_institution,0,596,0.0,True
ku_Globaleconom_1819,oviedo_C2335_1415,D3_other_institution,0,428,0.0,True
ku_Globaleconom_1819,oviedo_C2406_1415,D3_other_institution,0,133,0.0,True
ku_Globaleconom_1819,oviedo_C2468_1415,D3_other_institution,0,82,0.0,True
ku_Globaleconom_1819,oviedo_C2607_1415,D3_other_institution,0,277,0.0,True
ku_Globaleconom_1819,oviedo_C3022_1415,D3_other_institution,0,238,0.0,True
ku_Globaleconom_1819,oviedo_C3029_1415,D3_other_institution,0,231,0.0,True
ku_Globaleconom_1819,oviedo_C4189_1415,D3_other_institution,0,128,0.0,True
ku_Globaleconom_1819,oviedo_C4213_1415,D3_other_institution,0,140,0.0,True
ku_Globaleconom_1819,oviedo_C836_1415,D3_other_institution,0,87,0.0,True
ku_Accountancy_1920,oulad_AAA_2013J,D3_other_institution,0,383,0.0,True
ku_Accountancy_1920,oulad_AAA_2014J,D3_other_institution,0,365,0.0,True
ku_Accountancy_1920,oulad_BBB_2013B,D3_other_institution,0,1767,0.0,True
ku_Accountancy_1920,oulad_BBB_2013J,D3_other_institution,0,2237,0.0,True
ku_Accountancy_1920,oulad_BBB_2014B,D3_other_institution,0,1613,0.0,True
ku_Accountancy_1920,oulad_BBB_2014J,D3_other_institution,0,2292,0.0,True
ku_Accountancy_1920,oulad_CCC_2014B,D3_other_institution,0,1936,0.0,True
ku_Accountancy_1920,oulad_CCC_2014J,D3_other_institution,0,2498,0.0,True
ku_Accountancy_1920,oulad_DDD_2013B,D3_other_institution,0,1303,0.0,True
ku_Accountancy_1920,oulad_DDD_2013J,D3_other_institution,0,1938,0.0,True
ku_Accountancy_1920,oulad_DDD_2014B,D3_other_institution,0,1228,0.0,True
ku_Accountancy_1920,oulad_DDD_2014J,D3_other_institution,0,1803,0.0,True
ku_Accountancy_1920,oulad_EEE_2013J,D3_other_institution,0,1052,0.0,True
ku_Accountancy_1920,oulad_EEE_2014B,D3_other_institution,0,694,0.0,True
ku_Accountancy_1920,oulad_EEE_2014J,D3_other_institution,0,1188,0.0,True
ku_Accountancy_1920,oulad_FFF_2013B,D3_other_institution,0,1614,0.0,True
ku_Accountancy_1920,oulad_FFF_2013J,D3_other_institution,0,2283,0.0,True
ku_Accountancy_1920,oulad_FFF_2014B,D3_other_institution,0,1500,0.0,True
ku_Accountancy_1920,oulad_FFF_2014J,D3_other_institution,0,2365,0.0,True
ku_Accountancy_1920,ku_Accountancy_1819,D1_same_module,560,752,0.7446808510638298,False
ku_Accountancy_1920,ku_Globaleconom_1819,D2_other_module,0,743,0.0,True
ku_Accountancy_1920,ku_Globaleconom_1920,D2_other_module,0,681,0.0,True
ku_Accountancy_1920,ku_Accountancy_2021,D1_same_module,544,723,0.7524204702627939,False
ku_Accountancy_1920,ku_Globaleconom_2021,D2_other_module,0,335,0.0,True
ku_Accountancy_1920,ukzn_ISTN101_2019,D3_other_institution,0,1056,0.0,True
ku_Accountancy_1920,ukzn_ISTN101_2020,D3_other_institution,0,978,0.0,True
ku_Accountancy_1920,ukzn_ISTN101_2021,D3_other_institution,0,741,0.0,True
ku_Accountancy_1920,ukzn_ISTN102_2018,D3_other_institution,0,257,0.0,True
ku_Accountancy_1920,ukzn_ISTN103_2019,D3_other_institution,0,1113,0.0,True
ku_Accountancy_1920,ukzn_ISTN103_2020,D3_other_institution,0,1082,0.0,True
ku_Accountancy_1920,ukzn_ISTN211_2019,D3_other_institution,0,280,0.0,True
ku_Accountancy_1920,ukzn_ISTN211_2021,D3_other_institution,0,327,0.0,True
ku_Accountancy_1920,ukzn_ISTN212_2018,D3_other_institution,0,238,0.0,True
ku_Accountancy_1920,ukzn_ISTN212_2019,D3_other_institution,0,264,0.0,True
ku_Accountancy_1920,ukzn_ISTN2IP_2018,D3_other_institution,0,99,0.0,True
ku_Accountancy_1920,ukzn_ISTN2IP_2019,D3_other_institution,0,116,0.0,True
ku_Accountancy_1920,ukzn_ISTN3ND_2018,D3_other_institution,0,144,0.0,True
ku_Accountancy_1920,ukzn_ISTN3ND_2019,D3_other_institution,0,223,0.0,True
ku_Accountancy_1920,ukzn_ISTN3SA_2018,D3_other_institution,0,141,0.0,True
ku_Accountancy_1920,ukzn_ISTN3SA_2019,D3_other_institution,0,195,0.0,True
ku_Accountancy_1920,zambia_ICT1110_2020,D3_other_institution,0,65,0.0,True
ku_Accountancy_1920,zambia_ICT1110_2021,D3_other_institution,0,52,0.0,True
ku_Accountancy_1920,oviedo_C1112_1415,D3_other_institution,0,199,0.0,True
ku_Accountancy_1920,oviedo_C1127_1415,D3_other_institution,0,106,0.0,True
ku_Accountancy_1920,oviedo_C1200_1415,D3_other_institution,0,107,0.0,True
ku_Accountancy_1920,oviedo_C1303_1415,D3_other_institution,0,112,0.0,True
ku_Accountancy_1920,oviedo_C174_1415,D3_other_institution,0,96,0.0,True
ku_Accountancy_1920,oviedo_C190_1415,D3_other_institution,0,112,0.0,True
ku_Accountancy_1920,oviedo_C1978_1415,D3_other_institution,0,164,0.0,True
ku_Accountancy_1920,oviedo_C2011_1415,D3_other_institution,0,120,0.0,True
ku_Accountancy_1920,oviedo_C2024_1415,D3_other_institution,0,327,0.0,True
ku_Accountancy_1920,oviedo_C2150_1415,D3_other_institution,0,106,0.0,True
ku_Accountancy_1920,oviedo_C2271_1415,D3_other_institution,0,596,0.0,True
ku_Accountancy_1920,oviedo_C2335_1415,D3_other_institution,0,428,0.0,True
ku_Accountancy_1920,oviedo_C2406_1415,D3_other_institution,0,133,0.0,True
ku_Accountancy_1920,oviedo_C2468_1415,D3_other_institution,0,82,0.0,True
ku_Accountancy_1920,oviedo_C2607_1415,D3_other_institution,0,277,0.0,True
ku_Accountancy_1920,oviedo_C3022_1415,D3_other_institution,0,238,0.0,True
ku_Accountancy_1920,oviedo_C3029_1415,D3_other_institution,0,231,0.0,True
ku_Accountancy_1920,oviedo_C4189_1415,D3_other_institution,0,128,0.0,True
ku_Accountancy_1920,oviedo_C4213_1415,D3_other_institution,0,140,0.0,True
ku_Accountancy_1920,oviedo_C836_1415,D3_other_institution,0,87,0.0,True
ku_Globaleconom_1920,oulad_AAA_2013J,D3_other_institution,0,383,0.0,True
ku_Globaleconom_1920,oulad_AAA_2014J,D3_other_institution,0,365,0.0,True
ku_Globaleconom_1920,oulad_BBB_2013B,D3_other_institution,0,1767,0.0,True
ku_Globaleconom_1920,oulad_BBB_2013J,D3_other_institution,0,2237,0.0,True
ku_Globaleconom_1920,oulad_BBB_2014B,D3_other_institution,0,1613,0.0,True
ku_Globaleconom_1920,oulad_BBB_2014J,D3_other_institution,0,2292,0.0,True
ku_Globaleconom_1920,oulad_CCC_2014B,D3_other_institution,0,1936,0.0,True
ku_Globaleconom_1920,oulad_CCC_2014J,D3_other_institution,0,2498,0.0,True
ku_Globaleconom_1920,oulad_DDD_2013B,D3_other_institution,0,1303,0.0,True
ku_Globaleconom_1920,oulad_DDD_2013J,D3_other_institution,0,1938,0.0,True
ku_Globaleconom_1920,oulad_DDD_2014B,D3_other_institution,0,1228,0.0,True
ku_Globaleconom_1920,oulad_DDD_2014J,D3_other_institution,0,1803,0.0,True
ku_Globaleconom_1920,oulad_EEE_2013J,D3_other_institution,0,1052,0.0,True
ku_Globaleconom_1920,oulad_EEE_2014B,D3_other_institution,0,694,0.0,True
ku_Globaleconom_1920,oulad_EEE_2014J,D3_other_institution,0,1188,0.0,True
ku_Globaleconom_1920,oulad_FFF_2013B,D3_other_institution,0,1614,0.0,True
ku_Globaleconom_1920,oulad_FFF_2013J,D3_other_institution,0,2283,0.0,True
ku_Globaleconom_1920,oulad_FFF_2014B,D3_other_institution,0,1500,0.0,True
ku_Globaleconom_1920,oulad_FFF_2014J,D3_other_institution,0,2365,0.0,True
ku_Globaleconom_1920,ku_Accountancy_1819,D2_other_module,0,752,0.0,True
ku_Globaleconom_1920,ku_Globaleconom_1819,D1_same_module,566,743,0.7617765814266487,False
ku_Globaleconom_1920,ku_Accountancy_1920,D2_other_module,0,705,0.0,True
ku_Globaleconom_1920,ku_Accountancy_2021,D2_other_module,0,723,0.0,True
ku_Globaleconom_1920,ku_Globaleconom_2021,D1_same_module,0,335,0.0,True
ku_Globaleconom_1920,ukzn_ISTN101_2019,D3_other_institution,0,1056,0.0,True
ku_Globaleconom_1920,ukzn_ISTN101_2020,D3_other_institution,0,978,0.0,True
ku_Globaleconom_1920,ukzn_ISTN101_2021,D3_other_institution,0,741,0.0,True
ku_Globaleconom_1920,ukzn_ISTN102_2018,D3_other_institution,0,257,0.0,True
ku_Globaleconom_1920,ukzn_ISTN103_2019,D3_other_institution,0,1113,0.0,True
ku_Globaleconom_1920,ukzn_ISTN103_2020,D3_other_institution,0,1082,0.0,True
ku_Globaleconom_1920,ukzn_ISTN211_2019,D3_other_institution,0,280,0.0,True
ku_Globaleconom_1920,ukzn_ISTN211_2021,D3_other_institution,0,327,0.0,True
ku_Globaleconom_1920,ukzn_ISTN212_2018,D3_other_institution,0,238,0.0,True
ku_Globaleconom_1920,ukzn_ISTN212_2019,D3_other_institution,0,264,0.0,True
ku_Globaleconom_1920,ukzn_ISTN2IP_2018,D3_other_institution,0,99,0.0,True
ku_Globaleconom_1920,ukzn_ISTN2IP_2019,D3_other_institution,0,116,0.0,True
ku_Globaleconom_1920,ukzn_ISTN3ND_2018,D3_other_institution,0,144,0.0,True
ku_Globaleconom_1920,ukzn_ISTN3ND_2019,D3_other_institution,0,223,0.0,True
ku_Globaleconom_1920,ukzn_ISTN3SA_2018,D3_other_institution,0,141,0.0,True
ku_Globaleconom_1920,ukzn_ISTN3SA_2019,D3_other_institution,0,195,0.0,True
ku_Globaleconom_1920,zambia_ICT1110_2020,D3_other_institution,0,65,0.0,True
ku_Globaleconom_1920,zambia_ICT1110_2021,D3_other_institution,0,52,0.0,True
ku_Globaleconom_1920,oviedo_C1112_1415,D3_other_institution,0,199,0.0,True
ku_Globaleconom_1920,oviedo_C1127_1415,D3_other_institution,0,106,0.0,True
ku_Globaleconom_1920,oviedo_C1200_1415,D3_other_institution,0,107,0.0,True
ku_Globaleconom_1920,oviedo_C1303_1415,D3_other_institution,0,112,0.0,True
ku_Globaleconom_1920,oviedo_C174_1415,D3_other_institution,0,96,0.0,True
ku_Globaleconom_1920,oviedo_C190_1415,D3_other_institution,0,112,0.0,True
ku_Globaleconom_1920,oviedo_C1978_1415,D3_other_institution,0,164,0.0,True
ku_Globaleconom_1920,oviedo_C2011_1415,D3_other_institution,0,120,0.0,True
ku_Globaleconom_1920,oviedo_C2024_1415,D3_other_institution,0,327,0.0,True
ku_Globaleconom_1920,oviedo_C2150_1415,D3_other_institution,0,106,0.0,True
ku_Globaleconom_1920,oviedo_C2271_1415,D3_other_institution,0,596,0.0,True
ku_Globaleconom_1920,oviedo_C2335_1415,D3_other_institution,0,428,0.0,True
ku_Globaleconom_1920,oviedo_C2406_1415,D3_other_institution,0,133,0.0,True
ku_Globaleconom_1920,oviedo_C2468_1415,D3_other_institution,0,82,0.0,True
ku_Globaleconom_1920,oviedo_C2607_1415,D3_other_institution,0,277,0.0,True
ku_Globaleconom_1920,oviedo_C3022_1415,D3_other_institution,0,238,0.0,True
ku_Globaleconom_1920,oviedo_C3029_1415,D3_other_institution,0,231,0.0,True
ku_Globaleconom_1920,oviedo_C4189_1415,D3_other_institution,0,128,0.0,True
ku_Globaleconom_1920,oviedo_C4213_1415,D3_other_institution,0,140,0.0,True
ku_Globaleconom_1920,oviedo_C836_1415,D3_other_institution,0,87,0.0,True
ku_Accountancy_2021,oulad_AAA_2013J,D3_other_institution,0,383,0.0,True
ku_Accountancy_2021,oulad_AAA_2014J,D3_other_institution,0,365,0.0,True
ku_Accountancy_2021,oulad_BBB_2013B,D3_other_institution,0,1767,0.0,True
ku_Accountancy_2021,oulad_BBB_2013J,D3_other_institution,0,2237,0.0,True
ku_Accountancy_2021,oulad_BBB_2014B,D3_other_institution,0,1613,0.0,True
ku_Accountancy_2021,oulad_BBB_2014J,D3_other_institution,0,2292,0.0,True
ku_Accountancy_2021,oulad_CCC_2014B,D3_other_institution,0,1936,0.0,True
ku_Accountancy_2021,oulad_CCC_2014J,D3_other_institution,0,2498,0.0,True
ku_Accountancy_2021,oulad_DDD_2013B,D3_other_institution,0,1303,0.0,True
ku_Accountancy_2021,oulad_DDD_2013J,D3_other_institution,0,1938,0.0,True
ku_Accountancy_2021,oulad_DDD_2014B,D3_other_institution,0,1228,0.0,True
ku_Accountancy_2021,oulad_DDD_2014J,D3_other_institution,0,1803,0.0,True
ku_Accountancy_2021,oulad_EEE_2013J,D3_other_institution,0,1052,0.0,True
ku_Accountancy_2021,oulad_EEE_2014B,D3_other_institution,0,694,0.0,True
ku_Accountancy_2021,oulad_EEE_2014J,D3_other_institution,0,1188,0.0,True
ku_Accountancy_2021,oulad_FFF_2013B,D3_other_institution,0,1614,0.0,True
ku_Accountancy_2021,oulad_FFF_2013J,D3_other_institution,0,2283,0.0,True
ku_Accountancy_2021,oulad_FFF_2014B,D3_other_institution,0,1500,0.0,True
ku_Accountancy_2021,oulad_FFF_2014J,D3_other_institution,0,2365,0.0,True
ku_Accountancy_2021,ku_Accountancy_1819,D1_same_module,578,752,0.7686170212765957,False
ku_Accountancy_2021,ku_Globaleconom_1819,D2_other_module,0,743,0.0,True
ku_Accountancy_2021,ku_Accountancy_1920,D1_same_module,544,705,0.7716312056737589,False
ku_Accountancy_2021,ku_Globaleconom_1920,D2_other_module,0,681,0.0,True
ku_Accountancy_2021,ku_Globaleconom_2021,D2_other_module,0,335,0.0,True
ku_Accountancy_2021,ukzn_ISTN101_2019,D3_other_institution,0,1056,0.0,True
ku_Accountancy_2021,ukzn_ISTN101_2020,D3_other_institution,0,978,0.0,True
ku_Accountancy_2021,ukzn_ISTN101_2021,D3_other_institution,0,741,0.0,True
ku_Accountancy_2021,ukzn_ISTN102_2018,D3_other_institution,0,257,0.0,True
ku_Accountancy_2021,ukzn_ISTN103_2019,D3_other_institution,0,1113,0.0,True
ku_Accountancy_2021,ukzn_ISTN103_2020,D3_other_institution,0,1082,0.0,True
ku_Accountancy_2021,ukzn_ISTN211_2019,D3_other_institution,0,280,0.0,True
ku_Accountancy_2021,ukzn_ISTN211_2021,D3_other_institution,0,327,0.0,True
ku_Accountancy_2021,ukzn_ISTN212_2018,D3_other_institution,0,238,0.0,True
ku_Accountancy_2021,ukzn_ISTN212_2019,D3_other_institution,0,264,0.0,True
ku_Accountancy_2021,ukzn_ISTN2IP_2018,D3_other_institution,0,99,0.0,True
ku_Accountancy_2021,ukzn_ISTN2IP_2019,D3_other_institution,0,116,0.0,True
ku_Accountancy_2021,ukzn_ISTN3ND_2018,D3_other_institution,0,144,0.0,True
ku_Accountancy_2021,ukzn_ISTN3ND_2019,D3_other_institution,0,223,0.0,True
ku_Accountancy_2021,ukzn_ISTN3SA_2018,D3_other_institution,0,141,0.0,True
ku_Accountancy_2021,ukzn_ISTN3SA_2019,D3_other_institution,0,195,0.0,True
ku_Accountancy_2021,zambia_ICT1110_2020,D3_other_institution,0,65,0.0,True
ku_Accountancy_2021,zambia_ICT1110_2021,D3_other_institution,0,52,0.0,True
ku_Accountancy_2021,oviedo_C1112_1415,D3_other_institution,0,199,0.0,True
ku_Accountancy_2021,oviedo_C1127_1415,D3_other_institution,0,106,0.0,True
ku_Accountancy_2021,oviedo_C1200_1415,D3_other_institution,0,107,0.0,True
ku_Accountancy_2021,oviedo_C1303_1415,D3_other_institution,0,112,0.0,True
ku_Accountancy_2021,oviedo_C174_1415,D3_other_institution,0,96,0.0,True
ku_Accountancy_2021,oviedo_C190_1415,D3_other_institution,0,112,0.0,True
ku_Accountancy_2021,oviedo_C1978_1415,D3_other_institution,0,164,0.0,True
ku_Accountancy_2021,oviedo_C2011_1415,D3_other_institution,0,120,0.0,True
ku_Accountancy_2021,oviedo_C2024_1415,D3_other_institution,0,327,0.0,True
ku_Accountancy_2021,oviedo_C2150_1415,D3_other_institution,0,106,0.0,True
ku_Accountancy_2021,oviedo_C2271_1415,D3_other_institution,0,596,0.0,True
ku_Accountancy_2021,oviedo_C2335_1415,D3_other_institution,0,428,0.0,True
ku_Accountancy_2021,oviedo_C2406_1415,D3_other_institution,0,133,0.0,True
ku_Accountancy_2021,oviedo_C2468_1415,D3_other_institution,0,82,0.0,True
ku_Accountancy_2021,oviedo_C2607_1415,D3_other_institution,0,277,0.0,True
ku_Accountancy_2021,oviedo_C3022_1415,D3_other_institution,0,238,0.0,True
ku_Accountancy_2021,oviedo_C3029_1415,D3_other_institution,0,231,0.0,True
ku_Accountancy_2021,oviedo_C4189_1415,D3_other_institution,0,128,0.0,True
ku_Accountancy_2021,oviedo_C4213_1415,D3_other_institution,0,140,0.0,True
ku_Accountancy_2021,oviedo_C836_1415,D3_other_institution,0,87,0.0,True
ku_Globaleconom_2021,oulad_AAA_2013J,D3_other_institution,0,383,0.0,True
ku_Globaleconom_2021,oulad_AAA_2014J,D3_other_institution,0,365,0.0,True
ku_Globaleconom_2021,oulad_BBB_2013B,D3_other_institution,0,1767,0.0,True
ku_Globaleconom_2021,oulad_BBB_2013J,D3_other_institution,0,2237,0.0,True
ku_Globaleconom_2021,oulad_BBB_2014B,D3_other_institution,0,1613,0.0,True
ku_Globaleconom_2021,oulad_BBB_2014J,D3_other_institution,0,2292,0.0,True
ku_Globaleconom_2021,oulad_CCC_2014B,D3_other_institution,0,1936,0.0,True
ku_Globaleconom_2021,oulad_CCC_2014J,D3_other_institution,0,2498,0.0,True
ku_Globaleconom_2021,oulad_DDD_2013B,D3_other_institution,0,1303,0.0,True
ku_Globaleconom_2021,oulad_DDD_2013J,D3_other_institution,0,1938,0.0,True
ku_Globaleconom_2021,oulad_DDD_2014B,D3_other_institution,0,1228,0.0,True
ku_Globaleconom_2021,oulad_DDD_2014J,D3_other_institution,0,1803,0.0,True
ku_Globaleconom_2021,oulad_EEE_2013J,D3_other_institution,0,1052,0.0,True
ku_Globaleconom_2021,oulad_EEE_2014B,D3_other_institution,0,694,0.0,True
ku_Globaleconom_2021,oulad_EEE_2014J,D3_other_institution,0,1188,0.0,True
ku_Globaleconom_2021,oulad_FFF_2013B,D3_other_institution,0,1614,0.0,True
ku_Globaleconom_2021,oulad_FFF_2013J,D3_other_institution,0,2283,0.0,True
ku_Globaleconom_2021,oulad_FFF_2014B,D3_other_institution,0,1500,0.0,True
ku_Globaleconom_2021,oulad_FFF_2014J,D3_other_institution,0,2365,0.0,True
ku_Globaleconom_2021,ku_Accountancy_1819,D2_other_module,0,752,0.0,True
ku_Globaleconom_2021,ku_Globaleconom_1819,D1_same_module,0,743,0.0,True
ku_Globaleconom_2021,ku_Accountancy_1920,D2_other_module,0,705,0.0,True
ku_Globaleconom_2021,ku_Globaleconom_1920,D1_same_module,0,681,0.0,True
ku_Globaleconom_2021,ku_Accountancy_2021,D2_other_module,0,723,0.0,True
ku_Globaleconom_2021,ukzn_ISTN101_2019,D3_other_institution,0,1056,0.0,True
ku_Globaleconom_2021,ukzn_ISTN101_2020,D3_other_institution,0,978,0.0,True
ku_Globaleconom_2021,ukzn_ISTN101_2021,D3_other_institution,0,741,0.0,True
ku_Globaleconom_2021,ukzn_ISTN102_2018,D3_other_institution,0,257,0.0,True
ku_Globaleconom_2021,ukzn_ISTN103_2019,D3_other_institution,0,1113,0.0,True
ku_Globaleconom_2021,ukzn_ISTN103_2020,D3_other_institution,0,1082,0.0,True
ku_Globaleconom_2021,ukzn_ISTN211_2019,D3_other_institution,0,280,0.0,True
ku_Globaleconom_2021,ukzn_ISTN211_2021,D3_other_institution,0,327,0.0,True
ku_Globaleconom_2021,ukzn_ISTN212_2018,D3_other_institution,0,238,0.0,True
ku_Globaleconom_2021,ukzn_ISTN212_2019,D3_other_institution,0,264,0.0,True
ku_Globaleconom_2021,ukzn_ISTN2IP_2018,D3_other_institution,0,99,0.0,True
ku_Globaleconom_2021,ukzn_ISTN2IP_2019,D3_other_institution,0,116,0.0,True
ku_Globaleconom_2021,ukzn_ISTN3ND_2018,D3_other_institution,0,144,0.0,True
ku_Globaleconom_2021,ukzn_ISTN3ND_2019,D3_other_institution,0,223,0.0,True
ku_Globaleconom_2021,ukzn_ISTN3SA_2018,D3_other_institution,0,141,0.0,True
ku_Globaleconom_2021,ukzn_ISTN3SA_2019,D3_other_institution,0,195,0.0,True
ku_Globaleconom_2021,zambia_ICT1110_2020,D3_other_institution,0,65,0.0,True
ku_Globaleconom_2021,zambia_ICT1110_2021,D3_other_institution,0,52,0.0,True
ku_Globaleconom_2021,oviedo_C1112_1415,D3_other_institution,0,199,0.0,True
ku_Globaleconom_2021,oviedo_C1127_1415,D3_other_institution,0,106,0.0,True
ku_Globaleconom_2021,oviedo_C1200_1415,D3_other_institution,0,107,0.0,True
ku_Globaleconom_2021,oviedo_C1303_1415,D3_other_institution,0,112,0.0,True
ku_Globaleconom_2021,oviedo_C174_1415,D3_other_institution,0,96,0.0,True
ku_Globaleconom_2021,oviedo_C190_1415,D3_other_institution,0,112,0.0,True
ku_Globaleconom_2021,oviedo_C1978_1415,D3_other_institution,0,164,0.0,True
ku_Globaleconom_2021,oviedo_C2011_1415,D3_other_institution,0,120,0.0,True
ku_Globaleconom_2021,oviedo_C2024_1415,D3_other_institution,0,327,0.0,True
ku_Globaleconom_2021,oviedo_C2150_1415,D3_other_institution,0,106,0.0,True
ku_Globaleconom_2021,oviedo_C2271_1415,D3_other_institution,0,596,0.0,True
ku_Globaleconom_2021,oviedo_C2335_1415,D3_other_institution,0,428,0.0,True
ku_Globaleconom_2021,oviedo_C2406_1415,D3_other_institution,0,133,0.0,True
ku_Globaleconom_2021,oviedo_C2468_1415,D3_other_institution,0,82,0.0,True
ku_Globaleconom_2021,oviedo_C2607_1415,D3_other_institution,0,277,0.0,True
ku_Globaleconom_2021,oviedo_C3022_1415,D3_other_institution,0,238,0.0,True
ku_Globaleconom_2021,oviedo_C3029_1415,D3_other_institution,0,231,0.0,True
ku_Globaleconom_2021,oviedo_C4189_1415,D3_other_institution,0,128,0.0,True
ku_Globaleconom_2021,oviedo_C4213_1415,D3_other_institution,0,140,0.0,True
ku_Globaleconom_2021,oviedo_C836_1415,D3_other_institution,0,87,0.0,True
ukzn_ISTN101_2019,oulad_AAA_2013J,D3_other_institution,0,383,0.0,True
ukzn_ISTN101_2019,oulad_AAA_2014J,D3_other_institution,0,365,0.0,True
ukzn_ISTN101_2019,oulad_BBB_2013B,D3_other_institution,0,1767,0.0,True
ukzn_ISTN101_2019,oulad_BBB_2013J,D3_other_institution,0,2237,0.0,True
ukzn_ISTN101_2019,oulad_BBB_2014B,D3_other_institution,0,1613,0.0,True
ukzn_ISTN101_2019,oulad_BBB_2014J,D3_other_institution,0,2292,0.0,True
ukzn_ISTN101_2019,oulad_CCC_2014B,D3_other_institution,0,1936,0.0,True
ukzn_ISTN101_2019,oulad_CCC_2014J,D3_other_institution,0,2498,0.0,True
ukzn_ISTN101_2019,oulad_DDD_2013B,D3_other_institution,0,1303,0.0,True
ukzn_ISTN101_2019,oulad_DDD_2013J,D3_other_institution,0,1938,0.0,True
ukzn_ISTN101_2019,oulad_DDD_2014B,D3_other_institution,0,1228,0.0,True
ukzn_ISTN101_2019,oulad_DDD_2014J,D3_other_institution,0,1803,0.0,True
ukzn_ISTN101_2019,oulad_EEE_2013J,D3_other_institution,0,1052,0.0,True
ukzn_ISTN101_2019,oulad_EEE_2014B,D3_other_institution,0,694,0.0,True
ukzn_ISTN101_2019,oulad_EEE_2014J,D3_other_institution,0,1188,0.0,True
ukzn_ISTN101_2019,oulad_FFF_2013B,D3_other_institution,0,1614,0.0,True
ukzn_ISTN101_2019,oulad_FFF_2013J,D3_other_institution,0,2283,0.0,True
ukzn_ISTN101_2019,oulad_FFF_2014B,D3_other_institution,0,1500,0.0,True
ukzn_ISTN101_2019,oulad_FFF_2014J,D3_other_institution,0,2365,0.0,True
ukzn_ISTN101_2019,ku_Accountancy_1819,D3_other_institution,0,752,0.0,True
ukzn_ISTN101_2019,ku_Globaleconom_1819,D3_other_institution,0,743,0.0,True
ukzn_ISTN101_2019,ku_Accountancy_1920,D3_other_institution,0,705,0.0,True
ukzn_ISTN101_2019,ku_Globaleconom_1920,D3_other_institution,0,681,0.0,True
ukzn_ISTN101_2019,ku_Accountancy_2021,D3_other_institution,0,723,0.0,True
ukzn_ISTN101_2019,ku_Globaleconom_2021,D3_other_institution,0,335,0.0,True
ukzn_ISTN101_2019,ukzn_ISTN101_2020,D1_same_module,117,978,0.1196319018404908,False
ukzn_ISTN101_2019,ukzn_ISTN101_2021,D1_same_module,15,741,0.020242914979757085,False
ukzn_ISTN101_2019,ukzn_ISTN102_2018,D2_other_module,19,257,0.07392996108949416,False
ukzn_ISTN101_2019,ukzn_ISTN103_2019,D2_other_module,857,1113,0.7699910152740341,False
ukzn_ISTN101_2019,ukzn_ISTN103_2020,D2_other_module,175,1082,0.16173752310536044,False
ukzn_ISTN101_2019,ukzn_ISTN211_2019,D2_other_module,0,280,0.0,True
ukzn_ISTN101_2019,ukzn_ISTN211_2021,D2_other_module,32,327,0.09785932721712538,False
ukzn_ISTN101_2019,ukzn_ISTN212_2018,D2_other_module,0,238,0.0,True
ukzn_ISTN101_2019,ukzn_ISTN212_2019,D2_other_module,1,264,0.003787878787878788,True
ukzn_ISTN101_2019,ukzn_ISTN2IP_2018,D2_other_module,0,99,0.0,True
ukzn_ISTN101_2019,ukzn_ISTN2IP_2019,D2_other_module,2,116,0.017241379310344827,False
ukzn_ISTN101_2019,ukzn_ISTN3ND_2018,D2_other_module,1,144,0.006944444444444444,True
ukzn_ISTN101_2019,ukzn_ISTN3ND_2019,D2_other_module,0,223,0.0,True
ukzn_ISTN101_2019,ukzn_ISTN3SA_2018,D2_other_module,0,141,0.0,True
ukzn_ISTN101_2019,ukzn_ISTN3SA_2019,D2_other_module,1,195,0.005128205128205128,True
ukzn_ISTN101_2019,zambia_ICT1110_2020,D3_other_institution,0,65,0.0,True
ukzn_ISTN101_2019,zambia_ICT1110_2021,D3_other_institution,0,52,0.0,True
ukzn_ISTN101_2019,oviedo_C1112_1415,D3_other_institution,0,199,0.0,True
ukzn_ISTN101_2019,oviedo_C1127_1415,D3_other_institution,0,106,0.0,True
ukzn_ISTN101_2019,oviedo_C1200_1415,D3_other_institution,0,107,0.0,True
ukzn_ISTN101_2019,oviedo_C1303_1415,D3_other_institution,0,112,0.0,True
ukzn_ISTN101_2019,oviedo_C174_1415,D3_other_institution,0,96,0.0,True
ukzn_ISTN101_2019,oviedo_C190_1415,D3_other_institution,0,112,0.0,True
ukzn_ISTN101_2019,oviedo_C1978_1415,D3_other_institution,0,164,0.0,True
ukzn_ISTN101_2019,oviedo_C2011_1415,D3_other_institution,0,120,0.0,True
ukzn_ISTN101_2019,oviedo_C2024_1415,D3_other_institution,0,327,0.0,True
ukzn_ISTN101_2019,oviedo_C2150_1415,D3_other_institution,0,106,0.0,True
ukzn_ISTN101_2019,oviedo_C2271_1415,D3_other_institution,0,596,0.0,True
ukzn_ISTN101_2019,oviedo_C2335_1415,D3_other_institution,0,428,0.0,True
ukzn_ISTN101_2019,oviedo_C2406_1415,D3_other_institution,0,133,0.0,True
ukzn_ISTN101_2019,oviedo_C2468_1415,D3_other_institution,0,82,0.0,True
ukzn_ISTN101_2019,oviedo_C2607_1415,D3_other_institution,0,277,0.0,True
ukzn_ISTN101_2019,oviedo_C3022_1415,D3_other_institution,0,238,0.0,True
ukzn_ISTN101_2019,oviedo_C3029_1415,D3_other_institution,0,231,0.0,True
ukzn_ISTN101_2019,oviedo_C4189_1415,D3_other_institution,0,128,0.0,True
ukzn_ISTN101_2019,oviedo_C4213_1415,D3_other_institution,0,140,0.0,True
ukzn_ISTN101_2019,oviedo_C836_1415,D3_other_institution,0,87,0.0,True
ukzn_ISTN101_2020,oulad_AAA_2013J,D3_other_institution,0,383,0.0,True
ukzn_ISTN101_2020,oulad_AAA_2014J,D3_other_institution,0,365,0.0,True
ukzn_ISTN101_2020,oulad_BBB_2013B,D3_other_institution,0,1767,0.0,True
ukzn_ISTN101_2020,oulad_BBB_2013J,D3_other_institution,0,2237,0.0,True
ukzn_ISTN101_2020,oulad_BBB_2014B,D3_other_institution,0,1613,0.0,True
ukzn_ISTN101_2020,oulad_BBB_2014J,D3_other_institution,0,2292,0.0,True
ukzn_ISTN101_2020,oulad_CCC_2014B,D3_other_institution,0,1936,0.0,True
ukzn_ISTN101_2020,oulad_CCC_2014J,D3_other_institution,0,2498,0.0,True
ukzn_ISTN101_2020,oulad_DDD_2013B,D3_other_institution,0,1303,0.0,True
ukzn_ISTN101_2020,oulad_DDD_2013J,D3_other_institution,0,1938,0.0,True
ukzn_ISTN101_2020,oulad_DDD_2014B,D3_other_institution,0,1228,0.0,True
ukzn_ISTN101_2020,oulad_DDD_2014J,D3_other_institution,0,1803,0.0,True
ukzn_ISTN101_2020,oulad_EEE_2013J,D3_other_institution,0,1052,0.0,True
ukzn_ISTN101_2020,oulad_EEE_2014B,D3_other_institution,0,694,0.0,True
ukzn_ISTN101_2020,oulad_EEE_2014J,D3_other_institution,0,1188,0.0,True
ukzn_ISTN101_2020,oulad_FFF_2013B,D3_other_institution,0,1614,0.0,True
ukzn_ISTN101_2020,oulad_FFF_2013J,D3_other_institution,0,2283,0.0,True
ukzn_ISTN101_2020,oulad_FFF_2014B,D3_other_institution,0,1500,0.0,True
ukzn_ISTN101_2020,oulad_FFF_2014J,D3_other_institution,0,2365,0.0,True
ukzn_ISTN101_2020,ku_Accountancy_1819,D3_other_institution,0,752,0.0,True
ukzn_ISTN101_2020,ku_Globaleconom_1819,D3_other_institution,0,743,0.0,True
ukzn_ISTN101_2020,ku_Accountancy_1920,D3_other_institution,0,705,0.0,True
ukzn_ISTN101_2020,ku_Globaleconom_1920,D3_other_institution,0,681,0.0,True
ukzn_ISTN101_2020,ku_Accountancy_2021,D3_other_institution,0,723,0.0,True
ukzn_ISTN101_2020,ku_Globaleconom_2021,D3_other_institution,0,335,0.0,True
ukzn_ISTN101_2020,ukzn_ISTN101_2019,D1_same_module,117,1056,0.11079545454545454,False
ukzn_ISTN101_2020,ukzn_ISTN101_2021,D1_same_module,29,741,0.03913630229419703,False
ukzn_ISTN101_2020,ukzn_ISTN102_2018,D2_other_module,5,257,0.019455252918287938,False
ukzn_ISTN101_2020,ukzn_ISTN103_2019,D2_other_module,114,1113,0.10242587601078167,False
ukzn_ISTN101_2020,ukzn_ISTN103_2020,D2_other_module,838,1082,0.7744916820702403,False
ukzn_ISTN101_2020,ukzn_ISTN211_2019,D2_other_module,0,280,0.0,True
ukzn_ISTN101_2020,ukzn_ISTN211_2021,D2_other_module,118,327,0.36085626911314983,False
ukzn_ISTN101_2020,ukzn_ISTN212_2018,D2_other_module,0,238,0.0,True
ukzn_ISTN101_2020,ukzn_ISTN212_2019,D2_other_module,0,264,0.0,True
ukzn_ISTN101_2020,ukzn_ISTN2IP_2018,D2_other_module,0,99,0.0,True
ukzn_ISTN101_2020,ukzn_ISTN2IP_2019,D2_other_module,2,116,0.017241379310344827,False
ukzn_ISTN101_2020,ukzn_ISTN3ND_2018,D2_other_module,0,144,0.0,True
ukzn_ISTN101_2020,ukzn_ISTN3ND_2019,D2_other_module,0,223,0.0,True
ukzn_ISTN101_2020,ukzn_ISTN3SA_2018,D2_other_module,0,141,0.0,True
ukzn_ISTN101_2020,ukzn_ISTN3SA_2019,D2_other_module,0,195,0.0,True
ukzn_ISTN101_2020,zambia_ICT1110_2020,D3_other_institution,0,65,0.0,True
ukzn_ISTN101_2020,zambia_ICT1110_2021,D3_other_institution,0,52,0.0,True
ukzn_ISTN101_2020,oviedo_C1112_1415,D3_other_institution,0,199,0.0,True
ukzn_ISTN101_2020,oviedo_C1127_1415,D3_other_institution,0,106,0.0,True
ukzn_ISTN101_2020,oviedo_C1200_1415,D3_other_institution,0,107,0.0,True
ukzn_ISTN101_2020,oviedo_C1303_1415,D3_other_institution,0,112,0.0,True
ukzn_ISTN101_2020,oviedo_C174_1415,D3_other_institution,0,96,0.0,True
ukzn_ISTN101_2020,oviedo_C190_1415,D3_other_institution,0,112,0.0,True
ukzn_ISTN101_2020,oviedo_C1978_1415,D3_other_institution,0,164,0.0,True
ukzn_ISTN101_2020,oviedo_C2011_1415,D3_other_institution,0,120,0.0,True
ukzn_ISTN101_2020,oviedo_C2024_1415,D3_other_institution,0,327,0.0,True
ukzn_ISTN101_2020,oviedo_C2150_1415,D3_other_institution,0,106,0.0,True
ukzn_ISTN101_2020,oviedo_C2271_1415,D3_other_institution,0,596,0.0,True
ukzn_ISTN101_2020,oviedo_C2335_1415,D3_other_institution,0,428,0.0,True
ukzn_ISTN101_2020,oviedo_C2406_1415,D3_other_institution,0,133,0.0,True
ukzn_ISTN101_2020,oviedo_C2468_1415,D3_other_institution,0,82,0.0,True
ukzn_ISTN101_2020,oviedo_C2607_1415,D3_other_institution,0,277,0.0,True
ukzn_ISTN101_2020,oviedo_C3022_1415,D3_other_institution,0,238,0.0,True
ukzn_ISTN101_2020,oviedo_C3029_1415,D3_other_institution,0,231,0.0,True
ukzn_ISTN101_2020,oviedo_C4189_1415,D3_other_institution,0,128,0.0,True
ukzn_ISTN101_2020,oviedo_C4213_1415,D3_other_institution,0,140,0.0,True
ukzn_ISTN101_2020,oviedo_C836_1415,D3_other_institution,0,87,0.0,True
ukzn_ISTN101_2021,oulad_AAA_2013J,D3_other_institution,0,383,0.0,True
ukzn_ISTN101_2021,oulad_AAA_2014J,D3_other_institution,0,365,0.0,True
ukzn_ISTN101_2021,oulad_BBB_2013B,D3_other_institution,0,1767,0.0,True
ukzn_ISTN101_2021,oulad_BBB_2013J,D3_other_institution,0,2237,0.0,True
ukzn_ISTN101_2021,oulad_BBB_2014B,D3_other_institution,0,1613,0.0,True
ukzn_ISTN101_2021,oulad_BBB_2014J,D3_other_institution,0,2292,0.0,True
ukzn_ISTN101_2021,oulad_CCC_2014B,D3_other_institution,0,1936,0.0,True
ukzn_ISTN101_2021,oulad_CCC_2014J,D3_other_institution,0,2498,0.0,True
ukzn_ISTN101_2021,oulad_DDD_2013B,D3_other_institution,0,1303,0.0,True
ukzn_ISTN101_2021,oulad_DDD_2013J,D3_other_institution,0,1938,0.0,True
ukzn_ISTN101_2021,oulad_DDD_2014B,D3_other_institution,0,1228,0.0,True
ukzn_ISTN101_2021,oulad_DDD_2014J,D3_other_institution,0,1803,0.0,True
ukzn_ISTN101_2021,oulad_EEE_2013J,D3_other_institution,0,1052,0.0,True
ukzn_ISTN101_2021,oulad_EEE_2014B,D3_other_institution,0,694,0.0,True
ukzn_ISTN101_2021,oulad_EEE_2014J,D3_other_institution,0,1188,0.0,True
ukzn_ISTN101_2021,oulad_FFF_2013B,D3_other_institution,0,1614,0.0,True
ukzn_ISTN101_2021,oulad_FFF_2013J,D3_other_institution,0,2283,0.0,True
ukzn_ISTN101_2021,oulad_FFF_2014B,D3_other_institution,0,1500,0.0,True
ukzn_ISTN101_2021,oulad_FFF_2014J,D3_other_institution,0,2365,0.0,True
ukzn_ISTN101_2021,ku_Accountancy_1819,D3_other_institution,0,752,0.0,True
ukzn_ISTN101_2021,ku_Globaleconom_1819,D3_other_institution,0,743,0.0,True
ukzn_ISTN101_2021,ku_Accountancy_1920,D3_other_institution,0,705,0.0,True
ukzn_ISTN101_2021,ku_Globaleconom_1920,D3_other_institution,0,681,0.0,True
ukzn_ISTN101_2021,ku_Accountancy_2021,D3_other_institution,0,723,0.0,True
ukzn_ISTN101_2021,ku_Globaleconom_2021,D3_other_institution,0,335,0.0,True
ukzn_ISTN101_2021,ukzn_ISTN101_2019,D1_same_module,15,1056,0.014204545454545454,False
ukzn_ISTN101_2021,ukzn_ISTN101_2020,D1_same_module,29,978,0.02965235173824131,False
ukzn_ISTN101_2021,ukzn_ISTN102_2018,D2_other_module,2,257,0.007782101167315175,True
ukzn_ISTN101_2021,ukzn_ISTN103_2019,D2_other_module,15,1113,0.013477088948787063,False
ukzn_ISTN101_2021,ukzn_ISTN103_2020,D2_other_module,48,1082,0.04436229205175601,False
ukzn_ISTN101_2021,ukzn_ISTN211_2019,D2_other_module,4,280,0.014285714285714285,False
ukzn_ISTN101_2021,ukzn_ISTN211_2021,D2_other_module,0,327,0.0,True
ukzn_ISTN101_2021,ukzn_ISTN212_2018,D2_other_module,1,238,0.004201680672268907,True
ukzn_ISTN101_2021,ukzn_ISTN212_2019,D2_other_module,4,264,0.015151515151515152,False
ukzn_ISTN101_2021,ukzn_ISTN2IP_2018,D2_other_module,1,99,0.010101010101010102,False
ukzn_ISTN101_2021,ukzn_ISTN2IP_2019,D2_other_module,0,116,0.0,True
ukzn_ISTN101_2021,ukzn_ISTN3ND_2018,D2_other_module,0,144,0.0,True
ukzn_ISTN101_2021,ukzn_ISTN3ND_2019,D2_other_module,1,223,0.004484304932735426,True
ukzn_ISTN101_2021,ukzn_ISTN3SA_2018,D2_other_module,0,141,0.0,True
ukzn_ISTN101_2021,ukzn_ISTN3SA_2019,D2_other_module,1,195,0.005128205128205128,True
ukzn_ISTN101_2021,zambia_ICT1110_2020,D3_other_institution,0,65,0.0,True
ukzn_ISTN101_2021,zambia_ICT1110_2021,D3_other_institution,0,52,0.0,True
ukzn_ISTN101_2021,oviedo_C1112_1415,D3_other_institution,0,199,0.0,True
ukzn_ISTN101_2021,oviedo_C1127_1415,D3_other_institution,0,106,0.0,True
ukzn_ISTN101_2021,oviedo_C1200_1415,D3_other_institution,0,107,0.0,True
ukzn_ISTN101_2021,oviedo_C1303_1415,D3_other_institution,0,112,0.0,True
ukzn_ISTN101_2021,oviedo_C174_1415,D3_other_institution,0,96,0.0,True
ukzn_ISTN101_2021,oviedo_C190_1415,D3_other_institution,0,112,0.0,True
ukzn_ISTN101_2021,oviedo_C1978_1415,D3_other_institution,0,164,0.0,True
ukzn_ISTN101_2021,oviedo_C2011_1415,D3_other_institution,0,120,0.0,True
ukzn_ISTN101_2021,oviedo_C2024_1415,D3_other_institution,0,327,0.0,True
ukzn_ISTN101_2021,oviedo_C2150_1415,D3_other_institution,0,106,0.0,True
ukzn_ISTN101_2021,oviedo_C2271_1415,D3_other_institution,0,596,0.0,True
ukzn_ISTN101_2021,oviedo_C2335_1415,D3_other_institution,0,428,0.0,True
ukzn_ISTN101_2021,oviedo_C2406_1415,D3_other_institution,0,133,0.0,True
ukzn_ISTN101_2021,oviedo_C2468_1415,D3_other_institution,0,82,0.0,True
ukzn_ISTN101_2021,oviedo_C2607_1415,D3_other_institution,0,277,0.0,True
ukzn_ISTN101_2021,oviedo_C3022_1415,D3_other_institution,0,238,0.0,True
ukzn_ISTN101_2021,oviedo_C3029_1415,D3_other_institution,0,231,0.0,True
ukzn_ISTN101_2021,oviedo_C4189_1415,D3_other_institution,0,128,0.0,True
ukzn_ISTN101_2021,oviedo_C4213_1415,D3_other_institution,0,140,0.0,True
ukzn_ISTN101_2021,oviedo_C836_1415,D3_other_institution,0,87,0.0,True
ukzn_ISTN102_2018,oulad_AAA_2013J,D3_other_institution,0,383,0.0,True
ukzn_ISTN102_2018,oulad_AAA_2014J,D3_other_institution,0,365,0.0,True
ukzn_ISTN102_2018,oulad_BBB_2013B,D3_other_institution,0,1767,0.0,True
ukzn_ISTN102_2018,oulad_BBB_2013J,D3_other_institution,0,2237,0.0,True
ukzn_ISTN102_2018,oulad_BBB_2014B,D3_other_institution,0,1613,0.0,True
ukzn_ISTN102_2018,oulad_BBB_2014J,D3_other_institution,0,2292,0.0,True
ukzn_ISTN102_2018,oulad_CCC_2014B,D3_other_institution,0,1936,0.0,True
ukzn_ISTN102_2018,oulad_CCC_2014J,D3_other_institution,0,2498,0.0,True
ukzn_ISTN102_2018,oulad_DDD_2013B,D3_other_institution,0,1303,0.0,True
ukzn_ISTN102_2018,oulad_DDD_2013J,D3_other_institution,0,1938,0.0,True
ukzn_ISTN102_2018,oulad_DDD_2014B,D3_other_institution,0,1228,0.0,True
ukzn_ISTN102_2018,oulad_DDD_2014J,D3_other_institution,0,1803,0.0,True
ukzn_ISTN102_2018,oulad_EEE_2013J,D3_other_institution,0,1052,0.0,True
ukzn_ISTN102_2018,oulad_EEE_2014B,D3_other_institution,0,694,0.0,True
ukzn_ISTN102_2018,oulad_EEE_2014J,D3_other_institution,0,1188,0.0,True
ukzn_ISTN102_2018,oulad_FFF_2013B,D3_other_institution,0,1614,0.0,True
ukzn_ISTN102_2018,oulad_FFF_2013J,D3_other_institution,0,2283,0.0,True
ukzn_ISTN102_2018,oulad_FFF_2014B,D3_other_institution,0,1500,0.0,True
ukzn_ISTN102_2018,oulad_FFF_2014J,D3_other_institution,0,2365,0.0,True
ukzn_ISTN102_2018,ku_Accountancy_1819,D3_other_institution,0,752,0.0,True
ukzn_ISTN102_2018,ku_Globaleconom_1819,D3_other_institution,0,743,0.0,True
ukzn_ISTN102_2018,ku_Accountancy_1920,D3_other_institution,0,705,0.0,True
ukzn_ISTN102_2018,ku_Globaleconom_1920,D3_other_institution,0,681,0.0,True
ukzn_ISTN102_2018,ku_Accountancy_2021,D3_other_institution,0,723,0.0,True
ukzn_ISTN102_2018,ku_Globaleconom_2021,D3_other_institution,0,335,0.0,True
ukzn_ISTN102_2018,ukzn_ISTN101_2019,D2_other_module,19,1056,0.017992424242424244,False
ukzn_ISTN102_2018,ukzn_ISTN101_2020,D2_other_module,5,978,0.005112474437627812,True
ukzn_ISTN102_2018,ukzn_ISTN101_2021,D2_other_module,2,741,0.002699055330634278,True
ukzn_ISTN102_2018,ukzn_ISTN103_2019,D2_other_module,27,1113,0.02425876010781671,False
ukzn_ISTN102_2018,ukzn_ISTN103_2020,D2_other_module,7,1082,0.006469500924214418,True
ukzn_ISTN102_2018,ukzn_ISTN211_2019,D2_other_module,116,280,0.4142857142857143,False
ukzn_ISTN102_2018,ukzn_ISTN211_2021,D2_other_module,8,327,0.024464831804281346,False
ukzn_ISTN102_2018,ukzn_ISTN212_2018,D2_other_module,5,238,0.02100840336134454,False
ukzn_ISTN102_2018,ukzn_ISTN212_2019,D2_other_module,104,264,0.3939393939393939,False
ukzn_ISTN102_2018,ukzn_ISTN2IP_2018,D2_other_module,4,99,0.04040404040404041,False
ukzn_ISTN102_2018,ukzn_ISTN2IP_2019,D2_other_module,36,116,0.3103448275862069,False
ukzn_ISTN102_2018,ukzn_ISTN3ND_2018,D2_other_module,1,144,0.006944444444444444,True
ukzn_ISTN102_2018,ukzn_ISTN3ND_2019,D2_other_module,1,223,0.004484304932735426,True
ukzn_ISTN102_2018,ukzn_ISTN3SA_2018,D2_other_module,0,141,0.0,True
ukzn_ISTN102_2018,ukzn_ISTN3SA_2019,D2_other_module,2,195,0.010256410256410256,False
ukzn_ISTN102_2018,zambia_ICT1110_2020,D3_other_institution,0,65,0.0,True
ukzn_ISTN102_2018,zambia_ICT1110_2021,D3_other_institution,0,52,0.0,True
ukzn_ISTN102_2018,oviedo_C1112_1415,D3_other_institution,0,199,0.0,True
ukzn_ISTN102_2018,oviedo_C1127_1415,D3_other_institution,0,106,0.0,True
ukzn_ISTN102_2018,oviedo_C1200_1415,D3_other_institution,0,107,0.0,True
ukzn_ISTN102_2018,oviedo_C1303_1415,D3_other_institution,0,112,0.0,True
ukzn_ISTN102_2018,oviedo_C174_1415,D3_other_institution,0,96,0.0,True
ukzn_ISTN102_2018,oviedo_C190_1415,D3_other_institution,0,112,0.0,True
ukzn_ISTN102_2018,oviedo_C1978_1415,D3_other_institution,0,164,0.0,True
ukzn_ISTN102_2018,oviedo_C2011_1415,D3_other_institution,0,120,0.0,True
ukzn_ISTN102_2018,oviedo_C2024_1415,D3_other_institution,0,327,0.0,True
ukzn_ISTN102_2018,oviedo_C2150_1415,D3_other_institution,0,106,0.0,True
ukzn_ISTN102_2018,oviedo_C2271_1415,D3_other_institution,0,596,0.0,True
ukzn_ISTN102_2018,oviedo_C2335_1415,D3_other_institution,0,428,0.0,True
ukzn_ISTN102_2018,oviedo_C2406_1415,D3_other_institution,0,133,0.0,True
ukzn_ISTN102_2018,oviedo_C2468_1415,D3_other_institution,0,82,0.0,True
ukzn_ISTN102_2018,oviedo_C2607_1415,D3_other_institution,0,277,0.0,True
ukzn_ISTN102_2018,oviedo_C3022_1415,D3_other_institution,0,238,0.0,True
ukzn_ISTN102_2018,oviedo_C3029_1415,D3_other_institution,0,231,0.0,True
ukzn_ISTN102_2018,oviedo_C4189_1415,D3_other_institution,0,128,0.0,True
ukzn_ISTN102_2018,oviedo_C4213_1415,D3_other_institution,0,140,0.0,True
ukzn_ISTN102_2018,oviedo_C836_1415,D3_other_institution,0,87,0.0,True
ukzn_ISTN103_2019,oulad_AAA_2013J,D3_other_institution,0,383,0.0,True
ukzn_ISTN103_2019,oulad_AAA_2014J,D3_other_institution,0,365,0.0,True
ukzn_ISTN103_2019,oulad_BBB_2013B,D3_other_institution,0,1767,0.0,True
ukzn_ISTN103_2019,oulad_BBB_2013J,D3_other_institution,0,2237,0.0,True
ukzn_ISTN103_2019,oulad_BBB_2014B,D3_other_institution,0,1613,0.0,True
ukzn_ISTN103_2019,oulad_BBB_2014J,D3_other_institution,0,2292,0.0,True
ukzn_ISTN103_2019,oulad_CCC_2014B,D3_other_institution,0,1936,0.0,True
ukzn_ISTN103_2019,oulad_CCC_2014J,D3_other_institution,0,2498,0.0,True
ukzn_ISTN103_2019,oulad_DDD_2013B,D3_other_institution,0,1303,0.0,True
ukzn_ISTN103_2019,oulad_DDD_2013J,D3_other_institution,0,1938,0.0,True
ukzn_ISTN103_2019,oulad_DDD_2014B,D3_other_institution,0,1228,0.0,True
ukzn_ISTN103_2019,oulad_DDD_2014J,D3_other_institution,0,1803,0.0,True
ukzn_ISTN103_2019,oulad_EEE_2013J,D3_other_institution,0,1052,0.0,True
ukzn_ISTN103_2019,oulad_EEE_2014B,D3_other_institution,0,694,0.0,True
ukzn_ISTN103_2019,oulad_EEE_2014J,D3_other_institution,0,1188,0.0,True
ukzn_ISTN103_2019,oulad_FFF_2013B,D3_other_institution,0,1614,0.0,True
ukzn_ISTN103_2019,oulad_FFF_2013J,D3_other_institution,0,2283,0.0,True
ukzn_ISTN103_2019,oulad_FFF_2014B,D3_other_institution,0,1500,0.0,True
ukzn_ISTN103_2019,oulad_FFF_2014J,D3_other_institution,0,2365,0.0,True
ukzn_ISTN103_2019,ku_Accountancy_1819,D3_other_institution,0,752,0.0,True
ukzn_ISTN103_2019,ku_Globaleconom_1819,D3_other_institution,0,743,0.0,True
ukzn_ISTN103_2019,ku_Accountancy_1920,D3_other_institution,0,705,0.0,True
ukzn_ISTN103_2019,ku_Globaleconom_1920,D3_other_institution,0,681,0.0,True
ukzn_ISTN103_2019,ku_Accountancy_2021,D3_other_institution,0,723,0.0,True
ukzn_ISTN103_2019,ku_Globaleconom_2021,D3_other_institution,0,335,0.0,True
ukzn_ISTN103_2019,ukzn_ISTN101_2019,D2_other_module,857,1056,0.8115530303030303,False
ukzn_ISTN103_2019,ukzn_ISTN101_2020,D2_other_module,114,978,0.1165644171779141,False
ukzn_ISTN103_2019,ukzn_ISTN101_2021,D2_other_module,15,741,0.020242914979757085,False
ukzn_ISTN103_2019,ukzn_ISTN102_2018,D2_other_module,27,257,0.10505836575875487,False
ukzn_ISTN103_2019,ukzn_ISTN103_2020,D1_same_module,180,1082,0.16635859519408502,False
ukzn_ISTN103_2019,ukzn_ISTN211_2019,D2_other_module,6,280,0.02142857142857143,False
ukzn_ISTN103_2019,ukzn_ISTN211_2021,D2_other_module,46,327,0.14067278287461774,False
ukzn_ISTN103_2019,ukzn_ISTN212_2018,D2_other_module,0,238,0.0,True
ukzn_ISTN103_2019,ukzn_ISTN212_2019,D2_other_module,6,264,0.022727272727272728,False
ukzn_ISTN103_2019,ukzn_ISTN2IP_2018,D2_other_module,0,99,0.0,True
ukzn_ISTN103_2019,ukzn_ISTN2IP_2019,D2_other_module,6,116,0.05172413793103448,False
ukzn_ISTN103_2019,ukzn_ISTN3ND_2018,D2_other_module,0,144,0.0,True
ukzn_ISTN103_2019,ukzn_ISTN3ND_2019,D2_other_module,0,223,0.0,True
ukzn_ISTN103_2019,ukzn_ISTN3SA_2018,D2_other_module,0,141,0.0,True
ukzn_ISTN103_2019,ukzn_ISTN3SA_2019,D2_other_module,0,195,0.0,True
ukzn_ISTN103_2019,zambia_ICT1110_2020,D3_other_institution,0,65,0.0,True
ukzn_ISTN103_2019,zambia_ICT1110_2021,D3_other_institution,0,52,0.0,True
ukzn_ISTN103_2019,oviedo_C1112_1415,D3_other_institution,0,199,0.0,True
ukzn_ISTN103_2019,oviedo_C1127_1415,D3_other_institution,0,106,0.0,True
ukzn_ISTN103_2019,oviedo_C1200_1415,D3_other_institution,0,107,0.0,True
ukzn_ISTN103_2019,oviedo_C1303_1415,D3_other_institution,0,112,0.0,True
ukzn_ISTN103_2019,oviedo_C174_1415,D3_other_institution,0,96,0.0,True
ukzn_ISTN103_2019,oviedo_C190_1415,D3_other_institution,0,112,0.0,True
ukzn_ISTN103_2019,oviedo_C1978_1415,D3_other_institution,0,164,0.0,True
ukzn_ISTN103_2019,oviedo_C2011_1415,D3_other_institution,0,120,0.0,True
ukzn_ISTN103_2019,oviedo_C2024_1415,D3_other_institution,0,327,0.0,True
ukzn_ISTN103_2019,oviedo_C2150_1415,D3_other_institution,0,106,0.0,True
ukzn_ISTN103_2019,oviedo_C2271_1415,D3_other_institution,0,596,0.0,True
ukzn_ISTN103_2019,oviedo_C2335_1415,D3_other_institution,0,428,0.0,True
ukzn_ISTN103_2019,oviedo_C2406_1415,D3_other_institution,0,133,0.0,True
ukzn_ISTN103_2019,oviedo_C2468_1415,D3_other_institution,0,82,0.0,True
ukzn_ISTN103_2019,oviedo_C2607_1415,D3_other_institution,0,277,0.0,True
ukzn_ISTN103_2019,oviedo_C3022_1415,D3_other_institution,0,238,0.0,True
ukzn_ISTN103_2019,oviedo_C3029_1415,D3_other_institution,0,231,0.0,True
ukzn_ISTN103_2019,oviedo_C4189_1415,D3_other_institution,0,128,0.0,True
ukzn_ISTN103_2019,oviedo_C4213_1415,D3_other_institution,0,140,0.0,True
ukzn_ISTN103_2019,oviedo_C836_1415,D3_other_institution,0,87,0.0,True
ukzn_ISTN103_2020,oulad_AAA_2013J,D3_other_institution,0,383,0.0,True
ukzn_ISTN103_2020,oulad_AAA_2014J,D3_other_institution,0,365,0.0,True
ukzn_ISTN103_2020,oulad_BBB_2013B,D3_other_institution,0,1767,0.0,True
ukzn_ISTN103_2020,oulad_BBB_2013J,D3_other_institution,0,2237,0.0,True
ukzn_ISTN103_2020,oulad_BBB_2014B,D3_other_institution,0,1613,0.0,True
ukzn_ISTN103_2020,oulad_BBB_2014J,D3_other_institution,0,2292,0.0,True
ukzn_ISTN103_2020,oulad_CCC_2014B,D3_other_institution,0,1936,0.0,True
ukzn_ISTN103_2020,oulad_CCC_2014J,D3_other_institution,0,2498,0.0,True
ukzn_ISTN103_2020,oulad_DDD_2013B,D3_other_institution,0,1303,0.0,True
ukzn_ISTN103_2020,oulad_DDD_2013J,D3_other_institution,0,1938,0.0,True
ukzn_ISTN103_2020,oulad_DDD_2014B,D3_other_institution,0,1228,0.0,True
ukzn_ISTN103_2020,oulad_DDD_2014J,D3_other_institution,0,1803,0.0,True
ukzn_ISTN103_2020,oulad_EEE_2013J,D3_other_institution,0,1052,0.0,True
ukzn_ISTN103_2020,oulad_EEE_2014B,D3_other_institution,0,694,0.0,True
ukzn_ISTN103_2020,oulad_EEE_2014J,D3_other_institution,0,1188,0.0,True
ukzn_ISTN103_2020,oulad_FFF_2013B,D3_other_institution,0,1614,0.0,True
ukzn_ISTN103_2020,oulad_FFF_2013J,D3_other_institution,0,2283,0.0,True
ukzn_ISTN103_2020,oulad_FFF_2014B,D3_other_institution,0,1500,0.0,True
ukzn_ISTN103_2020,oulad_FFF_2014J,D3_other_institution,0,2365,0.0,True
ukzn_ISTN103_2020,ku_Accountancy_1819,D3_other_institution,0,752,0.0,True
ukzn_ISTN103_2020,ku_Globaleconom_1819,D3_other_institution,0,743,0.0,True
ukzn_ISTN103_2020,ku_Accountancy_1920,D3_other_institution,0,705,0.0,True
ukzn_ISTN103_2020,ku_Globaleconom_1920,D3_other_institution,0,681,0.0,True
ukzn_ISTN103_2020,ku_Accountancy_2021,D3_other_institution,0,723,0.0,True
ukzn_ISTN103_2020,ku_Globaleconom_2021,D3_other_institution,0,335,0.0,True
ukzn_ISTN103_2020,ukzn_ISTN101_2019,D2_other_module,175,1056,0.16571969696969696,False
ukzn_ISTN103_2020,ukzn_ISTN101_2020,D2_other_module,838,978,0.8568507157464212,False
ukzn_ISTN103_2020,ukzn_ISTN101_2021,D2_other_module,48,741,0.06477732793522267,False
ukzn_ISTN103_2020,ukzn_ISTN102_2018,D2_other_module,7,257,0.027237354085603113,False
ukzn_ISTN103_2020,ukzn_ISTN103_2019,D1_same_module,180,1113,0.16172506738544473,False
ukzn_ISTN103_2020,ukzn_ISTN211_2019,D2_other_module,2,280,0.007142857142857143,True
ukzn_ISTN103_2020,ukzn_ISTN211_2021,D2_other_module,161,327,0.4923547400611621,False
ukzn_ISTN103_2020,ukzn_ISTN212_2018,D2_other_module,0,238,0.0,True
ukzn_ISTN103_2020,ukzn_ISTN212_2019,D2_other_module,2,264,0.007575757575757576,True
ukzn_ISTN103_2020,ukzn_ISTN2IP_2018,D2_other_module,0,99,0.0,True
ukzn_ISTN103_2020,ukzn_ISTN2IP_2019,D2_other_module,1,116,0.008620689655172414,True
ukzn_ISTN103_2020,ukzn_ISTN3ND_2018,D2_other_module,0,144,0.0,True
ukzn_ISTN103_2020,ukzn_ISTN3ND_2019,D2_other_module,0,223,0.0,True
ukzn_ISTN103_2020,ukzn_ISTN3SA_2018,D2_other_module,0,141,0.0,True
ukzn_ISTN103_2020,ukzn_ISTN3SA_2019,D2_other_module,0,195,0.0,True
ukzn_ISTN103_2020,zambia_ICT1110_2020,D3_other_institution,0,65,0.0,True
ukzn_ISTN103_2020,zambia_ICT1110_2021,D3_other_institution,0,52,0.0,True
ukzn_ISTN103_2020,oviedo_C1112_1415,D3_other_institution,0,199,0.0,True
ukzn_ISTN103_2020,oviedo_C1127_1415,D3_other_institution,0,106,0.0,True
ukzn_ISTN103_2020,oviedo_C1200_1415,D3_other_institution,0,107,0.0,True
ukzn_ISTN103_2020,oviedo_C1303_1415,D3_other_institution,0,112,0.0,True
ukzn_ISTN103_2020,oviedo_C174_1415,D3_other_institution,0,96,0.0,True
ukzn_ISTN103_2020,oviedo_C190_1415,D3_other_institution,0,112,0.0,True
ukzn_ISTN103_2020,oviedo_C1978_1415,D3_other_institution,0,164,0.0,True
ukzn_ISTN103_2020,oviedo_C2011_1415,D3_other_institution,0,120,0.0,True
ukzn_ISTN103_2020,oviedo_C2024_1415,D3_other_institution,0,327,0.0,True
ukzn_ISTN103_2020,oviedo_C2150_1415,D3_other_institution,0,106,0.0,True
ukzn_ISTN103_2020,oviedo_C2271_1415,D3_other_institution,0,596,0.0,True
ukzn_ISTN103_2020,oviedo_C2335_1415,D3_other_institution,0,428,0.0,True
ukzn_ISTN103_2020,oviedo_C2406_1415,D3_other_institution,0,133,0.0,True
ukzn_ISTN103_2020,oviedo_C2468_1415,D3_other_institution,0,82,0.0,True
ukzn_ISTN103_2020,oviedo_C2607_1415,D3_other_institution,0,277,0.0,True
ukzn_ISTN103_2020,oviedo_C3022_1415,D3_other_institution,0,238,0.0,True
ukzn_ISTN103_2020,oviedo_C3029_1415,D3_other_institution,0,231,0.0,True
ukzn_ISTN103_2020,oviedo_C4189_1415,D3_other_institution,0,128,0.0,True
ukzn_ISTN103_2020,oviedo_C4213_1415,D3_other_institution,0,140,0.0,True
ukzn_ISTN103_2020,oviedo_C836_1415,D3_other_institution,0,87,0.0,True
ukzn_ISTN211_2019,oulad_AAA_2013J,D3_other_institution,0,383,0.0,True
ukzn_ISTN211_2019,oulad_AAA_2014J,D3_other_institution,0,365,0.0,True
ukzn_ISTN211_2019,oulad_BBB_2013B,D3_other_institution,0,1767,0.0,True
ukzn_ISTN211_2019,oulad_BBB_2013J,D3_other_institution,0,2237,0.0,True
ukzn_ISTN211_2019,oulad_BBB_2014B,D3_other_institution,0,1613,0.0,True
ukzn_ISTN211_2019,oulad_BBB_2014J,D3_other_institution,0,2292,0.0,True
ukzn_ISTN211_2019,oulad_CCC_2014B,D3_other_institution,0,1936,0.0,True
ukzn_ISTN211_2019,oulad_CCC_2014J,D3_other_institution,0,2498,0.0,True
ukzn_ISTN211_2019,oulad_DDD_2013B,D3_other_institution,0,1303,0.0,True
ukzn_ISTN211_2019,oulad_DDD_2013J,D3_other_institution,0,1938,0.0,True
ukzn_ISTN211_2019,oulad_DDD_2014B,D3_other_institution,0,1228,0.0,True
ukzn_ISTN211_2019,oulad_DDD_2014J,D3_other_institution,0,1803,0.0,True
ukzn_ISTN211_2019,oulad_EEE_2013J,D3_other_institution,0,1052,0.0,True
ukzn_ISTN211_2019,oulad_EEE_2014B,D3_other_institution,0,694,0.0,True
ukzn_ISTN211_2019,oulad_EEE_2014J,D3_other_institution,0,1188,0.0,True
ukzn_ISTN211_2019,oulad_FFF_2013B,D3_other_institution,0,1614,0.0,True
ukzn_ISTN211_2019,oulad_FFF_2013J,D3_other_institution,0,2283,0.0,True
ukzn_ISTN211_2019,oulad_FFF_2014B,D3_other_institution,0,1500,0.0,True
ukzn_ISTN211_2019,oulad_FFF_2014J,D3_other_institution,0,2365,0.0,True
ukzn_ISTN211_2019,ku_Accountancy_1819,D3_other_institution,0,752,0.0,True
ukzn_ISTN211_2019,ku_Globaleconom_1819,D3_other_institution,0,743,0.0,True
ukzn_ISTN211_2019,ku_Accountancy_1920,D3_other_institution,0,705,0.0,True
ukzn_ISTN211_2019,ku_Globaleconom_1920,D3_other_institution,0,681,0.0,True
ukzn_ISTN211_2019,ku_Accountancy_2021,D3_other_institution,0,723,0.0,True
ukzn_ISTN211_2019,ku_Globaleconom_2021,D3_other_institution,0,335,0.0,True
ukzn_ISTN211_2019,ukzn_ISTN101_2019,D2_other_module,0,1056,0.0,True
ukzn_ISTN211_2019,ukzn_ISTN101_2020,D2_other_module,0,978,0.0,True
ukzn_ISTN211_2019,ukzn_ISTN101_2021,D2_other_module,4,741,0.005398110661268556,True
ukzn_ISTN211_2019,ukzn_ISTN102_2018,D2_other_module,116,257,0.45136186770428016,False
ukzn_ISTN211_2019,ukzn_ISTN103_2019,D2_other_module,6,1113,0.005390835579514825,True
ukzn_ISTN211_2019,ukzn_ISTN103_2020,D2_other_module,2,1082,0.0018484288354898336,True
ukzn_ISTN211_2019,ukzn_ISTN211_2021,D1_same_module,3,327,0.009174311926605505,True
ukzn_ISTN211_2019,ukzn_ISTN212_2018,D2_other_module,7,238,0.029411764705882353,False
ukzn_ISTN211_2019,ukzn_ISTN212_2019,D2_other_module,216,264,0.8181818181818182,False
ukzn_ISTN211_2019,ukzn_ISTN2IP_2018,D2_other_module,4,99,0.04040404040404041,False
ukzn_ISTN211_2019,ukzn_ISTN2IP_2019,D2_other_module,76,116,0.6551724137931034,False
ukzn_ISTN211_2019,ukzn_ISTN3ND_2018,D2_other_module,0,144,0.0,True
ukzn_ISTN211_2019,ukzn_ISTN3ND_2019,D2_other_module,1,223,0.004484304932735426,True
ukzn_ISTN211_2019,ukzn_ISTN3SA_2018,D2_other_module,0,141,0.0,True
ukzn_ISTN211_2019,ukzn_ISTN3SA_2019,D2_other_module,0,195,0.0,True
ukzn_ISTN211_2019,zambia_ICT1110_2020,D3_other_institution,0,65,0.0,True
ukzn_ISTN211_2019,zambia_ICT1110_2021,D3_other_institution,0,52,0.0,True
ukzn_ISTN211_2019,oviedo_C1112_1415,D3_other_institution,0,199,0.0,True
ukzn_ISTN211_2019,oviedo_C1127_1415,D3_other_institution,0,106,0.0,True
ukzn_ISTN211_2019,oviedo_C1200_1415,D3_other_institution,0,107,0.0,True
ukzn_ISTN211_2019,oviedo_C1303_1415,D3_other_institution,0,112,0.0,True
ukzn_ISTN211_2019,oviedo_C174_1415,D3_other_institution,0,96,0.0,True
ukzn_ISTN211_2019,oviedo_C190_1415,D3_other_institution,0,112,0.0,True
ukzn_ISTN211_2019,oviedo_C1978_1415,D3_other_institution,0,164,0.0,True
ukzn_ISTN211_2019,oviedo_C2011_1415,D3_other_institution,0,120,0.0,True
ukzn_ISTN211_2019,oviedo_C2024_1415,D3_other_institution,0,327,0.0,True
ukzn_ISTN211_2019,oviedo_C2150_1415,D3_other_institution,0,106,0.0,True
ukzn_ISTN211_2019,oviedo_C2271_1415,D3_other_institution,0,596,0.0,True
ukzn_ISTN211_2019,oviedo_C2335_1415,D3_other_institution,0,428,0.0,True
ukzn_ISTN211_2019,oviedo_C2406_1415,D3_other_institution,0,133,0.0,True
ukzn_ISTN211_2019,oviedo_C2468_1415,D3_other_institution,0,82,0.0,True
ukzn_ISTN211_2019,oviedo_C2607_1415,D3_other_institution,0,277,0.0,True
ukzn_ISTN211_2019,oviedo_C3022_1415,D3_other_institution,0,238,0.0,True
ukzn_ISTN211_2019,oviedo_C3029_1415,D3_other_institution,0,231,0.0,True
ukzn_ISTN211_2019,oviedo_C4189_1415,D3_other_institution,0,128,0.0,True
ukzn_ISTN211_2019,oviedo_C4213_1415,D3_other_institution,0,140,0.0,True
ukzn_ISTN211_2019,oviedo_C836_1415,D3_other_institution,0,87,0.0,True
ukzn_ISTN211_2021,oulad_AAA_2013J,D3_other_institution,0,383,0.0,True
ukzn_ISTN211_2021,oulad_AAA_2014J,D3_other_institution,0,365,0.0,True
ukzn_ISTN211_2021,oulad_BBB_2013B,D3_other_institution,0,1767,0.0,True
ukzn_ISTN211_2021,oulad_BBB_2013J,D3_other_institution,0,2237,0.0,True
ukzn_ISTN211_2021,oulad_BBB_2014B,D3_other_institution,0,1613,0.0,True
ukzn_ISTN211_2021,oulad_BBB_2014J,D3_other_institution,0,2292,0.0,True
ukzn_ISTN211_2021,oulad_CCC_2014B,D3_other_institution,0,1936,0.0,True
ukzn_ISTN211_2021,oulad_CCC_2014J,D3_other_institution,0,2498,0.0,True
ukzn_ISTN211_2021,oulad_DDD_2013B,D3_other_institution,0,1303,0.0,True
ukzn_ISTN211_2021,oulad_DDD_2013J,D3_other_institution,0,1938,0.0,True
ukzn_ISTN211_2021,oulad_DDD_2014B,D3_other_institution,0,1228,0.0,True
ukzn_ISTN211_2021,oulad_DDD_2014J,D3_other_institution,0,1803,0.0,True
ukzn_ISTN211_2021,oulad_EEE_2013J,D3_other_institution,0,1052,0.0,True
ukzn_ISTN211_2021,oulad_EEE_2014B,D3_other_institution,0,694,0.0,True
ukzn_ISTN211_2021,oulad_EEE_2014J,D3_other_institution,0,1188,0.0,True
ukzn_ISTN211_2021,oulad_FFF_2013B,D3_other_institution,0,1614,0.0,True
ukzn_ISTN211_2021,oulad_FFF_2013J,D3_other_institution,0,2283,0.0,True
ukzn_ISTN211_2021,oulad_FFF_2014B,D3_other_institution,0,1500,0.0,True
ukzn_ISTN211_2021,oulad_FFF_2014J,D3_other_institution,0,2365,0.0,True
ukzn_ISTN211_2021,ku_Accountancy_1819,D3_other_institution,0,752,0.0,True
ukzn_ISTN211_2021,ku_Globaleconom_1819,D3_other_institution,0,743,0.0,True
ukzn_ISTN211_2021,ku_Accountancy_1920,D3_other_institution,0,705,0.0,True
ukzn_ISTN211_2021,ku_Globaleconom_1920,D3_other_institution,0,681,0.0,True
ukzn_ISTN211_2021,ku_Accountancy_2021,D3_other_institution,0,723,0.0,True
ukzn_ISTN211_2021,ku_Globaleconom_2021,D3_other_institution,0,335,0.0,True
ukzn_ISTN211_2021,ukzn_ISTN101_2019,D2_other_module,32,1056,0.030303030303030304,False
ukzn_ISTN211_2021,ukzn_ISTN101_2020,D2_other_module,118,978,0.12065439672801637,False
ukzn_ISTN211_2021,ukzn_ISTN101_2021,D2_other_module,0,741,0.0,True
ukzn_ISTN211_2021,ukzn_ISTN102_2018,D2_other_module,8,257,0.0311284046692607,False
ukzn_ISTN211_2021,ukzn_ISTN103_2019,D2_other_module,46,1113,0.04132973944294699,False
ukzn_ISTN211_2021,ukzn_ISTN103_2020,D2_other_module,161,1082,0.1487985212569316,False
ukzn_ISTN211_2021,ukzn_ISTN211_2019,D1_same_module,3,280,0.010714285714285714,False
ukzn_ISTN211_2021,ukzn_ISTN212_2018,D2_other_module,0,238,0.0,True
ukzn_ISTN211_2021,ukzn_ISTN212_2019,D2_other_module,0,264,0.0,True
ukzn_ISTN211_2021,ukzn_ISTN2IP_2018,D2_other_module,0,99,0.0,True
ukzn_ISTN211_2021,ukzn_ISTN2IP_2019,D2_other_module,2,116,0.017241379310344827,False
ukzn_ISTN211_2021,ukzn_ISTN3ND_2018,D2_other_module,0,144,0.0,True
ukzn_ISTN211_2021,ukzn_ISTN3ND_2019,D2_other_module,0,223,0.0,True
ukzn_ISTN211_2021,ukzn_ISTN3SA_2018,D2_other_module,0,141,0.0,True
ukzn_ISTN211_2021,ukzn_ISTN3SA_2019,D2_other_module,0,195,0.0,True
ukzn_ISTN211_2021,zambia_ICT1110_2020,D3_other_institution,0,65,0.0,True
ukzn_ISTN211_2021,zambia_ICT1110_2021,D3_other_institution,0,52,0.0,True
ukzn_ISTN211_2021,oviedo_C1112_1415,D3_other_institution,0,199,0.0,True
ukzn_ISTN211_2021,oviedo_C1127_1415,D3_other_institution,0,106,0.0,True
ukzn_ISTN211_2021,oviedo_C1200_1415,D3_other_institution,0,107,0.0,True
ukzn_ISTN211_2021,oviedo_C1303_1415,D3_other_institution,0,112,0.0,True
ukzn_ISTN211_2021,oviedo_C174_1415,D3_other_institution,0,96,0.0,True
ukzn_ISTN211_2021,oviedo_C190_1415,D3_other_institution,0,112,0.0,True
ukzn_ISTN211_2021,oviedo_C1978_1415,D3_other_institution,0,164,0.0,True
ukzn_ISTN211_2021,oviedo_C2011_1415,D3_other_institution,0,120,0.0,True
ukzn_ISTN211_2021,oviedo_C2024_1415,D3_other_institution,0,327,0.0,True
ukzn_ISTN211_2021,oviedo_C2150_1415,D3_other_institution,0,106,0.0,True
ukzn_ISTN211_2021,oviedo_C2271_1415,D3_other_institution,0,596,0.0,True
ukzn_ISTN211_2021,oviedo_C2335_1415,D3_other_institution,0,428,0.0,True
ukzn_ISTN211_2021,oviedo_C2406_1415,D3_other_institution,0,133,0.0,True
ukzn_ISTN211_2021,oviedo_C2468_1415,D3_other_institution,0,82,0.0,True
ukzn_ISTN211_2021,oviedo_C2607_1415,D3_other_institution,0,277,0.0,True
ukzn_ISTN211_2021,oviedo_C3022_1415,D3_other_institution,0,238,0.0,True
ukzn_ISTN211_2021,oviedo_C3029_1415,D3_other_institution,0,231,0.0,True
ukzn_ISTN211_2021,oviedo_C4189_1415,D3_other_institution,0,128,0.0,True
ukzn_ISTN211_2021,oviedo_C4213_1415,D3_other_institution,0,140,0.0,True
ukzn_ISTN211_2021,oviedo_C836_1415,D3_other_institution,0,87,0.0,True
ukzn_ISTN212_2018,oulad_AAA_2013J,D3_other_institution,0,383,0.0,True
ukzn_ISTN212_2018,oulad_AAA_2014J,D3_other_institution,0,365,0.0,True
ukzn_ISTN212_2018,oulad_BBB_2013B,D3_other_institution,0,1767,0.0,True
ukzn_ISTN212_2018,oulad_BBB_2013J,D3_other_institution,0,2237,0.0,True
ukzn_ISTN212_2018,oulad_BBB_2014B,D3_other_institution,0,1613,0.0,True
ukzn_ISTN212_2018,oulad_BBB_2014J,D3_other_institution,0,2292,0.0,True
ukzn_ISTN212_2018,oulad_CCC_2014B,D3_other_institution,0,1936,0.0,True
ukzn_ISTN212_2018,oulad_CCC_2014J,D3_other_institution,0,2498,0.0,True
ukzn_ISTN212_2018,oulad_DDD_2013B,D3_other_institution,0,1303,0.0,True
ukzn_ISTN212_2018,oulad_DDD_2013J,D3_other_institution,0,1938,0.0,True
ukzn_ISTN212_2018,oulad_DDD_2014B,D3_other_institution,0,1228,0.0,True
ukzn_ISTN212_2018,oulad_DDD_2014J,D3_other_institution,0,1803,0.0,True
ukzn_ISTN212_2018,oulad_EEE_2013J,D3_other_institution,0,1052,0.0,True
ukzn_ISTN212_2018,oulad_EEE_2014B,D3_other_institution,0,694,0.0,True
ukzn_ISTN212_2018,oulad_EEE_2014J,D3_other_institution,0,1188,0.0,True
ukzn_ISTN212_2018,oulad_FFF_2013B,D3_other_institution,0,1614,0.0,True
ukzn_ISTN212_2018,oulad_FFF_2013J,D3_other_institution,0,2283,0.0,True
ukzn_ISTN212_2018,oulad_FFF_2014B,D3_other_institution,0,1500,0.0,True
ukzn_ISTN212_2018,oulad_FFF_2014J,D3_other_institution,0,2365,0.0,True
ukzn_ISTN212_2018,ku_Accountancy_1819,D3_other_institution,0,752,0.0,True
ukzn_ISTN212_2018,ku_Globaleconom_1819,D3_other_institution,0,743,0.0,True
ukzn_ISTN212_2018,ku_Accountancy_1920,D3_other_institution,0,705,0.0,True
ukzn_ISTN212_2018,ku_Globaleconom_1920,D3_other_institution,0,681,0.0,True
ukzn_ISTN212_2018,ku_Accountancy_2021,D3_other_institution,0,723,0.0,True
ukzn_ISTN212_2018,ku_Globaleconom_2021,D3_other_institution,0,335,0.0,True
ukzn_ISTN212_2018,ukzn_ISTN101_2019,D2_other_module,0,1056,0.0,True
ukzn_ISTN212_2018,ukzn_ISTN101_2020,D2_other_module,0,978,0.0,True
ukzn_ISTN212_2018,ukzn_ISTN101_2021,D2_other_module,1,741,0.001349527665317139,True
ukzn_ISTN212_2018,ukzn_ISTN102_2018,D2_other_module,5,257,0.019455252918287938,False
ukzn_ISTN212_2018,ukzn_ISTN103_2019,D2_other_module,0,1113,0.0,True
ukzn_ISTN212_2018,ukzn_ISTN103_2020,D2_other_module,0,1082,0.0,True
ukzn_ISTN212_2018,ukzn_ISTN211_2019,D2_other_module,7,280,0.025,False
ukzn_ISTN212_2018,ukzn_ISTN211_2021,D2_other_module,0,327,0.0,True
ukzn_ISTN212_2018,ukzn_ISTN212_2019,D1_same_module,19,264,0.07196969696969698,False
ukzn_ISTN212_2018,ukzn_ISTN2IP_2018,D2_other_module,68,99,0.6868686868686869,False
ukzn_ISTN212_2018,ukzn_ISTN2IP_2019,D2_other_module,11,116,0.09482758620689655,False
ukzn_ISTN212_2018,ukzn_ISTN3ND_2018,D2_other_module,0,144,0.0,True
ukzn_ISTN212_2018,ukzn_ISTN3ND_2019,D2_other_module,151,223,0.6771300448430493,False
ukzn_ISTN212_2018,ukzn_ISTN3SA_2018,D2_other_module,0,141,0.0,True
ukzn_ISTN212_2018,ukzn_ISTN3SA_2019,D2_other_module,153,195,0.7846153846153846,False
ukzn_ISTN212_2018,zambia_ICT1110_2020,D3_other_institution,0,65,0.0,True
ukzn_ISTN212_2018,zambia_ICT1110_2021,D3_other_institution,0,52,0.0,True
ukzn_ISTN212_2018,oviedo_C1112_1415,D3_other_institution,0,199,0.0,True
ukzn_ISTN212_2018,oviedo_C1127_1415,D3_other_institution,0,106,0.0,True
ukzn_ISTN212_2018,oviedo_C1200_1415,D3_other_institution,0,107,0.0,True
ukzn_ISTN212_2018,oviedo_C1303_1415,D3_other_institution,0,112,0.0,True
ukzn_ISTN212_2018,oviedo_C174_1415,D3_other_institution,0,96,0.0,True
ukzn_ISTN212_2018,oviedo_C190_1415,D3_other_institution,0,112,0.0,True
ukzn_ISTN212_2018,oviedo_C1978_1415,D3_other_institution,0,164,0.0,True
ukzn_ISTN212_2018,oviedo_C2011_1415,D3_other_institution,0,120,0.0,True
ukzn_ISTN212_2018,oviedo_C2024_1415,D3_other_institution,0,327,0.0,True
ukzn_ISTN212_2018,oviedo_C2150_1415,D3_other_institution,0,106,0.0,True
ukzn_ISTN212_2018,oviedo_C2271_1415,D3_other_institution,0,596,0.0,True
ukzn_ISTN212_2018,oviedo_C2335_1415,D3_other_institution,0,428,0.0,True
ukzn_ISTN212_2018,oviedo_C2406_1415,D3_other_institution,0,133,0.0,True
ukzn_ISTN212_2018,oviedo_C2468_1415,D3_other_institution,0,82,0.0,True
ukzn_ISTN212_2018,oviedo_C2607_1415,D3_other_institution,0,277,0.0,True
ukzn_ISTN212_2018,oviedo_C3022_1415,D3_other_institution,0,238,0.0,True
ukzn_ISTN212_2018,oviedo_C3029_1415,D3_other_institution,0,231,0.0,True
ukzn_ISTN212_2018,oviedo_C4189_1415,D3_other_institution,0,128,0.0,True
ukzn_ISTN212_2018,oviedo_C4213_1415,D3_other_institution,0,140,0.0,True
ukzn_ISTN212_2018,oviedo_C836_1415,D3_other_institution,0,87,0.0,True
ukzn_ISTN212_2019,oulad_AAA_2013J,D3_other_institution,0,383,0.0,True
ukzn_ISTN212_2019,oulad_AAA_2014J,D3_other_institution,0,365,0.0,True
ukzn_ISTN212_2019,oulad_BBB_2013B,D3_other_institution,0,1767,0.0,True
ukzn_ISTN212_2019,oulad_BBB_2013J,D3_other_institution,0,2237,0.0,True
ukzn_ISTN212_2019,oulad_BBB_2014B,D3_other_institution,0,1613,0.0,True
ukzn_ISTN212_2019,oulad_BBB_2014J,D3_other_institution,0,2292,0.0,True
ukzn_ISTN212_2019,oulad_CCC_2014B,D3_other_institution,0,1936,0.0,True
ukzn_ISTN212_2019,oulad_CCC_2014J,D3_other_institution,0,2498,0.0,True
ukzn_ISTN212_2019,oulad_DDD_2013B,D3_other_institution,0,1303,0.0,True
ukzn_ISTN212_2019,oulad_DDD_2013J,D3_other_institution,0,1938,0.0,True
ukzn_ISTN212_2019,oulad_DDD_2014B,D3_other_institution,0,1228,0.0,True
ukzn_ISTN212_2019,oulad_DDD_2014J,D3_other_institution,0,1803,0.0,True
ukzn_ISTN212_2019,oulad_EEE_2013J,D3_other_institution,0,1052,0.0,True
ukzn_ISTN212_2019,oulad_EEE_2014B,D3_other_institution,0,694,0.0,True
ukzn_ISTN212_2019,oulad_EEE_2014J,D3_other_institution,0,1188,0.0,True
ukzn_ISTN212_2019,oulad_FFF_2013B,D3_other_institution,0,1614,0.0,True
ukzn_ISTN212_2019,oulad_FFF_2013J,D3_other_institution,0,2283,0.0,True
ukzn_ISTN212_2019,oulad_FFF_2014B,D3_other_institution,0,1500,0.0,True
ukzn_ISTN212_2019,oulad_FFF_2014J,D3_other_institution,0,2365,0.0,True
ukzn_ISTN212_2019,ku_Accountancy_1819,D3_other_institution,0,752,0.0,True
ukzn_ISTN212_2019,ku_Globaleconom_1819,D3_other_institution,0,743,0.0,True
ukzn_ISTN212_2019,ku_Accountancy_1920,D3_other_institution,0,705,0.0,True
ukzn_ISTN212_2019,ku_Globaleconom_1920,D3_other_institution,0,681,0.0,True
ukzn_ISTN212_2019,ku_Accountancy_2021,D3_other_institution,0,723,0.0,True
ukzn_ISTN212_2019,ku_Globaleconom_2021,D3_other_institution,0,335,0.0,True
ukzn_ISTN212_2019,ukzn_ISTN101_2019,D2_other_module,1,1056,0.000946969696969697,True
ukzn_ISTN212_2019,ukzn_ISTN101_2020,D2_other_module,0,978,0.0,True
ukzn_ISTN212_2019,ukzn_ISTN101_2021,D2_other_module,4,741,0.005398110661268556,True
ukzn_ISTN212_2019,ukzn_ISTN102_2018,D2_other_module,104,257,0.4046692607003891,False
ukzn_ISTN212_2019,ukzn_ISTN103_2019,D2_other_module,6,1113,0.005390835579514825,True
ukzn_ISTN212_2019,ukzn_ISTN103_2020,D2_other_module,2,1082,0.0018484288354898336,True
ukzn_ISTN212_2019,ukzn_ISTN211_2019,D2_other_module,216,280,0.7714285714285715,False
ukzn_ISTN212_2019,ukzn_ISTN211_2021,D2_other_module,0,327,0.0,True
ukzn_ISTN212_2019,ukzn_ISTN212_2018,D1_same_module,19,238,0.07983193277310924,False
ukzn_ISTN212_2019,ukzn_ISTN2IP_2018,D2_other_module,17,99,0.1717171717171717,False
ukzn_ISTN212_2019,ukzn_ISTN2IP_2019,D2_other_module,78,116,0.6724137931034483,False
ukzn_ISTN212_2019,ukzn_ISTN3ND_2018,D2_other_module,0,144,0.0,True
ukzn_ISTN212_2019,ukzn_ISTN3ND_2019,D2_other_module,1,223,0.004484304932735426,True
ukzn_ISTN212_2019,ukzn_ISTN3SA_2018,D2_other_module,0,141,0.0,True
ukzn_ISTN212_2019,ukzn_ISTN3SA_2019,D2_other_module,2,195,0.010256410256410256,False
ukzn_ISTN212_2019,zambia_ICT1110_2020,D3_other_institution,0,65,0.0,True
ukzn_ISTN212_2019,zambia_ICT1110_2021,D3_other_institution,0,52,0.0,True
ukzn_ISTN212_2019,oviedo_C1112_1415,D3_other_institution,0,199,0.0,True
ukzn_ISTN212_2019,oviedo_C1127_1415,D3_other_institution,0,106,0.0,True
ukzn_ISTN212_2019,oviedo_C1200_1415,D3_other_institution,0,107,0.0,True
ukzn_ISTN212_2019,oviedo_C1303_1415,D3_other_institution,0,112,0.0,True
ukzn_ISTN212_2019,oviedo_C174_1415,D3_other_institution,0,96,0.0,True
ukzn_ISTN212_2019,oviedo_C190_1415,D3_other_institution,0,112,0.0,True
ukzn_ISTN212_2019,oviedo_C1978_1415,D3_other_institution,0,164,0.0,True
ukzn_ISTN212_2019,oviedo_C2011_1415,D3_other_institution,0,120,0.0,True
ukzn_ISTN212_2019,oviedo_C2024_1415,D3_other_institution,0,327,0.0,True
ukzn_ISTN212_2019,oviedo_C2150_1415,D3_other_institution,0,106,0.0,True
ukzn_ISTN212_2019,oviedo_C2271_1415,D3_other_institution,0,596,0.0,True
ukzn_ISTN212_2019,oviedo_C2335_1415,D3_other_institution,0,428,0.0,True
ukzn_ISTN212_2019,oviedo_C2406_1415,D3_other_institution,0,133,0.0,True
ukzn_ISTN212_2019,oviedo_C2468_1415,D3_other_institution,0,82,0.0,True
ukzn_ISTN212_2019,oviedo_C2607_1415,D3_other_institution,0,277,0.0,True
ukzn_ISTN212_2019,oviedo_C3022_1415,D3_other_institution,0,238,0.0,True
ukzn_ISTN212_2019,oviedo_C3029_1415,D3_other_institution,0,231,0.0,True
ukzn_ISTN212_2019,oviedo_C4189_1415,D3_other_institution,0,128,0.0,True
ukzn_ISTN212_2019,oviedo_C4213_1415,D3_other_institution,0,140,0.0,True
ukzn_ISTN212_2019,oviedo_C836_1415,D3_other_institution,0,87,0.0,True
ukzn_ISTN2IP_2018,oulad_AAA_2013J,D3_other_institution,0,383,0.0,True
ukzn_ISTN2IP_2018,oulad_AAA_2014J,D3_other_institution,0,365,0.0,True
ukzn_ISTN2IP_2018,oulad_BBB_2013B,D3_other_institution,0,1767,0.0,True
ukzn_ISTN2IP_2018,oulad_BBB_2013J,D3_other_institution,0,2237,0.0,True
ukzn_ISTN2IP_2018,oulad_BBB_2014B,D3_other_institution,0,1613,0.0,True
ukzn_ISTN2IP_2018,oulad_BBB_2014J,D3_other_institution,0,2292,0.0,True
ukzn_ISTN2IP_2018,oulad_CCC_2014B,D3_other_institution,0,1936,0.0,True
ukzn_ISTN2IP_2018,oulad_CCC_2014J,D3_other_institution,0,2498,0.0,True
ukzn_ISTN2IP_2018,oulad_DDD_2013B,D3_other_institution,0,1303,0.0,True
ukzn_ISTN2IP_2018,oulad_DDD_2013J,D3_other_institution,0,1938,0.0,True
ukzn_ISTN2IP_2018,oulad_DDD_2014B,D3_other_institution,0,1228,0.0,True
ukzn_ISTN2IP_2018,oulad_DDD_2014J,D3_other_institution,0,1803,0.0,True
ukzn_ISTN2IP_2018,oulad_EEE_2013J,D3_other_institution,0,1052,0.0,True
ukzn_ISTN2IP_2018,oulad_EEE_2014B,D3_other_institution,0,694,0.0,True
ukzn_ISTN2IP_2018,oulad_EEE_2014J,D3_other_institution,0,1188,0.0,True
ukzn_ISTN2IP_2018,oulad_FFF_2013B,D3_other_institution,0,1614,0.0,True
ukzn_ISTN2IP_2018,oulad_FFF_2013J,D3_other_institution,0,2283,0.0,True
ukzn_ISTN2IP_2018,oulad_FFF_2014B,D3_other_institution,0,1500,0.0,True
ukzn_ISTN2IP_2018,oulad_FFF_2014J,D3_other_institution,0,2365,0.0,True
ukzn_ISTN2IP_2018,ku_Accountancy_1819,D3_other_institution,0,752,0.0,True
ukzn_ISTN2IP_2018,ku_Globaleconom_1819,D3_other_institution,0,743,0.0,True
ukzn_ISTN2IP_2018,ku_Accountancy_1920,D3_other_institution,0,705,0.0,True
ukzn_ISTN2IP_2018,ku_Globaleconom_1920,D3_other_institution,0,681,0.0,True
ukzn_ISTN2IP_2018,ku_Accountancy_2021,D3_other_institution,0,723,0.0,True
ukzn_ISTN2IP_2018,ku_Globaleconom_2021,D3_other_institution,0,335,0.0,True
ukzn_ISTN2IP_2018,ukzn_ISTN101_2019,D2_other_module,0,1056,0.0,True
ukzn_ISTN2IP_2018,ukzn_ISTN101_2020,D2_other_module,0,978,0.0,True
ukzn_ISTN2IP_2018,ukzn_ISTN101_2021,D2_other_module,1,741,0.001349527665317139,True
ukzn_ISTN2IP_2018,ukzn_ISTN102_2018,D2_other_module,4,257,0.01556420233463035,False
ukzn_ISTN2IP_2018,ukzn_ISTN103_2019,D2_other_module,0,1113,0.0,True
ukzn_ISTN2IP_2018,ukzn_ISTN103_2020,D2_other_module,0,1082,0.0,True
ukzn_ISTN2IP_2018,ukzn_ISTN211_2019,D2_other_module,4,280,0.014285714285714285,False
ukzn_ISTN2IP_2018,ukzn_ISTN211_2021,D2_other_module,0,327,0.0,True
ukzn_ISTN2IP_2018,ukzn_ISTN212_2018,D2_other_module,68,238,0.2857142857142857,False
ukzn_ISTN2IP_2018,ukzn_ISTN212_2019,D2_other_module,17,264,0.06439393939393939,False
ukzn_ISTN2IP_2018,ukzn_ISTN2IP_2019,D1_same_module,4,116,0.034482758620689655,False
ukzn_ISTN2IP_2018,ukzn_ISTN3ND_2018,D2_other_module,5,144,0.034722222222222224,False
ukzn_ISTN2IP_2018,ukzn_ISTN3ND_2019,D2_other_module,45,223,0.20179372197309417,False
ukzn_ISTN2IP_2018,ukzn_ISTN3SA_2018,D2_other_module,3,141,0.02127659574468085,False
ukzn_ISTN2IP_2018,ukzn_ISTN3SA_2019,D2_other_module,48,195,0.24615384615384617,False
ukzn_ISTN2IP_2018,zambia_ICT1110_2020,D3_other_institution,0,65,0.0,True
ukzn_ISTN2IP_2018,zambia_ICT1110_2021,D3_other_institution,0,52,0.0,True
ukzn_ISTN2IP_2018,oviedo_C1112_1415,D3_other_institution,0,199,0.0,True
ukzn_ISTN2IP_2018,oviedo_C1127_1415,D3_other_institution,0,106,0.0,True
ukzn_ISTN2IP_2018,oviedo_C1200_1415,D3_other_institution,0,107,0.0,True
ukzn_ISTN2IP_2018,oviedo_C1303_1415,D3_other_institution,0,112,0.0,True
ukzn_ISTN2IP_2018,oviedo_C174_1415,D3_other_institution,0,96,0.0,True
ukzn_ISTN2IP_2018,oviedo_C190_1415,D3_other_institution,0,112,0.0,True
ukzn_ISTN2IP_2018,oviedo_C1978_1415,D3_other_institution,0,164,0.0,True
ukzn_ISTN2IP_2018,oviedo_C2011_1415,D3_other_institution,0,120,0.0,True
ukzn_ISTN2IP_2018,oviedo_C2024_1415,D3_other_institution,0,327,0.0,True
ukzn_ISTN2IP_2018,oviedo_C2150_1415,D3_other_institution,0,106,0.0,True
ukzn_ISTN2IP_2018,oviedo_C2271_1415,D3_other_institution,0,596,0.0,True
ukzn_ISTN2IP_2018,oviedo_C2335_1415,D3_other_institution,0,428,0.0,True
ukzn_ISTN2IP_2018,oviedo_C2406_1415,D3_other_institution,0,133,0.0,True
ukzn_ISTN2IP_2018,oviedo_C2468_1415,D3_other_institution,0,82,0.0,True
ukzn_ISTN2IP_2018,oviedo_C2607_1415,D3_other_institution,0,277,0.0,True
ukzn_ISTN2IP_2018,oviedo_C3022_1415,D3_other_institution,0,238,0.0,True
ukzn_ISTN2IP_2018,oviedo_C3029_1415,D3_other_institution,0,231,0.0,True
ukzn_ISTN2IP_2018,oviedo_C4189_1415,D3_other_institution,0,128,0.0,True
ukzn_ISTN2IP_2018,oviedo_C4213_1415,D3_other_institution,0,140,0.0,True
ukzn_ISTN2IP_2018,oviedo_C836_1415,D3_other_institution,0,87,0.0,True
ukzn_ISTN2IP_2019,oulad_AAA_2013J,D3_other_institution,0,383,0.0,True
ukzn_ISTN2IP_2019,oulad_AAA_2014J,D3_other_institution,0,365,0.0,True
ukzn_ISTN2IP_2019,oulad_BBB_2013B,D3_other_institution,0,1767,0.0,True
ukzn_ISTN2IP_2019,oulad_BBB_2013J,D3_other_institution,0,2237,0.0,True
ukzn_ISTN2IP_2019,oulad_BBB_2014B,D3_other_institution,0,1613,0.0,True
ukzn_ISTN2IP_2019,oulad_BBB_2014J,D3_other_institution,0,2292,0.0,True
ukzn_ISTN2IP_2019,oulad_CCC_2014B,D3_other_institution,0,1936,0.0,True
ukzn_ISTN2IP_2019,oulad_CCC_2014J,D3_other_institution,0,2498,0.0,True
ukzn_ISTN2IP_2019,oulad_DDD_2013B,D3_other_institution,0,1303,0.0,True
ukzn_ISTN2IP_2019,oulad_DDD_2013J,D3_other_institution,0,1938,0.0,True
ukzn_ISTN2IP_2019,oulad_DDD_2014B,D3_other_institution,0,1228,0.0,True
ukzn_ISTN2IP_2019,oulad_DDD_2014J,D3_other_institution,0,1803,0.0,True
ukzn_ISTN2IP_2019,oulad_EEE_2013J,D3_other_institution,0,1052,0.0,True
ukzn_ISTN2IP_2019,oulad_EEE_2014B,D3_other_institution,0,694,0.0,True
ukzn_ISTN2IP_2019,oulad_EEE_2014J,D3_other_institution,0,1188,0.0,True
ukzn_ISTN2IP_2019,oulad_FFF_2013B,D3_other_institution,0,1614,0.0,True
ukzn_ISTN2IP_2019,oulad_FFF_2013J,D3_other_institution,0,2283,0.0,True
ukzn_ISTN2IP_2019,oulad_FFF_2014B,D3_other_institution,0,1500,0.0,True
ukzn_ISTN2IP_2019,oulad_FFF_2014J,D3_other_institution,0,2365,0.0,True
ukzn_ISTN2IP_2019,ku_Accountancy_1819,D3_other_institution,0,752,0.0,True
ukzn_ISTN2IP_2019,ku_Globaleconom_1819,D3_other_institution,0,743,0.0,True
ukzn_ISTN2IP_2019,ku_Accountancy_1920,D3_other_institution,0,705,0.0,True
ukzn_ISTN2IP_2019,ku_Globaleconom_1920,D3_other_institution,0,681,0.0,True
ukzn_ISTN2IP_2019,ku_Accountancy_2021,D3_other_institution,0,723,0.0,True
ukzn_ISTN2IP_2019,ku_Globaleconom_2021,D3_other_institution,0,335,0.0,True
ukzn_ISTN2IP_2019,ukzn_ISTN101_2019,D2_other_module,2,1056,0.001893939393939394,True
ukzn_ISTN2IP_2019,ukzn_ISTN101_2020,D2_other_module,2,978,0.002044989775051125,True
ukzn_ISTN2IP_2019,ukzn_ISTN101_2021,D2_other_module,0,741,0.0,True
ukzn_ISTN2IP_2019,ukzn_ISTN102_2018,D2_other_module,36,257,0.14007782101167315,False
ukzn_ISTN2IP_2019,ukzn_ISTN103_2019,D2_other_module,6,1113,0.005390835579514825,True
ukzn_ISTN2IP_2019,ukzn_ISTN103_2020,D2_other_module,1,1082,0.0009242144177449168,True
ukzn_ISTN2IP_2019,ukzn_ISTN211_2019,D2_other_module,76,280,0.2714285714285714,False
ukzn_ISTN2IP_2019,ukzn_ISTN211_2021,D2_other_module,2,327,0.0061162079510703364,True
ukzn_ISTN2IP_2019,ukzn_ISTN212_2018,D2_other_module,11,238,0.046218487394957986,False
ukzn_ISTN2IP_2019,ukzn_ISTN212_2019,D2_other_module,78,264,0.29545454545454547,False
ukzn_ISTN2IP_2019,ukzn_ISTN2IP_2018,D1_same_module,4,99,0.04040404040404041,False
ukzn_ISTN2IP_2019,ukzn_ISTN3ND_2018,D2_other_module,1,144,0.006944444444444444,True
ukzn_ISTN2IP_2019,ukzn_ISTN3ND_2019,D2_other_module,2,223,0.008968609865470852,True
ukzn_ISTN2IP_2019,ukzn_ISTN3SA_2018,D2_other_module,0,141,0.0,True
ukzn_ISTN2IP_2019,ukzn_ISTN3SA_2019,D2_other_module,1,195,0.005128205128205128,True
ukzn_ISTN2IP_2019,zambia_ICT1110_2020,D3_other_institution,0,65,0.0,True
ukzn_ISTN2IP_2019,zambia_ICT1110_2021,D3_other_institution,0,52,0.0,True
ukzn_ISTN2IP_2019,oviedo_C1112_1415,D3_other_institution,0,199,0.0,True
ukzn_ISTN2IP_2019,oviedo_C1127_1415,D3_other_institution,0,106,0.0,True
ukzn_ISTN2IP_2019,oviedo_C1200_1415,D3_other_institution,0,107,0.0,True
ukzn_ISTN2IP_2019,oviedo_C1303_1415,D3_other_institution,0,112,0.0,True
ukzn_ISTN2IP_2019,oviedo_C174_1415,D3_other_institution,0,96,0.0,True
ukzn_ISTN2IP_2019,oviedo_C190_1415,D3_other_institution,0,112,0.0,True
ukzn_ISTN2IP_2019,oviedo_C1978_1415,D3_other_institution,0,164,0.0,True
ukzn_ISTN2IP_2019,oviedo_C2011_1415,D3_other_institution,0,120,0.0,True
ukzn_ISTN2IP_2019,oviedo_C2024_1415,D3_other_institution,0,327,0.0,True
ukzn_ISTN2IP_2019,oviedo_C2150_1415,D3_other_institution,0,106,0.0,True
ukzn_ISTN2IP_2019,oviedo_C2271_1415,D3_other_institution,0,596,0.0,True
ukzn_ISTN2IP_2019,oviedo_C2335_1415,D3_other_institution,0,428,0.0,True
ukzn_ISTN2IP_2019,oviedo_C2406_1415,D3_other_institution,0,133,0.0,True
ukzn_ISTN2IP_2019,oviedo_C2468_1415,D3_other_institution,0,82,0.0,True
ukzn_ISTN2IP_2019,oviedo_C2607_1415,D3_other_institution,0,277,0.0,True
ukzn_ISTN2IP_2019,oviedo_C3022_1415,D3_other_institution,0,238,0.0,True
ukzn_ISTN2IP_2019,oviedo_C3029_1415,D3_other_institution,0,231,0.0,True
ukzn_ISTN2IP_2019,oviedo_C4189_1415,D3_other_institution,0,128,0.0,True
ukzn_ISTN2IP_2019,oviedo_C4213_1415,D3_other_institution,0,140,0.0,True
ukzn_ISTN2IP_2019,oviedo_C836_1415,D3_other_institution,0,87,0.0,True
ukzn_ISTN3ND_2018,oulad_AAA_2013J,D3_other_institution,0,383,0.0,True
ukzn_ISTN3ND_2018,oulad_AAA_2014J,D3_other_institution,0,365,0.0,True
ukzn_ISTN3ND_2018,oulad_BBB_2013B,D3_other_institution,0,1767,0.0,True
ukzn_ISTN3ND_2018,oulad_BBB_2013J,D3_other_institution,0,2237,0.0,True
ukzn_ISTN3ND_2018,oulad_BBB_2014B,D3_other_institution,0,1613,0.0,True
ukzn_ISTN3ND_2018,oulad_BBB_2014J,D3_other_institution,0,2292,0.0,True
ukzn_ISTN3ND_2018,oulad_CCC_2014B,D3_other_institution,0,1936,0.0,True
ukzn_ISTN3ND_2018,oulad_CCC_2014J,D3_other_institution,0,2498,0.0,True
ukzn_ISTN3ND_2018,oulad_DDD_2013B,D3_other_institution,0,1303,0.0,True
ukzn_ISTN3ND_2018,oulad_DDD_2013J,D3_other_institution,0,1938,0.0,True
ukzn_ISTN3ND_2018,oulad_DDD_2014B,D3_other_institution,0,1228,0.0,True
ukzn_ISTN3ND_2018,oulad_DDD_2014J,D3_other_institution,0,1803,0.0,True
ukzn_ISTN3ND_2018,oulad_EEE_2013J,D3_other_institution,0,1052,0.0,True
ukzn_ISTN3ND_2018,oulad_EEE_2014B,D3_other_institution,0,694,0.0,True
ukzn_ISTN3ND_2018,oulad_EEE_2014J,D3_other_institution,0,1188,0.0,True
ukzn_ISTN3ND_2018,oulad_FFF_2013B,D3_other_institution,0,1614,0.0,True
ukzn_ISTN3ND_2018,oulad_FFF_2013J,D3_other_institution,0,2283,0.0,True
ukzn_ISTN3ND_2018,oulad_FFF_2014B,D3_other_institution,0,1500,0.0,True
ukzn_ISTN3ND_2018,oulad_FFF_2014J,D3_other_institution,0,2365,0.0,True
ukzn_ISTN3ND_2018,ku_Accountancy_1819,D3_other_institution,0,752,0.0,True
ukzn_ISTN3ND_2018,ku_Globaleconom_1819,D3_other_institution,0,743,0.0,True
ukzn_ISTN3ND_2018,ku_Accountancy_1920,D3_other_institution,0,705,0.0,True
ukzn_ISTN3ND_2018,ku_Globaleconom_1920,D3_other_institution,0,681,0.0,True
ukzn_ISTN3ND_2018,ku_Accountancy_2021,D3_other_institution,0,723,0.0,True
ukzn_ISTN3ND_2018,ku_Globaleconom_2021,D3_other_institution,0,335,0.0,True
ukzn_ISTN3ND_2018,ukzn_ISTN101_2019,D2_other_module,1,1056,0.000946969696969697,True
ukzn_ISTN3ND_2018,ukzn_ISTN101_2020,D2_other_module,0,978,0.0,True
ukzn_ISTN3ND_2018,ukzn_ISTN101_2021,D2_other_module,0,741,0.0,True
ukzn_ISTN3ND_2018,ukzn_ISTN102_2018,D2_other_module,1,257,0.0038910505836575876,True
ukzn_ISTN3ND_2018,ukzn_ISTN103_2019,D2_other_module,0,1113,0.0,True
ukzn_ISTN3ND_2018,ukzn_ISTN103_2020,D2_other_module,0,1082,0.0,True
ukzn_ISTN3ND_2018,ukzn_ISTN211_2019,D2_other_module,0,280,0.0,True
ukzn_ISTN3ND_2018,ukzn_ISTN211_2021,D2_other_module,0,327,0.0,True
ukzn_ISTN3ND_2018,ukzn_ISTN212_2018,D2_other_module,0,238,0.0,True
ukzn_ISTN3ND_2018,ukzn_ISTN212_2019,D2_other_module,0,264,0.0,True
ukzn_ISTN3ND_2018,ukzn_ISTN2IP_2018,D2_other_module,5,99,0.050505050505050504,False
ukzn_ISTN3ND_2018,ukzn_ISTN2IP_2019,D2_other_module,1,116,0.008620689655172414,True
ukzn_ISTN3ND_2018,ukzn_ISTN3ND_2019,D1_same_module,44,223,0.19730941704035873,False
ukzn_ISTN3ND_2018,ukzn_ISTN3SA_2018,D2_other_module,114,141,0.8085106382978723,False
ukzn_ISTN3ND_2018,ukzn_ISTN3SA_2019,D2_other_module,19,195,0.09743589743589744,False
ukzn_ISTN3ND_2018,zambia_ICT1110_2020,D3_other_institution,0,65,0.0,True
ukzn_ISTN3ND_2018,zambia_ICT1110_2021,D3_other_institution,0,52,0.0,True
ukzn_ISTN3ND_2018,oviedo_C1112_1415,D3_other_institution,0,199,0.0,True
ukzn_ISTN3ND_2018,oviedo_C1127_1415,D3_other_institution,0,106,0.0,True
ukzn_ISTN3ND_2018,oviedo_C1200_1415,D3_other_institution,0,107,0.0,True
ukzn_ISTN3ND_2018,oviedo_C1303_1415,D3_other_institution,0,112,0.0,True
ukzn_ISTN3ND_2018,oviedo_C174_1415,D3_other_institution,0,96,0.0,True
ukzn_ISTN3ND_2018,oviedo_C190_1415,D3_other_institution,0,112,0.0,True
ukzn_ISTN3ND_2018,oviedo_C1978_1415,D3_other_institution,0,164,0.0,True
ukzn_ISTN3ND_2018,oviedo_C2011_1415,D3_other_institution,0,120,0.0,True
ukzn_ISTN3ND_2018,oviedo_C2024_1415,D3_other_institution,0,327,0.0,True
ukzn_ISTN3ND_2018,oviedo_C2150_1415,D3_other_institution,0,106,0.0,True
ukzn_ISTN3ND_2018,oviedo_C2271_1415,D3_other_institution,0,596,0.0,True
ukzn_ISTN3ND_2018,oviedo_C2335_1415,D3_other_institution,0,428,0.0,True
ukzn_ISTN3ND_2018,oviedo_C2406_1415,D3_other_institution,0,133,0.0,True
ukzn_ISTN3ND_2018,oviedo_C2468_1415,D3_other_institution,0,82,0.0,True
ukzn_ISTN3ND_2018,oviedo_C2607_1415,D3_other_institution,0,277,0.0,True
ukzn_ISTN3ND_2018,oviedo_C3022_1415,D3_other_institution,0,238,0.0,True
ukzn_ISTN3ND_2018,oviedo_C3029_1415,D3_other_institution,0,231,0.0,True
ukzn_ISTN3ND_2018,oviedo_C4189_1415,D3_other_institution,0,128,0.0,True
ukzn_ISTN3ND_2018,oviedo_C4213_1415,D3_other_institution,0,140,0.0,True
ukzn_ISTN3ND_2018,oviedo_C836_1415,D3_other_institution,0,87,0.0,True
ukzn_ISTN3ND_2019,oulad_AAA_2013J,D3_other_institution,0,383,0.0,True
ukzn_ISTN3ND_2019,oulad_AAA_2014J,D3_other_institution,0,365,0.0,True
ukzn_ISTN3ND_2019,oulad_BBB_2013B,D3_other_institution,0,1767,0.0,True
ukzn_ISTN3ND_2019,oulad_BBB_2013J,D3_other_institution,0,2237,0.0,True
ukzn_ISTN3ND_2019,oulad_BBB_2014B,D3_other_institution,0,1613,0.0,True
ukzn_ISTN3ND_2019,oulad_BBB_2014J,D3_other_institution,0,2292,0.0,True
ukzn_ISTN3ND_2019,oulad_CCC_2014B,D3_other_institution,0,1936,0.0,True
ukzn_ISTN3ND_2019,oulad_CCC_2014J,D3_other_institution,0,2498,0.0,True
ukzn_ISTN3ND_2019,oulad_DDD_2013B,D3_other_institution,0,1303,0.0,True
ukzn_ISTN3ND_2019,oulad_DDD_2013J,D3_other_institution,0,1938,0.0,True
ukzn_ISTN3ND_2019,oulad_DDD_2014B,D3_other_institution,0,1228,0.0,True
ukzn_ISTN3ND_2019,oulad_DDD_2014J,D3_other_institution,0,1803,0.0,True
ukzn_ISTN3ND_2019,oulad_EEE_2013J,D3_other_institution,0,1052,0.0,True
ukzn_ISTN3ND_2019,oulad_EEE_2014B,D3_other_institution,0,694,0.0,True
ukzn_ISTN3ND_2019,oulad_EEE_2014J,D3_other_institution,0,1188,0.0,True
ukzn_ISTN3ND_2019,oulad_FFF_2013B,D3_other_institution,0,1614,0.0,True
ukzn_ISTN3ND_2019,oulad_FFF_2013J,D3_other_institution,0,2283,0.0,True
ukzn_ISTN3ND_2019,oulad_FFF_2014B,D3_other_institution,0,1500,0.0,True
ukzn_ISTN3ND_2019,oulad_FFF_2014J,D3_other_institution,0,2365,0.0,True
ukzn_ISTN3ND_2019,ku_Accountancy_1819,D3_other_institution,0,752,0.0,True
ukzn_ISTN3ND_2019,ku_Globaleconom_1819,D3_other_institution,0,743,0.0,True
ukzn_ISTN3ND_2019,ku_Accountancy_1920,D3_other_institution,0,705,0.0,True
ukzn_ISTN3ND_2019,ku_Globaleconom_1920,D3_other_institution,0,681,0.0,True
ukzn_ISTN3ND_2019,ku_Accountancy_2021,D3_other_institution,0,723,0.0,True
ukzn_ISTN3ND_2019,ku_Globaleconom_2021,D3_other_institution,0,335,0.0,True
ukzn_ISTN3ND_2019,ukzn_ISTN101_2019,D2_other_module,0,1056,0.0,True
ukzn_ISTN3ND_2019,ukzn_ISTN101_2020,D2_other_module,0,978,0.0,True
ukzn_ISTN3ND_2019,ukzn_ISTN101_2021,D2_other_module,1,741,0.001349527665317139,True
ukzn_ISTN3ND_2019,ukzn_ISTN102_2018,D2_other_module,1,257,0.0038910505836575876,True
ukzn_ISTN3ND_2019,ukzn_ISTN103_2019,D2_other_module,0,1113,0.0,True
ukzn_ISTN3ND_2019,ukzn_ISTN103_2020,D2_other_module,0,1082,0.0,True
ukzn_ISTN3ND_2019,ukzn_ISTN211_2019,D2_other_module,1,280,0.0035714285714285713,True
ukzn_ISTN3ND_2019,ukzn_ISTN211_2021,D2_other_module,0,327,0.0,True
ukzn_ISTN3ND_2019,ukzn_ISTN212_2018,D2_other_module,151,238,0.634453781512605,False
ukzn_ISTN3ND_2019,ukzn_ISTN212_2019,D2_other_module,1,264,0.003787878787878788,True
ukzn_ISTN3ND_2019,ukzn_ISTN2IP_2018,D2_other_module,45,99,0.45454545454545453,False
ukzn_ISTN3ND_2019,ukzn_ISTN2IP_2019,D2_other_module,2,116,0.017241379310344827,False
ukzn_ISTN3ND_2019,ukzn_ISTN3ND_2018,D1_same_module,44,144,0.3055555555555556,False
ukzn_ISTN3ND_2019,ukzn_ISTN3SA_2018,D2_other_module,41,141,0.2907801418439716,False
ukzn_ISTN3ND_2019,ukzn_ISTN3SA_2019,D2_other_module,175,195,0.8974358974358975,False
ukzn_ISTN3ND_2019,zambia_ICT1110_2020,D3_other_institution,0,65,0.0,True
ukzn_ISTN3ND_2019,zambia_ICT1110_2021,D3_other_institution,0,52,0.0,True
ukzn_ISTN3ND_2019,oviedo_C1112_1415,D3_other_institution,0,199,0.0,True
ukzn_ISTN3ND_2019,oviedo_C1127_1415,D3_other_institution,0,106,0.0,True
ukzn_ISTN3ND_2019,oviedo_C1200_1415,D3_other_institution,0,107,0.0,True
ukzn_ISTN3ND_2019,oviedo_C1303_1415,D3_other_institution,0,112,0.0,True
ukzn_ISTN3ND_2019,oviedo_C174_1415,D3_other_institution,0,96,0.0,True
ukzn_ISTN3ND_2019,oviedo_C190_1415,D3_other_institution,0,112,0.0,True
ukzn_ISTN3ND_2019,oviedo_C1978_1415,D3_other_institution,0,164,0.0,True
ukzn_ISTN3ND_2019,oviedo_C2011_1415,D3_other_institution,0,120,0.0,True
ukzn_ISTN3ND_2019,oviedo_C2024_1415,D3_other_institution,0,327,0.0,True
ukzn_ISTN3ND_2019,oviedo_C2150_1415,D3_other_institution,0,106,0.0,True
ukzn_ISTN3ND_2019,oviedo_C2271_1415,D3_other_institution,0,596,0.0,True
ukzn_ISTN3ND_2019,oviedo_C2335_1415,D3_other_institution,0,428,0.0,True
ukzn_ISTN3ND_2019,oviedo_C2406_1415,D3_other_institution,0,133,0.0,True
ukzn_ISTN3ND_2019,oviedo_C2468_1415,D3_other_institution,0,82,0.0,True
ukzn_ISTN3ND_2019,oviedo_C2607_1415,D3_other_institution,0,277,0.0,True
ukzn_ISTN3ND_2019,oviedo_C3022_1415,D3_other_institution,0,238,0.0,True
ukzn_ISTN3ND_2019,oviedo_C3029_1415,D3_other_institution,0,231,0.0,True
ukzn_ISTN3ND_2019,oviedo_C4189_1415,D3_other_institution,0,128,0.0,True
ukzn_ISTN3ND_2019,oviedo_C4213_1415,D3_other_institution,0,140,0.0,True
ukzn_ISTN3ND_2019,oviedo_C836_1415,D3_other_institution,0,87,0.0,True
ukzn_ISTN3SA_2018,oulad_AAA_2013J,D3_other_institution,0,383,0.0,True
ukzn_ISTN3SA_2018,oulad_AAA_2014J,D3_other_institution,0,365,0.0,True
ukzn_ISTN3SA_2018,oulad_BBB_2013B,D3_other_institution,0,1767,0.0,True
ukzn_ISTN3SA_2018,oulad_BBB_2013J,D3_other_institution,0,2237,0.0,True
ukzn_ISTN3SA_2018,oulad_BBB_2014B,D3_other_institution,0,1613,0.0,True
ukzn_ISTN3SA_2018,oulad_BBB_2014J,D3_other_institution,0,2292,0.0,True
ukzn_ISTN3SA_2018,oulad_CCC_2014B,D3_other_institution,0,1936,0.0,True
ukzn_ISTN3SA_2018,oulad_CCC_2014J,D3_other_institution,0,2498,0.0,True
ukzn_ISTN3SA_2018,oulad_DDD_2013B,D3_other_institution,0,1303,0.0,True
ukzn_ISTN3SA_2018,oulad_DDD_2013J,D3_other_institution,0,1938,0.0,True
ukzn_ISTN3SA_2018,oulad_DDD_2014B,D3_other_institution,0,1228,0.0,True
ukzn_ISTN3SA_2018,oulad_DDD_2014J,D3_other_institution,0,1803,0.0,True
ukzn_ISTN3SA_2018,oulad_EEE_2013J,D3_other_institution,0,1052,0.0,True
ukzn_ISTN3SA_2018,oulad_EEE_2014B,D3_other_institution,0,694,0.0,True
ukzn_ISTN3SA_2018,oulad_EEE_2014J,D3_other_institution,0,1188,0.0,True
ukzn_ISTN3SA_2018,oulad_FFF_2013B,D3_other_institution,0,1614,0.0,True
ukzn_ISTN3SA_2018,oulad_FFF_2013J,D3_other_institution,0,2283,0.0,True
ukzn_ISTN3SA_2018,oulad_FFF_2014B,D3_other_institution,0,1500,0.0,True
ukzn_ISTN3SA_2018,oulad_FFF_2014J,D3_other_institution,0,2365,0.0,True
ukzn_ISTN3SA_2018,ku_Accountancy_1819,D3_other_institution,0,752,0.0,True
ukzn_ISTN3SA_2018,ku_Globaleconom_1819,D3_other_institution,0,743,0.0,True
ukzn_ISTN3SA_2018,ku_Accountancy_1920,D3_other_institution,0,705,0.0,True
ukzn_ISTN3SA_2018,ku_Globaleconom_1920,D3_other_institution,0,681,0.0,True
ukzn_ISTN3SA_2018,ku_Accountancy_2021,D3_other_institution,0,723,0.0,True
ukzn_ISTN3SA_2018,ku_Globaleconom_2021,D3_other_institution,0,335,0.0,True
ukzn_ISTN3SA_2018,ukzn_ISTN101_2019,D2_other_module,0,1056,0.0,True
ukzn_ISTN3SA_2018,ukzn_ISTN101_2020,D2_other_module,0,978,0.0,True
ukzn_ISTN3SA_2018,ukzn_ISTN101_2021,D2_other_module,0,741,0.0,True
ukzn_ISTN3SA_2018,ukzn_ISTN102_2018,D2_other_module,0,257,0.0,True
ukzn_ISTN3SA_2018,ukzn_ISTN103_2019,D2_other_module,0,1113,0.0,True
ukzn_ISTN3SA_2018,ukzn_ISTN103_2020,D2_other_module,0,1082,0.0,True
ukzn_ISTN3SA_2018,ukzn_ISTN211_2019,D2_other_module,0,280,0.0,True
ukzn_ISTN3SA_2018,ukzn_ISTN211_2021,D2_other_module,0,327,0.0,True
ukzn_ISTN3SA_2018,ukzn_ISTN212_2018,D2_other_module,0,238,0.0,True
ukzn_ISTN3SA_2018,ukzn_ISTN212_2019,D2_other_module,0,264,0.0,True
ukzn_ISTN3SA_2018,ukzn_ISTN2IP_2018,D2_other_module,3,99,0.030303030303030304,False
ukzn_ISTN3SA_2018,ukzn_ISTN2IP_2019,D2_other_module,0,116,0.0,True
ukzn_ISTN3SA_2018,ukzn_ISTN3ND_2018,D2_other_module,114,144,0.7916666666666666,False
ukzn_ISTN3SA_2018,ukzn_ISTN3ND_2019,D2_other_module,41,223,0.18385650224215247,False
ukzn_ISTN3SA_2018,ukzn_ISTN3SA_2019,D1_same_module,20,195,0.10256410256410256,False
ukzn_ISTN3SA_2018,zambia_ICT1110_2020,D3_other_institution,0,65,0.0,True
ukzn_ISTN3SA_2018,zambia_ICT1110_2021,D3_other_institution,0,52,0.0,True
ukzn_ISTN3SA_2018,oviedo_C1112_1415,D3_other_institution,0,199,0.0,True
ukzn_ISTN3SA_2018,oviedo_C1127_1415,D3_other_institution,0,106,0.0,True
ukzn_ISTN3SA_2018,oviedo_C1200_1415,D3_other_institution,0,107,0.0,True
ukzn_ISTN3SA_2018,oviedo_C1303_1415,D3_other_institution,0,112,0.0,True
ukzn_ISTN3SA_2018,oviedo_C174_1415,D3_other_institution,0,96,0.0,True
ukzn_ISTN3SA_2018,oviedo_C190_1415,D3_other_institution,0,112,0.0,True
ukzn_ISTN3SA_2018,oviedo_C1978_1415,D3_other_institution,0,164,0.0,True
ukzn_ISTN3SA_2018,oviedo_C2011_1415,D3_other_institution,0,120,0.0,True
ukzn_ISTN3SA_2018,oviedo_C2024_1415,D3_other_institution,0,327,0.0,True
ukzn_ISTN3SA_2018,oviedo_C2150_1415,D3_other_institution,0,106,0.0,True
ukzn_ISTN3SA_2018,oviedo_C2271_1415,D3_other_institution,0,596,0.0,True
ukzn_ISTN3SA_2018,oviedo_C2335_1415,D3_other_institution,0,428,0.0,True
ukzn_ISTN3SA_2018,oviedo_C2406_1415,D3_other_institution,0,133,0.0,True
ukzn_ISTN3SA_2018,oviedo_C2468_1415,D3_other_institution,0,82,0.0,True
ukzn_ISTN3SA_2018,oviedo_C2607_1415,D3_other_institution,0,277,0.0,True
ukzn_ISTN3SA_2018,oviedo_C3022_1415,D3_other_institution,0,238,0.0,True
ukzn_ISTN3SA_2018,oviedo_C3029_1415,D3_other_institution,0,231,0.0,True
ukzn_ISTN3SA_2018,oviedo_C4189_1415,D3_other_institution,0,128,0.0,True
ukzn_ISTN3SA_2018,oviedo_C4213_1415,D3_other_institution,0,140,0.0,True
ukzn_ISTN3SA_2018,oviedo_C836_1415,D3_other_institution,0,87,0.0,True
ukzn_ISTN3SA_2019,oulad_AAA_2013J,D3_other_institution,0,383,0.0,True
ukzn_ISTN3SA_2019,oulad_AAA_2014J,D3_other_institution,0,365,0.0,True
ukzn_ISTN3SA_2019,oulad_BBB_2013B,D3_other_institution,0,1767,0.0,True
ukzn_ISTN3SA_2019,oulad_BBB_2013J,D3_other_institution,0,2237,0.0,True
ukzn_ISTN3SA_2019,oulad_BBB_2014B,D3_other_institution,0,1613,0.0,True
ukzn_ISTN3SA_2019,oulad_BBB_2014J,D3_other_institution,0,2292,0.0,True
ukzn_ISTN3SA_2019,oulad_CCC_2014B,D3_other_institution,0,1936,0.0,True
ukzn_ISTN3SA_2019,oulad_CCC_2014J,D3_other_institution,0,2498,0.0,True
ukzn_ISTN3SA_2019,oulad_DDD_2013B,D3_other_institution,0,1303,0.0,True
ukzn_ISTN3SA_2019,oulad_DDD_2013J,D3_other_institution,0,1938,0.0,True
ukzn_ISTN3SA_2019,oulad_DDD_2014B,D3_other_institution,0,1228,0.0,True
ukzn_ISTN3SA_2019,oulad_DDD_2014J,D3_other_institution,0,1803,0.0,True
ukzn_ISTN3SA_2019,oulad_EEE_2013J,D3_other_institution,0,1052,0.0,True
ukzn_ISTN3SA_2019,oulad_EEE_2014B,D3_other_institution,0,694,0.0,True
ukzn_ISTN3SA_2019,oulad_EEE_2014J,D3_other_institution,0,1188,0.0,True
ukzn_ISTN3SA_2019,oulad_FFF_2013B,D3_other_institution,0,1614,0.0,True
ukzn_ISTN3SA_2019,oulad_FFF_2013J,D3_other_institution,0,2283,0.0,True
ukzn_ISTN3SA_2019,oulad_FFF_2014B,D3_other_institution,0,1500,0.0,True
ukzn_ISTN3SA_2019,oulad_FFF_2014J,D3_other_institution,0,2365,0.0,True
ukzn_ISTN3SA_2019,ku_Accountancy_1819,D3_other_institution,0,752,0.0,True
ukzn_ISTN3SA_2019,ku_Globaleconom_1819,D3_other_institution,0,743,0.0,True
ukzn_ISTN3SA_2019,ku_Accountancy_1920,D3_other_institution,0,705,0.0,True
ukzn_ISTN3SA_2019,ku_Globaleconom_1920,D3_other_institution,0,681,0.0,True
ukzn_ISTN3SA_2019,ku_Accountancy_2021,D3_other_institution,0,723,0.0,True
ukzn_ISTN3SA_2019,ku_Globaleconom_2021,D3_other_institution,0,335,0.0,True
ukzn_ISTN3SA_2019,ukzn_ISTN101_2019,D2_other_module,1,1056,0.000946969696969697,True
ukzn_ISTN3SA_2019,ukzn_ISTN101_2020,D2_other_module,0,978,0.0,True
ukzn_ISTN3SA_2019,ukzn_ISTN101_2021,D2_other_module,1,741,0.001349527665317139,True
ukzn_ISTN3SA_2019,ukzn_ISTN102_2018,D2_other_module,2,257,0.007782101167315175,True
ukzn_ISTN3SA_2019,ukzn_ISTN103_2019,D2_other_module,0,1113,0.0,True
ukzn_ISTN3SA_2019,ukzn_ISTN103_2020,D2_other_module,0,1082,0.0,True
ukzn_ISTN3SA_2019,ukzn_ISTN211_2019,D2_other_module,0,280,0.0,True
ukzn_ISTN3SA_2019,ukzn_ISTN211_2021,D2_other_module,0,327,0.0,True
ukzn_ISTN3SA_2019,ukzn_ISTN212_2018,D2_other_module,153,238,0.6428571428571429,False
ukzn_ISTN3SA_2019,ukzn_ISTN212_2019,D2_other_module,2,264,0.007575757575757576,True
ukzn_ISTN3SA_2019,ukzn_ISTN2IP_2018,D2_other_module,48,99,0.48484848484848486,False
ukzn_ISTN3SA_2019,ukzn_ISTN2IP_2019,D2_other_module,1,116,0.008620689655172414,True
ukzn_ISTN3SA_2019,ukzn_ISTN3ND_2018,D2_other_module,19,144,0.13194444444444445,False
ukzn_ISTN3SA_2019,ukzn_ISTN3ND_2019,D2_other_module,175,223,0.7847533632286996,False
ukzn_ISTN3SA_2019,ukzn_ISTN3SA_2018,D1_same_module,20,141,0.14184397163120568,False
ukzn_ISTN3SA_2019,zambia_ICT1110_2020,D3_other_institution,0,65,0.0,True
ukzn_ISTN3SA_2019,zambia_ICT1110_2021,D3_other_institution,0,52,0.0,True
ukzn_ISTN3SA_2019,oviedo_C1112_1415,D3_other_institution,0,199,0.0,True
ukzn_ISTN3SA_2019,oviedo_C1127_1415,D3_other_institution,0,106,0.0,True
ukzn_ISTN3SA_2019,oviedo_C1200_1415,D3_other_institution,0,107,0.0,True
ukzn_ISTN3SA_2019,oviedo_C1303_1415,D3_other_institution,0,112,0.0,True
ukzn_ISTN3SA_2019,oviedo_C174_1415,D3_other_institution,0,96,0.0,True
ukzn_ISTN3SA_2019,oviedo_C190_1415,D3_other_institution,0,112,0.0,True
ukzn_ISTN3SA_2019,oviedo_C1978_1415,D3_other_institution,0,164,0.0,True
ukzn_ISTN3SA_2019,oviedo_C2011_1415,D3_other_institution,0,120,0.0,True
ukzn_ISTN3SA_2019,oviedo_C2024_1415,D3_other_institution,0,327,0.0,True
ukzn_ISTN3SA_2019,oviedo_C2150_1415,D3_other_institution,0,106,0.0,True
ukzn_ISTN3SA_2019,oviedo_C2271_1415,D3_other_institution,0,596,0.0,True
ukzn_ISTN3SA_2019,oviedo_C2335_1415,D3_other_institution,0,428,0.0,True
ukzn_ISTN3SA_2019,oviedo_C2406_1415,D3_other_institution,0,133,0.0,True
ukzn_ISTN3SA_2019,oviedo_C2468_1415,D3_other_institution,0,82,0.0,True
ukzn_ISTN3SA_2019,oviedo_C2607_1415,D3_other_institution,0,277,0.0,True
ukzn_ISTN3SA_2019,oviedo_C3022_1415,D3_other_institution,0,238,0.0,True
ukzn_ISTN3SA_2019,oviedo_C3029_1415,D3_other_institution,0,231,0.0,True
ukzn_ISTN3SA_2019,oviedo_C4189_1415,D3_other_institution,0,128,0.0,True
ukzn_ISTN3SA_2019,oviedo_C4213_1415,D3_other_institution,0,140,0.0,True
ukzn_ISTN3SA_2019,oviedo_C836_1415,D3_other_institution,0,87,0.0,True
zambia_ICT1110_2020,oulad_AAA_2013J,D3_other_institution,0,383,0.0,True
zambia_ICT1110_2020,oulad_AAA_2014J,D3_other_institution,0,365,0.0,True
zambia_ICT1110_2020,oulad_BBB_2013B,D3_other_institution,0,1767,0.0,True
zambia_ICT1110_2020,oulad_BBB_2013J,D3_other_institution,0,2237,0.0,True
zambia_ICT1110_2020,oulad_BBB_2014B,D3_other_institution,0,1613,0.0,True
zambia_ICT1110_2020,oulad_BBB_2014J,D3_other_institution,0,2292,0.0,True
zambia_ICT1110_2020,oulad_CCC_2014B,D3_other_institution,0,1936,0.0,True
zambia_ICT1110_2020,oulad_CCC_2014J,D3_other_institution,0,2498,0.0,True
zambia_ICT1110_2020,oulad_DDD_2013B,D3_other_institution,0,1303,0.0,True
zambia_ICT1110_2020,oulad_DDD_2013J,D3_other_institution,0,1938,0.0,True
zambia_ICT1110_2020,oulad_DDD_2014B,D3_other_institution,0,1228,0.0,True
zambia_ICT1110_2020,oulad_DDD_2014J,D3_other_institution,0,1803,0.0,True
zambia_ICT1110_2020,oulad_EEE_2013J,D3_other_institution,0,1052,0.0,True
zambia_ICT1110_2020,oulad_EEE_2014B,D3_other_institution,0,694,0.0,True
zambia_ICT1110_2020,oulad_EEE_2014J,D3_other_institution,0,1188,0.0,True
zambia_ICT1110_2020,oulad_FFF_2013B,D3_other_institution,0,1614,0.0,True
zambia_ICT1110_2020,oulad_FFF_2013J,D3_other_institution,0,2283,0.0,True
zambia_ICT1110_2020,oulad_FFF_2014B,D3_other_institution,0,1500,0.0,True
zambia_ICT1110_2020,oulad_FFF_2014J,D3_other_institution,0,2365,0.0,True
zambia_ICT1110_2020,ku_Accountancy_1819,D3_other_institution,0,752,0.0,True
zambia_ICT1110_2020,ku_Globaleconom_1819,D3_other_institution,0,743,0.0,True
zambia_ICT1110_2020,ku_Accountancy_1920,D3_other_institution,0,705,0.0,True
zambia_ICT1110_2020,ku_Globaleconom_1920,D3_other_institution,0,681,0.0,True
zambia_ICT1110_2020,ku_Accountancy_2021,D3_other_institution,0,723,0.0,True
zambia_ICT1110_2020,ku_Globaleconom_2021,D3_other_institution,0,335,0.0,True
zambia_ICT1110_2020,ukzn_ISTN101_2019,D3_other_institution,0,1056,0.0,True
zambia_ICT1110_2020,ukzn_ISTN101_2020,D3_other_institution,0,978,0.0,True
zambia_ICT1110_2020,ukzn_ISTN101_2021,D3_other_institution,0,741,0.0,True
zambia_ICT1110_2020,ukzn_ISTN102_2018,D3_other_institution,0,257,0.0,True
zambia_ICT1110_2020,ukzn_ISTN103_2019,D3_other_institution,0,1113,0.0,True
zambia_ICT1110_2020,ukzn_ISTN103_2020,D3_other_institution,0,1082,0.0,True
zambia_ICT1110_2020,ukzn_ISTN211_2019,D3_other_institution,0,280,0.0,True
zambia_ICT1110_2020,ukzn_ISTN211_2021,D3_other_institution,0,327,0.0,True
zambia_ICT1110_2020,ukzn_ISTN212_2018,D3_other_institution,0,238,0.0,True
zambia_ICT1110_2020,ukzn_ISTN212_2019,D3_other_institution,0,264,0.0,True
zambia_ICT1110_2020,ukzn_ISTN2IP_2018,D3_other_institution,0,99,0.0,True
zambia_ICT1110_2020,ukzn_ISTN2IP_2019,D3_other_institution,0,116,0.0,True
zambia_ICT1110_2020,ukzn_ISTN3ND_2018,D3_other_institution,0,144,0.0,True
zambia_ICT1110_2020,ukzn_ISTN3ND_2019,D3_other_institution,0,223,0.0,True
zambia_ICT1110_2020,ukzn_ISTN3SA_2018,D3_other_institution,0,141,0.0,True
zambia_ICT1110_2020,ukzn_ISTN3SA_2019,D3_other_institution,0,195,0.0,True
zambia_ICT1110_2020,zambia_ICT1110_2021,D1_same_module,0,52,0.0,True
zambia_ICT1110_2020,oviedo_C1112_1415,D3_other_institution,0,199,0.0,True
zambia_ICT1110_2020,oviedo_C1127_1415,D3_other_institution,0,106,0.0,True
zambia_ICT1110_2020,oviedo_C1200_1415,D3_other_institution,0,107,0.0,True
zambia_ICT1110_2020,oviedo_C1303_1415,D3_other_institution,0,112,0.0,True
zambia_ICT1110_2020,oviedo_C174_1415,D3_other_institution,0,96,0.0,True
zambia_ICT1110_2020,oviedo_C190_1415,D3_other_institution,0,112,0.0,True
zambia_ICT1110_2020,oviedo_C1978_1415,D3_other_institution,0,164,0.0,True
zambia_ICT1110_2020,oviedo_C2011_1415,D3_other_institution,0,120,0.0,True
zambia_ICT1110_2020,oviedo_C2024_1415,D3_other_institution,0,327,0.0,True
zambia_ICT1110_2020,oviedo_C2150_1415,D3_other_institution,0,106,0.0,True
zambia_ICT1110_2020,oviedo_C2271_1415,D3_other_institution,0,596,0.0,True
zambia_ICT1110_2020,oviedo_C2335_1415,D3_other_institution,0,428,0.0,True
zambia_ICT1110_2020,oviedo_C2406_1415,D3_other_institution,0,133,0.0,True
zambia_ICT1110_2020,oviedo_C2468_1415,D3_other_institution,0,82,0.0,True
zambia_ICT1110_2020,oviedo_C2607_1415,D3_other_institution,0,277,0.0,True
zambia_ICT1110_2020,oviedo_C3022_1415,D3_other_institution,0,238,0.0,True
zambia_ICT1110_2020,oviedo_C3029_1415,D3_other_institution,0,231,0.0,True
zambia_ICT1110_2020,oviedo_C4189_1415,D3_other_institution,0,128,0.0,True
zambia_ICT1110_2020,oviedo_C4213_1415,D3_other_institution,0,140,0.0,True
zambia_ICT1110_2020,oviedo_C836_1415,D3_other_institution,0,87,0.0,True
zambia_ICT1110_2021,oulad_AAA_2013J,D3_other_institution,0,383,0.0,True
zambia_ICT1110_2021,oulad_AAA_2014J,D3_other_institution,0,365,0.0,True
zambia_ICT1110_2021,oulad_BBB_2013B,D3_other_institution,0,1767,0.0,True
zambia_ICT1110_2021,oulad_BBB_2013J,D3_other_institution,0,2237,0.0,True
zambia_ICT1110_2021,oulad_BBB_2014B,D3_other_institution,0,1613,0.0,True
zambia_ICT1110_2021,oulad_BBB_2014J,D3_other_institution,0,2292,0.0,True
zambia_ICT1110_2021,oulad_CCC_2014B,D3_other_institution,0,1936,0.0,True
zambia_ICT1110_2021,oulad_CCC_2014J,D3_other_institution,0,2498,0.0,True
zambia_ICT1110_2021,oulad_DDD_2013B,D3_other_institution,0,1303,0.0,True
zambia_ICT1110_2021,oulad_DDD_2013J,D3_other_institution,0,1938,0.0,True
zambia_ICT1110_2021,oulad_DDD_2014B,D3_other_institution,0,1228,0.0,True
zambia_ICT1110_2021,oulad_DDD_2014J,D3_other_institution,0,1803,0.0,True
zambia_ICT1110_2021,oulad_EEE_2013J,D3_other_institution,0,1052,0.0,True
zambia_ICT1110_2021,oulad_EEE_2014B,D3_other_institution,0,694,0.0,True
zambia_ICT1110_2021,oulad_EEE_2014J,D3_other_institution,0,1188,0.0,True
zambia_ICT1110_2021,oulad_FFF_2013B,D3_other_institution,0,1614,0.0,True
zambia_ICT1110_2021,oulad_FFF_2013J,D3_other_institution,0,2283,0.0,True
zambia_ICT1110_2021,oulad_FFF_2014B,D3_other_institution,0,1500,0.0,True
zambia_ICT1110_2021,oulad_FFF_2014J,D3_other_institution,0,2365,0.0,True
zambia_ICT1110_2021,ku_Accountancy_1819,D3_other_institution,0,752,0.0,True
zambia_ICT1110_2021,ku_Globaleconom_1819,D3_other_institution,0,743,0.0,True
zambia_ICT1110_2021,ku_Accountancy_1920,D3_other_institution,0,705,0.0,True
zambia_ICT1110_2021,ku_Globaleconom_1920,D3_other_institution,0,681,0.0,True
zambia_ICT1110_2021,ku_Accountancy_2021,D3_other_institution,0,723,0.0,True
zambia_ICT1110_2021,ku_Globaleconom_2021,D3_other_institution,0,335,0.0,True
zambia_ICT1110_2021,ukzn_ISTN101_2019,D3_other_institution,0,1056,0.0,True
zambia_ICT1110_2021,ukzn_ISTN101_2020,D3_other_institution,0,978,0.0,True
zambia_ICT1110_2021,ukzn_ISTN101_2021,D3_other_institution,0,741,0.0,True
zambia_ICT1110_2021,ukzn_ISTN102_2018,D3_other_institution,0,257,0.0,True
zambia_ICT1110_2021,ukzn_ISTN103_2019,D3_other_institution,0,1113,0.0,True
zambia_ICT1110_2021,ukzn_ISTN103_2020,D3_other_institution,0,1082,0.0,True
zambia_ICT1110_2021,ukzn_ISTN211_2019,D3_other_institution,0,280,0.0,True
zambia_ICT1110_2021,ukzn_ISTN211_2021,D3_other_institution,0,327,0.0,True
zambia_ICT1110_2021,ukzn_ISTN212_2018,D3_other_institution,0,238,0.0,True
zambia_ICT1110_2021,ukzn_ISTN212_2019,D3_other_institution,0,264,0.0,True
zambia_ICT1110_2021,ukzn_ISTN2IP_2018,D3_other_institution,0,99,0.0,True
zambia_ICT1110_2021,ukzn_ISTN2IP_2019,D3_other_institution,0,116,0.0,True
zambia_ICT1110_2021,ukzn_ISTN3ND_2018,D3_other_institution,0,144,0.0,True
zambia_ICT1110_2021,ukzn_ISTN3ND_2019,D3_other_institution,0,223,0.0,True
zambia_ICT1110_2021,ukzn_ISTN3SA_2018,D3_other_institution,0,141,0.0,True
zambia_ICT1110_2021,ukzn_ISTN3SA_2019,D3_other_institution,0,195,0.0,True
zambia_ICT1110_2021,zambia_ICT1110_2020,D1_same_module,0,65,0.0,True
zambia_ICT1110_2021,oviedo_C1112_1415,D3_other_institution,0,199,0.0,True
zambia_ICT1110_2021,oviedo_C1127_1415,D3_other_institution,0,106,0.0,True
zambia_ICT1110_2021,oviedo_C1200_1415,D3_other_institution,0,107,0.0,True
zambia_ICT1110_2021,oviedo_C1303_1415,D3_other_institution,0,112,0.0,True
zambia_ICT1110_2021,oviedo_C174_1415,D3_other_institution,0,96,0.0,True
zambia_ICT1110_2021,oviedo_C190_1415,D3_other_institution,0,112,0.0,True
zambia_ICT1110_2021,oviedo_C1978_1415,D3_other_institution,0,164,0.0,True
zambia_ICT1110_2021,oviedo_C2011_1415,D3_other_institution,0,120,0.0,True
zambia_ICT1110_2021,oviedo_C2024_1415,D3_other_institution,0,327,0.0,True
zambia_ICT1110_2021,oviedo_C2150_1415,D3_other_institution,0,106,0.0,True
zambia_ICT1110_2021,oviedo_C2271_1415,D3_other_institution,0,596,0.0,True
zambia_ICT1110_2021,oviedo_C2335_1415,D3_other_institution,0,428,0.0,True
zambia_ICT1110_2021,oviedo_C2406_1415,D3_other_institution,0,133,0.0,True
zambia_ICT1110_2021,oviedo_C2468_1415,D3_other_institution,0,82,0.0,True
zambia_ICT1110_2021,oviedo_C2607_1415,D3_other_institution,0,277,0.0,True
zambia_ICT1110_2021,oviedo_C3022_1415,D3_other_institution,0,238,0.0,True
zambia_ICT1110_2021,oviedo_C3029_1415,D3_other_institution,0,231,0.0,True
zambia_ICT1110_2021,oviedo_C4189_1415,D3_other_institution,0,128,0.0,True
zambia_ICT1110_2021,oviedo_C4213_1415,D3_other_institution,0,140,0.0,True
zambia_ICT1110_2021,oviedo_C836_1415,D3_other_institution,0,87,0.0,True
oviedo_C1112_1415,oulad_AAA_2013J,D3_other_institution,0,383,0.0,True
oviedo_C1112_1415,oulad_AAA_2014J,D3_other_institution,0,365,0.0,True
oviedo_C1112_1415,oulad_BBB_2013B,D3_other_institution,1,1767,0.0005659309564233164,True
oviedo_C1112_1415,oulad_BBB_2013J,D3_other_institution,0,2237,0.0,True
oviedo_C1112_1415,oulad_BBB_2014B,D3_other_institution,0,1613,0.0,True
oviedo_C1112_1415,oulad_BBB_2014J,D3_other_institution,0,2292,0.0,True
oviedo_C1112_1415,oulad_CCC_2014B,D3_other_institution,1,1936,0.0005165289256198347,True
oviedo_C1112_1415,oulad_CCC_2014J,D3_other_institution,0,2498,0.0,True
oviedo_C1112_1415,oulad_DDD_2013B,D3_other_institution,0,1303,0.0,True
oviedo_C1112_1415,oulad_DDD_2013J,D3_other_institution,0,1938,0.0,True
oviedo_C1112_1415,oulad_DDD_2014B,D3_other_institution,0,1228,0.0,True
oviedo_C1112_1415,oulad_DDD_2014J,D3_other_institution,0,1803,0.0,True
oviedo_C1112_1415,oulad_EEE_2013J,D3_other_institution,0,1052,0.0,True
oviedo_C1112_1415,oulad_EEE_2014B,D3_other_institution,0,694,0.0,True
oviedo_C1112_1415,oulad_EEE_2014J,D3_other_institution,0,1188,0.0,True
oviedo_C1112_1415,oulad_FFF_2013B,D3_other_institution,0,1614,0.0,True
oviedo_C1112_1415,oulad_FFF_2013J,D3_other_institution,0,2283,0.0,True
oviedo_C1112_1415,oulad_FFF_2014B,D3_other_institution,0,1500,0.0,True
oviedo_C1112_1415,oulad_FFF_2014J,D3_other_institution,0,2365,0.0,True
oviedo_C1112_1415,ku_Accountancy_1819,D3_other_institution,0,752,0.0,True
oviedo_C1112_1415,ku_Globaleconom_1819,D3_other_institution,0,743,0.0,True
oviedo_C1112_1415,ku_Accountancy_1920,D3_other_institution,0,705,0.0,True
oviedo_C1112_1415,ku_Globaleconom_1920,D3_other_institution,0,681,0.0,True
oviedo_C1112_1415,ku_Accountancy_2021,D3_other_institution,0,723,0.0,True
oviedo_C1112_1415,ku_Globaleconom_2021,D3_other_institution,0,335,0.0,True
oviedo_C1112_1415,ukzn_ISTN101_2019,D3_other_institution,0,1056,0.0,True
oviedo_C1112_1415,ukzn_ISTN101_2020,D3_other_institution,0,978,0.0,True
oviedo_C1112_1415,ukzn_ISTN101_2021,D3_other_institution,0,741,0.0,True
oviedo_C1112_1415,ukzn_ISTN102_2018,D3_other_institution,0,257,0.0,True
oviedo_C1112_1415,ukzn_ISTN103_2019,D3_other_institution,0,1113,0.0,True
oviedo_C1112_1415,ukzn_ISTN103_2020,D3_other_institution,0,1082,0.0,True
oviedo_C1112_1415,ukzn_ISTN211_2019,D3_other_institution,0,280,0.0,True
oviedo_C1112_1415,ukzn_ISTN211_2021,D3_other_institution,0,327,0.0,True
oviedo_C1112_1415,ukzn_ISTN212_2018,D3_other_institution,0,238,0.0,True
oviedo_C1112_1415,ukzn_ISTN212_2019,D3_other_institution,0,264,0.0,True
oviedo_C1112_1415,ukzn_ISTN2IP_2018,D3_other_institution,0,99,0.0,True
oviedo_C1112_1415,ukzn_ISTN2IP_2019,D3_other_institution,0,116,0.0,True
oviedo_C1112_1415,ukzn_ISTN3ND_2018,D3_other_institution,0,144,0.0,True
oviedo_C1112_1415,ukzn_ISTN3ND_2019,D3_other_institution,0,223,0.0,True
oviedo_C1112_1415,ukzn_ISTN3SA_2018,D3_other_institution,0,141,0.0,True
oviedo_C1112_1415,ukzn_ISTN3SA_2019,D3_other_institution,0,195,0.0,True
oviedo_C1112_1415,zambia_ICT1110_2020,D3_other_institution,0,65,0.0,True
oviedo_C1112_1415,zambia_ICT1110_2021,D3_other_institution,0,52,0.0,True
oviedo_C1112_1415,oviedo_C1127_1415,D2_other_module,95,106,0.8962264150943396,False
oviedo_C1112_1415,oviedo_C1200_1415,D2_other_module,0,107,0.0,True
oviedo_C1112_1415,oviedo_C1303_1415,D2_other_module,0,112,0.0,True
oviedo_C1112_1415,oviedo_C174_1415,D2_other_module,0,96,0.0,True
oviedo_C1112_1415,oviedo_C190_1415,D2_other_module,0,112,0.0,True
oviedo_C1112_1415,oviedo_C1978_1415,D2_other_module,0,164,0.0,True
oviedo_C1112_1415,oviedo_C2011_1415,D2_other_module,0,120,0.0,True
oviedo_C1112_1415,oviedo_C2024_1415,D2_other_module,0,327,0.0,True
oviedo_C1112_1415,oviedo_C2150_1415,D2_other_module,0,106,0.0,True
oviedo_C1112_1415,oviedo_C2271_1415,D2_other_module,0,596,0.0,True
oviedo_C1112_1415,oviedo_C2335_1415,D2_other_module,0,428,0.0,True
oviedo_C1112_1415,oviedo_C2406_1415,D2_other_module,0,133,0.0,True
oviedo_C1112_1415,oviedo_C2468_1415,D2_other_module,0,82,0.0,True
oviedo_C1112_1415,oviedo_C2607_1415,D2_other_module,0,277,0.0,True
oviedo_C1112_1415,oviedo_C3022_1415,D2_other_module,0,238,0.0,True
oviedo_C1112_1415,oviedo_C3029_1415,D2_other_module,0,231,0.0,True
oviedo_C1112_1415,oviedo_C4189_1415,D2_other_module,0,128,0.0,True
oviedo_C1112_1415,oviedo_C4213_1415,D2_other_module,0,140,0.0,True
oviedo_C1112_1415,oviedo_C836_1415,D2_other_module,0,87,0.0,True
oviedo_C1127_1415,oulad_AAA_2013J,D3_other_institution,0,383,0.0,True
oviedo_C1127_1415,oulad_AAA_2014J,D3_other_institution,0,365,0.0,True
oviedo_C1127_1415,oulad_BBB_2013B,D3_other_institution,1,1767,0.0005659309564233164,True
oviedo_C1127_1415,oulad_BBB_2013J,D3_other_institution,0,2237,0.0,True
oviedo_C1127_1415,oulad_BBB_2014B,D3_other_institution,0,1613,0.0,True
oviedo_C1127_1415,oulad_BBB_2014J,D3_other_institution,0,2292,0.0,True
oviedo_C1127_1415,oulad_CCC_2014B,D3_other_institution,1,1936,0.0005165289256198347,True
oviedo_C1127_1415,oulad_CCC_2014J,D3_other_institution,0,2498,0.0,True
oviedo_C1127_1415,oulad_DDD_2013B,D3_other_institution,0,1303,0.0,True
oviedo_C1127_1415,oulad_DDD_2013J,D3_other_institution,0,1938,0.0,True
oviedo_C1127_1415,oulad_DDD_2014B,D3_other_institution,0,1228,0.0,True
oviedo_C1127_1415,oulad_DDD_2014J,D3_other_institution,0,1803,0.0,True
oviedo_C1127_1415,oulad_EEE_2013J,D3_other_institution,0,1052,0.0,True
oviedo_C1127_1415,oulad_EEE_2014B,D3_other_institution,0,694,0.0,True
oviedo_C1127_1415,oulad_EEE_2014J,D3_other_institution,0,1188,0.0,True
oviedo_C1127_1415,oulad_FFF_2013B,D3_other_institution,0,1614,0.0,True
oviedo_C1127_1415,oulad_FFF_2013J,D3_other_institution,0,2283,0.0,True
oviedo_C1127_1415,oulad_FFF_2014B,D3_other_institution,0,1500,0.0,True
oviedo_C1127_1415,oulad_FFF_2014J,D3_other_institution,0,2365,0.0,True
oviedo_C1127_1415,ku_Accountancy_1819,D3_other_institution,0,752,0.0,True
oviedo_C1127_1415,ku_Globaleconom_1819,D3_other_institution,0,743,0.0,True
oviedo_C1127_1415,ku_Accountancy_1920,D3_other_institution,0,705,0.0,True
oviedo_C1127_1415,ku_Globaleconom_1920,D3_other_institution,0,681,0.0,True
oviedo_C1127_1415,ku_Accountancy_2021,D3_other_institution,0,723,0.0,True
oviedo_C1127_1415,ku_Globaleconom_2021,D3_other_institution,0,335,0.0,True
oviedo_C1127_1415,ukzn_ISTN101_2019,D3_other_institution,0,1056,0.0,True
oviedo_C1127_1415,ukzn_ISTN101_2020,D3_other_institution,0,978,0.0,True
oviedo_C1127_1415,ukzn_ISTN101_2021,D3_other_institution,0,741,0.0,True
oviedo_C1127_1415,ukzn_ISTN102_2018,D3_other_institution,0,257,0.0,True
oviedo_C1127_1415,ukzn_ISTN103_2019,D3_other_institution,0,1113,0.0,True
oviedo_C1127_1415,ukzn_ISTN103_2020,D3_other_institution,0,1082,0.0,True
oviedo_C1127_1415,ukzn_ISTN211_2019,D3_other_institution,0,280,0.0,True
oviedo_C1127_1415,ukzn_ISTN211_2021,D3_other_institution,0,327,0.0,True
oviedo_C1127_1415,ukzn_ISTN212_2018,D3_other_institution,0,238,0.0,True
oviedo_C1127_1415,ukzn_ISTN212_2019,D3_other_institution,0,264,0.0,True
oviedo_C1127_1415,ukzn_ISTN2IP_2018,D3_other_institution,0,99,0.0,True
oviedo_C1127_1415,ukzn_ISTN2IP_2019,D3_other_institution,0,116,0.0,True
oviedo_C1127_1415,ukzn_ISTN3ND_2018,D3_other_institution,0,144,0.0,True
oviedo_C1127_1415,ukzn_ISTN3ND_2019,D3_other_institution,0,223,0.0,True
oviedo_C1127_1415,ukzn_ISTN3SA_2018,D3_other_institution,0,141,0.0,True
oviedo_C1127_1415,ukzn_ISTN3SA_2019,D3_other_institution,0,195,0.0,True
oviedo_C1127_1415,zambia_ICT1110_2020,D3_other_institution,0,65,0.0,True
oviedo_C1127_1415,zambia_ICT1110_2021,D3_other_institution,0,52,0.0,True
oviedo_C1127_1415,oviedo_C1112_1415,D2_other_module,95,199,0.47738693467336685,False
oviedo_C1127_1415,oviedo_C1200_1415,D2_other_module,0,107,0.0,True
oviedo_C1127_1415,oviedo_C1303_1415,D2_other_module,0,112,0.0,True
oviedo_C1127_1415,oviedo_C174_1415,D2_other_module,0,96,0.0,True
oviedo_C1127_1415,oviedo_C190_1415,D2_other_module,0,112,0.0,True
oviedo_C1127_1415,oviedo_C1978_1415,D2_other_module,0,164,0.0,True
oviedo_C1127_1415,oviedo_C2011_1415,D2_other_module,0,120,0.0,True
oviedo_C1127_1415,oviedo_C2024_1415,D2_other_module,0,327,0.0,True
oviedo_C1127_1415,oviedo_C2150_1415,D2_other_module,0,106,0.0,True
oviedo_C1127_1415,oviedo_C2271_1415,D2_other_module,0,596,0.0,True
oviedo_C1127_1415,oviedo_C2335_1415,D2_other_module,0,428,0.0,True
oviedo_C1127_1415,oviedo_C2406_1415,D2_other_module,0,133,0.0,True
oviedo_C1127_1415,oviedo_C2468_1415,D2_other_module,0,82,0.0,True
oviedo_C1127_1415,oviedo_C2607_1415,D2_other_module,0,277,0.0,True
oviedo_C1127_1415,oviedo_C3022_1415,D2_other_module,0,238,0.0,True
oviedo_C1127_1415,oviedo_C3029_1415,D2_other_module,0,231,0.0,True
oviedo_C1127_1415,oviedo_C4189_1415,D2_other_module,0,128,0.0,True
oviedo_C1127_1415,oviedo_C4213_1415,D2_other_module,0,140,0.0,True
oviedo_C1127_1415,oviedo_C836_1415,D2_other_module,0,87,0.0,True
oviedo_C1200_1415,oulad_AAA_2013J,D3_other_institution,0,383,0.0,True
oviedo_C1200_1415,oulad_AAA_2014J,D3_other_institution,0,365,0.0,True
oviedo_C1200_1415,oulad_BBB_2013B,D3_other_institution,0,1767,0.0,True
oviedo_C1200_1415,oulad_BBB_2013J,D3_other_institution,0,2237,0.0,True
oviedo_C1200_1415,oulad_BBB_2014B,D3_other_institution,0,1613,0.0,True
oviedo_C1200_1415,oulad_BBB_2014J,D3_other_institution,0,2292,0.0,True
oviedo_C1200_1415,oulad_CCC_2014B,D3_other_institution,0,1936,0.0,True
oviedo_C1200_1415,oulad_CCC_2014J,D3_other_institution,0,2498,0.0,True
oviedo_C1200_1415,oulad_DDD_2013B,D3_other_institution,0,1303,0.0,True
oviedo_C1200_1415,oulad_DDD_2013J,D3_other_institution,0,1938,0.0,True
oviedo_C1200_1415,oulad_DDD_2014B,D3_other_institution,0,1228,0.0,True
oviedo_C1200_1415,oulad_DDD_2014J,D3_other_institution,0,1803,0.0,True
oviedo_C1200_1415,oulad_EEE_2013J,D3_other_institution,0,1052,0.0,True
oviedo_C1200_1415,oulad_EEE_2014B,D3_other_institution,0,694,0.0,True
oviedo_C1200_1415,oulad_EEE_2014J,D3_other_institution,0,1188,0.0,True
oviedo_C1200_1415,oulad_FFF_2013B,D3_other_institution,0,1614,0.0,True
oviedo_C1200_1415,oulad_FFF_2013J,D3_other_institution,0,2283,0.0,True
oviedo_C1200_1415,oulad_FFF_2014B,D3_other_institution,0,1500,0.0,True
oviedo_C1200_1415,oulad_FFF_2014J,D3_other_institution,0,2365,0.0,True
oviedo_C1200_1415,ku_Accountancy_1819,D3_other_institution,0,752,0.0,True
oviedo_C1200_1415,ku_Globaleconom_1819,D3_other_institution,0,743,0.0,True
oviedo_C1200_1415,ku_Accountancy_1920,D3_other_institution,0,705,0.0,True
oviedo_C1200_1415,ku_Globaleconom_1920,D3_other_institution,0,681,0.0,True
oviedo_C1200_1415,ku_Accountancy_2021,D3_other_institution,0,723,0.0,True
oviedo_C1200_1415,ku_Globaleconom_2021,D3_other_institution,0,335,0.0,True
oviedo_C1200_1415,ukzn_ISTN101_2019,D3_other_institution,0,1056,0.0,True
oviedo_C1200_1415,ukzn_ISTN101_2020,D3_other_institution,0,978,0.0,True
oviedo_C1200_1415,ukzn_ISTN101_2021,D3_other_institution,0,741,0.0,True
oviedo_C1200_1415,ukzn_ISTN102_2018,D3_other_institution,0,257,0.0,True
oviedo_C1200_1415,ukzn_ISTN103_2019,D3_other_institution,0,1113,0.0,True
oviedo_C1200_1415,ukzn_ISTN103_2020,D3_other_institution,0,1082,0.0,True
oviedo_C1200_1415,ukzn_ISTN211_2019,D3_other_institution,0,280,0.0,True
oviedo_C1200_1415,ukzn_ISTN211_2021,D3_other_institution,0,327,0.0,True
oviedo_C1200_1415,ukzn_ISTN212_2018,D3_other_institution,0,238,0.0,True
oviedo_C1200_1415,ukzn_ISTN212_2019,D3_other_institution,0,264,0.0,True
oviedo_C1200_1415,ukzn_ISTN2IP_2018,D3_other_institution,0,99,0.0,True
oviedo_C1200_1415,ukzn_ISTN2IP_2019,D3_other_institution,0,116,0.0,True
oviedo_C1200_1415,ukzn_ISTN3ND_2018,D3_other_institution,0,144,0.0,True
oviedo_C1200_1415,ukzn_ISTN3ND_2019,D3_other_institution,0,223,0.0,True
oviedo_C1200_1415,ukzn_ISTN3SA_2018,D3_other_institution,0,141,0.0,True
oviedo_C1200_1415,ukzn_ISTN3SA_2019,D3_other_institution,0,195,0.0,True
oviedo_C1200_1415,zambia_ICT1110_2020,D3_other_institution,0,65,0.0,True
oviedo_C1200_1415,zambia_ICT1110_2021,D3_other_institution,0,52,0.0,True
oviedo_C1200_1415,oviedo_C1112_1415,D2_other_module,0,199,0.0,True
oviedo_C1200_1415,oviedo_C1127_1415,D2_other_module,0,106,0.0,True
oviedo_C1200_1415,oviedo_C1303_1415,D2_other_module,0,112,0.0,True
oviedo_C1200_1415,oviedo_C174_1415,D2_other_module,0,96,0.0,True
oviedo_C1200_1415,oviedo_C190_1415,D2_other_module,0,112,0.0,True
oviedo_C1200_1415,oviedo_C1978_1415,D2_other_module,0,164,0.0,True
oviedo_C1200_1415,oviedo_C2011_1415,D2_other_module,0,120,0.0,True
oviedo_C1200_1415,oviedo_C2024_1415,D2_other_module,0,327,0.0,True
oviedo_C1200_1415,oviedo_C2150_1415,D2_other_module,0,106,0.0,True
oviedo_C1200_1415,oviedo_C2271_1415,D2_other_module,0,596,0.0,True
oviedo_C1200_1415,oviedo_C2335_1415,D2_other_module,0,428,0.0,True
oviedo_C1200_1415,oviedo_C2406_1415,D2_other_module,0,133,0.0,True
oviedo_C1200_1415,oviedo_C2468_1415,D2_other_module,0,82,0.0,True
oviedo_C1200_1415,oviedo_C2607_1415,D2_other_module,0,277,0.0,True
oviedo_C1200_1415,oviedo_C3022_1415,D2_other_module,0,238,0.0,True
oviedo_C1200_1415,oviedo_C3029_1415,D2_other_module,0,231,0.0,True
oviedo_C1200_1415,oviedo_C4189_1415,D2_other_module,0,128,0.0,True
oviedo_C1200_1415,oviedo_C4213_1415,D2_other_module,0,140,0.0,True
oviedo_C1200_1415,oviedo_C836_1415,D2_other_module,0,87,0.0,True
oviedo_C1303_1415,oulad_AAA_2013J,D3_other_institution,0,383,0.0,True
oviedo_C1303_1415,oulad_AAA_2014J,D3_other_institution,0,365,0.0,True
oviedo_C1303_1415,oulad_BBB_2013B,D3_other_institution,0,1767,0.0,True
oviedo_C1303_1415,oulad_BBB_2013J,D3_other_institution,0,2237,0.0,True
oviedo_C1303_1415,oulad_BBB_2014B,D3_other_institution,0,1613,0.0,True
oviedo_C1303_1415,oulad_BBB_2014J,D3_other_institution,0,2292,0.0,True
oviedo_C1303_1415,oulad_CCC_2014B,D3_other_institution,0,1936,0.0,True
oviedo_C1303_1415,oulad_CCC_2014J,D3_other_institution,0,2498,0.0,True
oviedo_C1303_1415,oulad_DDD_2013B,D3_other_institution,0,1303,0.0,True
oviedo_C1303_1415,oulad_DDD_2013J,D3_other_institution,0,1938,0.0,True
oviedo_C1303_1415,oulad_DDD_2014B,D3_other_institution,0,1228,0.0,True
oviedo_C1303_1415,oulad_DDD_2014J,D3_other_institution,0,1803,0.0,True
oviedo_C1303_1415,oulad_EEE_2013J,D3_other_institution,0,1052,0.0,True
oviedo_C1303_1415,oulad_EEE_2014B,D3_other_institution,0,694,0.0,True
oviedo_C1303_1415,oulad_EEE_2014J,D3_other_institution,0,1188,0.0,True
oviedo_C1303_1415,oulad_FFF_2013B,D3_other_institution,0,1614,0.0,True
oviedo_C1303_1415,oulad_FFF_2013J,D3_other_institution,0,2283,0.0,True
oviedo_C1303_1415,oulad_FFF_2014B,D3_other_institution,0,1500,0.0,True
oviedo_C1303_1415,oulad_FFF_2014J,D3_other_institution,0,2365,0.0,True
oviedo_C1303_1415,ku_Accountancy_1819,D3_other_institution,0,752,0.0,True
oviedo_C1303_1415,ku_Globaleconom_1819,D3_other_institution,0,743,0.0,True
oviedo_C1303_1415,ku_Accountancy_1920,D3_other_institution,0,705,0.0,True
oviedo_C1303_1415,ku_Globaleconom_1920,D3_other_institution,0,681,0.0,True
oviedo_C1303_1415,ku_Accountancy_2021,D3_other_institution,0,723,0.0,True
oviedo_C1303_1415,ku_Globaleconom_2021,D3_other_institution,0,335,0.0,True
oviedo_C1303_1415,ukzn_ISTN101_2019,D3_other_institution,0,1056,0.0,True
oviedo_C1303_1415,ukzn_ISTN101_2020,D3_other_institution,0,978,0.0,True
oviedo_C1303_1415,ukzn_ISTN101_2021,D3_other_institution,0,741,0.0,True
oviedo_C1303_1415,ukzn_ISTN102_2018,D3_other_institution,0,257,0.0,True
oviedo_C1303_1415,ukzn_ISTN103_2019,D3_other_institution,0,1113,0.0,True
oviedo_C1303_1415,ukzn_ISTN103_2020,D3_other_institution,0,1082,0.0,True
oviedo_C1303_1415,ukzn_ISTN211_2019,D3_other_institution,0,280,0.0,True
oviedo_C1303_1415,ukzn_ISTN211_2021,D3_other_institution,0,327,0.0,True
oviedo_C1303_1415,ukzn_ISTN212_2018,D3_other_institution,0,238,0.0,True
oviedo_C1303_1415,ukzn_ISTN212_2019,D3_other_institution,0,264,0.0,True
oviedo_C1303_1415,ukzn_ISTN2IP_2018,D3_other_institution,0,99,0.0,True
oviedo_C1303_1415,ukzn_ISTN2IP_2019,D3_other_institution,0,116,0.0,True
oviedo_C1303_1415,ukzn_ISTN3ND_2018,D3_other_institution,0,144,0.0,True
oviedo_C1303_1415,ukzn_ISTN3ND_2019,D3_other_institution,0,223,0.0,True
oviedo_C1303_1415,ukzn_ISTN3SA_2018,D3_other_institution,0,141,0.0,True
oviedo_C1303_1415,ukzn_ISTN3SA_2019,D3_other_institution,0,195,0.0,True
oviedo_C1303_1415,zambia_ICT1110_2020,D3_other_institution,0,65,0.0,True
oviedo_C1303_1415,zambia_ICT1110_2021,D3_other_institution,0,52,0.0,True
oviedo_C1303_1415,oviedo_C1112_1415,D2_other_module,0,199,0.0,True
oviedo_C1303_1415,oviedo_C1127_1415,D2_other_module,0,106,0.0,True
oviedo_C1303_1415,oviedo_C1200_1415,D2_other_module,0,107,0.0,True
oviedo_C1303_1415,oviedo_C174_1415,D2_other_module,0,96,0.0,True
oviedo_C1303_1415,oviedo_C190_1415,D2_other_module,0,112,0.0,True
oviedo_C1303_1415,oviedo_C1978_1415,D2_other_module,0,164,0.0,True
oviedo_C1303_1415,oviedo_C2011_1415,D2_other_module,0,120,0.0,True
oviedo_C1303_1415,oviedo_C2024_1415,D2_other_module,0,327,0.0,True
oviedo_C1303_1415,oviedo_C2150_1415,D2_other_module,86,106,0.8113207547169812,False
oviedo_C1303_1415,oviedo_C2271_1415,D2_other_module,0,596,0.0,True
oviedo_C1303_1415,oviedo_C2335_1415,D2_other_module,0,428,0.0,True
oviedo_C1303_1415,oviedo_C2406_1415,D2_other_module,0,133,0.0,True
oviedo_C1303_1415,oviedo_C2468_1415,D2_other_module,0,82,0.0,True
oviedo_C1303_1415,oviedo_C2607_1415,D2_other_module,0,277,0.0,True
oviedo_C1303_1415,oviedo_C3022_1415,D2_other_module,0,238,0.0,True
oviedo_C1303_1415,oviedo_C3029_1415,D2_other_module,0,231,0.0,True
oviedo_C1303_1415,oviedo_C4189_1415,D2_other_module,0,128,0.0,True
oviedo_C1303_1415,oviedo_C4213_1415,D2_other_module,0,140,0.0,True
oviedo_C1303_1415,oviedo_C836_1415,D2_other_module,0,87,0.0,True
oviedo_C174_1415,oulad_AAA_2013J,D3_other_institution,0,383,0.0,True
oviedo_C174_1415,oulad_AAA_2014J,D3_other_institution,0,365,0.0,True
oviedo_C174_1415,oulad_BBB_2013B,D3_other_institution,0,1767,0.0,True
oviedo_C174_1415,oulad_BBB_2013J,D3_other_institution,0,2237,0.0,True
oviedo_C174_1415,oulad_BBB_2014B,D3_other_institution,0,1613,0.0,True
oviedo_C174_1415,oulad_BBB_2014J,D3_other_institution,0,2292,0.0,True
oviedo_C174_1415,oulad_CCC_2014B,D3_other_institution,0,1936,0.0,True
oviedo_C174_1415,oulad_CCC_2014J,D3_other_institution,0,2498,0.0,True
oviedo_C174_1415,oulad_DDD_2013B,D3_other_institution,0,1303,0.0,True
oviedo_C174_1415,oulad_DDD_2013J,D3_other_institution,0,1938,0.0,True
oviedo_C174_1415,oulad_DDD_2014B,D3_other_institution,0,1228,0.0,True
oviedo_C174_1415,oulad_DDD_2014J,D3_other_institution,0,1803,0.0,True
oviedo_C174_1415,oulad_EEE_2013J,D3_other_institution,0,1052,0.0,True
oviedo_C174_1415,oulad_EEE_2014B,D3_other_institution,0,694,0.0,True
oviedo_C174_1415,oulad_EEE_2014J,D3_other_institution,0,1188,0.0,True
oviedo_C174_1415,oulad_FFF_2013B,D3_other_institution,0,1614,0.0,True
oviedo_C174_1415,oulad_FFF_2013J,D3_other_institution,0,2283,0.0,True
oviedo_C174_1415,oulad_FFF_2014B,D3_other_institution,0,1500,0.0,True
oviedo_C174_1415,oulad_FFF_2014J,D3_other_institution,0,2365,0.0,True
oviedo_C174_1415,ku_Accountancy_1819,D3_other_institution,0,752,0.0,True
oviedo_C174_1415,ku_Globaleconom_1819,D3_other_institution,0,743,0.0,True
oviedo_C174_1415,ku_Accountancy_1920,D3_other_institution,0,705,0.0,True
oviedo_C174_1415,ku_Globaleconom_1920,D3_other_institution,0,681,0.0,True
oviedo_C174_1415,ku_Accountancy_2021,D3_other_institution,0,723,0.0,True
oviedo_C174_1415,ku_Globaleconom_2021,D3_other_institution,0,335,0.0,True
oviedo_C174_1415,ukzn_ISTN101_2019,D3_other_institution,0,1056,0.0,True
oviedo_C174_1415,ukzn_ISTN101_2020,D3_other_institution,0,978,0.0,True
oviedo_C174_1415,ukzn_ISTN101_2021,D3_other_institution,0,741,0.0,True
oviedo_C174_1415,ukzn_ISTN102_2018,D3_other_institution,0,257,0.0,True
oviedo_C174_1415,ukzn_ISTN103_2019,D3_other_institution,0,1113,0.0,True
oviedo_C174_1415,ukzn_ISTN103_2020,D3_other_institution,0,1082,0.0,True
oviedo_C174_1415,ukzn_ISTN211_2019,D3_other_institution,0,280,0.0,True
oviedo_C174_1415,ukzn_ISTN211_2021,D3_other_institution,0,327,0.0,True
oviedo_C174_1415,ukzn_ISTN212_2018,D3_other_institution,0,238,0.0,True
oviedo_C174_1415,ukzn_ISTN212_2019,D3_other_institution,0,264,0.0,True
oviedo_C174_1415,ukzn_ISTN2IP_2018,D3_other_institution,0,99,0.0,True
oviedo_C174_1415,ukzn_ISTN2IP_2019,D3_other_institution,0,116,0.0,True
oviedo_C174_1415,ukzn_ISTN3ND_2018,D3_other_institution,0,144,0.0,True
oviedo_C174_1415,ukzn_ISTN3ND_2019,D3_other_institution,0,223,0.0,True
oviedo_C174_1415,ukzn_ISTN3SA_2018,D3_other_institution,0,141,0.0,True
oviedo_C174_1415,ukzn_ISTN3SA_2019,D3_other_institution,0,195,0.0,True
oviedo_C174_1415,zambia_ICT1110_2020,D3_other_institution,0,65,0.0,True
oviedo_C174_1415,zambia_ICT1110_2021,D3_other_institution,0,52,0.0,True
oviedo_C174_1415,oviedo_C1112_1415,D2_other_module,0,199,0.0,True
oviedo_C174_1415,oviedo_C1127_1415,D2_other_module,0,106,0.0,True
oviedo_C174_1415,oviedo_C1200_1415,D2_other_module,0,107,0.0,True
oviedo_C174_1415,oviedo_C1303_1415,D2_other_module,0,112,0.0,True
oviedo_C174_1415,oviedo_C190_1415,D2_other_module,90,112,0.8035714285714286,False
oviedo_C174_1415,oviedo_C1978_1415,D2_other_module,0,164,0.0,True
oviedo_C174_1415,oviedo_C2011_1415,D2_other_module,0,120,0.0,True
oviedo_C174_1415,oviedo_C2024_1415,D2_other_module,0,327,0.0,True
oviedo_C174_1415,oviedo_C2150_1415,D2_other_module,0,106,0.0,True
oviedo_C174_1415,oviedo_C2271_1415,D2_other_module,0,596,0.0,True
oviedo_C174_1415,oviedo_C2335_1415,D2_other_module,0,428,0.0,True
oviedo_C174_1415,oviedo_C2406_1415,D2_other_module,0,133,0.0,True
oviedo_C174_1415,oviedo_C2468_1415,D2_other_module,0,82,0.0,True
oviedo_C174_1415,oviedo_C2607_1415,D2_other_module,0,277,0.0,True
oviedo_C174_1415,oviedo_C3022_1415,D2_other_module,0,238,0.0,True
oviedo_C174_1415,oviedo_C3029_1415,D2_other_module,0,231,0.0,True
oviedo_C174_1415,oviedo_C4189_1415,D2_other_module,0,128,0.0,True
oviedo_C174_1415,oviedo_C4213_1415,D2_other_module,0,140,0.0,True
oviedo_C174_1415,oviedo_C836_1415,D2_other_module,0,87,0.0,True
oviedo_C190_1415,oulad_AAA_2013J,D3_other_institution,0,383,0.0,True
oviedo_C190_1415,oulad_AAA_2014J,D3_other_institution,0,365,0.0,True
oviedo_C190_1415,oulad_BBB_2013B,D3_other_institution,0,1767,0.0,True
oviedo_C190_1415,oulad_BBB_2013J,D3_other_institution,0,2237,0.0,True
oviedo_C190_1415,oulad_BBB_2014B,D3_other_institution,0,1613,0.0,True
oviedo_C190_1415,oulad_BBB_2014J,D3_other_institution,0,2292,0.0,True
oviedo_C190_1415,oulad_CCC_2014B,D3_other_institution,0,1936,0.0,True
oviedo_C190_1415,oulad_CCC_2014J,D3_other_institution,0,2498,0.0,True
oviedo_C190_1415,oulad_DDD_2013B,D3_other_institution,0,1303,0.0,True
oviedo_C190_1415,oulad_DDD_2013J,D3_other_institution,0,1938,0.0,True
oviedo_C190_1415,oulad_DDD_2014B,D3_other_institution,0,1228,0.0,True
oviedo_C190_1415,oulad_DDD_2014J,D3_other_institution,0,1803,0.0,True
oviedo_C190_1415,oulad_EEE_2013J,D3_other_institution,0,1052,0.0,True
oviedo_C190_1415,oulad_EEE_2014B,D3_other_institution,0,694,0.0,True
oviedo_C190_1415,oulad_EEE_2014J,D3_other_institution,0,1188,0.0,True
oviedo_C190_1415,oulad_FFF_2013B,D3_other_institution,0,1614,0.0,True
oviedo_C190_1415,oulad_FFF_2013J,D3_other_institution,0,2283,0.0,True
oviedo_C190_1415,oulad_FFF_2014B,D3_other_institution,0,1500,0.0,True
oviedo_C190_1415,oulad_FFF_2014J,D3_other_institution,0,2365,0.0,True
oviedo_C190_1415,ku_Accountancy_1819,D3_other_institution,0,752,0.0,True
oviedo_C190_1415,ku_Globaleconom_1819,D3_other_institution,0,743,0.0,True
oviedo_C190_1415,ku_Accountancy_1920,D3_other_institution,0,705,0.0,True
oviedo_C190_1415,ku_Globaleconom_1920,D3_other_institution,0,681,0.0,True
oviedo_C190_1415,ku_Accountancy_2021,D3_other_institution,0,723,0.0,True
oviedo_C190_1415,ku_Globaleconom_2021,D3_other_institution,0,335,0.0,True
oviedo_C190_1415,ukzn_ISTN101_2019,D3_other_institution,0,1056,0.0,True
oviedo_C190_1415,ukzn_ISTN101_2020,D3_other_institution,0,978,0.0,True
oviedo_C190_1415,ukzn_ISTN101_2021,D3_other_institution,0,741,0.0,True
oviedo_C190_1415,ukzn_ISTN102_2018,D3_other_institution,0,257,0.0,True
oviedo_C190_1415,ukzn_ISTN103_2019,D3_other_institution,0,1113,0.0,True
oviedo_C190_1415,ukzn_ISTN103_2020,D3_other_institution,0,1082,0.0,True
oviedo_C190_1415,ukzn_ISTN211_2019,D3_other_institution,0,280,0.0,True
oviedo_C190_1415,ukzn_ISTN211_2021,D3_other_institution,0,327,0.0,True
oviedo_C190_1415,ukzn_ISTN212_2018,D3_other_institution,0,238,0.0,True
oviedo_C190_1415,ukzn_ISTN212_2019,D3_other_institution,0,264,0.0,True
oviedo_C190_1415,ukzn_ISTN2IP_2018,D3_other_institution,0,99,0.0,True
oviedo_C190_1415,ukzn_ISTN2IP_2019,D3_other_institution,0,116,0.0,True
oviedo_C190_1415,ukzn_ISTN3ND_2018,D3_other_institution,0,144,0.0,True
oviedo_C190_1415,ukzn_ISTN3ND_2019,D3_other_institution,0,223,0.0,True
oviedo_C190_1415,ukzn_ISTN3SA_2018,D3_other_institution,0,141,0.0,True
oviedo_C190_1415,ukzn_ISTN3SA_2019,D3_other_institution,0,195,0.0,True
oviedo_C190_1415,zambia_ICT1110_2020,D3_other_institution,0,65,0.0,True
oviedo_C190_1415,zambia_ICT1110_2021,D3_other_institution,0,52,0.0,True
oviedo_C190_1415,oviedo_C1112_1415,D2_other_module,0,199,0.0,True
oviedo_C190_1415,oviedo_C1127_1415,D2_other_module,0,106,0.0,True
oviedo_C190_1415,oviedo_C1200_1415,D2_other_module,0,107,0.0,True
oviedo_C190_1415,oviedo_C1303_1415,D2_other_module,0,112,0.0,True
oviedo_C190_1415,oviedo_C174_1415,D2_other_module,90,96,0.9375,False
oviedo_C190_1415,oviedo_C1978_1415,D2_other_module,0,164,0.0,True
oviedo_C190_1415,oviedo_C2011_1415,D2_other_module,0,120,0.0,True
oviedo_C190_1415,oviedo_C2024_1415,D2_other_module,0,327,0.0,True
oviedo_C190_1415,oviedo_C2150_1415,D2_other_module,0,106,0.0,True
oviedo_C190_1415,oviedo_C2271_1415,D2_other_module,0,596,0.0,True
oviedo_C190_1415,oviedo_C2335_1415,D2_other_module,0,428,0.0,True
oviedo_C190_1415,oviedo_C2406_1415,D2_other_module,0,133,0.0,True
oviedo_C190_1415,oviedo_C2468_1415,D2_other_module,0,82,0.0,True
oviedo_C190_1415,oviedo_C2607_1415,D2_other_module,0,277,0.0,True
oviedo_C190_1415,oviedo_C3022_1415,D2_other_module,0,238,0.0,True
oviedo_C190_1415,oviedo_C3029_1415,D2_other_module,0,231,0.0,True
oviedo_C190_1415,oviedo_C4189_1415,D2_other_module,0,128,0.0,True
oviedo_C190_1415,oviedo_C4213_1415,D2_other_module,0,140,0.0,True
oviedo_C190_1415,oviedo_C836_1415,D2_other_module,0,87,0.0,True
oviedo_C1978_1415,oulad_AAA_2013J,D3_other_institution,0,383,0.0,True
oviedo_C1978_1415,oulad_AAA_2014J,D3_other_institution,0,365,0.0,True
oviedo_C1978_1415,oulad_BBB_2013B,D3_other_institution,0,1767,0.0,True
oviedo_C1978_1415,oulad_BBB_2013J,D3_other_institution,0,2237,0.0,True
oviedo_C1978_1415,oulad_BBB_2014B,D3_other_institution,0,1613,0.0,True
oviedo_C1978_1415,oulad_BBB_2014J,D3_other_institution,0,2292,0.0,True
oviedo_C1978_1415,oulad_CCC_2014B,D3_other_institution,0,1936,0.0,True
oviedo_C1978_1415,oulad_CCC_2014J,D3_other_institution,0,2498,0.0,True
oviedo_C1978_1415,oulad_DDD_2013B,D3_other_institution,0,1303,0.0,True
oviedo_C1978_1415,oulad_DDD_2013J,D3_other_institution,0,1938,0.0,True
oviedo_C1978_1415,oulad_DDD_2014B,D3_other_institution,0,1228,0.0,True
oviedo_C1978_1415,oulad_DDD_2014J,D3_other_institution,0,1803,0.0,True
oviedo_C1978_1415,oulad_EEE_2013J,D3_other_institution,0,1052,0.0,True
oviedo_C1978_1415,oulad_EEE_2014B,D3_other_institution,0,694,0.0,True
oviedo_C1978_1415,oulad_EEE_2014J,D3_other_institution,0,1188,0.0,True
oviedo_C1978_1415,oulad_FFF_2013B,D3_other_institution,0,1614,0.0,True
oviedo_C1978_1415,oulad_FFF_2013J,D3_other_institution,0,2283,0.0,True
oviedo_C1978_1415,oulad_FFF_2014B,D3_other_institution,0,1500,0.0,True
oviedo_C1978_1415,oulad_FFF_2014J,D3_other_institution,0,2365,0.0,True
oviedo_C1978_1415,ku_Accountancy_1819,D3_other_institution,0,752,0.0,True
oviedo_C1978_1415,ku_Globaleconom_1819,D3_other_institution,0,743,0.0,True
oviedo_C1978_1415,ku_Accountancy_1920,D3_other_institution,0,705,0.0,True
oviedo_C1978_1415,ku_Globaleconom_1920,D3_other_institution,0,681,0.0,True
oviedo_C1978_1415,ku_Accountancy_2021,D3_other_institution,0,723,0.0,True
oviedo_C1978_1415,ku_Globaleconom_2021,D3_other_institution,0,335,0.0,True
oviedo_C1978_1415,ukzn_ISTN101_2019,D3_other_institution,0,1056,0.0,True
oviedo_C1978_1415,ukzn_ISTN101_2020,D3_other_institution,0,978,0.0,True
oviedo_C1978_1415,ukzn_ISTN101_2021,D3_other_institution,0,741,0.0,True
oviedo_C1978_1415,ukzn_ISTN102_2018,D3_other_institution,0,257,0.0,True
oviedo_C1978_1415,ukzn_ISTN103_2019,D3_other_institution,0,1113,0.0,True
oviedo_C1978_1415,ukzn_ISTN103_2020,D3_other_institution,0,1082,0.0,True
oviedo_C1978_1415,ukzn_ISTN211_2019,D3_other_institution,0,280,0.0,True
oviedo_C1978_1415,ukzn_ISTN211_2021,D3_other_institution,0,327,0.0,True
oviedo_C1978_1415,ukzn_ISTN212_2018,D3_other_institution,0,238,0.0,True
oviedo_C1978_1415,ukzn_ISTN212_2019,D3_other_institution,0,264,0.0,True
oviedo_C1978_1415,ukzn_ISTN2IP_2018,D3_other_institution,0,99,0.0,True
oviedo_C1978_1415,ukzn_ISTN2IP_2019,D3_other_institution,0,116,0.0,True
oviedo_C1978_1415,ukzn_ISTN3ND_2018,D3_other_institution,0,144,0.0,True
oviedo_C1978_1415,ukzn_ISTN3ND_2019,D3_other_institution,0,223,0.0,True
oviedo_C1978_1415,ukzn_ISTN3SA_2018,D3_other_institution,0,141,0.0,True
oviedo_C1978_1415,ukzn_ISTN3SA_2019,D3_other_institution,0,195,0.0,True
oviedo_C1978_1415,zambia_ICT1110_2020,D3_other_institution,0,65,0.0,True
oviedo_C1978_1415,zambia_ICT1110_2021,D3_other_institution,0,52,0.0,True
oviedo_C1978_1415,oviedo_C1112_1415,D2_other_module,0,199,0.0,True
oviedo_C1978_1415,oviedo_C1127_1415,D2_other_module,0,106,0.0,True
oviedo_C1978_1415,oviedo_C1200_1415,D2_other_module,0,107,0.0,True
oviedo_C1978_1415,oviedo_C1303_1415,D2_other_module,0,112,0.0,True
oviedo_C1978_1415,oviedo_C174_1415,D2_other_module,0,96,0.0,True
oviedo_C1978_1415,oviedo_C190_1415,D2_other_module,0,112,0.0,True
oviedo_C1978_1415,oviedo_C2011_1415,D2_other_module,12,120,0.1,False
oviedo_C1978_1415,oviedo_C2024_1415,D2_other_module,0,327,0.0,True
oviedo_C1978_1415,oviedo_C2150_1415,D2_other_module,0,106,0.0,True
oviedo_C1978_1415,oviedo_C2271_1415,D2_other_module,0,596,0.0,True
oviedo_C1978_1415,oviedo_C2335_1415,D2_other_module,0,428,0.0,True
oviedo_C1978_1415,oviedo_C2406_1415,D2_other_module,0,133,0.0,True
oviedo_C1978_1415,oviedo_C2468_1415,D2_other_module,0,82,0.0,True
oviedo_C1978_1415,oviedo_C2607_1415,D2_other_module,0,277,0.0,True
oviedo_C1978_1415,oviedo_C3022_1415,D2_other_module,0,238,0.0,True
oviedo_C1978_1415,oviedo_C3029_1415,D2_other_module,0,231,0.0,True
oviedo_C1978_1415,oviedo_C4189_1415,D2_other_module,0,128,0.0,True
oviedo_C1978_1415,oviedo_C4213_1415,D2_other_module,0,140,0.0,True
oviedo_C1978_1415,oviedo_C836_1415,D2_other_module,0,87,0.0,True
oviedo_C2011_1415,oulad_AAA_2013J,D3_other_institution,0,383,0.0,True
oviedo_C2011_1415,oulad_AAA_2014J,D3_other_institution,0,365,0.0,True
oviedo_C2011_1415,oulad_BBB_2013B,D3_other_institution,1,1767,0.0005659309564233164,True
oviedo_C2011_1415,oulad_BBB_2013J,D3_other_institution,1,2237,0.0004470272686633885,True
oviedo_C2011_1415,oulad_BBB_2014B,D3_other_institution,0,1613,0.0,True
oviedo_C2011_1415,oulad_BBB_2014J,D3_other_institution,0,2292,0.0,True
oviedo_C2011_1415,oulad_CCC_2014B,D3_other_institution,0,1936,0.0,True
oviedo_C2011_1415,oulad_CCC_2014J,D3_other_institution,0,2498,0.0,True
oviedo_C2011_1415,oulad_DDD_2013B,D3_other_institution,0,1303,0.0,True
oviedo_C2011_1415,oulad_DDD_2013J,D3_other_institution,0,1938,0.0,True
oviedo_C2011_1415,oulad_DDD_2014B,D3_other_institution,0,1228,0.0,True
oviedo_C2011_1415,oulad_DDD_2014J,D3_other_institution,0,1803,0.0,True
oviedo_C2011_1415,oulad_EEE_2013J,D3_other_institution,0,1052,0.0,True
oviedo_C2011_1415,oulad_EEE_2014B,D3_other_institution,0,694,0.0,True
oviedo_C2011_1415,oulad_EEE_2014J,D3_other_institution,0,1188,0.0,True
oviedo_C2011_1415,oulad_FFF_2013B,D3_other_institution,0,1614,0.0,True
oviedo_C2011_1415,oulad_FFF_2013J,D3_other_institution,0,2283,0.0,True
oviedo_C2011_1415,oulad_FFF_2014B,D3_other_institution,0,1500,0.0,True
oviedo_C2011_1415,oulad_FFF_2014J,D3_other_institution,0,2365,0.0,True
oviedo_C2011_1415,ku_Accountancy_1819,D3_other_institution,0,752,0.0,True
oviedo_C2011_1415,ku_Globaleconom_1819,D3_other_institution,0,743,0.0,True
oviedo_C2011_1415,ku_Accountancy_1920,D3_other_institution,0,705,0.0,True
oviedo_C2011_1415,ku_Globaleconom_1920,D3_other_institution,0,681,0.0,True
oviedo_C2011_1415,ku_Accountancy_2021,D3_other_institution,0,723,0.0,True
oviedo_C2011_1415,ku_Globaleconom_2021,D3_other_institution,0,335,0.0,True
oviedo_C2011_1415,ukzn_ISTN101_2019,D3_other_institution,0,1056,0.0,True
oviedo_C2011_1415,ukzn_ISTN101_2020,D3_other_institution,0,978,0.0,True
oviedo_C2011_1415,ukzn_ISTN101_2021,D3_other_institution,0,741,0.0,True
oviedo_C2011_1415,ukzn_ISTN102_2018,D3_other_institution,0,257,0.0,True
oviedo_C2011_1415,ukzn_ISTN103_2019,D3_other_institution,0,1113,0.0,True
oviedo_C2011_1415,ukzn_ISTN103_2020,D3_other_institution,0,1082,0.0,True
oviedo_C2011_1415,ukzn_ISTN211_2019,D3_other_institution,0,280,0.0,True
oviedo_C2011_1415,ukzn_ISTN211_2021,D3_other_institution,0,327,0.0,True
oviedo_C2011_1415,ukzn_ISTN212_2018,D3_other_institution,0,238,0.0,True
oviedo_C2011_1415,ukzn_ISTN212_2019,D3_other_institution,0,264,0.0,True
oviedo_C2011_1415,ukzn_ISTN2IP_2018,D3_other_institution,0,99,0.0,True
oviedo_C2011_1415,ukzn_ISTN2IP_2019,D3_other_institution,0,116,0.0,True
oviedo_C2011_1415,ukzn_ISTN3ND_2018,D3_other_institution,0,144,0.0,True
oviedo_C2011_1415,ukzn_ISTN3ND_2019,D3_other_institution,0,223,0.0,True
oviedo_C2011_1415,ukzn_ISTN3SA_2018,D3_other_institution,0,141,0.0,True
oviedo_C2011_1415,ukzn_ISTN3SA_2019,D3_other_institution,0,195,0.0,True
oviedo_C2011_1415,zambia_ICT1110_2020,D3_other_institution,0,65,0.0,True
oviedo_C2011_1415,zambia_ICT1110_2021,D3_other_institution,0,52,0.0,True
oviedo_C2011_1415,oviedo_C1112_1415,D2_other_module,0,199,0.0,True
oviedo_C2011_1415,oviedo_C1127_1415,D2_other_module,0,106,0.0,True
oviedo_C2011_1415,oviedo_C1200_1415,D2_other_module,0,107,0.0,True
oviedo_C2011_1415,oviedo_C1303_1415,D2_other_module,0,112,0.0,True
oviedo_C2011_1415,oviedo_C174_1415,D2_other_module,0,96,0.0,True
oviedo_C2011_1415,oviedo_C190_1415,D2_other_module,0,112,0.0,True
oviedo_C2011_1415,oviedo_C1978_1415,D2_other_module,12,164,0.07317073170731707,False
oviedo_C2011_1415,oviedo_C2024_1415,D2_other_module,0,327,0.0,True
oviedo_C2011_1415,oviedo_C2150_1415,D2_other_module,0,106,0.0,True
oviedo_C2011_1415,oviedo_C2271_1415,D2_other_module,0,596,0.0,True
oviedo_C2011_1415,oviedo_C2335_1415,D2_other_module,0,428,0.0,True
oviedo_C2011_1415,oviedo_C2406_1415,D2_other_module,0,133,0.0,True
oviedo_C2011_1415,oviedo_C2468_1415,D2_other_module,0,82,0.0,True
oviedo_C2011_1415,oviedo_C2607_1415,D2_other_module,0,277,0.0,True
oviedo_C2011_1415,oviedo_C3022_1415,D2_other_module,0,238,0.0,True
oviedo_C2011_1415,oviedo_C3029_1415,D2_other_module,0,231,0.0,True
oviedo_C2011_1415,oviedo_C4189_1415,D2_other_module,0,128,0.0,True
oviedo_C2011_1415,oviedo_C4213_1415,D2_other_module,0,140,0.0,True
oviedo_C2011_1415,oviedo_C836_1415,D2_other_module,0,87,0.0,True
oviedo_C2024_1415,oulad_AAA_2013J,D3_other_institution,1,383,0.0026109660574412533,True
oviedo_C2024_1415,oulad_AAA_2014J,D3_other_institution,0,365,0.0,True
oviedo_C2024_1415,oulad_BBB_2013B,D3_other_institution,0,1767,0.0,True
oviedo_C2024_1415,oulad_BBB_2013J,D3_other_institution,0,2237,0.0,True
oviedo_C2024_1415,oulad_BBB_2014B,D3_other_institution,0,1613,0.0,True
oviedo_C2024_1415,oulad_BBB_2014J,D3_other_institution,0,2292,0.0,True
oviedo_C2024_1415,oulad_CCC_2014B,D3_other_institution,0,1936,0.0,True
oviedo_C2024_1415,oulad_CCC_2014J,D3_other_institution,1,2498,0.00040032025620496394,True
oviedo_C2024_1415,oulad_DDD_2013B,D3_other_institution,0,1303,0.0,True
oviedo_C2024_1415,oulad_DDD_2013J,D3_other_institution,0,1938,0.0,True
oviedo_C2024_1415,oulad_DDD_2014B,D3_other_institution,0,1228,0.0,True
oviedo_C2024_1415,oulad_DDD_2014J,D3_other_institution,0,1803,0.0,True
oviedo_C2024_1415,oulad_EEE_2013J,D3_other_institution,0,1052,0.0,True
oviedo_C2024_1415,oulad_EEE_2014B,D3_other_institution,0,694,0.0,True
oviedo_C2024_1415,oulad_EEE_2014J,D3_other_institution,1,1188,0.0008417508417508417,True
oviedo_C2024_1415,oulad_FFF_2013B,D3_other_institution,0,1614,0.0,True
oviedo_C2024_1415,oulad_FFF_2013J,D3_other_institution,0,2283,0.0,True
oviedo_C2024_1415,oulad_FFF_2014B,D3_other_institution,0,1500,0.0,True
oviedo_C2024_1415,oulad_FFF_2014J,D3_other_institution,1,2365,0.00042283298097251583,True
oviedo_C2024_1415,ku_Accountancy_1819,D3_other_institution,0,752,0.0,True
oviedo_C2024_1415,ku_Globaleconom_1819,D3_other_institution,0,743,0.0,True
oviedo_C2024_1415,ku_Accountancy_1920,D3_other_institution,0,705,0.0,True
oviedo_C2024_1415,ku_Globaleconom_1920,D3_other_institution,0,681,0.0,True
oviedo_C2024_1415,ku_Accountancy_2021,D3_other_institution,0,723,0.0,True
oviedo_C2024_1415,ku_Globaleconom_2021,D3_other_institution,0,335,0.0,True
oviedo_C2024_1415,ukzn_ISTN101_2019,D3_other_institution,0,1056,0.0,True
oviedo_C2024_1415,ukzn_ISTN101_2020,D3_other_institution,0,978,0.0,True
oviedo_C2024_1415,ukzn_ISTN101_2021,D3_other_institution,0,741,0.0,True
oviedo_C2024_1415,ukzn_ISTN102_2018,D3_other_institution,0,257,0.0,True
oviedo_C2024_1415,ukzn_ISTN103_2019,D3_other_institution,0,1113,0.0,True
oviedo_C2024_1415,ukzn_ISTN103_2020,D3_other_institution,0,1082,0.0,True
oviedo_C2024_1415,ukzn_ISTN211_2019,D3_other_institution,0,280,0.0,True
oviedo_C2024_1415,ukzn_ISTN211_2021,D3_other_institution,0,327,0.0,True
oviedo_C2024_1415,ukzn_ISTN212_2018,D3_other_institution,0,238,0.0,True
oviedo_C2024_1415,ukzn_ISTN212_2019,D3_other_institution,0,264,0.0,True
oviedo_C2024_1415,ukzn_ISTN2IP_2018,D3_other_institution,0,99,0.0,True
oviedo_C2024_1415,ukzn_ISTN2IP_2019,D3_other_institution,0,116,0.0,True
oviedo_C2024_1415,ukzn_ISTN3ND_2018,D3_other_institution,0,144,0.0,True
oviedo_C2024_1415,ukzn_ISTN3ND_2019,D3_other_institution,0,223,0.0,True
oviedo_C2024_1415,ukzn_ISTN3SA_2018,D3_other_institution,0,141,0.0,True
oviedo_C2024_1415,ukzn_ISTN3SA_2019,D3_other_institution,0,195,0.0,True
oviedo_C2024_1415,zambia_ICT1110_2020,D3_other_institution,0,65,0.0,True
oviedo_C2024_1415,zambia_ICT1110_2021,D3_other_institution,0,52,0.0,True
oviedo_C2024_1415,oviedo_C1112_1415,D2_other_module,0,199,0.0,True
oviedo_C2024_1415,oviedo_C1127_1415,D2_other_module,0,106,0.0,True
oviedo_C2024_1415,oviedo_C1200_1415,D2_other_module,0,107,0.0,True
oviedo_C2024_1415,oviedo_C1303_1415,D2_other_module,0,112,0.0,True
oviedo_C2024_1415,oviedo_C174_1415,D2_other_module,0,96,0.0,True
oviedo_C2024_1415,oviedo_C190_1415,D2_other_module,0,112,0.0,True
oviedo_C2024_1415,oviedo_C1978_1415,D2_other_module,0,164,0.0,True
oviedo_C2024_1415,oviedo_C2011_1415,D2_other_module,0,120,0.0,True
oviedo_C2024_1415,oviedo_C2150_1415,D2_other_module,0,106,0.0,True
oviedo_C2024_1415,oviedo_C2271_1415,D2_other_module,0,596,0.0,True
oviedo_C2024_1415,oviedo_C2335_1415,D2_other_module,192,428,0.4485981308411215,False
oviedo_C2024_1415,oviedo_C2406_1415,D2_other_module,12,133,0.09022556390977443,False
oviedo_C2024_1415,oviedo_C2468_1415,D2_other_module,0,82,0.0,True
oviedo_C2024_1415,oviedo_C2607_1415,D2_other_module,0,277,0.0,True
oviedo_C2024_1415,oviedo_C3022_1415,D2_other_module,0,238,0.0,True
oviedo_C2024_1415,oviedo_C3029_1415,D2_other_module,0,231,0.0,True
oviedo_C2024_1415,oviedo_C4189_1415,D2_other_module,0,128,0.0,True
oviedo_C2024_1415,oviedo_C4213_1415,D2_other_module,0,140,0.0,True
oviedo_C2024_1415,oviedo_C836_1415,D2_other_module,0,87,0.0,True
oviedo_C2150_1415,oulad_AAA_2013J,D3_other_institution,1,383,0.0026109660574412533,True
oviedo_C2150_1415,oulad_AAA_2014J,D3_other_institution,0,365,0.0,True
oviedo_C2150_1415,oulad_BBB_2013B,D3_other_institution,0,1767,0.0,True
oviedo_C2150_1415,oulad_BBB_2013J,D3_other_institution,0,2237,0.0,True
oviedo_C2150_1415,oulad_BBB_2014B,D3_other_institution,0,1613,0.0,True
oviedo_C2150_1415,oulad_BBB_2014J,D3_other_institution,0,2292,0.0,True
oviedo_C2150_1415,oulad_CCC_2014B,D3_other_institution,0,1936,0.0,True
oviedo_C2150_1415,oulad_CCC_2014J,D3_other_institution,0,2498,0.0,True
oviedo_C2150_1415,oulad_DDD_2013B,D3_other_institution,0,1303,0.0,True
oviedo_C2150_1415,oulad_DDD_2013J,D3_other_institution,0,1938,0.0,True
oviedo_C2150_1415,oulad_DDD_2014B,D3_other_institution,0,1228,0.0,True
oviedo_C2150_1415,oulad_DDD_2014J,D3_other_institution,0,1803,0.0,True
oviedo_C2150_1415,oulad_EEE_2013J,D3_other_institution,0,1052,0.0,True
oviedo_C2150_1415,oulad_EEE_2014B,D3_other_institution,0,694,0.0,True
oviedo_C2150_1415,oulad_EEE_2014J,D3_other_institution,0,1188,0.0,True
oviedo_C2150_1415,oulad_FFF_2013B,D3_other_institution,0,1614,0.0,True
oviedo_C2150_1415,oulad_FFF_2013J,D3_other_institution,0,2283,0.0,True
oviedo_C2150_1415,oulad_FFF_2014B,D3_other_institution,0,1500,0.0,True
oviedo_C2150_1415,oulad_FFF_2014J,D3_other_institution,0,2365,0.0,True
oviedo_C2150_1415,ku_Accountancy_1819,D3_other_institution,0,752,0.0,True
oviedo_C2150_1415,ku_Globaleconom_1819,D3_other_institution,0,743,0.0,True
oviedo_C2150_1415,ku_Accountancy_1920,D3_other_institution,0,705,0.0,True
oviedo_C2150_1415,ku_Globaleconom_1920,D3_other_institution,0,681,0.0,True
oviedo_C2150_1415,ku_Accountancy_2021,D3_other_institution,0,723,0.0,True
oviedo_C2150_1415,ku_Globaleconom_2021,D3_other_institution,0,335,0.0,True
oviedo_C2150_1415,ukzn_ISTN101_2019,D3_other_institution,0,1056,0.0,True
oviedo_C2150_1415,ukzn_ISTN101_2020,D3_other_institution,0,978,0.0,True
oviedo_C2150_1415,ukzn_ISTN101_2021,D3_other_institution,0,741,0.0,True
oviedo_C2150_1415,ukzn_ISTN102_2018,D3_other_institution,0,257,0.0,True
oviedo_C2150_1415,ukzn_ISTN103_2019,D3_other_institution,0,1113,0.0,True
oviedo_C2150_1415,ukzn_ISTN103_2020,D3_other_institution,0,1082,0.0,True
oviedo_C2150_1415,ukzn_ISTN211_2019,D3_other_institution,0,280,0.0,True
oviedo_C2150_1415,ukzn_ISTN211_2021,D3_other_institution,0,327,0.0,True
oviedo_C2150_1415,ukzn_ISTN212_2018,D3_other_institution,0,238,0.0,True
oviedo_C2150_1415,ukzn_ISTN212_2019,D3_other_institution,0,264,0.0,True
oviedo_C2150_1415,ukzn_ISTN2IP_2018,D3_other_institution,0,99,0.0,True
oviedo_C2150_1415,ukzn_ISTN2IP_2019,D3_other_institution,0,116,0.0,True
oviedo_C2150_1415,ukzn_ISTN3ND_2018,D3_other_institution,0,144,0.0,True
oviedo_C2150_1415,ukzn_ISTN3ND_2019,D3_other_institution,0,223,0.0,True
oviedo_C2150_1415,ukzn_ISTN3SA_2018,D3_other_institution,0,141,0.0,True
oviedo_C2150_1415,ukzn_ISTN3SA_2019,D3_other_institution,0,195,0.0,True
oviedo_C2150_1415,zambia_ICT1110_2020,D3_other_institution,0,65,0.0,True
oviedo_C2150_1415,zambia_ICT1110_2021,D3_other_institution,0,52,0.0,True
oviedo_C2150_1415,oviedo_C1112_1415,D2_other_module,0,199,0.0,True
oviedo_C2150_1415,oviedo_C1127_1415,D2_other_module,0,106,0.0,True
oviedo_C2150_1415,oviedo_C1200_1415,D2_other_module,0,107,0.0,True
oviedo_C2150_1415,oviedo_C1303_1415,D2_other_module,86,112,0.7678571428571429,False
oviedo_C2150_1415,oviedo_C174_1415,D2_other_module,0,96,0.0,True
oviedo_C2150_1415,oviedo_C190_1415,D2_other_module,0,112,0.0,True
oviedo_C2150_1415,oviedo_C1978_1415,D2_other_module,0,164,0.0,True
oviedo_C2150_1415,oviedo_C2011_1415,D2_other_module,0,120,0.0,True
oviedo_C2150_1415,oviedo_C2024_1415,D2_other_module,0,327,0.0,True
oviedo_C2150_1415,oviedo_C2271_1415,D2_other_module,0,596,0.0,True
oviedo_C2150_1415,oviedo_C2335_1415,D2_other_module,0,428,0.0,True
oviedo_C2150_1415,oviedo_C2406_1415,D2_other_module,0,133,0.0,True
oviedo_C2150_1415,oviedo_C2468_1415,D2_other_module,0,82,0.0,True
oviedo_C2150_1415,oviedo_C2607_1415,D2_other_module,0,277,0.0,True
oviedo_C2150_1415,oviedo_C3022_1415,D2_other_module,0,238,0.0,True
oviedo_C2150_1415,oviedo_C3029_1415,D2_other_module,0,231,0.0,True
oviedo_C2150_1415,oviedo_C4189_1415,D2_other_module,0,128,0.0,True
oviedo_C2150_1415,oviedo_C4213_1415,D2_other_module,0,140,0.0,True
oviedo_C2150_1415,oviedo_C836_1415,D2_other_module,0,87,0.0,True
oviedo_C2271_1415,oulad_AAA_2013J,D3_other_institution,1,383,0.0026109660574412533,True
oviedo_C2271_1415,oulad_AAA_2014J,D3_other_institution,0,365,0.0,True
oviedo_C2271_1415,oulad_BBB_2013B,D3_other_institution,1,1767,0.0005659309564233164,True
oviedo_C2271_1415,oulad_BBB_2013J,D3_other_institution,1,2237,0.0004470272686633885,True
oviedo_C2271_1415,oulad_BBB_2014B,D3_other_institution,0,1613,0.0,True
oviedo_C2271_1415,oulad_BBB_2014J,D3_other_institution,1,2292,0.0004363001745200698,True
oviedo_C2271_1415,oulad_CCC_2014B,D3_other_institution,0,1936,0.0,True
oviedo_C2271_1415,oulad_CCC_2014J,D3_other_institution,0,2498,0.0,True
oviedo_C2271_1415,oulad_DDD_2013B,D3_other_institution,1,1303,0.0007674597083653108,True
oviedo_C2271_1415,oulad_DDD_2013J,D3_other_institution,1,1938,0.0005159958720330237,True
oviedo_C2271_1415,oulad_DDD_2014B,D3_other_institution,1,1228,0.0008143322475570033,True
oviedo_C2271_1415,oulad_DDD_2014J,D3_other_institution,0,1803,0.0,True
oviedo_C2271_1415,oulad_EEE_2013J,D3_other_institution,0,1052,0.0,True
oviedo_C2271_1415,oulad_EEE_2014B,D3_other_institution,1,694,0.001440922190201729,True
oviedo_C2271_1415,oulad_EEE_2014J,D3_other_institution,0,1188,0.0,True
oviedo_C2271_1415,oulad_FFF_2013B,D3_other_institution,0,1614,0.0,True
oviedo_C2271_1415,oulad_FFF_2013J,D3_other_institution,1,2283,0.0004380201489268506,True
oviedo_C2271_1415,oulad_FFF_2014B,D3_other_institution,0,1500,0.0,True
oviedo_C2271_1415,oulad_FFF_2014J,D3_other_institution,0,2365,0.0,True
oviedo_C2271_1415,ku_Accountancy_1819,D3_other_institution,0,752,0.0,True
oviedo_C2271_1415,ku_Globaleconom_1819,D3_other_institution,0,743,0.0,True
oviedo_C2271_1415,ku_Accountancy_1920,D3_other_institution,0,705,0.0,True
oviedo_C2271_1415,ku_Globaleconom_1920,D3_other_institution,0,681,0.0,True
oviedo_C2271_1415,ku_Accountancy_2021,D3_other_institution,0,723,0.0,True
oviedo_C2271_1415,ku_Globaleconom_2021,D3_other_institution,0,335,0.0,True
oviedo_C2271_1415,ukzn_ISTN101_2019,D3_other_institution,0,1056,0.0,True
oviedo_C2271_1415,ukzn_ISTN101_2020,D3_other_institution,0,978,0.0,True
oviedo_C2271_1415,ukzn_ISTN101_2021,D3_other_institution,0,741,0.0,True
oviedo_C2271_1415,ukzn_ISTN102_2018,D3_other_institution,0,257,0.0,True
oviedo_C2271_1415,ukzn_ISTN103_2019,D3_other_institution,0,1113,0.0,True
oviedo_C2271_1415,ukzn_ISTN103_2020,D3_other_institution,0,1082,0.0,True
oviedo_C2271_1415,ukzn_ISTN211_2019,D3_other_institution,0,280,0.0,True
oviedo_C2271_1415,ukzn_ISTN211_2021,D3_other_institution,0,327,0.0,True
oviedo_C2271_1415,ukzn_ISTN212_2018,D3_other_institution,0,238,0.0,True
oviedo_C2271_1415,ukzn_ISTN212_2019,D3_other_institution,0,264,0.0,True
oviedo_C2271_1415,ukzn_ISTN2IP_2018,D3_other_institution,0,99,0.0,True
oviedo_C2271_1415,ukzn_ISTN2IP_2019,D3_other_institution,0,116,0.0,True
oviedo_C2271_1415,ukzn_ISTN3ND_2018,D3_other_institution,0,144,0.0,True
oviedo_C2271_1415,ukzn_ISTN3ND_2019,D3_other_institution,0,223,0.0,True
oviedo_C2271_1415,ukzn_ISTN3SA_2018,D3_other_institution,0,141,0.0,True
oviedo_C2271_1415,ukzn_ISTN3SA_2019,D3_other_institution,0,195,0.0,True
oviedo_C2271_1415,zambia_ICT1110_2020,D3_other_institution,0,65,0.0,True
oviedo_C2271_1415,zambia_ICT1110_2021,D3_other_institution,0,52,0.0,True
oviedo_C2271_1415,oviedo_C1112_1415,D2_other_module,0,199,0.0,True
oviedo_C2271_1415,oviedo_C1127_1415,D2_other_module,0,106,0.0,True
oviedo_C2271_1415,oviedo_C1200_1415,D2_other_module,0,107,0.0,True
oviedo_C2271_1415,oviedo_C1303_1415,D2_other_module,0,112,0.0,True
oviedo_C2271_1415,oviedo_C174_1415,D2_other_module,0,96,0.0,True
oviedo_C2271_1415,oviedo_C190_1415,D2_other_module,0,112,0.0,True
oviedo_C2271_1415,oviedo_C1978_1415,D2_other_module,0,164,0.0,True
oviedo_C2271_1415,oviedo_C2011_1415,D2_other_module,0,120,0.0,True
oviedo_C2271_1415,oviedo_C2024_1415,D2_other_module,0,327,0.0,True
oviedo_C2271_1415,oviedo_C2150_1415,D2_other_module,0,106,0.0,True
oviedo_C2271_1415,oviedo_C2335_1415,D2_other_module,0,428,0.0,True
oviedo_C2271_1415,oviedo_C2406_1415,D2_other_module,0,133,0.0,True
oviedo_C2271_1415,oviedo_C2468_1415,D2_other_module,0,82,0.0,True
oviedo_C2271_1415,oviedo_C2607_1415,D2_other_module,0,277,0.0,True
oviedo_C2271_1415,oviedo_C3022_1415,D2_other_module,0,238,0.0,True
oviedo_C2271_1415,oviedo_C3029_1415,D2_other_module,0,231,0.0,True
oviedo_C2271_1415,oviedo_C4189_1415,D2_other_module,0,128,0.0,True
oviedo_C2271_1415,oviedo_C4213_1415,D2_other_module,20,140,0.14285714285714285,False
oviedo_C2271_1415,oviedo_C836_1415,D2_other_module,0,87,0.0,True
oviedo_C2335_1415,oulad_AAA_2013J,D3_other_institution,0,383,0.0,True
oviedo_C2335_1415,oulad_AAA_2014J,D3_other_institution,0,365,0.0,True
oviedo_C2335_1415,oulad_BBB_2013B,D3_other_institution,0,1767,0.0,True
oviedo_C2335_1415,oulad_BBB_2013J,D3_other_institution,0,2237,0.0,True
oviedo_C2335_1415,oulad_BBB_2014B,D3_other_institution,0,1613,0.0,True
oviedo_C2335_1415,oulad_BBB_2014J,D3_other_institution,0,2292,0.0,True
oviedo_C2335_1415,oulad_CCC_2014B,D3_other_institution,0,1936,0.0,True
oviedo_C2335_1415,oulad_CCC_2014J,D3_other_institution,1,2498,0.00040032025620496394,True
oviedo_C2335_1415,oulad_DDD_2013B,D3_other_institution,0,1303,0.0,True
oviedo_C2335_1415,oulad_DDD_2013J,D3_other_institution,0,1938,0.0,True
oviedo_C2335_1415,oulad_DDD_2014B,D3_other_institution,0,1228,0.0,True
oviedo_C2335_1415,oulad_DDD_2014J,D3_other_institution,0,1803,0.0,True
oviedo_C2335_1415,oulad_EEE_2013J,D3_other_institution,0,1052,0.0,True
oviedo_C2335_1415,oulad_EEE_2014B,D3_other_institution,0,694,0.0,True
oviedo_C2335_1415,oulad_EEE_2014J,D3_other_institution,1,1188,0.0008417508417508417,True
oviedo_C2335_1415,oulad_FFF_2013B,D3_other_institution,0,1614,0.0,True
oviedo_C2335_1415,oulad_FFF_2013J,D3_other_institution,0,2283,0.0,True
oviedo_C2335_1415,oulad_FFF_2014B,D3_other_institution,0,1500,0.0,True
oviedo_C2335_1415,oulad_FFF_2014J,D3_other_institution,0,2365,0.0,True
oviedo_C2335_1415,ku_Accountancy_1819,D3_other_institution,0,752,0.0,True
oviedo_C2335_1415,ku_Globaleconom_1819,D3_other_institution,0,743,0.0,True
oviedo_C2335_1415,ku_Accountancy_1920,D3_other_institution,0,705,0.0,True
oviedo_C2335_1415,ku_Globaleconom_1920,D3_other_institution,0,681,0.0,True
oviedo_C2335_1415,ku_Accountancy_2021,D3_other_institution,0,723,0.0,True
oviedo_C2335_1415,ku_Globaleconom_2021,D3_other_institution,0,335,0.0,True
oviedo_C2335_1415,ukzn_ISTN101_2019,D3_other_institution,0,1056,0.0,True
oviedo_C2335_1415,ukzn_ISTN101_2020,D3_other_institution,0,978,0.0,True
oviedo_C2335_1415,ukzn_ISTN101_2021,D3_other_institution,0,741,0.0,True
oviedo_C2335_1415,ukzn_ISTN102_2018,D3_other_institution,0,257,0.0,True
oviedo_C2335_1415,ukzn_ISTN103_2019,D3_other_institution,0,1113,0.0,True
oviedo_C2335_1415,ukzn_ISTN103_2020,D3_other_institution,0,1082,0.0,True
oviedo_C2335_1415,ukzn_ISTN211_2019,D3_other_institution,0,280,0.0,True
oviedo_C2335_1415,ukzn_ISTN211_2021,D3_other_institution,0,327,0.0,True
oviedo_C2335_1415,ukzn_ISTN212_2018,D3_other_institution,0,238,0.0,True
oviedo_C2335_1415,ukzn_ISTN212_2019,D3_other_institution,0,264,0.0,True
oviedo_C2335_1415,ukzn_ISTN2IP_2018,D3_other_institution,0,99,0.0,True
oviedo_C2335_1415,ukzn_ISTN2IP_2019,D3_other_institution,0,116,0.0,True
oviedo_C2335_1415,ukzn_ISTN3ND_2018,D3_other_institution,0,144,0.0,True
oviedo_C2335_1415,ukzn_ISTN3ND_2019,D3_other_institution,0,223,0.0,True
oviedo_C2335_1415,ukzn_ISTN3SA_2018,D3_other_institution,0,141,0.0,True
oviedo_C2335_1415,ukzn_ISTN3SA_2019,D3_other_institution,0,195,0.0,True
oviedo_C2335_1415,zambia_ICT1110_2020,D3_other_institution,0,65,0.0,True
oviedo_C2335_1415,zambia_ICT1110_2021,D3_other_institution,0,52,0.0,True
oviedo_C2335_1415,oviedo_C1112_1415,D2_other_module,0,199,0.0,True
oviedo_C2335_1415,oviedo_C1127_1415,D2_other_module,0,106,0.0,True
oviedo_C2335_1415,oviedo_C1200_1415,D2_other_module,0,107,0.0,True
oviedo_C2335_1415,oviedo_C1303_1415,D2_other_module,0,112,0.0,True
oviedo_C2335_1415,oviedo_C174_1415,D2_other_module,0,96,0.0,True
oviedo_C2335_1415,oviedo_C190_1415,D2_other_module,0,112,0.0,True
oviedo_C2335_1415,oviedo_C1978_1415,D2_other_module,0,164,0.0,True
oviedo_C2335_1415,oviedo_C2011_1415,D2_other_module,0,120,0.0,True
oviedo_C2335_1415,oviedo_C2024_1415,D2_other_module,192,327,0.5871559633027523,False
oviedo_C2335_1415,oviedo_C2150_1415,D2_other_module,0,106,0.0,True
oviedo_C2335_1415,oviedo_C2271_1415,D2_other_module,0,596,0.0,True
oviedo_C2335_1415,oviedo_C2406_1415,D2_other_module,13,133,0.09774436090225563,False
oviedo_C2335_1415,oviedo_C2468_1415,D2_other_module,0,82,0.0,True
oviedo_C2335_1415,oviedo_C2607_1415,D2_other_module,0,277,0.0,True
oviedo_C2335_1415,oviedo_C3022_1415,D2_other_module,0,238,0.0,True
oviedo_C2335_1415,oviedo_C3029_1415,D2_other_module,0,231,0.0,True
oviedo_C2335_1415,oviedo_C4189_1415,D2_other_module,0,128,0.0,True
oviedo_C2335_1415,oviedo_C4213_1415,D2_other_module,0,140,0.0,True
oviedo_C2335_1415,oviedo_C836_1415,D2_other_module,0,87,0.0,True
oviedo_C2406_1415,oulad_AAA_2013J,D3_other_institution,0,383,0.0,True
oviedo_C2406_1415,oulad_AAA_2014J,D3_other_institution,0,365,0.0,True
oviedo_C2406_1415,oulad_BBB_2013B,D3_other_institution,0,1767,0.0,True
oviedo_C2406_1415,oulad_BBB_2013J,D3_other_institution,0,2237,0.0,True
oviedo_C2406_1415,oulad_BBB_2014B,D3_other_institution,0,1613,0.0,True
oviedo_C2406_1415,oulad_BBB_2014J,D3_other_institution,0,2292,0.0,True
oviedo_C2406_1415,oulad_CCC_2014B,D3_other_institution,0,1936,0.0,True
oviedo_C2406_1415,oulad_CCC_2014J,D3_other_institution,0,2498,0.0,True
oviedo_C2406_1415,oulad_DDD_2013B,D3_other_institution,0,1303,0.0,True
oviedo_C2406_1415,oulad_DDD_2013J,D3_other_institution,0,1938,0.0,True
oviedo_C2406_1415,oulad_DDD_2014B,D3_other_institution,0,1228,0.0,True
oviedo_C2406_1415,oulad_DDD_2014J,D3_other_institution,0,1803,0.0,True
oviedo_C2406_1415,oulad_EEE_2013J,D3_other_institution,0,1052,0.0,True
oviedo_C2406_1415,oulad_EEE_2014B,D3_other_institution,0,694,0.0,True
oviedo_C2406_1415,oulad_EEE_2014J,D3_other_institution,0,1188,0.0,True
oviedo_C2406_1415,oulad_FFF_2013B,D3_other_institution,0,1614,0.0,True
oviedo_C2406_1415,oulad_FFF_2013J,D3_other_institution,0,2283,0.0,True
oviedo_C2406_1415,oulad_FFF_2014B,D3_other_institution,0,1500,0.0,True
oviedo_C2406_1415,oulad_FFF_2014J,D3_other_institution,2,2365,0.0008456659619450317,True
oviedo_C2406_1415,ku_Accountancy_1819,D3_other_institution,0,752,0.0,True
oviedo_C2406_1415,ku_Globaleconom_1819,D3_other_institution,0,743,0.0,True
oviedo_C2406_1415,ku_Accountancy_1920,D3_other_institution,0,705,0.0,True
oviedo_C2406_1415,ku_Globaleconom_1920,D3_other_institution,0,681,0.0,True
oviedo_C2406_1415,ku_Accountancy_2021,D3_other_institution,0,723,0.0,True
oviedo_C2406_1415,ku_Globaleconom_2021,D3_other_institution,0,335,0.0,True
oviedo_C2406_1415,ukzn_ISTN101_2019,D3_other_institution,0,1056,0.0,True
oviedo_C2406_1415,ukzn_ISTN101_2020,D3_other_institution,0,978,0.0,True
oviedo_C2406_1415,ukzn_ISTN101_2021,D3_other_institution,0,741,0.0,True
oviedo_C2406_1415,ukzn_ISTN102_2018,D3_other_institution,0,257,0.0,True
oviedo_C2406_1415,ukzn_ISTN103_2019,D3_other_institution,0,1113,0.0,True
oviedo_C2406_1415,ukzn_ISTN103_2020,D3_other_institution,0,1082,0.0,True
oviedo_C2406_1415,ukzn_ISTN211_2019,D3_other_institution,0,280,0.0,True
oviedo_C2406_1415,ukzn_ISTN211_2021,D3_other_institution,0,327,0.0,True
oviedo_C2406_1415,ukzn_ISTN212_2018,D3_other_institution,0,238,0.0,True
oviedo_C2406_1415,ukzn_ISTN212_2019,D3_other_institution,0,264,0.0,True
oviedo_C2406_1415,ukzn_ISTN2IP_2018,D3_other_institution,0,99,0.0,True
oviedo_C2406_1415,ukzn_ISTN2IP_2019,D3_other_institution,0,116,0.0,True
oviedo_C2406_1415,ukzn_ISTN3ND_2018,D3_other_institution,0,144,0.0,True
oviedo_C2406_1415,ukzn_ISTN3ND_2019,D3_other_institution,0,223,0.0,True
oviedo_C2406_1415,ukzn_ISTN3SA_2018,D3_other_institution,0,141,0.0,True
oviedo_C2406_1415,ukzn_ISTN3SA_2019,D3_other_institution,0,195,0.0,True
oviedo_C2406_1415,zambia_ICT1110_2020,D3_other_institution,0,65,0.0,True
oviedo_C2406_1415,zambia_ICT1110_2021,D3_other_institution,0,52,0.0,True
oviedo_C2406_1415,oviedo_C1112_1415,D2_other_module,0,199,0.0,True
oviedo_C2406_1415,oviedo_C1127_1415,D2_other_module,0,106,0.0,True
oviedo_C2406_1415,oviedo_C1200_1415,D2_other_module,0,107,0.0,True
oviedo_C2406_1415,oviedo_C1303_1415,D2_other_module,0,112,0.0,True
oviedo_C2406_1415,oviedo_C174_1415,D2_other_module,0,96,0.0,True
oviedo_C2406_1415,oviedo_C190_1415,D2_other_module,0,112,0.0,True
oviedo_C2406_1415,oviedo_C1978_1415,D2_other_module,0,164,0.0,True
oviedo_C2406_1415,oviedo_C2011_1415,D2_other_module,0,120,0.0,True
oviedo_C2406_1415,oviedo_C2024_1415,D2_other_module,12,327,0.03669724770642202,False
oviedo_C2406_1415,oviedo_C2150_1415,D2_other_module,0,106,0.0,True
oviedo_C2406_1415,oviedo_C2271_1415,D2_other_module,0,596,0.0,True
oviedo_C2406_1415,oviedo_C2335_1415,D2_other_module,13,428,0.030373831775700934,False
oviedo_C2406_1415,oviedo_C2468_1415,D2_other_module,0,82,0.0,True
oviedo_C2406_1415,oviedo_C2607_1415,D2_other_module,0,277,0.0,True
oviedo_C2406_1415,oviedo_C3022_1415,D2_other_module,0,238,0.0,True
oviedo_C2406_1415,oviedo_C3029_1415,D2_other_module,0,231,0.0,True
oviedo_C2406_1415,oviedo_C4189_1415,D2_other_module,0,128,0.0,True
oviedo_C2406_1415,oviedo_C4213_1415,D2_other_module,0,140,0.0,True
oviedo_C2406_1415,oviedo_C836_1415,D2_other_module,0,87,0.0,True
oviedo_C2468_1415,oulad_AAA_2013J,D3_other_institution,0,383,0.0,True
oviedo_C2468_1415,oulad_AAA_2014J,D3_other_institution,0,365,0.0,True
oviedo_C2468_1415,oulad_BBB_2013B,D3_other_institution,0,1767,0.0,True
oviedo_C2468_1415,oulad_BBB_2013J,D3_other_institution,0,2237,0.0,True
oviedo_C2468_1415,oulad_BBB_2014B,D3_other_institution,0,1613,0.0,True
oviedo_C2468_1415,oulad_BBB_2014J,D3_other_institution,1,2292,0.0004363001745200698,True
oviedo_C2468_1415,oulad_CCC_2014B,D3_other_institution,0,1936,0.0,True
oviedo_C2468_1415,oulad_CCC_2014J,D3_other_institution,0,2498,0.0,True
oviedo_C2468_1415,oulad_DDD_2013B,D3_other_institution,0,1303,0.0,True
oviedo_C2468_1415,oulad_DDD_2013J,D3_other_institution,0,1938,0.0,True
oviedo_C2468_1415,oulad_DDD_2014B,D3_other_institution,0,1228,0.0,True
oviedo_C2468_1415,oulad_DDD_2014J,D3_other_institution,0,1803,0.0,True
oviedo_C2468_1415,oulad_EEE_2013J,D3_other_institution,0,1052,0.0,True
oviedo_C2468_1415,oulad_EEE_2014B,D3_other_institution,0,694,0.0,True
oviedo_C2468_1415,oulad_EEE_2014J,D3_other_institution,1,1188,0.0008417508417508417,True
oviedo_C2468_1415,oulad_FFF_2013B,D3_other_institution,0,1614,0.0,True
oviedo_C2468_1415,oulad_FFF_2013J,D3_other_institution,0,2283,0.0,True
oviedo_C2468_1415,oulad_FFF_2014B,D3_other_institution,0,1500,0.0,True
oviedo_C2468_1415,oulad_FFF_2014J,D3_other_institution,0,2365,0.0,True
oviedo_C2468_1415,ku_Accountancy_1819,D3_other_institution,0,752,0.0,True
oviedo_C2468_1415,ku_Globaleconom_1819,D3_other_institution,0,743,0.0,True
oviedo_C2468_1415,ku_Accountancy_1920,D3_other_institution,0,705,0.0,True
oviedo_C2468_1415,ku_Globaleconom_1920,D3_other_institution,0,681,0.0,True
oviedo_C2468_1415,ku_Accountancy_2021,D3_other_institution,0,723,0.0,True
oviedo_C2468_1415,ku_Globaleconom_2021,D3_other_institution,0,335,0.0,True
oviedo_C2468_1415,ukzn_ISTN101_2019,D3_other_institution,0,1056,0.0,True
oviedo_C2468_1415,ukzn_ISTN101_2020,D3_other_institution,0,978,0.0,True
oviedo_C2468_1415,ukzn_ISTN101_2021,D3_other_institution,0,741,0.0,True
oviedo_C2468_1415,ukzn_ISTN102_2018,D3_other_institution,0,257,0.0,True
oviedo_C2468_1415,ukzn_ISTN103_2019,D3_other_institution,0,1113,0.0,True
oviedo_C2468_1415,ukzn_ISTN103_2020,D3_other_institution,0,1082,0.0,True
oviedo_C2468_1415,ukzn_ISTN211_2019,D3_other_institution,0,280,0.0,True
oviedo_C2468_1415,ukzn_ISTN211_2021,D3_other_institution,0,327,0.0,True
oviedo_C2468_1415,ukzn_ISTN212_2018,D3_other_institution,0,238,0.0,True
oviedo_C2468_1415,ukzn_ISTN212_2019,D3_other_institution,0,264,0.0,True
oviedo_C2468_1415,ukzn_ISTN2IP_2018,D3_other_institution,0,99,0.0,True
oviedo_C2468_1415,ukzn_ISTN2IP_2019,D3_other_institution,0,116,0.0,True
oviedo_C2468_1415,ukzn_ISTN3ND_2018,D3_other_institution,0,144,0.0,True
oviedo_C2468_1415,ukzn_ISTN3ND_2019,D3_other_institution,0,223,0.0,True
oviedo_C2468_1415,ukzn_ISTN3SA_2018,D3_other_institution,0,141,0.0,True
oviedo_C2468_1415,ukzn_ISTN3SA_2019,D3_other_institution,0,195,0.0,True
oviedo_C2468_1415,zambia_ICT1110_2020,D3_other_institution,0,65,0.0,True
oviedo_C2468_1415,zambia_ICT1110_2021,D3_other_institution,0,52,0.0,True
oviedo_C2468_1415,oviedo_C1112_1415,D2_other_module,0,199,0.0,True
oviedo_C2468_1415,oviedo_C1127_1415,D2_other_module,0,106,0.0,True
oviedo_C2468_1415,oviedo_C1200_1415,D2_other_module,0,107,0.0,True
oviedo_C2468_1415,oviedo_C1303_1415,D2_other_module,0,112,0.0,True
oviedo_C2468_1415,oviedo_C174_1415,D2_other_module,0,96,0.0,True
oviedo_C2468_1415,oviedo_C190_1415,D2_other_module,0,112,0.0,True
oviedo_C2468_1415,oviedo_C1978_1415,D2_other_module,0,164,0.0,True
oviedo_C2468_1415,oviedo_C2011_1415,D2_other_module,0,120,0.0,True
oviedo_C2468_1415,oviedo_C2024_1415,D2_other_module,0,327,0.0,True
oviedo_C2468_1415,oviedo_C2150_1415,D2_other_module,0,106,0.0,True
oviedo_C2468_1415,oviedo_C2271_1415,D2_other_module,0,596,0.0,True
oviedo_C2468_1415,oviedo_C2335_1415,D2_other_module,0,428,0.0,True
oviedo_C2468_1415,oviedo_C2406_1415,D2_other_module,0,133,0.0,True
oviedo_C2468_1415,oviedo_C2607_1415,D2_other_module,0,277,0.0,True
oviedo_C2468_1415,oviedo_C3022_1415,D2_other_module,0,238,0.0,True
oviedo_C2468_1415,oviedo_C3029_1415,D2_other_module,0,231,0.0,True
oviedo_C2468_1415,oviedo_C4189_1415,D2_other_module,0,128,0.0,True
oviedo_C2468_1415,oviedo_C4213_1415,D2_other_module,0,140,0.0,True
oviedo_C2468_1415,oviedo_C836_1415,D2_other_module,0,87,0.0,True
oviedo_C2607_1415,oulad_AAA_2013J,D3_other_institution,0,383,0.0,True
oviedo_C2607_1415,oulad_AAA_2014J,D3_other_institution,0,365,0.0,True
oviedo_C2607_1415,oulad_BBB_2013B,D3_other_institution,0,1767,0.0,True
oviedo_C2607_1415,oulad_BBB_2013J,D3_other_institution,0,2237,0.0,True
oviedo_C2607_1415,oulad_BBB_2014B,D3_other_institution,0,1613,0.0,True
oviedo_C2607_1415,oulad_BBB_2014J,D3_other_institution,0,2292,0.0,True
oviedo_C2607_1415,oulad_CCC_2014B,D3_other_institution,0,1936,0.0,True
oviedo_C2607_1415,oulad_CCC_2014J,D3_other_institution,0,2498,0.0,True
oviedo_C2607_1415,oulad_DDD_2013B,D3_other_institution,0,1303,0.0,True
oviedo_C2607_1415,oulad_DDD_2013J,D3_other_institution,0,1938,0.0,True
oviedo_C2607_1415,oulad_DDD_2014B,D3_other_institution,0,1228,0.0,True
oviedo_C2607_1415,oulad_DDD_2014J,D3_other_institution,1,1803,0.0005546311702717693,True
oviedo_C2607_1415,oulad_EEE_2013J,D3_other_institution,0,1052,0.0,True
oviedo_C2607_1415,oulad_EEE_2014B,D3_other_institution,1,694,0.001440922190201729,True
oviedo_C2607_1415,oulad_EEE_2014J,D3_other_institution,0,1188,0.0,True
oviedo_C2607_1415,oulad_FFF_2013B,D3_other_institution,0,1614,0.0,True
oviedo_C2607_1415,oulad_FFF_2013J,D3_other_institution,0,2283,0.0,True
oviedo_C2607_1415,oulad_FFF_2014B,D3_other_institution,0,1500,0.0,True
oviedo_C2607_1415,oulad_FFF_2014J,D3_other_institution,0,2365,0.0,True
oviedo_C2607_1415,ku_Accountancy_1819,D3_other_institution,0,752,0.0,True
oviedo_C2607_1415,ku_Globaleconom_1819,D3_other_institution,0,743,0.0,True
oviedo_C2607_1415,ku_Accountancy_1920,D3_other_institution,0,705,0.0,True
oviedo_C2607_1415,ku_Globaleconom_1920,D3_other_institution,0,681,0.0,True
oviedo_C2607_1415,ku_Accountancy_2021,D3_other_institution,0,723,0.0,True
oviedo_C2607_1415,ku_Globaleconom_2021,D3_other_institution,0,335,0.0,True
oviedo_C2607_1415,ukzn_ISTN101_2019,D3_other_institution,0,1056,0.0,True
oviedo_C2607_1415,ukzn_ISTN101_2020,D3_other_institution,0,978,0.0,True
oviedo_C2607_1415,ukzn_ISTN101_2021,D3_other_institution,0,741,0.0,True
oviedo_C2607_1415,ukzn_ISTN102_2018,D3_other_institution,0,257,0.0,True
oviedo_C2607_1415,ukzn_ISTN103_2019,D3_other_institution,0,1113,0.0,True
oviedo_C2607_1415,ukzn_ISTN103_2020,D3_other_institution,0,1082,0.0,True
oviedo_C2607_1415,ukzn_ISTN211_2019,D3_other_institution,0,280,0.0,True
oviedo_C2607_1415,ukzn_ISTN211_2021,D3_other_institution,0,327,0.0,True
oviedo_C2607_1415,ukzn_ISTN212_2018,D3_other_institution,0,238,0.0,True
oviedo_C2607_1415,ukzn_ISTN212_2019,D3_other_institution,0,264,0.0,True
oviedo_C2607_1415,ukzn_ISTN2IP_2018,D3_other_institution,0,99,0.0,True
oviedo_C2607_1415,ukzn_ISTN2IP_2019,D3_other_institution,0,116,0.0,True
oviedo_C2607_1415,ukzn_ISTN3ND_2018,D3_other_institution,0,144,0.0,True
oviedo_C2607_1415,ukzn_ISTN3ND_2019,D3_other_institution,0,223,0.0,True
oviedo_C2607_1415,ukzn_ISTN3SA_2018,D3_other_institution,0,141,0.0,True
oviedo_C2607_1415,ukzn_ISTN3SA_2019,D3_other_institution,0,195,0.0,True
oviedo_C2607_1415,zambia_ICT1110_2020,D3_other_institution,0,65,0.0,True
oviedo_C2607_1415,zambia_ICT1110_2021,D3_other_institution,0,52,0.0,True
oviedo_C2607_1415,oviedo_C1112_1415,D2_other_module,0,199,0.0,True
oviedo_C2607_1415,oviedo_C1127_1415,D2_other_module,0,106,0.0,True
oviedo_C2607_1415,oviedo_C1200_1415,D2_other_module,0,107,0.0,True
oviedo_C2607_1415,oviedo_C1303_1415,D2_other_module,0,112,0.0,True
oviedo_C2607_1415,oviedo_C174_1415,D2_other_module,0,96,0.0,True
oviedo_C2607_1415,oviedo_C190_1415,D2_other_module,0,112,0.0,True
oviedo_C2607_1415,oviedo_C1978_1415,D2_other_module,0,164,0.0,True
oviedo_C2607_1415,oviedo_C2011_1415,D2_other_module,0,120,0.0,True
oviedo_C2607_1415,oviedo_C2024_1415,D2_other_module,0,327,0.0,True
oviedo_C2607_1415,oviedo_C2150_1415,D2_other_module,0,106,0.0,True
oviedo_C2607_1415,oviedo_C2271_1415,D2_other_module,0,596,0.0,True
oviedo_C2607_1415,oviedo_C2335_1415,D2_other_module,0,428,0.0,True
oviedo_C2607_1415,oviedo_C2406_1415,D2_other_module,0,133,0.0,True
oviedo_C2607_1415,oviedo_C2468_1415,D2_other_module,0,82,0.0,True
oviedo_C2607_1415,oviedo_C3022_1415,D2_other_module,0,238,0.0,True
oviedo_C2607_1415,oviedo_C3029_1415,D2_other_module,0,231,0.0,True
oviedo_C2607_1415,oviedo_C4189_1415,D2_other_module,0,128,0.0,True
oviedo_C2607_1415,oviedo_C4213_1415,D2_other_module,0,140,0.0,True
oviedo_C2607_1415,oviedo_C836_1415,D2_other_module,0,87,0.0,True
oviedo_C3022_1415,oulad_AAA_2013J,D3_other_institution,1,383,0.0026109660574412533,True
oviedo_C3022_1415,oulad_AAA_2014J,D3_other_institution,1,365,0.0027397260273972603,True
oviedo_C3022_1415,oulad_BBB_2013B,D3_other_institution,0,1767,0.0,True
oviedo_C3022_1415,oulad_BBB_2013J,D3_other_institution,1,2237,0.0004470272686633885,True
oviedo_C3022_1415,oulad_BBB_2014B,D3_other_institution,1,1613,0.0006199628022318661,True
oviedo_C3022_1415,oulad_BBB_2014J,D3_other_institution,0,2292,0.0,True
oviedo_C3022_1415,oulad_CCC_2014B,D3_other_institution,0,1936,0.0,True
oviedo_C3022_1415,oulad_CCC_2014J,D3_other_institution,0,2498,0.0,True
oviedo_C3022_1415,oulad_DDD_2013B,D3_other_institution,0,1303,0.0,True
oviedo_C3022_1415,oulad_DDD_2013J,D3_other_institution,0,1938,0.0,True
oviedo_C3022_1415,oulad_DDD_2014B,D3_other_institution,0,1228,0.0,True
oviedo_C3022_1415,oulad_DDD_2014J,D3_other_institution,0,1803,0.0,True
oviedo_C3022_1415,oulad_EEE_2013J,D3_other_institution,0,1052,0.0,True
oviedo_C3022_1415,oulad_EEE_2014B,D3_other_institution,0,694,0.0,True
oviedo_C3022_1415,oulad_EEE_2014J,D3_other_institution,0,1188,0.0,True
oviedo_C3022_1415,oulad_FFF_2013B,D3_other_institution,0,1614,0.0,True
oviedo_C3022_1415,oulad_FFF_2013J,D3_other_institution,0,2283,0.0,True
oviedo_C3022_1415,oulad_FFF_2014B,D3_other_institution,0,1500,0.0,True
oviedo_C3022_1415,oulad_FFF_2014J,D3_other_institution,0,2365,0.0,True
oviedo_C3022_1415,ku_Accountancy_1819,D3_other_institution,0,752,0.0,True
oviedo_C3022_1415,ku_Globaleconom_1819,D3_other_institution,0,743,0.0,True
oviedo_C3022_1415,ku_Accountancy_1920,D3_other_institution,0,705,0.0,True
oviedo_C3022_1415,ku_Globaleconom_1920,D3_other_institution,0,681,0.0,True
oviedo_C3022_1415,ku_Accountancy_2021,D3_other_institution,0,723,0.0,True
oviedo_C3022_1415,ku_Globaleconom_2021,D3_other_institution,0,335,0.0,True
oviedo_C3022_1415,ukzn_ISTN101_2019,D3_other_institution,0,1056,0.0,True
oviedo_C3022_1415,ukzn_ISTN101_2020,D3_other_institution,0,978,0.0,True
oviedo_C3022_1415,ukzn_ISTN101_2021,D3_other_institution,0,741,0.0,True
oviedo_C3022_1415,ukzn_ISTN102_2018,D3_other_institution,0,257,0.0,True
oviedo_C3022_1415,ukzn_ISTN103_2019,D3_other_institution,0,1113,0.0,True
oviedo_C3022_1415,ukzn_ISTN103_2020,D3_other_institution,0,1082,0.0,True
oviedo_C3022_1415,ukzn_ISTN211_2019,D3_other_institution,0,280,0.0,True
oviedo_C3022_1415,ukzn_ISTN211_2021,D3_other_institution,0,327,0.0,True
oviedo_C3022_1415,ukzn_ISTN212_2018,D3_other_institution,0,238,0.0,True
oviedo_C3022_1415,ukzn_ISTN212_2019,D3_other_institution,0,264,0.0,True
oviedo_C3022_1415,ukzn_ISTN2IP_2018,D3_other_institution,0,99,0.0,True
oviedo_C3022_1415,ukzn_ISTN2IP_2019,D3_other_institution,0,116,0.0,True
oviedo_C3022_1415,ukzn_ISTN3ND_2018,D3_other_institution,0,144,0.0,True
oviedo_C3022_1415,ukzn_ISTN3ND_2019,D3_other_institution,0,223,0.0,True
oviedo_C3022_1415,ukzn_ISTN3SA_2018,D3_other_institution,0,141,0.0,True
oviedo_C3022_1415,ukzn_ISTN3SA_2019,D3_other_institution,0,195,0.0,True
oviedo_C3022_1415,zambia_ICT1110_2020,D3_other_institution,0,65,0.0,True
oviedo_C3022_1415,zambia_ICT1110_2021,D3_other_institution,0,52,0.0,True
oviedo_C3022_1415,oviedo_C1112_1415,D2_other_module,0,199,0.0,True
oviedo_C3022_1415,oviedo_C1127_1415,D2_other_module,0,106,0.0,True
oviedo_C3022_1415,oviedo_C1200_1415,D2_other_module,0,107,0.0,True
oviedo_C3022_1415,oviedo_C1303_1415,D2_other_module,0,112,0.0,True
oviedo_C3022_1415,oviedo_C174_1415,D2_other_module,0,96,0.0,True
oviedo_C3022_1415,oviedo_C190_1415,D2_other_module,0,112,0.0,True
oviedo_C3022_1415,oviedo_C1978_1415,D2_other_module,0,164,0.0,True
oviedo_C3022_1415,oviedo_C2011_1415,D2_other_module,0,120,0.0,True
oviedo_C3022_1415,oviedo_C2024_1415,D2_other_module,0,327,0.0,True
oviedo_C3022_1415,oviedo_C2150_1415,D2_other_module,0,106,0.0,True
oviedo_C3022_1415,oviedo_C2271_1415,D2_other_module,0,596,0.0,True
oviedo_C3022_1415,oviedo_C2335_1415,D2_other_module,0,428,0.0,True
oviedo_C3022_1415,oviedo_C2406_1415,D2_other_module,0,133,0.0,True
oviedo_C3022_1415,oviedo_C2468_1415,D2_other_module,0,82,0.0,True
oviedo_C3022_1415,oviedo_C2607_1415,D2_other_module,0,277,0.0,True
oviedo_C3022_1415,oviedo_C3029_1415,D2_other_module,185,231,0.8008658008658008,False
oviedo_C3022_1415,oviedo_C4189_1415,D2_other_module,0,128,0.0,True
oviedo_C3022_1415,oviedo_C4213_1415,D2_other_module,0,140,0.0,True
oviedo_C3022_1415,oviedo_C836_1415,D2_other_module,0,87,0.0,True
oviedo_C3029_1415,oulad_AAA_2013J,D3_other_institution,1,383,0.0026109660574412533,True
oviedo_C3029_1415,oulad_AAA_2014J,D3_other_institution,1,365,0.0027397260273972603,True
oviedo_C3029_1415,oulad_BBB_2013B,D3_other_institution,0,1767,0.0,True
oviedo_C3029_1415,oulad_BBB_2013J,D3_other_institution,1,2237,0.0004470272686633885,True
oviedo_C3029_1415,oulad_BBB_2014B,D3_other_institution,1,1613,0.0006199628022318661,True
oviedo_C3029_1415,oulad_BBB_2014J,D3_other_institution,0,2292,0.0,True
oviedo_C3029_1415,oulad_CCC_2014B,D3_other_institution,0,1936,0.0,True
oviedo_C3029_1415,oulad_CCC_2014J,D3_other_institution,0,2498,0.0,True
oviedo_C3029_1415,oulad_DDD_2013B,D3_other_institution,0,1303,0.0,True
oviedo_C3029_1415,oulad_DDD_2013J,D3_other_institution,0,1938,0.0,True
oviedo_C3029_1415,oulad_DDD_2014B,D3_other_institution,0,1228,0.0,True
oviedo_C3029_1415,oulad_DDD_2014J,D3_other_institution,0,1803,0.0,True
oviedo_C3029_1415,oulad_EEE_2013J,D3_other_institution,0,1052,0.0,True
oviedo_C3029_1415,oulad_EEE_2014B,D3_other_institution,0,694,0.0,True
oviedo_C3029_1415,oulad_EEE_2014J,D3_other_institution,0,1188,0.0,True
oviedo_C3029_1415,oulad_FFF_2013B,D3_other_institution,0,1614,0.0,True
oviedo_C3029_1415,oulad_FFF_2013J,D3_other_institution,0,2283,0.0,True
oviedo_C3029_1415,oulad_FFF_2014B,D3_other_institution,0,1500,0.0,True
oviedo_C3029_1415,oulad_FFF_2014J,D3_other_institution,0,2365,0.0,True
oviedo_C3029_1415,ku_Accountancy_1819,D3_other_institution,0,752,0.0,True
oviedo_C3029_1415,ku_Globaleconom_1819,D3_other_institution,0,743,0.0,True
oviedo_C3029_1415,ku_Accountancy_1920,D3_other_institution,0,705,0.0,True
oviedo_C3029_1415,ku_Globaleconom_1920,D3_other_institution,0,681,0.0,True
oviedo_C3029_1415,ku_Accountancy_2021,D3_other_institution,0,723,0.0,True
oviedo_C3029_1415,ku_Globaleconom_2021,D3_other_institution,0,335,0.0,True
oviedo_C3029_1415,ukzn_ISTN101_2019,D3_other_institution,0,1056,0.0,True
oviedo_C3029_1415,ukzn_ISTN101_2020,D3_other_institution,0,978,0.0,True
oviedo_C3029_1415,ukzn_ISTN101_2021,D3_other_institution,0,741,0.0,True
oviedo_C3029_1415,ukzn_ISTN102_2018,D3_other_institution,0,257,0.0,True
oviedo_C3029_1415,ukzn_ISTN103_2019,D3_other_institution,0,1113,0.0,True
oviedo_C3029_1415,ukzn_ISTN103_2020,D3_other_institution,0,1082,0.0,True
oviedo_C3029_1415,ukzn_ISTN211_2019,D3_other_institution,0,280,0.0,True
oviedo_C3029_1415,ukzn_ISTN211_2021,D3_other_institution,0,327,0.0,True
oviedo_C3029_1415,ukzn_ISTN212_2018,D3_other_institution,0,238,0.0,True
oviedo_C3029_1415,ukzn_ISTN212_2019,D3_other_institution,0,264,0.0,True
oviedo_C3029_1415,ukzn_ISTN2IP_2018,D3_other_institution,0,99,0.0,True
oviedo_C3029_1415,ukzn_ISTN2IP_2019,D3_other_institution,0,116,0.0,True
oviedo_C3029_1415,ukzn_ISTN3ND_2018,D3_other_institution,0,144,0.0,True
oviedo_C3029_1415,ukzn_ISTN3ND_2019,D3_other_institution,0,223,0.0,True
oviedo_C3029_1415,ukzn_ISTN3SA_2018,D3_other_institution,0,141,0.0,True
oviedo_C3029_1415,ukzn_ISTN3SA_2019,D3_other_institution,0,195,0.0,True
oviedo_C3029_1415,zambia_ICT1110_2020,D3_other_institution,0,65,0.0,True
oviedo_C3029_1415,zambia_ICT1110_2021,D3_other_institution,0,52,0.0,True
oviedo_C3029_1415,oviedo_C1112_1415,D2_other_module,0,199,0.0,True
oviedo_C3029_1415,oviedo_C1127_1415,D2_other_module,0,106,0.0,True
oviedo_C3029_1415,oviedo_C1200_1415,D2_other_module,0,107,0.0,True
oviedo_C3029_1415,oviedo_C1303_1415,D2_other_module,0,112,0.0,True
oviedo_C3029_1415,oviedo_C174_1415,D2_other_module,0,96,0.0,True
oviedo_C3029_1415,oviedo_C190_1415,D2_other_module,0,112,0.0,True
oviedo_C3029_1415,oviedo_C1978_1415,D2_other_module,0,164,0.0,True
oviedo_C3029_1415,oviedo_C2011_1415,D2_other_module,0,120,0.0,True
oviedo_C3029_1415,oviedo_C2024_1415,D2_other_module,0,327,0.0,True
oviedo_C3029_1415,oviedo_C2150_1415,D2_other_module,0,106,0.0,True
oviedo_C3029_1415,oviedo_C2271_1415,D2_other_module,0,596,0.0,True
oviedo_C3029_1415,oviedo_C2335_1415,D2_other_module,0,428,0.0,True
oviedo_C3029_1415,oviedo_C2406_1415,D2_other_module,0,133,0.0,True
oviedo_C3029_1415,oviedo_C2468_1415,D2_other_module,0,82,0.0,True
oviedo_C3029_1415,oviedo_C2607_1415,D2_other_module,0,277,0.0,True
oviedo_C3029_1415,oviedo_C3022_1415,D2_other_module,185,238,0.7773109243697479,False
oviedo_C3029_1415,oviedo_C4189_1415,D2_other_module,0,128,0.0,True
oviedo_C3029_1415,oviedo_C4213_1415,D2_other_module,0,140,0.0,True
oviedo_C3029_1415,oviedo_C836_1415,D2_other_module,0,87,0.0,True
oviedo_C4189_1415,oulad_AAA_2013J,D3_other_institution,0,383,0.0,True
oviedo_C4189_1415,oulad_AAA_2014J,D3_other_institution,0,365,0.0,True
oviedo_C4189_1415,oulad_BBB_2013B,D3_other_institution,0,1767,0.0,True
oviedo_C4189_1415,oulad_BBB_2013J,D3_other_institution,1,2237,0.0004470272686633885,True
oviedo_C4189_1415,oulad_BBB_2014B,D3_other_institution,0,1613,0.0,True
oviedo_C4189_1415,oulad_BBB_2014J,D3_other_institution,0,2292,0.0,True
oviedo_C4189_1415,oulad_CCC_2014B,D3_other_institution,0,1936,0.0,True
oviedo_C4189_1415,oulad_CCC_2014J,D3_other_institution,0,2498,0.0,True
oviedo_C4189_1415,oulad_DDD_2013B,D3_other_institution,0,1303,0.0,True
oviedo_C4189_1415,oulad_DDD_2013J,D3_other_institution,1,1938,0.0005159958720330237,True
oviedo_C4189_1415,oulad_DDD_2014B,D3_other_institution,0,1228,0.0,True
oviedo_C4189_1415,oulad_DDD_2014J,D3_other_institution,1,1803,0.0005546311702717693,True
oviedo_C4189_1415,oulad_EEE_2013J,D3_other_institution,0,1052,0.0,True
oviedo_C4189_1415,oulad_EEE_2014B,D3_other_institution,0,694,0.0,True
oviedo_C4189_1415,oulad_EEE_2014J,D3_other_institution,0,1188,0.0,True
oviedo_C4189_1415,oulad_FFF_2013B,D3_other_institution,1,1614,0.0006195786864931846,True
oviedo_C4189_1415,oulad_FFF_2013J,D3_other_institution,0,2283,0.0,True
oviedo_C4189_1415,oulad_FFF_2014B,D3_other_institution,0,1500,0.0,True
oviedo_C4189_1415,oulad_FFF_2014J,D3_other_institution,0,2365,0.0,True
oviedo_C4189_1415,ku_Accountancy_1819,D3_other_institution,0,752,0.0,True
oviedo_C4189_1415,ku_Globaleconom_1819,D3_other_institution,0,743,0.0,True
oviedo_C4189_1415,ku_Accountancy_1920,D3_other_institution,0,705,0.0,True
oviedo_C4189_1415,ku_Globaleconom_1920,D3_other_institution,0,681,0.0,True
oviedo_C4189_1415,ku_Accountancy_2021,D3_other_institution,0,723,0.0,True
oviedo_C4189_1415,ku_Globaleconom_2021,D3_other_institution,0,335,0.0,True
oviedo_C4189_1415,ukzn_ISTN101_2019,D3_other_institution,0,1056,0.0,True
oviedo_C4189_1415,ukzn_ISTN101_2020,D3_other_institution,0,978,0.0,True
oviedo_C4189_1415,ukzn_ISTN101_2021,D3_other_institution,0,741,0.0,True
oviedo_C4189_1415,ukzn_ISTN102_2018,D3_other_institution,0,257,0.0,True
oviedo_C4189_1415,ukzn_ISTN103_2019,D3_other_institution,0,1113,0.0,True
oviedo_C4189_1415,ukzn_ISTN103_2020,D3_other_institution,0,1082,0.0,True
oviedo_C4189_1415,ukzn_ISTN211_2019,D3_other_institution,0,280,0.0,True
oviedo_C4189_1415,ukzn_ISTN211_2021,D3_other_institution,0,327,0.0,True
oviedo_C4189_1415,ukzn_ISTN212_2018,D3_other_institution,0,238,0.0,True
oviedo_C4189_1415,ukzn_ISTN212_2019,D3_other_institution,0,264,0.0,True
oviedo_C4189_1415,ukzn_ISTN2IP_2018,D3_other_institution,0,99,0.0,True
oviedo_C4189_1415,ukzn_ISTN2IP_2019,D3_other_institution,0,116,0.0,True
oviedo_C4189_1415,ukzn_ISTN3ND_2018,D3_other_institution,0,144,0.0,True
oviedo_C4189_1415,ukzn_ISTN3ND_2019,D3_other_institution,0,223,0.0,True
oviedo_C4189_1415,ukzn_ISTN3SA_2018,D3_other_institution,0,141,0.0,True
oviedo_C4189_1415,ukzn_ISTN3SA_2019,D3_other_institution,0,195,0.0,True
oviedo_C4189_1415,zambia_ICT1110_2020,D3_other_institution,0,65,0.0,True
oviedo_C4189_1415,zambia_ICT1110_2021,D3_other_institution,0,52,0.0,True
oviedo_C4189_1415,oviedo_C1112_1415,D2_other_module,0,199,0.0,True
oviedo_C4189_1415,oviedo_C1127_1415,D2_other_module,0,106,0.0,True
oviedo_C4189_1415,oviedo_C1200_1415,D2_other_module,0,107,0.0,True
oviedo_C4189_1415,oviedo_C1303_1415,D2_other_module,0,112,0.0,True
oviedo_C4189_1415,oviedo_C174_1415,D2_other_module,0,96,0.0,True
oviedo_C4189_1415,oviedo_C190_1415,D2_other_module,0,112,0.0,True
oviedo_C4189_1415,oviedo_C1978_1415,D2_other_module,0,164,0.0,True
oviedo_C4189_1415,oviedo_C2011_1415,D2_other_module,0,120,0.0,True
oviedo_C4189_1415,oviedo_C2024_1415,D2_other_module,0,327,0.0,True
oviedo_C4189_1415,oviedo_C2150_1415,D2_other_module,0,106,0.0,True
oviedo_C4189_1415,oviedo_C2271_1415,D2_other_module,0,596,0.0,True
oviedo_C4189_1415,oviedo_C2335_1415,D2_other_module,0,428,0.0,True
oviedo_C4189_1415,oviedo_C2406_1415,D2_other_module,0,133,0.0,True
oviedo_C4189_1415,oviedo_C2468_1415,D2_other_module,0,82,0.0,True
oviedo_C4189_1415,oviedo_C2607_1415,D2_other_module,0,277,0.0,True
oviedo_C4189_1415,oviedo_C3022_1415,D2_other_module,0,238,0.0,True
oviedo_C4189_1415,oviedo_C3029_1415,D2_other_module,0,231,0.0,True
oviedo_C4189_1415,oviedo_C4213_1415,D2_other_module,0,140,0.0,True
oviedo_C4189_1415,oviedo_C836_1415,D2_other_module,0,87,0.0,True
oviedo_C4213_1415,oulad_AAA_2013J,D3_other_institution,0,383,0.0,True
oviedo_C4213_1415,oulad_AAA_2014J,D3_other_institution,0,365,0.0,True
oviedo_C4213_1415,oulad_BBB_2013B,D3_other_institution,0,1767,0.0,True
oviedo_C4213_1415,oulad_BBB_2013J,D3_other_institution,0,2237,0.0,True
oviedo_C4213_1415,oulad_BBB_2014B,D3_other_institution,0,1613,0.0,True
oviedo_C4213_1415,oulad_BBB_2014J,D3_other_institution,0,2292,0.0,True
oviedo_C4213_1415,oulad_CCC_2014B,D3_other_institution,0,1936,0.0,True
oviedo_C4213_1415,oulad_CCC_2014J,D3_other_institution,0,2498,0.0,True
oviedo_C4213_1415,oulad_DDD_2013B,D3_other_institution,0,1303,0.0,True
oviedo_C4213_1415,oulad_DDD_2013J,D3_other_institution,0,1938,0.0,True
oviedo_C4213_1415,oulad_DDD_2014B,D3_other_institution,0,1228,0.0,True
oviedo_C4213_1415,oulad_DDD_2014J,D3_other_institution,0,1803,0.0,True
oviedo_C4213_1415,oulad_EEE_2013J,D3_other_institution,0,1052,0.0,True
oviedo_C4213_1415,oulad_EEE_2014B,D3_other_institution,0,694,0.0,True
oviedo_C4213_1415,oulad_EEE_2014J,D3_other_institution,0,1188,0.0,True
oviedo_C4213_1415,oulad_FFF_2013B,D3_other_institution,0,1614,0.0,True
oviedo_C4213_1415,oulad_FFF_2013J,D3_other_institution,0,2283,0.0,True
oviedo_C4213_1415,oulad_FFF_2014B,D3_other_institution,0,1500,0.0,True
oviedo_C4213_1415,oulad_FFF_2014J,D3_other_institution,0,2365,0.0,True
oviedo_C4213_1415,ku_Accountancy_1819,D3_other_institution,0,752,0.0,True
oviedo_C4213_1415,ku_Globaleconom_1819,D3_other_institution,0,743,0.0,True
oviedo_C4213_1415,ku_Accountancy_1920,D3_other_institution,0,705,0.0,True
oviedo_C4213_1415,ku_Globaleconom_1920,D3_other_institution,0,681,0.0,True
oviedo_C4213_1415,ku_Accountancy_2021,D3_other_institution,0,723,0.0,True
oviedo_C4213_1415,ku_Globaleconom_2021,D3_other_institution,0,335,0.0,True
oviedo_C4213_1415,ukzn_ISTN101_2019,D3_other_institution,0,1056,0.0,True
oviedo_C4213_1415,ukzn_ISTN101_2020,D3_other_institution,0,978,0.0,True
oviedo_C4213_1415,ukzn_ISTN101_2021,D3_other_institution,0,741,0.0,True
oviedo_C4213_1415,ukzn_ISTN102_2018,D3_other_institution,0,257,0.0,True
oviedo_C4213_1415,ukzn_ISTN103_2019,D3_other_institution,0,1113,0.0,True
oviedo_C4213_1415,ukzn_ISTN103_2020,D3_other_institution,0,1082,0.0,True
oviedo_C4213_1415,ukzn_ISTN211_2019,D3_other_institution,0,280,0.0,True
oviedo_C4213_1415,ukzn_ISTN211_2021,D3_other_institution,0,327,0.0,True
oviedo_C4213_1415,ukzn_ISTN212_2018,D3_other_institution,0,238,0.0,True
oviedo_C4213_1415,ukzn_ISTN212_2019,D3_other_institution,0,264,0.0,True
oviedo_C4213_1415,ukzn_ISTN2IP_2018,D3_other_institution,0,99,0.0,True
oviedo_C4213_1415,ukzn_ISTN2IP_2019,D3_other_institution,0,116,0.0,True
oviedo_C4213_1415,ukzn_ISTN3ND_2018,D3_other_institution,0,144,0.0,True
oviedo_C4213_1415,ukzn_ISTN3ND_2019,D3_other_institution,0,223,0.0,True
oviedo_C4213_1415,ukzn_ISTN3SA_2018,D3_other_institution,0,141,0.0,True
oviedo_C4213_1415,ukzn_ISTN3SA_2019,D3_other_institution,0,195,0.0,True
oviedo_C4213_1415,zambia_ICT1110_2020,D3_other_institution,0,65,0.0,True
oviedo_C4213_1415,zambia_ICT1110_2021,D3_other_institution,0,52,0.0,True
oviedo_C4213_1415,oviedo_C1112_1415,D2_other_module,0,199,0.0,True
oviedo_C4213_1415,oviedo_C1127_1415,D2_other_module,0,106,0.0,True
oviedo_C4213_1415,oviedo_C1200_1415,D2_other_module,0,107,0.0,True
oviedo_C4213_1415,oviedo_C1303_1415,D2_other_module,0,112,0.0,True
oviedo_C4213_1415,oviedo_C174_1415,D2_other_module,0,96,0.0,True
oviedo_C4213_1415,oviedo_C190_1415,D2_other_module,0,112,0.0,True
oviedo_C4213_1415,oviedo_C1978_1415,D2_other_module,0,164,0.0,True
oviedo_C4213_1415,oviedo_C2011_1415,D2_other_module,0,120,0.0,True
oviedo_C4213_1415,oviedo_C2024_1415,D2_other_module,0,327,0.0,True
oviedo_C4213_1415,oviedo_C2150_1415,D2_other_module,0,106,0.0,True
oviedo_C4213_1415,oviedo_C2271_1415,D2_other_module,20,596,0.03355704697986577,False
oviedo_C4213_1415,oviedo_C2335_1415,D2_other_module,0,428,0.0,True
oviedo_C4213_1415,oviedo_C2406_1415,D2_other_module,0,133,0.0,True
oviedo_C4213_1415,oviedo_C2468_1415,D2_other_module,0,82,0.0,True
oviedo_C4213_1415,oviedo_C2607_1415,D2_other_module,0,277,0.0,True
oviedo_C4213_1415,oviedo_C3022_1415,D2_other_module,0,238,0.0,True
oviedo_C4213_1415,oviedo_C3029_1415,D2_other_module,0,231,0.0,True
oviedo_C4213_1415,oviedo_C4189_1415,D2_other_module,0,128,0.0,True
oviedo_C4213_1415,oviedo_C836_1415,D2_other_module,0,87,0.0,True
oviedo_C836_1415,oulad_AAA_2013J,D3_other_institution,0,383,0.0,True
oviedo_C836_1415,oulad_AAA_2014J,D3_other_institution,0,365,0.0,True
oviedo_C836_1415,oulad_BBB_2013B,D3_other_institution,0,1767,0.0,True
oviedo_C836_1415,oulad_BBB_2013J,D3_other_institution,0,2237,0.0,True
oviedo_C836_1415,oulad_BBB_2014B,D3_other_institution,0,1613,0.0,True
oviedo_C836_1415,oulad_BBB_2014J,D3_other_institution,0,2292,0.0,True
oviedo_C836_1415,oulad_CCC_2014B,D3_other_institution,0,1936,0.0,True
oviedo_C836_1415,oulad_CCC_2014J,D3_other_institution,0,2498,0.0,True
oviedo_C836_1415,oulad_DDD_2013B,D3_other_institution,0,1303,0.0,True
oviedo_C836_1415,oulad_DDD_2013J,D3_other_institution,0,1938,0.0,True
oviedo_C836_1415,oulad_DDD_2014B,D3_other_institution,0,1228,0.0,True
oviedo_C836_1415,oulad_DDD_2014J,D3_other_institution,0,1803,0.0,True
oviedo_C836_1415,oulad_EEE_2013J,D3_other_institution,0,1052,0.0,True
oviedo_C836_1415,oulad_EEE_2014B,D3_other_institution,0,694,0.0,True
oviedo_C836_1415,oulad_EEE_2014J,D3_other_institution,0,1188,0.0,True
oviedo_C836_1415,oulad_FFF_2013B,D3_other_institution,0,1614,0.0,True
oviedo_C836_1415,oulad_FFF_2013J,D3_other_institution,0,2283,0.0,True
oviedo_C836_1415,oulad_FFF_2014B,D3_other_institution,0,1500,0.0,True
oviedo_C836_1415,oulad_FFF_2014J,D3_other_institution,0,2365,0.0,True
oviedo_C836_1415,ku_Accountancy_1819,D3_other_institution,0,752,0.0,True
oviedo_C836_1415,ku_Globaleconom_1819,D3_other_institution,0,743,0.0,True
oviedo_C836_1415,ku_Accountancy_1920,D3_other_institution,0,705,0.0,True
oviedo_C836_1415,ku_Globaleconom_1920,D3_other_institution,0,681,0.0,True
oviedo_C836_1415,ku_Accountancy_2021,D3_other_institution,0,723,0.0,True
oviedo_C836_1415,ku_Globaleconom_2021,D3_other_institution,0,335,0.0,True
oviedo_C836_1415,ukzn_ISTN101_2019,D3_other_institution,0,1056,0.0,True
oviedo_C836_1415,ukzn_ISTN101_2020,D3_other_institution,0,978,0.0,True
oviedo_C836_1415,ukzn_ISTN101_2021,D3_other_institution,0,741,0.0,True
oviedo_C836_1415,ukzn_ISTN102_2018,D3_other_institution,0,257,0.0,True
oviedo_C836_1415,ukzn_ISTN103_2019,D3_other_institution,0,1113,0.0,True
oviedo_C836_1415,ukzn_ISTN103_2020,D3_other_institution,0,1082,0.0,True
oviedo_C836_1415,ukzn_ISTN211_2019,D3_other_institution,0,280,0.0,True
oviedo_C836_1415,ukzn_ISTN211_2021,D3_other_institution,0,327,0.0,True
oviedo_C836_1415,ukzn_ISTN212_2018,D3_other_institution,0,238,0.0,True
oviedo_C836_1415,ukzn_ISTN212_2019,D3_other_institution,0,264,0.0,True
oviedo_C836_1415,ukzn_ISTN2IP_2018,D3_other_institution,0,99,0.0,True
oviedo_C836_1415,ukzn_ISTN2IP_2019,D3_other_institution,0,116,0.0,True
oviedo_C836_1415,ukzn_ISTN3ND_2018,D3_other_institution,0,144,0.0,True
oviedo_C836_1415,ukzn_ISTN3ND_2019,D3_other_institution,0,223,0.0,True
oviedo_C836_1415,ukzn_ISTN3SA_2018,D3_other_institution,0,141,0.0,True
oviedo_C836_1415,ukzn_ISTN3SA_2019,D3_other_institution,0,195,0.0,True
oviedo_C836_1415,zambia_ICT1110_2020,D3_other_institution,0,65,0.0,True
oviedo_C836_1415,zambia_ICT1110_2021,D3_other_institution,0,52,0.0,True
oviedo_C836_1415,oviedo_C1112_1415,D2_other_module,0,199,0.0,True
oviedo_C836_1415,oviedo_C1127_1415,D2_other_module,0,106,0.0,True
oviedo_C836_1415,oviedo_C1200_1415,D2_other_module,0,107,0.0,True
oviedo_C836_1415,oviedo_C1303_1415,D2_other_module,0,112,0.0,True
oviedo_C836_1415,oviedo_C174_1415,D2_other_module,0,96,0.0,True
oviedo_C836_1415,oviedo_C190_1415,D2_other_module,0,112,0.0,True
oviedo_C836_1415,oviedo_C1978_1415,D2_other_module,0,164,0.0,True
oviedo_C836_1415,oviedo_C2011_1415,D2_other_module,0,120,0.0,True
oviedo_C836_1415,oviedo_C2024_1415,D2_other_module,0,327,0.0,True
oviedo_C836_1415,oviedo_C2150_1415,D2_other_module,0,106,0.0,True
oviedo_C836_1415,oviedo_C2271_1415,D2_other_module,0,596,0.0,True
oviedo_C836_1415,oviedo_C2335_1415,D2_other_module,0,428,0.0,True
oviedo_C836_1415,oviedo_C2406_1415,D2_other_module,0,133,0.0,True
oviedo_C836_1415,oviedo_C2468_1415,D2_other_module,0,82,0.0,True
oviedo_C836_1415,oviedo_C2607_1415,D2_other_module,0,277,0.0,True
oviedo_C836_1415,oviedo_C3022_1415,D2_other_module,0,238,0.0,True
oviedo_C836_1415,oviedo_C3029_1415,D2_other_module,0,231,0.0,True
oviedo_C836_1415,oviedo_C4189_1415,D2_other_module,0,128,0.0,True
oviedo_C836_1415,oviedo_C4213_1415,D2_other_module,0,140,0.0,True
