target,target_institution,pool,n_source_cohorts,representation,model,n_target,auc,f1_pass,f1_fail,f1_fail_baseline,recall_at_flag20,precision_at_flag20,lift_at_flag20,brier,calibration_in_large
oulad_AAA_2013J,OULAD,P_in_leave_one_cohort_out,18,raw,gradient_boosting,383,0.8261904761904761,0.8632326820603907,0.6206896551724138,0.430327868852459,0.5238095238095238,0.7142857142857143,2.6054421768707487,0.14207306423625682,0.09873215094305138
oulad_AAA_2013J,OULAD,P_out_other_institutions,44,raw,gradient_boosting,383,0.6928914011647825,0.8376068376068376,0.47513812154696133,0.430327868852459,0.41904761904761906,0.5714285714285714,2.0843537414965985,0.174801538216077,0.059434336815270605
oulad_AAA_2014J,OULAD,P_in_leave_one_cohort_out,18,raw,gradient_boosting,365,0.8397092038396387,0.8363636363636363,0.6553191489361702,0.469601677148847,0.5803571428571429,0.8904109589041096,2.901785714285714,0.14101197490155465,0.10215378174553713
oulad_AAA_2014J,OULAD,P_out_other_institutions,44,raw,gradient_boosting,365,0.764751552795031,0.8481481481481481,0.5684210526315789,0.469601677148847,0.4732142857142857,0.726027397260274,2.3660714285714284,0.1662066033781771,0.03216636854162658
oulad_BBB_2013B,OULAD,P_in_leave_one_cohort_out,18,raw,gradient_boosting,1767,0.8970425995876459,0.8395604395604396,0.8296382730455076,0.7059685097034054,0.3651452282157676,0.9971671388101983,1.8277949525701453,0.11837177484464444,-0.006243451540107192
oulad_BBB_2013B,OULAD,P_out_other_institutions,44,raw,gradient_boosting,1767,0.8539986203190318,0.7967887606623181,0.737183646982479,0.7059685097034054,0.3651452282157676,0.9971671388101983,1.8277949525701453,0.18894432868098351,-0.19116418557029807
oulad_BBB_2013J,OULAD,P_in_leave_one_cohort_out,18,raw,gradient_boosting,2237,0.9205788386394208,0.810784785748676,0.8360450563204005,0.684891240446796,0.38369098712446353,1.0,1.9201716738197427,0.11453686759771109,0.08239998591627651
oulad_BBB_2013J,OULAD,P_out_other_institutions,44,raw,gradient_boosting,2237,0.8195603260521426,0.7957627118644067,0.771996215704825,0.684891240446796,0.34506437768240344,0.8993288590604027,1.726865800616413,0.19088879987789623,-0.11407385926262059
oulad_BBB_2014B,OULAD,P_in_leave_one_cohort_out,18,raw,gradient_boosting,1613,0.9108010594266304,0.8190104166666666,0.8355029585798817,0.7090836334533814,0.36455981941309257,1.0,1.8205417607223477,0.11525619877511091,0.05036925391046454
oulad_BBB_2014B,OULAD,P_out_other_institutions,44,raw,gradient_boosting,1613,0.876090243773695,0.8257839721254355,0.800531914893617,0.7090836334533814,0.36343115124153497,0.9969040247678018,1.814905408521969,0.171316522021612,-0.16423943634366717
oulad_BBB_2014J,OULAD,P_in_leave_one_cohort_out,18,raw,gradient_boosting,2292,0.9057325932017545,0.7718631178707225,0.8064516129032258,0.6643356643356644,0.39210526315789473,0.9759825327510917,1.9622385658469317,0.13889780240501534,0.12704136685447787
oulad_BBB_2014J,OULAD,P_out_other_institutions,44,raw,gradient_boosting,2292,0.86795542458577,0.8245828245828246,0.7973671838269863,0.6643356643356644,0.38596491228070173,0.9606986899563319,1.9315099977016776,0.16010548890330045,-0.06968833534437469
oulad_CCC_2014B,OULAD,P_in_leave_one_cohort_out,18,raw,gradient_boosting,1936,0.9233399565639295,0.7965766951942067,0.8686782830429239,0.7933935805546899,0.3040062843676355,1.0,1.5208169677926158,0.10597868015945298,-0.02133851792174324
oulad_CCC_2014B,OULAD,P_out_other_institutions,44,raw,gradient_boosting,1936,0.8923268866432307,0.7242707760044028,0.7562043795620438,0.7933935805546899,0.3040062843676355,1.0,1.5208169677926158,0.20230543666049153,-0.268298362511384
oulad_CCC_2014J,OULAD,P_in_leave_one_cohort_out,18,raw,gradient_boosting,2498,0.9073184099598404,0.8106666666666666,0.8448652585579024,0.7450389349409695,0.33648010788941335,0.998,1.6810546190155093,0.11618048497685546,-0.01277646791800957
oulad_CCC_2014J,OULAD,P_out_other_institutions,44,raw,gradient_boosting,2498,0.8247484628748144,0.7380303620085636,0.722702925422332,0.7450389349409695,0.3263654753877276,0.968,1.630521915037087,0.20918477713374356,-0.2013337137244396
oulad_DDD_2013B,OULAD,P_in_leave_one_cohort_out,18,raw,gradient_boosting,1303,0.890433449546275,0.7697063369397218,0.7728658536585366,0.7566793893129771,0.3291298865069357,1.0,1.6431273644388398,0.1479475669765475,-0.11209206126672444
oulad_DDD_2013B,OULAD,P_out_other_institutions,44,raw,gradient_boosting,1303,0.809016393442623,0.728051391862955,0.6838174273858921,0.7566793893129771,0.3291298865069357,1.0,1.6431273644388398,0.23124225822499497,-0.2555083575625804
oulad_DDD_2013J,OULAD,P_in_leave_one_cohort_out,18,raw,gradient_boosting,1938,0.9076532504641812,0.8190572731880386,0.8124014713610089,0.7279291106005907,0.34986474301172227,1.0,1.7475202885482417,0.12361896067638782,-0.059700062435931955
oulad_DDD_2013J,OULAD,P_out_other_institutions,44,raw,gradient_boosting,1938,0.7789573410227321,0.748159057437408,0.7210440456769984,0.7279291106005907,0.3381424706943192,0.9664948453608248,1.6889693510453367,0.20913080652054467,-0.16619505504117144
oulad_DDD_2014B,OULAD,P_in_leave_one_cohort_out,18,raw,gradient_boosting,1228,0.9104080318643368,0.8126094570928196,0.837138508371385,0.7577137076378352,0.32710280373831774,0.9959349593495935,1.6328546463034723,0.11642205113128133,-0.04542815062802963
oulad_DDD_2014B,OULAD,P_out_other_institutions,44,raw,gradient_boosting,1228,0.852096462646089,0.7634322373696872,0.7559966914805625,0.7577137076378352,0.32710280373831774,0.9959349593495935,1.6328546463034723,0.2011080212351338,-0.22367984703063937
oulad_DDD_2014J,OULAD,P_in_leave_one_cohort_out,18,raw,gradient_boosting,1803,0.889239202110122,0.7970770095559303,0.8024083196496989,0.718550106609808,0.35410484668644904,0.9916897506925207,1.7685624337276113,0.13145749232562934,-0.01756159919090028
oulad_DDD_2014J,OULAD,P_out_other_institutions,44,raw,gradient_boosting,1803,0.7773088201500664,0.7400516795865633,0.698982645122681,0.718550106609808,0.34223541048466866,0.9584487534626038,1.7092810113680266,0.2115627738775443,-0.16171302648580194
oulad_EEE_2013J,OULAD,P_in_leave_one_cohort_out,18,raw,gradient_boosting,1052,0.9290495835603644,0.9006309148264984,0.8492822966507177,0.5926421404682275,0.47404063205417607,1.0,2.3747178329571104,0.09225893297649886,0.04290307742114002
oulad_EEE_2013J,OULAD,P_out_other_institutions,44,raw,gradient_boosting,1052,0.8426147293976358,0.8502633559066968,0.743225806451613,0.5926421404682275,0.4604966139954853,0.9714285714285714,2.306868752015479,0.1623379135573448,-0.04343523958439499
oulad_EEE_2014B,OULAD,P_in_leave_one_cohort_out,18,raw,gradient_boosting,694,0.9307657781213377,0.8857142857142857,0.8576051779935275,0.6537342386032978,0.4124629080118694,1.0,2.059347181008902,0.09831983720111802,0.03668340105481677
oulad_EEE_2014B,OULAD,P_out_other_institutions,44,raw,gradient_boosting,694,0.8907105869053853,0.8523409363745498,0.7783783783783784,0.6537342386032978,0.4094955489614243,0.9928057553956835,2.0445317336635145,0.15312791571419537,-0.1380698772621834
oulad_EEE_2014J,OULAD,P_in_leave_one_cohort_out,18,raw,gradient_boosting,1188,0.929987004548408,0.9080779944289693,0.8595744680851064,0.5957446808510638,0.4722222222222222,1.0,2.357142857142857,0.09212583640914523,0.05636699564243569
oulad_EEE_2014J,OULAD,P_out_other_institutions,44,raw,gradient_boosting,1188,0.8448624454655157,0.8727514990006662,0.7817142857142857,0.5957446808510638,0.4603174603174603,0.9747899159663865,2.2977190876350537,0.15876957157131866,-0.051370334063907175
oulad_FFF_2013B,OULAD,P_in_leave_one_cohort_out,18,raw,gradient_boosting,1614,0.8983368274149124,0.832026875699888,0.7919556171983356,0.6802943581357318,0.38822115384615385,1.0,1.9399038461538463,0.13041966286628345,-0.04549706757338695
oulad_FFF_2013B,OULAD,P_out_other_institutions,44,raw,gradient_boosting,1614,0.8255444004524886,0.7930327868852459,0.6833855799373041,0.6802943581357318,0.38461538461538464,0.9907120743034056,1.9218861633722317,0.20262478600603057,-0.19941054846199252
oulad_FFF_2013J,OULAD,P_in_leave_one_cohort_out,18,raw,gradient_boosting,2283,0.9309110895868886,0.8709278350515464,0.8538066324147594,0.6845289541918754,0.3846801346801347,1.0,1.9217171717171717,0.09625939919871197,-0.02245712505465719
oulad_FFF_2013J,OULAD,P_out_other_institutions,44,raw,gradient_boosting,2283,0.8304625401657366,0.8023809523809524,0.7565982404692082,0.6845289541918754,0.38215488215488214,0.9934354485776805,1.90910196052428,0.18350129400038398,-0.13269819199465732
oulad_FFF_2014B,OULAD,P_in_leave_one_cohort_out,18,raw,gradient_boosting,1500,0.9174149261500424,0.8368600682593856,0.844299674267101,0.7212276214833758,0.3534278959810875,0.9966666666666667,1.7671394799054376,0.11162972193474546,-0.018189768749795943
oulad_FFF_2014B,OULAD,P_out_other_institutions,44,raw,gradient_boosting,1500,0.8809788463067791,0.7913846153846154,0.7534545454545455,0.7212276214833758,0.34988179669030733,0.9866666666666667,1.749408983451537,0.18380042458276177,-0.2032639845043822
oulad_FFF_2014J,OULAD,P_in_leave_one_cohort_out,18,raw,gradient_boosting,2365,0.9471078524206322,0.8867469879518072,0.8741071428571429,0.6908386382507611,0.3782051282051282,0.9978858350951374,1.891025641025641,0.08555419307614656,-0.03237146143251274
oulad_FFF_2014J,OULAD,P_out_other_institutions,44,raw,gradient_boosting,2365,0.8548524550650781,0.8174889691135179,0.7966025927581583,0.6908386382507611,0.3766025641025641,0.9936575052854123,1.8830128205128205,0.17277860383324795,-0.11828756117161626
ku_Accountancy_1819,KU Leuven,P_in_leave_one_cohort_out,5,raw,gradient_boosting,756,0.6383929692404269,0.8122270742358079,0.4141689373297003,0.4587155963302752,0.3511111111111111,0.5231788079470199,1.7578807947019868,0.20904164342601514,0.11141951103700226
ku_Accountancy_1819,KU Leuven,P_out_other_institutions,57,raw,gradient_boosting,756,0.675032433563507,0.8134453781512605,0.3105590062111801,0.4587155963302752,0.3333333333333333,0.4966887417218543,1.6688741721854303,0.20314624395300707,0.05830561513662136
ku_Globaleconom_1819,KU Leuven,P_in_leave_one_cohort_out,5,raw,gradient_boosting,743,0.5996172248803828,0.4970414201183432,0.5802469135802469,0.6086142322097378,0.2553846153846154,0.5570469798657718,1.2734950955085182,0.2676199318900135,0.14984072067355358
ku_Globaleconom_1819,KU Leuven,P_out_other_institutions,57,raw,gradient_boosting,743,0.6324990798675009,0.7095516569200779,0.3521739130434783,0.6086142322097378,0.27076923076923076,0.5906040268456376,1.3502116675271039,0.24041315832703855,-0.046004107692001917
ku_Accountancy_1920,KU Leuven,P_in_leave_one_cohort_out,5,raw,gradient_boosting,711,0.6931091340665713,0.8132854578096947,0.3246753246753247,0.48723404255319147,0.34497816593886466,0.5563380281690141,1.727320253398118,0.19798032049958803,0.042409829119097076
ku_Accountancy_1920,KU Leuven,P_out_other_institutions,57,raw,gradient_boosting,711,0.7115684284911848,0.8003679852805887,0.3522388059701492,0.48723404255319147,0.34497816593886466,0.5563380281690141,1.727320253398118,0.19572209259715062,0.044848203326293745
ku_Globaleconom_1920,KU Leuven,P_in_leave_one_cohort_out,5,raw,gradient_boosting,681,0.6716081455765512,0.8216318785578748,0.38961038961038963,0.3938679245283019,0.3473053892215569,0.4264705882352941,1.7390806622050017,0.18788380706049818,0.11460410714560001
ku_Globaleconom_1920,KU Leuven,P_out_other_institutions,57,raw,gradient_boosting,681,0.7021424077914211,0.8428701180744778,0.3371647509578544,0.3938679245283019,0.38323353293413176,0.47058823529411764,1.9189855582951745,0.17140927763881167,-0.0025656901227110174
ku_Accountancy_2021,KU Leuven,P_in_leave_one_cohort_out,5,raw,gradient_boosting,725,0.6693049457527487,0.8222591362126246,0.13008130081300814,0.4607218683651805,0.3225806451612903,0.4827586206896552,1.6129032258064515,0.21760662921539997,-0.13952239214897552
ku_Accountancy_2021,KU Leuven,P_out_other_institutions,57,raw,gradient_boosting,725,0.6129032258064516,0.8253706754530478,0.1016949152542373,0.4607218683651805,0.35023041474654376,0.5241379310344828,1.7511520737327189,0.2121090352057574,-0.10374637279107068
ku_Globaleconom_2021,KU Leuven,P_in_leave_one_cohort_out,5,raw,gradient_boosting,335,0.6560315308888571,0.6811279826464208,0.2966507177033493,0.6546184738955823,0.294478527607362,0.7164179104477612,1.4723926380368098,0.2680779021716506,-0.18434485846582405
ku_Globaleconom_2021,KU Leuven,P_out_other_institutions,57,raw,gradient_boosting,335,0.6592773576829791,0.6779661016949152,0.23232323232323232,0.6546184738955823,0.2822085889570552,0.6865671641791045,1.4110429447852761,0.27841342813029657,-0.2030240813410632
ukzn_ISTN101_2019,UKZN,P_in_leave_one_cohort_out,15,raw,gradient_boosting,1056,0.6515600069804548,0.9040667361835245,0.05154639175257732,0.2967741935483871,0.358695652173913,0.3127962085308057,1.7951782402637544,0.13964036397120402,-0.061325539940429066
ukzn_ISTN101_2019,UKZN,P_out_other_institutions,47,raw,gradient_boosting,1056,0.5818427153968887,0.8711111111111111,0.2564102564102564,0.2967741935483871,0.29347826086956524,0.2559241706161137,1.4687821965794352,0.21292266728110162,0.2658136087521478
ukzn_ISTN101_2020,UKZN,P_in_leave_one_cohort_out,15,raw,gradient_boosting,978,0.6684277586169021,0.9588014981273408,0.11494252873563218,0.09542356377799414,0.4489795918367347,0.11224489795918367,2.2403165347771763,0.08157095750696161,0.13076970084412715
ukzn_ISTN101_2020,UKZN,P_out_other_institutions,47,raw,gradient_boosting,978,0.7266096966235364,0.9418221734357849,0.208955223880597,0.09542356377799414,0.4897959183673469,0.12244897959183673,2.443981674302374,0.1671860701582129,0.3321899249169641
ukzn_ISTN101_2021,UKZN,P_in_leave_one_cohort_out,15,raw,gradient_boosting,741,0.7897644800299668,0.9576271186440678,0.09090909090909091,0.15671641791044774,0.6190476190476191,0.2635135135135135,3.099420849420849,0.06576825835812214,-0.03722859016803885
ukzn_ISTN101_2021,UKZN,P_out_other_institutions,47,raw,gradient_boosting,741,0.7312941892587911,0.9495677233429395,0.2553191489361702,0.15671641791044774,0.5238095238095238,0.22297297297297297,2.6225868725868726,0.11314660456790138,0.2079408943253457
ukzn_ISTN102_2018,UKZN,P_in_leave_one_cohort_out,15,raw,gradient_boosting,257,0.6849906629318394,0.84688995215311,0.3333333333333333,0.4184615384615385,0.36764705882352944,0.49019607843137253,1.8526528258362167,0.1801823294450048,0.02703445700528423
ukzn_ISTN102_2018,UKZN,P_out_other_institutions,47,raw,gradient_boosting,257,0.6609477124183005,0.7578347578347578,0.4785276073619632,0.4184615384615385,0.3382352941176471,0.45098039215686275,1.7044405997693195,0.222267304143506,0.20314068578818012
ukzn_ISTN103_2019,UKZN,P_in_leave_one_cohort_out,15,raw,gradient_boosting,1113,0.6967937679376794,0.8454258675078864,0.09259259259259259,0.4246284501061571,0.35,0.47085201793721976,1.7468609865470854,0.1805800831056908,-0.04258741304779978
ukzn_ISTN103_2019,UKZN,P_out_other_institutions,47,raw,gradient_boosting,1113,0.6691225912259122,0.7651612903225806,0.46153846153846156,0.4246284501061571,0.3333333333333333,0.4484304932735426,1.6636771300448432,0.22208321320012445,0.19637758838996322
ukzn_ISTN103_2020,UKZN,P_in_leave_one_cohort_out,15,raw,gradient_boosting,1082,0.7496695292477855,0.9330669330669331,0.1728395061728395,0.19214703425229743,0.40869565217391307,0.2175925925925926,2.0472624798711756,0.09827176982617392,0.05972558352515227
ukzn_ISTN103_2020,UKZN,P_out_other_institutions,47,raw,gradient_boosting,1082,0.7268737916460593,0.9436619718309859,0.36363636363636365,0.19214703425229743,0.4782608695652174,0.25462962962962965,2.3957326892109503,0.12314475431799733,0.19750353360348816
ukzn_ISTN211_2019,UKZN,P_in_leave_one_cohort_out,15,raw,gradient_boosting,280,0.7383545069570477,0.9608938547486033,0.08695652173913043,0.12709030100334448,0.47368421052631576,0.16071428571428573,2.368421052631579,0.06502613763652328,0.06732767826127213
ukzn_ISTN211_2019,UKZN,P_out_other_institutions,47,raw,gradient_boosting,280,0.5442629562411776,0.9398058252427185,0.3111111111111111,0.12709030100334448,0.42105263157894735,0.14285714285714285,2.1052631578947367,0.19273970207114588,0.36725104094245264
ukzn_ISTN211_2021,UKZN,P_in_leave_one_cohort_out,15,raw,gradient_boosting,327,0.9258064516129032,0.9747634069400631,0.2,0.09883720930232558,0.8235294117647058,0.2153846153846154,4.142986425339367,0.040781837068540217,0.0075595770914214586
ukzn_ISTN211_2021,UKZN,P_out_other_institutions,47,raw,gradient_boosting,327,0.8064516129032258,0.9747634069400631,0.2,0.09883720930232558,0.7058823529411765,0.18461538461538463,3.5511312217194573,0.07955566580715151,0.1945334299137142
ukzn_ISTN212_2018,UKZN,P_in_leave_one_cohort_out,15,raw,gradient_boosting,238,0.764526710402999,0.88,0.3684210526315789,0.3120567375886525,0.4318181818181818,0.3958333333333333,2.141098484848485,0.14886368372125786,0.11886405836156239
ukzn_ISTN212_2018,UKZN,P_out_other_institutions,47,raw,gradient_boosting,238,0.776300374882849,0.8319559228650137,0.46017699115044247,0.3120567375886525,0.4772727272727273,0.4375,2.3664772727272725,0.21082485857950792,0.28537969370309024
ukzn_ISTN212_2019,UKZN,P_in_leave_one_cohort_out,15,raw,gradient_boosting,264,0.8126876876876878,0.9246861924686193,0.28,0.2745098039215686,0.5238095238095238,0.41509433962264153,2.6091644204851754,0.10915275214600335,0.024017138870483373
ukzn_ISTN212_2019,UKZN,P_out_other_institutions,47,raw,gradient_boosting,264,0.7168597168597168,0.9015317286652079,0.36619718309859156,0.2745098039215686,0.40476190476190477,0.32075471698113206,2.0161725067385445,0.1879252105042232,0.2639815643484692
ukzn_ISTN2IP_2018,UKZN,P_in_leave_one_cohort_out,15,raw,gradient_boosting,99,0.6821621621621621,0.8402366863905325,0.06896551724137931,0.40322580645161293,0.28,0.35,1.386,0.1785151527584185,0.03930520765536155
ukzn_ISTN2IP_2018,UKZN,P_out_other_institutions,47,raw,gradient_boosting,99,0.6575675675675675,0.8111888111888111,0.509090909090909,0.40322580645161293,0.36,0.45,1.782,0.21902061089220265,0.1847991858527921
ukzn_ISTN2IP_2019,UKZN,P_in_leave_one_cohort_out,15,raw,gradient_boosting,116,0.7702922077922078,0.8627450980392157,0.0,0.3888888888888889,0.5,0.6086956521739131,2.5217391304347827,0.16589285621085512,-0.11235164894240532
ukzn_ISTN2IP_2019,UKZN,P_out_other_institutions,47,raw,gradient_boosting,116,0.6026785714285714,0.6447368421052632,0.325,0.3888888888888889,0.35714285714285715,0.43478260869565216,1.8012422360248446,0.2289119220774109,0.2458158072298399
ukzn_ISTN3ND_2018,UKZN,P_in_leave_one_cohort_out,15,raw,gradient_boosting,144,0.5973986690865094,0.7510917030567685,0.03389830508474576,0.5671641791044776,0.22807017543859648,0.4482758620689655,1.1324863883847551,0.25113071052547453,-0.13105799547167957
ukzn_ISTN3ND_2018,UKZN,P_out_other_institutions,47,raw,gradient_boosting,144,0.5221818915103851,0.6022727272727273,0.375,0.5671641791044776,0.17543859649122806,0.3448275862068966,0.8711433756805809,0.2517079521301391,0.10053437891252642
ukzn_ISTN3ND_2019,UKZN,P_in_leave_one_cohort_out,15,raw,gradient_boosting,223,0.6110335195530726,0.7115384615384616,0.3283582089552239,0.32958801498127344,0.29545454545454547,0.28888888888888886,1.4641414141414142,0.23315674285297264,0.23656689211232604
ukzn_ISTN3ND_2019,UKZN,P_out_other_institutions,47,raw,gradient_boosting,223,0.5358049771457593,0.8652849740932642,0.13333333333333333,0.32958801498127344,0.29545454545454547,0.28888888888888886,1.4641414141414142,0.18249306884792213,0.13959646514213533
ukzn_ISTN3SA_2018,UKZN,P_in_leave_one_cohort_out,15,raw,gradient_boosting,141,0.684084084084084,0.888,0.125,0.3508771929824561,0.36666666666666664,0.39285714285714285,1.8464285714285713,0.1613776027201807,-0.08282956104203301
ukzn_ISTN3SA_2018,UKZN,P_out_other_institutions,47,raw,gradient_boosting,141,0.6121621621621621,0.8706896551724138,0.4,0.3508771929824561,0.36666666666666664,0.39285714285714285,1.8464285714285713,0.1998553898897284,0.19894710337951757
ukzn_ISTN3SA_2019,UKZN,P_in_leave_one_cohort_out,15,raw,gradient_boosting,195,0.5890588235294117,0.9333333333333333,0.2,0.22727272727272727,0.36,0.23076923076923078,1.8000000000000003,0.11012941280112992,0.008144736320808338
ukzn_ISTN3SA_2019,UKZN,P_out_other_institutions,47,raw,gradient_boosting,195,0.48858823529411766,0.6950354609929078,0.2037037037037037,0.22727272727272727,0.24,0.15384615384615385,1.2000000000000002,0.2312660448864894,0.32739690052292175
zambia_ICT1110_2020,Zambia,P_in_leave_one_cohort_out,1,raw,gradient_boosting,65,0.39668367346938777,0.23809523809523808,0.6363636363636364,0.8596491228070176,0.16326530612244897,0.6153846153846154,0.8163265306122449,0.4216739347817491,-0.1824310738233904
zambia_ICT1110_2020,Zambia,P_out_other_institutions,61,raw,gradient_boosting,65,0.5497448979591837,0.4,0.18181818181818182,0.8596491228070176,0.22448979591836735,0.8461538461538461,1.1224489795918366,0.4549890880631282,-0.5080016333143456
zambia_ICT1110_2021,Zambia,P_in_leave_one_cohort_out,1,raw,gradient_boosting,52,0.31484375,0.0,0.7469879518072289,0.761904761904762,0.125,0.4,0.65,0.3913644244957069,0.3307337738792345
zambia_ICT1110_2021,Zambia,P_out_other_institutions,61,raw,gradient_boosting,52,0.5765625,0.0,0.7619047619047619,0.761904761904762,0.21875,0.7,1.1375,0.23993556294920043,0.042181297036408494
oviedo_C1112_1415,Oviedo,P_in_leave_one_cohort_out,19,raw,gradient_boosting,199,0.7475579975579976,0.7109375,0.4788732394366197,0.7035830618892508,0.35185185185185186,0.95,1.7504629629629629,0.2275542413963577,-0.1637677213355045
oviedo_C1112_1415,Oviedo,P_out_other_institutions,43,raw,gradient_boosting,199,0.8061151811151811,0.6946564885496184,0.4117647058823529,0.7035830618892508,0.37037037037037035,1.0,1.8425925925925926,0.2727743912522697,-0.2774960519412487
oviedo_C1127_1415,Oviedo,P_in_leave_one_cohort_out,19,raw,gradient_boosting,106,0.6347110600841945,0.810126582278481,0.4444444444444444,0.5379310344827586,0.358974358974359,0.6666666666666666,1.811965811965812,0.2040489078668713,0.027215671281011045
oviedo_C1127_1415,Oviedo,P_out_other_institutions,43,raw,gradient_boosting,106,0.6743207041714504,0.825,0.46153846153846156,0.5379310344827586,0.358974358974359,0.6666666666666666,1.811965811965812,0.2100984578229537,-0.12793665737612536
oviedo_C1200_1415,Oviedo,P_in_leave_one_cohort_out,19,raw,gradient_boosting,107,0.6213662790697674,0.624,0.47191011235955055,0.7485380116959064,0.296875,0.9047619047619048,1.5126488095238098,0.2621217912498048,-0.19274776452782166
oviedo_C1200_1415,Oviedo,P_out_other_institutions,43,raw,gradient_boosting,107,0.674781976744186,0.5873015873015873,0.4090909090909091,0.7485380116959064,0.25,0.7619047619047619,1.2738095238095237,0.31179374791312925,-0.24444125256239763
oviedo_C1303_1415,Oviedo,P_in_leave_one_cohort_out,19,raw,gradient_boosting,112,0.5534013605442177,0.4782608695652174,0.6363636363636364,0.7692307692307693,0.2,0.6363636363636364,1.018181818181818,0.2542996012489945,-0.1160126846138011
oviedo_C1303_1415,Oviedo,P_out_other_institutions,43,raw,gradient_boosting,112,0.6425170068027211,0.5333333333333333,0.29213483146067415,0.7692307692307693,0.22857142857142856,0.7272727272727273,1.1636363636363636,0.28111261253421943,-0.24696261546762027
oviedo_C174_1415,Oviedo,P_in_leave_one_cohort_out,19,raw,gradient_boosting,96,0.6888888888888889,0.6597938144329897,0.6526315789473685,0.6382978723404256,0.28888888888888886,0.6842105263157895,1.4596491228070176,0.22754836253373523,0.06645953933311477
oviedo_C174_1415,Oviedo,P_out_other_institutions,43,raw,gradient_boosting,96,0.44270152505446625,0.42016806722689076,0.0547945205479452,0.6382978723404256,0.044444444444444446,0.10526315789473684,0.2245614035087719,0.3329180805012457,-0.07073920636323355
oviedo_C190_1415,Oviedo,P_in_leave_one_cohort_out,19,raw,gradient_boosting,112,0.5218579234972678,0.589041095890411,0.23076923076923078,0.7052023121387282,0.22950819672131148,0.6363636363636364,1.1684053651266766,0.29354049878932587,-0.16480426852210162
oviedo_C190_1415,Oviedo,P_out_other_institutions,43,raw,gradient_boosting,112,0.5239472838315654,0.6056338028169014,0.3170731707317073,0.7052023121387282,0.21311475409836064,0.5909090909090909,1.0849478390462,0.3412465922471934,-0.22830896717681015
oviedo_C1978_1415,Oviedo,P_in_leave_one_cohort_out,19,raw,gradient_boosting,164,0.7752394988946205,0.8434782608695652,0.6326530612244898,0.43809523809523815,0.5434782608695652,0.7575757575757576,2.7009222661396572,0.18811245305750934,0.17731876655774026
oviedo_C1978_1415,Oviedo,P_out_other_institutions,43,raw,gradient_boosting,164,0.8062822402358143,0.9068825910931174,0.7160493827160493,0.43809523809523815,0.5869565217391305,0.8181818181818182,2.91699604743083,0.1395288921744615,0.09567434450446444
oviedo_C2011_1415,Oviedo,P_in_leave_one_cohort_out,19,raw,gradient_boosting,120,0.7663666121112929,0.8571428571428571,0.5517241379310345,0.3561643835616438,0.5769230769230769,0.625,2.8846153846153846,0.18503713395339555,0.2171917211886652
oviedo_C2011_1415,Oviedo,P_out_other_institutions,43,raw,gradient_boosting,120,0.7966448445171849,0.8958333333333334,0.5833333333333334,0.3561643835616438,0.5769230769230769,0.625,2.8846153846153846,0.13353535375690276,0.1370697747866173
oviedo_C2024_1415,Oviedo,P_in_leave_one_cohort_out,19,raw,gradient_boosting,327,0.5824125874125874,0.7576374745417516,0.26993865030674846,0.27440633245382584,0.28846153846153844,0.23076923076923078,1.4511834319526629,0.23184080641411386,0.30364520389939764
oviedo_C2024_1415,Oviedo,P_out_other_institutions,43,raw,gradient_boosting,327,0.5570979020979022,0.8972602739726028,0.14285714285714285,0.27440633245382584,0.2692307692307692,0.2153846153846154,1.3544378698224853,0.1591601055957429,0.11106030262564684
oviedo_C2150_1415,Oviedo,P_in_leave_one_cohort_out,19,raw,gradient_boosting,106,0.6078799249530957,0.7153284671532847,0.48,0.5578231292517007,0.24390243902439024,0.47619047619047616,1.2311265969802554,0.236360433741807,0.03560875118554824
oviedo_C2150_1415,Oviedo,P_out_other_institutions,43,raw,gradient_boosting,106,0.7272045028142589,0.7891156462585034,0.5230769230769231,0.5578231292517007,0.34146341463414637,0.6666666666666666,1.7235772357723576,0.21608393177990579,-0.07865856661675608
oviedo_C2271_1415,Oviedo,P_in_leave_one_cohort_out,19,raw,gradient_boosting,596,0.671374546129485,0.7747318235995232,0.46458923512747874,0.5860023724792408,0.3522267206477733,0.7310924369747899,1.7640934916476712,0.21982781318301303,-0.05007338111715792
oviedo_C2271_1415,Oviedo,P_out_other_institutions,43,raw,gradient_boosting,596,0.6805621614096957,0.7649667405764967,0.2689655172413793,0.5860023724792408,0.3441295546558704,0.7142857142857143,1.7235396182764604,0.23030917564803513,-0.12186484069590503
oviedo_C2335_1415,Oviedo,P_in_leave_one_cohort_out,19,raw,gradient_boosting,428,0.4907421289355322,0.27755102040816326,0.7103109656301145,0.807799442896936,0.19655172413793104,0.6627906976744186,0.978187650360866,0.2497127980286943,-0.05213168962876824
oviedo_C2335_1415,Oviedo,P_out_other_institutions,43,raw,gradient_boosting,428,0.578248375812094,0.4918793503480278,0.48470588235294115,0.807799442896936,0.23793103448275862,0.8023255813953488,1.1841218925421009,0.2693191429496831,-0.19791002667146784
oviedo_C2406_1415,Oviedo,P_in_leave_one_cohort_out,19,raw,gradient_boosting,133,0.6087951807228915,0.5277777777777778,0.4426229508196721,0.7685185185185186,0.24096385542168675,0.7407407407407407,1.186970102632753,0.2976413974658081,-0.24203616802850647
oviedo_C2406_1415,Oviedo,P_out_other_institutions,43,raw,gradient_boosting,133,0.6932530120481929,0.5454545454545454,0.375,0.7685185185185186,0.24096385542168675,0.7407407407407407,1.186970102632753,0.3634781649740417,-0.3227298169093848
oviedo_C2468_1415,Oviedo,P_in_leave_one_cohort_out,19,raw,gradient_boosting,82,0.6621058893515764,0.7346938775510204,0.6060606060606061,0.6666666666666666,0.36585365853658536,0.9375,1.875,0.21621803335200432,-0.041814576559010275
oviedo_C2468_1415,Oviedo,P_out_other_institutions,43,raw,gradient_boosting,82,0.6760856632956574,0.7207207207207207,0.41509433962264153,0.6666666666666666,0.34146341463414637,0.875,1.75,0.24469203448679222,-0.16880239283009651
oviedo_C2607_1415,Oviedo,P_in_leave_one_cohort_out,19,raw,gradient_boosting,277,0.6767391888262154,0.4880952380952381,0.7772020725388601,0.8482328482328483,0.22058823529411764,0.8181818181818182,1.11096256684492,0.2091661529107738,-0.16518930081124827
oviedo_C2607_1415,Oviedo,P_out_other_institutions,43,raw,gradient_boosting,277,0.9048146655922643,0.5625,0.6241610738255033,0.8482328482328483,0.2696078431372549,1.0,1.3578431372549018,0.21508101023493492,-0.27728203670370055
oviedo_C3022_1415,Oviedo,P_in_leave_one_cohort_out,19,raw,gradient_boosting,238,0.6086505190311419,0.4595744680851064,0.4730290456431535,0.4444444444444445,0.29411764705882354,0.4166666666666667,1.4583333333333335,0.33024646589156137,0.3476963167295043
oviedo_C3022_1415,Oviedo,P_out_other_institutions,43,raw,gradient_boosting,238,0.6865051903114185,0.6759581881533101,0.5079365079365079,0.4444444444444445,0.3382352941176471,0.4791666666666667,1.6770833333333335,0.2512845765279207,0.24645091734254887
oviedo_C3029_1415,Oviedo,P_in_leave_one_cohort_out,19,raw,gradient_boosting,231,0.46901528013582344,0.22797927461139897,0.44609665427509293,0.49511400651465803,0.17105263157894737,0.2826086956521739,0.8589816933638443,0.37278076029409024,0.3326019312720048
oviedo_C3029_1415,Oviedo,P_out_other_institutions,43,raw,gradient_boosting,231,0.5559847198641765,0.34,0.4961832061068702,0.49511400651465803,0.2631578947368421,0.43478260869565216,1.3215102974828374,0.4765094832283649,0.45997882296739295
oviedo_C4189_1415,Oviedo,P_in_leave_one_cohort_out,19,raw,gradient_boosting,128,0.45894607843137253,0.0,0.6382978723404256,0.6382978723404256,0.16666666666666666,0.38461538461538464,0.8205128205128206,0.29859679717442095,0.19873989695818806
oviedo_C4189_1415,Oviedo,P_out_other_institutions,43,raw,gradient_boosting,128,0.5305147058823529,0.2823529411764706,0.6432748538011696,0.6382978723404256,0.21666666666666667,0.5,1.0666666666666667,0.31821035726761937,0.19922994767854307
oviedo_C4213_1415,Oviedo,P_in_leave_one_cohort_out,19,raw,gradient_boosting,140,0.6497175141242938,0.7589743589743589,0.4470588235294118,0.592964824120603,0.3389830508474576,0.7142857142857143,1.694915254237288,0.23289086733620304,-0.11043737393561226
oviedo_C4213_1415,Oviedo,P_out_other_institutions,43,raw,gradient_boosting,140,0.71584013391923,0.7647058823529411,0.3684210526315789,0.592964824120603,0.3728813559322034,0.7857142857142857,1.8644067796610169,0.2295903999820331,-0.1597502527683935
oviedo_C836_1415,Oviedo,P_in_leave_one_cohort_out,19,raw,gradient_boosting,87,0.700845665961945,0.7047619047619048,0.5507246376811594,0.6717557251908397,0.29545454545454547,0.7647058823529411,1.512032085561497,0.2234103461591681,-0.07251521752281415
oviedo_C836_1415,Oviedo,P_out_other_institutions,43,raw,gradient_boosting,87,0.7103594080338266,0.7241379310344828,0.4482758620689655,0.6717557251908397,0.3409090909090909,0.8823529411764706,1.744652406417112,0.24618125679295325,-0.18173600355700792
oulad_AAA_2013J,OULAD,P_in_leave_one_cohort_out,18,raw,logistic_regression,383,0.816032887975334,0.8707964601769912,0.6368159203980099,0.430327868852459,0.5047619047619047,0.6883116883116883,2.5106988249845394,0.1441298503161129,0.10456525014026435
oulad_AAA_2013J,OULAD,P_out_other_institutions,44,raw,logistic_regression,383,0.7659129838985955,0.8440677966101695,0.4772727272727273,0.430327868852459,0.41904761904761906,0.5714285714285714,2.0843537414965985,0.18121903114060064,0.11740099456136777
oulad_AAA_2014J,OULAD,P_in_leave_one_cohort_out,18,raw,logistic_regression,365,0.8328627893845285,0.8526522593320236,0.6606334841628959,0.469601677148847,0.5267857142857143,0.8082191780821918,2.633928571428571,0.1458990381234485,0.10557038480004505
oulad_AAA_2014J,OULAD,P_out_other_institutions,44,raw,logistic_regression,365,0.7279785431959346,0.8305400372439479,0.5284974093264249,0.469601677148847,0.4375,0.6712328767123288,2.1875,0.19462133790157554,0.10409233823977748
oulad_BBB_2013B,OULAD,P_in_leave_one_cohort_out,18,raw,logistic_regression,1767,0.8958999705461367,0.8387451843698404,0.8293535235876529,0.7059685097034054,0.3651452282157676,0.9971671388101983,1.8277949525701453,0.11945078722268367,0.005032956060248783
oulad_BBB_2013B,OULAD,P_out_other_institutions,44,raw,logistic_regression,1767,0.8443092035571997,0.7856025039123631,0.7458256029684601,0.7059685097034054,0.32987551867219916,0.9008498583569405,1.65124657646962,0.18490689311528488,-0.09896605256714086
oulad_BBB_2013J,OULAD,P_in_leave_one_cohort_out,18,raw,logistic_regression,2237,0.9179108481199153,0.8186528497409327,0.8362398979157806,0.684891240446796,0.3828326180257511,0.9977628635346756,1.9158759877485576,0.1166954114817852,0.08422237789449016
oulad_BBB_2013J,OULAD,P_out_other_institutions,44,raw,logistic_regression,2237,0.869461037089232,0.8232445520581114,0.7805611222444889,0.684891240446796,0.36394849785407724,0.9485458612975392,1.8213708941824853,0.1654709237477664,-0.06768692287910266
oulad_BBB_2014B,OULAD,P_in_leave_one_cohort_out,18,raw,logistic_regression,1613,0.9095590586876399,0.8276307295029051,0.8407871198568873,0.7090836334533814,0.36455981941309257,1.0,1.8205417607223477,0.11487325794957146,0.04901423433780927
oulad_BBB_2014B,OULAD,P_out_other_institutions,44,raw,logistic_regression,1613,0.8682314840977332,0.799081515499426,0.7641509433962265,0.7090836334533814,0.3510158013544018,0.9628482972136223,1.7529055343178022,0.17394332739348523,-0.0985136566560646
oulad_BBB_2014J,OULAD,P_in_leave_one_cohort_out,18,raw,logistic_regression,2292,0.9066341526559454,0.799449288664525,0.8182952182952183,0.6643356643356644,0.4,0.9956331877729258,2.0017467248908294,0.1390048290448963,0.12322350950458438
oulad_BBB_2014J,OULAD,P_out_other_institutions,44,raw,logistic_regression,2292,0.8806983278508772,0.838022813688213,0.781985670419652,0.6643356643356644,0.3973684210526316,0.9890829694323144,1.9885773385428636,0.16018562037498368,-0.050003418277952516
oulad_CCC_2014B,OULAD,P_in_leave_one_cohort_out,18,raw,logistic_regression,1936,0.9257487271904351,0.8029004614370469,0.873036093418259,0.7933935805546899,0.3040062843676355,1.0,1.5208169677926158,0.10598292006114028,-0.028072331767156622
oulad_CCC_2014B,OULAD,P_out_other_institutions,44,raw,logistic_regression,1936,0.8977249973044992,0.6811145510835913,0.6804550155118925,0.7933935805546899,0.3032207384131972,0.9974160206718347,1.5168872081859166,0.22863170866284366,-0.3075190786122985
oulad_CCC_2014J,OULAD,P_in_leave_one_cohort_out,18,raw,logistic_regression,2498,0.9067577038953791,0.8150744960560912,0.8445099484156227,0.7450389349409695,0.33580579905596764,0.996,1.6776857720836145,0.11620817039892078,-0.01936555028567044
oulad_CCC_2014J,OULAD,P_out_other_institutions,44,raw,logistic_regression,2498,0.8844417353985565,0.7213467048710601,0.647005444646098,0.7450389349409695,0.3337828725556305,0.99,1.66757923128793,0.2231245055386135,-0.279613183035497
oulad_DDD_2013B,OULAD,P_in_leave_one_cohort_out,18,raw,logistic_regression,1303,0.8925969883539797,0.7665399239543726,0.7621998450813323,0.7566793893129771,0.3291298865069357,1.0,1.6431273644388398,0.15136220842723597,-0.11637696080023968
oulad_DDD_2013B,OULAD,P_out_other_institutions,44,raw,logistic_regression,1303,0.8646440669584351,0.7091800981079187,0.6480067854113656,0.7566793893129771,0.32786885245901637,0.9961685823754789,1.636831857295396,0.21072470349612638,-0.219668718285986
oulad_DDD_2013J,OULAD,P_in_leave_one_cohort_out,18,raw,logistic_regression,1938,0.9090759777715174,0.8163059889280322,0.806776071995765,0.7279291106005907,0.3489630297565374,0.9974226804123711,1.7430163702787875,0.12594906008501844,-0.059160356975567985
oulad_DDD_2013J,OULAD,P_out_other_institutions,44,raw,logistic_regression,1938,0.8889446039151105,0.7630968938340288,0.7027341477603257,0.7279291106005907,0.3480613165013526,0.9948453608247423,1.7385124520093334,0.18548832228711262,-0.17420416125065086
oulad_DDD_2014B,OULAD,P_in_leave_one_cohort_out,18,raw,logistic_regression,1228,0.9082562414464938,0.8065915004336514,0.8288564850345357,0.7577137076378352,0.32710280373831774,0.9959349593495935,1.6328546463034723,0.11979362214136034,-0.04962663752530094
oulad_DDD_2014B,OULAD,P_out_other_institutions,44,raw,logistic_regression,1228,0.8896845062728035,0.7490165224232888,0.7308016877637131,0.7577137076378352,0.32710280373831774,0.9959349593495935,1.6328546463034723,0.1900681582129877,-0.19371612337122962
oulad_DDD_2014J,OULAD,P_in_leave_one_cohort_out,18,raw,logistic_regression,1803,0.8900166351946767,0.8002213613724405,0.7993329627570873,0.718550106609808,0.35311572700296734,0.9889196675900277,1.763622315197646,0.13272671785316623,-0.02442742699923328
oulad_DDD_2014J,OULAD,P_out_other_institutions,44,raw,logistic_regression,1803,0.8322755247829432,0.7430555555555556,0.6742138364779874,0.718550106609808,0.3323442136498516,0.9307479224376731,1.6598798260683727,0.19921088617049712,-0.14673921604335466
oulad_EEE_2013J,OULAD,P_in_leave_one_cohort_out,18,raw,logistic_regression,1052,0.9305637410253275,0.9027237354085603,0.8473748473748474,0.5926421404682275,0.47404063205417607,1.0,2.3747178329571104,0.09214053661009496,0.04060949318534929
oulad_EEE_2013J,OULAD,P_out_other_institutions,44,raw,logistic_regression,1052,0.8730368772401933,0.8405172413793104,0.6882022471910112,0.5926421404682275,0.43340857787810383,0.9142857142857143,2.171170590132215,0.15995203431747046,-0.05020501725391774
oulad_EEE_2014B,OULAD,P_in_leave_one_cohort_out,18,raw,logistic_regression,694,0.9292072912250954,0.8894601542416453,0.8590163934426229,0.6537342386032978,0.4124629080118694,1.0,2.059347181008902,0.09705382465145337,0.030103885649857165
oulad_EEE_2014B,OULAD,P_out_other_institutions,44,raw,logistic_regression,694,0.8917371102743769,0.8092485549132948,0.6845124282982792,0.6537342386032978,0.4065281899109792,0.9856115107913669,2.029716286318126,0.16894842655919595,-0.1105231952556106
oulad_EEE_2014J,OULAD,P_in_leave_one_cohort_out,18,raw,logistic_regression,1188,0.9328616680590365,0.9123287671232877,0.8602620087336245,0.5957446808510638,0.4722222222222222,1.0,2.357142857142857,0.08983589137257032,0.055112599017419384
oulad_EEE_2014J,OULAD,P_out_other_institutions,44,raw,logistic_regression,1188,0.88986064698784,0.8567758509955041,0.7277167277167277,0.5957446808510638,0.4623015873015873,0.9789915966386554,2.307623049219688,0.15040041513937313,-0.04645564085998982
oulad_FFF_2013B,OULAD,P_in_leave_one_cohort_out,18,raw,logistic_regression,1614,0.8981009000590202,0.8276243093922652,0.7799717912552891,0.6802943581357318,0.38822115384615385,1.0,1.9399038461538463,0.13265369584889591,-0.058107427959261826
oulad_FFF_2013B,OULAD,P_out_other_institutions,44,raw,logistic_regression,1614,0.8425173372024396,0.7591836734693878,0.6277602523659306,0.6802943581357318,0.36778846153846156,0.9473684210526315,1.8378036437246965,0.1974805121417645,-0.16502784044065333
oulad_FFF_2013J,OULAD,P_in_leave_one_cohort_out,18,raw,logistic_regression,2283,0.9311586181449196,0.8672350791717418,0.8445078459343794,0.6845289541918754,0.3846801346801347,1.0,1.9217171717171717,0.09857825187105511,-0.023978164946420966
oulad_FFF_2013J,OULAD,P_out_other_institutions,44,raw,logistic_regression,2283,0.8786633457866333,0.7860882572924458,0.6976744186046512,0.6845289541918754,0.3686868686868687,0.9584245076586433,1.841820834162191,0.17608987227165424,-0.15586628064671387
oulad_FFF_2014B,OULAD,P_in_leave_one_cohort_out,18,raw,logistic_regression,1500,0.9183222359583868,0.8338937457969066,0.836748182419035,0.7212276214833758,0.3534278959810875,0.9966666666666667,1.7671394799054376,0.1135991955751714,-0.029235633906821157
oulad_FFF_2014B,OULAD,P_out_other_institutions,44,raw,logistic_regression,1500,0.8748111277390997,0.7488151658767772,0.676829268292683,0.7212276214833758,0.34515366430260047,0.9733333333333334,1.7257683215130026,0.19186564814419765,-0.19060768981278647
oulad_FFF_2014J,OULAD,P_in_leave_one_cohort_out,18,raw,logistic_regression,2365,0.9451405148864863,0.885954381752701,0.8722545943523083,0.6908386382507611,0.3782051282051282,0.9978858350951374,1.891025641025641,0.08786818299988922,-0.03306475724961244
oulad_FFF_2014J,OULAD,P_out_other_institutions,44,raw,logistic_regression,2365,0.9122528005417443,0.8192408868846298,0.7675205413243112,0.6908386382507611,0.36939102564102566,0.9746300211416491,1.8469551282051282,0.15798593474595515,-0.16807991692550805
ku_Accountancy_1819,KU Leuven,P_in_leave_one_cohort_out,5,raw,logistic_regression,756,0.701238752877171,0.8125516102394715,0.24584717607973422,0.4587155963302752,0.3333333333333333,0.4966887417218543,1.6688741721854303,0.20237943857383311,0.09092774035876705
ku_Accountancy_1819,KU Leuven,P_out_other_institutions,57,raw,logistic_regression,756,0.6840970914417241,0.8094079480940795,0.15770609318996415,0.4587155963302752,0.36,0.5364238410596026,1.8023841059602648,0.20353510233628141,0.021000105837635674
ku_Globaleconom_1819,KU Leuven,P_in_leave_one_cohort_out,5,raw,logistic_regression,743,0.5832977548767022,0.6232876712328768,0.45901639344262296,0.6086142322097378,0.24923076923076923,0.5436241610738255,1.2428084667010841,0.24119334477927531,0.02931413042705866
ku_Globaleconom_1819,KU Leuven,P_out_other_institutions,57,raw,logistic_regression,743,0.6389473684210526,0.7148217636022514,0.2761904761904762,0.6086142322097378,0.27384615384615385,0.5973154362416108,1.3655549819308208,0.2425373166262819,-0.040956377718754544
ku_Accountancy_1920,KU Leuven,P_in_leave_one_cohort_out,5,raw,logistic_regression,711,0.6966197974233996,0.8145580589254766,0.20149253731343283,0.48723404255319147,0.33624454148471616,0.5422535211267606,1.6835906267298113,0.20210751799677876,0.04657059222039539
ku_Accountancy_1920,KU Leuven,P_out_other_institutions,57,raw,logistic_regression,711,0.7088414357933646,0.8125544899738448,0.21818181818181817,0.48723404255319147,0.3537117903930131,0.5704225352112676,1.7710498800664247,0.19577568856766328,0.007864216839673088
ku_Globaleconom_1920,KU Leuven,P_in_leave_one_cohort_out,5,raw,logistic_regression,681,0.7325951210419629,0.8499550763701708,0.3293172690763052,0.3938679245283019,0.41916167664670656,0.5147058823529411,2.0988904543853466,0.16132642427615063,-0.002788173232359581
ku_Globaleconom_1920,KU Leuven,P_out_other_institutions,57,raw,logistic_regression,681,0.7180794053915516,0.8517179023508138,0.359375,0.3938679245283019,0.3772455089820359,0.4632352941176471,1.8890014089468123,0.1719419042028275,-0.03918738715025724
ku_Accountancy_2021,KU Leuven,P_in_leave_one_cohort_out,5,raw,logistic_regression,725,0.6946551035959214,0.8219852337981952,0.06060606060606061,0.4607218683651805,0.35944700460829493,0.5379310344827586,1.7972350230414744,0.20036912448446026,-0.10051390370351321
ku_Accountancy_2021,KU Leuven,P_out_other_institutions,57,raw,logistic_regression,725,0.6486628687543089,0.8252666119770303,0.07792207792207792,0.4607218683651805,0.3317972350230415,0.496551724137931,1.6589861751152073,0.21529949094443251,-0.1273062976914387
ku_Globaleconom_2021,KU Leuven,P_in_leave_one_cohort_out,5,raw,logistic_regression,335,0.6808032529604794,0.6853448275862069,0.2912621359223301,0.6546184738955823,0.2883435582822086,0.7014925373134329,1.441717791411043,0.2573769887312875,-0.17905205393475315
ku_Globaleconom_2021,KU Leuven,P_out_other_institutions,57,raw,logistic_regression,335,0.6364673990583536,0.680672268907563,0.21649484536082475,0.6546184738955823,0.294478527607362,0.7164179104477612,1.4723926380368098,0.2666349974644197,-0.1630521080054504
ukzn_ISTN101_2019,UKZN,P_in_leave_one_cohort_out,15,raw,logistic_regression,1056,0.6605566912644596,0.905974025974026,0.03208556149732621,0.2967741935483871,0.3695652173913043,0.3222748815165877,1.8495775808778074,0.13688831221239595,-0.05100833402339251
ukzn_ISTN101_2019,UKZN,P_out_other_institutions,47,raw,logistic_regression,1056,0.6169849421619465,0.8587634713556438,0.28653295128939826,0.2967741935483871,0.34782608695652173,0.3033175355450237,1.7407788996497013,0.210662802657996,0.2665949066753497
ukzn_ISTN101_2020,UKZN,P_in_leave_one_cohort_out,15,raw,logistic_regression,978,0.7708310450121922,0.9638297872340426,0.10526315789473684,0.09542356377799414,0.5714285714285714,0.14285714285714285,2.8513119533527695,0.06888378069167667,0.1136587732881314
ukzn_ISTN101_2020,UKZN,P_out_other_institutions,47,raw,logistic_regression,978,0.7523121196810263,0.9146410401356698,0.1925133689839572,0.09542356377799414,0.46938775510204084,0.11734693877551021,2.342149104539775,0.17278349917202107,0.3406563075212127
ukzn_ISTN101_2021,UKZN,P_in_leave_one_cohort_out,15,raw,logistic_regression,741,0.8354169593107647,0.9576271186440678,0.09090909090909091,0.15671641791044774,0.6984126984126984,0.2972972972972973,3.496782496782497,0.06521546568018496,-0.045269740515119464
ukzn_ISTN101_2021,UKZN,P_out_other_institutions,47,raw,logistic_regression,741,0.7834199559863276,0.9444444444444444,0.3333333333333333,0.15671641791044774,0.5555555555555556,0.23648648648648649,2.7815315315315314,0.1189468127273159,0.22819028867522081
ukzn_ISTN102_2018,UKZN,P_in_leave_one_cohort_out,15,raw,logistic_regression,257,0.6936663554310614,0.8545034642032333,0.2222222222222222,0.4184615384615385,0.39705882352941174,0.5294117647058824,2.0008650519031144,0.17451458363438938,-0.006822220331592965
ukzn_ISTN102_2018,UKZN,P_out_other_institutions,47,raw,logistic_regression,257,0.6798163709928415,0.7957559681697612,0.43795620437956206,0.4184615384615385,0.3382352941176471,0.45098039215686275,1.7044405997693195,0.21757757961102756,0.199181361449349
ukzn_ISTN103_2019,UKZN,P_in_leave_one_cohort_out,15,raw,logistic_regression,1113,0.6895325953259532,0.8439125910509886,0.013157894736842105,0.4246284501061571,0.3333333333333333,0.4484304932735426,1.6636771300448432,0.18314714632139467,-0.04911832966105692
ukzn_ISTN103_2019,UKZN,P_out_other_institutions,47,raw,logistic_regression,1113,0.6795161951619516,0.766390833863781,0.4396946564885496,0.4246284501061571,0.34,0.45739910313901344,1.69695067264574,0.221065959501691,0.19387259185543093
ukzn_ISTN103_2020,UKZN,P_in_leave_one_cohort_out,15,raw,logistic_regression,1082,0.8177599928060789,0.946078431372549,0.11290322580645161,0.19214703425229743,0.6086956521739131,0.32407407407407407,3.049114331723027,0.07870239973886024,0.018206379536701234
ukzn_ISTN103_2020,UKZN,P_out_other_institutions,47,raw,logistic_regression,1082,0.826986196663819,0.9501726689689196,0.26277372262773724,0.19214703425229743,0.6347826086956522,0.33796296296296297,3.179790660225443,0.10278876652676773,0.154444809317219
ukzn_ISTN211_2019,UKZN,P_in_leave_one_cohort_out,15,raw,logistic_regression,280,0.7656785642266587,0.9666666666666667,0.1,0.12709030100334448,0.5263157894736842,0.17857142857142858,2.6315789473684212,0.06466677769776838,0.08050965390888641
ukzn_ISTN211_2019,UKZN,P_out_other_institutions,47,raw,logistic_regression,280,0.7207098205283323,0.931237721021611,0.3137254901960784,0.12709030100334448,0.47368421052631576,0.16071428571428573,2.368421052631579,0.18932343595043075,0.36510242174302016
ukzn_ISTN211_2021,UKZN,P_in_leave_one_cohort_out,15,raw,logistic_regression,327,0.8888045540796965,0.9748427672955975,0.1111111111111111,0.09883720930232558,0.8235294117647058,0.2153846153846154,4.142986425339367,0.03994045549904446,0.002791378133077678
ukzn_ISTN211_2021,UKZN,P_out_other_institutions,47,raw,logistic_regression,327,0.8584440227703984,0.9730586370839936,0.2608695652173913,0.09883720930232558,0.7058823529411765,0.18461538461538463,3.5511312217194573,0.07975263042427211,0.19758200394562736
ukzn_ISTN212_2018,UKZN,P_in_leave_one_cohort_out,15,raw,logistic_regression,238,0.7777647610121837,0.8957345971563981,0.18518518518518517,0.3120567375886525,0.38636363636363635,0.3541666666666667,1.915719696969697,0.1375940557161645,0.09223464650121727
ukzn_ISTN212_2018,UKZN,P_out_other_institutions,47,raw,logistic_regression,238,0.7776476101218368,0.8215297450424929,0.4878048780487805,0.3120567375886525,0.4772727272727273,0.4375,2.3664772727272725,0.21329766754198123,0.2898774107441555
ukzn_ISTN212_2019,UKZN,P_in_leave_one_cohort_out,15,raw,logistic_regression,264,0.8204633204633205,0.9230769230769231,0.2127659574468085,0.2745098039215686,0.5476190476190477,0.4339622641509434,2.7277628032345014,0.11164592836073509,0.0405388116800863
ukzn_ISTN212_2019,UKZN,P_out_other_institutions,47,raw,logistic_regression,264,0.7701630201630202,0.8848758465011287,0.4,0.2745098039215686,0.42857142857142855,0.33962264150943394,2.1347708894878705,0.18156235995482833,0.2598014491882018
ukzn_ISTN2IP_2018,UKZN,P_in_leave_one_cohort_out,15,raw,logistic_regression,99,0.7205405405405405,0.8488372093023255,0.0,0.40322580645161293,0.28,0.35,1.386,0.17288186247189155,0.005834140428022716
ukzn_ISTN2IP_2018,UKZN,P_out_other_institutions,47,raw,logistic_regression,99,0.688108108108108,0.810126582278481,0.25,0.40322580645161293,0.24,0.3,1.188,0.22033046172998624,0.18511942132616122
ukzn_ISTN2IP_2019,UKZN,P_in_leave_one_cohort_out,15,raw,logistic_regression,116,0.7918019480519481,0.8627450980392157,0.0,0.3888888888888889,0.5357142857142857,0.6521739130434783,2.701863354037267,0.16152293005768545,-0.09308431456112384
ukzn_ISTN2IP_2019,UKZN,P_out_other_institutions,47,raw,logistic_regression,116,0.6911525974025974,0.7435897435897436,0.47368421052631576,0.3888888888888889,0.5,0.6086956521739131,2.5217391304347827,0.21495279816137733,0.2311118928618082
ukzn_ISTN3ND_2018,UKZN,P_in_leave_one_cohort_out,15,raw,logistic_regression,144,0.5922565033272837,0.7510917030567685,0.03389830508474576,0.5671641791044776,0.2631578947368421,0.5172413793103449,1.3067150635208713,0.24368357214727088,-0.10323338349031724
ukzn_ISTN3ND_2018,UKZN,P_out_other_institutions,47,raw,logistic_regression,144,0.5438596491228069,0.4931506849315068,0.4788732394366197,0.5671641791044776,0.21052631578947367,0.41379310344827586,1.045372050816697,0.2492573298668986,0.10245642910715347
ukzn_ISTN3ND_2019,UKZN,P_in_leave_one_cohort_out,15,raw,logistic_regression,223,0.5674200101574403,0.865979381443299,0.10344827586206896,0.32958801498127344,0.2727272727272727,0.26666666666666666,1.3515151515151516,0.17802019555683107,0.10809661684724567
ukzn_ISTN3ND_2019,UKZN,P_out_other_institutions,47,raw,logistic_regression,223,0.6518537328593195,0.8035190615835777,0.3619047619047619,0.32958801498127344,0.29545454545454547,0.28888888888888886,1.4641414141414142,0.22325323255101134,0.253529254102944
ukzn_ISTN3SA_2018,UKZN,P_in_leave_one_cohort_out,15,raw,logistic_regression,141,0.6792792792792794,0.888,0.125,0.3508771929824561,0.4,0.42857142857142855,2.0142857142857142,0.15952332261143992,-0.07300003902764218
ukzn_ISTN3SA_2018,UKZN,P_out_other_institutions,47,raw,logistic_regression,141,0.6468468468468469,0.8695652173913043,0.4230769230769231,0.3508771929824561,0.4,0.42857142857142855,2.0142857142857142,0.19439794325818657,0.19397353061465353
ukzn_ISTN3SA_2019,UKZN,P_in_leave_one_cohort_out,15,raw,logistic_regression,195,0.6000000000000001,0.9362880886426593,0.20689655172413793,0.22727272727272727,0.36,0.23076923076923078,1.8000000000000003,0.10783588626590615,-0.00019779801674082997
ukzn_ISTN3SA_2019,UKZN,P_out_other_institutions,47,raw,logistic_regression,195,0.5190588235294118,0.7987012987012987,0.24390243902439024,0.22727272727272727,0.28,0.1794871794871795,1.4000000000000001,0.21215547302253265,0.3065921136066398
zambia_ICT1110_2020,Zambia,P_in_leave_one_cohort_out,1,raw,logistic_regression,65,0.6709183673469388,0.4888888888888889,0.7294117647058823,0.8596491228070176,0.24489795918367346,0.9230769230769231,1.2244897959183674,0.22978477034314626,-0.20777725472190378
zambia_ICT1110_2020,Zambia,P_out_other_institutions,61,raw,logistic_regression,65,0.5612244897959184,0.36363636363636365,0.07547169811320754,0.8596491228070176,0.22448979591836735,0.8461538461538461,1.1224489795918366,0.48742044434196274,-0.4972891833902286
zambia_ICT1110_2021,Zambia,P_in_leave_one_cohort_out,1,raw,logistic_regression,52,0.49218750000000006,0.0,0.7619047619047619,0.761904761904762,0.1875,0.6,0.9749999999999999,0.291044047741598,0.23222700325215695
zambia_ICT1110_2021,Zambia,P_out_other_institutions,61,raw,logistic_regression,52,0.5984375,0.16666666666666666,0.75,0.761904761904762,0.28125,0.9,1.4625,0.2356498836807281,0.005154802677223014
oviedo_C1112_1415,Oviedo,P_in_leave_one_cohort_out,19,raw,logistic_regression,199,0.7938542938542938,0.6973180076628352,0.4233576642335766,0.7035830618892508,0.35185185185185186,0.95,1.7504629629629629,0.2277697569924751,-0.13424526000025683
oviedo_C1112_1415,Oviedo,P_out_other_institutions,43,raw,logistic_regression,199,0.8132885632885634,0.7137254901960784,0.48951048951048953,0.7035830618892508,0.3611111111111111,0.975,1.7965277777777777,0.23789543877016456,-0.205484346672619
oviedo_C1127_1415,Oviedo,P_in_leave_one_cohort_out,19,raw,logistic_regression,106,0.6303099885189437,0.8198757763975155,0.43137254901960786,0.5379310344827586,0.358974358974359,0.6666666666666666,1.811965811965812,0.21802160017421332,0.04647016046159147
oviedo_C1127_1415,Oviedo,P_out_other_institutions,43,raw,logistic_regression,106,0.6536548029085343,0.8198757763975155,0.43137254901960786,0.5379310344827586,0.358974358974359,0.6666666666666666,1.811965811965812,0.19514272655024018,-0.06316478768318096
oviedo_C1200_1415,Oviedo,P_in_leave_one_cohort_out,19,raw,logistic_regression,107,0.7223837209302325,0.6099290780141844,0.2465753424657534,0.7485380116959064,0.296875,0.9047619047619048,1.5126488095238098,0.30257905887289016,-0.30071019890387396
oviedo_C1200_1415,Oviedo,P_out_other_institutions,43,raw,logistic_regression,107,0.6537063953488372,0.6363636363636364,0.4146341463414634,0.7485380116959064,0.3125,0.9523809523809523,1.5922619047619049,0.2746778252021308,-0.22355382510015354
oviedo_C1303_1415,Oviedo,P_in_leave_one_cohort_out,19,raw,logistic_regression,112,0.5829931972789116,0.48,0.5806451612903226,0.7692307692307693,0.22857142857142856,0.7272727272727273,1.1636363636363636,0.2478485729065685,-0.1358473174322241
oviedo_C1303_1415,Oviedo,P_out_other_institutions,43,raw,logistic_regression,112,0.6132653061224489,0.4583333333333333,0.59375,0.7692307692307693,0.24285714285714285,0.7727272727272727,1.2363636363636363,0.26661284681341935,-0.18225571551158076
oviedo_C174_1415,Oviedo,P_in_leave_one_cohort_out,19,raw,logistic_regression,96,0.9302832244008714,0.85,0.75,0.6382978723404256,0.4222222222222222,1.0,2.1333333333333333,0.17443525194662132,-0.06461597207127223
oviedo_C174_1415,Oviedo,P_out_other_institutions,43,raw,logistic_regression,96,0.5220043572984749,0.5567010309278351,0.5473684210526316,0.6382978723404256,0.08888888888888889,0.21052631578947367,0.4491228070175438,0.2720238090439334,-0.025801471714778756
oviedo_C190_1415,Oviedo,P_in_leave_one_cohort_out,19,raw,logistic_regression,112,0.4660880745740919,0.5949367088607594,0.030303030303030304,0.7052023121387282,0.19672131147540983,0.5454545454545454,1.0014903129657229,0.31331171986779843,-0.2046537422359565
oviedo_C190_1415,Oviedo,P_out_other_institutions,43,raw,logistic_regression,112,0.4869816779170685,0.5797101449275363,0.32558139534883723,0.7052023121387282,0.21311475409836064,0.5909090909090909,1.0849478390462,0.3162920144514433,-0.13737613096729845
oviedo_C1978_1415,Oviedo,P_in_leave_one_cohort_out,19,raw,logistic_regression,164,0.7772660280029478,0.8780487804878049,0.6341463414634146,0.43809523809523815,0.5652173913043478,0.7878787878787878,2.808959156785243,0.1927247426283543,0.13758975501998627
oviedo_C1978_1415,Oviedo,P_out_other_institutions,43,raw,logistic_regression,164,0.8201915991156964,0.900398406374502,0.6753246753246753,0.43809523809523815,0.6086956521739131,0.8484848484848485,3.025032938076416,0.15774378638072475,0.17201282163707354
oviedo_C2011_1415,Oviedo,P_in_leave_one_cohort_out,19,raw,logistic_regression,120,0.8115793780687397,0.8936170212765957,0.6153846153846154,0.3561643835616438,0.6153846153846154,0.6666666666666666,3.0769230769230766,0.1859616465728839,0.21482391621780655
oviedo_C2011_1415,Oviedo,P_out_other_institutions,43,raw,logistic_regression,120,0.8316284779050737,0.9175257731958762,0.6521739130434783,0.3561643835616438,0.6538461538461539,0.7083333333333334,3.269230769230769,0.16254253502953675,0.22606688004203462
oviedo_C2024_1415,Oviedo,P_in_leave_one_cohort_out,19,raw,logistic_regression,327,0.5881818181818181,0.665158371040724,0.3018867924528302,0.27440633245382584,0.28846153846153844,0.23076923076923078,1.4511834319526629,0.23928023783847335,0.3256955669795075
oviedo_C2024_1415,Oviedo,P_out_other_institutions,43,raw,logistic_regression,327,0.5453846153846155,0.8098859315589354,0.21875,0.27440633245382584,0.2692307692307692,0.2153846153846154,1.3544378698224853,0.18555754916423242,0.1933337458456796
oviedo_C2150_1415,Oviedo,P_in_leave_one_cohort_out,19,raw,logistic_regression,106,0.7872420262664165,0.7878787878787878,0.2553191489361702,0.5578231292517007,0.4146341463414634,0.8095238095238095,2.092915214866434,0.19522971884373844,-0.05110601903634271
oviedo_C2150_1415,Oviedo,P_out_other_institutions,43,raw,logistic_regression,106,0.7902439024390244,0.7891156462585034,0.5230769230769231,0.5578231292517007,0.34146341463414637,0.6666666666666666,1.7235772357723576,0.19226445724917937,-0.030285504260983143
oviedo_C2271_1415,Oviedo,P_in_leave_one_cohort_out,19,raw,logistic_regression,596,0.6659048989014305,0.7651966626936829,0.44192634560906513,0.5860023724792408,0.340080971659919,0.7058823529411765,1.7032626815908551,0.22794336784781669,0.01769378311914238
oviedo_C2271_1415,Oviedo,P_out_other_institutions,43,raw,logistic_regression,596,0.6767281881141027,0.7532777115613826,0.41359773371104813,0.5860023724792408,0.32388663967611336,0.6722689075630253,1.6221549348484334,0.22373190138454913,-0.08103346513197379
oviedo_C2335_1415,Oviedo,P_in_leave_one_cohort_out,19,raw,logistic_regression,428,0.5310844577711145,0.4013605442176871,0.6868327402135231,0.807799442896936,0.20689655172413793,0.6976744186046512,1.0296712109061747,0.2410806695000318,-0.14204980382596377
oviedo_C2335_1415,Oviedo,P_out_other_institutions,43,raw,logistic_regression,428,0.579960019990005,0.5090180360721442,0.3137254901960784,0.807799442896936,0.24482758620689654,0.8255813953488372,1.2184442662389736,0.2994626746542678,-0.2446968424315908
oviedo_C2406_1415,Oviedo,P_in_leave_one_cohort_out,19,raw,logistic_regression,133,0.5766265060240965,0.5660377358490566,0.35514018691588783,0.7685185185185186,0.25301204819277107,0.7777777777777778,1.2463186077643909,0.30089551669115283,-0.2617691159105593
oviedo_C2406_1415,Oviedo,P_out_other_institutions,43,raw,logistic_regression,133,0.6809638554216867,0.5359477124183006,0.37168141592920356,0.7685185185185186,0.21686746987951808,0.6666666666666666,1.0682730923694779,0.3258198093680151,-0.2580650385918348
oviedo_C2468_1415,Oviedo,P_in_leave_one_cohort_out,19,raw,logistic_regression,82,0.65377751338489,0.7142857142857143,0.5757575757575758,0.6666666666666666,0.2926829268292683,0.75,1.5,0.24062992214095563,-0.039144714984641005
oviedo_C2468_1415,Oviedo,P_out_other_institutions,43,raw,logistic_regression,82,0.6847114812611541,0.7090909090909091,0.4074074074074074,0.6666666666666666,0.34146341463414637,0.875,1.75,0.24215931060233523,-0.14366843318613876
oviedo_C2607_1415,Oviedo,P_in_leave_one_cohort_out,19,raw,logistic_regression,277,0.4925463336019339,0.2893081761006289,0.7139240506329114,0.8482328482328483,0.20098039215686275,0.7454545454545455,1.012210338680927,0.24068471298021654,-0.20089616950431743
oviedo_C2607_1415,Oviedo,P_out_other_institutions,43,raw,logistic_regression,277,0.9313053988718775,0.5748031496062992,0.64,0.8482328482328483,0.2696078431372549,1.0,1.3578431372549018,0.21493607317047556,-0.2716718664263901
oviedo_C3022_1415,Oviedo,P_in_leave_one_cohort_out,19,raw,logistic_regression,238,0.6800173010380622,0.4266666666666667,0.4860557768924303,0.4444444444444445,0.3382352941176471,0.4791666666666667,1.6770833333333335,0.25996022693439635,0.2593543805356786
oviedo_C3022_1415,Oviedo,P_out_other_institutions,43,raw,logistic_regression,238,0.680190311418685,0.7335423197492164,0.4585987261146497,0.4444444444444445,0.36764705882352944,0.5208333333333334,1.822916666666667,0.24549645001319828,0.21052635796187152
oviedo_C3029_1415,Oviedo,P_in_leave_one_cohort_out,19,raw,logistic_regression,231,0.5141341256366723,0.29743589743589743,0.4868913857677903,0.49511400651465803,0.19736842105263158,0.32608695652173914,0.9911327231121281,0.3232380820463315,0.28902010207339507
oviedo_C3029_1415,Oviedo,P_out_other_institutions,43,raw,logistic_regression,231,0.5052207130730051,0.23404255319148937,0.4744525547445255,0.49511400651465803,0.18421052631578946,0.30434782608695654,0.9250572082379863,0.5270714943359383,0.5021062009696053
oviedo_C4189_1415,Oviedo,P_in_leave_one_cohort_out,19,raw,logistic_regression,128,0.48749999999999993,0.0,0.6382978723404256,0.6382978723404256,0.21666666666666667,0.5,1.0666666666666667,0.28422571656000495,0.1632988223285632
oviedo_C4189_1415,Oviedo,P_out_other_institutions,43,raw,logistic_regression,128,0.4799019607843137,0.5714285714285714,0.42201834862385323,0.6382978723404256,0.21666666666666667,0.5,1.0666666666666667,0.3651105142753196,0.13428603200760691
oviedo_C4213_1415,Oviedo,P_in_leave_one_cohort_out,19,raw,logistic_regression,140,0.7216991002301736,0.7476635514018691,0.18181818181818182,0.592964824120603,0.3389830508474576,0.7142857142857143,1.694915254237288,0.24646902901512158,-0.18813881770961507
oviedo_C4213_1415,Oviedo,P_out_other_institutions,43,raw,logistic_regression,140,0.7355095208202552,0.7738693467336684,0.4444444444444444,0.592964824120603,0.3559322033898305,0.75,1.7796610169491525,0.22036730617745817,-0.1408972908236369
oviedo_C836_1415,Oviedo,P_in_leave_one_cohort_out,19,raw,logistic_regression,87,0.6437632135306555,0.7,0.3333333333333333,0.6717557251908397,0.3181818181818182,0.8235294117647058,1.6283422459893047,0.25151036471412763,-0.12891286190129264
oviedo_C836_1415,Oviedo,P_out_other_institutions,43,raw,logistic_regression,87,0.7151162790697674,0.7339449541284404,0.5538461538461539,0.6717557251908397,0.3181818181818182,0.8235294117647058,1.6283422459893047,0.22595547434661223,-0.13999296513059573
oulad_AAA_2013J,OULAD,P_in_leave_one_cohort_out,18,raw,random_forest,383,0.8176772867420349,0.8607594936708861,0.6384976525821596,0.430327868852459,0.5428571428571428,0.7402597402597403,2.7001855287569576,0.1498972025461718,0.11379877073031053
oulad_AAA_2013J,OULAD,P_out_other_institutions,44,raw,random_forest,383,0.710003425830764,0.8636363636363636,0.44,0.430327868852459,0.42857142857142855,0.5844155844155844,2.131725417439703,0.17306873195351377,0.047435106342538336
oulad_AAA_2014J,OULAD,P_in_leave_one_cohort_out,18,raw,random_forest,365,0.8345214568040654,0.8326530612244898,0.6583333333333333,0.469601677148847,0.5446428571428571,0.8356164383561644,2.7232142857142856,0.14839682588094724,0.11397716001094993
oulad_AAA_2014J,OULAD,P_out_other_institutions,44,raw,random_forest,365,0.7642927724449464,0.8651488616462347,0.5157232704402516,0.469601677148847,0.5,0.7671232876712328,2.4999999999999996,0.16582525727025554,0.021270612570655323
oulad_BBB_2013B,OULAD,P_in_leave_one_cohort_out,18,raw,random_forest,1767,0.8931871147098793,0.8375411635565313,0.8271028037383178,0.7059685097034054,0.3651452282157676,0.9971671388101983,1.8277949525701453,0.12082938089358732,-0.0169611132145171
oulad_BBB_2013B,OULAD,P_out_other_institutions,44,raw,random_forest,1767,0.8525743710049968,0.7732813261823501,0.6864463924477411,0.7059685097034054,0.3620331950207469,0.9886685552407932,1.8122171546789227,0.1801266274205617,-0.14485591765116612
oulad_BBB_2013J,OULAD,P_in_leave_one_cohort_out,18,raw,random_forest,2237,0.9156800493241946,0.8091168091168092,0.8302364864864865,0.684891240446796,0.3828326180257511,0.9977628635346756,1.9158759877485576,0.11743653648173677,0.07878726315398121
oulad_BBB_2013J,OULAD,P_out_other_institutions,44,raw,random_forest,2237,0.8385109057715714,0.7988893296310988,0.7403993855606759,0.684891240446796,0.3776824034334764,0.9843400447427293,1.8901018713214468,0.17664517527459211,-0.08813844672852184
oulad_BBB_2014B,OULAD,P_in_leave_one_cohort_out,18,raw,random_forest,1613,0.9002029118707325,0.8101430429128739,0.8270142180094787,0.7090836334533814,0.36455981941309257,1.0,1.8205417607223477,0.12133573875651961,0.04687258510632197
oulad_BBB_2014B,OULAD,P_out_other_institutions,44,raw,random_forest,1613,0.8701798727570244,0.798196166854566,0.7534435261707989,0.7090836334533814,0.35553047404063204,0.9752321981424149,1.7754509431193175,0.18363087073755074,-0.1514174497260879
oulad_BBB_2014J,OULAD,P_in_leave_one_cohort_out,18,raw,random_forest,2292,0.904502847831384,0.7747747747747747,0.8080808080808081,0.6643356643356644,0.39473684210526316,0.982532751091703,1.9754079521948975,0.14079123861413645,0.12869017575807373
oulad_BBB_2014J,OULAD,P_out_other_institutions,44,raw,random_forest,2292,0.8571123446637426,0.8079419625811378,0.7440203562340967,0.6643356643356644,0.39473684210526316,0.982532751091703,1.9754079521948975,0.1597486780243225,-0.04314499477126338
oulad_CCC_2014B,OULAD,P_in_leave_one_cohort_out,18,raw,random_forest,1936,0.9167854464282541,0.7951967978652434,0.8706278971765697,0.7933935805546899,0.3040062843676355,1.0,1.5208169677926158,0.1084140088983414,-0.016902779278886282
oulad_CCC_2014B,OULAD,P_out_other_institutions,44,raw,random_forest,1936,0.8758979572250677,0.6916183447548762,0.7037974683544304,0.7933935805546899,0.3040062843676355,1.0,1.5208169677926158,0.20179878994643466,-0.2414484645826836
oulad_CCC_2014J,OULAD,P_in_leave_one_cohort_out,18,raw,random_forest,2498,0.9024836488412186,0.8050089445438283,0.8420289855072464,0.7450389349409695,0.33648010788941335,0.998,1.6810546190155093,0.11830691842379601,-0.0032417716035924027
oulad_CCC_2014J,OULAD,P_out_other_institutions,44,raw,random_forest,2498,0.8391494407887088,0.7311111111111112,0.6837979094076655,0.7450389349409695,0.3310856372218476,0.982,1.6541038435603508,0.20772759995470197,-0.20575086329294529
oulad_DDD_2013B,OULAD,P_in_leave_one_cohort_out,18,raw,random_forest,1303,0.881680389684247,0.771678599840891,0.787249814677539,0.7566793893129771,0.3291298865069357,1.0,1.6431273644388398,0.1472608939608669,-0.10196906688505891
oulad_DDD_2013B,OULAD,P_out_other_institutions,44,raw,random_forest,1303,0.8147862423657988,0.6929347826086957,0.6014109347442681,0.7566793893129771,0.3291298865069357,1.0,1.6431273644388398,0.22985615420700056,-0.2389590290377786
oulad_DDD_2013J,OULAD,P_in_leave_one_cohort_out,18,raw,random_forest,1938,0.9062125759087019,0.8179916317991632,0.8228105906313645,0.7279291106005907,0.3489630297565374,0.9974226804123711,1.7430163702787875,0.12174145595310897,-0.05366001857259062
oulad_DDD_2013J,OULAD,P_out_other_institutions,44,raw,random_forest,1938,0.8197911375400957,0.740200546946217,0.6611177170035671,0.7279291106005907,0.3462578899909829,0.9896907216494846,1.7295046154704248,0.20231277015276505,-0.16679313902513665
oulad_DDD_2014B,OULAD,P_in_leave_one_cohort_out,18,raw,random_forest,1228,0.9098017955743357,0.8021680216802168,0.83765752409192,0.7577137076378352,0.32710280373831774,0.9959349593495935,1.6328546463034723,0.11670149516662279,-0.03646490416964965
oulad_DDD_2014B,OULAD,P_out_other_institutions,44,raw,random_forest,1228,0.8496645492528659,0.7236641221374046,0.6841186736474695,0.7577137076378352,0.32710280373831774,0.9959349593495935,1.6328546463034723,0.2002383250472331,-0.20039318424512886
oulad_DDD_2014J,OULAD,P_in_leave_one_cohort_out,18,raw,random_forest,1803,0.8803265094066282,0.7860869565217391,0.8038277511961722,0.718550106609808,0.35509396636993074,0.9944598337950139,1.773502552257577,0.13555548151340818,-0.006706019656101736
oulad_DDD_2014J,OULAD,P_out_other_institutions,44,raw,random_forest,1803,0.7882665677546983,0.7474452554744525,0.6653771760154739,0.718550106609808,0.35014836795252224,0.9806094182825484,1.7488019596077498,0.20451917579766285,-0.15170880992441915
oulad_EEE_2013J,OULAD,P_in_leave_one_cohort_out,18,raw,random_forest,1052,0.9257673646246853,0.8878281622911695,0.833530106257379,0.5926421404682275,0.47404063205417607,1.0,2.3747178329571104,0.0944461362340412,0.04364978334884245
oulad_EEE_2013J,OULAD,P_out_other_institutions,44,raw,random_forest,1052,0.8814694555334393,0.849507735583685,0.6862170087976539,0.5926421404682275,0.46275395033860045,0.9761904761904762,2.3181769321724173,0.1577741848630831,-0.061400409988311644
oulad_EEE_2014B,OULAD,P_in_leave_one_cohort_out,18,raw,random_forest,694,0.9282763550524067,0.8859764089121888,0.8608,0.6537342386032978,0.4124629080118694,1.0,2.059347181008902,0.09845259056668546,0.040032194047887104
oulad_EEE_2014B,OULAD,P_out_other_institutions,44,raw,random_forest,694,0.8834168682309719,0.8194444444444444,0.7022900763358778,0.6537342386032978,0.4094955489614243,0.9928057553956835,2.0445317336635145,0.16102687205724603,-0.1146036762723181
oulad_EEE_2014J,OULAD,P_in_leave_one_cohort_out,18,raw,random_forest,1188,0.9225784368328228,0.8893617021276595,0.8385093167701864,0.5957446808510638,0.4722222222222222,1.0,2.357142857142857,0.09858945593409799,0.06104935924535443
oulad_EEE_2014J,OULAD,P_out_other_institutions,44,raw,random_forest,1188,0.8594112596305579,0.8514106583072101,0.6965428937259923,0.5957446808510638,0.4662698412698413,0.9873949579831933,2.3274309723889557,0.1599088679609004,-0.05784249722632101
oulad_FFF_2013B,OULAD,P_in_leave_one_cohort_out,18,raw,random_forest,1614,0.8940578583021837,0.8274687854710556,0.7926330150068213,0.6802943581357318,0.38822115384615385,1.0,1.9399038461538463,0.13138180578621103,-0.04344962029090943
oulad_FFF_2013B,OULAD,P_out_other_institutions,44,raw,random_forest,1614,0.8608528120696439,0.7645320197044335,0.6010016694490818,0.6802943581357318,0.38221153846153844,0.9845201238390093,1.9098743748511553,0.20066771413215384,-0.18780682970006168
oulad_FFF_2013J,OULAD,P_in_leave_one_cohort_out,18,raw,random_forest,2283,0.925483910643728,0.8644351464435146,0.8511029411764706,0.6845289541918754,0.3846801346801347,1.0,1.9217171717171717,0.10016187334049267,-0.01815980512691473
oulad_FFF_2013J,OULAD,P_out_other_institutions,44,raw,random_forest,2283,0.883454791445659,0.7911690191820485,0.6799778147531891,0.6845289541918754,0.3838383838383838,0.9978118161925602,1.9175121013195413,0.18213795028624286,-0.15477393901226905
oulad_FFF_2014B,OULAD,P_in_leave_one_cohort_out,18,raw,random_forest,1500,0.9121753023763564,0.8274428274428275,0.8400770712909441,0.7212276214833758,0.35224586288416077,0.9933333333333333,1.7612293144208038,0.11312016136940228,-0.014296424222302373
oulad_FFF_2014B,OULAD,P_out_other_institutions,44,raw,random_forest,1500,0.891599070278555,0.7567251461988304,0.6775193798449612,0.7212276214833758,0.35106382978723405,0.99,1.7553191489361704,0.18603962636242308,-0.18644429223426334
oulad_FFF_2014J,OULAD,P_in_leave_one_cohort_out,18,raw,random_forest,2365,0.938976310171476,0.8880778588807786,0.8780918727915195,0.6908386382507611,0.3782051282051282,0.9978858350951374,1.891025641025641,0.08769290652520442,-0.02638668388575882
oulad_FFF_2014J,OULAD,P_out_other_institutions,44,raw,random_forest,2365,0.9007615407570645,0.8081395348837209,0.7330637007077856,0.6908386382507611,0.3766025641025641,0.9936575052854123,1.8830128205128205,0.17091737141465552,-0.15383931245168275
ku_Accountancy_1819,KU Leuven,P_in_leave_one_cohort_out,5,raw,random_forest,756,0.6025905001046243,0.7551789077212806,0.4222222222222222,0.4587155963302752,0.30666666666666664,0.45695364238410596,1.535364238410596,0.22412379224334986,0.13090558886403209
ku_Accountancy_1819,KU Leuven,P_out_other_institutions,57,raw,random_forest,756,0.64586315128688,0.7669724770642202,0.3981042654028436,0.4587155963302752,0.27555555555555555,0.4105960264900662,1.3796026490066224,0.21934462038453864,0.12745602094520636
ku_Globaleconom_1819,KU Leuven,P_in_leave_one_cohort_out,5,raw,random_forest,743,0.6016746411483254,0.4700460829493088,0.5868263473053892,0.6086142322097378,0.25846153846153846,0.5637583892617449,1.2888384099122354,0.2667671587627731,0.15255077459611155
ku_Globaleconom_1819,KU Leuven,P_out_other_institutions,57,raw,random_forest,743,0.588295914611704,0.6659641728134879,0.409683426443203,0.6086142322097378,0.24923076923076923,0.5436241610738255,1.2428084667010841,0.25711421037414806,-0.04106401912186658
ku_Accountancy_1920,KU Leuven,P_in_leave_one_cohort_out,5,raw,random_forest,711,0.6252967076772545,0.7842401500938087,0.3539325842696629,0.48723404255319147,0.3056768558951965,0.49295774647887325,1.5305369333907373,0.21332469720006145,0.021353408786050132
ku_Accountancy_1920,KU Leuven,P_out_other_institutions,57,raw,random_forest,711,0.6329567486274439,0.7396694214876033,0.44493392070484583,0.48723404255319147,0.314410480349345,0.5070422535211268,1.574266560059044,0.22331502663084643,0.11797327565997101
ku_Globaleconom_1920,KU Leuven,P_in_leave_one_cohort_out,5,raw,random_forest,681,0.6766175819567092,0.8212927756653993,0.3935483870967742,0.3938679245283019,0.3473053892215569,0.4264705882352941,1.7390806622050017,0.18632205990990608,0.1113309658409101
ku_Globaleconom_1920,KU Leuven,P_out_other_institutions,57,raw,random_forest,681,0.6309326871548733,0.8333333333333334,0.3617021276595745,0.3938679245283019,0.3712574850299401,0.45588235294117646,1.8590172595984502,0.19917339872216008,0.14854755761944335
ku_Accountancy_2021,KU Leuven,P_in_leave_one_cohort_out,5,raw,random_forest,725,0.5856707427700569,0.8267326732673267,0.11764705882352941,0.4607218683651805,0.31336405529953915,0.4689655172413793,1.5668202764976957,0.21435044665526917,-0.11737572498841192
ku_Accountancy_2021,KU Leuven,P_out_other_institutions,57,raw,random_forest,725,0.6084173954062194,0.8206839032527106,0.14342629482071714,0.4607218683651805,0.31336405529953915,0.4689655172413793,1.5668202764976957,0.2027728154944549,0.01073331352587592
ku_Globaleconom_2021,KU Leuven,P_in_leave_one_cohort_out,5,raw,random_forest,335,0.6219503495505778,0.6740576496674058,0.3287671232876712,0.6546184738955823,0.26993865030674846,0.6567164179104478,1.3496932515337425,0.272110148264678,-0.16870611659292634
ku_Globaleconom_2021,KU Leuven,P_out_other_institutions,57,raw,random_forest,335,0.656334712512484,0.6869565217391305,0.3142857142857143,0.6546184738955823,0.27607361963190186,0.6716417910447762,1.3803680981595094,0.25426156128094246,-0.14830582797633485
ukzn_ISTN101_2019,UKZN,P_in_leave_one_cohort_out,15,raw,random_forest,1056,0.640945976266454,0.9049350649350649,0.0213903743315508,0.2967741935483871,0.31521739130434784,0.27488151658767773,1.5775808778075417,0.14660289089737888,-0.0816838271142723
ukzn_ISTN101_2019,UKZN,P_out_other_institutions,47,raw,random_forest,1056,0.5627181392102114,0.6808219178082192,0.2852760736196319,0.2967741935483871,0.25,0.21800947867298578,1.2511848341232228,0.24972153951735546,0.3093460220571636
ukzn_ISTN101_2020,UKZN,P_in_leave_one_cohort_out,15,raw,random_forest,978,0.6507106610135982,0.9525862068965517,0.12,0.09542356377799414,0.42857142857142855,0.10714285714285714,2.138483965014577,0.08771519897338374,0.1637674377840936
ukzn_ISTN101_2020,UKZN,P_out_other_institutions,47,raw,random_forest,978,0.7076514136332681,0.8698224852071006,0.17293233082706766,0.09542356377799414,0.4489795918367347,0.11224489795918367,2.2403165347771763,0.1930988070101754,0.3622611934150436
ukzn_ISTN101_2021,UKZN,P_in_leave_one_cohort_out,15,raw,random_forest,741,0.7620452310717798,0.9576271186440678,0.09090909090909091,0.15671641791044774,0.5873015873015873,0.25,2.9404761904761907,0.0656407314894276,-0.017679221377851245
ukzn_ISTN101_2021,UKZN,P_out_other_institutions,47,raw,random_forest,741,0.715409467621857,0.926865671641791,0.30985915492957744,0.15671641791044774,0.5238095238095238,0.22297297297297297,2.6225868725868726,0.13352071919391173,0.24491550769661632
ukzn_ISTN102_2018,UKZN,P_in_leave_one_cohort_out,15,raw,random_forest,257,0.6574074074074074,0.8264058679706602,0.3238095238095238,0.4184615384615385,0.3235294117647059,0.43137254901960786,1.630334486735871,0.19038584642313977,0.022607472438648135
ukzn_ISTN102_2018,UKZN,P_out_other_institutions,47,raw,random_forest,257,0.6110333022097728,0.6787878787878788,0.42391304347826086,0.4184615384615385,0.3235294117647059,0.43137254901960786,1.630334486735871,0.2502950835680055,0.22492782831700509
ukzn_ISTN103_2019,UKZN,P_in_leave_one_cohort_out,15,raw,random_forest,1113,0.6733415334153341,0.8350571584104518,0.2210796915167095,0.4246284501061571,0.3,0.40358744394618834,1.497309417040359,0.18664716685769378,-0.03496871745946914
ukzn_ISTN103_2019,UKZN,P_out_other_institutions,47,raw,random_forest,1113,0.649749897498975,0.7215793056501021,0.45970937912813736,0.4246284501061571,0.32666666666666666,0.43946188340807174,1.6304035874439462,0.23243874887060886,0.2047033030133153
ukzn_ISTN103_2020,UKZN,P_in_leave_one_cohort_out,15,raw,random_forest,1082,0.7688817948833235,0.9431537320810677,0.18439716312056736,0.19214703425229743,0.5043478260869565,0.26851851851851855,2.526409017713366,0.09413057093976289,0.0755998559636581
ukzn_ISTN103_2020,UKZN,P_out_other_institutions,47,raw,random_forest,1082,0.7175396789712694,0.8700440528634361,0.3218390804597701,0.19214703425229743,0.45217391304347826,0.24074074074074073,2.2650563607085346,0.1797336479806114,0.30174086377521053
ukzn_ISTN211_2019,UKZN,P_in_leave_one_cohort_out,15,raw,random_forest,280,0.6533575317604357,0.9647495361781077,0.09523809523809523,0.12709030100334448,0.42105263157894735,0.14285714285714285,2.1052631578947367,0.06757829911697749,0.0648222421640104
ukzn_ISTN211_2019,UKZN,P_out_other_institutions,47,raw,random_forest,280,0.5361968138737648,0.7866666666666666,0.12727272727272726,0.12709030100334448,0.3684210526315789,0.125,1.842105263157895,0.21752076512214616,0.37938088403498654
ukzn_ISTN211_2021,UKZN,P_in_leave_one_cohort_out,15,raw,random_forest,327,0.8199240986717267,0.9747634069400631,0.2,0.09883720930232558,0.7058823529411765,0.18461538461538463,3.5511312217194573,0.04328287946583811,0.024385609470601394
ukzn_ISTN211_2021,UKZN,P_out_other_institutions,47,raw,random_forest,327,0.8047438330170777,0.9629629629629629,0.30303030303030304,0.09883720930232558,0.7058823529411765,0.18461538461538463,3.5511312217194573,0.11855497750003259,0.274733429199908
ukzn_ISTN212_2018,UKZN,P_in_leave_one_cohort_out,15,raw,random_forest,238,0.7469540768509841,0.8666666666666667,0.3953488372093023,0.3120567375886525,0.4318181818181818,0.3958333333333333,2.141098484848485,0.1533117935482279,0.12680387257690073
ukzn_ISTN212_2018,UKZN,P_out_other_institutions,47,raw,random_forest,238,0.7011480787253983,0.7418397626112759,0.37410071942446044,0.3120567375886525,0.45454545454545453,0.4166666666666667,2.253787878787879,0.2208088100566264,0.29018939596764187
ukzn_ISTN212_2019,UKZN,P_in_leave_one_cohort_out,15,raw,random_forest,264,0.7623337623337624,0.9243697478991597,0.3076923076923077,0.2745098039215686,0.5238095238095238,0.41509433962264153,2.6091644204851754,0.11080955465795879,0.02249449345067317
ukzn_ISTN212_2019,UKZN,P_out_other_institutions,47,raw,random_forest,264,0.661947661947662,0.8477751756440282,0.3564356435643564,0.2745098039215686,0.40476190476190477,0.32075471698113206,2.0161725067385445,0.1962488053329814,0.2621620214642395
ukzn_ISTN2IP_2018,UKZN,P_in_leave_one_cohort_out,15,raw,random_forest,99,0.6043243243243244,0.8343558282208589,0.22857142857142856,0.40322580645161293,0.2,0.25,0.99,0.1966728567478607,0.03872104878595983
ukzn_ISTN2IP_2018,UKZN,P_out_other_institutions,47,raw,random_forest,99,0.6108108108108108,0.7571428571428571,0.41379310344827586,0.40322580645161293,0.36,0.45,1.782,0.23471846694062623,0.20443071395955803
ukzn_ISTN2IP_2019,UKZN,P_in_leave_one_cohort_out,15,raw,random_forest,116,0.7881493506493507,0.8712871287128713,0.13333333333333333,0.3888888888888889,0.5357142857142857,0.6521739130434783,2.701863354037267,0.16013022097143753,-0.10084297171335638
ukzn_ISTN2IP_2019,UKZN,P_out_other_institutions,47,raw,random_forest,116,0.6164772727272727,0.6533333333333333,0.36585365853658536,0.3888888888888889,0.2857142857142857,0.34782608695652173,1.4409937888198756,0.24075156104615617,0.250344570354602
ukzn_ISTN3ND_2018,UKZN,P_in_leave_one_cohort_out,15,raw,random_forest,144,0.5603952409760034,0.7443946188340808,0.12307692307692308,0.5671641791044776,0.24561403508771928,0.4827586206896552,1.2196007259528132,0.2594794163299905,-0.11865122319271137
ukzn_ISTN3ND_2018,UKZN,P_out_other_institutions,47,raw,random_forest,144,0.5017140552530752,0.47619047619047616,0.45390070921985815,0.5671641791044776,0.21052631578947367,0.41379310344827586,1.045372050816697,0.2767838999155941,0.14136024338714853
ukzn_ISTN3ND_2019,UKZN,P_in_leave_one_cohort_out,15,raw,random_forest,223,0.6532503809040121,0.8440860215053764,0.21621621621621623,0.32958801498127344,0.25,0.24444444444444444,1.238888888888889,0.1736212080719298,0.13218392147004313
ukzn_ISTN3ND_2019,UKZN,P_out_other_institutions,47,raw,random_forest,223,0.4470543423057389,0.8301886792452831,0.16,0.32958801498127344,0.20454545454545456,0.2,1.0136363636363637,0.22312560256444405,0.22203961900670746
ukzn_ISTN3SA_2018,UKZN,P_in_leave_one_cohort_out,15,raw,random_forest,141,0.6765765765765765,0.8825910931174089,0.17142857142857143,0.3508771929824561,0.3333333333333333,0.35714285714285715,1.6785714285714286,0.16104838228642734,-0.07938737281346117
ukzn_ISTN3SA_2018,UKZN,P_out_other_institutions,47,raw,random_forest,141,0.5171171171171172,0.8181818181818182,0.3548387096774194,0.3508771929824561,0.3333333333333333,0.35714285714285715,1.6785714285714286,0.22502528611921496,0.21137880704766185
ukzn_ISTN3SA_2019,UKZN,P_in_leave_one_cohort_out,15,raw,random_forest,195,0.6416470588235293,0.9337016574585635,0.14285714285714285,0.22727272727272727,0.4,0.2564102564102564,2.0,0.1103267683254022,0.010907718001303274
ukzn_ISTN3SA_2019,UKZN,P_out_other_institutions,47,raw,random_forest,195,0.5338823529411765,0.710801393728223,0.1941747572815534,0.22727272727272727,0.28,0.1794871794871795,1.4000000000000001,0.2513021831727635,0.3486051576898322
zambia_ICT1110_2020,Zambia,P_in_leave_one_cohort_out,1,raw,random_forest,65,0.41454081632653067,0.17647058823529413,0.7083333333333334,0.8596491228070176,0.1836734693877551,0.6923076923076923,0.9183673469387755,0.25309752224726945,-0.17740898540129313
zambia_ICT1110_2020,Zambia,P_out_other_institutions,61,raw,random_forest,65,0.3762755102040816,0.41025641025641024,0.11538461538461539,0.8596491228070176,0.1836734693877551,0.6923076923076923,0.9183673469387755,0.44075908686150933,-0.4754620886318916
zambia_ICT1110_2021,Zambia,P_in_leave_one_cohort_out,1,raw,random_forest,52,0.37968749999999996,0.0,0.7469879518072289,0.761904761904762,0.125,0.4,0.65,0.3342876730962462,0.2593913778529163
zambia_ICT1110_2021,Zambia,P_out_other_institutions,61,raw,random_forest,52,0.490625,0.1875,0.6388888888888888,0.761904761904762,0.21875,0.7,1.1375,0.2598025894063512,-0.014575171844108503
oviedo_C1112_1415,Oviedo,P_in_leave_one_cohort_out,19,raw,random_forest,199,0.6955636955636957,0.6995884773662552,0.5290322580645161,0.7035830618892508,0.35185185185185186,0.95,1.7504629629629629,0.2323506764429278,-0.13940254056615453
oviedo_C1112_1415,Oviedo,P_out_other_institutions,43,raw,random_forest,199,0.7013634513634514,0.7,0.43478260869565216,0.7035830618892508,0.3425925925925926,0.925,1.7043981481481483,0.28527741100702414,-0.27453118702942286
oviedo_C1127_1415,Oviedo,P_in_leave_one_cohort_out,19,raw,random_forest,106,0.5836203597397627,0.723404255319149,0.4507042253521127,0.5379310344827586,0.3076923076923077,0.5714285714285714,1.5531135531135531,0.22932140091234665,0.06214944313210696
oviedo_C1127_1415,Oviedo,P_out_other_institutions,43,raw,random_forest,106,0.6253348641408343,0.8176100628930818,0.4528301886792453,0.5379310344827586,0.38461538461538464,0.7142857142857143,1.9413919413919416,0.2121106441365422,-0.11508649648481528
oviedo_C1200_1415,Oviedo,P_in_leave_one_cohort_out,19,raw,random_forest,107,0.6384447674418604,0.5950413223140496,0.4731182795698925,0.7485380116959064,0.3125,0.9523809523809523,1.5922619047619049,0.25816306013554385,-0.18539301106267758
oviedo_C1200_1415,Oviedo,P_out_other_institutions,43,raw,random_forest,107,0.6460755813953489,0.6106870229007634,0.3855421686746988,0.7485380116959064,0.28125,0.8571428571428571,1.4330357142857144,0.31613901298902947,-0.2846185775178533
oviedo_C1303_1415,Oviedo,P_in_leave_one_cohort_out,19,raw,random_forest,112,0.4870748299319727,0.4,0.6330935251798561,0.7692307692307693,0.18571428571428572,0.5909090909090909,0.9454545454545455,0.2684566852730858,-0.07476145614983942
oviedo_C1303_1415,Oviedo,P_out_other_institutions,43,raw,random_forest,112,0.6602040816326531,0.59375,0.4583333333333333,0.7692307692307693,0.2571428571428571,0.8181818181818182,1.309090909090909,0.2881827013622328,-0.2615260381875965
oviedo_C174_1415,Oviedo,P_in_leave_one_cohort_out,19,raw,random_forest,96,0.6139433551198258,0.45977011494252873,0.5523809523809524,0.6382978723404256,0.3333333333333333,0.7894736842105263,1.6842105263157896,0.2551146209053709,0.09295925251948167
oviedo_C174_1415,Oviedo,P_out_other_institutions,43,raw,random_forest,96,0.4453159041394335,0.48695652173913045,0.23376623376623376,0.6382978723404256,0.08888888888888889,0.21052631578947367,0.4491228070175438,0.2997858160332163,-0.07367419995176716
oviedo_C190_1415,Oviedo,P_in_leave_one_cohort_out,19,raw,random_forest,112,0.5204114432658309,0.576,0.46464646464646464,0.7052023121387282,0.19672131147540983,0.5454545454545454,1.0014903129657229,0.28963998998726065,-0.12274912458841675
oviedo_C190_1415,Oviedo,P_out_other_institutions,43,raw,random_forest,112,0.4734811957569913,0.6013986013986014,0.2962962962962963,0.7052023121387282,0.21311475409836064,0.5909090909090909,1.0849478390462,0.34935004256042734,-0.23535306267056294
oviedo_C1978_1415,Oviedo,P_in_leave_one_cohort_out,19,raw,random_forest,164,0.7931098010316875,0.8461538461538461,0.6170212765957447,0.43809523809523815,0.5434782608695652,0.7575757575757576,2.7009222661396572,0.168792592532985,0.1365185367990056
oviedo_C1978_1415,Oviedo,P_out_other_institutions,43,raw,random_forest,164,0.7697126013264554,0.8713692946058091,0.6436781609195402,0.43809523809523815,0.5869565217391305,0.8181818181818182,2.91699604743083,0.15487050145394926,0.11202035227597157
oviedo_C2011_1415,Oviedo,P_in_leave_one_cohort_out,19,raw,random_forest,120,0.7350654664484452,0.8743169398907104,0.5964912280701754,0.3561643835616438,0.46153846153846156,0.5,2.3076923076923075,0.17563523854639126,0.18343554322794942
oviedo_C2011_1415,Oviedo,P_out_other_institutions,43,raw,random_forest,120,0.7796644844517184,0.8958333333333334,0.5833333333333334,0.3561643835616438,0.5769230769230769,0.625,2.8846153846153846,0.14900882546827127,0.1571115681173193
oviedo_C2024_1415,Oviedo,P_in_leave_one_cohort_out,19,raw,random_forest,327,0.5867132867132867,0.75564681724846,0.2874251497005988,0.27440633245382584,0.34615384615384615,0.27692307692307694,1.7414201183431954,0.23056441395389468,0.29555294345149374
oviedo_C2024_1415,Oviedo,P_out_other_institutions,43,raw,random_forest,327,0.5617482517482517,0.8987993138936535,0.16901408450704225,0.27440633245382584,0.3269230769230769,0.26153846153846155,1.6446745562130178,0.15141707848379565,0.09450371283381284
oviedo_C2150_1415,Oviedo,P_in_leave_one_cohort_out,19,raw,random_forest,106,0.6964352720450282,0.7591240875912408,0.56,0.5578231292517007,0.36585365853658536,0.7142857142857143,1.8466898954703832,0.2096239730794697,0.03045802934890618
oviedo_C2150_1415,Oviedo,P_out_other_institutions,43,raw,random_forest,106,0.6799249530956849,0.7891156462585034,0.5230769230769231,0.5578231292517007,0.3902439024390244,0.7619047619047619,1.9698025551684086,0.20937830640394642,-0.03951636661384572
oviedo_C2271_1415,Oviedo,P_in_leave_one_cohort_out,19,raw,random_forest,596,0.6721343804739974,0.7555555555555555,0.4816753926701571,0.5860023724792408,0.3441295546558704,0.7142857142857143,1.7235396182764604,0.21670901335502324,-0.019143285936270793
oviedo_C2271_1415,Oviedo,P_out_other_institutions,43,raw,random_forest,596,0.6535967425727642,0.7557603686635944,0.345679012345679,0.5860023724792408,0.3117408906882591,0.6470588235294118,1.5613241247916172,0.23607645564376895,-0.11311586398583784
oviedo_C2335_1415,Oviedo,P_in_leave_one_cohort_out,19,raw,random_forest,428,0.49262868565717133,0.2777777777777778,0.6986754966887417,0.807799442896936,0.20689655172413793,0.6976744186046512,1.0296712109061747,0.2579975967160788,-0.021701393847342265
oviedo_C2335_1415,Oviedo,P_out_other_institutions,43,raw,random_forest,428,0.5643178410794603,0.4568245125348189,0.607645875251509,0.807799442896936,0.23793103448275862,0.8023255813953488,1.1841218925421009,0.26093346374059084,-0.1535078271175918
oviedo_C2406_1415,Oviedo,P_in_leave_one_cohort_out,19,raw,random_forest,133,0.6506024096385542,0.5633802816901409,0.5,0.7685185185185186,0.26506024096385544,0.8148148148148148,1.3056671128960284,0.2791310145170962,-0.23492209937736097
oviedo_C2406_1415,Oviedo,P_out_other_institutions,43,raw,random_forest,133,0.6879518072289157,0.581081081081081,0.4745762711864407,0.7685185185185186,0.24096385542168675,0.7407407407407407,1.186970102632753,0.31475606942431783,-0.2850710257463137
oviedo_C2468_1415,Oviedo,P_in_leave_one_cohort_out,19,raw,random_forest,82,0.6912552052349792,0.7032967032967034,0.6301369863013698,0.6666666666666666,0.3170731707317073,0.8125,1.625,0.21757424564195854,-0.019446371888453218
oviedo_C2468_1415,Oviedo,P_out_other_institutions,43,raw,random_forest,82,0.6377156454491374,0.7047619047619048,0.4745762711864407,0.6666666666666666,0.2926829268292683,0.75,1.5,0.2604489619842297,-0.1661200146611384
oviedo_C2607_1415,Oviedo,P_in_leave_one_cohort_out,19,raw,random_forest,277,0.7849180768197689,0.5822784810126582,0.8333333333333334,0.8482328482328483,0.2647058823529412,0.9818181818181818,1.3331550802139036,0.190976557612236,-0.16149984578317833
oviedo_C2607_1415,Oviedo,P_out_other_institutions,43,raw,random_forest,277,0.8487107171635777,0.5819672131147541,0.6709677419354839,0.8482328482328483,0.2696078431372549,1.0,1.3578431372549018,0.21986678961234357,-0.27286783393189223
oviedo_C3022_1415,Oviedo,P_in_leave_one_cohort_out,19,raw,random_forest,238,0.6221453287197232,0.36936936936936937,0.44881889763779526,0.4444444444444445,0.29411764705882354,0.4166666666666667,1.4583333333333335,0.3397273583490469,0.36314436781012305
oviedo_C3022_1415,Oviedo,P_out_other_institutions,43,raw,random_forest,238,0.7025086505190311,0.6546762589928058,0.5151515151515151,0.4444444444444445,0.36764705882352944,0.5208333333333334,1.822916666666667,0.25654534904316334,0.26492201670904025
oviedo_C3029_1415,Oviedo,P_in_leave_one_cohort_out,19,raw,random_forest,231,0.46625636672325976,0.33497536945812806,0.47876447876447875,0.49511400651465803,0.17105263157894737,0.2826086956521739,0.8589816933638443,0.3694139595729189,0.3152101396928156
oviedo_C3029_1415,Oviedo,P_out_other_institutions,43,raw,random_forest,231,0.5140492359932088,0.3235294117647059,0.46511627906976744,0.49511400651465803,0.21052631578947367,0.34782608695652173,1.05720823798627,0.4034773816760223,0.3757276269185587
oviedo_C4189_1415,Oviedo,P_in_leave_one_cohort_out,19,raw,random_forest,128,0.4928921568627451,0.24390243902439024,0.6436781609195402,0.6382978723404256,0.18333333333333332,0.4230769230769231,0.9025641025641026,0.30101473903507947,0.17923462380962762
oviedo_C4189_1415,Oviedo,P_out_other_institutions,43,raw,random_forest,128,0.5183823529411764,0.10256410256410256,0.6067415730337079,0.6382978723404256,0.21666666666666667,0.5,1.0666666666666667,0.34922549731499547,0.28072961867257407
oviedo_C4213_1415,Oviedo,P_in_leave_one_cohort_out,19,raw,random_forest,140,0.6917765222849969,0.7525773195876289,0.4418604651162791,0.592964824120603,0.3389830508474576,0.7142857142857143,1.694915254237288,0.2196329665812628,-0.09082387479577086
oviedo_C4213_1415,Oviedo,P_out_other_institutions,43,raw,random_forest,140,0.6503452605147519,0.7647058823529411,0.3684210526315789,0.592964824120603,0.3220338983050847,0.6785714285714286,1.6101694915254239,0.22564632422163985,-0.10918618106975192
oviedo_C836_1415,Oviedo,P_in_leave_one_cohort_out,19,raw,random_forest,87,0.6627906976744186,0.6530612244897959,0.5526315789473685,0.6717557251908397,0.2727272727272727,0.7058823529411765,1.3957219251336899,0.23041828540250647,-0.039221090233071465
oviedo_C836_1415,Oviedo,P_out_other_institutions,43,raw,random_forest,87,0.6194503171247356,0.6909090909090909,0.46875,0.6717557251908397,0.29545454545454547,0.7647058823529411,1.512032085561497,0.25758067950217695,-0.1408234805537626
oulad_AAA_2013J,OULAD,P_in_leave_one_cohort_out,18,zscore,gradient_boosting,383,0.8110825625214115,0.7089715536105032,0.56957928802589,0.430327868852459,0.5428571428571428,0.7402597402597403,2.7001855287569576,0.2783582156704813,0.3353658134908591
oulad_AAA_2013J,OULAD,P_out_other_institutions,44,zscore,gradient_boosting,383,0.7401336073997945,0.8401253918495298,0.203125,0.430327868852459,0.38095238095238093,0.5194805194805194,1.8948670377241805,0.17999202626737354,0.05430705084758808
oulad_AAA_2014J,OULAD,P_in_leave_one_cohort_out,18,zscore,gradient_boosting,365,0.8370623941276116,0.7448275862068966,0.6237288135593221,0.469601677148847,0.5357142857142857,0.821917808219178,2.6785714285714284,0.21522637216015333,0.20943975385525754
oulad_AAA_2014J,OULAD,P_out_other_institutions,44,zscore,gradient_boosting,365,0.7766621964991531,0.838160136286201,0.3356643356643357,0.469601677148847,0.42857142857142855,0.6575342465753424,2.142857142857143,0.17426858911451776,0.015120903848171163
oulad_BBB_2013B,OULAD,P_in_leave_one_cohort_out,18,zscore,gradient_boosting,1767,0.8986832314505251,0.8315847598012148,0.8229831688914684,0.7059685097034054,0.3651452282157676,0.9971671388101983,1.8277949525701453,0.11790367937819919,-0.0063783474980648736
oulad_BBB_2013B,OULAD,P_out_other_institutions,44,zscore,gradient_boosting,1767,0.7436835673279144,0.6153238546603476,0.027944111776447105,0.7059685097034054,0.3184647302904564,0.8696883852691218,1.594127984201803,0.25886727038177115,-0.18994890222640665
oulad_BBB_2013J,OULAD,P_in_leave_one_cohort_out,18,zscore,gradient_boosting,2237,0.9178720133239382,0.8572649572649572,0.8434864104967198,0.684891240446796,0.3828326180257511,0.9977628635346756,1.9158759877485576,0.10680409656333448,0.0407876669603362
oulad_BBB_2013J,OULAD,P_out_other_institutions,44,zscore,gradient_boosting,2237,0.7538634616616486,0.6476365868631062,0.05592105263157895,0.684891240446796,0.3536480686695279,0.9217002237136466,1.769822661328264,0.25520223992270896,-0.18969694148597782
oulad_BBB_2014B,OULAD,P_in_leave_one_cohort_out,18,zscore,gradient_boosting,1613,0.9101474565377367,0.8465736810187993,0.839568801521877,0.7090836334533814,0.36455981941309257,1.0,1.8205417607223477,0.11144350855818795,-0.023878252490211693
oulad_BBB_2014B,OULAD,P_out_other_institutions,44,zscore,gradient_boosting,1613,0.7368231484097733,0.6229508196721312,0.037444933920704845,0.7090836334533814,0.3115124153498871,0.8544891640866873,1.5556332073045447,0.2707382072868407,-0.21209761634972635
oulad_BBB_2014J,OULAD,P_in_leave_one_cohort_out,18,zscore,gradient_boosting,2292,0.9043600755360622,0.8288907996560619,0.8237378210806023,0.6643356643356644,0.3912280701754386,0.9737991266375546,1.9578487703976097,0.12374540600989807,0.05873941370504143
oulad_BBB_2014J,OULAD,P_out_other_institutions,44,zscore,gradient_boosting,2292,0.7255394889132554,0.6555589215389276,0.11379579111457522,0.6643356643356644,0.29385964912280704,0.7314410480349345,1.470581475522868,0.2478150391182914,-0.15121147012123493
oulad_CCC_2014B,OULAD,P_in_leave_one_cohort_out,18,zscore,gradient_boosting,1936,0.9150135248975413,0.772567409144197,0.8208679593721145,0.7933935805546899,0.3040062843676355,1.0,1.5208169677926158,0.12755195377028064,-0.09604162872580557
oulad_CCC_2014B,OULAD,P_out_other_institutions,44,zscore,gradient_boosting,1936,0.8391508757711799,0.5256053989678444,0.11677753141167775,0.7933935805546899,0.3016496465043205,0.9922480620155039,1.509027688972518,0.29100397307899334,-0.3355611922948134
oulad_CCC_2014J,OULAD,P_in_leave_one_cohort_out,18,zscore,gradient_boosting,2498,0.9039412188713465,0.8151742390824879,0.8464639061927446,0.7450389349409695,0.33580579905596764,0.996,1.6776857720836145,0.1176351573962003,-0.0016448270414631816
oulad_CCC_2014J,OULAD,P_out_other_institutions,44,zscore,gradient_boosting,2498,0.7516696617494162,0.5902980713033313,0.10927573062261753,0.7450389349409695,0.32231962238705325,0.956,1.6103088334457183,0.2746373280368103,-0.24998687628434568
oulad_DDD_2013B,OULAD,P_in_leave_one_cohort_out,18,zscore,gradient_boosting,1303,0.8907895062186285,0.7778656126482213,0.790454884414616,0.7566793893129771,0.3291298865069357,1.0,1.6431273644388398,0.1446893375914584,-0.10959710547432533
oulad_DDD_2013B,OULAD,P_out_other_institutions,44,zscore,gradient_boosting,1303,0.7580842172934747,0.6326402016383113,0.4278704612365064,0.7566793893129771,0.3114754098360656,0.946360153256705,1.5549902644306262,0.258229683974985,-0.23916796142276842
oulad_DDD_2013J,OULAD,P_in_leave_one_cohort_out,18,zscore,gradient_boosting,1938,0.9065823979916485,0.8125331917153479,0.8228800802809835,0.7279291106005907,0.3489630297565374,0.9974226804123711,1.7430163702787875,0.12007419360485273,-0.042237508134034596
oulad_DDD_2013J,OULAD,P_out_other_institutions,44,zscore,gradient_boosting,1938,0.8417438851550152,0.7251071939018581,0.6752954417557682,0.7279291106005907,0.33994589720468893,0.9716494845360825,1.697977187584245,0.19006120799945198,-0.12542788041621467
oulad_DDD_2014B,OULAD,P_in_leave_one_cohort_out,18,zscore,gradient_boosting,1228,0.9031122916846679,0.7989179440937781,0.8344469190794358,0.7577137076378352,0.32710280373831774,0.9959349593495935,1.6328546463034723,0.11821310685899755,-0.030648842435095025
oulad_DDD_2014B,OULAD,P_out_other_institutions,44,zscore,gradient_boosting,1228,0.714221606540105,0.638700947225981,0.4539877300613497,0.7577137076378352,0.3137516688918558,0.9552845528455285,1.5662075178829225,0.2672040394155355,-0.24855299724821212
oulad_DDD_2014J,OULAD,P_in_leave_one_cohort_out,18,zscore,gradient_boosting,1803,0.8913791725364425,0.8055407565263719,0.7888953152111047,0.718550106609808,0.35410484668644904,0.9916897506925207,1.7685624337276113,0.13153809703065594,-0.039426949891834484
oulad_DDD_2014J,OULAD,P_out_other_institutions,44,zscore,gradient_boosting,1803,0.7328490143772043,0.6109375,0.04780114722753346,0.718550106609808,0.29475766567754697,0.8254847645429363,1.4721553219296877,0.2749115085590973,-0.22544667554984255
oulad_EEE_2013J,OULAD,P_in_leave_one_cohort_out,18,zscore,gradient_boosting,1052,0.9298057356358905,0.8823529411764706,0.8363636363636363,0.5926421404682275,0.4717832957110609,0.9952380952380953,2.363409652800172,0.10265378804442513,0.08714245254614272
oulad_EEE_2013J,OULAD,P_out_other_institutions,44,zscore,gradient_boosting,1052,0.8925541260327591,0.7378640776699029,0.05263157894736842,0.5926421404682275,0.4717832957110609,0.9952380952380953,2.363409652800172,0.20056221213784467,-0.1616293817453422
oulad_EEE_2014B,OULAD,P_in_leave_one_cohort_out,18,zscore,gradient_boosting,694,0.9298015942281957,0.8828828828828829,0.851063829787234,0.6537342386032978,0.4124629080118694,1.0,2.059347181008902,0.0970449708700781,0.025043253522767206
oulad_EEE_2014B,OULAD,P_out_other_institutions,44,zscore,gradient_boosting,694,0.8683556508656874,0.8161328588374852,0.7155963302752294,0.6537342386032978,0.3916913946587537,0.9496402877697842,1.9556390495911875,0.18647103597693096,-0.08741450393285022
oulad_EEE_2014J,OULAD,P_in_leave_one_cohort_out,18,zscore,gradient_boosting,1188,0.9324613617376776,0.8756515264333582,0.8383349467570184,0.5957446808510638,0.4722222222222222,1.0,2.357142857142857,0.0988248123584406,0.08754474376420868
oulad_EEE_2014J,OULAD,P_out_other_institutions,44,zscore,gradient_boosting,1188,0.9171220876264736,0.8755700325732899,0.7728894173602854,0.5957446808510638,0.4603174603174603,0.9747899159663865,2.2977190876350537,0.14533045102654132,-0.09313183065159447
oulad_FFF_2013B,OULAD,P_in_leave_one_cohort_out,18,zscore,gradient_boosting,1614,0.8998884148140861,0.8241563055062167,0.8070175438596491,0.6802943581357318,0.38822115384615385,1.0,1.9399038461538463,0.1270068106985769,-0.014965715465138363
oulad_FFF_2013B,OULAD,P_out_other_institutions,44,zscore,gradient_boosting,1614,0.8614560790871532,0.6565656565656566,0.04225352112676056,0.6802943581357318,0.36658653846153844,0.9442724458204335,1.8317977494641584,0.25227744437773775,-0.2546209159426292
oulad_FFF_2013J,OULAD,P_in_leave_one_cohort_out,18,zscore,gradient_boosting,2283,0.9314488107867104,0.8690476190476191,0.8608852755194218,0.6845289541918754,0.3846801346801347,1.0,1.9217171717171717,0.09757396554505009,0.00835254083346626
oulad_FFF_2013J,OULAD,P_out_other_institutions,44,zscore,gradient_boosting,2283,0.8791345725135679,0.8125,0.7466529351184346,0.6845289541918754,0.3728956228956229,0.9693654266958425,1.8628461861503438,0.1883146356289211,-0.1127548481061903
oulad_FFF_2014B,OULAD,P_in_leave_one_cohort_out,18,zscore,gradient_boosting,1500,0.9206881095422965,0.8346570397111913,0.8582043343653251,0.7212276214833758,0.3534278959810875,0.9966666666666667,1.7671394799054376,0.10854532676619595,0.0005912832451002714
oulad_FFF_2014B,OULAD,P_out_other_institutions,44,zscore,gradient_boosting,1500,0.7072570325547096,0.6118980169971672,0.06802721088435375,0.7212276214833758,0.2647754137115839,0.7466666666666667,1.3238770685579198,0.2835107894303834,-0.23415342222140328
oulad_FFF_2014J,OULAD,P_in_leave_one_cohort_out,18,zscore,gradient_boosting,2365,0.9457036361132153,0.8887090246863618,0.8782647189021691,0.6908386382507611,0.3782051282051282,0.9978858350951374,1.891025641025641,0.08738629555033446,-0.0008099946689253956
oulad_FFF_2014J,OULAD,P_out_other_institutions,44,zscore,gradient_boosting,2365,0.7568525038450061,0.6452367036820573,0.07186544342507645,0.6908386382507611,0.2876602564102564,0.758985200845666,1.4383012820512822,0.2564425105531687,-0.1806343165058631
ku_Accountancy_1819,KU Leuven,P_in_leave_one_cohort_out,5,zscore,gradient_boosting,756,0.6856287926344424,0.8021877848678214,0.4771084337349398,0.4587155963302752,0.3511111111111111,0.5231788079470199,1.7578807947019868,0.19512149440750914,0.036416884625877555
ku_Accountancy_1819,KU Leuven,P_out_other_institutions,57,zscore,gradient_boosting,756,0.6387989119062565,0.7916317991631799,0.21451104100946372,0.4587155963302752,0.26222222222222225,0.39072847682119205,1.3128476821192052,0.21297636048003313,-0.013823689305612952
ku_Globaleconom_1819,KU Leuven,P_in_leave_one_cohort_out,5,zscore,gradient_boosting,743,0.5815605447184394,0.6556291390728477,0.46206896551724136,0.6086142322097378,0.26153846153846155,0.5704697986577181,1.3041817243159524,0.24904884907771352,0.0054591126968661086
ku_Globaleconom_1819,KU Leuven,P_out_other_institutions,57,zscore,gradient_boosting,743,0.6109348546190652,0.7045666356011183,0.2324455205811138,0.6086142322097378,0.24307692307692308,0.5302013422818792,1.21212183789365,0.2523653345053871,-0.10932905725238523
ku_Accountancy_1920,KU Leuven,P_in_leave_one_cohort_out,5,zscore,gradient_boosting,711,0.695034336552574,0.8148148148148148,0.4152046783625731,0.48723404255319147,0.3537117903930131,0.5704225352112676,1.7710498800664247,0.19557922996862692,-0.043049130961510806
ku_Accountancy_1920,KU Leuven,P_out_other_institutions,57,zscore,gradient_boosting,711,0.6860107992534745,0.7659574468085106,0.37628865979381443,0.48723404255319147,0.2838427947598253,0.45774647887323944,1.4212128667199704,0.2026897273517808,0.022332611580915596
ku_Globaleconom_1920,KU Leuven,P_in_leave_one_cohort_out,5,zscore,gradient_boosting,681,0.7014084671124677,0.7715196599362381,0.48931116389548696,0.3938679245283019,0.3652694610778443,0.4485294117647059,1.8290331102500883,0.20656464115306283,0.19451952935853525
ku_Globaleconom_1920,KU Leuven,P_out_other_institutions,57,zscore,gradient_boosting,681,0.7156970106479648,0.8349146110056926,0.43506493506493504,0.3938679245283019,0.3772455089820359,0.4632352941176471,1.8890014089468123,0.1873429762074631,0.08426883348033906
ku_Accountancy_2021,KU Leuven,P_in_leave_one_cohort_out,5,zscore,gradient_boosting,725,0.6683524438477448,0.8029330889092575,0.4011142061281337,0.4607218683651805,0.34101382488479265,0.5103448275862069,1.705069124423963,0.19693159843401337,0.018222820924268746
ku_Accountancy_2021,KU Leuven,P_out_other_institutions,57,zscore,gradient_boosting,725,0.6283791139010848,0.6901709401709402,0.4357976653696498,0.4607218683651805,0.2857142857142857,0.42758620689655175,1.4285714285714286,0.23203529987601965,0.12347936375160767
ku_Globaleconom_2021,KU Leuven,P_in_leave_one_cohort_out,5,zscore,gradient_boosting,335,0.6687473248680269,0.6928104575163399,0.33175355450236965,0.6546184738955823,0.31901840490797545,0.7761194029850746,1.5950920245398774,0.2750938478092738,-0.21950043438172373
ku_Globaleconom_2021,KU Leuven,P_out_other_institutions,57,zscore,gradient_boosting,335,0.617563133114567,0.6739606126914661,0.3004694835680751,0.6546184738955823,0.25153374233128833,0.6119402985074627,1.2576687116564418,0.2824044699997518,-0.18325294148964832
ukzn_ISTN101_2019,UKZN,P_in_leave_one_cohort_out,15,zscore,gradient_boosting,1056,0.6538411198643798,0.906988964792433,0.15311004784688995,0.2967741935483871,0.3858695652173913,0.33649289099526064,1.931176591798887,0.14253296272194357,-0.0807624974794426
ukzn_ISTN101_2019,UKZN,P_out_other_institutions,47,zscore,gradient_boosting,1056,0.6350281711208616,0.8322465915826912,0.3341176470588235,0.2967741935483871,0.3423913043478261,0.2985781990521327,1.7135792293426744,0.20573038790998205,0.2514958937047695
ukzn_ISTN101_2020,UKZN,P_in_leave_one_cohort_out,15,zscore,gradient_boosting,978,0.7400979767579797,0.9571275455519829,0.1111111111111111,0.09542356377799414,0.46938775510204084,0.11734693877551021,2.342149104539775,0.07380733189908867,0.11012898146577757
ukzn_ISTN101_2020,UKZN,P_out_other_institutions,47,zscore,gradient_boosting,978,0.7059269348212913,0.7122351332877649,0.1460446247464503,0.09542356377799414,0.4489795918367347,0.11224489795918367,2.2403165347771763,0.32964768089009483,0.4749617984427693
ukzn_ISTN101_2021,UKZN,P_in_leave_one_cohort_out,15,zscore,gradient_boosting,741,0.7932410919136583,0.9383259911894273,0.3,0.15671641791044774,0.5396825396825397,0.22972972972972974,2.7020592020592025,0.08863910147843225,0.11852222044563068
ukzn_ISTN101_2021,UKZN,P_out_other_institutions,47,zscore,gradient_boosting,741,0.747015030200871,0.8183361629881154,0.29605263157894735,0.15671641791044774,0.47619047619047616,0.20270270270270271,2.3841698841698844,0.2001112423647076,0.3329286357921196
ukzn_ISTN102_2018,UKZN,P_in_leave_one_cohort_out,15,zscore,gradient_boosting,257,0.6715297230003112,0.8475336322869955,0.0,0.4184615384615385,0.3088235294117647,0.4117647058823529,1.556228373702422,0.21400411276306708,-0.17821016252028432
ukzn_ISTN102_2018,UKZN,P_out_other_institutions,47,zscore,gradient_boosting,257,0.6567071272953626,0.7449856733524355,0.46060606060606063,0.4184615384615385,0.3235294117647059,0.43137254901960786,1.630334486735871,0.2856482876277652,0.24468082043955658
ukzn_ISTN103_2019,UKZN,P_in_leave_one_cohort_out,15,zscore,gradient_boosting,1113,0.6950615006150063,0.8426555148980659,0.038338658146964855,0.4246284501061571,0.35333333333333333,0.47533632286995514,1.7634977578475337,0.18600186059454857,-0.07826239259414505
ukzn_ISTN103_2019,UKZN,P_out_other_institutions,47,zscore,gradient_boosting,1113,0.6791205412054121,0.8382663847780126,0.08383233532934131,0.4246284501061571,0.32666666666666666,0.43946188340807174,1.6304035874439462,0.18259771982897932,-0.0024986859896962144
ukzn_ISTN103_2020,UKZN,P_in_leave_one_cohort_out,15,zscore,gradient_boosting,1082,0.7773391484195854,0.9461839530332681,0.08333333333333333,0.19214703425229743,0.5130434782608696,0.27314814814814814,2.569967793880837,0.08275337629638967,-0.004164174823235681
ukzn_ISTN103_2020,UKZN,P_out_other_institutions,47,zscore,gradient_boosting,1082,0.6628658783328087,0.706266318537859,0.2879746835443038,0.19214703425229743,0.30434782608695654,0.16203703703703703,1.5245571658615136,0.3011989125318009,0.4395263833763079
ukzn_ISTN211_2019,UKZN,P_in_leave_one_cohort_out,15,zscore,gradient_boosting,280,0.7773744706594072,0.9644859813084112,0.24,0.12709030100334448,0.5263157894736842,0.17857142857142858,2.6315789473684212,0.06210118111082361,0.06574227390745759
ukzn_ISTN211_2019,UKZN,P_out_other_institutions,47,zscore,gradient_boosting,280,0.6255293405928615,0.4012158054711246,0.1471861471861472,0.12709030100334448,0.2631578947368421,0.08928571428571429,1.3157894736842106,0.322043798702448,0.4984656721017827
ukzn_ISTN211_2021,UKZN,P_in_leave_one_cohort_out,15,zscore,gradient_boosting,327,0.8847248576850095,0.9694041867954911,0.42424242424242425,0.09883720930232558,0.7058823529411765,0.18461538461538463,3.5511312217194573,0.05133121110312323,0.08450164931734476
ukzn_ISTN211_2021,UKZN,P_out_other_institutions,47,zscore,gradient_boosting,327,0.7421252371916508,0.7134020618556701,0.17751479289940827,0.09883720930232558,0.5294117647058824,0.13846153846153847,2.663348416289593,0.30672102797089,0.49291445527133526
ukzn_ISTN212_2018,UKZN,P_in_leave_one_cohort_out,15,zscore,gradient_boosting,238,0.7427366447985004,0.8946135831381733,0.08163265306122448,0.3120567375886525,0.3409090909090909,0.3125,1.690340909090909,0.13789076687521395,0.00934833244426897
ukzn_ISTN212_2018,UKZN,P_out_other_institutions,47,zscore,gradient_boosting,238,0.7697985004686035,0.6928104575163399,0.4470588235294118,0.3120567375886525,0.45454545454545453,0.4166666666666667,2.253787878787879,0.3168753549864666,0.3882233050508962
ukzn_ISTN212_2019,UKZN,P_in_leave_one_cohort_out,15,zscore,gradient_boosting,264,0.7863041613041613,0.9205020920502092,0.24,0.2745098039215686,0.5476190476190477,0.4339622641509434,2.7277628032345014,0.11135269826685151,-0.035793360152769516
ukzn_ISTN212_2019,UKZN,P_out_other_institutions,47,zscore,gradient_boosting,264,0.7504826254826255,0.713091922005571,0.3905325443786982,0.2745098039215686,0.5714285714285714,0.4528301886792453,2.846361185983828,0.22658468298234538,0.31669798670463745
ukzn_ISTN2IP_2018,UKZN,P_in_leave_one_cohort_out,15,zscore,gradient_boosting,99,0.7281081081081081,0.8488372093023255,0.0,0.40322580645161293,0.32,0.4,1.584,0.21144622991462447,-0.15412598158013158
ukzn_ISTN2IP_2018,UKZN,P_out_other_institutions,47,zscore,gradient_boosting,99,0.6648648648648648,0.7076923076923077,0.4411764705882353,0.40322580645161293,0.2,0.25,0.99,0.22651437255585044,0.20562876347946862
ukzn_ISTN2IP_2019,UKZN,P_in_leave_one_cohort_out,15,zscore,gradient_boosting,116,0.7530438311688312,0.8656716417910447,0.12903225806451613,0.3888888888888889,0.42857142857142855,0.5217391304347826,2.1614906832298133,0.163370635118509,-0.08187794464823783
ukzn_ISTN2IP_2019,UKZN,P_out_other_institutions,47,zscore,gradient_boosting,116,0.6663961038961039,0.4918032786885246,0.43636363636363634,0.3888888888888889,0.39285714285714285,0.4782608695652174,1.9813664596273293,0.440786867589956,0.48249567100850566
ukzn_ISTN3ND_2018,UKZN,P_in_leave_one_cohort_out,15,zscore,gradient_boosting,144,0.599011897559992,0.7565217391304347,0.034482758620689655,0.5671641791044776,0.2631578947368421,0.5172413793103449,1.3067150635208713,0.29188824822497306,-0.2418934537784244
ukzn_ISTN3ND_2018,UKZN,P_out_other_institutions,47,zscore,gradient_boosting,144,0.525509175236943,0.44776119402985076,0.5194805194805194,0.5671641791044776,0.21052631578947367,0.41379310344827586,1.045372050816697,0.41771299854382044,0.3034561295318093
ukzn_ISTN3ND_2019,UKZN,P_in_leave_one_cohort_out,15,zscore,gradient_boosting,223,0.6858176739461656,0.882051282051282,0.17857142857142858,0.32958801498127344,0.36363636363636365,0.35555555555555557,1.8020202020202023,0.1530557156342293,0.02872883899330525
ukzn_ISTN3ND_2019,UKZN,P_out_other_institutions,47,zscore,gradient_boosting,223,0.670264093448451,0.7094594594594594,0.4266666666666667,0.32958801498127344,0.3181818181818182,0.3111111111111111,1.5767676767676768,0.34031513995934626,0.34489529816597597
ukzn_ISTN3SA_2018,UKZN,P_in_leave_one_cohort_out,15,zscore,gradient_boosting,141,0.6756756756756758,0.8870967741935484,0.17647058823529413,0.3508771929824561,0.3333333333333333,0.35714285714285715,1.6785714285714286,0.15503996899493047,0.008315641160955678
ukzn_ISTN3SA_2018,UKZN,P_out_other_institutions,47,zscore,gradient_boosting,141,0.622072072072072,0.6046511627906976,0.38181818181818183,0.3508771929824561,0.4,0.42857142857142855,2.0142857142857142,0.3808101419424324,0.39213923370457116
ukzn_ISTN3SA_2019,UKZN,P_in_leave_one_cohort_out,15,zscore,gradient_boosting,195,0.6194117647058823,0.9299719887955182,0.24242424242424243,0.22727272727272727,0.44,0.28205128205128205,2.2,0.11462719290024312,0.07248901903610078
ukzn_ISTN3SA_2019,UKZN,P_out_other_institutions,47,zscore,gradient_boosting,195,0.48929411764705877,0.48535564853556484,0.18543046357615894,0.22727272727272727,0.32,0.20512820512820512,1.6,0.47208656130447585,0.5262456057369889
zambia_ICT1110_2020,Zambia,P_in_leave_one_cohort_out,1,zscore,gradient_boosting,65,0.385204081632653,0.18604651162790697,0.5977011494252874,0.8596491228070176,0.20408163265306123,0.7692307692307693,1.0204081632653061,0.41812139563387973,-0.15946200293215307
zambia_ICT1110_2020,Zambia,P_out_other_institutions,61,zscore,gradient_boosting,65,0.6460459183673469,0.4155844155844156,0.1509433962264151,0.8596491228070176,0.22448979591836735,0.8461538461538461,1.1224489795918366,0.41473422087725886,-0.48635954285518596
zambia_ICT1110_2021,Zambia,P_in_leave_one_cohort_out,1,zscore,gradient_boosting,52,0.49453125,0.3448275862068966,0.7466666666666667,0.761904761904762,0.15625,0.5,0.8125,0.3432892352463853,0.15760142218130446
zambia_ICT1110_2021,Zambia,P_out_other_institutions,61,zscore,gradient_boosting,52,0.48828125,0.5714285714285714,0.11764705882352941,0.761904761904762,0.1875,0.6,0.9749999999999999,0.372871638459006,-0.3626503276571752
oviedo_C1112_1415,Oviedo,P_in_leave_one_cohort_out,19,zscore,gradient_boosting,199,0.7126577126577126,0.6868686868686869,0.69,0.7035830618892508,0.3425925925925926,0.925,1.7043981481481483,0.2043155341545598,0.00539435069684302
oviedo_C1112_1415,Oviedo,P_out_other_institutions,43,zscore,gradient_boosting,199,0.781084656084656,0.7003891050583657,0.45390070921985815,0.7035830618892508,0.3425925925925926,0.925,1.7043981481481483,0.2533350845584825,-0.23754735015556006
oviedo_C1127_1415,Oviedo,P_in_leave_one_cohort_out,19,zscore,gradient_boosting,106,0.6616915422885572,0.7724137931034483,0.5074626865671642,0.5379310344827586,0.38461538461538464,0.7142857142857143,1.9413919413919416,0.2085148895049033,0.09343438735696724
oviedo_C1127_1415,Oviedo,P_out_other_institutions,43,zscore,gradient_boosting,106,0.6570991197856869,0.8354430379746836,0.5185185185185185,0.5379310344827586,0.41025641025641024,0.7619047619047619,2.070818070818071,0.20427822092780654,-0.07676751624548056
oviedo_C1200_1415,Oviedo,P_in_leave_one_cohort_out,19,zscore,gradient_boosting,107,0.7102107558139534,0.624,0.47191011235955055,0.7485380116959064,0.296875,0.9047619047619048,1.5126488095238098,0.23163581592836927,-0.15442220034327592
oviedo_C1200_1415,Oviedo,P_out_other_institutions,43,zscore,gradient_boosting,107,0.6240915697674418,0.5964912280701754,0.54,0.7485380116959064,0.28125,0.8571428571428571,1.4330357142857144,0.27868592033702055,-0.16529572315043273
oviedo_C1303_1415,Oviedo,P_in_leave_one_cohort_out,19,zscore,gradient_boosting,112,0.6355442176870748,0.5306122448979592,0.6349206349206349,0.7692307692307693,0.22857142857142856,0.7272727272727273,1.1636363636363636,0.2388664008514036,-0.0922078609969752
oviedo_C1303_1415,Oviedo,P_out_other_institutions,43,zscore,gradient_boosting,112,0.6047619047619048,0.5142857142857142,0.5714285714285714,0.7692307692307693,0.24285714285714285,0.7727272727272727,1.2363636363636363,0.30220210694886174,-0.1032529391504684
oviedo_C174_1415,Oviedo,P_in_leave_one_cohort_out,19,zscore,gradient_boosting,96,0.823529411764706,0.7708333333333334,0.7708333333333334,0.6382978723404256,0.4,0.9473684210526315,2.0210526315789474,0.1967811016465996,0.06251776285828259
oviedo_C174_1415,Oviedo,P_out_other_institutions,43,zscore,gradient_boosting,96,0.6832244008714597,0.6260869565217392,0.44155844155844154,0.6382978723404256,0.26666666666666666,0.631578947368421,1.3473684210526315,0.23228108582798956,-0.07041254486804488
oviedo_C190_1415,Oviedo,P_in_leave_one_cohort_out,19,zscore,gradient_boosting,112,0.40163934426229503,0.5507246376811594,0.27906976744186046,0.7052023121387282,0.16393442622950818,0.45454545454545453,0.8345752608047691,0.3040843090168838,-0.11497920193804867
oviedo_C190_1415,Oviedo,P_out_other_institutions,43,zscore,gradient_boosting,112,0.4977499196399872,0.5546218487394958,0.49523809523809526,0.7052023121387282,0.22950819672131148,0.6363636363636364,1.1684053651266766,0.30657960918731264,-0.08397945291327585
oviedo_C1978_1415,Oviedo,P_in_leave_one_cohort_out,19,zscore,gradient_boosting,164,0.8054532056005895,0.8547008547008547,0.6382978723404256,0.43809523809523815,0.5434782608695652,0.7575757575757576,2.7009222661396572,0.1792335848508865,0.17390090872313846
oviedo_C1978_1415,Oviedo,P_out_other_institutions,43,zscore,gradient_boosting,164,0.8102431834929992,0.900398406374502,0.6753246753246753,0.43809523809523815,0.5869565217391305,0.8181818181818182,2.91699604743083,0.14216513920832372,0.05102076828425439
oviedo_C2011_1415,Oviedo,P_in_leave_one_cohort_out,19,zscore,gradient_boosting,120,0.7990998363338788,0.9015544041450777,0.5957446808510638,0.3561643835616438,0.5384615384615384,0.5833333333333334,2.6923076923076925,0.1584219842081467,0.17650840193600797
oviedo_C2011_1415,Oviedo,P_out_other_institutions,43,zscore,gradient_boosting,120,0.7274959083469721,0.898989898989899,0.5238095238095238,0.3561643835616438,0.5,0.5416666666666666,2.4999999999999996,0.13809170380973843,0.04833802150384309
oviedo_C2024_1415,Oviedo,P_in_leave_one_cohort_out,19,zscore,gradient_boosting,327,0.5398251748251749,0.6405529953917051,0.2909090909090909,0.27440633245382584,0.25,0.2,1.2576923076923077,0.29559810008749193,0.3748694156996799
oviedo_C2024_1415,Oviedo,P_out_other_institutions,43,zscore,gradient_boosting,327,0.538951048951049,0.7520325203252033,0.24691358024691357,0.27440633245382584,0.25,0.2,1.2576923076923077,0.28409933903936985,0.2678728419935761
oviedo_C2150_1415,Oviedo,P_in_leave_one_cohort_out,19,zscore,gradient_boosting,106,0.7857410881801126,0.7166666666666667,0.6304347826086957,0.5578231292517007,0.36585365853658536,0.7142857142857143,1.8466898954703832,0.19631081440440762,0.10224661940898166
oviedo_C2150_1415,Oviedo,P_out_other_institutions,43,zscore,gradient_boosting,106,0.8335834896810507,0.7938931297709924,0.6666666666666666,0.5578231292517007,0.3902439024390244,0.7619047619047619,1.9698025551684086,0.17206293271209236,0.0683328296561877
oviedo_C2271_1415,Oviedo,P_in_leave_one_cohort_out,19,zscore,gradient_boosting,596,0.6254422699906035,0.7065073041168659,0.49658314350797267,0.5860023724792408,0.340080971659919,0.7058823529411765,1.7032626815908551,0.2274531987159872,0.03358977151932907
oviedo_C2271_1415,Oviedo,P_out_other_institutions,43,zscore,gradient_boosting,596,0.6413523891279886,0.7494199535962877,0.34545454545454546,0.5860023724792408,0.32388663967611336,0.6722689075630253,1.6221549348484334,0.24295600999114114,-0.128624316926997
oviedo_C2335_1415,Oviedo,P_in_leave_one_cohort_out,19,zscore,gradient_boosting,428,0.5857196401799101,0.5031446540880503,0.37467018469656993,0.807799442896936,0.23793103448275862,0.8023255813953488,1.1841218925421009,0.29197868340396166,-0.27224372571793065
oviedo_C2335_1415,Oviedo,P_out_other_institutions,43,zscore,gradient_boosting,428,0.5906421789105447,0.49635036496350365,0.5348314606741573,0.807799442896936,0.23448275862068965,0.7906976744186046,1.1669607056936646,0.3029127693672233,-0.23774214123600118
oviedo_C2406_1415,Oviedo,P_in_leave_one_cohort_out,19,zscore,gradient_boosting,133,0.6881927710843374,0.547945205479452,0.45,0.7685185185185186,0.27710843373493976,0.8518518518518519,1.3650156180276662,0.2795439102804118,-0.22781724420224925
oviedo_C2406_1415,Oviedo,P_out_other_institutions,43,zscore,gradient_boosting,133,0.6225301204819276,0.5174825174825175,0.43902439024390244,0.7685185185185186,0.21686746987951808,0.6666666666666666,1.0682730923694779,0.32450095825124725,-0.22219506823061708
oviedo_C2468_1415,Oviedo,P_in_leave_one_cohort_out,19,zscore,gradient_boosting,82,0.6915526472337894,0.7326732673267327,0.5714285714285714,0.6666666666666666,0.36585365853658536,0.9375,1.875,0.21150941716320282,-0.05643534749961454
oviedo_C2468_1415,Oviedo,P_out_other_institutions,43,zscore,gradient_boosting,82,0.6124330755502677,0.7027027027027027,0.37735849056603776,0.6666666666666666,0.2926829268292683,0.75,1.5,0.29227000005247,-0.24096096583828164
oviedo_C2607_1415,Oviedo,P_in_leave_one_cohort_out,19,zscore,gradient_boosting,277,0.8647260273972602,0.5577689243027888,0.6336633663366337,0.8482328482328483,0.2696078431372549,1.0,1.3578431372549018,0.22929464513085204,-0.2913553283462988
oviedo_C2607_1415,Oviedo,P_out_other_institutions,43,zscore,gradient_boosting,277,0.9157937147461724,0.5714285714285714,0.6423841059602649,0.8482328482328483,0.2696078431372549,1.0,1.3578431372549018,0.24121114942666588,-0.33546163184935346
oviedo_C3022_1415,Oviedo,P_in_leave_one_cohort_out,19,zscore,gradient_boosting,238,0.6669117647058822,0.6476868327402135,0.49230769230769234,0.4444444444444445,0.36764705882352944,0.5208333333333334,1.822916666666667,0.2504619618413135,0.24711973371973794
oviedo_C3022_1415,Oviedo,P_out_other_institutions,43,zscore,gradient_boosting,238,0.6836072664359862,0.6996699669966997,0.47398843930635837,0.4444444444444445,0.36764705882352944,0.5208333333333334,1.822916666666667,0.2401985062492141,0.17548933260186095
oviedo_C3029_1415,Oviedo,P_in_leave_one_cohort_out,19,zscore,gradient_boosting,231,0.501188455008489,0.6468646864686468,0.3270440251572327,0.49511400651465803,0.17105263157894737,0.2826086956521739,0.8589816933638443,0.2637654259953633,0.15150468663200778
oviedo_C3029_1415,Oviedo,P_out_other_institutions,43,zscore,gradient_boosting,231,0.5809847198641767,0.673469387755102,0.42857142857142855,0.49511400651465803,0.21052631578947367,0.34782608695652173,1.05720823798627,0.2368356644816632,0.06803318137898212
oviedo_C4189_1415,Oviedo,P_in_leave_one_cohort_out,19,zscore,gradient_boosting,128,0.4876225490196078,0.5611510791366906,0.47863247863247865,0.6382978723404256,0.21666666666666667,0.5,1.0666666666666667,0.31923193833006697,0.10174199282344132
oviedo_C4189_1415,Oviedo,P_out_other_institutions,43,zscore,gradient_boosting,128,0.46948529411764706,0.5555555555555556,0.42857142857142855,0.6382978723404256,0.21666666666666667,0.5,1.0666666666666667,0.3765314099712272,0.020063326571604256
oviedo_C4213_1415,Oviedo,P_in_leave_one_cohort_out,19,zscore,gradient_boosting,140,0.6967984934086628,0.7204968944099379,0.6218487394957983,0.592964824120603,0.3389830508474576,0.7142857142857143,1.694915254237288,0.21822495101503273,0.07543667838367502
oviedo_C4213_1415,Oviedo,P_out_other_institutions,43,zscore,gradient_boosting,140,0.6566227244193346,0.7134502923976608,0.5504587155963303,0.592964824120603,0.288135593220339,0.6071428571428571,1.4406779661016949,0.2500422172868929,0.005870249542414274
oviedo_C836_1415,Oviedo,P_in_leave_one_cohort_out,19,zscore,gradient_boosting,87,0.7241014799154335,0.7047619047619048,0.5507246376811594,0.6717557251908397,0.29545454545454547,0.7647058823529411,1.512032085561497,0.2250260729801934,-0.09974999912853871
oviedo_C836_1415,Oviedo,P_out_other_institutions,43,zscore,gradient_boosting,87,0.6794397463002114,0.7184466019417476,0.5915492957746479,0.6717557251908397,0.2727272727272727,0.7058823529411765,1.3957219251336899,0.24735903108605115,-0.07380735257940063
oulad_AAA_2013J,OULAD,P_in_leave_one_cohort_out,18,zscore,logistic_regression,383,0.8183967112024666,0.6481481481481481,0.5449101796407185,0.430327868852459,0.5047619047619047,0.6883116883116883,2.5106988249845394,0.27169047463837787,0.3417331161904453
oulad_AAA_2013J,OULAD,P_out_other_institutions,44,zscore,logistic_regression,383,0.7951353203151764,0.862015503875969,0.2644628099173554,0.430327868852459,0.5047619047619047,0.6883116883116883,2.5106988249845394,0.16186763363638967,0.008365437414920296
oulad_AAA_2014J,OULAD,P_in_leave_one_cohort_out,18,zscore,logistic_regression,365,0.8354390175042348,0.6941747572815534,0.6037735849056604,0.469601677148847,0.5267857142857143,0.8082191780821918,2.633928571428571,0.23709105168370828,0.2909366624931033
oulad_AAA_2014J,OULAD,P_out_other_institutions,44,zscore,logistic_regression,365,0.7945722755505364,0.847571189279732,0.3157894736842105,0.469601677148847,0.45535714285714285,0.6986301369863014,2.2767857142857144,0.1732232721376147,-0.024263466504021725
oulad_BBB_2013B,OULAD,P_in_leave_one_cohort_out,18,zscore,logistic_regression,1767,0.8967512905442765,0.8384615384615385,0.8284714119019837,0.7059685097034054,0.3651452282157676,0.9971671388101983,1.8277949525701453,0.11960424584151635,-0.008307104813434996
oulad_BBB_2013B,OULAD,P_out_other_institutions,44,zscore,logistic_regression,1767,0.8702957787963189,0.6249027237354086,0.0,0.7059685097034054,0.3651452282157676,0.9971671388101983,1.8277949525701453,0.25970834011640836,-0.2623293175027728
oulad_BBB_2013J,OULAD,P_in_leave_one_cohort_out,18,zscore,logistic_regression,2237,0.9169403785792068,0.8449339207048459,0.8402903811252269,0.684891240446796,0.3828326180257511,0.9977628635346756,1.9158759877485576,0.10860285193304857,0.02861003066991752
oulad_BBB_2013J,OULAD,P_out_other_institutions,44,zscore,logistic_regression,2237,0.8827297258343476,0.6479298881837413,0.0,0.684891240446796,0.3828326180257511,0.9977628635346756,1.9158759877485576,0.24901417874858958,-0.23801370976659464
oulad_BBB_2014B,OULAD,P_in_leave_one_cohort_out,18,zscore,logistic_regression,1613,0.9081757803645893,0.8462951622780159,0.842435655994978,0.7090836334533814,0.36455981941309257,1.0,1.8205417607223477,0.11209720637622084,-0.01117971402897866
oulad_BBB_2014B,OULAD,P_out_other_institutions,44,zscore,logistic_regression,1613,0.8813066468774549,0.6213675213675214,0.0,0.7090836334533814,0.36455981941309257,1.0,1.8205417607223477,0.2595318992984334,-0.2659160923223176
oulad_BBB_2014J,OULAD,P_in_leave_one_cohort_out,18,zscore,logistic_regression,2292,0.9057988395467835,0.8235800344234079,0.8185840707964602,0.6643356643356644,0.4,0.9956331877729258,2.0017467248908294,0.12176467778740889,0.04846818999481395
oulad_BBB_2014J,OULAD,P_out_other_institutions,44,zscore,logistic_regression,2292,0.8859599628411307,0.6689895470383276,0.0,0.6643356643356644,0.3991228070175439,0.9934497816593887,1.9973569294415077,0.23214716704857757,-0.21334179386867536
oulad_CCC_2014B,OULAD,P_in_leave_one_cohort_out,18,zscore,logistic_regression,1936,0.9259987274866439,0.7764990914597214,0.8338586222422333,0.7933935805546899,0.3040062843676355,1.0,1.5208169677926158,0.1267529149292098,-0.11119627164512191
oulad_CCC_2014B,OULAD,P_out_other_institutions,44,zscore,logistic_regression,1936,0.9071254823761639,0.5101962293189688,0.0,0.7933935805546899,0.3040062843676355,1.0,1.5208169677926158,0.30745364933174374,-0.37390888618168705
oulad_CCC_2014J,OULAD,P_in_leave_one_cohort_out,18,zscore,logistic_regression,2498,0.9077734853794567,0.8188841201716738,0.8417104276069017,0.7450389349409695,0.33580579905596764,0.996,1.6776857720836145,0.11959009372813992,-0.05414086237280269
oulad_CCC_2014J,OULAD,P_out_other_institutions,44,zscore,logistic_regression,2498,0.885404369388372,0.5778536863079988,0.0,0.7450389349409695,0.33580579905596764,0.996,1.6776857720836145,0.2790714620822285,-0.31049710717276724
oulad_DDD_2013B,OULAD,P_in_leave_one_cohort_out,18,zscore,logistic_regression,1303,0.8910417130282126,0.7788309636650869,0.7910447761194029,0.7566793893129771,0.3291298865069357,1.0,1.6431273644388398,0.13984444913724187,-0.08365647504715534
oulad_DDD_2013B,OULAD,P_out_other_institutions,44,zscore,logistic_regression,1303,0.8622876641198725,0.5626034197462769,0.0,0.7566793893129771,0.3291298865069357,1.0,1.6431273644388398,0.2863475654631024,-0.3246446118818316
oulad_DDD_2013J,OULAD,P_in_leave_one_cohort_out,18,zscore,logistic_regression,1938,0.9075705843515225,0.8194516295913088,0.8203808543489449,0.7279291106005907,0.3489630297565374,0.9974226804123711,1.7430163702787875,0.12207968256925987,-0.04490422406856287
oulad_DDD_2013J,OULAD,P_out_other_institutions,44,zscore,logistic_regression,1938,0.8869377752591203,0.5992049150704735,0.0,0.7279291106005907,0.3489630297565374,0.9974226804123711,1.7430163702787875,0.2642444766806886,-0.28812082355220625
oulad_DDD_2014B,OULAD,P_in_leave_one_cohort_out,18,zscore,logistic_regression,1228,0.9074618628595956,0.8082901554404145,0.8289676425269645,0.7577137076378352,0.32710280373831774,0.9959349593495935,1.6328546463034723,0.12437694794762741,-0.0761621619513777
oulad_DDD_2014B,OULAD,P_out_other_institutions,44,zscore,logistic_regression,1228,0.8809491291102124,0.5612185120093731,0.0,0.7577137076378352,0.32710280373831774,0.9959349593495935,1.6328546463034723,0.28314372627479656,-0.32540818646571773
oulad_DDD_2014J,OULAD,P_in_leave_one_cohort_out,18,zscore,logistic_regression,1803,0.8906623105436162,0.8029197080291971,0.8076712328767123,0.718550106609808,0.35311572700296734,0.9889196675900277,1.763622315197646,0.13092388934992116,-0.02632657816972661
oulad_DDD_2014J,OULAD,P_out_other_institutions,44,zscore,logistic_regression,1803,0.8738148048237069,0.6104046242774567,0.0,0.718550106609808,0.35311572700296734,0.9889196675900277,1.763622315197646,0.2640365639247276,-0.27736471062970647
oulad_EEE_2013J,OULAD,P_in_leave_one_cohort_out,18,zscore,logistic_regression,1052,0.9322947362178311,0.8671679197994987,0.824696802646086,0.5926421404682275,0.47404063205417607,1.0,2.3747178329571104,0.11141826486956873,0.11853616538273459
oulad_EEE_2013J,OULAD,P_out_other_institutions,44,zscore,logistic_regression,1052,0.913769010367438,0.7332931968693558,0.0,0.5926421404682275,0.47404063205417607,1.0,2.3747178329571104,0.18962054230261788,-0.13719976201454526
oulad_EEE_2014B,OULAD,P_in_leave_one_cohort_out,18,zscore,logistic_regression,694,0.9284758413751257,0.8883048620236531,0.8644338118022329,0.6537342386032978,0.4124629080118694,1.0,2.059347181008902,0.09901767459041556,0.044365776292088765
oulad_EEE_2014B,OULAD,P_out_other_institutions,44,zscore,logistic_regression,694,0.911835357288316,0.6793529971455756,0.0,0.6537342386032978,0.4124629080118694,1.0,2.059347181008902,0.21644050509908289,-0.20114416591108186
oulad_EEE_2014J,OULAD,P_in_leave_one_cohort_out,18,zscore,logistic_regression,1188,0.9323105216745567,0.8879120879120879,0.8486646884272997,0.5957446808510638,0.4722222222222222,1.0,2.357142857142857,0.1052913274022602,0.11004032626224886
oulad_EEE_2014J,OULAD,P_out_other_institutions,44,zscore,logistic_regression,1188,0.9175368978000555,0.7307692307692307,0.0,0.5957446808510638,0.47023809523809523,0.9957983193277311,2.347238895558223,0.18878488085115422,-0.1398695551603057
oulad_FFF_2013B,OULAD,P_in_leave_one_cohort_out,18,zscore,logistic_regression,1614,0.9001850531182373,0.8249852681202121,0.806009144350098,0.6802943581357318,0.38822115384615385,1.0,1.9399038461538463,0.1267397596619061,0.02491810992517951
oulad_FFF_2013B,OULAD,P_out_other_institutions,44,zscore,logistic_regression,1614,0.8743652247688373,0.6908127208480566,0.27385892116182575,0.6802943581357318,0.3858173076923077,0.9938080495356038,1.92789205763277,0.23846235367160268,-0.23171411114654195
oulad_FFF_2013J,OULAD,P_in_leave_one_cohort_out,18,zscore,logistic_regression,2283,0.9315445167043339,0.8676222596964587,0.8568824065633546,0.6845289541918754,0.3846801346801347,1.0,1.9217171717171717,0.09939344328443574,0.014501564524197597
oulad_FFF_2013J,OULAD,P_out_other_institutions,44,zscore,logistic_regression,2283,0.906860077179712,0.6483126110124334,0.0,0.6845289541918754,0.3846801346801347,1.0,1.9217171717171717,0.2335853284626624,-0.23607863179788646
oulad_FFF_2014B,OULAD,P_in_leave_one_cohort_out,18,zscore,logistic_regression,1500,0.9186909435299051,0.8376534788540245,0.8448500651890483,0.7212276214833758,0.3534278959810875,0.9966666666666667,1.7671394799054376,0.11158963050260348,-0.026321562427035095
oulad_FFF_2014B,OULAD,P_out_other_institutions,44,zscore,logistic_regression,1500,0.8960497682925949,0.6072423398328691,0.0,0.7212276214833758,0.3534278959810875,0.9966666666666667,1.7671394799054376,0.2576426574022861,-0.2799350429016827
oulad_FFF_2014J,OULAD,P_in_leave_one_cohort_out,18,zscore,logistic_regression,2365,0.9466899949498427,0.8887993553585818,0.8772241992882562,0.6908386382507611,0.3782051282051282,0.9978858350951374,1.891025641025641,0.08709981886856863,-0.0037503663107569807
oulad_FFF_2014J,OULAD,P_out_other_institutions,44,zscore,logistic_regression,2365,0.9319950416637971,0.6415852958070075,0.0,0.6908386382507611,0.3782051282051282,0.9978858350951374,1.891025641025641,0.22986808068995895,-0.24284898116104464
ku_Accountancy_1819,KU Leuven,P_in_leave_one_cohort_out,5,zscore,logistic_regression,756,0.7026365348399246,0.8163265306122449,0.35714285714285715,0.4587155963302752,0.3511111111111111,0.5231788079470199,1.7578807947019868,0.19115014208074155,0.046748909118487336
ku_Accountancy_1819,KU Leuven,P_out_other_institutions,57,zscore,logistic_regression,756,0.6803640929064658,0.7884436160298229,0.48291571753986334,0.4587155963302752,0.3377777777777778,0.5033112582781457,1.6911258278145695,0.22316441944273807,0.1366511839276086
ku_Globaleconom_1819,KU Leuven,P_in_leave_one_cohort_out,5,zscore,logistic_regression,743,0.6461612072138387,0.718139534883721,0.26277372262773724,0.6086142322097378,0.27076923076923076,0.5906040268456376,1.3502116675271039,0.24708778572743648,-0.1266909034054155
ku_Globaleconom_1819,KU Leuven,P_out_other_institutions,57,zscore,logistic_regression,743,0.6430253956569746,0.6901098901098901,0.5104166666666666,0.6086142322097378,0.27076923076923076,0.5906040268456376,1.3502116675271039,0.24871634974445805,0.004288072192007608
ku_Accountancy_1920,KU Leuven,P_in_leave_one_cohort_out,5,zscore,logistic_regression,711,0.7065402525865662,0.7992565055762082,0.37572254335260113,0.48723404255319147,0.33624454148471616,0.5422535211267606,1.6835906267298113,0.19455080016943693,0.016785264067231742
ku_Accountancy_1920,KU Leuven,P_out_other_institutions,57,zscore,logistic_regression,711,0.6982324376234395,0.7796610169491526,0.47255369928400953,0.48723404255319147,0.34497816593886466,0.5563380281690141,1.727320253398118,0.21297752868339465,0.11598198398616216
ku_Globaleconom_1920,KU Leuven,P_in_leave_one_cohort_out,5,zscore,logistic_regression,681,0.726700295906242,0.8344760039177277,0.5043988269794721,0.3938679245283019,0.40119760479041916,0.49264705882352944,2.008938006340261,0.17588830986162615,0.11124644888488774
ku_Globaleconom_1920,KU Leuven,P_out_other_institutions,57,zscore,logistic_regression,681,0.7232519397003658,0.8128772635814889,0.4945652173913043,0.3938679245283019,0.3772455089820359,0.4632352941176471,1.8890014089468123,0.21110570772283588,0.19252653385399418
ku_Accountancy_2021,KU Leuven,P_in_leave_one_cohort_out,5,zscore,logistic_regression,725,0.7101854203708408,0.8107142857142857,0.3575757575757576,0.4607218683651805,0.3640552995391705,0.5448275862068965,1.8202764976958523,0.18783645097297244,0.04341458627605832
ku_Accountancy_2021,KU Leuven,P_out_other_institutions,57,zscore,logistic_regression,725,0.6900377372183316,0.7942857142857143,0.46,0.4607218683651805,0.34101382488479265,0.5103448275862069,1.705069124423963,0.2144676526460336,0.13879562395570683
ku_Globaleconom_2021,KU Leuven,P_in_leave_one_cohort_out,5,zscore,logistic_regression,335,0.6686046511627908,0.6811279826464208,0.2966507177033493,0.6546184738955823,0.2822085889570552,0.6865671641791045,1.4110429447852761,0.2544054593988957,-0.1647993911300868
ku_Globaleconom_2021,KU Leuven,P_out_other_institutions,57,zscore,logistic_regression,335,0.6738835782565272,0.7028301886792453,0.4878048780487805,0.6546184738955823,0.294478527607362,0.7164179104477612,1.4723926380368098,0.24316150094998346,-0.053688792748066594
ukzn_ISTN101_2019,UKZN,P_in_leave_one_cohort_out,15,zscore,logistic_regression,1056,0.6488831272437177,0.9096605744125327,0.1218274111675127,0.2967741935483871,0.3641304347826087,0.3175355450236967,1.822377910570781,0.13566951908629557,-0.025036629583984643
ukzn_ISTN101_2019,UKZN,P_out_other_institutions,47,zscore,logistic_regression,1056,0.6162245712006382,0.6181277860326895,0.3289817232375979,0.2967741935483871,0.33695652173913043,0.2938388625592417,1.6863795590356478,0.2986004343159097,0.36138250401174393
ukzn_ISTN101_2020,UKZN,P_in_leave_one_cohort_out,15,zscore,logistic_regression,978,0.7614946947562663,0.9644184811471057,0.0821917808219178,0.09542356377799414,0.5102040816326531,0.12755102040816327,2.545814244064973,0.06652610805256841,0.11926359649690557
ukzn_ISTN101_2020,UKZN,P_out_other_institutions,47,zscore,logistic_regression,978,0.7579578656004922,0.6713981547196594,0.15356489945155394,0.09542356377799414,0.5306122448979592,0.1326530612244898,2.647646813827572,0.30551757483840924,0.47414639507998513
ukzn_ISTN101_2021,UKZN,P_in_leave_one_cohort_out,15,zscore,logistic_regression,741,0.8205272276068736,0.9623846699787083,0.273972602739726,0.15671641791044774,0.5714285714285714,0.24324324324324326,2.8610038610038613,0.07017132481388494,0.07651463599095315
ukzn_ISTN101_2021,UKZN,P_out_other_institutions,47,zscore,logistic_regression,741,0.7656974294142436,0.7551569506726458,0.2561307901907357,0.15671641791044774,0.5396825396825397,0.22972972972972974,2.7020592020592025,0.2696205810009927,0.4192145071537111
ukzn_ISTN102_2018,UKZN,P_in_leave_one_cohort_out,15,zscore,logistic_regression,257,0.7030034235916589,0.8513513513513513,0.05714285714285714,0.4184615384615385,0.39705882352941174,0.5294117647058824,2.0008650519031144,0.18682780708904695,-0.11498330009756619
ukzn_ISTN102_2018,UKZN,P_out_other_institutions,47,zscore,logistic_regression,257,0.6935107376283847,0.6915887850467289,0.48704663212435234,0.4184615384615385,0.36764705882352944,0.49019607843137253,1.8526528258362167,0.2537067594384849,0.24934924824014276
ukzn_ISTN103_2019,UKZN,P_in_leave_one_cohort_out,15,zscore,logistic_regression,1113,0.681869618696187,0.8455538221528861,0.019801980198019802,0.4246284501061571,0.33666666666666667,0.452914798206278,1.6803139013452915,0.20106797534833296,-0.1351733036534858
ukzn_ISTN103_2019,UKZN,P_out_other_institutions,47,zscore,logistic_regression,1113,0.6769167691676916,0.7142857142857143,0.4744897959183674,0.4246284501061571,0.3333333333333333,0.4484304932735426,1.6636771300448432,0.27748484102186116,0.24042289627269547
ukzn_ISTN103_2020,UKZN,P_in_leave_one_cohort_out,15,zscore,logistic_regression,1082,0.7220089024774066,0.9470068694798822,0.14285714285714285,0.19214703425229743,0.4,0.21296296296296297,2.0037037037037035,0.08950852974060737,0.05123568159380672
ukzn_ISTN103_2020,UKZN,P_out_other_institutions,47,zscore,logistic_regression,1082,0.7708826041994515,0.6388308977035491,0.2861072902338377,0.19214703425229743,0.4782608695652174,0.25462962962962965,2.3957326892109503,0.2804537272373199,0.4255155776176829
ukzn_ISTN211_2019,UKZN,P_in_leave_one_cohort_out,15,zscore,logistic_regression,280,0.7977414801371244,0.9628252788104089,0.09090909090909091,0.12709030100334448,0.5789473684210527,0.19642857142857142,2.8947368421052633,0.06255054765919249,0.08710271321822495
ukzn_ISTN211_2019,UKZN,P_out_other_institutions,47,zscore,logistic_regression,280,0.695301472070982,0.5806451612903226,0.1702127659574468,0.12709030100334448,0.47368421052631576,0.16071428571428573,2.368421052631579,0.3141874990088409,0.4755238513956497
ukzn_ISTN211_2021,UKZN,P_in_leave_one_cohort_out,15,zscore,logistic_regression,327,0.8944971537001898,0.9763779527559056,0.21052631578947367,0.09883720930232558,0.7647058823529411,0.2,3.8470588235294123,0.05096327121254921,0.10349518194254163
ukzn_ISTN211_2021,UKZN,P_out_other_institutions,47,zscore,logistic_regression,327,0.8368121442125238,0.6389496717724289,0.16243654822335024,0.09883720930232558,0.7058823529411765,0.18461538461538463,3.5511312217194573,0.2934525797443159,0.48249219217113315
ukzn_ISTN212_2018,UKZN,P_in_leave_one_cohort_out,15,zscore,logistic_regression,238,0.7700328022492972,0.9018691588785047,0.125,0.3120567375886525,0.36363636363636365,0.3333333333333333,1.8030303030303028,0.1326753925264815,-0.03325686264858976
ukzn_ISTN212_2018,UKZN,P_out_other_institutions,47,zscore,logistic_regression,238,0.7822164948453608,0.7009646302250804,0.43636363636363634,0.3120567375886525,0.4772727272727273,0.4375,2.3664772727272725,0.25074001309229293,0.33203473147115625
ukzn_ISTN212_2019,UKZN,P_in_leave_one_cohort_out,15,zscore,logistic_regression,264,0.8237880737880737,0.9230769230769231,0.2127659574468085,0.2745098039215686,0.5476190476190477,0.4339622641509434,2.7277628032345014,0.10788655092180897,-0.0050072190093890245
ukzn_ISTN212_2019,UKZN,P_out_other_institutions,47,zscore,logistic_regression,264,0.7583655083655084,0.7580645161290323,0.4230769230769231,0.2745098039215686,0.4523809523809524,0.3584905660377358,2.2533692722371965,0.25577933998135943,0.35211291090749564
ukzn_ISTN2IP_2018,UKZN,P_in_leave_one_cohort_out,15,zscore,logistic_regression,99,0.7324324324324324,0.8488372093023255,0.0,0.40322580645161293,0.28,0.35,1.386,0.19050821134801033,-0.10594892474783449
ukzn_ISTN2IP_2018,UKZN,P_out_other_institutions,47,zscore,logistic_regression,99,0.6762162162162162,0.6721311475409836,0.47368421052631576,0.40322580645161293,0.24,0.3,1.188,0.26197593558320303,0.2686258885426939
ukzn_ISTN2IP_2019,UKZN,P_in_leave_one_cohort_out,15,zscore,logistic_regression,116,0.7962662337662337,0.8627450980392157,0.0,0.3888888888888889,0.5357142857142857,0.6521739130434783,2.701863354037267,0.159558291631046,-0.08963294963393081
ukzn_ISTN2IP_2019,UKZN,P_out_other_institutions,47,zscore,logistic_regression,116,0.682224025974026,0.5303030303030303,0.38,0.3888888888888889,0.5,0.6086956521739131,2.5217391304347827,0.29570245651786486,0.3041258440666509
ukzn_ISTN3ND_2018,UKZN,P_in_leave_one_cohort_out,15,zscore,logistic_regression,144,0.5773341399475701,0.7532467532467533,0.0,0.5671641791044776,0.21052631578947367,0.41379310344827586,1.045372050816697,0.29854703333023197,-0.2504507592088704
ukzn_ISTN3ND_2018,UKZN,P_out_other_institutions,47,zscore,logistic_regression,144,0.5345835854002823,0.4714285714285714,0.5,0.5671641791044776,0.19298245614035087,0.3793103448275862,0.9582577132486388,0.3440231410558307,0.15755499640373366
ukzn_ISTN3ND_2019,UKZN,P_in_leave_one_cohort_out,15,zscore,logistic_regression,223,0.7140680548501778,0.8905472636815921,0.0,0.32958801498127344,0.36363636363636365,0.35555555555555557,1.8020202020202023,0.15055383698607636,-0.04632046329484665
ukzn_ISTN3ND_2019,UKZN,P_out_other_institutions,47,zscore,logistic_regression,223,0.6524885728796344,0.7213114754098361,0.3971631205673759,0.32958801498127344,0.29545454545454547,0.28888888888888886,1.4641414141414142,0.29461972216085297,0.3133181056707176
ukzn_ISTN3SA_2018,UKZN,P_in_leave_one_cohort_out,15,zscore,logistic_regression,141,0.6855855855855856,0.888,0.125,0.3508771929824561,0.36666666666666664,0.39285714285714285,1.8464285714285713,0.1576093967279192,-0.06200551181539907
ukzn_ISTN3SA_2018,UKZN,P_out_other_institutions,47,zscore,logistic_regression,141,0.6408408408408408,0.651685393258427,0.40384615384615385,0.3508771929824561,0.4,0.42857142857142855,2.0142857142857142,0.28622685636991113,0.30894692449644756
ukzn_ISTN3SA_2019,UKZN,P_in_leave_one_cohort_out,15,zscore,logistic_regression,195,0.6072941176470588,0.9362880886426593,0.20689655172413793,0.22727272727272727,0.36,0.23076923076923078,1.8000000000000003,0.10688947266406237,0.025518966137941496
ukzn_ISTN3SA_2019,UKZN,P_out_other_institutions,47,zscore,logistic_regression,195,0.5136470588235295,0.5612648221343873,0.1897810218978102,0.22727272727272727,0.32,0.20512820512820512,1.6,0.34212424186161716,0.40899159639360516
zambia_ICT1110_2020,Zambia,P_in_leave_one_cohort_out,1,zscore,logistic_regression,65,0.649234693877551,0.27586206896551724,0.7920792079207921,0.8596491228070176,0.24489795918367346,0.9230769230769231,1.2244897959183674,0.19702134676485508,-0.13746394696949715
zambia_ICT1110_2020,Zambia,P_out_other_institutions,61,zscore,logistic_regression,65,0.6007653061224489,0.43636363636363634,0.5866666666666667,0.8596491228070176,0.22448979591836735,0.8461538461538461,1.1224489795918366,0.32586948871384436,-0.32444153118955993
zambia_ICT1110_2021,Zambia,P_in_leave_one_cohort_out,1,zscore,logistic_regression,52,0.5390625,0.09523809523809523,0.7710843373493976,0.761904761904762,0.25,0.8,1.3,0.25560187960768527,0.13637073145945988
zambia_ICT1110_2021,Zambia,P_out_other_institutions,61,zscore,logistic_regression,52,0.6109374999999999,0.631578947368421,0.5531914893617021,0.761904761904762,0.25,0.8,1.3,0.2779203702407582,-0.18856347163879206
oviedo_C1112_1415,Oviedo,P_in_leave_one_cohort_out,19,zscore,logistic_regression,199,0.8157305657305658,0.7228915662650602,0.5369127516778524,0.7035830618892508,0.3611111111111111,0.975,1.7965277777777777,0.20392963047511656,-0.09601459917867688
oviedo_C1112_1415,Oviedo,P_out_other_institutions,43,zscore,logistic_regression,199,0.809015059015059,0.725,0.5822784810126582,0.7035830618892508,0.3611111111111111,0.975,1.7965277777777777,0.19315263541161795,-0.12145135563199644
oviedo_C1127_1415,Oviedo,P_in_leave_one_cohort_out,19,zscore,logistic_regression,106,0.6318407960199004,0.7671232876712328,0.48484848484848486,0.5379310344827586,0.358974358974359,0.6666666666666666,1.811965811965812,0.21401276813586234,0.08640179696980538
oviedo_C1127_1415,Oviedo,P_out_other_institutions,43,zscore,logistic_regression,106,0.6681974741676234,0.7837837837837838,0.5,0.5379310344827586,0.358974358974359,0.6666666666666666,1.811965811965812,0.20131206720523853,0.05574735591777802
oviedo_C1200_1415,Oviedo,P_in_leave_one_cohort_out,19,zscore,logistic_regression,107,0.6631540697674418,0.6557377049180327,0.5434782608695652,0.7485380116959064,0.296875,0.9047619047619048,1.5126488095238098,0.24083828352362605,-0.1505592530907266
oviedo_C1200_1415,Oviedo,P_out_other_institutions,43,zscore,logistic_regression,107,0.6573401162790697,0.6722689075630253,0.5894736842105263,0.7485380116959064,0.3125,0.9523809523809523,1.5922619047619049,0.2547862814822582,-0.16049289484466167
oviedo_C1303_1415,Oviedo,P_in_leave_one_cohort_out,19,zscore,logistic_regression,112,0.6309523809523809,0.5436893203883495,0.6115702479338843,0.7692307692307693,0.24285714285714285,0.7727272727272727,1.2363636363636363,0.2556337793247409,-0.17186285496334502
oviedo_C1303_1415,Oviedo,P_out_other_institutions,43,zscore,logistic_regression,112,0.6010204081632653,0.4888888888888889,0.6567164179104478,0.7692307692307693,0.2571428571428571,0.8181818181818182,1.309090909090909,0.29475521421370343,-0.13172431641292043
oviedo_C174_1415,Oviedo,P_in_leave_one_cohort_out,19,zscore,logistic_regression,96,0.7703703703703704,0.6804123711340206,0.6736842105263158,0.6382978723404256,0.37777777777777777,0.8947368421052632,1.9087719298245613,0.2150977936256502,-0.011398863953655802
oviedo_C174_1415,Oviedo,P_out_other_institutions,43,zscore,logistic_regression,96,0.6570806100217865,0.6,0.6470588235294118,0.6382978723404256,0.3111111111111111,0.7368421052631579,1.5719298245614035,0.24430093880960582,0.023842997684811962
oviedo_C190_1415,Oviedo,P_in_leave_one_cohort_out,19,zscore,logistic_regression,112,0.4349083895853424,0.5,0.38,0.7052023121387282,0.21311475409836064,0.5909090909090909,1.0849478390462,0.28922874095216905,-0.09129543470600826
oviedo_C190_1415,Oviedo,P_out_other_institutions,43,zscore,logistic_regression,112,0.4837672774027644,0.5043478260869565,0.47706422018348627,0.7052023121387282,0.21311475409836064,0.5909090909090909,1.0849478390462,0.3189489926561993,-0.08375741584112295
oviedo_C1978_1415,Oviedo,P_in_leave_one_cohort_out,19,zscore,logistic_regression,164,0.8054532056005895,0.8461538461538461,0.6170212765957447,0.43809523809523815,0.5652173913043478,0.7878787878787878,2.808959156785243,0.19269771778863923,0.18066692878531265
oviedo_C1978_1415,Oviedo,P_out_other_institutions,43,zscore,logistic_regression,164,0.8084008843036109,0.8702928870292888,0.651685393258427,0.43809523809523815,0.5869565217391305,0.8181818181818182,2.91699604743083,0.16141981817428608,0.1602513819526113
oviedo_C2011_1415,Oviedo,P_in_leave_one_cohort_out,19,zscore,logistic_regression,120,0.7984860883797055,0.8555555555555555,0.5666666666666667,0.3561643835616438,0.5769230769230769,0.625,2.8846153846153846,0.19710739404633665,0.2453231541486231
oviedo_C2011_1415,Oviedo,P_out_other_institutions,43,zscore,logistic_regression,120,0.8103518821603929,0.8804347826086957,0.6071428571428571,0.3561643835616438,0.6153846153846154,0.6666666666666666,3.0769230769230766,0.16908594975326327,0.22044889937044077
oviedo_C2024_1415,Oviedo,P_in_leave_one_cohort_out,19,zscore,logistic_regression,327,0.5516083916083917,0.6710816777041942,0.25870646766169153,0.27440633245382584,0.23076923076923078,0.18461538461538463,1.1609467455621303,0.25713115732319364,0.32636888632944183
oviedo_C2024_1415,Oviedo,P_out_other_institutions,43,zscore,logistic_regression,327,0.5486713286713287,0.7133757961783439,0.26229508196721313,0.27440633245382584,0.25,0.2,1.2576923076923077,0.28944696509819845,0.29752934290308364
oviedo_C2150_1415,Oviedo,P_in_leave_one_cohort_out,19,zscore,logistic_regression,106,0.8071294559099438,0.8175182481751825,0.6666666666666666,0.5578231292517007,0.4146341463414634,0.8095238095238095,2.092915214866434,0.1935560044646186,0.068719958863248
oviedo_C2150_1415,Oviedo,P_out_other_institutions,43,zscore,logistic_regression,106,0.826266416510319,0.8091603053435115,0.691358024691358,0.5578231292517007,0.36585365853658536,0.7142857142857143,1.8466898954703832,0.16970072681953766,0.06459952768580673
oviedo_C2271_1415,Oviedo,P_in_leave_one_cohort_out,19,zscore,logistic_regression,596,0.6752549215224528,0.6951724137931035,0.5267665952890792,0.5860023724792408,0.3441295546558704,0.7142857142857143,1.7235396182764604,0.22134685560422565,0.04780126444588512
oviedo_C2271_1415,Oviedo,P_out_other_institutions,43,zscore,logistic_regression,596,0.6645128359801863,0.7165775401069518,0.5225225225225225,0.5860023724792408,0.32793522267206476,0.680672268907563,1.642431871534039,0.23433725482390574,0.030498604040168853
oviedo_C2335_1415,Oviedo,P_in_leave_one_cohort_out,19,zscore,logistic_regression,428,0.5969515242378811,0.5111111111111111,0.458128078817734,0.807799442896936,0.24482758620689654,0.8255813953488372,1.2184442662389736,0.28454234565602093,-0.25112317578791743
oviedo_C2335_1415,Oviedo,P_out_other_institutions,43,zscore,logistic_regression,428,0.588255872063968,0.49406175771971494,0.5103448275862069,0.807799442896936,0.2413793103448276,0.813953488372093,1.2012830793905374,0.30070584338559886,-0.23764681520594078
oviedo_C2406_1415,Oviedo,P_in_leave_one_cohort_out,19,zscore,logistic_regression,133,0.627710843373494,0.5362318840579711,0.5,0.7685185185185186,0.2289156626506024,0.7037037037037037,1.1276215975011155,0.260462720511107,-0.1756895476766529
oviedo_C2406_1415,Oviedo,P_out_other_institutions,43,zscore,logistic_regression,133,0.6226506024096387,0.5481481481481482,0.5343511450381679,0.7685185185185186,0.2289156626506024,0.7037037037037037,1.1276215975011155,0.2935787273232111,-0.17834972169712476
oviedo_C2468_1415,Oviedo,P_in_leave_one_cohort_out,19,zscore,logistic_regression,82,0.6555621653777514,0.7474747474747475,0.6153846153846154,0.6666666666666666,0.3170731707317073,0.8125,1.625,0.22982370055853715,-0.04705342261657752
oviedo_C2468_1415,Oviedo,P_out_other_institutions,43,zscore,logistic_regression,82,0.6674598453301606,0.7422680412371134,0.6268656716417911,0.6666666666666666,0.34146341463414637,0.875,1.75,0.2245449400437302,-0.06306786646441215
oviedo_C2607_1415,Oviedo,P_in_leave_one_cohort_out,19,zscore,logistic_regression,277,0.8883964544721998,0.5447761194029851,0.5734265734265734,0.8482328482328483,0.2696078431372549,1.0,1.3578431372549018,0.24106396530820212,-0.3038073018275163
oviedo_C2607_1415,Oviedo,P_out_other_institutions,43,zscore,logistic_regression,277,0.9200241740531829,0.6212765957446809,0.7210031347962382,0.8482328482328483,0.2696078431372549,1.0,1.3578431372549018,0.20297519153133978,-0.28529719339525517
oviedo_C3022_1415,Oviedo,P_in_leave_one_cohort_out,19,zscore,logistic_regression,238,0.6792387543252595,0.7459807073954984,0.5212121212121212,0.4444444444444445,0.3382352941176471,0.4791666666666667,1.6770833333333335,0.22256550006254888,0.18355572712331003
oviedo_C3022_1415,Oviedo,P_out_other_institutions,43,zscore,logistic_regression,238,0.6938581314878893,0.7290322580645161,0.4939759036144578,0.4444444444444445,0.35294117647058826,0.5,1.75,0.22815741475101356,0.17484916501183823
oviedo_C3029_1415,Oviedo,P_in_leave_one_cohort_out,19,zscore,logistic_regression,231,0.5200764006791172,0.6503496503496503,0.4318181818181818,0.49511400651465803,0.17105263157894737,0.2826086956521739,0.8589816933638443,0.2533581881050676,0.1390506239665048
oviedo_C3029_1415,Oviedo,P_out_other_institutions,43,zscore,logistic_regression,231,0.5134550084889643,0.5860805860805861,0.4021164021164021,0.49511400651465803,0.18421052631578946,0.30434782608695654,0.9250572082379863,0.30589614196866755,0.15047846206050347
oviedo_C4189_1415,Oviedo,P_in_leave_one_cohort_out,19,zscore,logistic_regression,128,0.4857843137254902,0.5714285714285714,0.42201834862385323,0.6382978723404256,0.21666666666666667,0.5,1.0666666666666667,0.2723364661655581,-0.010743916111358998
oviedo_C4189_1415,Oviedo,P_out_other_institutions,43,zscore,logistic_regression,128,0.48186274509803917,0.5714285714285714,0.42201834862385323,0.6382978723404256,0.21666666666666667,0.5,1.0666666666666667,0.352970429078795,-0.0014321523592265573
oviedo_C4213_1415,Oviedo,P_in_leave_one_cohort_out,19,zscore,logistic_regression,140,0.7106089139987444,0.7272727272727273,0.5384615384615384,0.592964824120603,0.3728813559322034,0.7857142857142857,1.8644067796610169,0.21086268323345675,0.032769382416261816
oviedo_C4213_1415,Oviedo,P_out_other_institutions,43,zscore,logistic_regression,140,0.71584013391923,0.7209302325581395,0.5555555555555556,0.592964824120603,0.3728813559322034,0.7857142857142857,1.8644067796610169,0.2121533760103429,0.018951251326735696
oviedo_C836_1415,Oviedo,P_in_leave_one_cohort_out,19,zscore,logistic_regression,87,0.6976744186046512,0.673469387755102,0.5789473684210527,0.6717557251908397,0.3181818181818182,0.8235294117647058,1.6283422459893047,0.22595675771636872,-0.051683805950539674
oviedo_C836_1415,Oviedo,P_out_other_institutions,43,zscore,logistic_regression,87,0.7050739957716702,0.7157894736842105,0.6582278481012658,0.6717557251908397,0.3181818181818182,0.8235294117647058,1.6283422459893047,0.21893280977366783,-0.045523875648024736
oulad_AAA_2013J,OULAD,P_in_leave_one_cohort_out,18,zscore,random_forest,383,0.8072798903734155,0.6772009029345373,0.5572755417956656,0.430327868852459,0.47619047619047616,0.6493506493506493,2.368583797155226,0.2900012975695397,0.36748961409933406
oulad_AAA_2013J,OULAD,P_out_other_institutions,44,zscore,random_forest,383,0.6293593696471395,0.8309636650868878,0.19548872180451127,0.430327868852459,0.3047619047619048,0.4155844155844156,1.5158936301793446,0.19806993895508937,0.08143761544241468
oulad_AAA_2014J,OULAD,P_in_leave_one_cohort_out,18,zscore,random_forest,365,0.8355801806888763,0.7539503386004515,0.6202090592334495,0.469601677148847,0.5357142857142857,0.821917808219178,2.6785714285714284,0.20884820094094458,0.22402755679953895
oulad_AAA_2014J,OULAD,P_out_other_institutions,44,zscore,random_forest,365,0.6850296442687748,0.8155668358714044,0.2158273381294964,0.469601677148847,0.36607142857142855,0.5616438356164384,1.8303571428571428,0.19543262209107892,0.0041128129552252535
oulad_BBB_2013B,OULAD,P_in_leave_one_cohort_out,18,zscore,random_forest,1767,0.8988408354562506,0.8361831218974076,0.8274259151656014,0.7059685097034054,0.3651452282157676,0.9971671388101983,1.8277949525701453,0.118478047348156,-0.014035107909647015
oulad_BBB_2013B,OULAD,P_out_other_institutions,44,zscore,random_forest,1767,0.8029678642848653,0.6352753391859537,0.11089494163424124,0.7059685097034054,0.33713692946058094,0.9206798866855525,1.6875947715491402,0.25345962340186207,-0.22785398905089715
oulad_BBB_2013J,OULAD,P_in_leave_one_cohort_out,18,zscore,random_forest,2237,0.914040980718724,0.8366890380313199,0.8369807949977669,0.684891240446796,0.3828326180257511,0.9977628635346756,1.9158759877485576,0.11060208874603657,0.046616451035563666
oulad_BBB_2013J,OULAD,P_out_other_institutions,44,zscore,random_forest,2237,0.8049984786368586,0.7682215743440233,0.6323699421965318,0.684891240446796,0.3811158798283262,0.9932885906040269,1.9072846156061873,0.20749991357596262,-0.16072662521029513
oulad_BBB_2014B,OULAD,P_in_leave_one_cohort_out,18,zscore,random_forest,1613,0.909219837235803,0.8432698217578365,0.8405253283302064,0.7090836334533814,0.36455981941309257,1.0,1.8205417607223477,0.11062235702234503,-0.010383463640668444
oulad_BBB_2014B,OULAD,P_out_other_institutions,44,zscore,random_forest,1613,0.7879532138321621,0.6325010950503723,0.1102863202545069,0.7090836334533814,0.35891647855530473,0.9845201238390093,1.7923599997204538,0.25083769140638507,-0.2239011246920054
oulad_BBB_2014J,OULAD,P_in_leave_one_cohort_out,18,zscore,random_forest,2292,0.901511863425926,0.8127490039840638,0.8180645161290323,0.6643356643356644,0.39210526315789473,0.9759825327510917,1.9622385658469317,0.12323251758481123,0.06010941023583494
oulad_BBB_2014J,OULAD,P_out_other_institutions,44,zscore,random_forest,2292,0.7336143092105263,0.6565836298932385,0.04455445544554455,0.6643356643356644,0.2517543859649123,0.6266375545851528,1.2598712939554124,0.2582602763179698,-0.18667778544790103
oulad_CCC_2014B,OULAD,P_in_leave_one_cohort_out,18,zscore,random_forest,1936,0.9094252481341802,0.773696682464455,0.825091575091575,0.7933935805546899,0.3040062843676355,1.0,1.5208169677926158,0.13820995921892115,-0.14829908641493628
oulad_CCC_2014B,OULAD,P_out_other_institutions,44,zscore,random_forest,1936,0.8461183010880344,0.6198501872659176,0.532258064516129,0.7933935805546899,0.3040062843676355,1.0,1.5208169677926158,0.26075005897879366,-0.311401921993548
oulad_CCC_2014J,OULAD,P_in_leave_one_cohort_out,18,zscore,random_forest,2498,0.8991669130274473,0.8162374508948058,0.8443622920517561,0.7450389349409695,0.33648010788941335,0.998,1.6810546190155093,0.11907923447257873,-0.008916352131711602
oulad_CCC_2014J,OULAD,P_out_other_institutions,44,zscore,random_forest,2498,0.7966477217994414,0.6423777564717162,0.4006427423674344,0.7450389349409695,0.3209710047201618,0.952,1.6035711395819285,0.25916483751167013,-0.26089432536256796
oulad_DDD_2013B,OULAD,P_in_leave_one_cohort_out,18,zscore,random_forest,1303,0.8819363054175012,0.77698975571316,0.7883320867614061,0.7566793893129771,0.3291298865069357,1.0,1.6431273644388398,0.1494335417625131,-0.10765427195930044
oulad_DDD_2013B,OULAD,P_out_other_institutions,44,zscore,random_forest,1303,0.8171302821254605,0.582089552238806,0.1574074074074074,0.7566793893129771,0.3064312736443884,0.9310344827586207,1.5298082358568508,0.28630045881163757,-0.31085220622114795
oulad_DDD_2013J,OULAD,P_in_leave_one_cohort_out,18,zscore,random_forest,1938,0.9060537699554364,0.8193548387096774,0.8333333333333334,0.7279291106005907,0.3489630297565374,0.9974226804123711,1.7430163702787875,0.12206771311823013,-0.05611664789865645
oulad_DDD_2013J,OULAD,P_out_other_institutions,44,zscore,random_forest,1938,0.8552570752946885,0.7311534968210718,0.6463560334528077,0.7279291106005907,0.3390441839495041,0.9690721649484536,1.693473269314791,0.21547488267908646,-0.2186810410734401
oulad_DDD_2014B,OULAD,P_in_leave_one_cohort_out,18,zscore,random_forest,1228,0.90009922764103,0.8010610079575596,0.8301886792452831,0.7577137076378352,0.32710280373831774,0.9959349593495935,1.6328546463034723,0.12341552336941304,-0.06203654087779309
oulad_DDD_2014B,OULAD,P_out_other_institutions,44,zscore,random_forest,1228,0.7702420206761416,0.5996204933586338,0.2765714285714286,0.7577137076378352,0.315086782376502,0.959349593495935,1.5728722307249774,0.27583147392242874,-0.2776028914683984
oulad_DDD_2014J,OULAD,P_in_leave_one_cohort_out,18,zscore,random_forest,1803,0.8799443495289192,0.7961060032449973,0.7854297097324986,0.718550106609808,0.35311572700296734,0.9889196675900277,1.763622315197646,0.13888732985315855,-0.05213739775207582
oulad_DDD_2014J,OULAD,P_out_other_institutions,44,zscore,random_forest,1803,0.8115670802985343,0.655819774718398,0.3176178660049628,0.718550106609808,0.34223541048466866,0.9584487534626038,1.7092810113680266,0.2573047820533386,-0.2597459563199636
oulad_EEE_2013J,OULAD,P_in_leave_one_cohort_out,18,zscore,random_forest,1052,0.9252113704515043,0.8668320926385442,0.8201117318435754,0.5926421404682275,0.47404063205417607,1.0,2.3747178329571104,0.10879406547188399,0.09298489168531687
oulad_EEE_2013J,OULAD,P_out_other_institutions,44,zscore,random_forest,1052,0.8501595703277031,0.7437308868501529,0.10660980810234541,0.5926421404682275,0.43115124153498874,0.9095238095238095,2.159862409975277,0.20444992553171268,-0.13515886993311677
oulad_EEE_2014B,OULAD,P_in_leave_one_cohort_out,18,zscore,random_forest,694,0.9189295896400103,0.8784313725490196,0.8507223113964687,0.6537342386032978,0.4124629080118694,1.0,2.059347181008902,0.10230869396610641,0.027419122829194065
oulad_EEE_2014B,OULAD,P_out_other_institutions,44,zscore,random_forest,694,0.88911885228869,0.8085106382978723,0.7011070110701108,0.6537342386032978,0.4065281899109792,0.9856115107913669,2.029716286318126,0.1695892782563316,-0.13034927840878724
oulad_EEE_2014J,OULAD,P_in_leave_one_cohort_out,18,zscore,random_forest,1188,0.9305715097930011,0.8714499252615845,0.8342967244701349,0.5957446808510638,0.4722222222222222,1.0,2.357142857142857,0.1036759853133097,0.09298049990124752
oulad_EEE_2014J,OULAD,P_out_other_institutions,44,zscore,random_forest,1188,0.9032506033602524,0.8605419695968275,0.7555040556199305,0.5957446808510638,0.4583333333333333,0.9705882352941176,2.28781512605042,0.1503777350606818,-0.07738591641699538
oulad_FFF_2013B,OULAD,P_in_leave_one_cohort_out,18,zscore,random_forest,1614,0.8954972457210307,0.8247422680412371,0.8169727675744142,0.6802943581357318,0.38822115384615385,1.0,1.9399038461538463,0.1279355474281614,-0.014194164547921884
oulad_FFF_2013B,OULAD,P_out_other_institutions,44,zscore,random_forest,1614,0.8004069939012395,0.6692844677137871,0.19017094017094016,0.6802943581357318,0.3233173076923077,0.8328173374613003,1.615585556084782,0.24582139452021834,-0.21367328468485236
oulad_FFF_2013J,OULAD,P_in_leave_one_cohort_out,18,zscore,random_forest,2283,0.9270636348261919,0.8542024013722127,0.8478066248880931,0.6845289541918754,0.3846801346801347,1.0,1.9217171717171717,0.10058427703991189,0.01694015559414086
oulad_FFF_2013J,OULAD,P_out_other_institutions,44,zscore,random_forest,2283,0.8685754039635316,0.7725417439703154,0.672367717797969,0.6845289541918754,0.3434343434343434,0.8927789934354485,1.7156687222332736,0.19722795390820386,-0.17306761269902055
oulad_FFF_2014B,OULAD,P_in_leave_one_cohort_out,18,zscore,random_forest,1500,0.9172025578184078,0.8315715292459479,0.8488298545224542,0.7212276214833758,0.3534278959810875,0.9966666666666667,1.7671394799054376,0.11105589724040571,-0.007337544847596966
oulad_FFF_2014B,OULAD,P_out_other_institutions,44,zscore,random_forest,1500,0.7715928890045618,0.6265640038498557,0.15835140997830802,0.7212276214833758,0.3061465721040189,0.8633333333333333,1.5307328605200947,0.2813556882528973,-0.26806962296628095
oulad_FFF_2014J,OULAD,P_in_leave_one_cohort_out,18,zscore,random_forest,2365,0.9443152015471847,0.8916771225428691,0.8892689183411714,0.6908386382507611,0.3782051282051282,0.9978858350951374,1.891025641025641,0.08876603739718751,0.007445580174198385
oulad_FFF_2014J,OULAD,P_out_other_institutions,44,zscore,random_forest,2365,0.7895605215435118,0.6444639205375402,0.06885998469778118,0.6908386382507611,0.31650641025641024,0.8350951374207188,1.5825320512820513,0.2549742450855697,-0.21386094820951318
ku_Accountancy_1819,KU Leuven,P_in_leave_one_cohort_out,5,zscore,random_forest,756,0.6905084745762712,0.7931960608773501,0.4151898734177215,0.4587155963302752,0.32,0.4768211920529801,1.6021192052980133,0.19238911974448444,0.04337006828527429
ku_Accountancy_1819,KU Leuven,P_out_other_institutions,57,zscore,random_forest,756,0.6248880518937016,0.7847222222222222,0.3111111111111111,0.4587155963302752,0.28,0.41721854304635764,1.4018543046357617,0.21895169051857105,-0.0005595425432092793
ku_Globaleconom_1819,KU Leuven,P_in_leave_one_cohort_out,5,zscore,random_forest,743,0.6047184394552816,0.6823793490460157,0.5243697478991597,0.6086142322097378,0.2676923076923077,0.5838926174496645,1.3348683531233867,0.24439350492735706,-0.008801551730463042
ku_Globaleconom_1819,KU Leuven,P_out_other_institutions,57,zscore,random_forest,743,0.588733897681266,0.6949654491609082,0.346723044397463,0.6086142322097378,0.2523076923076923,0.5503355704697986,1.258151781104801,0.2554469935701837,-0.08298271105016591
ku_Accountancy_1920,KU Leuven,P_in_leave_one_cohort_out,5,zscore,random_forest,711,0.6912337603507946,0.8037558685446009,0.41456582633053224,0.48723404255319147,0.3537117903930131,0.5704225352112676,1.7710498800664247,0.19593834617730907,-0.011260766863050997
ku_Accountancy_1920,KU Leuven,P_out_other_institutions,57,zscore,random_forest,711,0.6715695156643533,0.7800751879699248,0.3463687150837989,0.48723404255319147,0.30131004366812225,0.4859154929577465,1.508672120056584,0.20686361408524276,0.012833661223975557
ku_Globaleconom_1920,KU Leuven,P_in_leave_one_cohort_out,5,zscore,random_forest,681,0.7025851021692024,0.757871878393051,0.4943310657596372,0.3938679245283019,0.3592814371257485,0.4411764705882353,1.799048960901726,0.20956724164346793,0.19648947865769575
ku_Globaleconom_1920,KU Leuven,P_out_other_institutions,57,zscore,random_forest,681,0.701728838043757,0.831924882629108,0.39730639730639733,0.3938679245283019,0.3772455089820359,0.4632352941176471,1.8890014089468123,0.17620900804452128,0.04556285836911375
ku_Accountancy_2021,KU Leuven,P_in_leave_one_cohort_out,5,zscore,random_forest,725,0.6543415943974745,0.8152866242038217,0.42165242165242167,0.4607218683651805,0.35944700460829493,0.5379310344827586,1.7972350230414744,0.20023481711040056,0.016797006380772306
ku_Accountancy_2021,KU Leuven,P_out_other_institutions,57,zscore,random_forest,725,0.5926376138466563,0.7318982387475538,0.3598130841121495,0.4607218683651805,0.2119815668202765,0.31724137931034485,1.0599078341013826,0.24124473148339728,0.07807577198807958
ku_Globaleconom_2021,KU Leuven,P_in_leave_one_cohort_out,5,zscore,random_forest,335,0.6855471536595805,0.6769911504424779,0.3302752293577982,0.6546184738955823,0.2822085889570552,0.6865671641791045,1.4110429447852761,0.26218076743940627,-0.19639616135325522
ku_Globaleconom_2021,KU Leuven,P_out_other_institutions,57,zscore,random_forest,335,0.6161720644885148,0.665158371040724,0.3508771929824561,0.6546184738955823,0.25766871165644173,0.6268656716417911,1.2883435582822087,0.27860668825070944,-0.1606775039129097
ukzn_ISTN101_2019,UKZN,P_in_leave_one_cohort_out,15,zscore,random_forest,1056,0.6394563970881532,0.9067085953878407,0.12745098039215685,0.2967741935483871,0.391304347826087,0.3412322274881517,1.958376262105914,0.1388393299931404,-0.0620100940365087
ukzn_ISTN101_2019,UKZN,P_out_other_institutions,47,zscore,random_forest,1056,0.6163679198244914,0.7151515151515152,0.3253588516746411,0.2967741935483871,0.34782608695652173,0.3033175355450237,1.7407788996497013,0.2428949066071013,0.31537172856946916
ukzn_ISTN101_2020,UKZN,P_in_leave_one_cohort_out,15,zscore,random_forest,978,0.7528393488719493,0.9627659574468085,0.07894736842105263,0.09542356377799414,0.5306122448979592,0.1326530612244898,2.647646813827572,0.06708711803141598,0.10502503388311035
ukzn_ISTN101_2020,UKZN,P_out_other_institutions,47,zscore,random_forest,978,0.6550163660728016,0.6961325966850829,0.13385826771653545,0.09542356377799414,0.40816326530612246,0.10204081632653061,2.0366513952519787,0.3042610436658268,0.47212444854310665
ukzn_ISTN101_2021,UKZN,P_in_leave_one_cohort_out,15,zscore,random_forest,741,0.8213934541368169,0.9577666428060129,0.3058823529411765,0.15671641791044774,0.5714285714285714,0.24324324324324326,2.8610038610038613,0.07569431129336504,0.08669194254315454
ukzn_ISTN101_2021,UKZN,P_out_other_institutions,47,zscore,random_forest,741,0.7496839443742098,0.7441016333938294,0.2578947368421053,0.15671641791044774,0.5079365079365079,0.21621621621621623,2.543114543114543,0.23126387644653773,0.38103595746092833
ukzn_ISTN102_2018,UKZN,P_in_leave_one_cohort_out,15,zscore,random_forest,257,0.6463585434173669,0.8475336322869955,0.0,0.4184615384615385,0.3088235294117647,0.4117647058823529,1.556228373702422,0.20476704687114233,-0.14951166028731838
ukzn_ISTN102_2018,UKZN,P_out_other_institutions,47,zscore,random_forest,257,0.6563958916900093,0.703030303030303,0.4673913043478261,0.4184615384615385,0.3382352941176471,0.45098039215686275,1.7044405997693195,0.26616895408154445,0.25218184483282297
ukzn_ISTN103_2019,UKZN,P_in_leave_one_cohort_out,15,zscore,random_forest,1113,0.684639196391964,0.8450704225352113,0.038834951456310676,0.4246284501061571,0.3433333333333333,0.4618834080717489,1.7135874439461884,0.1870278679074447,-0.08010080483511609
ukzn_ISTN103_2019,UKZN,P_out_other_institutions,47,zscore,random_forest,1113,0.6464247642476424,0.8264004437049363,0.26004728132387706,0.4246284501061571,0.3,0.40358744394618834,1.497309417040359,0.1920324188712439,0.0637258359518047
ukzn_ISTN103_2020,UKZN,P_in_leave_one_cohort_out,15,zscore,random_forest,1082,0.7697855312261139,0.9442815249266863,0.03389830508474576,0.19214703425229743,0.5826086956521739,0.3101851851851852,2.918438003220612,0.0843533057165574,0.006908943861020339
ukzn_ISTN103_2020,UKZN,P_out_other_institutions,47,zscore,random_forest,1082,0.7189514859943348,0.5445103857566765,0.24754901960784315,0.19214703425229743,0.41739130434782606,0.2222222222222222,2.090821256038647,0.31334588172015826,0.4692842008788035
ukzn_ISTN211_2019,UKZN,P_in_leave_one_cohort_out,15,zscore,random_forest,280,0.768501714055253,0.9629629629629629,0.0,0.12709030100334448,0.631578947368421,0.21428571428571427,3.1578947368421053,0.06165177787342332,0.058609925319319287
ukzn_ISTN211_2019,UKZN,P_out_other_institutions,47,zscore,random_forest,280,0.7084089534180279,0.6898263027295285,0.20382165605095542,0.12709030100334448,0.42105263157894735,0.14285714285714285,2.1052631578947367,0.26430712914399257,0.4447970600117316
ukzn_ISTN211_2021,UKZN,P_in_leave_one_cohort_out,15,zscore,random_forest,327,0.8895635673624289,0.964516129032258,0.35294117647058826,0.09883720930232558,0.7058823529411765,0.18461538461538463,3.5511312217194573,0.05060620416687669,0.08437782134241782
ukzn_ISTN211_2021,UKZN,P_out_other_institutions,47,zscore,random_forest,327,0.793168880455408,0.5972850678733032,0.16037735849056603,0.09883720930232558,0.47058823529411764,0.12307692307692308,2.367420814479638,0.31193581673617693,0.509302537206975
ukzn_ISTN212_2018,UKZN,P_in_leave_one_cohort_out,15,zscore,random_forest,238,0.7265698219306467,0.8967136150234741,0.12,0.3120567375886525,0.4318181818181818,0.3958333333333333,2.141098484848485,0.1359023938241251,0.009036355356177805
ukzn_ISTN212_2018,UKZN,P_out_other_institutions,47,zscore,random_forest,238,0.7323102155576382,0.6819672131147541,0.4327485380116959,0.3120567375886525,0.4318181818181818,0.3958333333333333,2.141098484848485,0.28483621269251913,0.35701968882016033
ukzn_ISTN212_2019,UKZN,P_in_leave_one_cohort_out,15,zscore,random_forest,264,0.8113470613470614,0.9205020920502092,0.24,0.2745098039215686,0.5238095238095238,0.41509433962264153,2.6091644204851754,0.10445351155537243,-0.022054862340799147
ukzn_ISTN212_2019,UKZN,P_out_other_institutions,47,zscore,random_forest,264,0.7286572286572286,0.7453083109919572,0.3870967741935484,0.2745098039215686,0.4523809523809524,0.3584905660377358,2.2533692722371965,0.22978931889438073,0.3243106435631645
ukzn_ISTN2IP_2018,UKZN,P_in_leave_one_cohort_out,15,zscore,random_forest,99,0.6832432432432433,0.8488372093023255,0.0,0.40322580645161293,0.28,0.35,1.386,0.20789332132673155,-0.14982051674471739
ukzn_ISTN2IP_2018,UKZN,P_out_other_institutions,47,zscore,random_forest,99,0.6518918918918918,0.7384615384615385,0.5,0.40322580645161293,0.32,0.4,1.584,0.2399251503259577,0.23861559245747294
ukzn_ISTN2IP_2019,UKZN,P_in_leave_one_cohort_out,15,zscore,random_forest,116,0.7317370129870129,0.8627450980392157,0.0,0.3888888888888889,0.39285714285714285,0.4782608695652174,1.9813664596273293,0.16708962836551491,-0.056613352293402114
ukzn_ISTN2IP_2019,UKZN,P_out_other_institutions,47,zscore,random_forest,116,0.6420454545454545,0.532258064516129,0.46296296296296297,0.3888888888888889,0.17857142857142858,0.21739130434782608,0.9006211180124223,0.3426487811402922,0.3935971520717705
ukzn_ISTN3ND_2018,UKZN,P_in_leave_one_cohort_out,15,zscore,random_forest,144,0.5874168179068361,0.7565217391304347,0.034482758620689655,0.5671641791044776,0.2807017543859649,0.5517241379310345,1.3938294010889292,0.2846140721663645,-0.22254878952439605
ukzn_ISTN3ND_2018,UKZN,P_out_other_institutions,47,zscore,random_forest,144,0.5269207501512402,0.4,0.5063291139240507,0.5671641791044776,0.21052631578947367,0.41379310344827586,1.045372050816697,0.3544486200125087,0.2458298638265491
ukzn_ISTN3ND_2019,UKZN,P_in_leave_one_cohort_out,15,zscore,random_forest,223,0.6588369730827831,0.8877805486284289,0.0,0.32958801498127344,0.2727272727272727,0.26666666666666666,1.3515151515151516,0.15343199127052273,0.027525471143358543
ukzn_ISTN3ND_2019,UKZN,P_out_other_institutions,47,zscore,random_forest,223,0.6688674454037583,0.676056338028169,0.43209876543209874,0.32958801498127344,0.29545454545454547,0.28888888888888886,1.4641414141414142,0.29028150707123646,0.3285512774729593
ukzn_ISTN3SA_2018,UKZN,P_in_leave_one_cohort_out,15,zscore,random_forest,141,0.6993993993993994,0.891566265060241,0.18181818181818182,0.3508771929824561,0.4,0.42857142857142855,2.0142857142857142,0.14821401781683555,-0.036412957551210906
ukzn_ISTN3SA_2018,UKZN,P_out_other_institutions,47,zscore,random_forest,141,0.5861861861861861,0.5847953216374269,0.36036036036036034,0.3508771929824561,0.26666666666666666,0.2857142857142857,1.3428571428571427,0.34622246465748446,0.3664637045681318
ukzn_ISTN3SA_2019,UKZN,P_in_leave_one_cohort_out,15,zscore,random_forest,195,0.6581176470588236,0.9183098591549296,0.17142857142857143,0.22727272727272727,0.4,0.2564102564102564,2.0,0.11409431053096925,0.06479592988896093
ukzn_ISTN3SA_2019,UKZN,P_out_other_institutions,47,zscore,random_forest,195,0.4571764705882353,0.4979253112033195,0.18791946308724833,0.22727272727272727,0.16,0.10256410256410256,0.8,0.38613137424752125,0.4684764000904784
zambia_ICT1110_2020,Zambia,P_in_leave_one_cohort_out,1,zscore,random_forest,65,0.4477040816326531,0.24390243902439024,0.651685393258427,0.8596491228070176,0.22448979591836735,0.8461538461538461,1.1224489795918366,0.24751773545216807,-0.167993292408677
zambia_ICT1110_2020,Zambia,P_out_other_institutions,61,zscore,random_forest,65,0.6747448979591837,0.4444444444444444,0.3103448275862069,0.8596491228070176,0.2653061224489796,1.0,1.3265306122448979,0.40763724003763757,-0.48243634789138046
zambia_ICT1110_2021,Zambia,P_in_leave_one_cohort_out,1,zscore,random_forest,52,0.44687499999999997,0.14814814814814814,0.7012987012987013,0.761904761904762,0.15625,0.5,0.8125,0.27249955947592014,0.0896865148740148
zambia_ICT1110_2021,Zambia,P_out_other_institutions,61,zscore,random_forest,52,0.5125,0.5588235294117647,0.16666666666666666,0.761904761904762,0.25,0.8,1.3,0.3976660015210596,-0.3834732747688748
oviedo_C1112_1415,Oviedo,P_in_leave_one_cohort_out,19,zscore,random_forest,199,0.6786731786731787,0.6473429951690821,0.6178010471204188,0.7035830618892508,0.3425925925925926,0.925,1.7043981481481483,0.21370757198676,-0.021411813701169957
oviedo_C1112_1415,Oviedo,P_out_other_institutions,43,zscore,random_forest,199,0.7440984940984942,0.6719367588932806,0.42758620689655175,0.7035830618892508,0.2962962962962963,0.8,1.474074074074074,0.25314701114270194,-0.21555376439452267
oviedo_C1127_1415,Oviedo,P_in_leave_one_cohort_out,19,zscore,random_forest,106,0.6463834672789897,0.7391304347826086,0.5135135135135135,0.5379310344827586,0.3333333333333333,0.6190476190476191,1.6825396825396828,0.21868939776594704,0.08842463415393992
oviedo_C1127_1415,Oviedo,P_out_other_institutions,43,zscore,random_forest,106,0.5993111366245694,0.8024691358024691,0.36,0.5379310344827586,0.3333333333333333,0.6190476190476191,1.6825396825396828,0.22828734184515262,-0.07628015793668308
oviedo_C1200_1415,Oviedo,P_in_leave_one_cohort_out,19,zscore,random_forest,107,0.6442587209302326,0.628099173553719,0.5161290322580645,0.7485380116959064,0.296875,0.9047619047619048,1.5126488095238098,0.2522265305662672,-0.16909270661508685
oviedo_C1200_1415,Oviedo,P_out_other_institutions,43,zscore,random_forest,107,0.5541424418604651,0.5454545454545454,0.40860215053763443,0.7485380116959064,0.203125,0.6190476190476191,1.0349702380952381,0.32353312473436246,-0.2131697565968279
oviedo_C1303_1415,Oviedo,P_in_leave_one_cohort_out,19,zscore,random_forest,112,0.6459183673469387,0.5591397849462365,0.6870229007633588,0.7692307692307693,0.24285714285714285,0.7727272727272727,1.2363636363636363,0.2377929599543879,-0.09129186023729008
oviedo_C1303_1415,Oviedo,P_out_other_institutions,43,zscore,random_forest,112,0.545578231292517,0.4838709677419355,0.36,0.7692307692307693,0.18571428571428572,0.5909090909090909,0.9454545454545455,0.32144007184253326,-0.2332619469755713
oviedo_C174_1415,Oviedo,P_in_leave_one_cohort_out,19,zscore,random_forest,96,0.6688453159041394,0.49382716049382713,0.6306306306306306,0.6382978723404256,0.37777777777777777,0.8947368421052632,1.9087719298245613,0.23383711507540497,0.09592749411027024
oviedo_C174_1415,Oviedo,P_out_other_institutions,43,zscore,random_forest,96,0.8291938997821351,0.7132867132867133,0.16326530612244897,0.6382978723404256,0.3111111111111111,0.7368421052631579,1.5719298245614035,0.23637503351153533,-0.19944435494091056
oviedo_C190_1415,Oviedo,P_in_leave_one_cohort_out,19,zscore,random_forest,112,0.436194149791064,0.5864661654135338,0.3956043956043956,0.7052023121387282,0.19672131147540983,0.5454545454545454,1.0014903129657229,0.3011769451377261,-0.09119329336690174
oviedo_C190_1415,Oviedo,P_out_other_institutions,43,zscore,random_forest,112,0.4657666345226615,0.6225165562913907,0.2191780821917808,0.7052023121387282,0.22950819672131148,0.6363636363636364,1.1684053651266766,0.3126213477134696,-0.20801059041804487
oviedo_C1978_1415,Oviedo,P_in_leave_one_cohort_out,19,zscore,random_forest,164,0.7730287398673544,0.7870370370370371,0.5892857142857143,0.43809523809523815,0.5434782608695652,0.7575757575757576,2.7009222661396572,0.202367607404681,0.21161909062672968
oviedo_C1978_1415,Oviedo,P_out_other_institutions,43,zscore,random_forest,164,0.748894620486367,0.8447653429602888,0.1568627450980392,0.43809523809523815,0.45652173913043476,0.6363636363636364,2.268774703557312,0.17280345488470747,-0.00951315817436621
oviedo_C2011_1415,Oviedo,P_in_leave_one_cohort_out,19,zscore,random_forest,120,0.8119885433715219,0.8994708994708994,0.6274509803921569,0.3561643835616438,0.6153846153846154,0.6666666666666666,3.0769230769230766,0.1662716558744308,0.20558531801494412
oviedo_C2011_1415,Oviedo,P_out_other_institutions,43,zscore,random_forest,120,0.6573240589198036,0.875,0.1875,0.3561643835616438,0.34615384615384615,0.375,1.7307692307692306,0.1602379600174747,0.03673876035412593
oviedo_C2024_1415,Oviedo,P_in_leave_one_cohort_out,19,zscore,random_forest,327,0.5579020979020979,0.6812227074235808,0.25510204081632654,0.27440633245382584,0.3076923076923077,0.24615384615384617,1.5479289940828402,0.26920588411341845,0.34531378241130606
oviedo_C2024_1415,Oviedo,P_out_other_institutions,43,zscore,random_forest,327,0.5264335664335664,0.7810650887573964,0.24489795918367346,0.27440633245382584,0.21153846153846154,0.16923076923076924,1.0642011834319527,0.23702952686277648,0.22262891352995115
oviedo_C2150_1415,Oviedo,P_in_leave_one_cohort_out,19,zscore,random_forest,106,0.7433395872420263,0.71875,0.5714285714285714,0.5578231292517007,0.3902439024390244,0.7619047619047619,1.9698025551684086,0.20740677540699728,0.10345428195574258
oviedo_C2150_1415,Oviedo,P_out_other_institutions,43,zscore,random_forest,106,0.7846153846153847,0.7846153846153846,0.6585365853658537,0.5578231292517007,0.36585365853658536,0.7142857142857143,1.8466898954703832,0.18636600166626385,0.04536789681779224
oviedo_C2271_1415,Oviedo,P_in_leave_one_cohort_out,19,zscore,random_forest,596,0.6249086458707934,0.6601398601398601,0.49056603773584906,0.5860023724792408,0.32388663967611336,0.6722689075630253,1.6221549348484334,0.2329386347206523,0.03881626341828559
oviedo_C2271_1415,Oviedo,P_out_other_institutions,43,zscore,random_forest,596,0.6435854900641509,0.7497116493656286,0.3323076923076923,0.5860023724792408,0.30364372469635625,0.6302521008403361,1.5207702514204062,0.23784788793459352,-0.0996248863003793
oviedo_C2335_1415,Oviedo,P_in_leave_one_cohort_out,19,zscore,random_forest,428,0.5673413293353323,0.4743276283618582,0.5190156599552572,0.807799442896936,0.22413793103448276,0.7558139534883721,1.115477145148356,0.27615637201380505,-0.2322802290616493
oviedo_C2335_1415,Oviedo,P_out_other_institutions,43,zscore,random_forest,428,0.5750874562718641,0.4896265560165975,0.3422459893048128,0.807799442896936,0.2206896551724138,0.7441860465116279,1.0983159582999198,0.3322992669756396,-0.3228824373983099
oviedo_C2406_1415,Oviedo,P_in_leave_one_cohort_out,19,zscore,random_forest,133,0.7043373493975904,0.549618320610687,0.562962962962963,0.7685185185185186,0.24096385542168675,0.7407407407407407,1.186970102632753,0.2455762062279754,-0.1688659380439122
oviedo_C2406_1415,Oviedo,P_out_other_institutions,43,zscore,random_forest,133,0.5816867469879518,0.49673202614379086,0.3185840707964602,0.7685185185185186,0.18072289156626506,0.5555555555555556,0.8902275769745649,0.3343082153653838,-0.26337763925135255
oviedo_C2468_1415,Oviedo,P_in_leave_one_cohort_out,19,zscore,random_forest,82,0.6585365853658536,0.6868686868686869,0.5230769230769231,0.6666666666666666,0.3170731707317073,0.8125,1.625,0.22607795046781207,-0.033924993263784564
oviedo_C2468_1415,Oviedo,P_out_other_institutions,43,zscore,random_forest,82,0.593694229625223,0.6833333333333333,0.13636363636363635,0.6666666666666666,0.2682926829268293,0.6875,1.375,0.30204713828246116,-0.25353245652637646
oviedo_C2607_1415,Oviedo,P_in_leave_one_cohort_out,19,zscore,random_forest,277,0.8593875906526994,0.5822784810126582,0.6876971608832808,0.8482328482328483,0.2647058823529412,0.9818181818181818,1.3331550802139036,0.21456160959298995,-0.26925343746704306
oviedo_C2607_1415,Oviedo,P_out_other_institutions,43,zscore,random_forest,277,0.937214611872146,0.5793650793650794,0.6490066225165563,0.8482328482328483,0.2696078431372549,1.0,1.3578431372549018,0.23871690581064986,-0.34875197251127044
oviedo_C3022_1415,Oviedo,P_in_leave_one_cohort_out,19,zscore,random_forest,238,0.6429065743944636,0.662020905923345,0.48677248677248675,0.4444444444444445,0.3235294117647059,0.4583333333333333,1.6041666666666667,0.26196114651437163,0.2462221191073798
oviedo_C3022_1415,Oviedo,P_out_other_institutions,43,zscore,random_forest,238,0.6583044982698963,0.7109634551495017,0.5028571428571429,0.4444444444444445,0.29411764705882354,0.4166666666666667,1.4583333333333335,0.24590134863183677,0.1727158178165546
oviedo_C3029_1415,Oviedo,P_in_leave_one_cohort_out,19,zscore,random_forest,231,0.5120967741935484,0.6099290780141844,0.3888888888888889,0.49511400651465803,0.15789473684210525,0.2608695652173913,0.7929061784897025,0.2558699752996298,0.16092582922815057
oviedo_C3029_1415,Oviedo,P_out_other_institutions,43,zscore,random_forest,231,0.595288624787776,0.7926509186351706,0.024691358024691357,0.49511400651465803,0.27631578947368424,0.45652173913043476,1.3875858123569793,0.2197514043422717,-0.05058982668367207
oviedo_C4189_1415,Oviedo,P_in_leave_one_cohort_out,19,zscore,random_forest,128,0.47696078431372546,0.5945945945945946,0.4444444444444444,0.6382978723404256,0.21666666666666667,0.5,1.0666666666666667,0.2930133029515486,0.008480898644179835
oviedo_C4189_1415,Oviedo,P_out_other_institutions,43,zscore,random_forest,128,0.48014705882352937,0.5771812080536913,0.411214953271028,0.6382978723404256,0.21666666666666667,0.5,1.0666666666666667,0.3778920896338798,0.051571027590329055
oviedo_C4213_1415,Oviedo,P_in_leave_one_cohort_out,19,zscore,random_forest,140,0.6919857710818162,0.7051282051282052,0.6290322580645161,0.592964824120603,0.3220338983050847,0.6785714285714286,1.6101694915254239,0.22493861043907643,0.08590155257905135
oviedo_C4213_1415,Oviedo,P_out_other_institutions,43,zscore,random_forest,140,0.6122619794936178,0.6629834254143646,0.3838383838383838,0.592964824120603,0.2033898305084746,0.42857142857142855,1.0169491525423728,0.26063501981150783,-0.039132786112623275
oviedo_C836_1415,Oviedo,P_in_leave_one_cohort_out,19,zscore,random_forest,87,0.6775898520084568,0.7010309278350515,0.6233766233766234,0.6717557251908397,0.3181818181818182,0.8235294117647058,1.6283422459893047,0.22827595754927116,-0.06342339863629443
oviedo_C836_1415,Oviedo,P_out_other_institutions,43,zscore,random_forest,87,0.6374207188160678,0.6785714285714286,0.41935483870967744,0.6717557251908397,0.2727272727272727,0.7058823529411765,1.3957219251336899,0.27003642359101065,-0.15197810855197935
oulad_AAA_2013J,OULAD,P_in_leave_one_cohort_out,18,percentile,gradient_boosting,383,0.8195957519698527,0.8389513108614233,0.6293103448275862,0.430327868852459,0.5333333333333333,0.7272727272727273,2.652813852813853,0.16239025906972027,0.1320628087857239
oulad_AAA_2013J,OULAD,P_out_other_institutions,44,percentile,gradient_boosting,383,0.7804898937992464,0.8576051779935275,0.40540540540540543,0.430327868852459,0.45714285714285713,0.6233766233766234,2.2738404452690166,0.1610641667119334,0.029799724014619944
oulad_AAA_2014J,OULAD,P_in_leave_one_cohort_out,18,percentile,gradient_boosting,365,0.8236166007905138,0.8549618320610687,0.6310679611650486,0.469601677148847,0.5089285714285714,0.7808219178082192,2.544642857142857,0.1437681247785691,0.052313781257247505
oulad_AAA_2014J,OULAD,P_out_other_institutions,44,percentile,gradient_boosting,365,0.8040478543195935,0.861646234676007,0.5031446540880503,0.469601677148847,0.44642857142857145,0.684931506849315,2.2321428571428568,0.1642653205140276,0.0015905242374849582
oulad_BBB_2013B,OULAD,P_in_leave_one_cohort_out,18,percentile,gradient_boosting,1767,0.8979862858678297,0.8285714285714286,0.8318385650224215,0.7059685097034054,0.3651452282157676,0.9971671388101983,1.8277949525701453,0.11920578017189673,0.01602406778760057
oulad_BBB_2013B,OULAD,P_out_other_institutions,44,percentile,gradient_boosting,1767,0.7493075758436981,0.6914639961850262,0.5497564370215727,0.7059685097034054,0.3091286307053942,0.8441926345609065,1.5473945905281346,0.2349349828182993,-0.16166819199891413
oulad_BBB_2013J,OULAD,P_in_leave_one_cohort_out,18,percentile,gradient_boosting,2237,0.9200411568765614,0.7665289256198347,0.8219070133963751,0.684891240446796,0.3828326180257511,0.9977628635346756,1.9158759877485576,0.12826198369961286,0.10372749774580015
oulad_BBB_2013J,OULAD,P_out_other_institutions,44,percentile,gradient_boosting,2237,0.811298123118314,0.7545422158888493,0.5866826634673066,0.684891240446796,0.37682403433476397,0.9821029082774049,1.8858061852502617,0.20949543242689686,-0.14195752128975309
oulad_BBB_2014B,OULAD,P_in_leave_one_cohort_out,18,percentile,gradient_boosting,1613,0.9101497852891223,0.8422375864236329,0.8464831804281345,0.7090836334533814,0.36455981941309257,1.0,1.8205417607223477,0.11119025263234276,0.0017384676632529183
oulad_BBB_2014B,OULAD,P_out_other_institutions,44,percentile,gradient_boosting,1613,0.8708342518963799,0.7375449409347714,0.6004691164972635,0.7090836334533814,0.36455981941309257,1.0,1.8205417607223477,0.1996776155084151,-0.1807172011791225
oulad_BBB_2014J,OULAD,P_in_leave_one_cohort_out,18,percentile,gradient_boosting,2292,0.9074070266812865,0.8269643623872907,0.8212860310421286,0.6643356643356644,0.3991228070175439,0.9934497816593887,1.9973569294415077,0.12333853878503111,0.06024259061524628
oulad_BBB_2014J,OULAD,P_out_other_institutions,44,percentile,gradient_boosting,2292,0.7742008558723197,0.7293777134587555,0.589010989010989,0.6643356643356644,0.35175438596491226,0.8755458515283843,1.7603079751781199,0.20674668102842342,-0.06926360794283926
oulad_CCC_2014B,OULAD,P_in_leave_one_cohort_out,18,percentile,gradient_boosting,1936,0.9262303628321834,0.7491525423728813,0.7887725975261656,0.7933935805546899,0.3040062843676355,1.0,1.5208169677926158,0.1396697402767922,-0.13212245846509685
oulad_CCC_2014B,OULAD,P_out_other_institutions,44,percentile,gradient_boosting,1936,0.824067919511753,0.6031021897810219,0.48214285714285715,0.7933935805546899,0.3040062843676355,1.0,1.5208169677926158,0.24600180758240564,-0.2594980081574724
oulad_CCC_2014J,OULAD,P_in_leave_one_cohort_out,18,percentile,gradient_boosting,2498,0.9063647446096816,0.8153644696639022,0.84362292051756,0.7450389349409695,0.33580579905596764,0.996,1.6776857720836145,0.11705424092329221,-0.023919094222996873
oulad_CCC_2014J,OULAD,P_out_other_institutions,44,percentile,gradient_boosting,2498,0.7938216037920738,0.6617745163442295,0.4924924924924925,0.7450389349409695,0.32231962238705325,0.956,1.6103088334457183,0.23654130136898824,-0.2041522454989661
oulad_DDD_2013B,OULAD,P_in_leave_one_cohort_out,18,percentile,gradient_boosting,1303,0.8909378631654427,0.7885906040268457,0.8217821782178217,0.7566793893129771,0.3291298865069357,1.0,1.6431273644388398,0.13373929286848552,-0.06412638565076378
oulad_DDD_2013B,OULAD,P_out_other_institutions,44,percentile,gradient_boosting,1303,0.844565190515046,0.6541207008436081,0.49953051643192486,0.7566793893129771,0.3253467843631778,0.9885057471264368,1.6242408430085085,0.24458917560358545,-0.25816479672218856
oulad_DDD_2013J,OULAD,P_in_leave_one_cohort_out,18,percentile,gradient_boosting,1938,0.9098297621935236,0.8205399682371625,0.8293910417715148,0.7279291106005907,0.3489630297565374,0.9974226804123711,1.7430163702787875,0.11688724027824408,-0.03500348687439114
oulad_DDD_2013J,OULAD,P_out_other_institutions,44,percentile,gradient_boosting,1938,0.7824690192427131,0.6651923927465723,0.5312693498452012,0.7279291106005907,0.30207394048692515,0.8634020618556701,1.5088126202671674,0.23060613786245396,-0.18469432525336543
oulad_DDD_2014B,OULAD,P_in_leave_one_cohort_out,18,percentile,gradient_boosting,1228,0.9068528392763072,0.8086642599277978,0.8427299703264095,0.7577137076378352,0.32710280373831774,0.9959349593495935,1.6328546463034723,0.12060320645755264,-0.05338879425776222
oulad_DDD_2014B,OULAD,P_out_other_institutions,44,percentile,gradient_boosting,1228,0.8641166649478358,0.6260754467240238,0.4021164021164021,0.7577137076378352,0.3177570093457944,0.967479674796748,1.5862016564090875,0.25274031892146237,-0.2772930030580562
oulad_DDD_2014J,OULAD,P_in_leave_one_cohort_out,18,percentile,gradient_boosting,1803,0.8918450079429308,0.7863849765258216,0.8086225026288117,0.718550106609808,0.35311572700296734,0.9889196675900277,1.763622315197646,0.13101573870220407,-0.006406632275902546
oulad_DDD_2014J,OULAD,P_out_other_institutions,44,percentile,gradient_boosting,1803,0.8586308185714713,0.7002676181980375,0.5073313782991202,0.718550106609808,0.34915924826904055,0.9778393351800554,1.7438618410777844,0.224010123322094,-0.21292469539935321
oulad_EEE_2013J,OULAD,P_in_leave_one_cohort_out,18,percentile,gradient_boosting,1052,0.9305452078862214,0.8657718120805369,0.8245614035087719,0.5926421404682275,0.47404063205417607,1.0,2.3747178329571104,0.11914136152669419,0.10448975646785774
oulad_EEE_2013J,OULAD,P_out_other_institutions,44,percentile,gradient_boosting,1052,0.8863714708269856,0.8085106382978723,0.52,0.5926421404682275,0.45372460496614,0.9571428571428572,2.272944211544663,0.18216393880913065,-0.09444383467710454
oulad_EEE_2014B,OULAD,P_in_leave_one_cohort_out,18,percentile,gradient_boosting,694,0.9305496679383919,0.8619246861924686,0.8524590163934426,0.6537342386032978,0.4124629080118694,1.0,2.059347181008902,0.10092255073761755,0.06214846384039713
oulad_EEE_2014B,OULAD,P_out_other_institutions,44,percentile,gradient_boosting,694,0.890714742870442,0.7680525164113785,0.5527426160337553,0.6537342386032978,0.39465875370919884,0.9568345323741008,1.9704544969365754,0.1960547967036403,-0.14334966792141474
oulad_EEE_2014J,OULAD,P_in_leave_one_cohort_out,18,percentile,gradient_boosting,1188,0.9329066300009281,0.8632218844984803,0.8301886792452831,0.5957446808510638,0.47023809523809523,0.9957983193277311,2.347238895558223,0.12997004761074185,0.14718101354286256
oulad_EEE_2014J,OULAD,P_out_other_institutions,44,percentile,gradient_boosting,1188,0.8974302074631022,0.8205438066465257,0.5880721220527045,0.5957446808510638,0.4583333333333333,0.9705882352941176,2.28781512605042,0.17108929214317878,-0.08141603327768271
oulad_FFF_2013B,OULAD,P_in_leave_one_cohort_out,18,percentile,gradient_boosting,1614,0.8989923519575053,0.827262044653349,0.8073394495412844,0.6802943581357318,0.38822115384615385,1.0,1.9399038461538463,0.12768397366888606,-0.03127264931589935
oulad_FFF_2013B,OULAD,P_out_other_institutions,44,percentile,gradient_boosting,1614,0.865771935864647,0.7224791859389454,0.4371482176360225,0.6802943581357318,0.3786057692307692,0.9752321981424149,1.8918566920695405,0.2219816420702259,-0.19486079515545857
oulad_FFF_2013J,OULAD,P_in_leave_one_cohort_out,18,percentile,gradient_boosting,2283,0.9339325523115479,0.8585365853658536,0.861964517524881,0.6845289541918754,0.3846801346801347,1.0,1.9217171717171717,0.09551063840885377,0.03181648875462417
oulad_FFF_2013J,OULAD,P_out_other_institutions,44,percentile,gradient_boosting,2283,0.8779864858631982,0.724009481882831,0.49473031618102914,0.6845289541918754,0.36195286195286197,0.9409190371991247,1.8081802709811463,0.20820713238363742,-0.17608480645532992
oulad_FFF_2014B,OULAD,P_in_leave_one_cohort_out,18,percentile,gradient_boosting,1500,0.9193397965601753,0.8350730688935282,0.8483685220729367,0.7212276214833758,0.3534278959810875,0.9966666666666667,1.7671394799054376,0.11097173186571756,-0.019506771625212527
oulad_FFF_2014B,OULAD,P_out_other_institutions,44,percentile,gradient_boosting,1500,0.8795528155522301,0.6871686108165429,0.4703770197486535,0.7212276214833758,0.34397163120567376,0.97,1.719858156028369,0.22863795897723788,-0.22929542878559123
oulad_FFF_2014J,OULAD,P_in_leave_one_cohort_out,18,percentile,gradient_boosting,2365,0.9425103442141266,0.8711704634721131,0.8498168498168498,0.6908386382507611,0.3782051282051282,0.9978858350951374,1.891025641025641,0.10023748039751537,-0.061252314841934996
oulad_FFF_2014J,OULAD,P_out_other_institutions,44,percentile,gradient_boosting,2365,0.908190078162661,0.7201552895503074,0.4722391702257474,0.6908386382507611,0.37099358974358976,0.9788583509513742,1.8549679487179487,0.21379992569795217,-0.19777443397211153
ku_Accountancy_1819,KU Leuven,P_in_leave_one_cohort_out,5,percentile,gradient_boosting,756,0.6832475413266375,0.7712031558185405,0.5341365461847389,0.4587155963302752,0.3466666666666667,0.5165562913907285,1.7356291390728475,0.21103880272853812,0.14291252623971729
ku_Accountancy_1819,KU Leuven,P_out_other_institutions,57,percentile,gradient_boosting,756,0.6491106926135174,0.8129675810473815,0.27184466019417475,0.4587155963302752,0.3111111111111111,0.46357615894039733,1.557615894039735,0.2047281457075115,-0.04606374951005321
ku_Globaleconom_1819,KU Leuven,P_in_leave_one_cohort_out,5,percentile,gradient_boosting,743,0.6454066985645932,0.7188405797101449,0.35476718403547675,0.6086142322097378,0.28615384615384615,0.6241610738255033,1.4269282395456893,0.2594397116034987,-0.1567341749451826
ku_Globaleconom_1819,KU Leuven,P_out_other_institutions,57,percentile,gradient_boosting,743,0.6390688259109312,0.7141500474833808,0.30484988452655887,0.6086142322097378,0.2923076923076923,0.6375838926174496,1.4576148683531234,0.24253220709915843,-0.0812015384577453
ku_Accountancy_1920,KU Leuven,P_in_leave_one_cohort_out,5,percentile,gradient_boosting,711,0.7051767562376561,0.8111627906976744,0.414985590778098,0.48723404255319147,0.3624454148471616,0.5845070422535211,1.8147795067347314,0.1906411925857549,-0.023076984391851685
ku_Accountancy_1920,KU Leuven,P_out_other_institutions,57,percentile,gradient_boosting,711,0.6874195944844081,0.8085106382978723,0.08906882591093117,0.48723404255319147,0.3231441048034934,0.5211267605633803,1.6179961867273507,0.2114062854473235,-0.09242272833754775
ku_Globaleconom_1920,KU Leuven,P_in_leave_one_cohort_out,5,percentile,gradient_boosting,681,0.7102390549640021,0.7987616099071208,0.5038167938931297,0.3938679245283019,0.3652694610778443,0.4485294117647059,1.8290331102500883,0.20264439350000404,0.18714065895216184
ku_Globaleconom_1920,KU Leuven,P_out_other_institutions,57,percentile,gradient_boosting,681,0.7157669097602459,0.8491418247515808,0.34509803921568627,0.3938679245283019,0.38922155688622756,0.47794117647058826,1.9489697076435366,0.16629280484448794,0.01781413562737097
ku_Accountancy_2021,KU Leuven,P_in_leave_one_cohort_out,5,percentile,gradient_boosting,725,0.6780316774919264,0.8011049723756906,0.4065934065934066,0.4607218683651805,0.33640552995391704,0.503448275862069,1.6820276497695852,0.19527833468438882,0.01772162943768857
ku_Accountancy_2021,KU Leuven,P_out_other_institutions,57,percentile,gradient_boosting,725,0.6474155448310897,0.8217573221757322,0.16470588235294117,0.4607218683651805,0.2903225806451613,0.43448275862068964,1.4516129032258063,0.20869943106924693,-0.08721962054687388
ku_Globaleconom_2021,KU Leuven,P_in_leave_one_cohort_out,5,percentile,gradient_boosting,335,0.6833000428021117,0.7045951859956237,0.36619718309859156,0.6546184738955823,0.3128834355828221,0.7611940298507462,1.5644171779141105,0.268297507928967,-0.20843509929631776
ku_Globaleconom_2021,KU Leuven,P_out_other_institutions,57,percentile,gradient_boosting,335,0.6604365815380225,0.6796536796536796,0.28846153846153844,0.6546184738955823,0.2883435582822086,0.7014925373134329,1.441717791411043,0.2799372922658105,-0.2132271959648555
ukzn_ISTN101_2019,UKZN,P_in_leave_one_cohort_out,15,percentile,gradient_boosting,1056,0.6590328330674112,0.9007874015748032,0.08695652173913043,0.2967741935483871,0.3804347826086957,0.33175355450236965,1.9039769214918605,0.14179097715294245,-0.0674406945796928
ukzn_ISTN101_2019,UKZN,P_out_other_institutions,47,percentile,gradient_boosting,1056,0.5951834862385321,0.8711111111111111,0.2564102564102564,0.2967741935483871,0.33152173913043476,0.2890995260663507,1.6591798887286213,0.17404970317977986,0.1601139172616467
ukzn_ISTN101_2020,UKZN,P_in_leave_one_cohort_out,15,percentile,gradient_boosting,978,0.7405153665341271,0.9531502423263328,0.12121212121212122,0.09542356377799414,0.46938775510204084,0.11734693877551021,2.342149104539775,0.07921732823212924,0.13483456613810446
ukzn_ISTN101_2020,UKZN,P_out_other_institutions,47,percentile,gradient_boosting,978,0.6989411480415633,0.7588466579292268,0.14418604651162792,0.09542356377799414,0.42857142857142855,0.10714285714285714,2.138483965014577,0.2226138661276413,0.394562038763588
ukzn_ISTN101_2021,UKZN,P_in_leave_one_cohort_out,15,percentile,gradient_boosting,741,0.8050990307627476,0.9391941391941392,0.2905982905982906,0.15671641791044774,0.5873015873015873,0.25,2.9404761904761907,0.07832092179121496,0.07051847638753916
ukzn_ISTN101_2021,UKZN,P_out_other_institutions,47,percentile,gradient_boosting,741,0.7649365547595636,0.8661800486618005,0.3373493975903614,0.15671641791044774,0.5238095238095238,0.22297297297297297,2.6225868725868726,0.17064172045386336,0.29552894569448085
ukzn_ISTN102_2018,UKZN,P_in_leave_one_cohort_out,15,percentile,gradient_boosting,257,0.6817615935262994,0.8466819221967964,0.12987012987012986,0.4184615384615385,0.3088235294117647,0.4117647058823529,1.556228373702422,0.18491677313302646,-0.0740147107622546
ukzn_ISTN102_2018,UKZN,P_out_other_institutions,47,percentile,gradient_boosting,257,0.6668611889200124,0.7104477611940299,0.4581005586592179,0.4184615384615385,0.3382352941176471,0.45098039215686275,1.7044405997693195,0.24229463981785448,0.2450535983273971
ukzn_ISTN103_2019,UKZN,P_in_leave_one_cohort_out,15,percentile,gradient_boosting,1113,0.6942455924559245,0.8465608465608465,0.13690476190476192,0.4246284501061571,0.33,0.4439461883408072,1.6470403587443947,0.18649948569534822,-0.08112846734022788
ukzn_ISTN103_2019,UKZN,P_out_other_institutions,47,percentile,gradient_boosting,1113,0.6922263222632226,0.79182156133829,0.45098039215686275,0.4246284501061571,0.33666666666666667,0.452914798206278,1.6803139013452915,0.19378474375001434,0.11869613640528609
ukzn_ISTN103_2020,UKZN,P_in_leave_one_cohort_out,15,percentile,gradient_boosting,1082,0.7948788273908548,0.9469026548672567,0.16923076923076924,0.19214703425229743,0.6,0.3194444444444444,3.0055555555555555,0.07754592273679684,-0.015866297807455867
ukzn_ISTN103_2020,UKZN,P_out_other_institutions,47,percentile,gradient_boosting,1082,0.77446607616564,0.8783709411117226,0.3631123919308357,0.19214703425229743,0.5130434782608696,0.27314814814814814,2.569967793880837,0.15385609914518933,0.2535010438671554
ukzn_ISTN211_2019,UKZN,P_in_leave_one_cohort_out,15,percentile,gradient_boosting,280,0.789574510990119,0.9606003752345216,0.2222222222222222,0.12709030100334448,0.5789473684210527,0.19642857142857142,2.8947368421052633,0.06319909800163992,0.07030773540484016
ukzn_ISTN211_2019,UKZN,P_out_other_institutions,47,percentile,gradient_boosting,280,0.7613430127041743,0.9230769230769231,0.2641509433962264,0.12709030100334448,0.5263157894736842,0.17857142857142858,2.6315789473684212,0.13525962371690708,0.27099011135036755
ukzn_ISTN211_2021,UKZN,P_in_leave_one_cohort_out,15,percentile,gradient_boosting,327,0.9164136622390893,0.9728,0.41379310344827586,0.09883720930232558,0.8235294117647058,0.2153846153846154,4.142986425339367,0.04183941347803773,0.05937802190962342
ukzn_ISTN211_2021,UKZN,P_out_other_institutions,47,percentile,gradient_boosting,327,0.8423149905123339,0.9159519725557461,0.30985915492957744,0.09883720930232558,0.6470588235294118,0.16923076923076924,3.2552036199095027,0.13989295903932097,0.2973560387396187
ukzn_ISTN212_2018,UKZN,P_in_leave_one_cohort_out,15,percentile,gradient_boosting,238,0.7566776007497656,0.8967136150234741,0.12,0.3120567375886525,0.4318181818181818,0.3958333333333333,2.141098484848485,0.13547836350700382,0.026867250630160766
ukzn_ISTN212_2018,UKZN,P_out_other_institutions,47,percentile,gradient_boosting,238,0.771087160262418,0.7361963190184049,0.4266666666666667,0.3120567375886525,0.4090909090909091,0.375,2.028409090909091,0.29747973110077086,0.34700496665657043
ukzn_ISTN212_2019,UKZN,P_in_leave_one_cohort_out,15,percentile,gradient_boosting,264,0.7967074217074217,0.9182389937106918,0.23529411764705882,0.2745098039215686,0.5238095238095238,0.41509433962264153,2.6091644204851754,0.10933817401608537,-0.03723627019052933
ukzn_ISTN212_2019,UKZN,P_out_other_institutions,47,percentile,gradient_boosting,264,0.7803517803517803,0.8258706467661692,0.4444444444444444,0.2745098039215686,0.5476190476190477,0.4339622641509434,2.7277628032345014,0.1855110196093425,0.26669347063750315
ukzn_ISTN2IP_2018,UKZN,P_in_leave_one_cohort_out,15,percentile,gradient_boosting,99,0.7391891891891892,0.8488372093023255,0.0,0.40322580645161293,0.28,0.35,1.386,0.209919025963668,-0.15641727401869668
ukzn_ISTN2IP_2018,UKZN,P_out_other_institutions,47,percentile,gradient_boosting,99,0.702972972972973,0.7891156462585034,0.39215686274509803,0.40322580645161293,0.4,0.5,1.98,0.19406324206020478,0.1354752521387491
ukzn_ISTN2IP_2019,UKZN,P_in_leave_one_cohort_out,15,percentile,gradient_boosting,116,0.7581168831168831,0.8613861386138614,0.06666666666666667,0.3888888888888889,0.35714285714285715,0.43478260869565216,1.8012422360248446,0.16461503664251345,-0.05287719996543999
ukzn_ISTN2IP_2019,UKZN,P_out_other_institutions,47,percentile,gradient_boosting,116,0.7309253246753248,0.7074829931972789,0.49411764705882355,0.3888888888888889,0.42857142857142855,0.5217391304347826,2.1614906832298133,0.23856271363478282,0.27986683310458005
ukzn_ISTN3ND_2018,UKZN,P_in_leave_one_cohort_out,15,percentile,gradient_boosting,144,0.5988102440008066,0.7510917030567685,0.03389830508474576,0.5671641791044776,0.2982456140350877,0.5862068965517241,1.4809437386569873,0.2856315436553892,-0.22628004493319354
ukzn_ISTN3ND_2018,UKZN,P_out_other_institutions,47,percentile,gradient_boosting,144,0.5288364589635006,0.4444444444444444,0.5098039215686274,0.5671641791044776,0.21052631578947367,0.41379310344827586,1.045372050816697,0.43385698313544635,0.28732347141477316
ukzn_ISTN3ND_2019,UKZN,P_in_leave_one_cohort_out,15,percentile,gradient_boosting,223,0.627729812087354,0.8781725888324873,0.07692307692307693,0.32958801498127344,0.22727272727272727,0.2222222222222222,1.1262626262626263,0.1594266489372638,0.006801935245578955
ukzn_ISTN3ND_2019,UKZN,P_out_other_institutions,47,percentile,gradient_boosting,223,0.7035931945149823,0.7663551401869159,0.4,0.32958801498127344,0.29545454545454547,0.28888888888888886,1.4641414141414142,0.2108859698310681,0.22031843240153606
ukzn_ISTN3SA_2018,UKZN,P_in_leave_one_cohort_out,15,percentile,gradient_boosting,141,0.6657657657657657,0.8861788617886179,0.2222222222222222,0.3508771929824561,0.36666666666666664,0.39285714285714285,1.8464285714285713,0.15509829632870697,0.003494372153977743
ukzn_ISTN3SA_2018,UKZN,P_out_other_institutions,47,percentile,gradient_boosting,141,0.6163663663663663,0.6011560693641619,0.3669724770642202,0.3508771929824561,0.36666666666666664,0.39285714285714285,1.8464285714285713,0.4137453169363084,0.4081941701818599
ukzn_ISTN3SA_2019,UKZN,P_in_leave_one_cohort_out,15,percentile,gradient_boosting,195,0.6376470588235295,0.9178470254957507,0.21621621621621623,0.22727272727272727,0.4,0.2564102564102564,2.0,0.12703391957885618,0.11190496709207048
ukzn_ISTN3SA_2019,UKZN,P_out_other_institutions,47,percentile,gradient_boosting,195,0.5397647058823529,0.697508896797153,0.22018348623853212,0.22727272727272727,0.32,0.20512820512820512,1.6,0.26456016504643476,0.3630537789898876
zambia_ICT1110_2020,Zambia,P_in_leave_one_cohort_out,1,percentile,gradient_boosting,65,0.4056122448979592,0.25,0.6666666666666666,0.8596491228070176,0.16326530612244897,0.6153846153846154,0.8163265306122449,0.38911548672782276,-0.12405229047937671
zambia_ICT1110_2020,Zambia,P_out_other_institutions,61,percentile,gradient_boosting,65,0.5854591836734694,0.3684210526315789,0.1111111111111111,0.8596491228070176,0.20408163265306123,0.7692307692307693,1.0204081632653061,0.47660036416827123,-0.5224930377768159
zambia_ICT1110_2021,Zambia,P_in_leave_one_cohort_out,1,percentile,gradient_boosting,52,0.50625,0.2857142857142857,0.7368421052631579,0.761904761904762,0.1875,0.6,0.9749999999999999,0.3208124593622834,0.16611534969180275
zambia_ICT1110_2021,Zambia,P_out_other_institutions,61,percentile,gradient_boosting,52,0.6078125,0.5588235294117647,0.16666666666666666,0.761904761904762,0.25,0.8,1.3,0.35357130061618763,-0.3468014912709045
oviedo_C1112_1415,Oviedo,P_in_leave_one_cohort_out,19,percentile,gradient_boosting,199,0.7455229955229955,0.711864406779661,0.5802469135802469,0.7035830618892508,0.3611111111111111,0.975,1.7965277777777777,0.2021855249904325,-0.0866367935534022
oviedo_C1112_1415,Oviedo,P_out_other_institutions,43,percentile,gradient_boosting,199,0.7985856735856737,0.6715867158671587,0.2992125984251969,0.7035830618892508,0.3333333333333333,0.9,1.6583333333333332,0.27578458310264076,-0.2860401834963484
oviedo_C1127_1415,Oviedo,P_in_leave_one_cohort_out,19,percentile,gradient_boosting,106,0.6582472254114045,0.8157894736842105,0.5333333333333333,0.5379310344827586,0.41025641025641024,0.7619047619047619,2.070818070818071,0.19387968675199777,0.048266607408062656
oviedo_C1127_1415,Oviedo,P_out_other_institutions,43,percentile,gradient_boosting,106,0.6475315729047072,0.8050314465408805,0.41509433962264153,0.5379310344827586,0.3333333333333333,0.6190476190476191,1.6825396825396828,0.22518859218448814,-0.11345674442883019
oviedo_C1200_1415,Oviedo,P_in_leave_one_cohort_out,19,percentile,gradient_boosting,107,0.6595203488372093,0.6050420168067226,0.5052631578947369,0.7485380116959064,0.296875,0.9047619047619048,1.5126488095238098,0.24022236478470405,-0.14111964038971936
oviedo_C1200_1415,Oviedo,P_out_other_institutions,43,percentile,gradient_boosting,107,0.6882267441860466,0.6356589147286822,0.4470588235294118,0.7485380116959064,0.296875,0.9047619047619048,1.5126488095238098,0.3103710418014728,-0.31023380875649076
oviedo_C1303_1415,Oviedo,P_in_leave_one_cohort_out,19,percentile,gradient_boosting,112,0.6639455782312925,0.5656565656565656,0.656,0.7692307692307693,0.2857142857142857,0.9090909090909091,1.4545454545454546,0.23346175015864684,-0.127622416099613
oviedo_C1303_1415,Oviedo,P_out_other_institutions,43,percentile,gradient_boosting,112,0.6534013605442177,0.5394736842105263,0.027777777777777776,0.7692307692307693,0.24285714285714285,0.7727272727272727,1.2363636363636363,0.34653010284493774,-0.3539881427190209
oviedo_C174_1415,Oviedo,P_in_leave_one_cohort_out,19,percentile,gradient_boosting,96,0.5315904139433552,0.5094339622641509,0.3953488372093023,0.6382978723404256,0.13333333333333333,0.3157894736842105,0.6736842105263158,0.2607941099878824,0.020187454225658208
oviedo_C174_1415,Oviedo,P_out_other_institutions,43,percentile,gradient_boosting,96,0.8586056644880175,0.7083333333333334,0.125,0.6382978723404256,0.4,0.9473684210526315,2.0210526315789474,0.22832983463869627,-0.19790526692483779
oviedo_C190_1415,Oviedo,P_in_leave_one_cohort_out,19,percentile,gradient_boosting,112,0.4496946319511411,0.5,0.4230769230769231,0.7052023121387282,0.18032786885245902,0.5,0.918032786885246,0.29285775586577384,-0.06689824106786796
oviedo_C190_1415,Oviedo,P_out_other_institutions,43,percentile,gradient_boosting,112,0.4476052716168435,0.5733333333333334,0.13513513513513514,0.7052023121387282,0.18032786885245902,0.5,0.918032786885246,0.3488096586814922,-0.26291773029059706
oviedo_C1978_1415,Oviedo,P_in_leave_one_cohort_out,19,percentile,gradient_boosting,164,0.7464996315401621,0.7307692307692307,0.5333333333333333,0.43809523809523815,0.5217391304347826,0.7272727272727273,2.592885375494071,0.20885173496093964,0.2141774721058331
oviedo_C1978_1415,Oviedo,P_out_other_institutions,43,percentile,gradient_boosting,164,0.7938467207074429,0.8487084870848709,0.2807017543859649,0.43809523809523815,0.5,0.696969696969697,2.484848484848485,0.1659713951776313,-0.07969314962466298
oviedo_C2011_1415,Oviedo,P_in_leave_one_cohort_out,19,percentile,gradient_boosting,120,0.8138297872340425,0.9230769230769231,0.6666666666666666,0.3561643835616438,0.6153846153846154,0.6666666666666666,3.0769230769230766,0.14616474123879744,0.14543781348918433
oviedo_C2011_1415,Oviedo,P_out_other_institutions,43,percentile,gradient_boosting,120,0.765139116202946,0.8826291079812206,0.07407407407407407,0.3561643835616438,0.5,0.5416666666666666,2.4999999999999996,0.14011385697266662,0.012096208095989602
oviedo_C2024_1415,Oviedo,P_in_leave_one_cohort_out,19,percentile,gradient_boosting,327,0.5732167832167832,0.6754966887417219,0.26865671641791045,0.27440633245382584,0.3076923076923077,0.24615384615384617,1.5479289940828402,0.2664554030048401,0.3397649867148689
oviedo_C2024_1415,Oviedo,P_out_other_institutions,43,percentile,gradient_boosting,327,0.5470279720279722,0.8815331010452961,0.15,0.27440633245382584,0.25,0.2,1.2576923076923077,0.16184457927456986,0.11408383692828691
oviedo_C2150_1415,Oviedo,P_in_leave_one_cohort_out,19,percentile,gradient_boosting,106,0.7654784240150093,0.7058823529411765,0.6236559139784946,0.5578231292517007,0.36585365853658536,0.7142857142857143,1.8466898954703832,0.22119696842535563,0.1738443681067856
oviedo_C2150_1415,Oviedo,P_out_other_institutions,43,percentile,gradient_boosting,106,0.8144465290806755,0.7317073170731707,0.6292134831460674,0.5578231292517007,0.3902439024390244,0.7619047619047619,1.9698025551684086,0.2344485795009154,0.1456868565041215
oviedo_C2271_1415,Oviedo,P_in_leave_one_cohort_out,19,percentile,gradient_boosting,596,0.6776678305859425,0.6754385964912281,0.562992125984252,0.5860023724792408,0.340080971659919,0.7058823529411765,1.7032626815908551,0.22564885499814488,0.09013726197291066
oviedo_C2271_1415,Oviedo,P_out_other_institutions,43,percentile,gradient_boosting,596,0.666305116991288,0.7409766454352441,0.024,0.5860023724792408,0.3157894736842105,0.6554621848739496,1.5816010614772225,0.275692988905465,-0.23646775158976274
oviedo_C2335_1415,Oviedo,P_in_leave_one_cohort_out,19,percentile,gradient_boosting,428,0.60872063968016,0.5010351966873706,0.353887399463807,0.807799442896936,0.23448275862068965,0.7906976744186046,1.1669607056936646,0.31802576618043027,-0.3128744160130382
oviedo_C2335_1415,Oviedo,P_out_other_institutions,43,percentile,gradient_boosting,428,0.6020739630184908,0.49411764705882355,0.2543352601156069,0.807799442896936,0.2413793103448276,0.813953488372093,1.2012830793905374,0.37145646929153137,-0.3872162397392431
oviedo_C2406_1415,Oviedo,P_in_leave_one_cohort_out,19,percentile,gradient_boosting,133,0.673012048192771,0.5362318840579711,0.5,0.7685185185185186,0.26506024096385544,0.8148148148148148,1.3056671128960284,0.24633762834226586,-0.16447665732761335
oviedo_C2406_1415,Oviedo,P_out_other_institutions,43,percentile,gradient_boosting,133,0.6797590361445783,0.5476190476190477,0.22448979591836735,0.7685185185185186,0.25301204819277107,0.7777777777777778,1.2463186077643909,0.3473609870923663,-0.35643375566408947
oviedo_C2468_1415,Oviedo,P_in_leave_one_cohort_out,19,percentile,gradient_boosting,82,0.6139202855443189,0.6990291262135923,0.4918032786885246,0.6666666666666666,0.3170731707317073,0.8125,1.625,0.23952756553522964,-0.07581694080529738
oviedo_C2468_1415,Oviedo,P_out_other_institutions,43,percentile,gradient_boosting,82,0.6606186793575253,0.7008547008547008,0.2553191489361702,0.6666666666666666,0.3902439024390244,1.0,2.0,0.277000332839915,-0.2435121056060403
oviedo_C2607_1415,Oviedo,P_in_leave_one_cohort_out,19,percentile,gradient_boosting,277,0.9038074133763093,0.5387453874538746,0.558303886925795,0.8482328482328483,0.2696078431372549,1.0,1.3578431372549018,0.24869042254482782,-0.33206424650307753
oviedo_C2607_1415,Oviedo,P_out_other_institutions,43,percentile,gradient_boosting,277,0.921870803115767,0.6956521739130435,0.8184438040345822,0.8482328482328483,0.2696078431372549,1.0,1.3578431372549018,0.15039218827549997,-0.1732097124632993
oviedo_C3022_1415,Oviedo,P_in_leave_one_cohort_out,19,percentile,gradient_boosting,238,0.6294982698961938,0.5681818181818182,0.46226415094339623,0.4444444444444445,0.3382352941176471,0.4791666666666667,1.6770833333333335,0.31056410289734426,0.3132582139782929
oviedo_C3022_1415,Oviedo,P_out_other_institutions,43,percentile,gradient_boosting,238,0.6830017301038063,0.657439446366782,0.47058823529411764,0.4444444444444445,0.35294117647058826,0.5,1.75,0.30843786835190296,0.2547545376345344
oviedo_C3029_1415,Oviedo,P_in_leave_one_cohort_out,19,percentile,gradient_boosting,231,0.49227504244482173,0.6869300911854104,0.22556390977443608,0.49511400651465803,0.14473684210526316,0.2391304347826087,0.7268306636155606,0.26362610212581805,0.06527082842325577
oviedo_C3029_1415,Oviedo,P_out_other_institutions,43,percentile,gradient_boosting,231,0.5684210526315789,0.7786666666666666,0.04597701149425287,0.49511400651465803,0.2236842105263158,0.3695652173913043,1.1232837528604118,0.22709544131614132,-0.02566108953355789
oviedo_C4189_1415,Oviedo,P_in_leave_one_cohort_out,19,percentile,gradient_boosting,128,0.5111519607843137,0.6938775510204082,0.0,0.6382978723404256,0.21666666666666667,0.5,1.0666666666666667,0.279406219963166,-0.13100457835918428
oviedo_C4189_1415,Oviedo,P_out_other_institutions,43,percentile,gradient_boosting,128,0.47095588235294117,0.5714285714285714,0.42201834862385323,0.6382978723404256,0.21666666666666667,0.5,1.0666666666666667,0.39396602462401725,0.006349440728891542
oviedo_C4213_1415,Oviedo,P_in_leave_one_cohort_out,19,percentile,gradient_boosting,140,0.668340657041222,0.7514450867052023,0.5981308411214953,0.592964824120603,0.3559322033898305,0.75,1.7796610169491525,0.22199510696578154,0.06528097305580371
oviedo_C4213_1415,Oviedo,P_out_other_institutions,43,percentile,gradient_boosting,140,0.7103996652019251,0.7475728155339806,0.2972972972972973,0.592964824120603,0.3559322033898305,0.75,1.7796610169491525,0.23700098411620008,-0.1580135011196585
oviedo_C836_1415,Oviedo,P_in_leave_one_cohort_out,19,percentile,gradient_boosting,87,0.6712473572938689,0.627906976744186,0.6363636363636364,0.6717557251908397,0.25,0.6470588235294118,1.2794117647058822,0.22991098310910868,0.025831155836275044
oviedo_C836_1415,Oviedo,P_out_other_institutions,43,percentile,gradient_boosting,87,0.6350422832980972,0.6885245901639344,0.2692307692307692,0.6717557251908397,0.25,0.6470588235294118,1.2794117647058822,0.2847568373434217,-0.2276004167324498
oulad_AAA_2013J,OULAD,P_in_leave_one_cohort_out,18,percentile,logistic_regression,383,0.7966084275436793,0.7525987525987526,0.5824561403508772,0.430327868852459,0.4857142857142857,0.6623376623376623,2.4159554730983306,0.2528060396632516,0.2683900953353218
oulad_AAA_2013J,OULAD,P_out_other_institutions,44,percentile,logistic_regression,383,0.7832819458718739,0.8580246913580247,0.22033898305084745,0.430327868852459,0.4380952380952381,0.5974025974025974,2.1790970933828078,0.1641357355002536,0.007646226272757017
oulad_AAA_2014J,OULAD,P_in_leave_one_cohort_out,18,percentile,logistic_regression,365,0.8349096555618294,0.7723214285714286,0.6382978723404256,0.469601677148847,0.5178571428571429,0.7945205479452054,2.589285714285714,0.22191623328874996,0.23286869841838603
oulad_AAA_2014J,OULAD,P_out_other_institutions,44,percentile,logistic_regression,365,0.7940782044042913,0.8391376451077943,0.23622047244094488,0.469601677148847,0.41964285714285715,0.6438356164383562,2.0982142857142856,0.17388765221915667,-0.02496907282544447
oulad_BBB_2013B,OULAD,P_in_leave_one_cohort_out,18,percentile,logistic_regression,1767,0.8951907525203723,0.8272311212814645,0.8309070548712206,0.7059685097034054,0.3651452282157676,0.9971671388101983,1.8277949525701453,0.12292155884320077,-0.011944545684280272
oulad_BBB_2013B,OULAD,P_out_other_institutions,44,percentile,logistic_regression,1767,0.8752460947794318,0.6249027237354086,0.0,0.7059685097034054,0.3651452282157676,0.9971671388101983,1.8277949525701453,0.2528091696544135,-0.26380024626254034
oulad_BBB_2013J,OULAD,P_in_leave_one_cohort_out,18,percentile,logistic_regression,2237,0.9144205207866247,0.8040737148399612,0.8325041459369817,0.684891240446796,0.3828326180257511,0.9977628635346756,1.9158759877485576,0.12005908775687714,0.030473297151132672
oulad_BBB_2013J,OULAD,P_out_other_institutions,44,percentile,logistic_regression,2237,0.8828954743450131,0.6479298881837413,0.0,0.684891240446796,0.3828326180257511,0.9977628635346756,1.9158759877485576,0.2407406881318499,-0.23860621441922064
oulad_BBB_2014B,OULAD,P_in_leave_one_cohort_out,18,percentile,logistic_regression,1613,0.908663265654643,0.8300192431045542,0.8410317936412718,0.7090836334533814,0.36455981941309257,1.0,1.8205417607223477,0.11527962788386066,-0.013671357430895426
oulad_BBB_2014B,OULAD,P_out_other_institutions,44,percentile,logistic_regression,1613,0.8878737257848668,0.6213675213675214,0.0,0.7090836334533814,0.36455981941309257,1.0,1.8205417607223477,0.2506743192013662,-0.26702581753873045
oulad_BBB_2014J,OULAD,P_in_leave_one_cohort_out,18,percentile,logistic_regression,2292,0.9016580622563353,0.8075880758807588,0.8202531645569621,0.6643356643356644,0.4,0.9956331877729258,2.0017467248908294,0.13159901554900108,0.05253623583339306
oulad_BBB_2014J,OULAD,P_out_other_institutions,44,percentile,logistic_regression,2292,0.8836870278996102,0.6689895470383276,0.0,0.6643356643356644,0.39824561403508774,0.9912663755458515,1.9929671339921855,0.22835393992244712,-0.21461826373916043
oulad_CCC_2014B,OULAD,P_in_leave_one_cohort_out,18,percentile,logistic_regression,1936,0.9220200497867889,0.7961538461538461,0.8624567474048442,0.7933935805546899,0.3040062843676355,1.0,1.5208169677926158,0.12202167724781159,-0.11617188194375294
oulad_CCC_2014B,OULAD,P_out_other_institutions,44,percentile,logistic_regression,1936,0.9099939691871672,0.5101962293189688,0.0,0.7933935805546899,0.3040062843676355,1.0,1.5208169677926158,0.30374278844946045,-0.3748583259789525
oulad_CCC_2014J,OULAD,P_in_leave_one_cohort_out,18,percentile,logistic_regression,2498,0.9065364774505147,0.8111762054979721,0.8491177529708318,0.7450389349409695,0.33580579905596764,0.996,1.6776857720836145,0.12176024576135133,-0.056529895389939355
oulad_CCC_2014J,OULAD,P_out_other_institutions,44,percentile,logistic_regression,2498,0.8866194539759309,0.5778536863079988,0.0,0.7450389349409695,0.3351314902225219,0.994,1.6743169251517196,0.2738092230171576,-0.31096069297947776
oulad_DDD_2013B,OULAD,P_in_leave_one_cohort_out,18,percentile,logistic_regression,1303,0.8768983507652747,0.7873754152823921,0.8174037089871612,0.7566793893129771,0.3291298865069357,1.0,1.6431273644388398,0.13856345017629432,-0.07828295124783247
oulad_DDD_2013B,OULAD,P_out_other_institutions,44,percentile,logistic_regression,1303,0.8670375590337017,0.591990713871155,0.20385050962627407,0.7566793893129771,0.3291298865069357,1.0,1.6431273644388398,0.2846196680525368,-0.32610718313930753
oulad_DDD_2013J,OULAD,P_in_leave_one_cohort_out,18,percentile,logistic_regression,1938,0.9043411673977904,0.8201516793066089,0.8364532019704434,0.7279291106005907,0.3489630297565374,0.9974226804123711,1.7430163702787875,0.12143172698114976,-0.03939063501379769
oulad_DDD_2013J,OULAD,P_out_other_institutions,44,percentile,logistic_regression,1938,0.8896733709609175,0.5992049150704735,0.0,0.7279291106005907,0.3480613165013526,0.9948453608247423,1.7385124520093334,0.26222192179732545,-0.2897371578462336
oulad_DDD_2014B,OULAD,P_in_leave_one_cohort_out,18,percentile,logistic_regression,1228,0.9047721248372919,0.8041237113402062,0.849532037437005,0.7577137076378352,0.32710280373831774,0.9959349593495935,1.6328546463034723,0.12281506117634354,-0.07145297900655456
oulad_DDD_2014B,OULAD,P_out_other_institutions,44,percentile,logistic_regression,1228,0.8839538312739881,0.5612185120093731,0.0,0.7577137076378352,0.32710280373831774,0.9959349593495935,1.6328546463034723,0.2826679752043906,-0.327447596283521
oulad_DDD_2014J,OULAD,P_in_leave_one_cohort_out,18,percentile,logistic_regression,1803,0.884370410334802,0.7796208530805687,0.8060479666319083,0.718550106609808,0.35311572700296734,0.9889196675900277,1.763622315197646,0.1394233328773575,-0.02297475185626785
oulad_DDD_2014J,OULAD,P_out_other_institutions,44,percentile,logistic_regression,1803,0.8741707380431416,0.6104046242774567,0.0,0.718550106609808,0.35311572700296734,0.9889196675900277,1.763622315197646,0.2602327704638385,-0.2781914581747741
oulad_EEE_2013J,OULAD,P_in_leave_one_cohort_out,18,percentile,logistic_regression,1052,0.9227538762060441,0.8556876061120543,0.816414686825054,0.5926421404682275,0.47404063205417607,1.0,2.3747178329571104,0.1236580120589203,0.11659565873740663
oulad_EEE_2013J,OULAD,P_out_other_institutions,44,percentile,logistic_regression,1052,0.9171531615682,0.7332931968693558,0.0,0.5926421404682275,0.47404063205417607,1.0,2.3747178329571104,0.18817996946318874,-0.13883837945632332
oulad_EEE_2014B,OULAD,P_in_leave_one_cohort_out,18,percentile,logistic_regression,694,0.9254586107440008,0.8607242339832869,0.8507462686567164,0.6537342386032978,0.4124629080118694,1.0,2.059347181008902,0.10553678350830349,0.05138414738124403
oulad_EEE_2014B,OULAD,P_out_other_institutions,44,percentile,logistic_regression,694,0.9178781304806789,0.6793529971455756,0.0,0.6537342386032978,0.4124629080118694,1.0,2.059347181008902,0.21416403930889596,-0.20312196456690745
oulad_EEE_2014J,OULAD,P_in_leave_one_cohort_out,18,percentile,logistic_regression,1188,0.9305294486215538,0.8658536585365854,0.8345864661654135,0.5957446808510638,0.47023809523809523,0.9957983193277311,2.347238895558223,0.11740889521543807,0.11516531285994219
oulad_EEE_2014J,OULAD,P_out_other_institutions,44,percentile,logistic_regression,1188,0.919996751137102,0.768107804604155,0.3058823529411765,0.5957446808510638,0.4662698412698413,0.9873949579831933,2.3274309723889557,0.18790694970716137,-0.14186243953362287
oulad_FFF_2013B,OULAD,P_in_leave_one_cohort_out,18,percentile,logistic_regression,1614,0.8803225826283692,0.8233890214797136,0.8092783505154639,0.6802943581357318,0.38822115384615385,1.0,1.9399038461538463,0.13235806836377292,0.016819520162921764
oulad_FFF_2013B,OULAD,P_out_other_institutions,44,percentile,logistic_regression,1614,0.882110097383435,0.6823734729493892,0.2222222222222222,0.6802943581357318,0.38341346153846156,0.9876160990712074,1.9158802691116934,0.23764822451241566,-0.23327487915988532
oulad_FFF_2013J,OULAD,P_in_leave_one_cohort_out,18,percentile,logistic_regression,2283,0.9273726611626156,0.8570167696381289,0.8591304347826086,0.6845289541918754,0.3846801346801347,1.0,1.9217171717171717,0.10263641989886833,0.0179154198894792
oulad_FFF_2013J,OULAD,P_out_other_institutions,44,percentile,logistic_regression,2283,0.9141283458635057,0.6483126110124334,0.0,0.6845289541918754,0.3838383838383838,0.9978118161925602,1.9175121013195413,0.23234319706522744,-0.2377901873216961
oulad_FFF_2014B,OULAD,P_in_leave_one_cohort_out,18,percentile,logistic_regression,1500,0.9162075895923252,0.8314447592067988,0.8501259445843828,0.7212276214833758,0.3534278959810875,0.9966666666666667,1.7671394799054376,0.11287198344476872,-0.02703233550162054
oulad_FFF_2014B,OULAD,P_out_other_institutions,44,percentile,logistic_regression,1500,0.9031799220653407,0.6072423398328691,0.0,0.7212276214833758,0.35224586288416077,0.9933333333333333,1.7612293144208038,0.2565307127396452,-0.2816481204705197
oulad_FFF_2014J,OULAD,P_in_leave_one_cohort_out,18,percentile,logistic_regression,2365,0.938234568326332,0.8920032976092334,0.8862847222222222,0.6908386382507611,0.3782051282051282,0.9978858350951374,1.891025641025641,0.0890656481832677,0.005228844256800813
oulad_FFF_2014J,OULAD,P_out_other_institutions,44,percentile,logistic_regression,2365,0.9392144709960287,0.6415852958070075,0.0,0.6908386382507611,0.37740384615384615,0.9957716701902748,1.8870192307692306,0.22968861875286428,-0.2451720262274103
ku_Accountancy_1819,KU Leuven,P_in_leave_one_cohort_out,5,percentile,logistic_regression,756,0.6979493617911696,0.8153310104529616,0.4175824175824176,0.4587155963302752,0.3688888888888889,0.5496688741721855,1.8468874172185432,0.19034164404236362,0.04592383737537792
ku_Accountancy_1819,KU Leuven,P_out_other_institutions,57,percentile,logistic_regression,756,0.660820255283532,0.7703984819734345,0.47161572052401746,0.4587155963302752,0.3377777777777778,0.5033112582781457,1.6911258278145695,0.2269437554450218,0.1476859099684813
ku_Globaleconom_1819,KU Leuven,P_in_leave_one_cohort_out,5,percentile,logistic_regression,743,0.6420242914979757,0.7144221585482331,0.31890660592255127,0.6086142322097378,0.28,0.610738255033557,1.396241610738255,0.248279915614534,-0.12737722048493233
ku_Globaleconom_1819,KU Leuven,P_out_other_institutions,57,percentile,logistic_regression,743,0.6370187707029812,0.681465038845727,0.5094017094017094,0.6086142322097378,0.28923076923076924,0.6308724832214765,1.4422715539494062,0.2557221556473814,0.01258707250146579
ku_Accountancy_1920,KU Leuven,P_in_leave_one_cohort_out,5,percentile,logistic_regression,711,0.7197312870318361,0.8071495766698025,0.42896935933147634,0.48723404255319147,0.36681222707423583,0.5915492957746479,1.8366443200688847,0.19124064859664552,0.01695953337880446
ku_Accountancy_1920,KU Leuven,P_out_other_institutions,57,percentile,logistic_regression,711,0.7058335900269981,0.7764471057884231,0.4666666666666667,0.48723404255319147,0.3537117903930131,0.5704225352112676,1.7710498800664247,0.21391840647756025,0.12224020435843902
ku_Globaleconom_1920,KU Leuven,P_in_leave_one_cohort_out,5,percentile,logistic_regression,681,0.731511684801603,0.8363988383349468,0.48632218844984804,0.3938679245283019,0.40119760479041916,0.49264705882352944,2.008938006340261,0.1738281300290597,0.1106395179029254
ku_Globaleconom_1920,KU Leuven,P_out_other_institutions,57,percentile,logistic_regression,681,0.7146892984459098,0.7867494824016563,0.4797979797979798,0.3938679245283019,0.38922155688622756,0.47794117647058826,1.9489697076435366,0.21499972415172927,0.20001128514461466
ku_Accountancy_2021,KU Leuven,P_in_leave_one_cohort_out,5,percentile,logistic_regression,725,0.7064207699843972,0.8084326306141155,0.4178272980501393,0.4607218683651805,0.3548387096774194,0.5310344827586206,1.7741935483870965,0.18754458167961505,0.04485746782285438
ku_Accountancy_2021,KU Leuven,P_out_other_institutions,57,percentile,logistic_regression,725,0.663794041873798,0.7847619047619048,0.435,0.4607218683651805,0.3317972350230415,0.496551724137931,1.6589861751152073,0.21940725515913845,0.14871799833883298
ku_Globaleconom_2021,KU Leuven,P_in_leave_one_cohort_out,5,percentile,logistic_regression,335,0.6719574832358396,0.6799116997792495,0.3317972350230415,0.6546184738955823,0.2883435582822086,0.7014925373134329,1.441717791411043,0.25494155963694115,-0.16534671133613266
ku_Globaleconom_2021,KU Leuven,P_out_other_institutions,57,percentile,logistic_regression,335,0.6610786132115851,0.7028301886792453,0.4878048780487805,0.6546184738955823,0.294478527607362,0.7164179104477612,1.4723926380368098,0.24146188140796354,-0.045994291148563904
ukzn_ISTN101_2019,UKZN,P_in_leave_one_cohort_out,15,percentile,logistic_regression,1056,0.650634473474272,0.9045643153526971,0.0,0.2967741935483871,0.3532608695652174,0.3080568720379147,1.7679785699567279,0.13733367181375103,-0.026434561531416295
ukzn_ISTN101_2019,UKZN,P_out_other_institutions,47,percentile,logistic_regression,1056,0.6067137016354208,0.5857359635811836,0.3123425692695214,0.2967741935483871,0.3423913043478261,0.2985781990521327,1.7135792293426744,0.30388035226346466,0.36218208759024956
ukzn_ISTN101_2020,UKZN,P_in_leave_one_cohort_out,15,percentile,logistic_regression,978,0.747654928494541,0.9743051914001049,0.0,0.09542356377799414,0.4489795918367347,0.11224489795918367,2.2403165347771763,0.06447856658083626,0.11880283790414153
ukzn_ISTN101_2020,UKZN,P_out_other_institutions,47,percentile,logistic_regression,978,0.7300366863645351,0.7285037237643873,0.162839248434238,0.09542356377799414,0.4489795918367347,0.11224489795918367,2.2403165347771763,0.30656981773694314,0.45656184487873863
ukzn_ISTN101_2021,UKZN,P_in_leave_one_cohort_out,15,percentile,logistic_regression,741,0.8267546940113313,0.9556025369978859,0.0,0.15671641791044774,0.6190476190476191,0.2635135135135135,3.099420849420849,0.0723360755474837,0.07358573149381112
ukzn_ISTN101_2021,UKZN,P_out_other_institutions,47,percentile,logistic_regression,741,0.774664044575549,0.7330895795246801,0.24742268041237114,0.15671641791044774,0.5396825396825397,0.22972972972972974,2.7020592020592025,0.2717671648066305,0.42496854249068605
ukzn_ISTN102_2018,UKZN,P_in_leave_one_cohort_out,15,percentile,logistic_regression,257,0.6971677559912854,0.8475336322869955,0.0,0.4184615384615385,0.39705882352941174,0.5294117647058824,2.0008650519031144,0.1888087640994147,-0.11473924061072358
ukzn_ISTN102_2018,UKZN,P_out_other_institutions,47,percentile,logistic_regression,257,0.6809056956115779,0.723404255319149,0.5081081081081081,0.4184615384615385,0.35294117647058826,0.47058823529411764,1.778546712802768,0.26376877821501843,0.24485073520313833
ukzn_ISTN103_2019,UKZN,P_in_leave_one_cohort_out,15,percentile,logistic_regression,1113,0.6906150061500613,0.8442367601246106,0.0,0.4246284501061571,0.3333333333333333,0.4484304932735426,1.6636771300448432,0.199225521375322,-0.13284964180297698
ukzn_ISTN103_2019,UKZN,P_out_other_institutions,47,percentile,logistic_regression,1113,0.6775235752357524,0.7197802197802198,0.4701298701298701,0.4246284501061571,0.33666666666666667,0.452914798206278,1.6803139013452915,0.27132133186229695,0.2367720672770201
ukzn_ISTN103_2020,UKZN,P_in_leave_one_cohort_out,15,percentile,logistic_regression,1082,0.7605143653612696,0.9438750610053684,0.0,0.19214703425229743,0.4782608695652174,0.25462962962962965,2.3957326892109503,0.08922801603201831,0.05296929187440676
ukzn_ISTN103_2020,UKZN,P_out_other_institutions,47,percentile,logistic_regression,1082,0.7675284384694933,0.6431535269709544,0.28133704735376047,0.19214703425229743,0.48695652173913045,0.25925925925925924,2.439291465378422,0.2745499194482046,0.42285893656212503
ukzn_ISTN211_2019,UKZN,P_in_leave_one_cohort_out,15,percentile,logistic_regression,280,0.7854406130268199,0.9648798521256932,0.0,0.12709030100334448,0.5789473684210527,0.19642857142857142,2.8947368421052633,0.06608088564638623,0.0853811232189332
ukzn_ISTN211_2019,UKZN,P_out_other_institutions,47,percentile,logistic_regression,280,0.7074006856221012,0.592,0.17297297297297298,0.12709030100334448,0.47368421052631576,0.16071428571428573,2.368421052631579,0.30840412923651045,0.47016850470536
ukzn_ISTN211_2021,UKZN,P_in_leave_one_cohort_out,15,percentile,logistic_regression,327,0.9022770398481972,0.9733124018838305,0.0,0.09883720930232558,0.8823529411764706,0.23076923076923078,4.4389140271493215,0.052898794378028614,0.1035403563370544
ukzn_ISTN211_2021,UKZN,P_out_other_institutions,47,percentile,logistic_regression,327,0.8538899430740037,0.6507592190889371,0.16580310880829016,0.09883720930232558,0.7058823529411765,0.18461538461538463,3.5511312217194573,0.28547026574913653,0.47803924940239984
ukzn_ISTN212_2018,UKZN,P_in_leave_one_cohort_out,15,percentile,logistic_regression,238,0.7748359887535146,0.8981481481481481,0.0,0.3120567375886525,0.38636363636363635,0.3541666666666667,1.915719696969697,0.1327805258611746,-0.031510883390666905
ukzn_ISTN212_2018,UKZN,P_out_other_institutions,47,percentile,logistic_regression,238,0.7715557638238051,0.7169811320754716,0.43037974683544306,0.3120567375886525,0.4318181818181818,0.3958333333333333,2.141098484848485,0.2664898871447869,0.3280722032139908
ukzn_ISTN212_2019,UKZN,P_in_leave_one_cohort_out,15,percentile,logistic_regression,264,0.8100600600600601,0.9135802469135802,0.0,0.2745098039215686,0.5238095238095238,0.41509433962264153,2.6091644204851754,0.11170793284675795,-0.0030936378324213365
ukzn_ISTN212_2019,UKZN,P_out_other_institutions,47,percentile,logistic_regression,264,0.7587945087945088,0.7769028871391076,0.4217687074829932,0.2745098039215686,0.42857142857142855,0.33962264150943394,2.1347708894878705,0.25799588921947764,0.3448099473800891
ukzn_ISTN2IP_2018,UKZN,P_in_leave_one_cohort_out,15,percentile,logistic_regression,99,0.7345945945945946,0.8554913294797688,0.0,0.40322580645161293,0.28,0.35,1.386,0.1841387089695714,-0.10527410619239316
ukzn_ISTN2IP_2018,UKZN,P_out_other_institutions,47,percentile,logistic_regression,99,0.6913513513513513,0.71875,0.4857142857142857,0.40322580645161293,0.36,0.45,1.782,0.2582853190583488,0.2602829350104638
ukzn_ISTN2IP_2019,UKZN,P_in_leave_one_cohort_out,15,percentile,logistic_regression,116,0.7796266233766234,0.8627450980392157,0.0,0.3888888888888889,0.5,0.6086956521739131,2.5217391304347827,0.16218048208322536,-0.09280423817110328
ukzn_ISTN2IP_2019,UKZN,P_out_other_institutions,47,percentile,logistic_regression,116,0.6728896103896104,0.562962962962963,0.3917525773195876,0.3888888888888889,0.4642857142857143,0.5652173913043478,2.341614906832298,0.28895468339094305,0.2908621570310328
ukzn_ISTN3ND_2018,UKZN,P_in_leave_one_cohort_out,15,percentile,logistic_regression,144,0.5795523290986085,0.7532467532467533,0.0,0.5671641791044776,0.24561403508771928,0.4827586206896552,1.2196007259528132,0.29896392396400984,-0.24886648608715173
ukzn_ISTN3ND_2018,UKZN,P_out_other_institutions,47,percentile,logistic_regression,144,0.521072796934866,0.4788732394366197,0.4931506849315068,0.5671641791044776,0.19298245614035087,0.3793103448275862,0.9582577132486388,0.3362135582152798,0.14066000734400536
ukzn_ISTN3ND_2019,UKZN,P_in_leave_one_cohort_out,15,percentile,logistic_regression,223,0.696546470289487,0.8905472636815921,0.0,0.32958801498127344,0.3409090909090909,0.3333333333333333,1.6893939393939394,0.1507201069178091,-0.05188294358415049
ukzn_ISTN3ND_2019,UKZN,P_out_other_institutions,47,percentile,logistic_regression,223,0.6767394616556627,0.7074829931972789,0.4342105263157895,0.32958801498127344,0.3409090909090909,0.3333333333333333,1.6893939393939394,0.28470885408662705,0.31274457518057763
ukzn_ISTN3SA_2018,UKZN,P_in_leave_one_cohort_out,15,percentile,logistic_regression,141,0.6864864864864866,0.8809523809523809,0.0,0.3508771929824561,0.36666666666666664,0.39285714285714285,1.8464285714285713,0.15667451488277404,-0.06226838830645212
ukzn_ISTN3SA_2018,UKZN,P_out_other_institutions,47,percentile,logistic_regression,141,0.6222222222222223,0.632768361581921,0.38095238095238093,0.3508771929824561,0.3333333333333333,0.35714285714285715,1.6785714285714286,0.3087893203965095,0.3081074414858802
ukzn_ISTN3SA_2019,UKZN,P_in_leave_one_cohort_out,15,percentile,logistic_regression,195,0.6007058823529412,0.9315068493150684,0.0,0.22727272727272727,0.36,0.23076923076923078,1.8000000000000003,0.11213686577740374,0.025975583914357864
ukzn_ISTN3SA_2019,UKZN,P_out_other_institutions,47,percentile,logistic_regression,195,0.4896470588235294,0.5836575875486382,0.19548872180451127,0.22727272727272727,0.28,0.1794871794871795,1.4000000000000001,0.3631351138405288,0.40501565262955674
zambia_ICT1110_2020,Zambia,P_in_leave_one_cohort_out,1,percentile,logistic_regression,65,0.5586734693877552,0.15384615384615385,0.7884615384615384,0.8596491228070176,0.22448979591836735,0.8461538461538461,1.1224489795918366,0.20794127031373416,-0.13781382521903385
zambia_ICT1110_2020,Zambia,P_out_other_institutions,61,percentile,logistic_regression,65,0.5739795918367347,0.43636363636363634,0.5866666666666667,0.8596491228070176,0.20408163265306123,0.7692307692307693,1.0204081632653061,0.3159645233588277,-0.3127621615883091
zambia_ICT1110_2021,Zambia,P_in_leave_one_cohort_out,1,percentile,logistic_regression,52,0.42500000000000004,0.07692307692307693,0.6923076923076923,0.761904761904762,0.1875,0.6,0.9749999999999999,0.30633795724429014,0.12389656938447136
zambia_ICT1110_2021,Zambia,P_out_other_institutions,61,percentile,logistic_regression,52,0.6031249999999999,0.5925925925925926,0.56,0.761904761904762,0.21875,0.7,1.1375,0.272048926640435,-0.17559123989498338
oviedo_C1112_1415,Oviedo,P_in_leave_one_cohort_out,19,percentile,logistic_regression,199,0.8031135531135531,0.7336244541484717,0.6390532544378699,0.7035830618892508,0.3611111111111111,0.975,1.7965277777777777,0.20410263949798604,-0.09323702973333486
oviedo_C1112_1415,Oviedo,P_out_other_institutions,43,percentile,logistic_regression,199,0.7870370370370371,0.7510917030567685,0.6627218934911243,0.7035830618892508,0.37037037037037035,1.0,1.8425925925925926,0.1931049063233698,-0.11182325231554552
oviedo_C1127_1415,Oviedo,P_in_leave_one_cohort_out,19,percentile,logistic_regression,106,0.6318407960199006,0.6865671641791045,0.46153846153846156,0.5379310344827586,0.358974358974359,0.6666666666666666,1.811965811965812,0.22359397215165266,0.08824071718156346
oviedo_C1127_1415,Oviedo,P_out_other_institutions,43,percentile,logistic_regression,106,0.6574818216609262,0.7571428571428571,0.5277777777777778,0.5379310344827586,0.358974358974359,0.6666666666666666,1.811965811965812,0.20937498027818813,0.06599486846205915
oviedo_C1200_1415,Oviedo,P_in_leave_one_cohort_out,19,percentile,logistic_regression,107,0.6765988372093024,0.6666666666666666,0.660377358490566,0.7485380116959064,0.296875,0.9047619047619048,1.5126488095238098,0.24046846474292516,-0.14689456213074542
oviedo_C1200_1415,Oviedo,P_out_other_institutions,43,percentile,logistic_regression,107,0.6322674418604651,0.5510204081632653,0.6206896551724138,0.7485380116959064,0.3125,0.9523809523809523,1.5922619047619049,0.27580132545967584,-0.1366517360536464
oviedo_C1303_1415,Oviedo,P_in_leave_one_cohort_out,19,percentile,logistic_regression,112,0.6374149659863946,0.5384615384615384,0.6,0.7692307692307693,0.24285714285714285,0.7727272727272727,1.2363636363636363,0.25345209078162545,-0.17406332288161835
oviedo_C1303_1415,Oviedo,P_out_other_institutions,43,percentile,logistic_regression,112,0.6108843537414966,0.4782608695652174,0.6363636363636364,0.7692307692307693,0.24285714285714285,0.7727272727272727,1.2363636363636363,0.29075996885445193,-0.15248910578966557
oviedo_C174_1415,Oviedo,P_in_leave_one_cohort_out,19,percentile,logistic_regression,96,0.7093681917211329,0.6796116504854369,0.6292134831460674,0.6382978723404256,0.3111111111111111,0.7368421052631579,1.5719298245614035,0.22042270159895896,-0.013533587592244156
oviedo_C174_1415,Oviedo,P_out_other_institutions,43,percentile,logistic_regression,96,0.6087145969498912,0.5806451612903226,0.6060606060606061,0.6382978723404256,0.2222222222222222,0.5263157894736842,1.1228070175438596,0.25819405707349,0.003107972218506283
oviedo_C190_1415,Oviedo,P_in_leave_one_cohort_out,19,percentile,logistic_regression,112,0.3908711025393764,0.3898305084745763,0.32075471698113206,0.7052023121387282,0.14754098360655737,0.4090909090909091,0.7511177347242922,0.30359080440643343,-0.09239782059359891
oviedo_C190_1415,Oviedo,P_out_other_institutions,43,percentile,logistic_regression,112,0.47669559627129543,0.4642857142857143,0.4642857142857143,0.7052023121387282,0.21311475409836064,0.5909090909090909,1.0849478390462,0.34051710904573185,-0.08053259790842732
oviedo_C1978_1415,Oviedo,P_in_leave_one_cohort_out,19,percentile,logistic_regression,164,0.8049005158437731,0.8073394495412844,0.6181818181818182,0.43809523809523815,0.5434782608695652,0.7575757575757576,2.7009222661396572,0.1960765829558938,0.18180561442235027
oviedo_C1978_1415,Oviedo,P_out_other_institutions,43,percentile,logistic_regression,164,0.8154016212232866,0.8073394495412844,0.6181818181818182,0.43809523809523815,0.5869565217391305,0.8181818181818182,2.91699604743083,0.1716384433625234,0.17068861936864976
oviedo_C2011_1415,Oviedo,P_in_leave_one_cohort_out,19,percentile,logistic_regression,120,0.8062602291325696,0.7904191616766467,0.5205479452054794,0.3561643835616438,0.5384615384615384,0.5833333333333334,2.6923076923076925,0.1987587525458908,0.24564946319799086
oviedo_C2011_1415,Oviedo,P_out_other_institutions,43,percentile,logistic_regression,120,0.8140343698854338,0.813953488372093,0.5294117647058824,0.3561643835616438,0.6538461538461539,0.7083333333333334,3.269230769230769,0.18054333917330948,0.23305103024736984
oviedo_C2024_1415,Oviedo,P_in_leave_one_cohort_out,19,percentile,logistic_regression,327,0.5506993006993007,0.6607142857142857,0.2621359223300971,0.27440633245382584,0.25,0.2,1.2576923076923077,0.25753984371648825,0.32490868414174934
oviedo_C2024_1415,Oviedo,P_out_other_institutions,43,percentile,logistic_regression,327,0.5458741258741259,0.7133757961783439,0.26229508196721313,0.27440633245382584,0.23076923076923078,0.18461538461538463,1.1609467455621303,0.28636963871282084,0.2887638249923019
oviedo_C2150_1415,Oviedo,P_in_leave_one_cohort_out,19,percentile,logistic_regression,106,0.7954971857410882,0.8181818181818182,0.7,0.5578231292517007,0.3902439024390244,0.7619047619047619,1.9698025551684086,0.19050285368985662,0.0696055279285156
oviedo_C2150_1415,Oviedo,P_out_other_institutions,43,percentile,logistic_regression,106,0.8360225140712946,0.7619047619047619,0.6511627906976745,0.5578231292517007,0.43902439024390244,0.8571428571428571,2.2160278745644595,0.17435590286915947,0.06245331492111411
oviedo_C2271_1415,Oviedo,P_in_leave_one_cohort_out,19,percentile,logistic_regression,596,0.6871802605477768,0.700709219858156,0.5667351129363449,0.5860023724792408,0.3360323886639676,0.6974789915966386,1.6829857449052494,0.21921332854333458,0.048454683188997594
oviedo_C2271_1415,Oviedo,P_out_other_institutions,43,percentile,logistic_regression,596,0.6660905072909296,0.7142857142857143,0.5288888888888889,0.5860023724792408,0.32793522267206476,0.680672268907563,1.642431871534039,0.23312866563036266,0.025036728797342478
oviedo_C2335_1415,Oviedo,P_in_leave_one_cohort_out,19,percentile,logistic_regression,428,0.5962518740629684,0.5011389521640092,0.4748201438848921,0.807799442896936,0.2413793103448276,0.813953488372093,1.2012830793905374,0.28136330776855323,-0.2517711242168864
oviedo_C2335_1415,Oviedo,P_out_other_institutions,43,percentile,logistic_regression,428,0.5820339830084958,0.4786729857819905,0.4930875576036866,0.807799442896936,0.23103448275862068,0.7790697674418605,1.1497995188452286,0.3158883454687833,-0.23835929237742076
oviedo_C2406_1415,Oviedo,P_in_leave_one_cohort_out,19,percentile,logistic_regression,133,0.6751807228915662,0.5606060606060606,0.5671641791044776,0.7685185185185186,0.25301204819277107,0.7777777777777778,1.2463186077643909,0.24687492850532639,-0.17556937385657345
oviedo_C2406_1415,Oviedo,P_out_other_institutions,43,percentile,logistic_regression,133,0.6595180722891566,0.549618320610687,0.562962962962963,0.7685185185185186,0.25301204819277107,0.7777777777777778,1.2463186077643909,0.28636364227110295,-0.17898487833253407
oviedo_C2468_1415,Oviedo,P_in_leave_one_cohort_out,19,percentile,logistic_regression,82,0.6632956573468174,0.7157894736842105,0.6086956521739131,0.6666666666666666,0.3170731707317073,0.8125,1.625,0.22753881719925773,-0.04781548719414308
oviedo_C2468_1415,Oviedo,P_out_other_institutions,43,percentile,logistic_regression,82,0.6775728732897085,0.7368421052631579,0.6376811594202898,0.6666666666666666,0.34146341463414637,0.875,1.75,0.22405314559250286,-0.06533896886312196
oviedo_C2607_1415,Oviedo,P_in_leave_one_cohort_out,19,percentile,logistic_regression,277,0.916532366371206,0.5615384615384615,0.6122448979591837,0.8482328482328483,0.2696078431372549,1.0,1.3578431372549018,0.23233998365686775,-0.3031696337710696
oviedo_C2607_1415,Oviedo,P_out_other_institutions,43,percentile,logistic_regression,277,0.9083400483481063,0.6347826086956522,0.7407407407407407,0.8482328482328483,0.2696078431372549,1.0,1.3578431372549018,0.2052546759908794,-0.2833430614715933
oviedo_C3022_1415,Oviedo,P_in_leave_one_cohort_out,19,percentile,logistic_regression,238,0.6789792387543253,0.7266881028938906,0.48484848484848486,0.4444444444444445,0.35294117647058826,0.5,1.75,0.22091116048671777,0.1810328578437409
oviedo_C3022_1415,Oviedo,P_out_other_institutions,43,percentile,logistic_regression,238,0.6865051903114188,0.6976744186046512,0.48,0.4444444444444445,0.35294117647058826,0.5,1.75,0.24687046883110972,0.1692819878227207
oviedo_C3029_1415,Oviedo,P_in_leave_one_cohort_out,19,percentile,logistic_regression,231,0.5219439728353141,0.615916955017301,0.3583815028901734,0.49511400651465803,0.18421052631578946,0.30434782608695654,0.9250572082379863,0.25807093790080404,0.13533253865732842
oviedo_C3029_1415,Oviedo,P_out_other_institutions,43,percentile,logistic_regression,231,0.5121816638370118,0.6148409893992933,0.39106145251396646,0.49511400651465803,0.21052631578947367,0.34782608695652173,1.05720823798627,0.3051166106291343,0.12982624384771563
oviedo_C4189_1415,Oviedo,P_in_leave_one_cohort_out,19,percentile,logistic_regression,128,0.471078431372549,0.5540540540540541,0.3888888888888889,0.6382978723404256,0.21666666666666667,0.5,1.0666666666666667,0.28119917036599607,-0.013646811609384635
oviedo_C4189_1415,Oviedo,P_out_other_institutions,43,percentile,logistic_regression,128,0.47181372549019607,0.5555555555555556,0.42857142857142855,0.6382978723404256,0.21666666666666667,0.5,1.0666666666666667,0.34982482818554517,-0.0205945281378363
oviedo_C4213_1415,Oviedo,P_in_leave_one_cohort_out,19,percentile,logistic_regression,140,0.7250470809792844,0.7218934911242604,0.5765765765765766,0.592964824120603,0.3389830508474576,0.7142857142857143,1.694915254237288,0.21130123589075234,0.034636207681241815
oviedo_C4213_1415,Oviedo,P_out_other_institutions,43,percentile,logistic_regression,140,0.7185603682778824,0.718562874251497,0.584070796460177,0.592964824120603,0.3728813559322034,0.7857142857142857,1.8644067796610169,0.22266711449544443,0.02295602440046307
oviedo_C836_1415,Oviedo,P_in_leave_one_cohort_out,19,percentile,logistic_regression,87,0.6802325581395349,0.6458333333333334,0.5641025641025641,0.6717557251908397,0.29545454545454547,0.7647058823529411,1.512032085561497,0.2284389473442552,-0.05255805511036693
oviedo_C836_1415,Oviedo,P_out_other_institutions,43,percentile,logistic_regression,87,0.6929175475687104,0.7083333333333334,0.6410256410256411,0.6717557251908397,0.3181818181818182,0.8235294117647058,1.6283422459893047,0.22713422786417592,-0.05788763872485159
oulad_AAA_2013J,OULAD,P_in_leave_one_cohort_out,18,percentile,random_forest,383,0.8079821856800274,0.8173258003766478,0.5872340425531914,0.430327868852459,0.5333333333333333,0.7272727272727273,2.652813852813853,0.16527306868154107,0.13559279531376667
oulad_AAA_2013J,OULAD,P_out_other_institutions,44,percentile,random_forest,383,0.7615279205207263,0.8594507269789984,0.40816326530612246,0.430327868852459,0.3904761904761905,0.5324675324675324,1.942238713667285,0.1629141993065752,0.011749411839233836
oulad_AAA_2014J,OULAD,P_in_leave_one_cohort_out,18,percentile,random_forest,365,0.8118647656691135,0.851145038167939,0.6213592233009708,0.469601677148847,0.5089285714285714,0.7808219178082192,2.544642857142857,0.14997924105868263,0.0656374321201103
oulad_AAA_2014J,OULAD,P_out_other_institutions,44,percentile,random_forest,365,0.7810206098249576,0.8388214904679376,0.39215686274509803,0.469601677148847,0.41964285714285715,0.6438356164383562,2.0982142857142856,0.1678956670515338,-0.01404846386606029
oulad_BBB_2013B,OULAD,P_in_leave_one_cohort_out,18,percentile,random_forest,1767,0.8966750722136386,0.8187608569774175,0.8267847260653016,0.7059685097034054,0.3651452282157676,0.9971671388101983,1.8277949525701453,0.12092794542816727,0.014864610230445052
oulad_BBB_2013B,OULAD,P_out_other_institutions,44,percentile,random_forest,1767,0.8233091157123442,0.7285782671134514,0.6076124567474048,0.7059685097034054,0.3495850622406639,0.9546742209631728,1.7499059631140312,0.2163295232064987,-0.17488992885928728
oulad_BBB_2013J,OULAD,P_in_leave_one_cohort_out,18,percentile,random_forest,2237,0.9140754115687656,0.7776096822995462,0.8229626655961462,0.684891240446796,0.3828326180257511,0.9977628635346756,1.9158759877485576,0.13187298348824797,0.09796312629535142
oulad_BBB_2013J,OULAD,P_out_other_institutions,44,percentile,random_forest,2237,0.8009176221894819,0.7555555555555555,0.5950118764845606,0.684891240446796,0.3759656652360515,0.9798657718120806,1.8815104991790768,0.20120448777847194,-0.13755232680732182
oulad_BBB_2014B,OULAD,P_in_leave_one_cohort_out,18,percentile,random_forest,1613,0.9087765982220758,0.84125,0.8437884378843789,0.7090836334533814,0.36455981941309257,1.0,1.8205417607223477,0.11212903346984972,-0.00039134264829276955
oulad_BBB_2014B,OULAD,P_out_other_institutions,44,percentile,random_forest,1613,0.8257868850931966,0.7393753200204813,0.6001571091908877,0.7090836334533814,0.36455981941309257,1.0,1.8205417607223477,0.2007296527986442,-0.1652058982407274
oulad_BBB_2014J,OULAD,P_in_leave_one_cohort_out,18,percentile,random_forest,2292,0.9026015015838207,0.8149111400086693,0.8124725516029864,0.6643356643356644,0.3973684210526316,0.9890829694323144,1.9885773385428636,0.12561177955723005,0.07240150933770906
oulad_BBB_2014J,OULAD,P_out_other_institutions,44,percentile,random_forest,2292,0.7857444718567251,0.7626774847870182,0.5682656826568265,0.6643356643356644,0.38333333333333336,0.9541484716157205,1.9183406113537116,0.19743231532361255,-0.10057712396681412
oulad_CCC_2014B,OULAD,P_in_leave_one_cohort_out,18,percentile,random_forest,1936,0.9089276172128166,0.7510109763142692,0.7986921999065857,0.7933935805546899,0.3040062843676355,1.0,1.5208169677926158,0.13992451510031234,-0.11783060441668769
oulad_CCC_2014B,OULAD,P_out_other_institutions,44,percentile,random_forest,1936,0.7640749574347836,0.6089385474860335,0.5127610208816705,0.7933935805546899,0.30243519245875883,0.9948320413436692,1.5129574485792172,0.24735067214780612,-0.2526351830683801
oulad_CCC_2014J,OULAD,P_in_leave_one_cohort_out,18,percentile,random_forest,2498,0.9036322990609502,0.8137082601054482,0.8441176470588235,0.7450389349409695,0.33648010788941335,0.998,1.6810546190155093,0.11855056856621556,-0.024369450983918406
oulad_CCC_2014J,OULAD,P_out_other_institutions,44,percentile,random_forest,2498,0.7998521835315846,0.6711274673803947,0.510214250124564,0.7450389349409695,0.33041132838840187,0.98,1.650734996628456,0.23784606663964228,-0.22512182626816418
oulad_DDD_2013B,OULAD,P_in_leave_one_cohort_out,18,percentile,random_forest,1303,0.8865464975397472,0.777027027027027,0.8143459915611815,0.7566793893129771,0.3291298865069357,1.0,1.6431273644388398,0.13707708799133483,-0.06511544052957097
oulad_DDD_2013B,OULAD,P_out_other_institutions,44,percentile,random_forest,1303,0.8131481344113938,0.6432291666666666,0.48785046728971965,0.7566793893129771,0.3114754098360656,0.946360153256705,1.5549902644306262,0.2446384084340782,-0.24712904804076846
oulad_DDD_2013J,OULAD,P_in_leave_one_cohort_out,18,percentile,random_forest,1938,0.9080426513632838,0.816931216931217,0.8257804632426989,0.7279291106005907,0.34986474301172227,1.0,1.7475202885482417,0.11857031433808611,-0.039168479793238786
oulad_DDD_2013J,OULAD,P_out_other_institutions,44,percentile,random_forest,1938,0.8293363542721521,0.6939486286460601,0.5547815072830906,0.7279291106005907,0.33363390441839497,0.9536082474226805,1.6664497596980656,0.22295554761076408,-0.20500573145066903
oulad_DDD_2014B,OULAD,P_in_leave_one_cohort_out,18,percentile,random_forest,1228,0.9020322155358154,0.8028802880288028,0.8371747211895911,0.7577137076378352,0.32710280373831774,0.9959349593495935,1.6328546463034723,0.12428383240795665,-0.06090525663444046
oulad_DDD_2014B,OULAD,P_out_other_institutions,44,percentile,random_forest,1228,0.802394842392501,0.6275816122584943,0.41465968586387436,0.7577137076378352,0.308411214953271,0.9390243902439024,1.5395486665147022,0.26583094417185643,-0.27989617091461005
oulad_DDD_2014J,OULAD,P_in_leave_one_cohort_out,18,percentile,random_forest,1803,0.889941701885322,0.7948866937826845,0.8127320954907162,0.718550106609808,0.3560830860534125,0.997229916897507,1.7784426707875423,0.13256305916367217,-0.004766691504622167
oulad_DDD_2014J,OULAD,P_out_other_institutions,44,percentile,random_forest,1803,0.8145025926925036,0.688466637207247,0.47505584512285925,0.718550106609808,0.34124629080118696,0.9556786703601108,1.7043408928380612,0.23669140224199048,-0.221081094791804
oulad_EEE_2013J,OULAD,P_in_leave_one_cohort_out,18,percentile,random_forest,1052,0.917686915974454,0.8471391972672929,0.8081457663451233,0.5926421404682275,0.4672686230248307,0.9857142857142858,2.340793292486295,0.12142906861535205,0.10257723801479135
oulad_EEE_2013J,OULAD,P_out_other_institutions,44,percentile,random_forest,1052,0.8551950242228127,0.7918313570487484,0.46075085324232085,0.5926421404682275,0.417607223476298,0.8809523809523809,2.092013329033645,0.18878748052898756,-0.11530409014779497
oulad_EEE_2014B,OULAD,P_in_leave_one_cohort_out,18,percentile,random_forest,694,0.9208621133913506,0.8587412587412587,0.849925705794948,0.6537342386032978,0.4124629080118694,1.0,2.059347181008902,0.10729009834025338,0.06636849950132856
oulad_EEE_2014B,OULAD,P_out_other_institutions,44,percentile,random_forest,694,0.8652262091780332,0.7787810383747178,0.6095617529880478,0.6537342386032978,0.3916913946587537,0.9496402877697842,1.9556390495911875,0.19069877224849388,-0.1257219504090778
oulad_EEE_2014J,OULAD,P_in_leave_one_cohort_out,18,percentile,random_forest,1188,0.9323656363130047,0.852689010132502,0.8270814272644099,0.5957446808510638,0.4722222222222222,1.0,2.357142857142857,0.12582765096146875,0.14518519365568122
oulad_EEE_2014J,OULAD,P_out_other_institutions,44,percentile,random_forest,1188,0.8576388888888888,0.8131868131868132,0.5853658536585366,0.5957446808510638,0.4365079365079365,0.9243697478991597,2.1788715486194477,0.1753675236654795,-0.0724339453406741
oulad_FFF_2013B,OULAD,P_in_leave_one_cohort_out,18,percentile,random_forest,1614,0.8926169338973048,0.8230547550432277,0.7943737441393168,0.6802943581357318,0.38221153846153844,0.9845201238390093,1.9098743748511553,0.13210076739216936,-0.04219582452799803
oulad_FFF_2013B,OULAD,P_out_other_institutions,44,percentile,random_forest,1614,0.8201634123549085,0.7148817802503477,0.4257703081232493,0.6802943581357318,0.35697115384615385,0.9195046439628483,1.7837505953798525,0.23258445997119154,-0.20706786435376295
oulad_FFF_2013J,OULAD,P_in_leave_one_cohort_out,18,percentile,random_forest,2283,0.9316025552326923,0.8567674113009198,0.8567674113009198,0.6845289541918754,0.3846801346801347,1.0,1.9217171717171717,0.0981917547484589,0.03145442624616712
oulad_FFF_2013J,OULAD,P_out_other_institutions,44,percentile,random_forest,2283,0.8406265854895993,0.7247267759562842,0.5079365079365079,0.6845289541918754,0.3560606060606061,0.925601750547046,1.7787447781977324,0.21161901693350574,-0.17015240343076732
oulad_FFF_2014B,OULAD,P_in_leave_one_cohort_out,18,percentile,random_forest,1500,0.9158587633114279,0.8303198887343533,0.8437900128040973,0.7212276214833758,0.3546099290780142,1.0,1.773049645390071,0.1127740727013617,-0.006056283340119983
oulad_FFF_2014B,OULAD,P_out_other_institutions,44,percentile,random_forest,1500,0.8445129445275844,0.6877005347593583,0.4831858407079646,0.7212276214833758,0.3392434988179669,0.9566666666666667,1.6962174940898347,0.23397828773421508,-0.23071600428250721
oulad_FFF_2014J,OULAD,P_in_leave_one_cohort_out,18,percentile,random_forest,2365,0.9347554117025916,0.8749500599280863,0.859452177817692,0.6908386382507611,0.3782051282051282,0.9978858350951374,1.891025641025641,0.09986293074099208,-0.042939840371876814
oulad_FFF_2014J,OULAD,P_out_other_institutions,44,percentile,random_forest,2365,0.8806240387484794,0.7128520556814503,0.45947592931139547,0.6908386382507611,0.3573717948717949,0.9429175475687104,1.7868589743589745,0.21985911924472976,-0.21957494638914643
ku_Accountancy_1819,KU Leuven,P_in_leave_one_cohort_out,5,percentile,random_forest,756,0.6825402803933877,0.7789473684210526,0.5053533190578159,0.4587155963302752,0.3377777777777778,0.5033112582781457,1.6911258278145695,0.20683315974176741,0.11537508840440619
ku_Accountancy_1819,KU Leuven,P_out_other_institutions,57,percentile,random_forest,756,0.6585310734463277,0.8133891213389122,0.29652996845425866,0.4587155963302752,0.3288888888888889,0.4900662251655629,1.6466225165562913,0.20019037260394232,-0.02013065286157384
ku_Globaleconom_1819,KU Leuven,P_in_leave_one_cohort_out,5,percentile,random_forest,743,0.633271991166728,0.7069486404833837,0.40973630831643004,0.6086142322097378,0.27076923076923076,0.5906040268456376,1.3502116675271039,0.2524744821471751,-0.11748796318796095
ku_Globaleconom_1819,KU Leuven,P_out_other_institutions,57,percentile,random_forest,743,0.6205594405594406,0.7047619047619048,0.2889908256880734,0.6086142322097378,0.27384615384615385,0.5973154362416108,1.3655549819308208,0.25096797911162133,-0.10532987331092042
ku_Accountancy_1920,KU Leuven,P_in_leave_one_cohort_out,5,percentile,random_forest,711,0.6925066589356574,0.8045325779036827,0.4297520661157025,0.48723404255319147,0.35807860262008734,0.5774647887323944,1.792914693400578,0.19651053873665392,-0.001787757920118982
ku_Accountancy_1920,KU Leuven,P_out_other_institutions,57,percentile,random_forest,711,0.6596785591331605,0.8127696289905091,0.17490494296577946,0.48723404255319147,0.31004366812227074,0.5,1.5524017467248907,0.20641170254172145,-0.0685963913208224
ku_Globaleconom_1920,KU Leuven,P_in_leave_one_cohort_out,5,percentile,random_forest,681,0.6865316060486031,0.7714884696016772,0.46568627450980393,0.3938679245283019,0.32934131736526945,0.40441176470588236,1.6491282141599155,0.21275611654253984,0.19210737016281834
ku_Globaleconom_1920,KU Leuven,P_out_other_institutions,57,percentile,random_forest,681,0.7089226216827046,0.8453038674033149,0.391304347826087,0.3938679245283019,0.39520958083832336,0.4852941176470588,1.9789538569918985,0.1717347048768541,0.05082910040767921
ku_Accountancy_2021,KU Leuven,P_in_leave_one_cohort_out,5,percentile,random_forest,725,0.6570267426249139,0.7925233644859813,0.41578947368421054,0.4607218683651805,0.3225806451612903,0.4827586206896552,1.6129032258064515,0.20428061935777067,0.042921203251390205
ku_Accountancy_2021,KU Leuven,P_out_other_institutions,57,percentile,random_forest,725,0.6306424398563082,0.8148774302620456,0.1797752808988764,0.4607218683651805,0.2626728110599078,0.3931034482758621,1.3133640552995391,0.20328519990167782,-0.015237612520901833
ku_Globaleconom_2021,KU Leuven,P_in_leave_one_cohort_out,5,percentile,random_forest,335,0.6854758168069626,0.6948775055679287,0.38009049773755654,0.6546184738955823,0.3006134969325153,0.7313432835820896,1.5030674846625767,0.26175196144304835,-0.1878603453073176
ku_Globaleconom_2021,KU Leuven,P_out_other_institutions,57,percentile,random_forest,335,0.6428520473676701,0.6796536796536796,0.28846153846153844,0.6546184738955823,0.2883435582822086,0.7014925373134329,1.441717791411043,0.27016141485793405,-0.1777198737568471
ukzn_ISTN101_2019,UKZN,P_in_leave_one_cohort_out,15,percentile,random_forest,1056,0.6188921021140806,0.9040377556371264,0.1073170731707317,0.2967741935483871,0.3804347826086957,0.33175355450236965,1.9039769214918605,0.14118968781440583,-0.05213929359672341
ukzn_ISTN101_2019,UKZN,P_out_other_institutions,47,percentile,random_forest,1056,0.5932638611886717,0.8478260869565217,0.2692307692307692,0.2967741935483871,0.29891304347826086,0.26066350710900477,1.495981866886462,0.19132902048369316,0.21726231793142015
ukzn_ISTN101_2020,UKZN,P_in_leave_one_cohort_out,15,percentile,random_forest,978,0.7525757342764877,0.9576407506702412,0.13186813186813187,0.09542356377799414,0.5510204081632653,0.1377551020408163,2.7494793835901707,0.07408698213060398,0.12743635285647395
ukzn_ISTN101_2020,UKZN,P_out_other_institutions,47,percentile,random_forest,978,0.6645504272753235,0.7712248865845756,0.14527845036319612,0.09542356377799414,0.46938775510204084,0.11734693877551021,2.342149104539775,0.23520676042738003,0.41004942763070795
ukzn_ISTN101_2021,UKZN,P_in_leave_one_cohort_out,15,percentile,random_forest,741,0.8401226764058622,0.9608540925266904,0.2857142857142857,0.15671641791044774,0.6349206349206349,0.2702702702702703,3.1788931788931793,0.06842327189226806,0.06485269359927037
ukzn_ISTN101_2021,UKZN,P_out_other_institutions,47,percentile,random_forest,741,0.7616472350985624,0.8467274233637117,0.32727272727272727,0.15671641791044774,0.5555555555555556,0.23648648648648649,2.7815315315315314,0.19041527465893524,0.3371111822440216
ukzn_ISTN102_2018,UKZN,P_in_leave_one_cohort_out,15,percentile,random_forest,257,0.6423124805477746,0.8506787330316742,0.08333333333333333,0.4184615384615385,0.3235294117647059,0.43137254901960786,1.630334486735871,0.1877521768969509,-0.07496949731792613
ukzn_ISTN102_2018,UKZN,P_out_other_institutions,47,percentile,random_forest,257,0.6504046062869592,0.7235294117647059,0.45977011494252873,0.4184615384615385,0.39705882352941174,0.5294117647058824,2.0008650519031144,0.2389050221410331,0.23400360463565595
ukzn_ISTN103_2019,UKZN,P_in_leave_one_cohort_out,15,percentile,random_forest,1113,0.671160311603116,0.8444913020558777,0.1033434650455927,0.4246284501061571,0.3333333333333333,0.4484304932735426,1.6636771300448432,0.1956539710818399,-0.10872537915712521
ukzn_ISTN103_2019,UKZN,P_out_other_institutions,47,percentile,random_forest,1113,0.6677736777367774,0.7847008019740901,0.4231404958677686,0.4246284501061571,0.3333333333333333,0.4484304932735426,1.6636771300448432,0.19938258452148216,0.118527014004771
ukzn_ISTN103_2020,UKZN,P_in_leave_one_cohort_out,15,percentile,random_forest,1082,0.7910435681848837,0.9477832512315271,0.208955223880597,0.19214703425229743,0.5826086956521739,0.3101851851851852,2.918438003220612,0.07798817924886071,-0.009425397249826786
ukzn_ISTN103_2020,UKZN,P_out_other_institutions,47,percentile,random_forest,1082,0.7644710219864215,0.8431372549019608,0.3674418604651163,0.19214703425229743,0.5652173913043478,0.30092592592592593,2.831320450885668,0.19157189193815646,0.3193464160840739
ukzn_ISTN211_2019,UKZN,P_in_leave_one_cohort_out,15,percentile,random_forest,280,0.7697116354103649,0.9588014981273408,0.15384615384615385,0.12709030100334448,0.5789473684210527,0.19642857142857142,2.8947368421052633,0.06642716903378135,0.08237899111971377
ukzn_ISTN211_2019,UKZN,P_out_other_institutions,47,percentile,random_forest,280,0.7656785642266586,0.889795918367347,0.22857142857142856,0.12709030100334448,0.5263157894736842,0.17857142857142858,2.6315789473684212,0.16299487796839698,0.3131218802199643
ukzn_ISTN211_2021,UKZN,P_in_leave_one_cohort_out,15,percentile,random_forest,327,0.9351043643263758,0.9678456591639871,0.375,0.09883720930232558,0.8823529411764706,0.23076923076923078,4.4389140271493215,0.04511906031165695,0.07318296447989182
ukzn_ISTN211_2021,UKZN,P_out_other_institutions,47,percentile,random_forest,327,0.8740037950664136,0.8659420289855072,0.27450980392156865,0.09883720930232558,0.8235294117647058,0.2153846153846154,4.142986425339367,0.1789583984093346,0.35591426540033316
ukzn_ISTN212_2018,UKZN,P_in_leave_one_cohort_out,15,percentile,random_forest,238,0.7374648547328959,0.8962264150943396,0.15384615384615385,0.3120567375886525,0.4090909090909091,0.375,2.028409090909091,0.1326931062616298,0.012454893394989786
ukzn_ISTN212_2018,UKZN,P_out_other_institutions,47,percentile,random_forest,238,0.7694470477975633,0.7507692307692307,0.46357615894039733,0.3120567375886525,0.38636363636363635,0.3541666666666667,1.915719696969697,0.24672637769542813,0.3148834988013997
ukzn_ISTN212_2019,UKZN,P_in_leave_one_cohort_out,15,percentile,random_forest,264,0.8320463320463322,0.9192546583850931,0.13333333333333333,0.2745098039215686,0.5714285714285714,0.4528301886792453,2.846361185983828,0.107766034646712,-0.04790578103605525
ukzn_ISTN212_2019,UKZN,P_out_other_institutions,47,percentile,random_forest,264,0.7452809952809952,0.851581508515815,0.47863247863247865,0.2745098039215686,0.5,0.39622641509433965,2.4905660377358494,0.19811031222083478,0.28201920242987943
ukzn_ISTN2IP_2018,UKZN,P_in_leave_one_cohort_out,15,percentile,random_forest,99,0.7367567567567567,0.8488372093023255,0.0,0.40322580645161293,0.32,0.4,1.584,0.20922980693956938,-0.16914392786094765
ukzn_ISTN2IP_2018,UKZN,P_out_other_institutions,47,percentile,random_forest,99,0.652972972972973,0.8082191780821918,0.46153846153846156,0.40322580645161293,0.4,0.5,1.98,0.21164286945445565,0.17611586953716912
ukzn_ISTN2IP_2019,UKZN,P_in_leave_one_cohort_out,15,percentile,random_forest,116,0.7252435064935064,0.8669950738916257,0.06896551724137931,0.3888888888888889,0.39285714285714285,0.4782608695652174,1.9813664596273293,0.16498733829520304,-0.032322589154912734
ukzn_ISTN2IP_2019,UKZN,P_out_other_institutions,47,percentile,random_forest,116,0.6984577922077921,0.6711409395973155,0.40963855421686746,0.3888888888888889,0.42857142857142855,0.5217391304347826,2.1614906832298133,0.2306440265025712,0.25307400722562756
ukzn_ISTN3ND_2018,UKZN,P_in_leave_one_cohort_out,15,percentile,random_forest,144,0.5327687033676144,0.7478260869565218,0.0,0.5671641791044776,0.22807017543859648,0.4482758620689655,1.1324863883847551,0.2991115010933874,-0.23457541588591438
ukzn_ISTN3ND_2018,UKZN,P_out_other_institutions,47,percentile,random_forest,144,0.499697519661222,0.417910447761194,0.4935064935064935,0.5671641791044776,0.17543859649122806,0.3448275862068966,0.8711433756805809,0.36458328153362896,0.226873116805081
ukzn_ISTN3ND_2019,UKZN,P_in_leave_one_cohort_out,15,percentile,random_forest,223,0.6456323006602336,0.8810126582278481,0.0784313725490196,0.32958801498127344,0.29545454545454547,0.28888888888888886,1.4641414141414142,0.1570322817586483,0.015322376118419051
ukzn_ISTN3ND_2019,UKZN,P_out_other_institutions,47,percentile,random_forest,223,0.6871508379888267,0.8,0.3963963963963964,0.32958801498127344,0.29545454545454547,0.28888888888888886,1.4641414141414142,0.22039950820404838,0.23145981261167978
ukzn_ISTN3SA_2018,UKZN,P_in_leave_one_cohort_out,15,percentile,random_forest,141,0.6765765765765765,0.8906882591093117,0.22857142857142856,0.3508771929824561,0.43333333333333335,0.4642857142857143,2.1821428571428574,0.15202391309937469,0.0006579322751015804
ukzn_ISTN3SA_2018,UKZN,P_out_other_institutions,47,percentile,random_forest,141,0.6060060060060061,0.5764705882352941,0.35714285714285715,0.3508771929824561,0.36666666666666664,0.39285714285714285,1.8464285714285713,0.33248099487753685,0.3545639865565068
ukzn_ISTN3SA_2019,UKZN,P_in_leave_one_cohort_out,15,percentile,random_forest,195,0.6237647058823529,0.9204545454545454,0.2631578947368421,0.22727272727272727,0.4,0.2564102564102564,2.0,0.12236933905602149,0.08415265891076784
ukzn_ISTN3SA_2019,UKZN,P_out_other_institutions,47,percentile,random_forest,195,0.5760000000000001,0.7560137457044673,0.2828282828282828,0.22727272727272727,0.28,0.1794871794871795,1.4000000000000001,0.24426739347094664,0.33608800666317856
zambia_ICT1110_2020,Zambia,P_in_leave_one_cohort_out,1,percentile,random_forest,65,0.49362244897959184,0.29411764705882354,0.75,0.8596491228070176,0.20408163265306123,0.7692307692307693,1.0204081632653061,0.22967538985610061,-0.13393167081243995
zambia_ICT1110_2020,Zambia,P_out_other_institutions,61,percentile,random_forest,65,0.5778061224489796,0.37333333333333335,0.14545454545454545,0.8596491228070176,0.20408163265306123,0.7692307692307693,1.0204081632653061,0.4538932593725105,-0.4941487377669424
zambia_ICT1110_2021,Zambia,P_in_leave_one_cohort_out,1,percentile,random_forest,52,0.48124999999999996,0.09523809523809523,0.7710843373493976,0.761904761904762,0.1875,0.6,0.9749999999999999,0.27010191371386366,0.13826458726458735
zambia_ICT1110_2021,Zambia,P_out_other_institutions,61,percentile,random_forest,52,0.5703125,0.5373134328358209,0.16216216216216217,0.761904761904762,0.25,0.8,1.3,0.35149593149461056,-0.33515674821145064
oviedo_C1112_1415,Oviedo,P_in_leave_one_cohort_out,19,percentile,random_forest,199,0.7377899877899878,0.7350427350427351,0.6219512195121951,0.7035830618892508,0.3611111111111111,0.975,1.7965277777777777,0.20739075738450055,-0.09287018927163954
oviedo_C1112_1415,Oviedo,P_out_other_institutions,43,percentile,random_forest,199,0.7583435083435084,0.6382978723404256,0.1206896551724138,0.7035830618892508,0.3333333333333333,0.9,1.6583333333333332,0.29646334510233524,-0.29384081379833515
oviedo_C1127_1415,Oviedo,P_in_leave_one_cohort_out,19,percentile,random_forest,106,0.6808266360505166,0.8082191780821918,0.5757575757575758,0.5379310344827586,0.46153846153846156,0.8571428571428571,2.32967032967033,0.1990354754317751,0.07622326389140155
oviedo_C1127_1415,Oviedo,P_out_other_institutions,43,percentile,random_forest,106,0.6230386528893992,0.8024691358024691,0.36,0.5379310344827586,0.358974358974359,0.6666666666666666,1.811965811965812,0.22953877621557378,-0.11680139431153835
oviedo_C1200_1415,Oviedo,P_in_leave_one_cohort_out,19,percentile,random_forest,107,0.6304505813953488,0.6181818181818182,0.5961538461538461,0.7485380116959064,0.296875,0.9047619047619048,1.5126488095238098,0.24487539157722643,-0.13289335773866467
oviedo_C1200_1415,Oviedo,P_out_other_institutions,43,percentile,random_forest,107,0.6838662790697674,0.5874125874125874,0.16901408450704225,0.7485380116959064,0.265625,0.8095238095238095,1.353422619047619,0.3310559785954121,-0.33626438869719033
oviedo_C1303_1415,Oviedo,P_in_leave_one_cohort_out,19,percentile,random_forest,112,0.6312925170068027,0.5,0.625,0.7692307692307693,0.22857142857142856,0.7272727272727273,1.1636363636363636,0.2399036099378322,-0.12357360002076301
oviedo_C1303_1415,Oviedo,P_out_other_institutions,43,percentile,random_forest,112,0.6238095238095238,0.5526315789473685,0.05555555555555555,0.7692307692307693,0.22857142857142856,0.7272727272727273,1.1636363636363636,0.36586091771988233,-0.3758607239483806
oviedo_C174_1415,Oviedo,P_in_leave_one_cohort_out,19,percentile,random_forest,96,0.5825708061002179,0.6306306306306306,0.49382716049382713,0.6382978723404256,0.2,0.47368421052631576,1.0105263157894737,0.2487365054286519,-0.003939887872699777
oviedo_C174_1415,Oviedo,P_out_other_institutions,43,percentile,random_forest,96,0.8845315904139434,0.6986301369863014,0.043478260869565216,0.6382978723404256,0.37777777777777777,0.8947368421052632,1.9087719298245613,0.2240067203508127,-0.20522519556967372
oviedo_C190_1415,Oviedo,P_in_leave_one_cohort_out,19,percentile,random_forest,112,0.45901639344262296,0.47540983606557374,0.37254901960784315,0.7052023121387282,0.18032786885245902,0.5,0.918032786885246,0.29092656363072816,-0.07625356962597224
oviedo_C190_1415,Oviedo,P_out_other_institutions,43,percentile,random_forest,112,0.4265509482481517,0.5949367088607594,0.030303030303030304,0.7052023121387282,0.14754098360655737,0.4090909090909091,0.7511177347242922,0.35085273617377016,-0.2773954956663872
oviedo_C1978_1415,Oviedo,P_in_leave_one_cohort_out,19,percentile,random_forest,164,0.7756079587324982,0.8209606986899564,0.5858585858585859,0.43809523809523815,0.5,0.696969696969697,2.484848484848485,0.18053475101985453,0.14999544195982029
oviedo_C1978_1415,Oviedo,P_out_other_institutions,43,percentile,random_forest,164,0.7866617538688283,0.8602941176470589,0.32142857142857145,0.43809523809523815,0.45652173913043476,0.6363636363636364,2.268774703557312,0.16839671403993875,-0.08385334895801771
oviedo_C2011_1415,Oviedo,P_in_leave_one_cohort_out,19,percentile,random_forest,120,0.7898936170212766,0.90625,0.625,0.3561643835616438,0.6153846153846154,0.6666666666666666,3.0769230769230766,0.1547278271636997,0.15988267925378258
oviedo_C2011_1415,Oviedo,P_out_other_institutions,43,percentile,random_forest,120,0.6871931260229133,0.8866995073891626,0.3783783783783784,0.3561643835616438,0.34615384615384615,0.375,1.7307692307692306,0.15440150581255196,0.023728287756875827
oviedo_C2024_1415,Oviedo,P_in_leave_one_cohort_out,19,percentile,random_forest,327,0.5577622377622378,0.676923076923077,0.2613065326633166,0.27440633245382584,0.28846153846153844,0.23076923076923078,1.4511834319526629,0.2624300565277606,0.33167544343858113
oviedo_C2024_1415,Oviedo,P_out_other_institutions,43,percentile,random_forest,327,0.5416083916083916,0.8934707903780069,0.1388888888888889,0.27440633245382584,0.23076923076923078,0.18461538461538463,1.1609467455621303,0.16068614818717275,0.10304650340747637
oviedo_C2150_1415,Oviedo,P_in_leave_one_cohort_out,19,percentile,random_forest,106,0.7530956848030018,0.6788990825688074,0.6601941747572816,0.5578231292517007,0.3902439024390244,0.7619047619047619,1.9698025551684086,0.2119988670206937,0.14678237233306834
oviedo_C2150_1415,Oviedo,P_out_other_institutions,43,percentile,random_forest,106,0.7433395872420262,0.7580645161290323,0.6590909090909091,0.5578231292517007,0.2926829268292683,0.5714285714285714,1.4773519163763065,0.22184382198374183,0.10804056712460458
oviedo_C2271_1415,Oviedo,P_in_leave_one_cohort_out,19,percentile,random_forest,596,0.675637738825795,0.6554878048780488,0.5783582089552238,0.5860023724792408,0.3522267206477733,0.7310924369747899,1.7640934916476712,0.22916952976976243,0.11130758107213518
oviedo_C2271_1415,Oviedo,P_out_other_institutions,43,percentile,random_forest,596,0.6627727573286313,0.746524064171123,0.07782101167315175,0.5860023724792408,0.29959514170040485,0.6218487394957983,1.500493314734801,0.27607371241760964,-0.22998603781904184
oviedo_C2335_1415,Oviedo,P_in_leave_one_cohort_out,19,percentile,random_forest,428,0.5707896051974013,0.48292682926829267,0.5246636771300448,0.807799442896936,0.2413793103448276,0.813953488372093,1.2012830793905374,0.28551049551281754,-0.23012181001613685
oviedo_C2335_1415,Oviedo,P_out_other_institutions,43,percentile,random_forest,428,0.599775112443778,0.4794007490636704,0.13664596273291926,0.807799442896936,0.22758620689655173,0.7674418604651163,1.1326383319967923,0.38319688729779217,-0.40562595501291016
oviedo_C2406_1415,Oviedo,P_in_leave_one_cohort_out,19,percentile,random_forest,133,0.7183132530120483,0.6,0.6176470588235294,0.7685185185185186,0.26506024096385544,0.8148148148148148,1.3056671128960284,0.2323629845561584,-0.16050190674276604
oviedo_C2406_1415,Oviedo,P_out_other_institutions,43,percentile,random_forest,133,0.6236144578313253,0.5443786982248521,0.20618556701030927,0.7685185185185186,0.24096385542168675,0.7407407407407407,1.186970102632753,0.3415586572355312,-0.3381230765173669
oviedo_C2468_1415,Oviedo,P_in_leave_one_cohort_out,19,percentile,random_forest,82,0.6448542534205829,0.6666666666666666,0.5294117647058824,0.6666666666666666,0.34146341463414637,0.875,1.75,0.22729158336687075,-0.028815228475797705
oviedo_C2468_1415,Oviedo,P_out_other_institutions,43,percentile,random_forest,82,0.7156454491374181,0.6890756302521008,0.17777777777777778,0.6666666666666666,0.34146341463414637,0.875,1.75,0.27952219523076366,-0.25542467190091844
oviedo_C2607_1415,Oviedo,P_in_leave_one_cohort_out,19,percentile,random_forest,277,0.8626779478914853,0.5934959349593496,0.6753246753246753,0.8482328482328483,0.2696078431372549,1.0,1.3578431372549018,0.2364854766682835,-0.30459950598246033
oviedo_C2607_1415,Oviedo,P_out_other_institutions,43,percentile,random_forest,277,0.8991404781090518,0.6343612334801763,0.746177370030581,0.8482328482328483,0.2696078431372549,1.0,1.3578431372549018,0.1809276723324212,-0.22353283692818537
oviedo_C3022_1415,Oviedo,P_in_leave_one_cohort_out,19,percentile,random_forest,238,0.6205882352941178,0.5615384615384615,0.4722222222222222,0.4444444444444445,0.3088235294117647,0.4375,1.53125,0.28825295498254544,0.28058782348534905
oviedo_C3022_1415,Oviedo,P_out_other_institutions,43,percentile,random_forest,238,0.6695501730103807,0.6996699669966997,0.47398843930635837,0.4444444444444445,0.3088235294117647,0.4375,1.53125,0.26613392190885266,0.20596120569147047
oviedo_C3029_1415,Oviedo,P_in_leave_one_cohort_out,19,percentile,random_forest,231,0.49783531409168086,0.675,0.2676056338028169,0.49511400651465803,0.17105263157894737,0.2826086956521739,0.8589816933638443,0.26170350971517753,0.08749859012850919
oviedo_C3029_1415,Oviedo,P_out_other_institutions,43,percentile,random_forest,231,0.5457130730050934,0.7520891364902507,0.13592233009708737,0.49511400651465803,0.17105263157894737,0.2826086956521739,0.8589816933638443,0.22876026484091236,-0.015020362397454246
oviedo_C4189_1415,Oviedo,P_in_leave_one_cohort_out,19,percentile,random_forest,128,0.49607843137254903,0.5960264900662252,0.41904761904761906,0.6382978723404256,0.21666666666666667,0.5,1.0666666666666667,0.2899412414924828,-0.15205489230098612
oviedo_C4189_1415,Oviedo,P_out_other_institutions,43,percentile,random_forest,128,0.46911764705882353,0.5655172413793104,0.43243243243243246,0.6382978723404256,0.21666666666666667,0.5,1.0666666666666667,0.38542285523418796,0.027769124719501104
oviedo_C4213_1415,Oviedo,P_in_leave_one_cohort_out,19,percentile,random_forest,140,0.7066331868591756,0.7411764705882353,0.6,0.592964824120603,0.3559322033898305,0.75,1.7796610169491525,0.21038527419194533,0.045982679164018436
oviedo_C4213_1415,Oviedo,P_out_other_institutions,43,percentile,random_forest,140,0.7097719188114668,0.7298578199052133,0.17391304347826086,0.592964824120603,0.3050847457627119,0.6428571428571429,1.5254237288135595,0.2382180059227827,-0.15398622972437215
oviedo_C836_1415,Oviedo,P_in_leave_one_cohort_out,19,percentile,random_forest,87,0.627906976744186,0.5517241379310345,0.5517241379310345,0.6717557251908397,0.3181818181818182,0.8235294117647058,1.6283422459893047,0.23574583904171734,0.005262338521977994
oviedo_C836_1415,Oviedo,P_out_other_institutions,43,percentile,random_forest,87,0.6744186046511629,0.6991869918699187,0.27450980392156865,0.6717557251908397,0.3409090909090909,0.8823529411764706,1.744652406417112,0.27493241846784283,-0.22087853874194885
