target,target_institution,pool,n_source_cohorts,representation,model,n_target,auc,f1_pass,f1_fail,f1_fail_baseline,recall_at_flag20,precision_at_flag20,lift_at_flag20,brier,calibration_in_large
oulad_AAA_2013J,OULAD,P_in_leave_one_cohort_out,18,raw,gradient_boosting,383,0.7420178143199727,0.8137432188065099,0.5164319248826291,0.430327868852459,0.41904761904761906,0.5714285714285714,2.0843537414965985,0.18099097530917865,0.12481210756039723
oulad_AAA_2013J,OULAD,P_out_other_institutions,44,raw,gradient_boosting,383,0.43228845495032553,0.6679035250463822,0.21145374449339208,0.430327868852459,0.14285714285714285,0.19480519480519481,0.7105751391465678,0.27276398579863353,0.10357884107932824
oulad_AAA_2014J,OULAD,P_in_leave_one_cohort_out,18,raw,gradient_boosting,365,0.7464709203839639,0.7766179540709812,0.5737051792828686,0.469601677148847,0.4107142857142857,0.6301369863013698,2.0535714285714284,0.1955649088406085,0.13628264090889447
oulad_AAA_2014J,OULAD,P_out_other_institutions,44,raw,gradient_boosting,365,0.4658914455110107,0.6865079365079365,0.3008849557522124,0.469601677148847,0.23214285714285715,0.3561643835616438,1.1607142857142856,0.27184889118547445,0.06345466920728376
oulad_BBB_2013B,OULAD,P_in_leave_one_cohort_out,18,raw,gradient_boosting,1767,0.8283621326664012,0.7364746945898778,0.7504132231404959,0.7059685097034054,0.3630705394190871,0.9915014164305949,1.8174097539759968,0.16278320791248907,0.006571993510740226
oulad_BBB_2013B,OULAD,P_out_other_institutions,44,raw,gradient_boosting,1767,0.7388740614810643,0.7219327333017527,0.5874912157413914,0.7059685097034054,0.3475103734439834,0.9490084985835694,1.7395207645198827,0.2527324768613435,-0.24051593668836235
oulad_BBB_2013J,OULAD,P_in_leave_one_cohort_out,18,raw,gradient_boosting,2237,0.8473224008711806,0.6978898610396295,0.7680758593441328,0.684891240446796,0.3776824034334764,0.9843400447427293,1.8901018713214468,0.16771151187387998,0.10248388284744636
oulad_BBB_2013J,OULAD,P_out_other_institutions,44,raw,gradient_boosting,2237,0.7482079943629494,0.7633760361718162,0.654945054945055,0.684891240446796,0.3605150214592275,0.9395973154362416,1.8041881498977448,0.222603392336435,-0.1614802322691195
oulad_BBB_2014B,OULAD,P_in_leave_one_cohort_out,18,raw,gradient_boosting,1613,0.8479573745346378,0.6379170056956875,0.7771657486229344,0.7090836334533814,0.36455981941309257,1.0,1.8205417607223477,0.1691180482759607,0.11208607585154051
oulad_BBB_2014B,OULAD,P_out_other_institutions,44,raw,gradient_boosting,1613,0.8137790666985445,0.6587482868889905,0.2796528447444552,0.7090836334533814,0.34988713318284426,0.9597523219814241,1.7472691821174233,0.24825815311749438,-0.2540928943726912
oulad_BBB_2014J,OULAD,P_in_leave_one_cohort_out,18,raw,gradient_boosting,2292,0.8563280488547756,0.6228070175438597,0.7507246376811594,0.6643356643356644,0.3956140350877193,0.9847161572052402,1.9797977476442197,0.18948890057191314,0.1768907186151516
oulad_BBB_2014J,OULAD,P_out_other_institutions,44,raw,gradient_boosting,2292,0.735789778265107,0.7602815857725084,0.656763925729443,0.6643356643356644,0.36140350877192984,0.8995633187772926,1.808595725120662,0.21879676796490172,-0.11853127529206808
oulad_CCC_2014B,OULAD,P_in_leave_one_cohort_out,18,raw,gradient_boosting,1936,0.8735454662860975,0.7216916780354706,0.830423940149626,0.7933935805546899,0.3040062843676355,1.0,1.5208169677926158,0.13925220118821952,-0.023489861009210244
oulad_CCC_2014B,OULAD,P_out_other_institutions,44,raw,gradient_boosting,1936,0.7016761868201267,0.5857819905213271,0.5039727582292849,0.7933935805546899,0.27808326787117044,0.9147286821705426,1.39113490077154,0.33677081413625026,-0.3658115371760888
oulad_CCC_2014J,OULAD,P_in_leave_one_cohort_out,18,raw,gradient_boosting,2498,0.8449634444891032,0.7595736281089617,0.7527405602923264,0.7450389349409695,0.3351314902225219,0.994,1.6743169251517196,0.16042582737659497,-0.08253915544267154
oulad_CCC_2014J,OULAD,P_out_other_institutions,44,raw,gradient_boosting,2498,0.6422309989403718,0.6140231449965963,0.4489795918367347,0.7450389349409695,0.2744436952124073,0.814,1.3711207012811868,0.31990329963618214,-0.29520258064799654
oulad_DDD_2013B,OULAD,P_in_leave_one_cohort_out,18,raw,gradient_boosting,1303,0.8248868778280543,0.7103235747303543,0.7125382262996942,0.7566793893129771,0.3291298865069357,1.0,1.6431273644388398,0.17778822221352297,-0.10002600367346859
oulad_DDD_2013B,OULAD,P_out_other_institutions,44,raw,gradient_boosting,1303,0.5627191355735233,0.5926892950391645,0.41899441340782123,0.7566793893129771,0.2686002522068096,0.8160919540229885,1.340943021553536,0.34025714960068315,-0.29877998741191125
oulad_DDD_2013J,OULAD,P_in_leave_one_cohort_out,18,raw,gradient_boosting,1938,0.8502133547105,0.7649867374005305,0.7774987443495731,0.7279291106005907,0.34445446348061315,0.9845360824742269,1.7204967789315164,0.15581108738062852,-0.04105963120635381
oulad_DDD_2013J,OULAD,P_out_other_institutions,44,raw,gradient_boosting,1938,0.5967285973627334,0.6251113089937667,0.4834355828220859,0.7279291106005907,0.2939585211902615,0.8402061855670103,1.4682773558420794,0.30047384462844884,-0.2281097276857374
oulad_DDD_2014B,OULAD,P_in_leave_one_cohort_out,18,raw,gradient_boosting,1228,0.8345560259887225,0.7409326424870466,0.7688751926040062,0.7577137076378352,0.3257676902536716,0.991869918699187,1.6261899334614172,0.1645744682016873,-0.0631104080055731
oulad_DDD_2014B,OULAD,P_out_other_institutions,44,raw,gradient_boosting,1228,0.6396726602763323,0.6208333333333333,0.4625984251968504,0.7577137076378352,0.2910547396528705,0.8861788617886179,1.4529073995679875,0.3110293302554673,-0.2920885755025108
oulad_DDD_2014J,OULAD,P_in_leave_one_cohort_out,18,raw,gradient_boosting,1803,0.8398787579054641,0.7464167585446527,0.7433035714285714,0.718550106609808,0.35212660731948564,0.9861495844875346,1.7586821966676807,0.15881800044269936,-0.030096505947332486
oulad_DDD_2014J,OULAD,P_out_other_institutions,44,raw,gradient_boosting,1803,0.61379934358421,0.6507266760431317,0.4942294636795655,0.718550106609808,0.3056379821958457,0.8559556786703602,1.5264966257593071,0.289872312790633,-0.21702295232128188
oulad_EEE_2013J,OULAD,P_in_leave_one_cohort_out,18,raw,gradient_boosting,1052,0.8715820258203694,0.8605166051660517,0.7476635514018691,0.5926421404682275,0.47404063205417607,1.0,2.3747178329571104,0.13061205066584206,0.012454448272703533
oulad_EEE_2013J,OULAD,P_out_other_institutions,44,raw,gradient_boosting,1052,0.5604847527864574,0.6259168704156479,0.4766248574686431,0.5926421404682275,0.28216704288939054,0.5952380952380952,1.4135225196173276,0.26938486736248796,-0.03159424729529636
oulad_EEE_2014B,OULAD,P_in_leave_one_cohort_out,18,raw,gradient_boosting,694,0.8851208139041966,0.8288288288288288,0.7823240589198036,0.6537342386032978,0.4094955489614243,0.9928057553956835,2.0445317336635145,0.13849233294538887,0.03779525638740994
oulad_EEE_2014B,OULAD,P_out_other_institutions,44,raw,gradient_boosting,694,0.6248202545113002,0.7121729237770194,0.5029469548133595,0.6537342386032978,0.33827893175074186,0.8201438848920863,1.6889609973742075,0.2698438046939345,-0.16483577056386506
oulad_EEE_2014J,OULAD,P_in_leave_one_cohort_out,18,raw,gradient_boosting,1188,0.8843303281351527,0.866225165562914,0.766743648960739,0.5957446808510638,0.47023809523809523,0.9957983193277311,2.347238895558223,0.1263719869509708,0.030333442278626777
oulad_EEE_2014J,OULAD,P_out_other_institutions,44,raw,gradient_boosting,1188,0.5600067878028404,0.5954310980103169,0.46123650637880276,0.5957446808510638,0.29563492063492064,0.6260504201680672,1.4756902761104442,0.2706909511754986,-0.02297821685036422
oulad_FFF_2013B,OULAD,P_in_leave_one_cohort_out,18,raw,gradient_boosting,1614,0.8171586046626008,0.753607103218646,0.6886395511921458,0.6802943581357318,0.375,0.9659442724458205,1.873839009287926,0.17629050216478379,-0.05454247343392821
oulad_FFF_2013B,OULAD,P_out_other_institutions,44,raw,gradient_boosting,1614,0.4570612212276215,0.5579399141630901,0.39589442815249265,0.6802943581357318,0.20673076923076922,0.5325077399380805,1.0330138128125745,0.34013508322805636,-0.1487549710852099
oulad_FFF_2013J,OULAD,P_in_leave_one_cohort_out,18,raw,gradient_boosting,2283,0.8474140184185847,0.7812995245641838,0.7296767874632712,0.6845289541918754,0.382996632996633,0.9956236323851203,1.9133070309219107,0.15995619056350635,-0.04761599854133758
oulad_FFF_2013J,OULAD,P_out_other_institutions,44,raw,gradient_boosting,2283,0.4452769706194364,0.5048380311316786,0.4623115577889447,0.6845289541918754,0.1531986531986532,0.3982494529540481,0.7653228123687642,0.33661750021899106,-0.09577694261490571
oulad_FFF_2014B,OULAD,P_in_leave_one_cohort_out,18,raw,gradient_boosting,1500,0.8398236710260916,0.7413228552717748,0.7318397827562797,0.7212276214833758,0.34988179669030733,0.9866666666666667,1.749408983451537,0.16756146824103252,-0.06142193350786973
oulad_FFF_2014B,OULAD,P_out_other_institutions,44,raw,gradient_boosting,1500,0.5117308651614723,0.5594237695078031,0.4497751124437781,0.7212276214833758,0.2458628841607565,0.6933333333333334,1.2293144208037827,0.33102482876446965,-0.20028113885296023
oulad_FFF_2014J,OULAD,P_in_leave_one_cohort_out,18,raw,gradient_boosting,2365,0.8900023385671328,0.8189102564102564,0.7976723366159355,0.6908386382507611,0.37740384615384615,0.9957716701902748,1.8870192307692306,0.13260703425860856,-0.02801040526730475
oulad_FFF_2014J,OULAD,P_out_other_institutions,44,raw,gradient_boosting,2365,0.45150665415604985,0.4743150684931507,0.48705096073517123,0.6908386382507611,0.15064102564102563,0.3974630021141649,0.7532051282051282,0.3302100078312654,-0.08733038095594042
ku_Accountancy_1819,KU Leuven,P_in_leave_one_cohort_out,5,raw,gradient_boosting,756,0.6448754969658925,0.802065404475043,0.34285714285714286,0.4587155963302752,0.32,0.4768211920529801,1.6021192052980133,0.20569490948676172,0.09209494531065676
ku_Accountancy_1819,KU Leuven,P_out_other_institutions,57,raw,gradient_boosting,756,0.5048713119899562,0.7944760357432982,0.099644128113879,0.4587155963302752,0.18222222222222223,0.271523178807947,0.912317880794702,0.21972096411432096,0.05989172446780189
ku_Globaleconom_1819,KU Leuven,P_in_leave_one_cohort_out,5,raw,gradient_boosting,743,0.5535774751564225,0.6190476190476191,0.44370860927152317,0.6086142322097378,0.24,0.5234899328859061,1.1967785234899329,0.2530354162046969,0.024798267111910355
ku_Globaleconom_1819,KU Leuven,P_out_other_institutions,57,raw,gradient_boosting,743,0.5906256900993744,0.7221735319894829,0.08115942028985507,0.6086142322097378,0.23692307692307693,0.5167785234899329,1.181435209086216,0.2499062340470249,-0.10116000964946537
ku_Accountancy_1920,KU Leuven,P_in_leave_one_cohort_out,5,raw,gradient_boosting,711,0.6328661508633966,0.7939609236234458,0.21621621621621623,0.48723404255319147,0.28820960698689957,0.4647887323943662,1.4430776800541236,0.20924083842800367,0.02689123696448925
ku_Accountancy_1920,KU Leuven,P_out_other_institutions,57,raw,gradient_boosting,711,0.4854726485350341,0.7591911764705882,0.2155688622754491,0.48723404255319147,0.20087336244541484,0.323943661971831,1.005781413371056,0.23365148340392172,0.07693594395724834
ku_Globaleconom_1920,KU Leuven,P_in_leave_one_cohort_out,5,raw,gradient_boosting,681,0.6133763601202264,0.7665024630541872,0.3170028818443804,0.3938679245283019,0.2754491017964072,0.3382352941176471,1.3792708700246568,0.21279188963609444,0.17519019348879464
ku_Globaleconom_1920,KU Leuven,P_out_other_institutions,57,raw,gradient_boosting,681,0.6407593373564154,0.8244972577696527,0.2835820895522388,0.3938679245283019,0.2934131736526946,0.3602941176470588,1.469223318069743,0.1984286450464335,0.14304260685300826
ku_Accountancy_2021,KU Leuven,P_in_leave_one_cohort_out,5,raw,gradient_boosting,725,0.6179877716898291,0.8147527242246437,0.14007782101167315,0.4607218683651805,0.2304147465437788,0.3448275862068966,1.152073732718894,0.21524645556340766,-0.07833543195300255
ku_Accountancy_2021,KU Leuven,P_out_other_institutions,57,raw,gradient_boosting,725,0.6076145723720019,0.8250610252237591,0.027149321266968326,0.4607218683651805,0.29493087557603687,0.4413793103448276,1.4746543778801842,0.20468879677751786,-0.015961264848540158
ku_Globaleconom_2021,KU Leuven,P_in_leave_one_cohort_out,5,raw,gradient_boosting,335,0.6467399058353546,0.6846473029045643,0.19148936170212766,0.6546184738955823,0.27607361963190186,0.6716417910447762,1.3803680981595094,0.28913163840061135,-0.23360343662082372
ku_Globaleconom_2021,KU Leuven,P_out_other_institutions,57,raw,gradient_boosting,335,0.6111606505920959,0.6844262295081968,0.15384615384615385,0.6546184738955823,0.2883435582822086,0.7014925373134329,1.441717791411043,0.26632740868040455,-0.15549907889846948
ukzn_ISTN101_2019,UKZN,P_in_leave_one_cohort_out,15,raw,gradient_boosting,1056,0.6452183885121661,0.9045643153526971,0.0,0.2967741935483871,0.32065217391304346,0.2796208530805687,1.6047805481145683,0.1462957188392051,-0.08477335155615777
ukzn_ISTN101_2019,UKZN,P_out_other_institutions,47,raw,gradient_boosting,1056,0.569443059433586,0.8781284004352558,0.18248175182481752,0.2967741935483871,0.266304347826087,0.23222748815165878,1.3327838450443024,0.20043064072693798,0.24216108031573597
ukzn_ISTN101_2020,UKZN,P_in_leave_one_cohort_out,15,raw,gradient_boosting,978,0.6777091891654401,0.9146067415730337,0.13636363636363635,0.09542356377799414,0.3469387755102041,0.08673469387755102,1.7311536859641816,0.10545605442496814,0.16893978087264036
ukzn_ISTN101_2020,UKZN,P_out_other_institutions,47,raw,gradient_boosting,978,0.6906043364600953,0.30881017257039056,0.10994152046783626,0.09542356377799414,0.3673469387755102,0.09183673469387756,1.8329862557267806,0.3904118125645301,0.576973634045729
ukzn_ISTN101_2021,UKZN,P_in_leave_one_cohort_out,15,raw,gradient_boosting,741,0.7152104696352484,0.9504249291784702,0.0,0.15671641791044774,0.5079365079365079,0.21621621621621623,2.543114543114543,0.07965014399234746,-0.017938436244827674
ukzn_ISTN101_2021,UKZN,P_out_other_institutions,47,raw,gradient_boosting,741,0.6386196563187714,0.9105935386927122,0.2119205298013245,0.15671641791044774,0.31746031746031744,0.13513513513513514,1.5894465894465897,0.19144978708275256,0.33824434331416897
ukzn_ISTN102_2018,UKZN,P_in_leave_one_cohort_out,15,raw,gradient_boosting,257,0.6096716464363523,0.8475336322869955,0.0,0.4184615384615385,0.22058823529411764,0.29411764705882354,1.1115916955017302,0.1928678839099854,-0.05926097154973764
ukzn_ISTN102_2018,UKZN,P_out_other_institutions,47,raw,gradient_boosting,257,0.6055088702147526,0.7580645161290323,0.36619718309859156,0.4184615384615385,0.27941176470588236,0.37254901960784315,1.4080161476355249,0.23391319986429923,0.20746613987153983
ukzn_ISTN103_2019,UKZN,P_in_leave_one_cohort_out,15,raw,gradient_boosting,1113,0.6269311193111932,0.8442367601246106,0.0,0.4246284501061571,0.25333333333333335,0.34080717488789236,1.2643946188340807,0.19716977797177332,-0.09016636404296072
ukzn_ISTN103_2019,UKZN,P_out_other_institutions,47,raw,gradient_boosting,1113,0.5898749487494875,0.7664670658682635,0.29856115107913667,0.4246284501061571,0.24666666666666667,0.33183856502242154,1.231121076233184,0.2299651785640379,0.1914813699506241
ukzn_ISTN103_2020,UKZN,P_in_leave_one_cohort_out,15,raw,gradient_boosting,1082,0.6662290364641876,0.9437652811735942,0.03361344537815126,0.19214703425229743,0.33043478260869563,0.17592592592592593,1.6552334943639293,0.11764602907905723,0.1439472278342372
ukzn_ISTN103_2020,UKZN,P_out_other_institutions,47,raw,gradient_boosting,1082,0.6448451058855267,0.8334274421230943,0.24936386768447838,0.19214703425229743,0.3739130434782609,0.19907407407407407,1.8730273752012883,0.21308245272568413,0.3454633943295316
ukzn_ISTN211_2019,UKZN,P_in_leave_one_cohort_out,15,raw,gradient_boosting,280,0.7827182899778181,0.9648798521256932,0.0,0.12709030100334448,0.5789473684210527,0.19642857142857142,2.8947368421052633,0.062035017501211535,0.04620861704235728
ukzn_ISTN211_2019,UKZN,P_out_other_institutions,47,raw,gradient_boosting,280,0.5405323653962493,0.7004830917874396,0.1506849315068493,0.12709030100334448,0.15789473684210525,0.05357142857142857,0.7894736842105263,0.2579887683398239,0.4324755463770934
ukzn_ISTN211_2021,UKZN,P_in_leave_one_cohort_out,15,raw,gradient_boosting,327,0.7405123339658444,0.8566308243727598,0.16666666666666666,0.09883720930232558,0.47058823529411764,0.12307692307692308,2.367420814479638,0.11546969356115282,0.20400780753996323
ukzn_ISTN211_2021,UKZN,P_out_other_institutions,47,raw,gradient_boosting,327,0.6862428842504744,0.8171641791044776,0.1694915254237288,0.09883720930232558,0.47058823529411764,0.12307692307692308,2.367420814479638,0.2830575679282068,0.4554383548545339
ukzn_ISTN212_2018,UKZN,P_in_leave_one_cohort_out,15,raw,gradient_boosting,238,0.6572750702905342,0.8997668997668997,0.0851063829787234,0.3120567375886525,0.3181818181818182,0.2916666666666667,1.5776515151515151,0.14476420841896043,0.05079589847902352
ukzn_ISTN212_2018,UKZN,P_out_other_institutions,47,raw,gradient_boosting,238,0.6363050609184631,0.7823691460055097,0.3008849557522124,0.3120567375886525,0.3409090909090909,0.3125,1.690340909090909,0.22915982548469171,0.29346570631191826
ukzn_ISTN212_2019,UKZN,P_in_leave_one_cohort_out,15,raw,gradient_boosting,264,0.7372908622908624,0.9135802469135802,0.0,0.2745098039215686,0.3333333333333333,0.2641509433962264,1.6603773584905661,0.12339662679587675,0.026190636920836924
ukzn_ISTN212_2019,UKZN,P_out_other_institutions,47,raw,gradient_boosting,264,0.6853818103818105,0.8948545861297539,0.41975308641975306,0.2745098039215686,0.4523809523809524,0.3584905660377358,2.2533692722371965,0.2067187335710885,0.28984590340406535
ukzn_ISTN2IP_2018,UKZN,P_in_leave_one_cohort_out,15,raw,gradient_boosting,99,0.7267567567567569,0.8488372093023255,0.0,0.40322580645161293,0.28,0.35,1.386,0.1723764009034116,-0.036583597192498596
ukzn_ISTN2IP_2018,UKZN,P_out_other_institutions,47,raw,gradient_boosting,99,0.6083783783783784,0.7692307692307693,0.4,0.40322580645161293,0.32,0.4,1.584,0.2348076442416172,0.22732272008276555
ukzn_ISTN2IP_2019,UKZN,P_in_leave_one_cohort_out,15,raw,gradient_boosting,116,0.6450892857142857,0.8669950738916257,0.06896551724137931,0.3888888888888889,0.39285714285714285,0.4782608695652174,1.9813664596273293,0.17987414994005352,-0.07736404595428142
ukzn_ISTN2IP_2019,UKZN,P_out_other_institutions,47,raw,gradient_boosting,116,0.6684253246753247,0.813953488372093,0.4666666666666667,0.3888888888888889,0.35714285714285715,0.43478260869565216,1.8012422360248446,0.22456290521301894,0.24482227173151758
ukzn_ISTN3ND_2018,UKZN,P_in_leave_one_cohort_out,15,raw,gradient_boosting,144,0.5364992942125428,0.7532467532467533,0.0,0.5671641791044776,0.15789473684210525,0.3103448275862069,0.7840290381125228,0.2679565422954501,-0.16649276041627814
ukzn_ISTN3ND_2018,UKZN,P_out_other_institutions,47,raw,gradient_boosting,144,0.5293405928614641,0.5384615384615384,0.45454545454545453,0.5671641791044776,0.21052631578947367,0.41379310344827586,1.045372050816697,0.25342081704707253,0.1171107585327153
ukzn_ISTN3ND_2019,UKZN,P_in_leave_one_cohort_out,15,raw,gradient_boosting,223,0.3154520060944642,0.5416666666666666,0.16455696202531644,0.32958801498127344,0.045454545454545456,0.044444444444444446,0.2252525252525253,0.39382944573801687,0.32216037581070023
ukzn_ISTN3ND_2019,UKZN,P_out_other_institutions,47,raw,gradient_boosting,223,0.5727526663280853,0.8826530612244898,0.14814814814814814,0.32958801498127344,0.22727272727272727,0.2222222222222222,1.1262626262626263,0.20501645454917242,0.22046778193310254
ukzn_ISTN3SA_2018,UKZN,P_in_leave_one_cohort_out,15,raw,gradient_boosting,141,0.6022522522522522,0.8809523809523809,0.0,0.3508771929824561,0.3333333333333333,0.35714285714285715,1.6785714285714286,0.16574556652961178,-0.04811436372868999
ukzn_ISTN3SA_2018,UKZN,P_out_other_institutions,47,raw,gradient_boosting,141,0.7022522522522523,0.864406779661017,0.30434782608695654,0.3508771929824561,0.4666666666666667,0.5,2.35,0.20700202335301357,0.22121944399812352
ukzn_ISTN3SA_2019,UKZN,P_in_leave_one_cohort_out,15,raw,gradient_boosting,195,0.5392941176470588,0.9226519337016574,0.0,0.22727272727272727,0.28,0.1794871794871795,1.4000000000000001,0.1226413094330109,0.02010469880225077
ukzn_ISTN3SA_2019,UKZN,P_out_other_institutions,47,raw,gradient_boosting,195,0.5868235294117647,0.7763157894736842,0.20930232558139536,0.22727272727272727,0.32,0.20512820512820512,1.6,0.2355350381308223,0.3443939428134006
zambia_ICT1110_2020,Zambia,P_in_leave_one_cohort_out,1,raw,gradient_boosting,65,0.454719387755102,0.23529411764705882,0.5063291139240507,0.8596491228070176,0.24489795918367346,0.9230769230769231,1.2244897959183674,0.4272096947389157,-0.2928545983157368
zambia_ICT1110_2020,Zambia,P_out_other_institutions,61,raw,gradient_boosting,65,0.48788265306122447,0.34782608695652173,0.26229508196721313,0.8596491228070176,0.1836734693877551,0.6923076923076923,0.9183673469387755,0.3812114268265295,-0.3703365167029195
zambia_ICT1110_2021,Zambia,P_in_leave_one_cohort_out,1,raw,gradient_boosting,52,0.6343749999999999,0.3870967741935484,0.7397260273972602,0.761904761904762,0.25,0.8,1.3,0.28972508402228087,0.15471475070206575
zambia_ICT1110_2021,Zambia,P_out_other_institutions,61,raw,gradient_boosting,52,0.5046875,0.5428571428571428,0.058823529411764705,0.761904761904762,0.21875,0.7,1.1375,0.36053167789804014,-0.316648801137001
oviedo_C1112_1415,Oviedo,P_in_leave_one_cohort_out,19,raw,gradient_boosting,199,0.6635632885632886,0.6617100371747212,0.29457364341085274,0.7035830618892508,0.2777777777777778,0.75,1.3819444444444444,0.2633034598609393,-0.1839566992399857
oviedo_C1112_1415,Oviedo,P_out_other_institutions,43,raw,gradient_boosting,199,0.6986161986161986,0.6546762589928058,0.2,0.7035830618892508,0.3148148148148148,0.85,1.5662037037037035,0.3057729315048626,-0.2933624810768825
oviedo_C1127_1415,Oviedo,P_in_leave_one_cohort_out,19,raw,gradient_boosting,106,0.5625717566016074,0.7852760736196319,0.2857142857142857,0.5379310344827586,0.2564102564102564,0.47619047619047616,1.2942612942612943,0.2271655323546137,0.03271257648256193
oviedo_C1127_1415,Oviedo,P_out_other_institutions,43,raw,gradient_boosting,106,0.5455415231534635,0.7951807228915663,0.2608695652173913,0.5379310344827586,0.28205128205128205,0.5238095238095238,1.423687423687424,0.23220338402666987,-0.0716872037256503
oviedo_C1200_1415,Oviedo,P_in_leave_one_cohort_out,19,raw,gradient_boosting,107,0.5686773255813954,0.5396825396825397,0.3409090909090909,0.7485380116959064,0.203125,0.6190476190476191,1.0349702380952381,0.30180285462394885,-0.21981429820030934
oviedo_C1200_1415,Oviedo,P_out_other_institutions,43,raw,gradient_boosting,107,0.6444404069767442,0.576,0.4044943820224719,0.7485380116959064,0.21875,0.6666666666666666,1.1145833333333333,0.3027708575714147,-0.2515303924278867
oviedo_C1303_1415,Oviedo,P_in_leave_one_cohort_out,19,raw,gradient_boosting,112,0.5646258503401361,0.5354330708661418,0.3917525773195876,0.7692307692307693,0.21428571428571427,0.6818181818181818,1.0909090909090908,0.2715038135307809,-0.19755610373214993
oviedo_C1303_1415,Oviedo,P_out_other_institutions,43,raw,gradient_boosting,112,0.6181972789115646,0.5562913907284768,0.0821917808219178,0.7692307692307693,0.21428571428571427,0.6818181818181818,1.0909090909090908,0.2990939578736724,-0.27248109450292535
oviedo_C174_1415,Oviedo,P_in_leave_one_cohort_out,19,raw,gradient_boosting,96,0.8335511982570806,0.7476635514018691,0.6823529411764706,0.6382978723404256,0.3333333333333333,0.7894736842105263,1.6842105263157896,0.18525665455489793,-0.016403293011097164
oviedo_C174_1415,Oviedo,P_out_other_institutions,43,raw,gradient_boosting,96,0.9503267973856209,0.816,0.6567164179104478,0.6382978723404256,0.4222222222222222,1.0,2.1333333333333333,0.13243622986439138,-0.07693766021451048
oviedo_C190_1415,Oviedo,P_in_leave_one_cohort_out,19,raw,gradient_boosting,112,0.4654451944712311,0.5935483870967742,0.08695652173913043,0.7052023121387282,0.14754098360655737,0.4090909090909091,0.7511177347242922,0.29345417419337305,-0.17152933068278853
oviedo_C190_1415,Oviedo,P_out_other_institutions,43,raw,gradient_boosting,112,0.5154291224686596,0.6211180124223602,0.031746031746031744,0.7052023121387282,0.18032786885245902,0.5,0.918032786885246,0.35927702141982987,-0.3085661231384126
oviedo_C1978_1415,Oviedo,P_in_leave_one_cohort_out,19,raw,gradient_boosting,164,0.630526897568165,0.8145161290322581,0.425,0.43809523809523815,0.3695652173913043,0.5151515151515151,1.8366271409749668,0.21358282745515073,0.15466418203370957
oviedo_C1978_1415,Oviedo,P_out_other_institutions,43,raw,gradient_boosting,164,0.6563190862196021,0.8352490421455939,0.3582089552238806,0.43809523809523815,0.32608695652173914,0.45454545454545453,1.6205533596837942,0.20604921962642164,0.10106302709849013
oviedo_C2011_1415,Oviedo,P_in_leave_one_cohort_out,19,raw,gradient_boosting,120,0.6395253682487725,0.7701149425287356,0.3939393939393939,0.3561643835616438,0.4230769230769231,0.4583333333333333,2.1153846153846154,0.2209064156757435,0.2410635948571881
oviedo_C2011_1415,Oviedo,P_out_other_institutions,43,raw,gradient_boosting,120,0.70949263502455,0.8359788359788359,0.39215686274509803,0.3561643835616438,0.38461538461538464,0.4166666666666667,1.9230769230769231,0.20547431066624106,0.2103670023181336
oviedo_C2024_1415,Oviedo,P_in_leave_one_cohort_out,19,raw,gradient_boosting,327,0.5453146853146853,0.7310924369747899,0.2808988764044944,0.27440633245382584,0.2692307692307692,0.2153846153846154,1.3544378698224853,0.2423568237067114,0.3262854838010043
oviedo_C2024_1415,Oviedo,P_out_other_institutions,43,raw,gradient_boosting,327,0.55493006993007,0.9093959731543624,0.06896551724137931,0.27440633245382584,0.3076923076923077,0.24615384615384617,1.5479289940828402,0.15412726681179226,0.11778734849456171
oviedo_C2150_1415,Oviedo,P_in_leave_one_cohort_out,19,raw,gradient_boosting,106,0.6035647279549718,0.7607361963190185,0.20408163265306123,0.5578231292517007,0.21951219512195122,0.42857142857142855,1.1080139372822297,0.2314344031926885,-0.04536933708961155
oviedo_C2150_1415,Oviedo,P_out_other_institutions,43,raw,gradient_boosting,106,0.5786116322701689,0.7692307692307693,0.09302325581395349,0.5578231292517007,0.17073170731707318,0.3333333333333333,0.8617886178861788,0.26983213672387163,-0.17856890898776961
oviedo_C2271_1415,Oviedo,P_in_leave_one_cohort_out,19,raw,gradient_boosting,596,0.5636056749765089,0.6883963494132985,0.4376470588235294,0.5860023724792408,0.242914979757085,0.5042016806722689,1.216616201136325,0.24088564346223354,0.03226357907069444
oviedo_C2271_1415,Oviedo,P_out_other_institutions,43,raw,gradient_boosting,596,0.5729208960245002,0.737417943107221,0.1366906474820144,0.5860023724792408,0.26720647773279355,0.5546218487394958,1.3382778212499575,0.24567666030358423,-0.07322860110539925
oviedo_C2335_1415,Oviedo,P_in_leave_one_cohort_out,19,raw,gradient_boosting,428,0.4653298350824588,0.35777126099706746,0.574757281553398,0.807799442896936,0.19655172413793104,0.6627906976744186,0.978187650360866,0.25549781932989385,-0.14898273821196895
oviedo_C2335_1415,Oviedo,P_out_other_institutions,43,raw,gradient_boosting,428,0.4702148925537232,0.28688524590163933,0.7156862745098039,0.807799442896936,0.17586206896551723,0.5930232558139535,0.8752205292702486,0.29004379647569767,0.11721261866869837
oviedo_C2406_1415,Oviedo,P_in_leave_one_cohort_out,19,raw,gradient_boosting,133,0.5550602409638554,0.5384615384615384,0.34545454545454546,0.7685185185185186,0.2289156626506024,0.7037037037037037,1.1276215975011155,0.29490791527897126,-0.24325960935597918
oviedo_C2406_1415,Oviedo,P_out_other_institutions,43,raw,gradient_boosting,133,0.6809638554216868,0.5586592178770949,0.09195402298850575,0.7685185185185186,0.2891566265060241,0.8888888888888888,1.4243641231593038,0.3912166295920076,-0.4154081434842509
oviedo_C2468_1415,Oviedo,P_in_leave_one_cohort_out,19,raw,gradient_boosting,82,0.6475312314098751,0.7169811320754716,0.4827586206896552,0.6666666666666666,0.3170731707317073,0.8125,1.625,0.24235537715164102,-0.11530681539088367
oviedo_C2468_1415,Oviedo,P_out_other_institutions,43,raw,gradient_boosting,82,0.6555621653777514,0.7130434782608696,0.32653061224489793,0.6666666666666666,0.2682926829268293,0.6875,1.375,0.2568808926245005,-0.18582801975825763
oviedo_C2607_1415,Oviedo,P_in_leave_one_cohort_out,19,raw,gradient_boosting,277,0.47925060435132955,0.34893617021276596,0.5203761755485894,0.8482328482328483,0.18137254901960784,0.6727272727272727,0.913458110516934,0.2679120067462855,-0.25534054052221766
oviedo_C2607_1415,Oviedo,P_out_other_institutions,43,raw,gradient_boosting,277,0.49053182917002414,0.2545454545454545,0.6838046272493573,0.8482328482328483,0.19117647058823528,0.7090909090909091,0.9628342245989304,0.28962818094919646,-0.009267155457829745
oviedo_C3022_1415,Oviedo,P_in_leave_one_cohort_out,19,raw,gradient_boosting,238,0.5397058823529413,0.22,0.43478260869565216,0.4444444444444445,0.23529411764705882,0.3333333333333333,1.1666666666666667,0.3311264209947195,0.3486412503057881
oviedo_C3022_1415,Oviedo,P_out_other_institutions,43,raw,gradient_boosting,238,0.5248269896193772,0.6258503401360545,0.3956043956043956,0.4444444444444445,0.25,0.3541666666666667,1.2395833333333335,0.3941802655372226,0.34022801839068084
oviedo_C3029_1415,Oviedo,P_in_leave_one_cohort_out,19,raw,gradient_boosting,231,0.4627334465195246,0.4358974358974359,0.42105263157894735,0.49511400651465803,0.19736842105263158,0.32608695652173914,0.9911327231121281,0.3064980117278889,0.23509987622523937
oviedo_C3029_1415,Oviedo,P_out_other_institutions,43,raw,gradient_boosting,231,0.46141765704584037,0.6387096774193548,0.2631578947368421,0.49511400651465803,0.11842105263157894,0.1956521739130435,0.5946796338672768,0.352218472502417,0.17704092732981586
oviedo_C4189_1415,Oviedo,P_in_leave_one_cohort_out,19,raw,gradient_boosting,128,0.5134803921568627,0.028169014084507043,0.6270270270270271,0.6382978723404256,0.26666666666666666,0.6153846153846154,1.3128205128205128,0.27887267202697563,0.16869745974909933
oviedo_C4189_1415,Oviedo,P_out_other_institutions,43,raw,gradient_boosting,128,0.5148284313725491,0.0,0.6382978723404256,0.6382978723404256,0.23333333333333334,0.5384615384615384,1.1487179487179486,0.46929641896863045,0.46953527382886895
oviedo_C4213_1415,Oviedo,P_in_leave_one_cohort_out,19,raw,gradient_boosting,140,0.6428123038292529,0.7227722772277227,0.28205128205128205,0.592964824120603,0.2711864406779661,0.5714285714285714,1.3559322033898304,0.2395832555229334,-0.10095092580533094
oviedo_C4213_1415,Oviedo,P_out_other_institutions,43,raw,gradient_boosting,140,0.6379995815024064,0.7407407407407407,0.125,0.592964824120603,0.3220338983050847,0.6785714285714286,1.6101694915254239,0.25741573890326547,-0.1774419603592256
oviedo_C836_1415,Oviedo,P_in_leave_one_cohort_out,19,raw,gradient_boosting,87,0.5502114164904862,0.672566371681416,0.39344262295081966,0.6717557251908397,0.2727272727272727,0.7058823529411765,1.3957219251336899,0.2587319347802754,-0.09031787686207454
oviedo_C836_1415,Oviedo,P_out_other_institutions,43,raw,gradient_boosting,87,0.553646934460888,0.6610169491525424,0.2857142857142857,0.6717557251908397,0.2727272727272727,0.7058823529411765,1.3957219251336899,0.2643768522344953,-0.11600815919257917
oulad_AAA_2013J,OULAD,P_in_leave_one_cohort_out,18,raw,logistic_regression,383,0.7414868105515587,0.833922261484099,0.53,0.430327868852459,0.41904761904761906,0.5714285714285714,2.0843537414965985,0.18109941875771668,0.12855618443478983
oulad_AAA_2013J,OULAD,P_out_other_institutions,44,raw,logistic_regression,383,0.7369304556354916,0.8500772797527048,0.18487394957983194,0.430327868852459,0.42857142857142855,0.5844155844155844,2.131725417439703,0.17326194485590138,-0.0456779762110234
oulad_AAA_2014J,OULAD,P_in_leave_one_cohort_out,18,raw,logistic_regression,365,0.7435770750988142,0.781563126252505,0.5281385281385281,0.469601677148847,0.4107142857142857,0.6301369863013698,2.0535714285714284,0.19283936891109044,0.1306626025549889
oulad_AAA_2014J,OULAD,P_out_other_institutions,44,raw,logistic_regression,365,0.7137916431394693,0.8361204013377926,0.25757575757575757,0.469601677148847,0.35714285714285715,0.547945205479452,1.7857142857142856,0.19101607925277078,-0.0708870047607082
oulad_BBB_2013B,OULAD,P_in_leave_one_cohort_out,18,raw,logistic_regression,1767,0.8260297225652766,0.7251184834123223,0.7486457204767064,0.7059685097034054,0.3620331950207469,0.9886685552407932,1.8122171546789227,0.1658343063073797,0.02753486494611479
oulad_BBB_2013B,OULAD,P_out_other_institutions,44,raw,logistic_regression,1767,0.7857593154302073,0.7060981201283815,0.5262379896526238,0.7059685097034054,0.33402489626556015,0.9121813031161473,1.6720169736579171,0.23969247845174954,-0.18657565677650928
oulad_BBB_2013J,OULAD,P_in_leave_one_cohort_out,18,raw,logistic_regression,2237,0.8437331849337005,0.69587366276108,0.7622461170848268,0.684891240446796,0.3776824034334764,0.9843400447427293,1.8901018713214468,0.17540325320028427,0.11690682598461377
oulad_BBB_2013J,OULAD,P_out_other_institutions,44,raw,logistic_regression,2237,0.7913078117993722,0.7534646243617797,0.6096997690531177,0.684891240446796,0.3579399141630901,0.9328859060402684,1.7913010916841894,0.2218006822778961,-0.14741981219726208
oulad_BBB_2014B,OULAD,P_in_leave_one_cohort_out,18,raw,logistic_regression,1613,0.8503412397030377,0.6874524714828897,0.7849293563579278,0.7090836334533814,0.36455981941309257,1.0,1.8205417607223477,0.16960955343031628,0.11499428058778416
oulad_BBB_2014B,OULAD,P_out_other_institutions,44,raw,logistic_regression,1613,0.7888528881174685,0.7243852459016393,0.5777080062794349,0.7090836334533814,0.3442437923250564,0.9442724458204335,1.7190874211155296,0.2379552044514449,-0.1842372738412375
oulad_BBB_2014J,OULAD,P_in_leave_one_cohort_out,18,raw,logistic_regression,2292,0.8523311860380116,0.6687116564417178,0.7534246575342466,0.6643356643356644,0.39824561403508774,0.9912663755458515,1.9929671339921855,0.1852247742763428,0.16438320158962505
oulad_BBB_2014J,OULAD,P_out_other_institutions,44,raw,logistic_regression,2292,0.8232962506091618,0.7815299793246038,0.6230677764565993,0.6643356643356644,0.39649122807017545,0.9868995633187773,1.9841875430935416,0.20668157302062048,-0.14468351819181846
oulad_CCC_2014B,OULAD,P_in_leave_one_cohort_out,18,raw,logistic_regression,1936,0.8736218881775926,0.7212698412698413,0.8088811493252068,0.7933935805546899,0.3040062843676355,1.0,1.5208169677926158,0.14140256367867496,-0.045332321521359575
oulad_CCC_2014B,OULAD,P_out_other_institutions,44,raw,logistic_regression,1936,0.8344571498307463,0.582089552238806,0.4027603513174404,0.7933935805546899,0.3040062843676355,1.0,1.5208169677926158,0.33787012569371216,-0.4157414746562781
oulad_CCC_2014J,OULAD,P_in_leave_one_cohort_out,18,raw,logistic_regression,2498,0.8448438626270142,0.7614607614607615,0.7464905037159373,0.7450389349409695,0.3351314902225219,0.994,1.6743169251517196,0.16198576630342446,-0.09206705319230124
oulad_CCC_2014J,OULAD,P_out_other_institutions,44,raw,logistic_regression,2498,0.8246345279339908,0.6370510396975425,0.3677277716794731,0.7450389349409695,0.33243425488873907,0.986,1.6608415374241403,0.32455511144873656,-0.3831952169005081
oulad_DDD_2013B,OULAD,P_in_leave_one_cohort_out,18,raw,logistic_regression,1303,0.8186633039092055,0.7110778443113772,0.6960629921259842,0.7566793893129771,0.3291298865069357,1.0,1.6431273644388398,0.18318908428569874,-0.11533471980991539
oulad_DDD_2013B,OULAD,P_out_other_institutions,44,raw,logistic_regression,1303,0.7875454343149617,0.609946075494308,0.3052294557097118,0.7566793893129771,0.3240857503152585,0.9846743295019157,1.6179453358650644,0.31636272040466007,-0.3570125127860366
oulad_DDD_2013J,OULAD,P_in_leave_one_cohort_out,18,raw,logistic_regression,1938,0.8488896091959525,0.7676348547717843,0.7700205338809035,0.7279291106005907,0.3435527502254283,0.9819587628865979,1.715992860662062,0.15713516480222026,-0.04098937147158199
oulad_DDD_2013J,OULAD,P_out_other_institutions,44,raw,logistic_regression,1938,0.8169799458536964,0.6650485436893204,0.41025641025641024,0.7279291106005907,0.3408476104598738,0.9742268041237113,1.7024811058536993,0.2681421547033362,-0.2908879994400878
oulad_DDD_2014B,OULAD,P_in_leave_one_cohort_out,18,raw,logistic_regression,1228,0.8375704836790041,0.7228714524207012,0.7360890302066773,0.7577137076378352,0.3257676902536716,0.991869918699187,1.6261899334614172,0.16651804733133488,-0.07501020022182592
oulad_DDD_2014B,OULAD,P_out_other_institutions,44,raw,logistic_regression,1228,0.801739828469971,0.621903520208605,0.37093275488069416,0.7577137076378352,0.3257676902536716,0.991869918699187,1.6261899334614172,0.2941169461521453,-0.33139501032630936
oulad_DDD_2014J,OULAD,P_in_leave_one_cohort_out,18,raw,logistic_regression,1803,0.8415847395817722,0.7514698022447889,0.7319884726224783,0.718550106609808,0.35212660731948564,0.9861495844875346,1.7586821966676807,0.16112367174434067,-0.04044907422650057
oulad_DDD_2014J,OULAD,P_out_other_institutions,44,raw,logistic_regression,1803,0.8003414461129594,0.6777147841255996,0.43716679360243715,0.718550106609808,0.3363006923837784,0.9418282548476454,1.6796403001882343,0.2673190275381359,-0.2779717924154765
oulad_EEE_2013J,OULAD,P_in_leave_one_cohort_out,18,raw,logistic_regression,1052,0.8718470497095857,0.8623452294246177,0.7414500683994528,0.5926421404682275,0.47404063205417607,1.0,2.3747178329571104,0.1329739023527326,0.026022279042111796
oulad_EEE_2013J,OULAD,P_out_other_institutions,44,raw,logistic_regression,1052,0.8173596207378414,0.7963085036255768,0.4735945485519591,0.5926421404682275,0.4401805869074492,0.9285714285714286,2.205095130603031,0.21489866713896794,-0.19435952195846212
oulad_EEE_2014B,OULAD,P_in_leave_one_cohort_out,18,raw,logistic_regression,694,0.8796266280993109,0.8385481852315394,0.7809847198641766,0.6537342386032978,0.4124629080118694,1.0,2.059347181008902,0.139071500743109,0.03081962120643117
oulad_EEE_2014B,OULAD,P_out_other_institutions,44,raw,logistic_regression,694,0.824959063744192,0.7453027139874739,0.4325581395348837,0.6537342386032978,0.4035608308605341,0.9784172661870504,2.0149008389727388,0.24575261674737334,-0.25252423150411885
oulad_EEE_2014J,OULAD,P_in_leave_one_cohort_out,18,raw,logistic_regression,1188,0.8847306344565115,0.8697916666666666,0.7619047619047619,0.5957446808510638,0.47023809523809523,0.9957983193277311,2.347238895558223,0.12817428964272415,0.03627764255508015
oulad_EEE_2014J,OULAD,P_out_other_institutions,44,raw,logistic_regression,1188,0.8471946649029981,0.8014101057579318,0.49851632047477745,0.5957446808510638,0.45436507936507936,0.9621848739495799,2.2680072028811527,0.20356428769616278,-0.1891691252382537
oulad_FFF_2013B,OULAD,P_in_leave_one_cohort_out,18,raw,logistic_regression,1614,0.8177411223686799,0.760548523206751,0.6591591591591591,0.6802943581357318,0.36778846153846156,0.9473684210526315,1.8378036437246965,0.18000323472924196,-0.0675127701451026
oulad_FFF_2013B,OULAD,P_out_other_institutions,44,raw,logistic_regression,1614,0.7861591333857957,0.6942959001782532,0.30284552845528456,0.6802943581357318,0.35336538461538464,0.9102167182662538,1.7657329125982377,0.2977572430114508,-0.32088326027752734
oulad_FFF_2013J,OULAD,P_in_leave_one_cohort_out,18,raw,logistic_regression,2283,0.8461483172670388,0.7780392156862745,0.7192460317460317,0.6845289541918754,0.38215488215488214,0.9934354485776805,1.90910196052428,0.15979154335023366,-0.04217685384078823
oulad_FFF_2013J,OULAD,P_out_other_institutions,44,raw,logistic_regression,2283,0.8230551327583291,0.71014020215194,0.4069379586390927,0.6845289541918754,0.36952861952861954,0.9606126914660832,1.8460259045598215,0.2707691985982814,-0.30059395190535587
oulad_FFF_2014B,OULAD,P_in_leave_one_cohort_out,18,raw,logistic_regression,1500,0.8414485146868516,0.7449238578680203,0.7176966292134831,0.7212276214833758,0.34988179669030733,0.9866666666666667,1.749408983451537,0.16973611765533078,-0.0694406649549204
oulad_FFF_2014B,OULAD,P_out_other_institutions,44,raw,logistic_regression,1500,0.8156968211623686,0.6653061224489796,0.36923076923076925,0.7212276214833758,0.3404255319148936,0.96,1.702127659574468,0.29675106807636803,-0.33812529964787275
oulad_FFF_2014J,OULAD,P_in_leave_one_cohort_out,18,raw,logistic_regression,2365,0.888309029451599,0.8199841395717684,0.7943840579710145,0.6908386382507611,0.3766025641025641,0.9936575052854123,1.8830128205128205,0.13466023455577505,-0.020588014093818052
oulad_FFF_2014J,OULAD,P_out_other_institutions,44,raw,logistic_regression,2365,0.8586192697931732,0.7249022164276402,0.49217809867629364,0.6908386382507611,0.3733974358974359,0.985200845665962,1.8669871794871795,0.25311984753910644,-0.2944539035490371
ku_Accountancy_1819,KU Leuven,P_in_leave_one_cohort_out,5,raw,logistic_regression,756,0.6381669805398619,0.8110300081103001,0.16487455197132617,0.4587155963302752,0.28,0.41721854304635764,1.4018543046357617,0.20493662041497854,0.07092262692998641
ku_Accountancy_1819,KU Leuven,P_out_other_institutions,57,raw,logistic_regression,756,0.607574806444863,0.8093699515347335,0.1386861313868613,0.4587155963302752,0.27555555555555555,0.4105960264900662,1.3796026490066224,0.2090507293811451,-0.01814486657118175
ku_Globaleconom_1819,KU Leuven,P_in_leave_one_cohort_out,5,raw,logistic_regression,743,0.5864004416635995,0.70521327014218,0.27842227378190254,0.6086142322097378,0.24923076923076923,0.5436241610738255,1.2428084667010841,0.24018291107716155,-0.025875966858783073
ku_Globaleconom_1819,KU Leuven,P_out_other_institutions,57,raw,logistic_regression,743,0.5834486566065513,0.7208672086720868,0.18469656992084432,0.6086142322097378,0.24307692307692308,0.5302013422818792,1.21212183789365,0.2548109355389712,-0.11129238301048716
ku_Accountancy_1920,KU Leuven,P_in_leave_one_cohort_out,5,raw,logistic_regression,711,0.6517965536610557,0.8084033613445378,0.017241379310344827,0.48723404255319147,0.30131004366812225,0.4859154929577465,1.508672120056584,0.20824634605177192,0.016219664217717422
ku_Accountancy_1920,KU Leuven,P_out_other_institutions,57,raw,logistic_regression,711,0.6426642990450996,0.8085836909871245,0.13229571984435798,0.48723404255319147,0.314410480349345,0.5070422535211268,1.574266560059044,0.21546745874597356,-0.06436006150059287
ku_Globaleconom_1920,KU Leuven,P_in_leave_one_cohort_out,5,raw,logistic_regression,681,0.6566613854004053,0.8213283442469598,0.34812286689419797,0.3938679245283019,0.33532934131736525,0.4117647058823529,1.6791123635082776,0.1960614430395472,0.144147641098377
ku_Globaleconom_1920,KU Leuven,P_out_other_institutions,57,raw,logistic_regression,681,0.661705771336704,0.8536796536796537,0.18357487922705315,0.3938679245283019,0.3473053892215569,0.4264705882352941,1.7390806622050017,0.17952304358173182,0.058482707878071444
ku_Accountancy_2021,KU Leuven,P_in_leave_one_cohort_out,5,raw,logistic_regression,725,0.6453653978736529,0.8217573221757322,0.16470588235294117,0.4607218683651805,0.30414746543778803,0.45517241379310347,1.5207373271889402,0.1984483730681871,-0.013985717465823277
ku_Accountancy_2021,KU Leuven,P_out_other_institutions,57,raw,logistic_regression,725,0.6394508146159149,0.8192968111201963,0.02643171806167401,0.4607218683651805,0.31336405529953915,0.4689655172413793,1.5668202764976957,0.21417946345598723,-0.1048940475903212
ku_Globaleconom_2021,KU Leuven,P_in_leave_one_cohort_out,5,raw,logistic_regression,335,0.6624696818376372,0.6733870967741935,0.06896551724137931,0.6546184738955823,0.2883435582822086,0.7014925373134329,1.441717791411043,0.2846962858934873,-0.2334904654192515
ku_Globaleconom_2021,KU Leuven,P_out_other_institutions,57,raw,logistic_regression,335,0.6271936082180054,0.6746987951807228,0.05813953488372093,0.6546184738955823,0.3067484662576687,0.746268656716418,1.5337423312883438,0.28551139513724166,-0.20738610744768282
ukzn_ISTN101_2019,UKZN,P_in_leave_one_cohort_out,15,raw,logistic_regression,1056,0.661254736737136,0.9045643153526971,0.0,0.2967741935483871,0.3858695652173913,0.33649289099526064,1.931176591798887,0.1423264630904234,-0.07540868750687864
ukzn_ISTN101_2019,UKZN,P_out_other_institutions,47,raw,logistic_regression,1056,0.6376396090945353,0.8909287257019438,0.2230769230769231,0.2967741935483871,0.34782608695652173,0.3033175355450237,1.7407788996497013,0.19074991975806332,0.23453027564168233
ukzn_ISTN101_2020,UKZN,P_in_leave_one_cohort_out,15,raw,logistic_regression,978,0.6866940532940841,0.9743051914001049,0.0,0.09542356377799414,0.40816326530612246,0.10204081632653061,2.0366513952519787,0.055619494109332764,0.0833979402866194
ukzn_ISTN101_2020,UKZN,P_out_other_institutions,47,raw,logistic_regression,978,0.7422727971705366,0.5624036979969184,0.13677811550151975,0.09542356377799414,0.5102040816326531,0.12755102040816327,2.545814244064973,0.32061025571717666,0.5152897614969529
ukzn_ISTN101_2021,UKZN,P_in_leave_one_cohort_out,15,raw,logistic_regression,741,0.8341410310436859,0.9556025369978859,0.0,0.15671641791044774,0.6031746031746031,0.25675675675675674,3.01994851994852,0.0717739346553198,-0.04845515695198109
ukzn_ISTN101_2021,UKZN,P_out_other_institutions,47,raw,logistic_regression,741,0.8000772580418598,0.9412628487518355,0.3333333333333333,0.15671641791044774,0.5555555555555556,0.23648648648648649,2.7815315315315314,0.16519905746033192,0.30713232387759404
ukzn_ISTN102_2018,UKZN,P_in_leave_one_cohort_out,15,raw,logistic_regression,257,0.6622315592903828,0.8475336322869955,0.0,0.4184615384615385,0.3235294117647059,0.43137254901960786,1.630334486735871,0.18850234371965566,-0.06085854383701103
ukzn_ISTN102_2018,UKZN,P_out_other_institutions,47,raw,logistic_regression,257,0.6595082477435419,0.7650273224043715,0.4189189189189189,0.4184615384615385,0.27941176470588236,0.37254901960784315,1.4080161476355249,0.23550249787066477,0.22139546392552706
ukzn_ISTN103_2019,UKZN,P_in_leave_one_cohort_out,15,raw,logistic_regression,1113,0.641709717097171,0.8442367601246106,0.0,0.4246284501061571,0.27666666666666667,0.3721973094170404,1.38085201793722,0.19684266965916017,-0.09181971078091211
ukzn_ISTN103_2019,UKZN,P_out_other_institutions,47,raw,logistic_regression,1113,0.6382451824518246,0.7675411836485662,0.35093696763202725,0.4246284501061571,0.2633333333333333,0.3542600896860987,1.3143049327354261,0.23345534546098337,0.20532623381856246
ukzn_ISTN103_2020,UKZN,P_in_leave_one_cohort_out,15,raw,logistic_regression,1082,0.6936288835933636,0.9438750610053684,0.0,0.19214703425229743,0.3739130434782609,0.19907407407407407,1.8730273752012883,0.10987093479706496,0.13273284597177892
ukzn_ISTN103_2020,UKZN,P_out_other_institutions,47,raw,logistic_regression,1082,0.6412301605143653,0.7704233750745378,0.20944558521560575,0.19214703425229743,0.28695652173913044,0.1527777777777778,1.4374396135265701,0.24324515109010827,0.3804063668058056
ukzn_ISTN211_2019,UKZN,P_in_leave_one_cohort_out,15,raw,logistic_regression,280,0.7646702964307321,0.9648798521256932,0.0,0.12709030100334448,0.5789473684210527,0.19642857142857142,2.8947368421052633,0.06379451612570268,0.05998815696227215
ukzn_ISTN211_2019,UKZN,P_out_other_institutions,47,raw,logistic_regression,280,0.675741076830006,0.7892376681614349,0.17543859649122806,0.12709030100334448,0.3157894736842105,0.10714285714285714,1.5789473684210527,0.22728333826327604,0.39941068041171196
ukzn_ISTN211_2021,UKZN,P_in_leave_one_cohort_out,15,raw,logistic_regression,327,0.7590132827324478,0.9733124018838305,0.0,0.09883720930232558,0.4117647058823529,0.1076923076923077,2.0714932126696834,0.07779440441996412,0.1631272466791756
ukzn_ISTN211_2021,UKZN,P_out_other_institutions,47,raw,logistic_regression,327,0.7561669829222011,0.8171641791044776,0.1694915254237288,0.09883720930232558,0.47058823529411764,0.12307692307692308,2.367420814479638,0.2974410104389622,0.47252473534480155
ukzn_ISTN212_2018,UKZN,P_in_leave_one_cohort_out,15,raw,logistic_regression,238,0.7356490159325211,0.8981481481481481,0.0,0.3120567375886525,0.38636363636363635,0.3541666666666667,1.915719696969697,0.140391035617211,0.027677031641051036
ukzn_ISTN212_2018,UKZN,P_out_other_institutions,47,raw,logistic_regression,238,0.7410379568884724,0.7771428571428571,0.38095238095238093,0.3120567375886525,0.4318181818181818,0.3958333333333333,2.141098484848485,0.22733848997284078,0.30182618227574787
ukzn_ISTN212_2019,UKZN,P_in_leave_one_cohort_out,15,raw,logistic_regression,264,0.7607250107250108,0.9135802469135802,0.0,0.2745098039215686,0.40476190476190477,0.32075471698113206,2.0161725067385445,0.12283221321245372,0.030556390528272415
ukzn_ISTN212_2019,UKZN,P_out_other_institutions,47,raw,logistic_regression,264,0.7774560274560275,0.8942731277533039,0.35135135135135137,0.2745098039215686,0.42857142857142855,0.33962264150943394,2.1347708894878705,0.20204157272038478,0.2871442361825868
ukzn_ISTN2IP_2018,UKZN,P_in_leave_one_cohort_out,15,raw,logistic_regression,99,0.7389189189189189,0.8554913294797688,0.0,0.40322580645161293,0.32,0.4,1.584,0.17531178928456267,-0.049456945500504
ukzn_ISTN2IP_2018,UKZN,P_out_other_institutions,47,raw,logistic_regression,99,0.7086486486486487,0.7814569536423841,0.2978723404255319,0.40322580645161293,0.28,0.35,1.386,0.22758947188610448,0.2158641467304388
ukzn_ISTN2IP_2019,UKZN,P_in_leave_one_cohort_out,15,raw,logistic_regression,116,0.6972402597402597,0.8627450980392157,0.0,0.3888888888888889,0.39285714285714285,0.4782608695652174,1.9813664596273293,0.17800325489303181,-0.0852690046480557
ukzn_ISTN2IP_2019,UKZN,P_out_other_institutions,47,raw,logistic_regression,116,0.7171266233766235,0.8023255813953488,0.43333333333333335,0.3888888888888889,0.42857142857142855,0.5217391304347826,2.1614906832298133,0.21746889410593215,0.23335924924949028
ukzn_ISTN3ND_2018,UKZN,P_in_leave_one_cohort_out,15,raw,logistic_regression,144,0.5887275660415405,0.7532467532467533,0.0,0.5671641791044776,0.22807017543859648,0.4482758620689655,1.1324863883847551,0.2620333714242652,-0.17504777671643557
ukzn_ISTN3ND_2018,UKZN,P_out_other_institutions,47,raw,logistic_regression,144,0.5786448880822747,0.5625,0.453125,0.5671641791044776,0.2631578947368421,0.5172413793103449,1.3067150635208713,0.2529305326364416,0.12872356627977471
ukzn_ISTN3ND_2019,UKZN,P_in_leave_one_cohort_out,15,raw,logistic_regression,223,0.5777044184865414,0.8793969849246231,0.0,0.32958801498127344,0.1590909090909091,0.15555555555555556,0.7883838383838384,0.16449066057137726,0.009756292419909718
ukzn_ISTN3ND_2019,UKZN,P_out_other_institutions,47,raw,logistic_regression,223,0.7061960385982732,0.8548812664907651,0.1791044776119403,0.32958801498127344,0.3181818181818182,0.3111111111111111,1.5767676767676768,0.20341568395195408,0.22743687365057183
ukzn_ISTN3SA_2018,UKZN,P_in_leave_one_cohort_out,15,raw,logistic_regression,141,0.669069069069069,0.8809523809523809,0.0,0.3508771929824561,0.3333333333333333,0.35714285714285715,1.6785714285714286,0.1613351373718575,-0.044283938055251076
ukzn_ISTN3SA_2018,UKZN,P_out_other_institutions,47,raw,logistic_regression,141,0.7291291291291292,0.8860759493670886,0.4,0.3508771929824561,0.4666666666666667,0.5,2.35,0.20427395910488746,0.21768126354280085
ukzn_ISTN3SA_2019,UKZN,P_in_leave_one_cohort_out,15,raw,logistic_regression,195,0.587764705882353,0.9315068493150684,0.0,0.22727272727272727,0.28,0.1794871794871795,1.4000000000000001,0.11402407410053016,0.022545497005520776
ukzn_ISTN3SA_2019,UKZN,P_out_other_institutions,47,raw,logistic_regression,195,0.5684705882352941,0.7961165048543689,0.2222222222222222,0.22727272727272727,0.32,0.20512820512820512,1.6,0.23122366642109365,0.3362335018848439
zambia_ICT1110_2020,Zambia,P_in_leave_one_cohort_out,1,raw,logistic_regression,65,0.6243622448979592,0.391304347826087,0.6666666666666666,0.8596491228070176,0.24489795918367346,0.9230769230769231,1.2244897959183674,0.25258610759409134,-0.23198799331893094
zambia_ICT1110_2020,Zambia,P_out_other_institutions,61,raw,logistic_regression,65,0.4725765306122449,0.36363636363636365,0.34375,0.8596491228070176,0.1836734693877551,0.6923076923076923,0.9183673469387755,0.3332416607763494,-0.2759195631982705
zambia_ICT1110_2021,Zambia,P_in_leave_one_cohort_out,1,raw,logistic_regression,52,0.6015625,0.0,0.7619047619047619,0.761904761904762,0.25,0.8,1.3,0.2566803234009526,0.16291937992904804
zambia_ICT1110_2021,Zambia,P_out_other_institutions,61,raw,logistic_regression,52,0.45312500000000006,0.5294117647058824,0.1111111111111111,0.761904761904762,0.1875,0.6,0.9749999999999999,0.3161883404433884,-0.22671619142594274
oviedo_C1112_1415,Oviedo,P_in_leave_one_cohort_out,19,raw,logistic_regression,199,0.6902726902726903,0.6453900709219859,0.13793103448275862,0.7035830618892508,0.2777777777777778,0.75,1.3819444444444444,0.25254998328005224,-0.1329374322824241
oviedo_C1112_1415,Oviedo,P_out_other_institutions,43,raw,logistic_regression,199,0.7548840048840049,0.6642335766423357,0.25806451612903225,0.7035830618892508,0.32407407407407407,0.875,1.6122685185185184,0.267693925279041,-0.217995973382269
oviedo_C1127_1415,Oviedo,P_in_leave_one_cohort_out,19,raw,logistic_regression,106,0.5973976272483735,0.7857142857142857,0.18181818181818182,0.5379310344827586,0.3333333333333333,0.6190476190476191,1.6825396825396828,0.22912016825811965,0.059619482163580595
oviedo_C1127_1415,Oviedo,P_out_other_institutions,43,raw,logistic_regression,106,0.5533869115958668,0.8048780487804879,0.3333333333333333,0.5379310344827586,0.3076923076923077,0.5714285714285714,1.5531135531135531,0.21446828001666482,-0.019048329604649417
oviedo_C1200_1415,Oviedo,P_in_leave_one_cohort_out,19,raw,logistic_regression,107,0.6558866279069767,0.589041095890411,0.11764705882352941,0.7485380116959064,0.28125,0.8571428571428571,1.4330357142857144,0.2975438622772548,-0.2660789271484201
oviedo_C1200_1415,Oviedo,P_out_other_institutions,43,raw,logistic_regression,107,0.684593023255814,0.6142857142857143,0.2702702702702703,0.7485380116959064,0.265625,0.8095238095238095,1.353422619047619,0.27513491040672955,-0.23654021452707374
oviedo_C1303_1415,Oviedo,P_in_leave_one_cohort_out,19,raw,logistic_regression,112,0.5535714285714286,0.56,0.10810810810810811,0.7692307692307693,0.18571428571428572,0.5909090909090909,0.9454545454545455,0.26857788342825695,-0.19156203831546748
oviedo_C1303_1415,Oviedo,P_out_other_institutions,43,raw,logistic_regression,112,0.557312925170068,0.56,0.10810810810810811,0.7692307692307693,0.24285714285714285,0.7727272727272727,1.2363636363636363,0.3191189997656481,-0.300094732839971
oviedo_C174_1415,Oviedo,P_in_leave_one_cohort_out,19,raw,logistic_regression,96,0.8601307189542483,0.7899159663865546,0.6575342465753424,0.6382978723404256,0.35555555555555557,0.8421052631578947,1.7964912280701753,0.2091194685683818,-0.018246413151389695
oviedo_C174_1415,Oviedo,P_out_other_institutions,43,raw,logistic_regression,96,0.9237472766884531,0.864406779661017,0.7837837837837838,0.6382978723404256,0.4222222222222222,1.0,2.1333333333333333,0.12462322420787773,-0.032376372108567864
oviedo_C190_1415,Oviedo,P_in_leave_one_cohort_out,19,raw,logistic_regression,112,0.48891031822565084,0.6172839506172839,0.0,0.7052023121387282,0.18032786885245902,0.5,0.918032786885246,0.30507177767184174,-0.2055362999355666
oviedo_C190_1415,Oviedo,P_out_other_institutions,43,raw,logistic_regression,112,0.35390549662487947,0.5620915032679739,0.056338028169014086,0.7052023121387282,0.11475409836065574,0.3181818181818182,0.5842026825633383,0.3219572163620425,-0.18621539961730738
oviedo_C1978_1415,Oviedo,P_in_leave_one_cohort_out,19,raw,logistic_regression,164,0.6750184229918939,0.8262548262548263,0.34782608695652173,0.43809523809523815,0.34782608695652173,0.48484848484848486,1.7285902503293806,0.21909176706039307,0.15711439168730257
oviedo_C1978_1415,Oviedo,P_out_other_institutions,43,raw,logistic_regression,164,0.6335666912306559,0.8366533864541833,0.4675324675324675,0.43809523809523815,0.391304347826087,0.5454545454545454,1.944664031620553,0.21442299403168696,0.16030839154336957
oviedo_C2011_1415,Oviedo,P_in_leave_one_cohort_out,19,raw,logistic_regression,120,0.7520458265139116,0.8677248677248677,0.5098039215686274,0.3561643835616438,0.46153846153846156,0.5,2.3076923076923075,0.20754540835378663,0.23524308205652406
oviedo_C2011_1415,Oviedo,P_out_other_institutions,43,raw,logistic_regression,120,0.7385433715220949,0.8432432432432433,0.4727272727272727,0.3561643835616438,0.46153846153846156,0.5,2.3076923076923075,0.22451262499655242,0.26396085280204695
oviedo_C2024_1415,Oviedo,P_in_leave_one_cohort_out,19,raw,logistic_regression,327,0.5809090909090909,0.7645875251509054,0.25477707006369427,0.27440633245382584,0.28846153846153844,0.23076923076923078,1.4511834319526629,0.23578446029353764,0.3212957691936591
oviedo_C2024_1415,Oviedo,P_out_other_institutions,43,raw,logistic_regression,327,0.5536363636363636,0.8881239242685026,0.1095890410958904,0.27440633245382584,0.17307692307692307,0.13846153846153847,0.8707100591715977,0.1770730736484249,0.19283356413269523
oviedo_C2150_1415,Oviedo,P_in_leave_one_cohort_out,19,raw,logistic_regression,106,0.7575984990619137,0.7692307692307693,0.09302325581395349,0.5578231292517007,0.4146341463414634,0.8095238095238095,2.092915214866434,0.2163190635511778,-0.07118896399682673
oviedo_C2150_1415,Oviedo,P_out_other_institutions,43,raw,logistic_regression,106,0.6878048780487805,0.7738095238095238,0.13636363636363635,0.5578231292517007,0.34146341463414637,0.6666666666666666,1.7235772357723576,0.22534513710776236,-0.07565784270045622
oviedo_C2271_1415,Oviedo,P_in_leave_one_cohort_out,19,raw,logistic_regression,596,0.5606707423175528,0.7377584330794341,0.11721611721611722,0.5860023724792408,0.23076923076923078,0.4789915966386555,1.1557853910795088,0.23876665414981119,0.019695350581383164
oviedo_C2271_1415,Oviedo,P_out_other_institutions,43,raw,logistic_regression,596,0.5260663782002947,0.7249712313003452,0.26006191950464397,0.5860023724792408,0.21862348178137653,0.453781512605042,1.0949545810226926,0.24920429040628145,-0.043420107892447324
oviedo_C2335_1415,Oviedo,P_in_leave_one_cohort_out,19,raw,logistic_regression,428,0.4949900049975013,0.3475177304964539,0.6794425087108014,0.807799442896936,0.1896551724137931,0.6395348837209303,0.9438652766639936,0.24632173493543294,-0.15426028278958337
oviedo_C2335_1415,Oviedo,P_out_other_institutions,43,raw,logistic_regression,428,0.5076586706646676,0.14507772020725387,0.751131221719457,0.807799442896936,0.2103448275862069,0.7093023255813954,1.046832397754611,0.3015694873633764,0.17215357140777365
oviedo_C2406_1415,Oviedo,P_in_leave_one_cohort_out,19,raw,logistic_regression,133,0.5573493975903614,0.5536723163841808,0.11235955056179775,0.7685185185185186,0.2289156626506024,0.7037037037037037,1.1276215975011155,0.28947651306413547,-0.24046299052522407
oviedo_C2406_1415,Oviedo,P_out_other_institutions,43,raw,logistic_regression,133,0.6426506024096386,0.5681818181818182,0.15555555555555556,0.7685185185185186,0.25301204819277107,0.7777777777777778,1.2463186077643909,0.3094146018107147,-0.29244062707264423
oviedo_C2468_1415,Oviedo,P_in_leave_one_cohort_out,19,raw,logistic_regression,82,0.6162998215348008,0.7027027027027027,0.37735849056603776,0.6666666666666666,0.2682926829268293,0.6875,1.375,0.24440909190524598,-0.051431701669133245
oviedo_C2468_1415,Oviedo,P_out_other_institutions,43,raw,logistic_regression,82,0.6240333135038668,0.7027027027027027,0.37735849056603776,0.6666666666666666,0.3170731707317073,0.8125,1.625,0.24264991163761615,-0.1381590372458949
oviedo_C2607_1415,Oviedo,P_in_leave_one_cohort_out,19,raw,logistic_regression,277,0.4890209508460918,0.33507853403141363,0.650137741046832,0.8482328482328483,0.19117647058823528,0.7090909090909091,0.9628342245989304,0.2576150930875952,-0.2377772061506649
oviedo_C2607_1415,Oviedo,P_out_other_institutions,43,raw,logistic_regression,277,0.49385576148267524,0.22695035460992907,0.7360774818401937,0.8482328482328483,0.19607843137254902,0.7272727272727273,0.9875222816399287,0.26646302673963984,0.04966491883085766
oviedo_C3022_1415,Oviedo,P_in_leave_one_cohort_out,19,raw,logistic_regression,238,0.535121107266436,0.518796992481203,0.3904761904761905,0.4444444444444445,0.25,0.3541666666666667,1.2395833333333335,0.2640335663014115,0.24421555967610642
oviedo_C3022_1415,Oviedo,P_out_other_institutions,43,raw,logistic_regression,238,0.5252162629757786,0.4860557768924303,0.4266666666666667,0.4444444444444445,0.25,0.3541666666666667,1.2395833333333335,0.42224960614052065,0.39466200701888643
oviedo_C3029_1415,Oviedo,P_in_leave_one_cohort_out,19,raw,logistic_regression,231,0.4706281833616299,0.625,0.27848101265822783,0.49511400651465803,0.13157894736842105,0.21739130434782608,0.6607551487414187,0.26196786992757976,0.16492051369988253
oviedo_C3029_1415,Oviedo,P_out_other_institutions,43,raw,logistic_regression,231,0.4411714770797962,0.4628099173553719,0.4090909090909091,0.49511400651465803,0.13157894736842105,0.21739130434782608,0.6607551487414187,0.39078694952189064,0.3010921093689893
oviedo_C4189_1415,Oviedo,P_in_leave_one_cohort_out,19,raw,logistic_regression,128,0.49375,0.0,0.6382978723404256,0.6382978723404256,0.25,0.5769230769230769,1.2307692307692306,0.2874824893278619,0.19588995382539576
oviedo_C4189_1415,Oviedo,P_out_other_institutions,43,raw,logistic_regression,128,0.48811274509803926,0.0,0.6382978723404256,0.6382978723404256,0.25,0.5769230769230769,1.2307692307692306,0.5258547576972342,0.5261118060084033
oviedo_C4213_1415,Oviedo,P_in_leave_one_cohort_out,19,raw,logistic_regression,140,0.6513915044988492,0.7431192660550459,0.0967741935483871,0.592964824120603,0.3220338983050847,0.6785714285714286,1.6101694915254239,0.2411904264820394,-0.11364679136662131
oviedo_C4213_1415,Oviedo,P_out_other_institutions,43,raw,logistic_regression,140,0.6562042268256958,0.7523809523809524,0.2571428571428571,0.592964824120603,0.3389830508474576,0.7142857142857143,1.694915254237288,0.2352203914473364,-0.10770459184108788
oviedo_C836_1415,Oviedo,P_in_leave_one_cohort_out,19,raw,logistic_regression,87,0.5750528541226216,0.656,0.12244897959183673,0.6717557251908397,0.29545454545454547,0.7647058823529411,1.512032085561497,0.2538416191684342,-0.08415843729624056
oviedo_C836_1415,Oviedo,P_out_other_institutions,43,raw,logistic_regression,87,0.507399577167019,0.6126126126126126,0.31746031746031744,0.6717557251908397,0.20454545454545456,0.5294117647058824,1.0467914438502672,0.25487095055747533,-0.06296792176550997
oulad_AAA_2013J,OULAD,P_in_leave_one_cohort_out,18,raw,random_forest,383,0.7375471051730045,0.8065693430656934,0.5137614678899083,0.430327868852459,0.41904761904761906,0.5714285714285714,2.0843537414965985,0.18651998618136822,0.13017811307529314
oulad_AAA_2013J,OULAD,P_out_other_institutions,44,raw,random_forest,383,0.5769099006509077,0.8558139534883721,0.23140495867768596,0.430327868852459,0.3333333333333333,0.45454545454545453,1.6580086580086582,0.19135914906916746,0.01337040364412534
oulad_AAA_2014J,OULAD,P_in_leave_one_cohort_out,18,raw,random_forest,365,0.7511645962732919,0.7711864406779662,0.5813953488372093,0.469601677148847,0.42857142857142855,0.6575342465753424,2.142857142857143,0.20022221442831323,0.14625045543358212
oulad_AAA_2014J,OULAD,P_out_other_institutions,44,raw,random_forest,365,0.5666819593450029,0.8431703204047217,0.32116788321167883,0.469601677148847,0.375,0.5753424657534246,1.8749999999999998,0.2019611593916524,-0.013071080537359225
oulad_BBB_2013B,OULAD,P_in_leave_one_cohort_out,18,raw,random_forest,1767,0.8139058406494319,0.7277936962750716,0.7344885410844046,0.7059685097034054,0.3630705394190871,0.9915014164305949,1.8174097539759968,0.16855125812192548,0.007694620993766388
oulad_BBB_2013B,OULAD,P_out_other_institutions,44,raw,random_forest,1767,0.7711150612588686,0.7340129749768304,0.5828488372093024,0.7059685097034054,0.3620331950207469,0.9886685552407932,1.8122171546789227,0.23036089223068476,-0.20833302562324335
oulad_BBB_2013J,OULAD,P_in_leave_one_cohort_out,18,raw,random_forest,2237,0.8404422362436744,0.718351324828263,0.764367816091954,0.684891240446796,0.3776824034334764,0.9843400447427293,1.8901018713214468,0.16967995527048574,0.09381538291056313
oulad_BBB_2013J,OULAD,P_out_other_institutions,44,raw,random_forest,2237,0.7722767599769393,0.7706146926536732,0.6611295681063123,0.684891240446796,0.37682403433476397,0.9821029082774049,1.8858061852502617,0.20362857877823592,-0.12342963957311309
oulad_BBB_2014B,OULAD,P_in_leave_one_cohort_out,18,raw,random_forest,1613,0.8270475158432719,0.6118577075098814,0.7496175420703722,0.7090836334533814,0.36455981941309257,1.0,1.8205417607223477,0.17511199535055494,0.10328299497465554
oulad_BBB_2014B,OULAD,P_out_other_institutions,44,raw,random_forest,1613,0.7192387466970542,0.6485740570377185,0.2737642585551331,0.7090836334533814,0.2652370203160271,0.7275541795665634,1.3245427670890144,0.2777012256092951,-0.253245801503037
oulad_BBB_2014J,OULAD,P_in_leave_one_cohort_out,18,raw,random_forest,2292,0.8466435185185186,0.6127104834329169,0.7400656215822092,0.6643356643356644,0.387719298245614,0.9650655021834061,1.9402895886003217,0.19447884177286695,0.17752438562804285
oulad_BBB_2014J,OULAD,P_out_other_institutions,44,raw,random_forest,2292,0.7763580500730994,0.7916970138383103,0.6887921653971708,0.6643356643356644,0.3956140350877193,0.9847161572052402,1.9797977476442197,0.19683799228952917,-0.09833336348944549
oulad_CCC_2014B,OULAD,P_in_leave_one_cohort_out,18,raw,random_forest,1936,0.8663114529756553,0.6934942991281019,0.8080638387232255,0.7933935805546899,0.3040062843676355,1.0,1.5208169677926158,0.14152993384360552,-0.024965240371379482
oulad_CCC_2014B,OULAD,P_out_other_institutions,44,raw,random_forest,1936,0.7315855824473724,0.6104195481788843,0.5038167938931297,0.7933935805546899,0.3040062843676355,1.0,1.5208169677926158,0.3018824410564231,-0.3396443837279822
oulad_CCC_2014J,OULAD,P_in_leave_one_cohort_out,18,raw,random_forest,2498,0.8338283800975921,0.747626582278481,0.7414910858995137,0.7450389349409695,0.3351314902225219,0.994,1.6743169251517196,0.16218578063950423,-0.06853843928151004
oulad_CCC_2014J,OULAD,P_out_other_institutions,44,raw,random_forest,2498,0.7090679590365687,0.6603340976089093,0.4662892434379825,0.7450389349409695,0.32973701955495616,0.978,1.647366149696561,0.28347739286052537,-0.2886777349561927
oulad_DDD_2013B,OULAD,P_in_leave_one_cohort_out,18,raw,random_forest,1303,0.8088371287985558,0.7038834951456311,0.7328467153284671,0.7566793893129771,0.3291298865069357,1.0,1.6431273644388398,0.17802787406296014,-0.08324603452176893
oulad_DDD_2013B,OULAD,P_out_other_institutions,44,raw,random_forest,1303,0.6198724130257398,0.6335403726708074,0.40763052208835343,0.7566793893129771,0.32786885245901637,0.9961685823754789,1.636831857295396,0.3055604904771373,-0.2963308018642294
oulad_DDD_2013J,OULAD,P_in_leave_one_cohort_out,18,raw,random_forest,1938,0.8339493409009086,0.7452229299363057,0.7590361445783133,0.7279291106005907,0.34445446348061315,0.9845360824742269,1.7204967789315164,0.16258782962530444,-0.03490946323976929
oulad_DDD_2013J,OULAD,P_out_other_institutions,44,raw,random_forest,1938,0.6993901198767405,0.6890474192194712,0.5036838580040187,0.7279291106005907,0.34265103697024346,0.979381443298969,1.7114889423926078,0.2579417907180783,-0.22284064753567906
oulad_DDD_2014B,OULAD,P_in_leave_one_cohort_out,18,raw,random_forest,1228,0.8162783502568491,0.706199460916442,0.7565152643335815,0.7577137076378352,0.3257676902536716,0.991869918699187,1.6261899334614172,0.16955171521978918,-0.05054446119385536
oulad_DDD_2014B,OULAD,P_out_other_institutions,44,raw,random_forest,1228,0.6837007450434958,0.6493860845839018,0.4808080808080808,0.7577137076378352,0.32443257676902537,0.9878048780487805,1.6195252206193622,0.2799906133360853,-0.27538621330079827
oulad_DDD_2014J,OULAD,P_in_leave_one_cohort_out,18,raw,random_forest,1803,0.829256961304439,0.7345537757437071,0.7502691065662002,0.718550106609808,0.35311572700296734,0.9889196675900277,1.763622315197646,0.16341354154092924,-0.018904766694407993
oulad_DDD_2014J,OULAD,P_out_other_institutions,44,raw,random_forest,1803,0.7030311772522455,0.6993699369936993,0.5173410404624278,0.718550106609808,0.34223541048466866,0.9584487534626038,1.7092810113680266,0.24878723533739466,-0.20210322859444696
oulad_EEE_2013J,OULAD,P_in_leave_one_cohort_out,18,raw,random_forest,1052,0.8423459988805984,0.845299777942265,0.7224435590969456,0.5926421404682275,0.47404063205417607,1.0,2.3747178329571104,0.13955565261620156,0.00596438024715068
oulad_EEE_2013J,OULAD,P_out_other_institutions,44,raw,random_forest,1052,0.7112926123200896,0.8120401337792642,0.5385878489326765,0.5926421404682275,0.4650112866817156,0.9809523809523809,2.329485112329356,0.20144418311120826,-0.09353682510848771
oulad_EEE_2014B,OULAD,P_in_leave_one_cohort_out,18,raw,random_forest,694,0.8651638697021835,0.8125819134993447,0.7712,0.6537342386032978,0.4124629080118694,1.0,2.059347181008902,0.14230853327083384,0.04181830971585837
oulad_EEE_2014B,OULAD,P_out_other_institutions,44,raw,random_forest,694,0.6572908094988736,0.7685683530678149,0.5315904139433552,0.6537342386032978,0.4094955489614243,0.9928057553956835,2.0445317336635145,0.23937689316670763,-0.1686999689366636
oulad_EEE_2014J,OULAD,P_in_leave_one_cohort_out,18,raw,random_forest,1188,0.8667400561589158,0.8586810228802153,0.7640449438202247,0.5957446808510638,0.46825396825396826,0.9915966386554622,2.3373349339735894,0.13116935452852713,0.03265009155101439
oulad_EEE_2014J,OULAD,P_out_other_institutions,44,raw,random_forest,1188,0.7099418105448807,0.8138839018551766,0.5588652482269504,0.5957446808510638,0.4623015873015873,0.9789915966386554,2.307623049219688,0.20136826423933268,-0.09324205483723141
oulad_FFF_2013B,OULAD,P_in_leave_one_cohort_out,18,raw,random_forest,1614,0.8086559979342908,0.749156355455568,0.6924137931034483,0.6802943581357318,0.36658653846153844,0.9442724458204335,1.8317977494641584,0.17790865765043692,-0.03887862520008628
oulad_FFF_2013B,OULAD,P_out_other_institutions,44,raw,random_forest,1614,0.5453772071119418,0.7077480743090168,0.3682664054848188,0.6802943581357318,0.33052884615384615,0.8513931888544891,1.6516209216480116,0.2806439753879302,-0.20086811489732054
oulad_FFF_2013J,OULAD,P_in_leave_one_cohort_out,18,raw,random_forest,2283,0.8399504942883937,0.7748478701825557,0.7358400761542123,0.6845289541918754,0.3779461279461279,0.9824945295404814,1.8880766085361274,0.1632702722848839,-0.04711724900066627
oulad_FFF_2013J,OULAD,P_out_other_institutions,44,raw,random_forest,2283,0.6642417323924172,0.7245608220086178,0.4635248547449968,0.6845289541918754,0.37373737373737376,0.9715536105032823,1.8670512565479744,0.2512772006462792,-0.1880549444996985
oulad_FFF_2014B,OULAD,P_in_leave_one_cohort_out,18,raw,random_forest,1500,0.8209472892763933,0.7378898473788985,0.7354320160750167,0.7212276214833758,0.34988179669030733,0.9866666666666667,1.749408983451537,0.1713188648683341,-0.05345829550286918
oulad_FFF_2014B,OULAD,P_out_other_institutions,44,raw,random_forest,1500,0.6117617715314377,0.6806063774176686,0.43790248390064396,0.7212276214833758,0.3475177304964539,0.98,1.7375886524822697,0.27814170354493667,-0.22883386355612212
oulad_FFF_2014J,OULAD,P_in_leave_one_cohort_out,18,raw,random_forest,2365,0.8784425716777999,0.8135320177204994,0.7939474855362706,0.6908386382507611,0.3766025641025641,0.9936575052854123,1.8830128205128205,0.13634630575014847,-0.026058245341415542
oulad_FFF_2014J,OULAD,P_out_other_institutions,44,raw,random_forest,2365,0.7028649599430711,0.7372262773722628,0.5384615384615384,0.6908386382507611,0.37259615384615385,0.9830866807610994,1.8629807692307694,0.23637965433206737,-0.17490379041907106
ku_Accountancy_1819,KU Leuven,P_in_leave_one_cohort_out,5,raw,random_forest,756,0.6122870893492361,0.75,0.42105263157894735,0.4587155963302752,0.28444444444444444,0.423841059602649,1.4241059602649007,0.21827899308252025,0.10953768537830921
ku_Accountancy_1819,KU Leuven,P_out_other_institutions,57,raw,random_forest,756,0.4754802259887006,0.6945996275605214,0.2511415525114155,0.4587155963302752,0.17777777777777778,0.26490066225165565,0.890066225165563,0.24863353823356377,0.11823430640046129
ku_Globaleconom_1819,KU Leuven,P_in_leave_one_cohort_out,5,raw,random_forest,743,0.5667832167832167,0.6456521739130435,0.42402826855123676,0.6086142322097378,0.23384615384615384,0.5100671140939598,1.1660918946824987,0.25390107361961967,0.014669007709264048
ku_Globaleconom_1819,KU Leuven,P_out_other_institutions,57,raw,random_forest,743,0.5797828487302171,0.6863323500491643,0.31982942430703626,0.6086142322097378,0.24,0.5234899328859061,1.1967785234899329,0.2578982275693978,-0.08912161097981597
ku_Accountancy_1920,KU Leuven,P_in_leave_one_cohort_out,5,raw,random_forest,711,0.6175188896338037,0.7841328413284133,0.3076923076923077,0.48723404255319147,0.2838427947598253,0.45774647887323944,1.4212128667199704,0.21433182974495138,0.023426471623618828
ku_Accountancy_1920,KU Leuven,P_out_other_institutions,57,raw,random_forest,711,0.4970555726684665,0.6749482401656315,0.31140350877192985,0.48723404255319147,0.21397379912663755,0.34507042253521125,1.071375853373516,0.2501091981297149,0.10380345487159925
ku_Globaleconom_1920,KU Leuven,P_in_leave_one_cohort_out,5,raw,random_forest,681,0.5952317155572124,0.7318611987381703,0.3795620437956204,0.3938679245283019,0.31736526946107785,0.3897058823529412,1.5891599154631912,0.22941604321796324,0.1946812056051994
ku_Globaleconom_1920,KU Leuven,P_out_other_institutions,57,raw,random_forest,681,0.6178557282322514,0.6543778801843319,0.39271255060728744,0.3938679245283019,0.2694610778443114,0.33088235294117646,1.3492867206762944,0.2392560221883844,0.2341303171458929
ku_Accountancy_2021,KU Leuven,P_in_leave_one_cohort_out,5,raw,random_forest,725,0.6252449290612867,0.8279835390946502,0.11063829787234042,0.4607218683651805,0.29493087557603687,0.4413793103448276,1.4746543778801842,0.2046878639268686,-0.0680208741546395
ku_Accountancy_2021,KU Leuven,P_out_other_institutions,57,raw,random_forest,725,0.5764949744185203,0.8183333333333334,0.128,0.4607218683651805,0.2995391705069124,0.4482758620689655,1.497695852534562,0.2057773771465518,-0.0015968482664580619
ku_Globaleconom_2021,KU Leuven,P_in_leave_one_cohort_out,5,raw,random_forest,335,0.6270866029390783,0.6877637130801688,0.24489795918367346,0.6546184738955823,0.2822085889570552,0.6865671641791045,1.4110429447852761,0.29379552105155565,-0.23271369296393207
ku_Globaleconom_2021,KU Leuven,P_out_other_institutions,57,raw,random_forest,335,0.5065629904408617,0.6545454545454545,0.3391304347826087,0.6546184738955823,0.2392638036809816,0.582089552238806,1.1963190184049082,0.2706149494132603,-0.09174090508366561
ukzn_ISTN101_2019,UKZN,P_in_leave_one_cohort_out,15,raw,random_forest,1056,0.6306404567211807,0.9016137428422697,0.010471204188481676,0.2967741935483871,0.32065217391304346,0.2796208530805687,1.6047805481145683,0.14645104070392925,-0.07688199327720383
ukzn_ISTN101_2019,UKZN,P_out_other_institutions,47,raw,random_forest,1056,0.5571026126844834,0.7350096711798839,0.26737967914438504,0.2967741935483871,0.23369565217391305,0.2037914691943128,1.169585823202143,0.22416135859252254,0.26715850726008983
ukzn_ISTN101_2020,UKZN,P_in_leave_one_cohort_out,15,raw,random_forest,978,0.7269831506337733,0.9737118822292324,0.07407407407407407,0.09542356377799414,0.5102040816326531,0.12755102040816327,2.545814244064973,0.06208092444785492,0.11243411304102893
ukzn_ISTN101_2020,UKZN,P_out_other_institutions,47,raw,random_forest,978,0.6299729795039652,0.3092224231464738,0.1011764705882353,0.09542356377799414,0.3673469387755102,0.09183673469387756,1.8329862557267806,0.41981255894188146,0.5947310309087863
ukzn_ISTN101_2021,UKZN,P_in_leave_one_cohort_out,15,raw,random_forest,741,0.6921032916608137,0.9556025369978859,0.0,0.15671641791044774,0.4603174603174603,0.19594594594594594,2.3046975546975546,0.07496164686030828,-0.009877509000433951
ukzn_ISTN101_2021,UKZN,P_out_other_institutions,47,raw,random_forest,741,0.6815915156623122,0.8097233864207879,0.21453287197231835,0.15671641791044774,0.36507936507936506,0.1554054054054054,1.827863577863578,0.20983677842123594,0.3593293633602098
ukzn_ISTN102_2018,UKZN,P_in_leave_one_cohort_out,15,raw,random_forest,257,0.6083877995642701,0.8333333333333334,0.12195121951219512,0.4184615384615385,0.3235294117647059,0.43137254901960786,1.630334486735871,0.19776678419550428,-0.05750651200668236
ukzn_ISTN102_2018,UKZN,P_out_other_institutions,47,raw,random_forest,257,0.5379707438530967,0.7222222222222222,0.35064935064935066,0.4184615384615385,0.25,0.3333333333333333,1.2598039215686274,0.24174264142044785,0.18524606186960957
ukzn_ISTN103_2019,UKZN,P_in_leave_one_cohort_out,15,raw,random_forest,1113,0.593690036900369,0.8290100582318687,0.04154302670623145,0.4246284501061571,0.23666666666666666,0.3183856502242152,1.1812107623318386,0.20550355485161412,-0.06720192946487599
ukzn_ISTN103_2019,UKZN,P_out_other_institutions,47,raw,random_forest,1113,0.5631365313653136,0.726474278544542,0.310126582278481,0.4246284501061571,0.24333333333333335,0.3273542600896861,1.2144843049327356,0.2299306907604554,0.15939701716537524
ukzn_ISTN103_2020,UKZN,P_in_leave_one_cohort_out,15,raw,random_forest,1082,0.678233892360955,0.9071207430340558,0.20353982300884957,0.19214703425229743,0.3217391304347826,0.1712962962962963,1.6116747181964575,0.12436397221061986,0.14436742236283906
ukzn_ISTN103_2020,UKZN,P_out_other_institutions,47,raw,random_forest,1082,0.6589002293062363,0.7834433113377325,0.27364185110663986,0.19214703425229743,0.3565217391304348,0.18981481481481483,1.7859098228663448,0.2225338009390907,0.352055664065239
ukzn_ISTN211_2019,UKZN,P_in_leave_one_cohort_out,15,raw,random_forest,280,0.7586206896551724,0.961038961038961,0.0,0.12709030100334448,0.631578947368421,0.21428571428571427,3.1578947368421053,0.06567588717258267,0.05232046455286812
ukzn_ISTN211_2019,UKZN,P_out_other_institutions,47,raw,random_forest,280,0.4357733413994757,0.6157760814249363,0.09580838323353294,0.12709030100334448,0.15789473684210525,0.05357142857142857,0.7894736842105263,0.2746943277843562,0.43451425656960996
ukzn_ISTN211_2021,UKZN,P_in_leave_one_cohort_out,15,raw,random_forest,327,0.7278937381404175,0.8561151079136691,0.1836734693877551,0.09883720930232558,0.47058823529411764,0.12307692307692308,2.367420814479638,0.1218379332657579,0.21053016066211644
ukzn_ISTN211_2021,UKZN,P_out_other_institutions,47,raw,random_forest,327,0.5882352941176471,0.6510638297872341,0.10869565217391304,0.09883720930232558,0.47058823529411764,0.12307692307692308,2.367420814479638,0.27402164209898583,0.45885373321704415
ukzn_ISTN212_2018,UKZN,P_in_leave_one_cohort_out,15,raw,random_forest,238,0.6534090909090909,0.897196261682243,0.08333333333333333,0.3120567375886525,0.3181818181818182,0.2916666666666667,1.5776515151515151,0.1505130282123693,0.06451697750890428
ukzn_ISTN212_2018,UKZN,P_out_other_institutions,47,raw,random_forest,238,0.605728678537957,0.7346938775510204,0.3157894736842105,0.3120567375886525,0.29545454545454547,0.2708333333333333,1.464962121212121,0.23520673060467753,0.28663697118012094
ukzn_ISTN212_2019,UKZN,P_in_leave_one_cohort_out,15,raw,random_forest,264,0.6560489060489061,0.9014675052410901,0.0784313725490196,0.2745098039215686,0.2857142857142857,0.22641509433962265,1.423180592991914,0.13721447561468972,0.04619819220860941
ukzn_ISTN212_2019,UKZN,P_out_other_institutions,47,raw,random_forest,264,0.5500858000858001,0.8226950354609929,0.2857142857142857,0.2745098039215686,0.3333333333333333,0.2641509433962264,1.6603773584905661,0.20965820476815272,0.26319207197434547
ukzn_ISTN2IP_2018,UKZN,P_in_leave_one_cohort_out,15,raw,random_forest,99,0.7178378378378378,0.8538011695906432,0.07407407407407407,0.40322580645161293,0.36,0.45,1.782,0.16703661326684074,-0.018146059681859006
ukzn_ISTN2IP_2018,UKZN,P_out_other_institutions,47,raw,random_forest,99,0.6345945945945947,0.7482014388489209,0.4067796610169492,0.40322580645161293,0.24,0.3,1.188,0.2252402134315906,0.20817703189152287
ukzn_ISTN2IP_2019,UKZN,P_in_leave_one_cohort_out,15,raw,random_forest,116,0.625,0.8627450980392157,0.0,0.3888888888888889,0.2857142857142857,0.34782608695652173,1.4409937888198756,0.1818438868514253,-0.06783276294574003
ukzn_ISTN2IP_2019,UKZN,P_out_other_institutions,47,raw,random_forest,116,0.7142857142857143,0.7721518987341772,0.5135135135135135,0.3888888888888889,0.35714285714285715,0.43478260869565216,1.8012422360248446,0.21193346436022617,0.22220230820913714
ukzn_ISTN3ND_2018,UKZN,P_in_leave_one_cohort_out,15,raw,random_forest,144,0.5467836257309941,0.7456140350877193,0.03333333333333333,0.5671641791044776,0.22807017543859648,0.4482758620689655,1.1324863883847551,0.2703667518424511,-0.15667918010979276
ukzn_ISTN3ND_2018,UKZN,P_out_other_institutions,47,raw,random_forest,144,0.6304698527929018,0.6666666666666666,0.5528455284552846,0.5671641791044776,0.2631578947368421,0.5172413793103449,1.3067150635208713,0.2389194944118826,0.09301556466515593
ukzn_ISTN3ND_2019,UKZN,P_in_leave_one_cohort_out,15,raw,random_forest,223,0.4479431183341798,0.8905472636815921,0.0,0.32958801498127344,0.22727272727272727,0.2222222222222222,1.1262626262626263,0.17108455975713477,0.08300755365826015
ukzn_ISTN3ND_2019,UKZN,P_out_other_institutions,47,raw,random_forest,223,0.5498984255967496,0.7965116279069767,0.3137254901960784,0.32958801498127344,0.2727272727272727,0.26666666666666666,1.3515151515151516,0.22827594299638038,0.26576782406958976
ukzn_ISTN3SA_2018,UKZN,P_in_leave_one_cohort_out,15,raw,random_forest,141,0.5906906906906907,0.8809523809523809,0.0,0.3508771929824561,0.26666666666666666,0.2857142857142857,1.3428571428571427,0.16720647797765642,-0.029423246263155484
ukzn_ISTN3SA_2018,UKZN,P_out_other_institutions,47,raw,random_forest,141,0.6384384384384385,0.7942583732057417,0.410958904109589,0.3508771929824561,0.43333333333333335,0.4642857142857143,2.1821428571428574,0.21519125204076042,0.22662025873519162
ukzn_ISTN3SA_2019,UKZN,P_in_leave_one_cohort_out,15,raw,random_forest,195,0.5468235294117647,0.9281767955801105,0.07142857142857142,0.22727272727272727,0.32,0.20512820512820512,1.6,0.12073246432424696,0.026097694223608164
ukzn_ISTN3SA_2019,UKZN,P_out_other_institutions,47,raw,random_forest,195,0.5117647058823529,0.7197231833910035,0.19801980198019803,0.22727272727272727,0.16,0.10256410256410256,0.8,0.24263652443970213,0.33818068719357053
zambia_ICT1110_2020,Zambia,P_in_leave_one_cohort_out,1,raw,random_forest,65,0.5510204081632653,0.14285714285714285,0.7647058823529411,0.8596491228070176,0.22448979591836735,0.8461538461538461,1.1224489795918366,0.2136445627400213,-0.12811594054094044
zambia_ICT1110_2020,Zambia,P_out_other_institutions,61,raw,random_forest,65,0.4406887755102041,0.4,0.4,0.8596491228070176,0.20408163265306123,0.7692307692307693,1.0204081632653061,0.3536218680331355,-0.373832221473512
zambia_ICT1110_2021,Zambia,P_in_leave_one_cohort_out,1,raw,random_forest,52,0.5171875,0.09090909090909091,0.7560975609756098,0.761904761904762,0.21875,0.7,1.1375,0.2614974486095805,0.12815691574430266
zambia_ICT1110_2021,Zambia,P_out_other_institutions,61,raw,random_forest,52,0.5203125,0.48484848484848486,0.10526315789473684,0.761904761904762,0.1875,0.6,0.9749999999999999,0.39237522446975526,-0.3387118789112115
oviedo_C1112_1415,Oviedo,P_in_leave_one_cohort_out,19,raw,random_forest,199,0.6408221408221407,0.6415094339622641,0.2857142857142857,0.7035830618892508,0.28703703703703703,0.775,1.4280092592592593,0.2704285827832588,-0.1863731699171
oviedo_C1112_1415,Oviedo,P_out_other_institutions,43,raw,random_forest,199,0.6604599104599105,0.6521739130434783,0.21311475409836064,0.7035830618892508,0.2777777777777778,0.75,1.3819444444444444,0.3059831341408904,-0.2794791953156534
oviedo_C1127_1415,Oviedo,P_in_leave_one_cohort_out,19,raw,random_forest,106,0.5430539609644087,0.697986577181208,0.2857142857142857,0.5379310344827586,0.20512820512820512,0.38095238095238093,1.0354090354090355,0.23856951483371153,0.023774614451610387
oviedo_C1127_1415,Oviedo,P_out_other_institutions,43,raw,random_forest,106,0.5109070034443168,0.7831325301204819,0.21739130434782608,0.5379310344827586,0.23076923076923078,0.42857142857142855,1.164835164835165,0.2527079656863778,-0.07592920085633548
oviedo_C1200_1415,Oviedo,P_in_leave_one_cohort_out,19,raw,random_forest,107,0.5962936046511628,0.5785123966942148,0.45161290322580644,0.7485380116959064,0.25,0.7619047619047619,1.2738095238095237,0.27425988717124583,-0.19373696193867246
oviedo_C1200_1415,Oviedo,P_out_other_institutions,43,raw,random_forest,107,0.6686046511627908,0.5857142857142857,0.21621621621621623,0.7485380116959064,0.265625,0.8095238095238095,1.353422619047619,0.30322585690741943,-0.2857316360350149
oviedo_C1303_1415,Oviedo,P_in_leave_one_cohort_out,19,raw,random_forest,112,0.5430272108843537,0.5,0.5344827586206896,0.7692307692307693,0.2,0.6363636363636364,1.018181818181818,0.2745322951419832,-0.16422268039582694
oviedo_C1303_1415,Oviedo,P_out_other_institutions,43,raw,random_forest,112,0.5767006802721089,0.5555555555555556,0.42857142857142855,0.7692307692307693,0.22857142857142856,0.7272727272727273,1.1636363636363636,0.30071374050046584,-0.24441012931806344
oviedo_C174_1415,Oviedo,P_in_leave_one_cohort_out,19,raw,random_forest,96,0.774727668845316,0.7058823529411765,0.6666666666666666,0.6382978723404256,0.35555555555555557,0.8421052631578947,1.7964912280701753,0.19398114272673062,-0.0034677175473598054
oviedo_C174_1415,Oviedo,P_out_other_institutions,43,raw,random_forest,96,0.8344226579520697,0.8225806451612904,0.6764705882352942,0.6382978723404256,0.4222222222222222,1.0,2.1333333333333333,0.16280256161476636,-0.05698158306073603
oviedo_C190_1415,Oviedo,P_in_leave_one_cohort_out,19,raw,random_forest,112,0.49437479909996795,0.5413533834586466,0.32967032967032966,0.7052023121387282,0.14754098360655737,0.4090909090909091,0.7511177347242922,0.28522295635575484,-0.12621826910393102
oviedo_C190_1415,Oviedo,P_out_other_institutions,43,raw,random_forest,112,0.4966248794599808,0.6363636363636364,0.2,0.7052023121387282,0.21311475409836064,0.5909090909090909,1.0849478390462,0.34072780107940365,-0.27242253863691784
oviedo_C1978_1415,Oviedo,P_in_leave_one_cohort_out,19,raw,random_forest,164,0.6274871039056742,0.7719298245614035,0.48,0.43809523809523815,0.3695652173913043,0.5151515151515151,1.8366271409749668,0.22301180052737024,0.1712247777060662
oviedo_C1978_1415,Oviedo,P_out_other_institutions,43,raw,random_forest,164,0.6790714812085482,0.7983539094650206,0.4235294117647059,0.43809523809523815,0.32608695652173914,0.45454545454545453,1.6205533596837942,0.2042115236804212,0.1166087293341318
oviedo_C2011_1415,Oviedo,P_in_leave_one_cohort_out,19,raw,random_forest,120,0.6567103109656302,0.7439024390243902,0.4473684210526316,0.3561643835616438,0.4230769230769231,0.4583333333333333,2.1153846153846154,0.24021904909989206,0.27455514146961524
oviedo_C2011_1415,Oviedo,P_out_other_institutions,43,raw,random_forest,120,0.6689852700490999,0.819672131147541,0.42105263157894735,0.3561643835616438,0.34615384615384615,0.375,1.7307692307692306,0.229622925765628,0.23343230962392775
oviedo_C2024_1415,Oviedo,P_in_leave_one_cohort_out,19,raw,random_forest,327,0.4833566433566434,0.6238532110091743,0.24770642201834864,0.27440633245382584,0.15384615384615385,0.12307692307692308,0.7739644970414201,0.27692246135783627,0.35107068570100985
oviedo_C2024_1415,Oviedo,P_out_other_institutions,43,raw,random_forest,327,0.5306293706293707,0.8976109215017065,0.11764705882352941,0.27440633245382584,0.23076923076923078,0.18461538461538463,1.1609467455621303,0.1579336344448574,0.09018933749815725
oviedo_C2150_1415,Oviedo,P_in_leave_one_cohort_out,19,raw,random_forest,106,0.675046904315197,0.7577639751552795,0.23529411764705882,0.5578231292517007,0.24390243902439024,0.47619047619047616,1.2311265969802554,0.21908895416738824,-0.04773593516577729
oviedo_C2150_1415,Oviedo,P_out_other_institutions,43,raw,random_forest,106,0.44840525328330205,0.7453416149068323,0.19607843137254902,0.5578231292517007,0.17073170731707318,0.3333333333333333,0.8617886178861788,0.27620582804692445,-0.10365846882604429
oviedo_C2271_1415,Oviedo,P_in_leave_one_cohort_out,19,raw,random_forest,596,0.5431307495098778,0.648,0.40271493212669685,0.5860023724792408,0.23076923076923078,0.4789915966386555,1.1557853910795088,0.25712997277483357,0.03619903869523505
oviedo_C2271_1415,Oviedo,P_out_other_institutions,43,raw,random_forest,596,0.5459380764010533,0.6982248520710059,0.26512968299711814,0.5860023724792408,0.21862348178137653,0.453781512605042,1.0949545810226926,0.26044567695367427,-0.07609721531815161
oviedo_C2335_1415,Oviedo,P_in_leave_one_cohort_out,19,raw,random_forest,428,0.45288605697151424,0.3767313019390582,0.5454545454545454,0.807799442896936,0.18620689655172415,0.627906976744186,0.9267040898155573,0.27933303551985517,-0.17309195120110232
oviedo_C2335_1415,Oviedo,P_out_other_institutions,43,raw,random_forest,428,0.5095577211394303,0.23529411764705882,0.7338582677165354,0.807799442896936,0.19310344827586207,0.6511627906976745,0.9610264635124298,0.2749122970435549,0.025204578379475318
oviedo_C2406_1415,Oviedo,P_in_leave_one_cohort_out,19,raw,random_forest,133,0.5607228915662651,0.5419354838709678,0.36036036036036034,0.7685185185185186,0.24096385542168675,0.7407407407407407,1.186970102632753,0.28660315113090773,-0.22479715121757443
oviedo_C2406_1415,Oviedo,P_out_other_institutions,43,raw,random_forest,133,0.4768674698795181,0.5649717514124294,0.1348314606741573,0.7685185185185186,0.21686746987951808,0.6666666666666666,1.0682730923694779,0.3924972718764287,-0.38372468925122505
oviedo_C2468_1415,Oviedo,P_in_leave_one_cohort_out,19,raw,random_forest,82,0.5710886377156454,0.6666666666666666,0.49230769230769234,0.6666666666666666,0.2682926829268293,0.6875,1.375,0.2584548778049281,-0.08316574820553474
oviedo_C2468_1415,Oviedo,P_out_other_institutions,43,raw,random_forest,82,0.5722784057108864,0.6666666666666666,0.1702127659574468,0.6666666666666666,0.24390243902439024,0.625,1.25,0.2869050238179147,-0.19087755821416397
oviedo_C2607_1415,Oviedo,P_in_leave_one_cohort_out,19,raw,random_forest,277,0.5105761482675262,0.3709677419354839,0.49019607843137253,0.8482328482328483,0.18137254901960784,0.6727272727272727,0.913458110516934,0.28111973174169286,-0.2686541618106921
oviedo_C2607_1415,Oviedo,P_out_other_institutions,43,raw,random_forest,277,0.5015108783239324,0.27848101265822783,0.7121212121212122,0.8482328482328483,0.20098039215686275,0.7454545454545455,1.012210338680927,0.2898358210907972,-0.06607262062912089
oviedo_C3022_1415,Oviedo,P_in_leave_one_cohort_out,19,raw,random_forest,238,0.5344290657439447,0.2524271844660194,0.42962962962962964,0.4444444444444445,0.23529411764705882,0.3333333333333333,1.1666666666666667,0.36264270546966637,0.376730296887153
oviedo_C3022_1415,Oviedo,P_out_other_institutions,43,raw,random_forest,238,0.5230103806228373,0.5936395759717314,0.40414507772020725,0.4444444444444445,0.25,0.3541666666666667,1.2395833333333335,0.36686668033376335,0.28435091473780016
oviedo_C3029_1415,Oviedo,P_in_leave_one_cohort_out,19,raw,random_forest,231,0.4289473684210527,0.47580645161290325,0.3925233644859813,0.49511400651465803,0.17105263157894737,0.2826086956521739,0.8589816933638443,0.2976124518194609,0.21196421604237353
oviedo_C3029_1415,Oviedo,P_out_other_institutions,43,raw,random_forest,231,0.4554329371816638,0.6229508196721312,0.267515923566879,0.49511400651465803,0.15789473684210525,0.2608695652173913,0.7929061784897025,0.30608530638291187,0.1471185448190453
oviedo_C4189_1415,Oviedo,P_in_leave_one_cohort_out,19,raw,random_forest,128,0.5167892156862746,0.05405405405405406,0.6153846153846154,0.6382978723404256,0.26666666666666666,0.6153846153846154,1.3128205128205128,0.28616795179860827,0.17620377563420275
oviedo_C4189_1415,Oviedo,P_out_other_institutions,43,raw,random_forest,128,0.5503676470588236,0.0,0.6382978723404256,0.6382978723404256,0.3,0.6923076923076923,1.4769230769230768,0.4003516709721856,0.3906758272265731
oviedo_C4213_1415,Oviedo,P_in_leave_one_cohort_out,19,raw,random_forest,140,0.6055660179953966,0.7336683417085427,0.345679012345679,0.592964824120603,0.3050847457627119,0.6428571428571429,1.5254237288135595,0.24400740629977982,-0.0690569192387836
oviedo_C4213_1415,Oviedo,P_out_other_institutions,43,raw,random_forest,140,0.5574387947269303,0.7383177570093458,0.15151515151515152,0.592964824120603,0.2542372881355932,0.5357142857142857,1.271186440677966,0.2503036441071137,-0.09199698504412246
oviedo_C836_1415,Oviedo,P_in_leave_one_cohort_out,19,raw,random_forest,87,0.5100422832980973,0.6122448979591837,0.5,0.6717557251908397,0.22727272727272727,0.5882352941176471,1.1631016042780749,0.26993148577150394,-0.046381187200369434
oviedo_C836_1415,Oviedo,P_out_other_institutions,43,raw,random_forest,87,0.41649048625792806,0.5714285714285714,0.34782608695652173,0.6717557251908397,0.20454545454545456,0.5294117647058824,1.0467914438502672,0.2988989504008986,-0.08298637452063434
oulad_AAA_2013J,OULAD,P_in_leave_one_cohort_out,18,zscore,gradient_boosting,383,0.7308496060294621,0.7554671968190855,0.532319391634981,0.430327868852459,0.41904761904761906,0.5714285714285714,2.0843537414965985,0.25204391253006453,0.2441331037484053
oulad_AAA_2013J,OULAD,P_out_other_institutions,44,zscore,gradient_boosting,383,0.6681740322028092,0.8366412213740458,0.036036036036036036,0.430327868852459,0.34285714285714286,0.4675324675324675,1.7053803339517626,0.18832215157527168,0.04473550199068099
oulad_AAA_2014J,OULAD,P_in_leave_one_cohort_out,18,zscore,gradient_boosting,365,0.7476884528514963,0.7333333333333333,0.5714285714285714,0.469601677148847,0.41964285714285715,0.6438356164383562,2.0982142857142856,0.24190060817583892,0.20676578748024405
oulad_AAA_2014J,OULAD,P_out_other_institutions,44,zscore,gradient_boosting,365,0.6858766233766234,0.8187702265372169,0.0,0.469601677148847,0.35714285714285715,0.547945205479452,1.7857142857142856,0.1958072178694493,-0.022974799907557464
oulad_BBB_2013B,OULAD,P_in_leave_one_cohort_out,18,zscore,gradient_boosting,1767,0.8304355296269692,0.7409117137911136,0.750694058856191,0.7059685097034054,0.36410788381742737,0.9943342776203966,1.8226023532730713,0.16145590940771698,-0.005296449688928839
oulad_BBB_2013B,OULAD,P_out_other_institutions,44,zscore,gradient_boosting,1767,0.7303324411051917,0.6260733801717409,0.01440329218106996,0.7059685097034054,0.31224066390041494,0.8526912181303116,1.5629723884193574,0.2830120314091698,-0.25310205893477233
oulad_BBB_2013J,OULAD,P_in_leave_one_cohort_out,18,zscore,gradient_boosting,2237,0.8462222151047339,0.7824267782426778,0.7504798464491362,0.684891240446796,0.3776824034334764,0.9843400447427293,1.8901018713214468,0.1531412035656432,0.008925105005247569
oulad_BBB_2013J,OULAD,P_out_other_institutions,44,zscore,gradient_boosting,2237,0.7358361091538018,0.6460230722525805,0.011864406779661017,0.684891240446796,0.24377682403433476,0.6353467561521253,1.2199748442165703,0.27623611387764807,-0.2387718609713655
oulad_BBB_2014B,OULAD,P_in_leave_one_cohort_out,18,zscore,gradient_boosting,1613,0.848472028590857,0.7699938003719777,0.7699938003719777,0.7090836334533814,0.36455981941309257,1.0,1.8205417607223477,0.1519644576168774,0.007163499618418556
oulad_BBB_2014B,OULAD,P_out_other_institutions,44,zscore,gradient_boosting,1613,0.6510552348778648,0.6192109777015438,0.006711409395973154,0.7090836334533814,0.19074492099322798,0.5232198142414861,0.9525435218640148,0.3050619238094935,-0.26510803639839675
oulad_BBB_2014J,OULAD,P_in_leave_one_cohort_out,18,zscore,gradient_boosting,2292,0.851249543128655,0.7772236076475478,0.7539026629935721,0.6643356643356644,0.3973684210526316,0.9890829694323144,1.9885773385428636,0.1539872994431702,0.05863612484042957
oulad_BBB_2014J,OULAD,P_out_other_institutions,44,zscore,gradient_boosting,2292,0.7807729501705652,0.7451891174518912,0.510828025477707,0.6643356643356644,0.36578947368421055,0.9104803493449781,1.8305447023672716,0.23496557872539964,-0.18444096765392082
oulad_CCC_2014B,OULAD,P_in_leave_one_cohort_out,18,zscore,gradient_boosting,1936,0.8771479587061122,0.7256843331391962,0.7814385150812065,0.7933935805546899,0.3040062843676355,1.0,1.5208169677926158,0.1532539501834391,-0.10896573393826359
oulad_CCC_2014B,OULAD,P_out_other_institutions,44,zscore,gradient_boosting,1936,0.7855791298330923,0.5110507948817371,0.02474864655839134,0.7933935805546899,0.2670856245090338,0.8785529715762274,1.3361182662777502,0.3280624878958566,-0.36738245032142375
oulad_CCC_2014J,OULAD,P_in_leave_one_cohort_out,18,zscore,gradient_boosting,2498,0.8418094728765084,0.7620192307692307,0.7624,0.7450389349409695,0.3351314902225219,0.994,1.6743169251517196,0.156299873931213,-0.05454774686972286
oulad_CCC_2014J,OULAD,P_out_other_institutions,44,zscore,gradient_boosting,2498,0.6908420223950255,0.5769010863350486,0.012016021361815754,0.7450389349409695,0.2299393122049899,0.682,1.1487768037761297,0.3267198724202255,-0.3217870988450799
oulad_DDD_2013B,OULAD,P_in_leave_one_cohort_out,18,zscore,gradient_boosting,1303,0.8232945132655836,0.7205387205387206,0.765867418899859,0.7566793893129771,0.3291298865069357,1.0,1.6431273644388398,0.1692132878707983,-0.06652228916286773
oulad_DDD_2013B,OULAD,P_out_other_institutions,44,zscore,gradient_boosting,1303,0.8004648517666839,0.5771658060814687,0.14600231749710313,0.7566793893129771,0.3051702395964691,0.9272030651340997,1.5235127287134071,0.31444642529037437,-0.36060954145012136
oulad_DDD_2013J,OULAD,P_in_leave_one_cohort_out,18,zscore,gradient_boosting,1938,0.8534155788640153,0.7602209944751381,0.7899322362052275,0.7279291106005907,0.3435527502254283,0.9819587628865979,1.715992860662062,0.1525855252596376,-0.022127248050883952
oulad_DDD_2013J,OULAD,P_out_other_institutions,44,zscore,gradient_boosting,1938,0.7654283790589334,0.6061057334326135,0.11092436974789915,0.7279291106005907,0.2975653742110009,0.8505154639175257,1.4862930289198963,0.27420898073604977,-0.2616745457314553
oulad_DDD_2014B,OULAD,P_in_leave_one_cohort_out,18,zscore,gradient_boosting,1228,0.8350047802079879,0.7250221043324492,0.7652830188679245,0.7577137076378352,0.3257676902536716,0.991869918699187,1.6261899334614172,0.1635264010302846,-0.06440405495314294
oulad_DDD_2014B,OULAD,P_out_other_institutions,44,zscore,gradient_boosting,1228,0.8086983061618692,0.5662867426514697,0.08365019011406843,0.7577137076378352,0.3030707610146863,0.9227642276422764,1.5128898151464825,0.32407380659178314,-0.37477020310151504
oulad_DDD_2014J,OULAD,P_in_leave_one_cohort_out,18,zscore,gradient_boosting,1803,0.8447456763480502,0.7642357642357642,0.7057356608478803,0.718550106609808,0.35311572700296734,0.9889196675900277,1.763622315197646,0.16246262771631603,-0.06259934285760027
oulad_DDD_2014J,OULAD,P_out_other_institutions,44,zscore,gradient_boosting,1803,0.7206885871574299,0.6078740157480315,0.06566604127579738,0.718550106609808,0.27200791295746785,0.7617728531855956,1.3585325957404837,0.2750597485678886,-0.2421832647235993
oulad_EEE_2013J,OULAD,P_in_leave_one_cohort_out,18,zscore,gradient_boosting,1052,0.864963841845604,0.851195065535852,0.7608426270136307,0.5926421404682275,0.47404063205417607,1.0,2.3747178329571104,0.1364557227144115,0.07000376056490121
oulad_EEE_2013J,OULAD,P_out_other_institutions,44,zscore,gradient_boosting,1052,0.8532453379888578,0.8125416944629753,0.5355371900826447,0.5926421404682275,0.46952595936794583,0.9904761904761905,2.352101472643233,0.19471183628882507,-0.15009751330931925
oulad_EEE_2014B,OULAD,P_in_leave_one_cohort_out,18,zscore,gradient_boosting,694,0.8822324181898279,0.820580474934037,0.7841269841269841,0.6537342386032978,0.4124629080118694,1.0,2.059347181008902,0.13605578239033747,0.03976588314534607
oulad_EEE_2014B,OULAD,P_out_other_institutions,44,zscore,gradient_boosting,694,0.8716139274700978,0.6793529971455756,0.0,0.6537342386032978,0.4035608308605341,0.9784172661870504,2.0149008389727388,0.2561215885376612,-0.2774974524717764
oulad_EEE_2014J,OULAD,P_in_leave_one_cohort_out,18,zscore,gradient_boosting,1188,0.882964065255732,0.8581363004172462,0.7825159914712153,0.5957446808510638,0.47023809523809523,0.9957983193277311,2.347238895558223,0.13053371656302967,0.08177801450920691
oulad_EEE_2014J,OULAD,P_out_other_institutions,44,zscore,gradient_boosting,1188,0.8756396198830408,0.8133971291866029,0.5568181818181818,0.5957446808510638,0.4623015873015873,0.9789915966386554,2.307623049219688,0.18757282604196546,-0.14997915483733915
oulad_FFF_2013B,OULAD,P_in_leave_one_cohort_out,18,zscore,gradient_boosting,1614,0.8212124053216605,0.7478260869565218,0.7105788423153693,0.6802943581357318,0.36778846153846156,0.9473684210526315,1.8378036437246965,0.1761054934711875,-0.023572256237204547
oulad_FFF_2013B,OULAD,P_out_other_institutions,44,zscore,gradient_boosting,1614,0.7783258840743654,0.6573485811096993,0.06689734717416378,0.6802943581357318,0.34375,0.8854489164086687,1.717685758513932,0.2750797539071391,-0.2583256415704416
oulad_FFF_2013J,OULAD,P_in_leave_one_cohort_out,18,zscore,gradient_boosting,2283,0.8496052611349415,0.7732656514382402,0.7565849227974568,0.6845289541918754,0.38215488215488214,0.9934354485776805,1.90910196052428,0.15588484402998978,0.01851599548707028
oulad_FFF_2013J,OULAD,P_out_other_institutions,44,zscore,gradient_boosting,2283,0.8163680180803469,0.6484884410195614,0.0050335570469798654,0.6845289541918754,0.3501683501683502,0.9102844638949672,1.7493092854143184,0.28610427772496594,-0.3060118744644019
oulad_FFF_2014B,OULAD,P_in_leave_one_cohort_out,18,zscore,gradient_boosting,1500,0.8434321252738196,0.743893928820656,0.7657945118059988,0.7212276214833758,0.34988179669030733,0.9866666666666667,1.749408983451537,0.16126189837074575,-0.03453099617890165
oulad_FFF_2014B,OULAD,P_out_other_institutions,44,zscore,gradient_boosting,1500,0.8164685767164783,0.6753381893860562,0.42115027829313545,0.7212276214833758,0.3309692671394799,0.9333333333333333,1.6548463356973997,0.2772095545311959,-0.30500925563236675
oulad_FFF_2014J,OULAD,P_in_leave_one_cohort_out,18,zscore,gradient_boosting,2365,0.8901866980005968,0.813488759367194,0.8075601374570447,0.6908386382507611,0.3766025641025641,0.9936575052854123,1.8830128205128205,0.1331813176992685,0.02355759704303595
oulad_FFF_2014J,OULAD,P_out_other_institutions,44,zscore,gradient_boosting,2365,0.7731550426967839,0.6350515463917525,0.07191011235955057,0.6908386382507611,0.2708333333333333,0.7145877378435518,1.3541666666666667,0.25680831002902477,-0.22017759956501864
ku_Accountancy_1819,KU Leuven,P_in_leave_one_cohort_out,5,zscore,gradient_boosting,756,0.6205984515589036,0.8176,0.1297709923664122,0.4587155963302752,0.28888888888888886,0.4304635761589404,1.4463576158940397,0.20379279194788313,0.013273706468168056
ku_Accountancy_1819,KU Leuven,P_out_other_institutions,57,zscore,gradient_boosting,756,0.6242770454069889,0.7927461139896373,0.3220338983050847,0.4587155963302752,0.29333333333333333,0.4370860927152318,1.4686092715231789,0.20527047720208386,0.04062034811924414
ku_Globaleconom_1819,KU Leuven,P_in_leave_one_cohort_out,5,zscore,gradient_boosting,743,0.590080971659919,0.7211961301671064,0.09169054441260745,0.6086142322097378,0.26461538461538464,0.5771812080536913,1.3195250387196698,0.27337532456745367,-0.1784163029755636
ku_Globaleconom_1819,KU Leuven,P_out_other_institutions,57,zscore,gradient_boosting,743,0.587868973132131,0.6903846153846154,0.27802690582959644,0.6086142322097378,0.24307692307692308,0.5302013422818792,1.21212183789365,0.2573899886141882,-0.09862641217732071
ku_Accountancy_1920,KU Leuven,P_in_leave_one_cohort_out,5,zscore,gradient_boosting,711,0.6597600971208031,0.8061594202898551,0.3270440251572327,0.48723404255319147,0.32751091703056767,0.528169014084507,1.6398610000615041,0.20431470342570496,0.01655472364872501
ku_Accountancy_1920,KU Leuven,P_out_other_institutions,57,zscore,gradient_boosting,711,0.6415907155411404,0.7761194029850746,0.3142857142857143,0.48723404255319147,0.27510917030567683,0.44366197183098594,1.3774832400516637,0.2164666183175405,0.05234670763517946
ku_Globaleconom_1920,KU Leuven,P_in_leave_one_cohort_out,5,zscore,gradient_boosting,681,0.6471085067219646,0.7830374753451677,0.367816091954023,0.3938679245283019,0.2934131736526946,0.3602941176470588,1.469223318069743,0.2034139229579813,0.16029044464053635
ku_Globaleconom_1920,KU Leuven,P_out_other_institutions,57,zscore,gradient_boosting,681,0.6466133880099723,0.8149532710280374,0.3219178082191781,0.3938679245283019,0.31137724550898205,0.38235294117647056,1.559175766114829,0.19051943059419402,0.10232507030508622
ku_Accountancy_2021,KU Leuven,P_in_leave_one_cohort_out,5,zscore,gradient_boosting,725,0.6514069813853913,0.8035555555555556,0.32,0.4607218683651805,0.33640552995391704,0.503448275862069,1.6820276497695852,0.20267300352802142,0.059186210533196004
ku_Accountancy_2021,KU Leuven,P_out_other_institutions,57,zscore,gradient_boosting,725,0.648975833665953,0.7607843137254902,0.4325581395348837,0.4607218683651805,0.3317972350230415,0.496551724137931,1.6589861751152073,0.21360954111394018,0.12812098692788992
ku_Globaleconom_2021,KU Leuven,P_in_leave_one_cohort_out,5,zscore,gradient_boosting,335,0.6493615351690685,0.681912681912682,0.19047619047619047,0.6546184738955823,0.2883435582822086,0.7014925373134329,1.441717791411043,0.2660955541007568,-0.18086873257969793
ku_Globaleconom_2021,KU Leuven,P_out_other_institutions,57,zscore,gradient_boosting,335,0.5929519189613354,0.6833333333333333,0.2,0.6546184738955823,0.25766871165644173,0.6268656716417911,1.2883435582822087,0.264385951613078,-0.14430243437935725
ukzn_ISTN101_2019,UKZN,P_in_leave_one_cohort_out,15,zscore,gradient_boosting,1056,0.6461470382927802,0.9050337311883757,0.010810810810810811,0.2967741935483871,0.29891304347826086,0.26066350710900477,1.495981866886462,0.14135186094788876,-0.05284750475536293
ukzn_ISTN101_2019,UKZN,P_out_other_institutions,47,zscore,gradient_boosting,1056,0.643295647187874,0.7566515249837767,0.3432574430823117,0.2967741935483871,0.32608695652173914,0.2843601895734597,1.6319802184215948,0.2180741253219777,0.2725662013299359
ukzn_ISTN101_2020,UKZN,P_in_leave_one_cohort_out,15,zscore,gradient_boosting,978,0.5027459853693899,0.961149547631719,0.05194805194805195,0.09542356377799414,0.12244897959183673,0.030612244897959183,0.6109954185755935,0.09180612019929311,0.16323077545831532
ukzn_ISTN101_2020,UKZN,P_out_other_institutions,47,zscore,gradient_boosting,978,0.7191186485358407,0.6284032376747608,0.1541038525963149,0.09542356377799414,0.3673469387755102,0.09183673469387756,1.8329862557267806,0.31896407079873895,0.4977375165346173
ukzn_ISTN101_2021,UKZN,P_in_leave_one_cohort_out,15,zscore,gradient_boosting,741,0.7857845202977948,0.953125,0.10810810810810811,0.15671641791044774,0.5238095238095238,0.22297297297297297,2.6225868725868726,0.07693158873386217,0.0712058360617355
ukzn_ISTN101_2021,UKZN,P_out_other_institutions,47,zscore,gradient_boosting,741,0.7466872688111627,0.7842794759825328,0.26706231454005935,0.15671641791044774,0.4126984126984127,0.17567567567567569,2.0662805662805663,0.22524710406343423,0.3678402778285741
ukzn_ISTN102_2018,UKZN,P_in_leave_one_cohort_out,15,zscore,gradient_boosting,257,0.6173747276688453,0.8475336322869955,0.0,0.4184615384615385,0.23529411764705882,0.3137254901960784,1.1856978085351788,0.21169739153069145,-0.147711500095143
ukzn_ISTN102_2018,UKZN,P_out_other_institutions,47,zscore,gradient_boosting,257,0.638422035480859,0.7346938775510204,0.4678362573099415,0.4184615384615385,0.2647058823529412,0.35294117647058826,1.3339100346020762,0.2889144167651615,0.25958155904118135
ukzn_ISTN103_2019,UKZN,P_in_leave_one_cohort_out,15,zscore,gradient_boosting,1113,0.6613694136941369,0.843473738949558,0.006600660066006601,0.4246284501061571,0.2866666666666667,0.38565022421524664,1.4307623318385652,0.20001331859535443,-0.11369192132225894
ukzn_ISTN103_2019,UKZN,P_out_other_institutions,47,zscore,gradient_boosting,1113,0.6420397703977039,0.7341606792945787,0.4143884892086331,0.4246284501061571,0.27666666666666667,0.3721973094170404,1.38085201793722,0.2771450334798844,0.21589757937737242
ukzn_ISTN103_2020,UKZN,P_in_leave_one_cohort_out,15,zscore,gradient_boosting,1082,0.6917899375028101,0.9422700587084148,0.016666666666666666,0.19214703425229743,0.4,0.21296296296296297,2.0037037037037035,0.10462106953884551,0.1059641161049983
ukzn_ISTN103_2020,UKZN,P_out_other_institutions,47,zscore,gradient_boosting,1082,0.6464772267434018,0.6693333333333333,0.25301204819277107,0.19214703425229743,0.2782608695652174,0.14814814814814814,1.393880837359098,0.3393590492177228,0.4411667481886006
ukzn_ISTN211_2019,UKZN,P_in_leave_one_cohort_out,15,zscore,gradient_boosting,280,0.792498487598306,0.9509433962264151,0.13333333333333333,0.12709030100334448,0.5263157894736842,0.17857142857142858,2.6315789473684212,0.07453770391538975,0.1021319038450915
ukzn_ISTN211_2019,UKZN,P_out_other_institutions,47,zscore,gradient_boosting,280,0.6591046581972172,0.5799457994579946,0.18848167539267016,0.12709030100334448,0.21052631578947367,0.07142857142857142,1.0526315789473684,0.4135283732472775,0.5482461534431181
ukzn_ISTN211_2021,UKZN,P_in_leave_one_cohort_out,15,zscore,gradient_boosting,327,0.7346299810246679,0.9733124018838305,0.0,0.09883720930232558,0.47058823529411764,0.12307692307692308,2.367420814479638,0.06294992036554568,0.09259231642981257
ukzn_ISTN211_2021,UKZN,P_out_other_institutions,47,zscore,gradient_boosting,327,0.7420303605313093,0.7603960396039604,0.18791946308724833,0.09883720930232558,0.47058823529411764,0.12307692307692308,2.367420814479638,0.27101259155800034,0.42990744723021046
ukzn_ISTN212_2018,UKZN,P_in_leave_one_cohort_out,15,zscore,gradient_boosting,238,0.7437910028116214,0.8978622327790974,0.21818181818181817,0.3120567375886525,0.4318181818181818,0.3958333333333333,2.141098484848485,0.13369360141985567,0.0034547907751781848
ukzn_ISTN212_2018,UKZN,P_out_other_institutions,47,zscore,gradient_boosting,238,0.7432052483598877,0.8022598870056498,0.4262295081967213,0.3120567375886525,0.4090909090909091,0.375,2.028409090909091,0.1890903213885893,0.2294329952570281
ukzn_ISTN212_2019,UKZN,P_in_leave_one_cohort_out,15,zscore,gradient_boosting,264,0.7666237666237666,0.9182389937106918,0.23529411764705882,0.2745098039215686,0.38095238095238093,0.3018867924528302,1.8975741239892183,0.11669677793270417,0.04272797809372916
ukzn_ISTN212_2019,UKZN,P_out_other_institutions,47,zscore,gradient_boosting,264,0.7466752466752468,0.7692307692307693,0.423841059602649,0.2745098039215686,0.38095238095238093,0.3018867924528302,1.8975741239892183,0.22482974030571845,0.3219223552424352
ukzn_ISTN2IP_2018,UKZN,P_in_leave_one_cohort_out,15,zscore,gradient_boosting,99,0.7121621621621622,0.8520710059171598,0.13793103448275862,0.40322580645161293,0.28,0.35,1.386,0.18190046908899246,-0.07836398185552765
ukzn_ISTN2IP_2018,UKZN,P_out_other_institutions,47,zscore,gradient_boosting,99,0.7210810810810812,0.7301587301587301,0.5277777777777778,0.40322580645161293,0.32,0.4,1.584,0.24418342825366995,0.2704217694707977
ukzn_ISTN2IP_2019,UKZN,P_in_leave_one_cohort_out,15,zscore,gradient_boosting,116,0.6619318181818181,0.85,0.0625,0.3888888888888889,0.35714285714285715,0.43478260869565216,1.8012422360248446,0.175273825127845,-0.02442048203224803
ukzn_ISTN2IP_2019,UKZN,P_out_other_institutions,47,zscore,gradient_boosting,116,0.6795860389610389,0.7320261437908496,0.4810126582278481,0.3888888888888889,0.39285714285714285,0.4782608695652174,1.9813664596273293,0.22331971874536038,0.21891378617346194
ukzn_ISTN3ND_2018,UKZN,P_in_leave_one_cohort_out,15,zscore,gradient_boosting,144,0.5890300463803186,0.7532467532467533,0.0,0.5671641791044776,0.22807017543859648,0.4482758620689655,1.1324863883847551,0.3071178408517245,-0.26653560524948094
ukzn_ISTN3ND_2018,UKZN,P_out_other_institutions,47,zscore,gradient_boosting,144,0.630671506352087,0.6593406593406593,0.41509433962264153,0.5671641791044776,0.2631578947368421,0.5172413793103449,1.3067150635208713,0.2432464239023534,0.055485313247311985
ukzn_ISTN3ND_2019,UKZN,P_in_leave_one_cohort_out,15,zscore,gradient_boosting,223,0.6886744540375825,0.89,0.043478260869565216,0.32958801498127344,0.3181818181818182,0.3111111111111111,1.5767676767676768,0.15553179039289816,-0.06757702611595859
ukzn_ISTN3ND_2019,UKZN,P_out_other_institutions,47,zscore,gradient_boosting,223,0.7414296597257491,0.7766990291262136,0.49635036496350365,0.32958801498127344,0.3409090909090909,0.3333333333333333,1.6893939393939394,0.23829644033147213,0.2898416511508446
ukzn_ISTN3SA_2018,UKZN,P_in_leave_one_cohort_out,15,zscore,gradient_boosting,141,0.7156156156156156,0.8835341365461847,0.12121212121212122,0.3508771929824561,0.4,0.42857142857142855,2.0142857142857142,0.15444690228239646,-0.04629541030261827
ukzn_ISTN3SA_2018,UKZN,P_out_other_institutions,47,zscore,gradient_boosting,141,0.6417417417417418,0.7195767195767195,0.43010752688172044,0.3508771929824561,0.36666666666666664,0.39285714285714285,1.8464285714285713,0.24645389791812136,0.283527691917541
ukzn_ISTN3SA_2019,UKZN,P_in_leave_one_cohort_out,15,zscore,gradient_boosting,195,0.6254117647058823,0.9152542372881356,0.16666666666666666,0.22727272727272727,0.32,0.20512820512820512,1.6,0.12296945209759964,0.0757342159702869
ukzn_ISTN3SA_2019,UKZN,P_out_other_institutions,47,zscore,gradient_boosting,195,0.5995294117647059,0.7857142857142857,0.1951219512195122,0.22727272727272727,0.28,0.1794871794871795,1.4000000000000001,0.22093694186100657,0.2993431885673345
zambia_ICT1110_2020,Zambia,P_in_leave_one_cohort_out,1,zscore,gradient_boosting,65,0.47257653061224497,0.2631578947368421,0.6956521739130435,0.8596491228070176,0.1836734693877551,0.6923076923076923,0.9183673469387755,0.35274159500078944,-0.13012821926022955
zambia_ICT1110_2020,Zambia,P_out_other_institutions,61,zscore,gradient_boosting,65,0.5172193877551021,0.38095238095238093,0.417910447761194,0.8596491228070176,0.1836734693877551,0.6923076923076923,0.9183673469387755,0.3696620776252804,-0.34625204368481527
zambia_ICT1110_2021,Zambia,P_in_leave_one_cohort_out,1,zscore,gradient_boosting,52,0.5375000000000001,0.2962962962962963,0.7532467532467533,0.761904761904762,0.1875,0.6,0.9749999999999999,0.32316915538096463,0.19493802286204054
zambia_ICT1110_2021,Zambia,P_out_other_institutions,61,zscore,gradient_boosting,52,0.56875,0.46511627906976744,0.6229508196721312,0.761904761904762,0.21875,0.7,1.1375,0.28392187997695023,-0.1206582712245981
oviedo_C1112_1415,Oviedo,P_in_leave_one_cohort_out,19,zscore,gradient_boosting,199,0.6742979242979243,0.6887966804979253,0.5222929936305732,0.7035830618892508,0.32407407407407407,0.875,1.6122685185185184,0.2252858323859939,-0.09821066863202077
oviedo_C1112_1415,Oviedo,P_out_other_institutions,43,zscore,gradient_boosting,199,0.7532560032560033,0.6771653543307087,0.4305555555555556,0.7035830618892508,0.32407407407407407,0.875,1.6122685185185184,0.24790689118245154,-0.21312834857129437
oviedo_C1127_1415,Oviedo,P_in_leave_one_cohort_out,19,zscore,gradient_boosting,106,0.5597014925373134,0.6515151515151515,0.425,0.5379310344827586,0.2564102564102564,0.47619047619047616,1.2942612942612943,0.2470925315246954,0.12723083195618168
oviedo_C1127_1415,Oviedo,P_out_other_institutions,43,zscore,gradient_boosting,106,0.5153080750095675,0.7692307692307693,0.35714285714285715,0.5379310344827586,0.2564102564102564,0.47619047619047616,1.2942612942612943,0.2488908437873457,-0.025842350547199133
oviedo_C1200_1415,Oviedo,P_in_leave_one_cohort_out,19,zscore,gradient_boosting,107,0.6486191860465116,0.6386554621848739,0.5473684210526316,0.7485380116959064,0.28125,0.8571428571428571,1.4330357142857144,0.2380497644881323,-0.13370186286839114
oviedo_C1200_1415,Oviedo,P_out_other_institutions,43,zscore,gradient_boosting,107,0.634265988372093,0.5826771653543307,0.39080459770114945,0.7485380116959064,0.25,0.7619047619047619,1.2738095238095237,0.30328468077824255,-0.27128244165682364
oviedo_C1303_1415,Oviedo,P_in_leave_one_cohort_out,19,zscore,gradient_boosting,112,0.6491496598639457,0.5689655172413793,0.5370370370370371,0.7692307692307693,0.22857142857142856,0.7272727272727273,1.1636363636363636,0.2485267034983663,-0.14814163508519868
oviedo_C1303_1415,Oviedo,P_out_other_institutions,43,zscore,gradient_boosting,112,0.6591836734693877,0.546875,0.3958333333333333,0.7692307692307693,0.24285714285714285,0.7727272727272727,1.2363636363636363,0.3009333757895764,-0.2799626657139049
oviedo_C174_1415,Oviedo,P_in_leave_one_cohort_out,19,zscore,gradient_boosting,96,0.8649237472766884,0.8403361344537815,0.7397260273972602,0.6382978723404256,0.4222222222222222,1.0,2.1333333333333333,0.18075110780060358,-0.047354239811999765
oviedo_C174_1415,Oviedo,P_out_other_institutions,43,zscore,gradient_boosting,96,0.8949891067538127,0.8235294117647058,0.7123287671232876,0.6382978723404256,0.4222222222222222,1.0,2.1333333333333333,0.15160723569894438,-0.0628224514524513
oviedo_C190_1415,Oviedo,P_in_leave_one_cohort_out,19,zscore,gradient_boosting,112,0.39746062359369977,0.484375,0.3125,0.7052023121387282,0.14754098360655737,0.4090909090909091,0.7511177347242922,0.30731891107947507,-0.07993721989219232
oviedo_C190_1415,Oviedo,P_out_other_institutions,43,zscore,gradient_boosting,112,0.40131790421086466,0.5362318840579711,0.2558139534883721,0.7052023121387282,0.14754098360655737,0.4090909090909091,0.7511177347242922,0.34754423590409517,-0.18956269771244383
oviedo_C1978_1415,Oviedo,P_in_leave_one_cohort_out,19,zscore,gradient_boosting,164,0.6423176123802505,0.7155963302752294,0.43636363636363634,0.43809523809523815,0.30434782608695654,0.42424242424242425,1.512516469038208,0.23537260614871522,0.2074730296633645
oviedo_C1978_1415,Oviedo,P_out_other_institutions,43,zscore,gradient_boosting,164,0.6661753868828297,0.7698744769874477,0.38202247191011235,0.43809523809523815,0.30434782608695654,0.42424242424242425,1.512516469038208,0.1995179587146026,0.08662699155036613
oviedo_C2011_1415,Oviedo,P_in_leave_one_cohort_out,19,zscore,gradient_boosting,120,0.7557283142389526,0.8260869565217391,0.42857142857142855,0.3561643835616438,0.34615384615384615,0.375,1.7307692307692306,0.17515528254250856,0.1664165756468325
oviedo_C2011_1415,Oviedo,P_out_other_institutions,43,zscore,gradient_boosting,120,0.684328968903437,0.8241758241758241,0.4482758620689655,0.3561643835616438,0.38461538461538464,0.4166666666666667,1.9230769230769231,0.19777708267618851,0.17318917741777412
oviedo_C2024_1415,Oviedo,P_in_leave_one_cohort_out,19,zscore,gradient_boosting,327,0.5637412587412587,0.8407407407407408,0.24561403508771928,0.27440633245382584,0.2692307692307692,0.2153846153846154,1.3544378698224853,0.2069665894983077,0.26037555273918234
oviedo_C2024_1415,Oviedo,P_out_other_institutions,43,zscore,gradient_boosting,327,0.5872027972027972,0.8417132216014898,0.27350427350427353,0.27440633245382584,0.3076923076923077,0.24615384615384617,1.5479289940828402,0.17858390598924057,0.1791998421959872
oviedo_C2150_1415,Oviedo,P_in_leave_one_cohort_out,19,zscore,gradient_boosting,106,0.6874296435272045,0.7131782945736435,0.5542168674698795,0.5578231292517007,0.36585365853658536,0.7142857142857143,1.8466898954703832,0.2256764038158041,0.09566755885388273
oviedo_C2150_1415,Oviedo,P_out_other_institutions,43,zscore,gradient_boosting,106,0.6878048780487805,0.7602339181286549,0.0,0.5578231292517007,0.2926829268292683,0.5714285714285714,1.4773519163763065,0.2440580064041772,-0.1717015651477188
oviedo_C2271_1415,Oviedo,P_in_leave_one_cohort_out,19,zscore,gradient_boosting,596,0.5759834344512371,0.6446499339498019,0.3816091954022989,0.5860023724792408,0.25101214574898784,0.5210084033613446,1.257170074507536,0.2791945074171973,-0.04176272350188387
oviedo_C2271_1415,Oviedo,P_out_other_institutions,43,zscore,gradient_boosting,596,0.5709372063617275,0.6959706959706959,0.3324396782841823,0.5860023724792408,0.2388663967611336,0.4957983193277311,1.1963392644507196,0.2577710529631115,-0.06795657496579077
oviedo_C2335_1415,Oviedo,P_in_leave_one_cohort_out,19,zscore,gradient_boosting,428,0.535632183908046,0.4366576819407008,0.5690721649484536,0.807799442896936,0.19655172413793104,0.6627906976744186,0.978187650360866,0.2508462003290313,-0.1576242540464714
oviedo_C2335_1415,Oviedo,P_out_other_institutions,43,zscore,gradient_boosting,428,0.5404672663668166,0.4876325088339223,0.0,0.807799442896936,0.21379310344827587,0.7209302325581395,1.0639935846030473,0.4622315691303564,-0.4896619903207803
oviedo_C2406_1415,Oviedo,P_in_leave_one_cohort_out,19,zscore,gradient_boosting,133,0.6215662650602409,0.5503355704697986,0.42735042735042733,0.7685185185185186,0.2289156626506024,0.7037037037037037,1.1276215975011155,0.2598978544736861,-0.17045391560614703
oviedo_C2406_1415,Oviedo,P_out_other_institutions,43,zscore,gradient_boosting,133,0.6504819277108435,0.5529411764705883,0.20833333333333334,0.7685185185185186,0.25301204819277107,0.7777777777777778,1.2463186077643909,0.33310517476886614,-0.33173745580054514
oviedo_C2468_1415,Oviedo,P_in_leave_one_cohort_out,19,zscore,gradient_boosting,82,0.6055919095776323,0.5977011494252874,0.5454545454545454,0.6666666666666666,0.3170731707317073,0.8125,1.625,0.23894019036995573,0.024555656269794834
oviedo_C2468_1415,Oviedo,P_out_other_institutions,43,zscore,gradient_boosting,82,0.6386079714455681,0.6324786324786325,0.0851063829787234,0.6666666666666666,0.2682926829268293,0.6875,1.375,0.27979969952816586,-0.19979056586374228
oviedo_C2607_1415,Oviedo,P_in_leave_one_cohort_out,19,zscore,gradient_boosting,277,0.48949100188020406,0.3949843260188088,0.17872340425531916,0.8482328482328483,0.17647058823529413,0.6545454545454545,0.8887700534759357,0.28805406800455313,-0.2992244815266633
oviedo_C2607_1415,Oviedo,P_out_other_institutions,43,zscore,gradient_boosting,277,0.46336959441310765,0.41714285714285715,0.0,0.8482328482328483,0.18137254901960784,0.6727272727272727,0.913458110516934,0.4844741795753747,-0.5229879219083353
oviedo_C3022_1415,Oviedo,P_in_leave_one_cohort_out,19,zscore,gradient_boosting,238,0.49225778546712806,0.8040712468193384,0.07228915662650602,0.4444444444444445,0.20588235294117646,0.2916666666666667,1.0208333333333335,0.22742620359511653,0.13401401125595636
oviedo_C3022_1415,Oviedo,P_out_other_institutions,43,zscore,gradient_boosting,238,0.5395328719723184,0.583941605839416,0.43564356435643564,0.4444444444444445,0.23529411764705882,0.3333333333333333,1.1666666666666667,0.35973472782855476,0.2658902870444776
oviedo_C3029_1415,Oviedo,P_in_leave_one_cohort_out,19,zscore,gradient_boosting,231,0.4808998302207131,0.7235294117647059,0.22950819672131148,0.49511400651465803,0.18421052631578946,0.30434782608695654,0.9250572082379863,0.24706679227369938,0.09536235126685194
oviedo_C3029_1415,Oviedo,P_out_other_institutions,43,zscore,gradient_boosting,231,0.6004244482173174,0.7762803234501348,0.08791208791208792,0.49511400651465803,0.2631578947368421,0.43478260869565216,1.3215102974828374,0.22269063908989656,-0.04073381209539473
oviedo_C4189_1415,Oviedo,P_in_leave_one_cohort_out,19,zscore,gradient_boosting,128,0.513357843137255,0.6551724137931034,0.2682926829268293,0.6382978723404256,0.23333333333333334,0.5384615384615384,1.1487179487179486,0.25711211787286514,-0.06291668488691804
oviedo_C4189_1415,Oviedo,P_out_other_institutions,43,zscore,gradient_boosting,128,0.4876225490196079,0.6938775510204082,0.0,0.6382978723404256,0.25,0.5769230769230769,1.2307692307692306,0.30152882827488403,-0.20898855605057975
oviedo_C4213_1415,Oviedo,P_in_leave_one_cohort_out,19,zscore,gradient_boosting,140,0.6365348399246704,0.6867469879518072,0.543859649122807,0.592964824120603,0.3050847457627119,0.6428571428571429,1.5254237288135595,0.23890767717742026,0.0805458484132821
oviedo_C4213_1415,Oviedo,P_out_other_institutions,43,zscore,gradient_boosting,140,0.6537978656622725,0.7142857142857143,0.46938775510204084,0.592964824120603,0.2711864406779661,0.5714285714285714,1.3559322033898304,0.2394789356897724,-0.06567464971384113
oviedo_C836_1415,Oviedo,P_in_leave_one_cohort_out,19,zscore,gradient_boosting,87,0.5644820295983087,0.6666666666666666,0.4126984126984127,0.6717557251908397,0.2727272727272727,0.7058823529411765,1.3957219251336899,0.26920975255820867,-0.12417924268266356
oviedo_C836_1415,Oviedo,P_out_other_institutions,43,zscore,gradient_boosting,87,0.5303911205073996,0.4883720930232558,0.5,0.6717557251908397,0.20454545454545456,0.5294117647058824,1.0467914438502672,0.307272323980804,-0.007873340348713342
oulad_AAA_2013J,OULAD,P_in_leave_one_cohort_out,18,zscore,logistic_regression,383,0.7412812607057211,0.7094017094017094,0.5436241610738255,0.430327868852459,0.41904761904761906,0.5714285714285714,2.0843537414965985,0.2599496633094213,0.289954570063403
oulad_AAA_2013J,OULAD,P_out_other_institutions,44,zscore,logistic_regression,383,0.7356628982528263,0.8475609756097561,0.09090909090909091,0.430327868852459,0.4380952380952381,0.5974025974025974,2.1790970933828078,0.17595148798262072,0.007069467995376499
oulad_AAA_2014J,OULAD,P_in_leave_one_cohort_out,18,zscore,logistic_regression,365,0.7438594014680971,0.7048054919908466,0.5597269624573379,0.469601677148847,0.4107142857142857,0.6301369863013698,2.0535714285714284,0.251358377720002,0.25527718259843896
oulad_AAA_2014J,OULAD,P_out_other_institutions,44,zscore,logistic_regression,365,0.7354954827780915,0.8187702265372169,0.0,0.469601677148847,0.38392857142857145,0.589041095890411,1.9196428571428572,0.18912504619021533,-0.025463583731879236
oulad_BBB_2013B,OULAD,P_in_leave_one_cohort_out,18,zscore,logistic_regression,1767,0.8263035918211272,0.7437070938215103,0.7491601343784995,0.7059685097034054,0.3620331950207469,0.9886685552407932,1.8122171546789227,0.16478869737725646,-0.0007780623394896269
oulad_BBB_2013B,OULAD,P_out_other_institutions,44,zscore,logistic_regression,1767,0.8164300884132636,0.6249027237354086,0.0,0.7059685097034054,0.36099585062240663,0.9858356940509915,1.8070245553818483,0.2786988027407857,-0.2639575804857167
oulad_BBB_2013J,OULAD,P_in_leave_one_cohort_out,18,zscore,logistic_regression,2237,0.844110322849273,0.7474747474747475,0.7604529616724739,0.684891240446796,0.3776824034334764,0.9843400447427293,1.8901018713214468,0.1587348295355542,0.03457926648391574
oulad_BBB_2013J,OULAD,P_out_other_institutions,44,zscore,logistic_regression,2237,0.8210816891935174,0.6479298881837413,0.0,0.684891240446796,0.3759656652360515,0.9798657718120806,1.8815104991790768,0.26914327296332086,-0.2392228459750947
oulad_BBB_2014B,OULAD,P_in_leave_one_cohort_out,18,zscore,logistic_regression,1613,0.8495789617494822,0.7612985359643539,0.7734138972809668,0.7090836334533814,0.36455981941309257,1.0,1.8205417607223477,0.15197201232217913,-0.0002330752948297432
oulad_BBB_2014B,OULAD,P_out_other_institutions,44,zscore,logistic_regression,1613,0.826768065676999,0.6213675213675214,0.0,0.7090836334533814,0.36455981941309257,1.0,1.8205417607223477,0.280657182459346,-0.2676073637832514
oulad_BBB_2014J,OULAD,P_in_leave_one_cohort_out,18,zscore,logistic_regression,2292,0.8520182291666668,0.7615317667536988,0.7602799650043744,0.6643356643356644,0.39824561403508774,0.9912663755458515,1.9929671339921855,0.15596659758480907,0.053535531963123106
oulad_BBB_2014J,OULAD,P_out_other_institutions,44,zscore,logistic_regression,2292,0.8284231085526316,0.6689895470383276,0.0,0.6643356643356644,0.39649122807017545,0.9868995633187773,1.9841875430935416,0.2576936959752294,-0.21659203888362216
oulad_CCC_2014B,OULAD,P_in_leave_one_cohort_out,18,zscore,logistic_regression,1936,0.8742676235398383,0.7216981132075472,0.7830882352941176,0.7933935805546899,0.3040062843676355,1.0,1.5208169677926158,0.1554224900534446,-0.11700376953405489
oulad_CCC_2014B,OULAD,P_out_other_institutions,44,zscore,logistic_regression,1936,0.8493848926361286,0.5101962293189688,0.0,0.7933935805546899,0.30243519245875883,0.9948320413436692,1.5129574485792172,0.3282390324419259,-0.3764022159962172
oulad_CCC_2014J,OULAD,P_in_leave_one_cohort_out,18,zscore,logistic_regression,2498,0.8516919172626383,0.7635627530364373,0.7688044338875692,0.7450389349409695,0.3351314902225219,0.994,1.6743169251517196,0.1543233671548032,-0.0645346560393012
oulad_CCC_2014J,OULAD,P_out_other_institutions,44,zscore,logistic_regression,2498,0.830174489867098,0.5778536863079988,0.0,0.7450389349409695,0.33041132838840187,0.98,1.650734996628456,0.29921775167185344,-0.31279090491066464
oulad_DDD_2013B,OULAD,P_in_leave_one_cohort_out,18,zscore,logistic_regression,1303,0.8168582943896348,0.7131537242472267,0.7306547619047619,0.7566793893129771,0.3291298865069357,1.0,1.6431273644388398,0.17366886485641916,-0.07935649483526663
oulad_DDD_2013B,OULAD,P_out_other_institutions,44,zscore,logistic_regression,1303,0.8035754024182182,0.5626034197462769,0.0,0.7566793893129771,0.3266078184110971,0.9923371647509579,1.6305363501519523,0.3090795096947519,-0.32776463075622025
oulad_DDD_2013J,OULAD,P_in_leave_one_cohort_out,18,zscore,logistic_regression,1938,0.8491941685583793,0.7631160572337043,0.77526395173454,0.7279291106005907,0.3435527502254283,0.9819587628865979,1.715992860662062,0.15566755507595725,-0.03686371187393167
oulad_DDD_2013J,OULAD,P_out_other_institutions,44,zscore,logistic_regression,1938,0.833472379185108,0.5992049150704735,0.0,0.7279291106005907,0.3408476104598738,0.9742268041237113,1.7024811058536993,0.28834954345434827,-0.2911998635660447
oulad_DDD_2014B,OULAD,P_in_leave_one_cohort_out,18,zscore,logistic_regression,1228,0.8343232869992279,0.7305389221556886,0.7552447552447552,0.7577137076378352,0.3257676902536716,0.991869918699187,1.6261899334614172,0.16660353522935892,-0.07912681176833103
oulad_DDD_2014B,OULAD,P_out_other_institutions,44,zscore,logistic_regression,1228,0.8164037784547803,0.5612185120093731,0.0,0.7577137076378352,0.32309746328437916,0.983739837398374,1.6128605077773073,0.307971384374267,-0.32884581553225556
oulad_DDD_2014J,OULAD,P_in_leave_one_cohort_out,18,zscore,logistic_regression,1803,0.8424826904055391,0.7446457990115322,0.7394957983193278,0.718550106609808,0.35212660731948564,0.9861495844875346,1.7586821966676807,0.15889204419887895,-0.025582272396941108
oulad_DDD_2014J,OULAD,P_out_other_institutions,44,zscore,logistic_regression,1803,0.8327788268441088,0.6104046242774567,0.0,0.718550106609808,0.35014836795252224,0.9806094182825484,1.7488019596077498,0.2831983259930792,-0.2799334078674128
oulad_EEE_2013J,OULAD,P_in_leave_one_cohort_out,18,zscore,logistic_regression,1052,0.8716839580854526,0.8362760834670947,0.7622377622377622,0.5926421404682275,0.47404063205417607,1.0,2.3747178329571104,0.14624503593801852,0.10931892590411174
oulad_EEE_2013J,OULAD,P_out_other_institutions,44,zscore,logistic_regression,1052,0.8675658945760916,0.7332931968693558,0.0,0.5926421404682275,0.46952595936794583,0.9904761904761905,2.352101472643233,0.2107593769694021,-0.1396527538488106
oulad_EEE_2014B,OULAD,P_in_leave_one_cohort_out,18,zscore,logistic_regression,694,0.8775902052215545,0.8324742268041238,0.7875816993464052,0.6537342386032978,0.4124629080118694,1.0,2.059347181008902,0.1377359041875681,0.04437811383528484
oulad_EEE_2014B,OULAD,P_out_other_institutions,44,zscore,logistic_regression,694,0.8658371360413601,0.6793529971455756,0.0,0.6537342386032978,0.4094955489614243,0.9928057553956835,2.0445317336635145,0.24199205590803663,-0.2042572169971632
oulad_EEE_2014J,OULAD,P_in_leave_one_cohort_out,18,zscore,logistic_regression,1188,0.8851425438596491,0.8603508771929824,0.7907465825446898,0.5957446808510638,0.47023809523809523,0.9957983193277311,2.347238895558223,0.13799447542947613,0.10307232102559699
oulad_EEE_2014J,OULAD,P_out_other_institutions,44,zscore,logistic_regression,1188,0.8795237515084008,0.7307692307692307,0.0,0.5957446808510638,0.4662698412698413,0.9873949579831933,2.3274309723889557,0.2107373723477526,-0.14311730771905257
oulad_FFF_2013B,OULAD,P_in_leave_one_cohort_out,18,zscore,logistic_regression,1614,0.8187662920519378,0.7434988179669031,0.7174479166666666,0.6802943581357318,0.36778846153846156,0.9473684210526315,1.8378036437246965,0.1729246446655839,0.021254674464277756
oulad_FFF_2013B,OULAD,P_out_other_institutions,44,zscore,logistic_regression,1614,0.810309794904584,0.6527545909849749,0.0,0.6802943581357318,0.36778846153846156,0.9473684210526315,1.8378036437246965,0.2630912349045018,-0.2344896251951315
oulad_FFF_2013J,OULAD,P_in_leave_one_cohort_out,18,zscore,logistic_regression,2283,0.8492039881309288,0.7744392721117224,0.758057194734453,0.6845289541918754,0.38215488215488214,0.9934354485776805,1.90910196052428,0.15644523564366933,0.014269915854130288
oulad_FFF_2013J,OULAD,P_out_other_institutions,44,zscore,logistic_regression,2283,0.83552611349415,0.6483126110124334,0.0,0.6845289541918754,0.3720538720538721,0.9671772428884027,1.8586411157527134,0.26200700048087766,-0.23926856698273763
oulad_FFF_2014B,OULAD,P_in_leave_one_cohort_out,18,zscore,logistic_regression,1500,0.8422184628509047,0.7479892761394102,0.7506631299734748,0.7212276214833758,0.34988179669030733,0.9866666666666667,1.749408983451537,0.1628655886757668,-0.03183174684385959
oulad_FFF_2014B,OULAD,P_out_other_institutions,44,zscore,logistic_regression,1500,0.8296119172070764,0.6072423398328691,0.0,0.7212276214833758,0.3392434988179669,0.9566666666666667,1.6962174940898347,0.28315756562583266,-0.28269074448918186
oulad_FFF_2014J,OULAD,P_in_leave_one_cohort_out,18,zscore,logistic_regression,2365,0.8905464499690104,0.8219402374130168,0.8097944905990381,0.6908386382507611,0.3766025641025641,0.9936575052854123,1.8830128205128205,0.13345633197204113,0.005122934474401708
oulad_FFF_2014J,OULAD,P_out_other_institutions,44,zscore,logistic_regression,2365,0.8740495087574317,0.6415852958070075,0.0,0.6908386382507611,0.3766025641025641,0.9936575052854123,1.8830128205128205,0.2586771262866678,-0.24616266358198918
ku_Accountancy_1819,KU Leuven,P_in_leave_one_cohort_out,5,zscore,logistic_regression,756,0.649784473739276,0.8091728091728092,0.19931271477663232,0.4587155963302752,0.31555555555555553,0.47019867549668876,1.5798675496688743,0.19963900732390888,0.04655871842919518
ku_Accountancy_1819,KU Leuven,P_out_other_institutions,57,zscore,logistic_regression,756,0.6196944967566436,0.7440532825880114,0.4164859002169197,0.4587155963302752,0.28444444444444444,0.423841059602649,1.4241059602649007,0.2416738014542999,0.15169299095801758
ku_Globaleconom_1819,KU Leuven,P_in_leave_one_cohort_out,5,zscore,logistic_regression,743,0.6066875230033124,0.7188859878154917,0.04154302670623145,0.6086142322097378,0.28615384615384615,0.6241610738255033,1.4269282395456893,0.2537862904291928,-0.12529927030454724
ku_Globaleconom_1819,KU Leuven,P_out_other_institutions,57,zscore,logistic_regression,743,0.5948656606551344,0.673202614379085,0.47183098591549294,0.6086142322097378,0.2523076923076923,0.5503355704697986,1.258151781104801,0.2567738990250299,0.015549120241235892
ku_Accountancy_1920,KU Leuven,P_in_leave_one_cohort_out,5,zscore,logistic_regression,711,0.6604848792331804,0.7964125560538117,0.26058631921824105,0.48723404255319147,0.3056768558951965,0.49295774647887325,1.5305369333907373,0.20452709676605568,0.017186673722506207
ku_Accountancy_1920,KU Leuven,P_out_other_institutions,57,zscore,logistic_regression,711,0.6449926615811121,0.7497467071935157,0.432183908045977,0.48723404255319147,0.3056768558951965,0.49295774647887325,1.5305369333907373,0.22946605214021526,0.12613358369995098
ku_Globaleconom_1920,KU Leuven,P_in_leave_one_cohort_out,5,zscore,logistic_regression,681,0.6458619725529486,0.8516912402428447,0.18181818181818182,0.3938679245283019,0.30538922155688625,0.375,1.5291916167664672,0.1888941410742144,0.10938924959320775
ku_Globaleconom_1920,KU Leuven,P_out_other_institutions,57,zscore,logistic_regression,681,0.6640823411542673,0.7747196738022426,0.4199475065616798,0.3938679245283019,0.32335329341317365,0.39705882352941174,1.6191440648115534,0.22663684636907216,0.2056942308103428
ku_Accountancy_2021,KU Leuven,P_in_leave_one_cohort_out,5,zscore,logistic_regression,725,0.6909947748466926,0.8122270742358079,0.29508196721311475,0.4607218683651805,0.35023041474654376,0.5241379310344828,1.7511520737327189,0.19319996027912928,0.04454600900821526
ku_Accountancy_2021,KU Leuven,P_out_other_institutions,57,zscore,logistic_regression,725,0.6680893718930295,0.7631067961165049,0.41904761904761906,0.4607218683651805,0.31797235023041476,0.47586206896551725,1.5898617511520736,0.2197446059938465,0.1462445646745938
ku_Globaleconom_2021,KU Leuven,P_in_leave_one_cohort_out,5,zscore,logistic_regression,335,0.6601869025538593,0.678714859437751,0.06976744186046512,0.6546184738955823,0.2883435582822086,0.7014925373134329,1.441717791411043,0.2600557345873089,-0.16574714399066875
ku_Globaleconom_2021,KU Leuven,P_out_other_institutions,57,zscore,logistic_regression,335,0.6459908688828648,0.6978922716627635,0.4691358024691358,0.6546184738955823,0.2883435582822086,0.7014925373134329,1.441717791411043,0.24323659664264355,-0.04077270944602657
ukzn_ISTN101_2019,UKZN,P_in_leave_one_cohort_out,15,zscore,logistic_regression,1056,0.6676804946150778,0.9045643153526971,0.0,0.2967741935483871,0.3804347826086957,0.33175355450236965,1.9039769214918605,0.13566268878812607,-0.023546516022026148
ukzn_ISTN101_2019,UKZN,P_out_other_institutions,47,zscore,logistic_regression,1056,0.6686465396888711,0.697350069735007,0.35988200589970504,0.2967741935483871,0.3695652173913043,0.3222748815165877,1.8495775808778074,0.2597453896259274,0.3385741059586063
ukzn_ISTN101_2020,UKZN,P_in_leave_one_cohort_out,15,zscore,logistic_regression,978,0.7364293403044749,0.9726890756302521,0.0,0.09542356377799414,0.46938775510204084,0.11734693877551021,2.342149104539775,0.06322499929008893,0.11846187497415189
ukzn_ISTN101_2020,UKZN,P_out_other_institutions,47,zscore,logistic_regression,978,0.7552338481140572,0.6690493209435311,0.1687612208258528,0.09542356377799414,0.46938775510204084,0.11734693877551021,2.342149104539775,0.32265221799137894,0.4795641415296401
ukzn_ISTN101_2021,UKZN,P_in_leave_one_cohort_out,15,zscore,logistic_regression,741,0.7924919230228966,0.9539333805811481,0.08450704225352113,0.15671641791044774,0.5238095238095238,0.22297297297297297,2.6225868725868726,0.07583315406293396,0.07492933779005986
ukzn_ISTN101_2021,UKZN,P_out_other_institutions,47,zscore,logistic_regression,741,0.7707894367186403,0.7235621521335807,0.2623762376237624,0.15671641791044774,0.49206349206349204,0.20945945945945946,2.463642213642214,0.2656399221152963,0.42813804528793586
ukzn_ISTN102_2018,UKZN,P_in_leave_one_cohort_out,15,zscore,logistic_regression,257,0.6606753812636166,0.8475336322869955,0.0,0.4184615384615385,0.3235294117647059,0.43137254901960786,1.630334486735871,0.19650121048418578,-0.11538922494195156
ukzn_ISTN102_2018,UKZN,P_out_other_institutions,47,zscore,logistic_regression,257,0.6413009648303766,0.6873065015479877,0.4712041884816754,0.4184615384615385,0.29411764705882354,0.39215686274509803,1.4821222606689735,0.2683782373416722,0.25031404480595737
ukzn_ISTN103_2019,UKZN,P_in_leave_one_cohort_out,15,zscore,logistic_regression,1113,0.6511972119721198,0.8442367601246106,0.0,0.4246284501061571,0.2733333333333333,0.36771300448430494,1.3642152466367714,0.20646688743462546,-0.13668659198141933
ukzn_ISTN103_2019,UKZN,P_out_other_institutions,47,zscore,logistic_regression,1113,0.6504756047560475,0.704323570432357,0.46464646464646464,0.4246284501061571,0.2866666666666667,0.38565022421524664,1.4307623318385652,0.2633493718814357,0.2420699921794986
ukzn_ISTN103_2020,UKZN,P_in_leave_one_cohort_out,15,zscore,logistic_regression,1082,0.6922980081830853,0.9438750610053684,0.0,0.19214703425229743,0.33043478260869563,0.17592592592592593,1.6552334943639293,0.09433282454416643,0.05552402022278101
ukzn_ISTN103_2020,UKZN,P_out_other_institutions,47,zscore,logistic_regression,1082,0.6648442066453847,0.6978557504873294,0.256,0.19214703425229743,0.28695652173913044,0.1527777777777778,1.4374396135265701,0.2941848441626605,0.4080664603856192
ukzn_ISTN211_2019,UKZN,P_in_leave_one_cohort_out,15,zscore,logistic_regression,280,0.7888687235329703,0.9629629629629629,0.0,0.12709030100334448,0.5263157894736842,0.17857142857142858,2.6315789473684212,0.06738268255182248,0.08870278789230594
ukzn_ISTN211_2019,UKZN,P_out_other_institutions,47,zscore,logistic_regression,280,0.7170800564629964,0.7009803921568627,0.19736842105263158,0.12709030100334448,0.42105263157894735,0.14285714285714285,2.1052631578947367,0.305748228255668,0.4527251371051154
ukzn_ISTN211_2021,UKZN,P_in_leave_one_cohort_out,15,zscore,logistic_regression,327,0.7555977229601518,0.9733124018838305,0.0,0.09883720930232558,0.47058823529411764,0.12307692307692308,2.367420814479638,0.06075904613383658,0.10753394880672525
ukzn_ISTN211_2021,UKZN,P_out_other_institutions,47,zscore,logistic_regression,327,0.7449715370018976,0.7603960396039604,0.18791946308724833,0.09883720930232558,0.47058823529411764,0.12307692307692308,2.367420814479638,0.3085776826773506,0.4572678999550295
ukzn_ISTN212_2018,UKZN,P_in_leave_one_cohort_out,15,zscore,logistic_regression,238,0.7627108716026243,0.8981481481481481,0.0,0.3120567375886525,0.4318181818181818,0.3958333333333333,2.141098484848485,0.13572245340781677,-0.03262468718885944
ukzn_ISTN212_2018,UKZN,P_out_other_institutions,47,zscore,logistic_regression,238,0.7447867853795689,0.7454545454545455,0.4246575342465753,0.3120567375886525,0.4318181818181818,0.3958333333333333,2.141098484848485,0.25485081385466163,0.3250306799953151
ukzn_ISTN212_2019,UKZN,P_in_leave_one_cohort_out,15,zscore,logistic_regression,264,0.7777777777777778,0.9135802469135802,0.0,0.2745098039215686,0.40476190476190477,0.32075471698113206,2.0161725067385445,0.11692103739090778,-0.006628818586528862
ukzn_ISTN212_2019,UKZN,P_out_other_institutions,47,zscore,logistic_regression,264,0.767910767910768,0.713091922005571,0.3905325443786982,0.2745098039215686,0.4523809523809524,0.3584905660377358,2.2533692722371965,0.24768401907021229,0.355367140787315
ukzn_ISTN2IP_2018,UKZN,P_in_leave_one_cohort_out,15,zscore,logistic_regression,99,0.7032432432432433,0.8554913294797688,0.0,0.40322580645161293,0.28,0.35,1.386,0.185544475351024,-0.10205402424056173
ukzn_ISTN2IP_2018,UKZN,P_out_other_institutions,47,zscore,logistic_regression,99,0.6762162162162163,0.6984126984126984,0.4722222222222222,0.40322580645161293,0.2,0.25,0.99,0.2545533933917182,0.26225700743809127
ukzn_ISTN2IP_2019,UKZN,P_in_leave_one_cohort_out,15,zscore,logistic_regression,116,0.711038961038961,0.8627450980392157,0.0,0.3888888888888889,0.39285714285714285,0.4782608695652174,1.9813664596273293,0.17357684240104967,-0.08864787559320933
ukzn_ISTN2IP_2019,UKZN,P_out_other_institutions,47,zscore,logistic_regression,116,0.6984577922077921,0.7354838709677419,0.4675324675324675,0.3888888888888889,0.39285714285714285,0.4782608695652174,1.9813664596273293,0.2457989559599095,0.2680591409470663
ukzn_ISTN3ND_2018,UKZN,P_in_leave_one_cohort_out,15,zscore,logistic_regression,144,0.6272433958459368,0.7532467532467533,0.0,0.5671641791044776,0.24561403508771928,0.4827586206896552,1.2196007259528132,0.29099601778459366,-0.24920010145084173
ukzn_ISTN3ND_2018,UKZN,P_out_other_institutions,47,zscore,logistic_regression,144,0.6032466223028836,0.5584415584415584,0.4925373134328358,0.5671641791044776,0.2807017543859649,0.5517241379310345,1.3938294010889292,0.2754396369821164,0.12017287354212075
ukzn_ISTN3ND_2019,UKZN,P_in_leave_one_cohort_out,15,zscore,logistic_regression,223,0.6961655662772981,0.8927680798004988,0.044444444444444446,0.32958801498127344,0.4318181818181818,0.4222222222222222,2.13989898989899,0.14910151151602039,-0.04974940833566982
ukzn_ISTN3ND_2019,UKZN,P_out_other_institutions,47,zscore,logistic_regression,223,0.7204164550533265,0.7392739273927392,0.44755244755244755,0.32958801498127344,0.38636363636363635,0.37777777777777777,1.9146464646464647,0.2514933097790959,0.3144340262517886
ukzn_ISTN3SA_2018,UKZN,P_in_leave_one_cohort_out,15,zscore,logistic_regression,141,0.7183183183183183,0.8809523809523809,0.0,0.3508771929824561,0.4666666666666667,0.5,2.35,0.15973886240839497,-0.0638485068569882
ukzn_ISTN3SA_2018,UKZN,P_out_other_institutions,47,zscore,logistic_regression,141,0.7249249249249249,0.6850828729281768,0.43564356435643564,0.3508771929824561,0.5,0.5357142857142857,2.517857142857143,0.250920554017568,0.30810469177075495
ukzn_ISTN3SA_2019,UKZN,P_in_leave_one_cohort_out,15,zscore,logistic_regression,195,0.5938823529411764,0.9315068493150684,0.0,0.22727272727272727,0.32,0.20512820512820512,1.6,0.11174842099544209,0.02509449545719597
ukzn_ISTN3SA_2019,UKZN,P_out_other_institutions,47,zscore,logistic_regression,195,0.5618823529411765,0.6370370370370371,0.18333333333333332,0.22727272727272727,0.32,0.20512820512820512,1.6,0.2983562657938149,0.38555352476458715
zambia_ICT1110_2020,Zambia,P_in_leave_one_cohort_out,1,zscore,logistic_regression,65,0.6575255102040816,0.16666666666666666,0.8113207547169812,0.8596491228070176,0.24489795918367346,0.9230769230769231,1.2244897959183674,0.19418806729001087,-0.12652489448130866
zambia_ICT1110_2020,Zambia,P_out_other_institutions,61,zscore,logistic_regression,65,0.551658163265306,0.4067796610169492,0.5070422535211268,0.8596491228070176,0.1836734693877551,0.6923076923076923,0.9183673469387755,0.3313599158208567,-0.30600304337908185
zambia_ICT1110_2021,Zambia,P_in_leave_one_cohort_out,1,zscore,logistic_regression,52,0.621875,0.09523809523809523,0.7710843373493976,0.761904761904762,0.28125,0.9,1.4625,0.24015645869844351,0.13562492056381614
zambia_ICT1110_2021,Zambia,P_out_other_institutions,61,zscore,logistic_regression,52,0.59375,0.56,0.5925925925925926,0.761904761904762,0.25,0.8,1.3,0.2801947926435174,-0.16266888073902358
oviedo_C1112_1415,Oviedo,P_in_leave_one_cohort_out,19,zscore,logistic_regression,199,0.731990231990232,0.6926070038910506,0.4397163120567376,0.7035830618892508,0.3148148148148148,0.85,1.5662037037037035,0.2308527682113025,-0.0934307602758837
oviedo_C1112_1415,Oviedo,P_out_other_institutions,43,zscore,logistic_regression,199,0.7639397639397639,0.7136563876651982,0.6198830409356725,0.7035830618892508,0.3333333333333333,0.9,1.6583333333333332,0.20677202875557774,-0.1009438174840126
oviedo_C1127_1415,Oviedo,P_in_leave_one_cohort_out,19,zscore,logistic_regression,106,0.5480290853425182,0.7567567567567568,0.4375,0.5379310344827586,0.358974358974359,0.6666666666666666,1.811965811965812,0.23155072877135746,0.08850516711509332
oviedo_C1127_1415,Oviedo,P_out_other_institutions,43,zscore,logistic_regression,106,0.5583620359739763,0.704225352112676,0.4,0.5379310344827586,0.3333333333333333,0.6190476190476191,1.6825396825396828,0.2347810823919883,0.07252836040118887
oviedo_C1200_1415,Oviedo,P_in_leave_one_cohort_out,19,zscore,logistic_regression,107,0.5835755813953488,0.6141732283464567,0.4367816091954023,0.7485380116959064,0.28125,0.8571428571428571,1.4330357142857144,0.2521234327879992,-0.1485862959993623
oviedo_C1200_1415,Oviedo,P_out_other_institutions,43,zscore,logistic_regression,107,0.625,0.6166666666666667,0.5106382978723404,0.7485380116959064,0.28125,0.8571428571428571,1.4330357142857144,0.25228894799654455,-0.16225473171281907
oviedo_C1303_1415,Oviedo,P_in_leave_one_cohort_out,19,zscore,logistic_regression,112,0.6617346938775511,0.5641025641025641,0.5233644859813084,0.7692307692307693,0.21428571428571427,0.6818181818181818,1.0909090909090908,0.24826868575992567,-0.17518679259637576
oviedo_C1303_1415,Oviedo,P_out_other_institutions,43,zscore,logistic_regression,112,0.6593537414965986,0.5420560747663551,0.5811965811965812,0.7692307692307693,0.24285714285714285,0.7727272727272727,1.2363636363636363,0.2499253860860416,-0.16919030839204502
oviedo_C174_1415,Oviedo,P_in_leave_one_cohort_out,19,zscore,logistic_regression,96,0.9376906318082788,0.9107142857142857,0.875,0.6382978723404256,0.4222222222222222,1.0,2.1333333333333333,0.19089697350404786,-0.01440852627318473
oviedo_C174_1415,Oviedo,P_out_other_institutions,43,zscore,logistic_regression,96,0.9111111111111111,0.9272727272727272,0.9024390243902439,0.6382978723404256,0.4222222222222222,1.0,2.1333333333333333,0.11633025856121311,-0.015985860250402606
oviedo_C190_1415,Oviedo,P_in_leave_one_cohort_out,19,zscore,logistic_regression,112,0.4178720668595307,0.5,0.3333333333333333,0.7052023121387282,0.13114754098360656,0.36363636363636365,0.6676602086438153,0.2775374568321898,-0.09254703912949125
oviedo_C190_1415,Oviedo,P_out_other_institutions,43,zscore,logistic_regression,112,0.380263580842173,0.47058823529411764,0.4,0.7052023121387282,0.13114754098360656,0.36363636363636365,0.6676602086438153,0.3469559575550881,-0.08616460262203512
oviedo_C1978_1415,Oviedo,P_in_leave_one_cohort_out,19,zscore,logistic_regression,164,0.6952837140751658,0.7713004484304933,0.5142857142857142,0.43809523809523815,0.3695652173913043,0.5151515151515151,1.8366271409749668,0.219663212603828,0.18221959321889541
oviedo_C1978_1415,Oviedo,P_out_other_institutions,43,zscore,logistic_regression,164,0.6967575534266766,0.7706422018348624,0.5454545454545454,0.43809523809523815,0.391304347826087,0.5454545454545454,1.944664031620553,0.21710057724816995,0.1721425072142958
oviedo_C2011_1415,Oviedo,P_in_leave_one_cohort_out,19,zscore,logistic_regression,120,0.7123567921440261,0.8045977011494253,0.48484848484848486,0.3561643835616438,0.4230769230769231,0.4583333333333333,2.1153846153846154,0.21598547650548844,0.24604680203448703
oviedo_C2011_1415,Oviedo,P_out_other_institutions,43,zscore,logistic_regression,120,0.7266775777414075,0.8114285714285714,0.49230769230769234,0.3561643835616438,0.38461538461538464,0.4166666666666667,1.9230769230769231,0.21194323049384745,0.2353521447458788
oviedo_C2024_1415,Oviedo,P_in_leave_one_cohort_out,19,zscore,logistic_regression,327,0.5912587412587411,0.7139784946236559,0.2962962962962963,0.27440633245382584,0.28846153846153844,0.23076923076923078,1.4511834319526629,0.23917351670509512,0.3239525493486488
oviedo_C2024_1415,Oviedo,P_out_other_institutions,43,zscore,logistic_regression,327,0.5904195804195804,0.7352941176470589,0.29213483146067415,0.27440633245382584,0.3269230769230769,0.26153846153846155,1.6446745562130178,0.2462764825208291,0.2962767350525618
oviedo_C2150_1415,Oviedo,P_in_leave_one_cohort_out,19,zscore,logistic_regression,106,0.7774859287054409,0.8053691275167785,0.5396825396825397,0.5578231292517007,0.4146341463414634,0.8095238095238095,2.092915214866434,0.22209056090200036,0.06994030864825124
oviedo_C2150_1415,Oviedo,P_out_other_institutions,43,zscore,logistic_regression,106,0.7711069418386491,0.7703703703703704,0.5974025974025974,0.5578231292517007,0.4146341463414634,0.8095238095238095,2.092915214866434,0.19055783225989195,0.05539928995868282
oviedo_C2271_1415,Oviedo,P_in_leave_one_cohort_out,19,zscore,logistic_regression,596,0.5783963435147269,0.6398891966759003,0.44680851063829785,0.5860023724792408,0.242914979757085,0.5042016806722689,1.216616201136325,0.24081670885661166,0.04796167711592225
oviedo_C2271_1415,Oviedo,P_out_other_institutions,43,zscore,logistic_regression,596,0.5730833033653121,0.6260623229461756,0.4567901234567901,0.5860023724792408,0.2591093117408907,0.5378151260504201,1.2977239478787466,0.2640507202055431,0.04158587427207505
oviedo_C2335_1415,Oviedo,P_in_leave_one_cohort_out,19,zscore,logistic_regression,428,0.5262493753123438,0.4689655172413793,0.4513064133016627,0.807799442896936,0.2,0.6744186046511628,0.9953488372093022,0.2873291911664501,-0.24921465045947433
oviedo_C2335_1415,Oviedo,P_out_other_institutions,43,zscore,logistic_regression,428,0.5185532233883059,0.3942857142857143,0.5810276679841897,0.807799442896936,0.2,0.6744186046511628,0.9953488372093022,0.3048751898359892,-0.1983587046043554
oviedo_C2406_1415,Oviedo,P_in_leave_one_cohort_out,19,zscore,logistic_regression,133,0.5763855421686747,0.4892086330935252,0.4409448818897638,0.7685185185185186,0.2289156626506024,0.7037037037037037,1.1276215975011155,0.26112266635384634,-0.17518363772037565
oviedo_C2406_1415,Oviedo,P_out_other_institutions,43,zscore,logistic_regression,133,0.6262650602409638,0.5190839694656488,0.5333333333333333,0.7685185185185186,0.24096385542168675,0.7407407407407407,1.186970102632753,0.2622007794016164,-0.17648523373863595
oviedo_C2468_1415,Oviedo,P_in_leave_one_cohort_out,19,zscore,logistic_regression,82,0.6829268292682927,0.6938775510204082,0.5454545454545454,0.6666666666666666,0.2926829268292683,0.75,1.5,0.23427326060270576,-0.04636319905634034
oviedo_C2468_1415,Oviedo,P_out_other_institutions,43,zscore,logistic_regression,82,0.6811421772754312,0.6938775510204082,0.5454545454545454,0.6666666666666666,0.3170731707317073,0.8125,1.625,0.2282277386605887,-0.053188758705639105
oviedo_C2607_1415,Oviedo,P_in_leave_one_cohort_out,19,zscore,logistic_regression,277,0.5045326349717969,0.3843137254901961,0.47491638795986624,0.8482328482328483,0.18627450980392157,0.6909090909090909,0.9381461675579322,0.29454263371431255,-0.3029216593208963
oviedo_C2607_1415,Oviedo,P_out_other_institutions,43,zscore,logistic_regression,277,0.49674321783507924,0.3448275862068966,0.6210826210826211,0.8482328482328483,0.18627450980392157,0.6909090909090909,0.9381461675579322,0.31651368257186147,-0.2552747154608139
oviedo_C3022_1415,Oviedo,P_in_leave_one_cohort_out,19,zscore,logistic_regression,238,0.5391003460207613,0.5915492957746479,0.3958333333333333,0.4444444444444445,0.25,0.3541666666666667,1.2395833333333335,0.237165371818157,0.1819280586739523
oviedo_C3022_1415,Oviedo,P_out_other_institutions,43,zscore,logistic_regression,238,0.5365051903114187,0.6241610738255033,0.3707865168539326,0.4444444444444445,0.25,0.3541666666666667,1.2395833333333335,0.277939344535685,0.19130100451064308
oviedo_C3029_1415,Oviedo,P_in_leave_one_cohort_out,19,zscore,logistic_regression,231,0.5213921901528014,0.6797385620915033,0.3717948717948718,0.49511400651465803,0.17105263157894737,0.2826086956521739,0.8589816933638443,0.2410013737209963,0.13536373260191742
oviedo_C3029_1415,Oviedo,P_out_other_institutions,43,zscore,logistic_regression,231,0.5017826825127334,0.6397306397306397,0.3515151515151515,0.49511400651465803,0.13157894736842105,0.21739130434782608,0.6607551487414187,0.29212744561338133,0.1408980125715254
oviedo_C4189_1415,Oviedo,P_in_leave_one_cohort_out,19,zscore,logistic_regression,128,0.4922794117647059,0.6938775510204082,0.0,0.6382978723404256,0.25,0.5769230769230769,1.2307692307692306,0.2549336580187924,-0.014303915851626603
oviedo_C4189_1415,Oviedo,P_out_other_institutions,43,zscore,logistic_regression,128,0.4905637254901961,0.24444444444444444,0.5903614457831325,0.6382978723404256,0.25,0.5769230769230769,1.2307692307692306,0.2956122643835346,0.029718292272549185
oviedo_C4213_1415,Oviedo,P_in_leave_one_cohort_out,19,zscore,logistic_regression,140,0.6440677966101696,0.7340425531914894,0.45652173913043476,0.592964824120603,0.3389830508474576,0.7142857142857143,1.694915254237288,0.2302030077416995,0.03387402529757244
oviedo_C4213_1415,Oviedo,P_out_other_institutions,43,zscore,logistic_regression,140,0.6555764804352375,0.7045454545454546,0.5,0.592964824120603,0.3389830508474576,0.7142857142857143,1.694915254237288,0.22709592658776262,0.02147012358049205
oviedo_C836_1415,Oviedo,P_in_leave_one_cohort_out,19,zscore,logistic_regression,87,0.5755813953488372,0.6037735849056604,0.38235294117647056,0.6717557251908397,0.2727272727272727,0.7058823529411765,1.3957219251336899,0.24645282738405427,-0.052169174316840206
oviedo_C836_1415,Oviedo,P_out_other_institutions,43,zscore,logistic_regression,87,0.5734672304439746,0.5591397849462365,0.49382716049382713,0.6717557251908397,0.2727272727272727,0.7058823529411765,1.3957219251336899,0.2615245863374101,-0.05313659901748957
oulad_AAA_2013J,OULAD,P_in_leave_one_cohort_out,18,zscore,random_forest,383,0.7356457690990066,0.7474747474747475,0.5387453874538746,0.430327868852459,0.41904761904761906,0.5714285714285714,2.0843537414965985,0.2511863989834474,0.2538299797870171
oulad_AAA_2013J,OULAD,P_out_other_institutions,44,zscore,random_forest,383,0.6721479958890031,0.8495297805642633,0.25,0.430327868852459,0.3333333333333333,0.45454545454545453,1.6580086580086582,0.18288933007755814,0.020173383287536262
oulad_AAA_2014J,OULAD,P_in_leave_one_cohort_out,18,zscore,random_forest,365,0.7387422360248448,0.7379912663755459,0.5588235294117647,0.469601677148847,0.4017857142857143,0.6164383561643836,2.008928571428571,0.23651343635892802,0.19726910469280207
oulad_AAA_2014J,OULAD,P_out_other_institutions,44,zscore,random_forest,365,0.6475155279503105,0.8461538461538461,0.30303030303030304,0.469601677148847,0.33035714285714285,0.5068493150684932,1.6517857142857142,0.19439103450950718,-0.005535302177261281
oulad_BBB_2013B,OULAD,P_in_leave_one_cohort_out,18,zscore,random_forest,1767,0.8299530288389495,0.7580736543909349,0.7586206896551724,0.7059685097034054,0.3620331950207469,0.9886685552407932,1.8122171546789227,0.16154104113703457,-0.007121661760724152
oulad_BBB_2013B,OULAD,P_out_other_institutions,44,zscore,random_forest,1767,0.7368135828816214,0.6234375,0.01026694045174538,0.7059685097034054,0.31224066390041494,0.8526912181303116,1.5629723884193574,0.30321791517579844,-0.29639894651728066
oulad_BBB_2013J,OULAD,P_in_leave_one_cohort_out,18,zscore,random_forest,2237,0.8399942348344117,0.7784280936454849,0.7454370797310279,0.684891240446796,0.3776824034334764,0.9843400447427293,1.8901018713214468,0.1551398497601697,0.00807251292701694
oulad_BBB_2013J,OULAD,P_out_other_institutions,44,zscore,random_forest,2237,0.6879143712766639,0.6478274080826496,0.02028740490278952,0.684891240446796,0.21373390557939914,0.5570469798657718,1.0696258317250915,0.29533674525232273,-0.25501995811199735
oulad_BBB_2014B,OULAD,P_in_leave_one_cohort_out,18,zscore,random_forest,1613,0.8445496350070328,0.7422680412371134,0.7610513739545998,0.7090836334533814,0.3623024830699774,0.9938080495356038,1.80926905632159,0.15401340627375681,0.004427278175255789
oulad_BBB_2014B,OULAD,P_out_other_institutions,44,zscore,random_forest,1613,0.521887158022859,0.6190068493150684,0.0,0.7090836334533814,0.18848758465011287,0.5170278637770898,0.9412708174632571,0.3504317286427717,-0.3153829577546093
oulad_BBB_2014J,OULAD,P_in_leave_one_cohort_out,18,zscore,random_forest,2292,0.8416213602582845,0.7493472584856397,0.7480314960629921,0.6643356643356644,0.39473684210526316,0.982532751091703,1.9754079521948975,0.16023396668381412,0.06531629752743562
oulad_BBB_2014J,OULAD,P_out_other_institutions,44,zscore,random_forest,2292,0.7692910118177387,0.744968657208842,0.5022537025112686,0.6643356643356644,0.362280701754386,0.9017467248908297,1.8129855205699839,0.24370055497370113,-0.20405369434241055
oulad_CCC_2014B,OULAD,P_in_leave_one_cohort_out,18,zscore,random_forest,1936,0.8668256715943976,0.7231503579952268,0.7887067395264117,0.7933935805546899,0.3040062843676355,1.0,1.5208169677926158,0.1512662161017179,-0.09041688237403211
oulad_CCC_2014B,OULAD,P_out_other_institutions,44,zscore,random_forest,1936,0.7095387553776723,0.5108024691358025,0.009375,0.7933935805546899,0.25765907305577374,0.8475452196382429,1.288961150997359,0.35975027213376193,-0.3938127364542245
oulad_CCC_2014J,OULAD,P_in_leave_one_cohort_out,18,zscore,random_forest,2498,0.8329604150819303,0.7398171238570241,0.7583011583011583,0.7450389349409695,0.3344571813890762,0.992,1.6709480782198247,0.15903566904862645,-0.04768972704159291
oulad_CCC_2014J,OULAD,P_out_other_institutions,44,zscore,random_forest,2498,0.7771296367036596,0.5782720273738238,0.006715916722632639,0.7450389349409695,0.30276466621712744,0.898,1.512612272420769,0.33830727215062667,-0.36283743975486177
oulad_DDD_2013B,OULAD,P_in_leave_one_cohort_out,18,zscore,random_forest,1303,0.820760082090844,0.7102177554438861,0.7549575070821529,0.7566793893129771,0.3291298865069357,1.0,1.6431273644388398,0.17221880864083927,-0.07305343723187474
oulad_DDD_2013B,OULAD,P_out_other_institutions,44,zscore,random_forest,1303,0.7932003066043567,0.6112469437652812,0.3443298969072165,0.7566793893129771,0.308953341740227,0.9386973180076629,1.5423992501437387,0.32286110350382397,-0.3704393192172113
oulad_DDD_2013J,OULAD,P_in_leave_one_cohort_out,18,zscore,random_forest,1938,0.8466804661063498,0.7545706371191135,0.7860936745533559,0.7279291106005907,0.34265103697024346,0.979381443298969,1.7114889423926078,0.15442669012752935,-0.02180744263341039
oulad_DDD_2013J,OULAD,P_out_other_institutions,44,zscore,random_forest,1938,0.7969622379021951,0.6468699839486356,0.36416184971098264,0.7279291106005907,0.31199278629395855,0.8917525773195877,1.558355721231164,0.27779699622003584,-0.29505841348541684
oulad_DDD_2014B,OULAD,P_in_leave_one_cohort_out,18,zscore,random_forest,1228,0.8238374896521737,0.7151730257320319,0.7584650112866818,0.7577137076378352,0.3257676902536716,0.991869918699187,1.6261899334614172,0.17107975923304125,-0.07671164941553776
oulad_DDD_2014B,OULAD,P_out_other_institutions,44,zscore,random_forest,1228,0.7974571523339402,0.6164921465968587,0.36853448275862066,0.7577137076378352,0.30707610146862485,0.9349593495934959,1.5328839536726473,0.3137270644622395,-0.3603345577784248
oulad_DDD_2014J,OULAD,P_in_leave_one_cohort_out,18,zscore,random_forest,1803,0.8300437610526632,0.7572314049586777,0.718562874251497,0.718550106609808,0.35410484668644904,0.9916897506925207,1.7685624337276113,0.17323043677220032,-0.09319777284903719
oulad_DDD_2014J,OULAD,P_out_other_institutions,44,zscore,random_forest,1803,0.7551129494749672,0.6116918312040264,0.019550342130987292,0.718550106609808,0.3026706231454006,0.8476454293628809,1.5116762701694109,0.30315946638819063,-0.3091379305890945
oulad_EEE_2013J,OULAD,P_in_leave_one_cohort_out,18,zscore,random_forest,1052,0.8553933288112474,0.8391608391608392,0.7466340269277846,0.5926421404682275,0.4717832957110609,0.9952380952380953,2.363409652800172,0.14384143755849046,0.04883163075449792
oulad_EEE_2013J,OULAD,P_out_other_institutions,44,zscore,random_forest,1052,0.8128338281681475,0.8205128205128205,0.572347266881029,0.5926421404682275,0.4650112866817156,0.9809523809523809,2.329485112329356,0.1818935084651049,-0.10035366479436247
oulad_EEE_2014B,OULAD,P_in_leave_one_cohort_out,18,zscore,random_forest,694,0.8739080201813663,0.8203125,0.7774193548387097,0.6537342386032978,0.4094955489614243,0.9928057553956835,2.0445317336635145,0.13825193604725486,0.016993488833100423
oulad_EEE_2014B,OULAD,P_out_other_institutions,44,zscore,random_forest,694,0.8390560972163346,0.7453027139874739,0.4325581395348837,0.6537342386032978,0.3857566765578635,0.935251798561151,1.9260081549004118,0.23810705021278555,-0.25170414345709435
oulad_EEE_2014J,OULAD,P_in_leave_one_cohort_out,18,zscore,random_forest,1188,0.8648806623039079,0.828125,0.75,0.5957446808510638,0.4642857142857143,0.9831932773109243,2.3175270108043216,0.14085947790781933,0.08857524180639315
oulad_EEE_2014J,OULAD,P_out_other_institutions,44,zscore,random_forest,1188,0.852027348463752,0.8305810397553517,0.6261808367071525,0.5957446808510638,0.4623015873015873,0.9789915966386554,2.307623049219688,0.17244973250428297,-0.1111887479278964
oulad_FFF_2013B,OULAD,P_in_leave_one_cohort_out,18,zscore,random_forest,1614,0.8128965423962227,0.7471876850207223,0.7225471085120208,0.6802943581357318,0.359375,0.9256965944272446,1.795762383900929,0.1760775254268368,-0.03006204805340712
oulad_FFF_2013B,OULAD,P_out_other_institutions,44,zscore,random_forest,1614,0.7329502139484555,0.6724137931034483,0.16299559471365638,0.6802943581357318,0.34375,0.8854489164086687,1.717685758513932,0.2689683602289726,-0.23490108783394725
oulad_FFF_2013J,OULAD,P_in_leave_one_cohort_out,18,zscore,random_forest,2283,0.8384245806620236,0.7582938388625592,0.7501113585746102,0.6845289541918754,0.3787878787878788,0.9846827133479212,1.8922816789337578,0.16061922411103996,0.006523126473461205
oulad_FFF_2013J,OULAD,P_out_other_institutions,44,zscore,random_forest,2283,0.79893801023938,0.7010641728474686,0.3672354948805461,0.6845289541918754,0.3451178451178451,0.8971553610503282,1.7240788630285349,0.2748315352876873,-0.2924151162296908
oulad_FFF_2014B,OULAD,P_in_leave_one_cohort_out,18,zscore,random_forest,1500,0.8368487069931537,0.7496522948539638,0.7695262483994878,0.7212276214833758,0.35106382978723405,0.99,1.7553191489361704,0.16377963486658148,-0.0329958833262598
oulad_FFF_2014B,OULAD,P_out_other_institutions,44,zscore,random_forest,1500,0.7998297438566813,0.664624808575804,0.3688760806916426,0.7212276214833758,0.3215130023640662,0.9066666666666666,1.607565011820331,0.2984113793371348,-0.3317672532320682
oulad_FFF_2014J,OULAD,P_in_leave_one_cohort_out,18,zscore,random_forest,2365,0.8843983856713267,0.802390098164746,0.8060326770004189,0.6908386382507611,0.37740384615384615,0.9957716701902748,1.8870192307692306,0.1355869104902726,0.027777838210242156
oulad_FFF_2014J,OULAD,P_out_other_institutions,44,zscore,random_forest,2365,0.833554995064619,0.7098428983648606,0.4382371198013656,0.6908386382507611,0.3525641025641026,0.9302325581395349,1.7628205128205128,0.24364362975943027,-0.2473548349458788
ku_Accountancy_1819,KU Leuven,P_in_leave_one_cohort_out,5,zscore,random_forest,756,0.6178196275371417,0.8016806722689076,0.2670807453416149,0.4587155963302752,0.28888888888888886,0.4304635761589404,1.4463576158940397,0.20456963925642171,0.0071208426005826
ku_Accountancy_1819,KU Leuven,P_out_other_institutions,57,zscore,random_forest,756,0.6298137685708307,0.7946127946127947,0.24691358024691357,0.4587155963302752,0.28444444444444444,0.423841059602649,1.4241059602649007,0.21084619093379212,0.04568543250712209
ku_Globaleconom_1819,KU Leuven,P_in_leave_one_cohort_out,5,zscore,random_forest,743,0.5809753404490247,0.7091254752851711,0.29493087557603687,0.6086142322097378,0.26461538461538464,0.5771812080536913,1.3195250387196698,0.26717372361113845,-0.14121017648383355
ku_Globaleconom_1819,KU Leuven,P_out_other_institutions,57,zscore,random_forest,743,0.5927015090172985,0.7133520074696545,0.26024096385542167,0.6086142322097378,0.24923076923076923,0.5436241610738255,1.2428084667010841,0.261168582148975,-0.12887514359371122
ku_Accountancy_1920,KU Leuven,P_in_leave_one_cohort_out,5,zscore,random_forest,711,0.6292195908604975,0.7631318136769079,0.4213075060532688,0.48723404255319147,0.2838427947598253,0.45774647887323944,1.4212128667199704,0.218300735768136,0.07486835740041253
ku_Accountancy_1920,KU Leuven,P_out_other_institutions,57,zscore,random_forest,711,0.6237293663592383,0.7306122448979592,0.40271493212669685,0.48723404255319147,0.2445414847161572,0.39436619718309857,1.2244295467125899,0.22679817929184476,0.09219744276704894
ku_Globaleconom_1920,KU Leuven,P_in_leave_one_cohort_out,5,zscore,random_forest,681,0.6256844288077541,0.7922705314009661,0.3425076452599388,0.3938679245283019,0.2754491017964072,0.3382352941176471,1.3792708700246568,0.20624908213176107,0.1481544898396671
ku_Globaleconom_1920,KU Leuven,P_out_other_institutions,57,zscore,random_forest,681,0.6435028775134556,0.8310502283105022,0.30711610486891383,0.3938679245283019,0.30538922155688625,0.375,1.5291916167664672,0.18833009048172578,0.08809982731407676
ku_Accountancy_2021,KU Leuven,P_in_leave_one_cohort_out,5,zscore,random_forest,725,0.6232582822308502,0.7817164179104478,0.38095238095238093,0.4607218683651805,0.29493087557603687,0.4413793103448276,1.4746543778801842,0.2121238848599338,0.08934593335640079
ku_Accountancy_2021,KU Leuven,P_out_other_institutions,57,zscore,random_forest,725,0.6141505497296709,0.7335299901671584,0.3741339491916859,0.4607218683651805,0.2304147465437788,0.3448275862068966,1.152073732718894,0.2248143998719327,0.1437827848567217
ku_Globaleconom_2021,KU Leuven,P_in_leave_one_cohort_out,5,zscore,random_forest,335,0.6021543729490655,0.6790890269151139,0.1711229946524064,0.6546184738955823,0.24539877300613497,0.5970149253731343,1.2269938650306749,0.2844296902423278,-0.19648999965392366
ku_Globaleconom_2021,KU Leuven,P_out_other_institutions,57,zscore,random_forest,335,0.5459052646597232,0.6519823788546255,0.26851851851851855,0.6546184738955823,0.2085889570552147,0.5074626865671642,1.0429447852760738,0.27292616285114474,-0.12714929540896136
ukzn_ISTN101_2019,UKZN,P_in_leave_one_cohort_out,15,zscore,random_forest,1056,0.6331272437175908,0.9079497907949791,0.12,0.2967741935483871,0.31521739130434784,0.27488151658767773,1.5775808778075417,0.1404043781883262,-0.04238741442997759
ukzn_ISTN101_2019,UKZN,P_out_other_institutions,47,zscore,random_forest,1056,0.6280103211009174,0.7283702213279678,0.34782608695652173,0.2967741935483871,0.32065217391304346,0.2796208530805687,1.6047805481145683,0.2300135534604395,0.2866383069234269
ukzn_ISTN101_2020,UKZN,P_in_leave_one_cohort_out,15,zscore,random_forest,978,0.4956283912919312,0.974816369359916,0.04,0.09542356377799414,0.16326530612244897,0.04081632653061224,0.8146605581007913,0.08524803916575828,0.16323648196381524
ukzn_ISTN101_2020,UKZN,P_out_other_institutions,47,zscore,random_forest,978,0.6979635772500605,0.6503244412400865,0.14762741652021089,0.09542356377799414,0.3673469387755102,0.09183673469387756,1.8329862557267806,0.2767833985688484,0.4662498476656247
ukzn_ISTN101_2021,UKZN,P_in_leave_one_cohort_out,15,zscore,random_forest,741,0.7597860186355762,0.9479686386315039,0.0759493670886076,0.15671641791044774,0.4603174603174603,0.19594594594594594,2.3046975546975546,0.07994774515026742,0.07839370275971674
ukzn_ISTN101_2021,UKZN,P_out_other_institutions,47,zscore,random_forest,741,0.7516388069485415,0.7571428571428571,0.24861878453038674,0.15671641791044774,0.4603174603174603,0.19594594594594594,2.3046975546975546,0.23687787497783716,0.3895249313599345
ukzn_ISTN102_2018,UKZN,P_in_leave_one_cohort_out,15,zscore,random_forest,257,0.5987394957983193,0.8475336322869955,0.0,0.4184615384615385,0.23529411764705882,0.3137254901960784,1.1856978085351788,0.20770481373932875,-0.13372584703035068
ukzn_ISTN102_2018,UKZN,P_out_other_institutions,47,zscore,random_forest,257,0.6554232804232805,0.7164179104477612,0.4692737430167598,0.4184615384615385,0.3088235294117647,0.4117647058823529,1.556228373702422,0.253744947500176,0.24058467040806347
ukzn_ISTN103_2019,UKZN,P_in_leave_one_cohort_out,15,zscore,random_forest,1113,0.6485239852398523,0.8405645582854155,0.025559105431309903,0.4246284501061571,0.30333333333333334,0.4080717488789238,1.5139461883408074,0.20287749433008354,-0.11684771572317532
ukzn_ISTN103_2019,UKZN,P_out_other_institutions,47,zscore,random_forest,1113,0.6177736777367773,0.7257328990228012,0.3907380607814761,0.4246284501061571,0.2866666666666667,0.38565022421524664,1.4307623318385652,0.2520536556087774,0.19692812795264858
ukzn_ISTN103_2020,UKZN,P_in_leave_one_cohort_out,15,zscore,random_forest,1082,0.6701047614765523,0.92992992992993,0.1566265060240964,0.19214703425229743,0.391304347826087,0.20833333333333334,1.960144927536232,0.10366890034506648,0.09106861574721557
ukzn_ISTN103_2020,UKZN,P_out_other_institutions,47,zscore,random_forest,1082,0.6421338968571557,0.6719893546240852,0.25416036308623297,0.19214703425229743,0.26956521739130435,0.14351851851851852,1.3503220611916265,0.289673022119426,0.40545014387056966
ukzn_ISTN211_2019,UKZN,P_in_leave_one_cohort_out,15,zscore,random_forest,280,0.7602339181286549,0.961038961038961,0.0,0.12709030100334448,0.47368421052631576,0.16071428571428573,2.368421052631579,0.07829245478990748,0.11417314435900279
ukzn_ISTN211_2019,UKZN,P_out_other_institutions,47,zscore,random_forest,280,0.6142367412784835,0.5957446808510638,0.17391304347826086,0.12709030100334448,0.2631578947368421,0.08928571428571429,1.3157894736842106,0.3420868801638856,0.49044948588604154
ukzn_ISTN211_2021,UKZN,P_in_leave_one_cohort_out,15,zscore,random_forest,327,0.6548387096774193,0.9733124018838305,0.0,0.09883720930232558,0.4117647058823529,0.1076923076923077,2.0714932126696834,0.061458021319326865,0.09201004390545255
ukzn_ISTN211_2021,UKZN,P_out_other_institutions,47,zscore,random_forest,327,0.7495256166982922,0.7404426559356136,0.17834394904458598,0.09883720930232558,0.4117647058823529,0.1076923076923077,2.0714932126696834,0.2537547604772908,0.4226988846366134
ukzn_ISTN212_2018,UKZN,P_in_leave_one_cohort_out,15,zscore,random_forest,238,0.676487816307404,0.8926014319809069,0.21052631578947367,0.3120567375886525,0.38636363636363635,0.3541666666666667,1.915719696969697,0.14227254292982647,-0.00387150627467156
ukzn_ISTN212_2018,UKZN,P_out_other_institutions,47,zscore,random_forest,238,0.7186621368322399,0.7244582043343654,0.41830065359477125,0.3120567375886525,0.4318181818181818,0.3958333333333333,2.141098484848485,0.22397424712069855,0.2732463217105241
ukzn_ISTN212_2019,UKZN,P_in_leave_one_cohort_out,15,zscore,random_forest,264,0.7308022308022308,0.9221052631578948,0.3018867924528302,0.2745098039215686,0.38095238095238093,0.3018867924528302,1.8975741239892183,0.12016460947538002,0.029640434798099496
ukzn_ISTN212_2019,UKZN,P_out_other_institutions,47,zscore,random_forest,264,0.7046332046332047,0.7238605898123325,0.33548387096774196,0.2745098039215686,0.38095238095238093,0.3018867924528302,1.8975741239892183,0.24092661913512564,0.33609032759639257
ukzn_ISTN2IP_2018,UKZN,P_in_leave_one_cohort_out,15,zscore,random_forest,99,0.6594594594594596,0.8554913294797688,0.0,0.40322580645161293,0.24,0.3,1.188,0.18480917672661176,-0.06986527618285332
ukzn_ISTN2IP_2018,UKZN,P_out_other_institutions,47,zscore,random_forest,99,0.6908108108108109,0.732824427480916,0.47761194029850745,0.40322580645161293,0.32,0.4,1.584,0.24169380856684528,0.2588791349453265
ukzn_ISTN2IP_2019,UKZN,P_in_leave_one_cohort_out,15,zscore,random_forest,116,0.6651785714285714,0.8557213930348259,0.06451612903225806,0.3888888888888889,0.32142857142857145,0.391304347826087,1.6211180124223603,0.17369916231550056,-0.041093490478757044
ukzn_ISTN2IP_2019,UKZN,P_out_other_institutions,47,zscore,random_forest,116,0.6846590909090908,0.6891891891891891,0.4523809523809524,0.3888888888888889,0.32142857142857145,0.391304347826087,1.6211180124223603,0.23131905914507697,0.24139604328785194
ukzn_ISTN3ND_2018,UKZN,P_in_leave_one_cohort_out,15,zscore,random_forest,144,0.5742085097801977,0.7532467532467533,0.0,0.5671641791044776,0.2631578947368421,0.5172413793103449,1.3067150635208713,0.2981661084771444,-0.24701294565126355
ukzn_ISTN3ND_2018,UKZN,P_out_other_institutions,47,zscore,random_forest,144,0.5804597701149425,0.6153846153846154,0.453781512605042,0.5671641791044776,0.24561403508771928,0.4827586206896552,1.2196007259528132,0.2605524177960528,0.08974386178696653
ukzn_ISTN3ND_2019,UKZN,P_in_leave_one_cohort_out,15,zscore,random_forest,223,0.7135601828339259,0.8877805486284289,0.0,0.32958801498127344,0.36363636363636365,0.35555555555555557,1.8020202020202023,0.1462259608788451,-0.03753750629139091
ukzn_ISTN3ND_2019,UKZN,P_out_other_institutions,47,zscore,random_forest,223,0.749873031995937,0.759075907590759,0.48951048951048953,0.32958801498127344,0.36363636363636365,0.35555555555555557,1.8020202020202023,0.23016834057909016,0.29736518151853075
ukzn_ISTN3SA_2018,UKZN,P_in_leave_one_cohort_out,15,zscore,random_forest,141,0.7213213213213213,0.88,0.0625,0.3508771929824561,0.43333333333333335,0.4642857142857143,2.1821428571428574,0.15134192337271118,-0.03890021720415504
ukzn_ISTN3SA_2018,UKZN,P_out_other_institutions,47,zscore,random_forest,141,0.6705705705705706,0.6555555555555556,0.39215686274509803,0.3508771929824561,0.4,0.42857142857142855,2.0142857142857142,0.24675363925546498,0.2924963053925639
ukzn_ISTN3SA_2019,UKZN,P_in_leave_one_cohort_out,15,zscore,random_forest,195,0.5887058823529411,0.9096045197740112,0.1111111111111111,0.22727272727272727,0.36,0.23076923076923078,1.8000000000000003,0.1256373330033912,0.07903542722568402
ukzn_ISTN3SA_2019,UKZN,P_out_other_institutions,47,zscore,random_forest,195,0.5409411764705883,0.726027397260274,0.1836734693877551,0.22727272727272727,0.24,0.15384615384615385,1.2000000000000002,0.24775005095793368,0.3268838735600981
zambia_ICT1110_2020,Zambia,P_in_leave_one_cohort_out,1,zscore,random_forest,65,0.4585459183673469,0.25,0.7551020408163265,0.8596491228070176,0.20408163265306123,0.7692307692307693,1.0204081632653061,0.23328932645678963,-0.1366709466459466
zambia_ICT1110_2020,Zambia,P_out_other_institutions,61,zscore,random_forest,65,0.5261479591836735,0.3728813559322034,0.4788732394366197,0.8596491228070176,0.20408163265306123,0.7692307692307693,1.0204081632653061,0.3442922911817725,-0.35522531168045535
zambia_ICT1110_2021,Zambia,P_in_leave_one_cohort_out,1,zscore,random_forest,52,0.45078124999999997,0.08695652173913043,0.7407407407407407,0.761904761904762,0.1875,0.6,0.9749999999999999,0.27413371468620035,0.13666739096122582
zambia_ICT1110_2021,Zambia,P_out_other_institutions,61,zscore,random_forest,52,0.58125,0.5306122448979592,0.5818181818181818,0.761904761904762,0.21875,0.7,1.1375,0.2835630814363135,-0.16272243172757422
oviedo_C1112_1415,Oviedo,P_in_leave_one_cohort_out,19,zscore,random_forest,199,0.6605616605616605,0.6610169491525424,0.5061728395061729,0.7035830618892508,0.3148148148148148,0.85,1.5662037037037035,0.22769638631753747,-0.09023437251676286
oviedo_C1112_1415,Oviedo,P_out_other_institutions,43,zscore,random_forest,199,0.7357549857549857,0.664,0.43243243243243246,0.7035830618892508,0.2962962962962963,0.8,1.474074074074074,0.2567091917976227,-0.2197858413129723
oviedo_C1127_1415,Oviedo,P_in_leave_one_cohort_out,19,zscore,random_forest,106,0.5681209337925756,0.608,0.4367816091954023,0.5379310344827586,0.2564102564102564,0.47619047619047616,1.2942612942612943,0.25489680562755695,0.13559287717320373
oviedo_C1127_1415,Oviedo,P_out_other_institutions,43,zscore,random_forest,106,0.5556831228473019,0.7397260273972602,0.42424242424242425,0.5379310344827586,0.3076923076923077,0.5714285714285714,1.5531135531135531,0.24622181007140248,-0.025429520843766373
oviedo_C1200_1415,Oviedo,P_in_leave_one_cohort_out,19,zscore,random_forest,107,0.6159156976744186,0.576271186440678,0.4791666666666667,0.7485380116959064,0.296875,0.9047619047619048,1.5126488095238098,0.24889605609127471,-0.13522774968150642
oviedo_C1200_1415,Oviedo,P_out_other_institutions,43,zscore,random_forest,107,0.5970203488372092,0.6060606060606061,0.36585365853658536,0.7485380116959064,0.265625,0.8095238095238095,1.353422619047619,0.3106957194529895,-0.2736435680888132
oviedo_C1303_1415,Oviedo,P_in_leave_one_cohort_out,19,zscore,random_forest,112,0.595408163265306,0.544,0.42424242424242425,0.7692307692307693,0.24285714285714285,0.7727272727272727,1.2363636363636363,0.2607130141560713,-0.18081206136409833
oviedo_C1303_1415,Oviedo,P_out_other_institutions,43,zscore,random_forest,112,0.628061224489796,0.5571428571428572,0.2619047619047619,0.7692307692307693,0.24285714285714285,0.7727272727272727,1.2363636363636363,0.3135724253336101,-0.2953021440556486
oviedo_C174_1415,Oviedo,P_in_leave_one_cohort_out,19,zscore,random_forest,96,0.9010893246187364,0.8135593220338984,0.7027027027027027,0.6382978723404256,0.4,0.9473684210526315,2.0210526315789474,0.16383043892757007,-0.056181146648452696
oviedo_C174_1415,Oviedo,P_out_other_institutions,43,zscore,random_forest,96,0.9481481481481481,0.8571428571428571,0.7671232876712328,0.6382978723404256,0.4222222222222222,1.0,2.1333333333333333,0.15181740707492422,-0.07593133291678661
oviedo_C190_1415,Oviedo,P_in_leave_one_cohort_out,19,zscore,random_forest,112,0.3593699774991964,0.42016806722689076,0.34285714285714286,0.7052023121387282,0.13114754098360656,0.36363636363636365,0.6676602086438153,0.3125581937524045,-0.08453364514554579
oviedo_C190_1415,Oviedo,P_out_other_institutions,43,zscore,random_forest,112,0.42108646737383476,0.5694444444444444,0.225,0.7052023121387282,0.18032786885245902,0.5,0.918032786885246,0.33794295211479436,-0.205259813821292
oviedo_C1978_1415,Oviedo,P_in_leave_one_cohort_out,19,zscore,random_forest,164,0.5477155490051584,0.6880733944954128,0.38181818181818183,0.43809523809523815,0.2391304347826087,0.3333333333333333,1.188405797101449,0.24224255841450062,0.17772250781555743
oviedo_C1978_1415,Oviedo,P_out_other_institutions,43,zscore,random_forest,164,0.6429624170965365,0.792,0.3333333333333333,0.43809523809523815,0.2826086956521739,0.3939393939393939,1.4044795783926216,0.20150380655271974,0.0695063544016275
oviedo_C2011_1415,Oviedo,P_in_leave_one_cohort_out,19,zscore,random_forest,120,0.7013093289689034,0.7865168539325843,0.3870967741935484,0.3561643835616438,0.34615384615384615,0.375,1.7307692307692306,0.1994107223309984,0.2028478500284942
oviedo_C2011_1415,Oviedo,P_out_other_institutions,43,zscore,random_forest,120,0.7565466448445173,0.8556149732620321,0.49056603773584906,0.3561643835616438,0.4230769230769231,0.4583333333333333,2.1153846153846154,0.1791975487721927,0.17282165977273667
oviedo_C2024_1415,Oviedo,P_in_leave_one_cohort_out,19,zscore,random_forest,327,0.5425874125874126,0.7664670658682635,0.23529411764705882,0.27440633245382584,0.2692307692307692,0.2153846153846154,1.3544378698224853,0.2239362229195427,0.28058879577036755
oviedo_C2024_1415,Oviedo,P_out_other_institutions,43,zscore,random_forest,327,0.5701398601398602,0.8434622467771639,0.23423423423423423,0.27440633245382584,0.28846153846153844,0.23076923076923078,1.4511834319526629,0.1830034155867236,0.19004553100236474
oviedo_C2150_1415,Oviedo,P_in_leave_one_cohort_out,19,zscore,random_forest,106,0.6213883677298311,0.5739130434782609,0.4948453608247423,0.5578231292517007,0.3170731707317073,0.6190476190476191,1.6004645760743321,0.2399019832746441,0.12085256412348433
oviedo_C2150_1415,Oviedo,P_out_other_institutions,43,zscore,random_forest,106,0.699812382739212,0.7602339181286549,0.0,0.5578231292517007,0.2926829268292683,0.5714285714285714,1.4773519163763065,0.2465263614113145,-0.16940094095377214
oviedo_C2271_1415,Oviedo,P_in_leave_one_cohort_out,19,zscore,random_forest,596,0.5506014871872209,0.6536458333333334,0.37264150943396224,0.5860023724792408,0.2550607287449393,0.5294117647058824,1.2774470111931413,0.27875569109931436,-0.027830152374814343
oviedo_C2271_1415,Oviedo,P_out_other_institutions,43,zscore,random_forest,596,0.563756481792977,0.7087719298245614,0.26112759643916916,0.5860023724792408,0.22672064777327935,0.47058823529411764,1.1355084543939034,0.25644970901472436,-0.08568909350400017
oviedo_C2335_1415,Oviedo,P_in_leave_one_cohort_out,19,zscore,random_forest,428,0.5001374312843578,0.3248407643312102,0.6088560885608856,0.807799442896936,0.20344827586206896,0.686046511627907,1.0125100240577385,0.25605808767192845,-0.14265671178288652
oviedo_C2335_1415,Oviedo,P_out_other_institutions,43,zscore,random_forest,428,0.5072588705647176,0.48484848484848486,0.020338983050847456,0.807799442896936,0.1896551724137931,0.6395348837209303,0.9438652766639936,0.42597049842194,-0.4496165403111452
oviedo_C2406_1415,Oviedo,P_in_leave_one_cohort_out,19,zscore,random_forest,133,0.6137349397590361,0.5285714285714286,0.47619047619047616,0.7685185185185186,0.26506024096385544,0.8148148148148148,1.3056671128960284,0.25628860380601426,-0.16902754881137116
oviedo_C2406_1415,Oviedo,P_out_other_institutions,43,zscore,random_forest,133,0.6780722891566264,0.5423728813559322,0.0898876404494382,0.7685185185185186,0.24096385542168675,0.7407407407407407,1.186970102632753,0.3323833039579138,-0.34339065016324577
oviedo_C2468_1415,Oviedo,P_in_leave_one_cohort_out,19,zscore,random_forest,82,0.6252230814991077,0.6190476190476191,0.6,0.6666666666666666,0.2926829268292683,0.75,1.5,0.23476839900248753,0.016914478170813818
oviedo_C2468_1415,Oviedo,P_out_other_institutions,43,zscore,random_forest,82,0.6966091612135633,0.7079646017699115,0.35294117647058826,0.6666666666666666,0.3170731707317073,0.8125,1.625,0.2635674722530061,-0.20861302102407325
oviedo_C2607_1415,Oviedo,P_in_leave_one_cohort_out,19,zscore,random_forest,277,0.5179626645178619,0.39473684210526316,0.264,0.8482328482328483,0.20098039215686275,0.7454545454545455,1.012210338680927,0.27479254709372075,-0.2694397239731165
oviedo_C2607_1415,Oviedo,P_out_other_institutions,43,zscore,random_forest,277,0.4744493687886113,0.4161849710982659,0.028846153846153848,0.8482328482328483,0.19117647058823528,0.7090909090909091,0.9628342245989304,0.46908727483215923,-0.5160832170207037
oviedo_C3022_1415,Oviedo,P_in_leave_one_cohort_out,19,zscore,random_forest,238,0.5096020761245674,0.7905759162303665,0.14893617021276595,0.4444444444444445,0.20588235294117646,0.2916666666666667,1.0208333333333335,0.22905659657536984,0.13933791100786247
oviedo_C3022_1415,Oviedo,P_out_other_institutions,43,zscore,random_forest,238,0.5514705882352942,0.56,0.39800995024875624,0.4444444444444445,0.27941176470588236,0.3958333333333333,1.3854166666666667,0.37907051300473377,0.30973132507740697
oviedo_C3029_1415,Oviedo,P_in_leave_one_cohort_out,19,zscore,random_forest,231,0.497453310696095,0.7003154574132492,0.3448275862068966,0.49511400651465803,0.14473684210526316,0.2391304347826087,0.7268306636155606,0.2533981270898002,0.1129322606140391
oviedo_C3029_1415,Oviedo,P_out_other_institutions,43,zscore,random_forest,231,0.5744482173174872,0.7893333333333333,0.09195402298850575,0.49511400651465803,0.2894736842105263,0.4782608695652174,1.4536613272311212,0.2286734397032063,-0.07556175412490962
oviedo_C4189_1415,Oviedo,P_in_leave_one_cohort_out,19,zscore,random_forest,128,0.4792892156862745,0.651685393258427,0.20512820512820512,0.6382978723404256,0.21666666666666667,0.5,1.0666666666666667,0.25292544442125026,0.033478055075711
oviedo_C4189_1415,Oviedo,P_out_other_institutions,43,zscore,random_forest,128,0.4861519607843137,0.6938775510204082,0.0,0.6382978723404256,0.25,0.5769230769230769,1.2307692307692306,0.32070411727521586,-0.26222460937499964
oviedo_C4213_1415,Oviedo,P_in_leave_one_cohort_out,19,zscore,random_forest,140,0.6231429169282275,0.6540880503144654,0.5454545454545454,0.592964824120603,0.288135593220339,0.6071428571428571,1.4406779661016949,0.24270351391213996,0.08331608618596636
oviedo_C4213_1415,Oviedo,P_out_other_institutions,43,zscore,random_forest,140,0.6580874659970705,0.7340425531914894,0.45652173913043476,0.592964824120603,0.3050847457627119,0.6428571428571429,1.5254237288135595,0.233396812588256,-0.07833517635908832
oviedo_C836_1415,Oviedo,P_in_leave_one_cohort_out,19,zscore,random_forest,87,0.5903805496828753,0.6153846153846154,0.42857142857142855,0.6717557251908397,0.29545454545454547,0.7647058823529411,1.512032085561497,0.25676510734846764,-0.08601500457548666
oviedo_C836_1415,Oviedo,P_out_other_institutions,43,zscore,random_forest,87,0.4587737843551797,0.5,0.43902439024390244,0.6717557251908397,0.11363636363636363,0.29411764705882354,0.5815508021390374,0.3204490882840292,-0.024388339785621382
oulad_AAA_2013J,OULAD,P_in_leave_one_cohort_out,18,percentile,gradient_boosting,383,0.7365878725590955,0.7777777777777778,0.5245901639344263,0.430327868852459,0.41904761904761906,0.5714285714285714,2.0843537414965985,0.22647757695617207,0.17759287862062706
oulad_AAA_2013J,OULAD,P_out_other_institutions,44,percentile,gradient_boosting,383,0.6940733127783488,0.8496932515337423,0.14035087719298245,0.430327868852459,0.37142857142857144,0.5064935064935064,1.847495361781076,0.17866786536194126,-0.025117672708432653
oulad_AAA_2014J,OULAD,P_in_leave_one_cohort_out,18,percentile,gradient_boosting,365,0.7393774703557312,0.726457399103139,0.5704225352112676,0.469601677148847,0.4017857142857143,0.6164383561643836,2.008928571428571,0.24126023531064206,0.22819306675311463
oulad_AAA_2014J,OULAD,P_out_other_institutions,44,percentile,gradient_boosting,365,0.7190852625635233,0.8227642276422764,0.05217391304347826,0.469601677148847,0.375,0.5753424657534246,1.8749999999999998,0.1998423715397526,-0.11686322377361424
oulad_BBB_2013B,OULAD,P_in_leave_one_cohort_out,18,percentile,gradient_boosting,1767,0.8320147992745047,0.7419918462434478,0.7561915244909191,0.7059685097034054,0.36099585062240663,0.9858356940509915,1.8070245553818483,0.16191576445967082,0.013671357555481656
oulad_BBB_2013B,OULAD,P_out_other_institutions,44,percentile,gradient_boosting,1767,0.7332287376694243,0.6260322453794731,0.04036326942482341,0.7059685097034054,0.2863070539419087,0.7818696883852692,1.4331574059925005,0.2852378847292372,-0.24927703881719587
oulad_BBB_2013J,OULAD,P_in_leave_one_cohort_out,18,percentile,gradient_boosting,2237,0.846013628210877,0.7906018136850783,0.751953125,0.684891240446796,0.3776824034334764,0.9843400447427293,1.8901018713214468,0.15361702174392736,-0.013296731506469261
oulad_BBB_2013J,OULAD,P_out_other_institutions,44,percentile,gradient_boosting,2237,0.5650939241560438,0.6481257557436517,0.0017152658662092624,0.684891240446796,0.19914163090128756,0.5190156599552572,0.9965991685149447,0.3354030571983263,-0.2936079401530554
oulad_BBB_2014B,OULAD,P_in_leave_one_cohort_out,18,percentile,gradient_boosting,1613,0.8481188346307066,0.7082111436950147,0.7862513426423201,0.7090836334533814,0.36455981941309257,1.0,1.8205417607223477,0.1578377298185634,0.0564202425215945
oulad_BBB_2014B,OULAD,P_out_other_institutions,44,percentile,gradient_boosting,1613,0.6381368746914404,0.6207781103035486,0.0,0.7090836334533814,0.18284424379232506,0.5015479876160991,0.9130890564613633,0.3174215975737758,-0.2791764090519065
oulad_BBB_2014J,OULAD,P_in_leave_one_cohort_out,18,percentile,gradient_boosting,2292,0.852547438474659,0.7936127744510978,0.7513227513227513,0.6643356643356644,0.39824561403508774,0.9912663755458515,1.9929671339921855,0.1496027057788101,0.040042566830569615
oulad_BBB_2014J,OULAD,P_out_other_institutions,44,percentile,gradient_boosting,2292,0.7721807230750488,0.7389395474501858,0.5237215033887862,0.6643356643356644,0.36403508771929827,0.9061135371179039,1.8217651114686277,0.2309115108235213,-0.16309958382338413
oulad_CCC_2014B,OULAD,P_in_leave_one_cohort_out,18,percentile,gradient_boosting,1936,0.8756503265999129,0.7142857142857143,0.7609108159392789,0.7933935805546899,0.3040062843676355,1.0,1.5208169677926158,0.1570976657800018,-0.11508067332717253
oulad_CCC_2014B,OULAD,P_out_other_institutions,44,percentile,gradient_boosting,1936,0.7580631019705,0.5094412331406551,0.0031323414252153485,0.7933935805546899,0.2788688138256088,0.917312661498708,1.3950646603782393,0.3258874361921659,-0.3584051822253904
oulad_CCC_2014J,OULAD,P_in_leave_one_cohort_out,18,percentile,gradient_boosting,2498,0.814857049849028,0.7234726688102894,0.7256778309409888,0.7450389349409695,0.3344571813890762,0.992,1.6709480782198247,0.17930078359957136,-0.09054176609631026
oulad_CCC_2014J,OULAD,P_out_other_institutions,44,percentile,gradient_boosting,2498,0.7504618849423184,0.5780182232346242,0.0013477088948787063,0.7450389349409695,0.3122049898853675,0.926,1.5597761294672963,0.4088568634368956,-0.4392223532388272
oulad_DDD_2013B,OULAD,P_in_leave_one_cohort_out,18,percentile,gradient_boosting,1303,0.8200121158173231,0.7142857142857143,0.7598870056497176,0.7566793893129771,0.3291298865069357,1.0,1.6431273644388398,0.1695408749062752,-0.05557818303016926
oulad_DDD_2013B,OULAD,P_out_other_institutions,44,percentile,gradient_boosting,1303,0.739726281433128,0.5691788526434196,0.0748792270531401,0.7566793893129771,0.28247162673392184,0.8582375478927203,1.4101936001314181,0.31005488959982924,-0.3187887898628291
oulad_DDD_2013J,OULAD,P_in_leave_one_cohort_out,18,percentile,gradient_boosting,1938,0.8512080673424258,0.762214983713355,0.7846607669616519,0.7279291106005907,0.3435527502254283,0.9819587628865979,1.715992860662062,0.1522462063944784,-0.012458124532988113
oulad_DDD_2013J,OULAD,P_out_other_institutions,44,percentile,gradient_boosting,1938,0.6755942442631349,0.6002190580503833,0.036939313984168866,0.7279291106005907,0.24256086564472498,0.6932989690721649,1.2115540144831882,0.3140712527629418,-0.2893078961287911
oulad_DDD_2014B,OULAD,P_in_leave_one_cohort_out,18,percentile,gradient_boosting,1228,0.8372206783714403,0.7340619307832422,0.7849779086892489,0.7577137076378352,0.3257676902536716,0.991869918699187,1.6261899334614172,0.16227035419219354,-0.06346864771205163
oulad_DDD_2014B,OULAD,P_out_other_institutions,44,percentile,gradient_boosting,1228,0.675447569619618,0.5634306134603931,0.05662805662805663,0.7577137076378352,0.22696929238985314,0.6910569105691057,1.133001183149348,0.3369401319031969,-0.33890943944086105
oulad_DDD_2014J,OULAD,P_in_leave_one_cohort_out,18,percentile,gradient_boosting,1803,0.8443547742509167,0.7424942263279446,0.7620064034151548,0.718550106609808,0.35113748763600394,0.9833795013850416,1.7537420781377153,0.15533966791105458,-0.004964050861294811
oulad_DDD_2014J,OULAD,P_out_other_institutions,44,percentile,gradient_boosting,1803,0.4791348200101909,0.6105508145849495,0.023346303501945526,0.718550106609808,0.22354104846686448,0.6260387811634349,1.1164667877721792,0.34934240384044096,-0.3064684989455137
oulad_EEE_2013J,OULAD,P_in_leave_one_cohort_out,18,percentile,gradient_boosting,1052,0.8694229151145163,0.8643439584877687,0.7576158940397351,0.5926421404682275,0.47404063205417607,1.0,2.3747178329571104,0.12929438799954407,0.02953391891309648
oulad_EEE_2013J,OULAD,P_out_other_institutions,44,percentile,gradient_boosting,1052,0.7910963093106784,0.735632183908046,0.031042128603104215,0.5926421404682275,0.37697516930022573,0.7952380952380952,1.8884660862087497,0.23386447058252546,-0.16998969169805667
oulad_EEE_2014B,OULAD,P_in_leave_one_cohort_out,18,percentile,gradient_boosting,694,0.8776442327672909,0.8384710234278668,0.7729636048526863,0.6537342386032978,0.4124629080118694,1.0,2.059347181008902,0.13601881571788524,-0.04968827408375753
oulad_EEE_2014B,OULAD,P_out_other_institutions,44,percentile,gradient_boosting,694,0.8436650624641547,0.680648236415634,0.011799410029498525,0.6537342386032978,0.3768545994065282,0.9136690647482014,1.8815618128642486,0.27446180552747,-0.2844945891476255
oulad_EEE_2014J,OULAD,P_in_leave_one_cohort_out,18,percentile,gradient_boosting,1188,0.879626728859185,0.8681757656458056,0.7734553775743707,0.5957446808510638,0.46825396825396826,0.9915966386554622,2.3373349339735894,0.13108981952206597,-0.013311042570371967
oulad_EEE_2014J,OULAD,P_out_other_institutions,44,percentile,gradient_boosting,1188,0.8139895456233175,0.7324396782841823,0.023483365949119372,0.5957446808510638,0.37896825396825395,0.8025210084033614,1.8916566626650662,0.22755329625210535,-0.16755239201600336
oulad_FFF_2013B,OULAD,P_in_leave_one_cohort_out,18,percentile,gradient_boosting,1614,0.8168988540232145,0.7571206628689798,0.638396299151889,0.6802943581357318,0.3641826923076923,0.9380804953560371,1.8197859609430818,0.19003351357992368,-0.11871174441860144
oulad_FFF_2013B,OULAD,P_out_other_institutions,44,percentile,gradient_boosting,1614,0.7657886890123943,0.653027139874739,0.0024009603841536613,0.6802943581357318,0.32211538461538464,0.8297213622291022,1.6095796618242442,0.31185425963013524,-0.31015358912148977
oulad_FFF_2013J,OULAD,P_in_leave_one_cohort_out,18,percentile,gradient_boosting,2283,0.8466222345217779,0.7461328480436761,0.7643581081081081,0.6845289541918754,0.38215488215488214,0.9934354485776805,1.90910196052428,0.16283057648445687,0.05760880514314781
oulad_FFF_2013J,OULAD,P_out_other_institutions,44,percentile,gradient_boosting,2283,0.7142544163092108,0.6462462462462463,0.04692556634304207,0.6845289541918754,0.25252525252525254,0.6564551422319475,1.2615211192891718,0.2896783909298134,-0.24960422323280845
oulad_FFF_2014B,OULAD,P_in_leave_one_cohort_out,18,percentile,gradient_boosting,1500,0.8420160351645809,0.7396870554765291,0.7703889585947302,0.7212276214833758,0.34988179669030733,0.9866666666666667,1.749408983451537,0.1610357106125427,0.006196291709351098
oulad_FFF_2014B,OULAD,P_out_other_institutions,44,percentile,gradient_boosting,1500,0.7170738716463876,0.6056872037914692,0.0651685393258427,0.7212276214833758,0.24468085106382978,0.69,1.2234042553191489,0.3040102337401071,-0.2850777043683116
oulad_FFF_2014J,OULAD,P_in_leave_one_cohort_out,18,percentile,gradient_boosting,2365,0.8899653949452517,0.812526096033403,0.8077087794432548,0.6908386382507611,0.3766025641025641,0.9936575052854123,1.8830128205128205,0.13287398756166965,0.02783955423905593
oulad_FFF_2014J,OULAD,P_out_other_institutions,44,percentile,gradient_boosting,2365,0.778289847462296,0.6435089785104504,0.09152288072018004,0.6908386382507611,0.266025641025641,0.7019027484143763,1.330128205128205,0.2738509699503443,-0.24454348391637143
ku_Accountancy_1819,KU Leuven,P_in_leave_one_cohort_out,5,percentile,gradient_boosting,756,0.6278426449047917,0.7865961199294532,0.35978835978835977,0.4587155963302752,0.29777777777777775,0.44370860927152317,1.4908609271523179,0.20809213683949956,0.05225966607842503
ku_Accountancy_1819,KU Leuven,P_out_other_institutions,57,percentile,gradient_boosting,756,0.6129483155471857,0.8093699515347335,0.1386861313868613,0.4587155963302752,0.28444444444444444,0.423841059602649,1.4241059602649007,0.21416378981476875,-0.08948043082329007
ku_Globaleconom_1819,KU Leuven,P_in_leave_one_cohort_out,5,percentile,gradient_boosting,743,0.6005704821494295,0.7206551410373067,0.20671834625322996,0.6086142322097378,0.26461538461538464,0.5771812080536913,1.3195250387196698,0.2699670834036847,-0.17518668084925793
ku_Globaleconom_1819,KU Leuven,P_out_other_institutions,57,percentile,gradient_boosting,743,0.5996466691203535,0.7200736648250461,0.24,0.6086142322097378,0.2523076923076923,0.5503355704697986,1.258151781104801,0.2611190638149852,-0.14008769323833292
ku_Accountancy_1920,KU Leuven,P_in_leave_one_cohort_out,5,percentile,gradient_boosting,711,0.6304109514577181,0.7757352941176471,0.2694610778443114,0.48723404255319147,0.26200873362445415,0.4225352112676056,1.3118888000492035,0.21072791393154205,0.019865298379374285
ku_Accountancy_1920,KU Leuven,P_out_other_institutions,57,percentile,gradient_boosting,711,0.6188461468770952,0.8056537102473498,0.2413793103448276,0.48723404255319147,0.2576419213973799,0.4154929577464789,1.29002398671505,0.2112704523770052,0.0389258207307176
ku_Globaleconom_1920,KU Leuven,P_in_leave_one_cohort_out,5,percentile,gradient_boosting,681,0.6394021295929542,0.7546391752577319,0.39285714285714285,0.3938679245283019,0.30538922155688625,0.375,1.5291916167664672,0.21323976670708847,0.18263315873686917
ku_Globaleconom_1920,KU Leuven,P_out_other_institutions,57,percentile,gradient_boosting,681,0.6567138097346163,0.846830985915493,0.23008849557522124,0.3938679245283019,0.2994011976047904,0.36764705882352944,1.499207467418105,0.17776313467968688,0.04098746078838986
ku_Accountancy_2021,KU Leuven,P_in_leave_one_cohort_out,5,percentile,gradient_boosting,725,0.655285024855764,0.7858439201451906,0.3218390804597701,0.4607218683651805,0.28110599078341014,0.4206896551724138,1.4055299539170507,0.20340960836399163,0.07134764463168647
ku_Accountancy_2021,KU Leuven,P_out_other_institutions,57,percentile,gradient_boosting,725,0.5982755179796074,0.8167364016736401,0.1411764705882353,0.4607218683651805,0.2626728110599078,0.3931034482758621,1.3133640552995391,0.20879904576217848,0.055905202833833156
ku_Globaleconom_2021,KU Leuven,P_in_leave_one_cohort_out,5,percentile,gradient_boosting,335,0.6300649165358824,0.6818181818181818,0.17204301075268819,0.6546184738955823,0.26380368098159507,0.6417910447761194,1.3190184049079754,0.2777343302907789,-0.19364135825313827
ku_Globaleconom_2021,KU Leuven,P_out_other_institutions,57,percentile,gradient_boosting,335,0.6106612926237694,0.6761133603238867,0.09090909090909091,0.6546184738955823,0.27607361963190186,0.6716417910447762,1.3803680981595094,0.3077349711333794,-0.2582467902885892
ukzn_ISTN101_2019,UKZN,P_in_leave_one_cohort_out,15,percentile,gradient_boosting,1056,0.6529560979258078,0.9032932566649242,0.07035175879396985,0.2967741935483871,0.33695652173913043,0.2938388625592417,1.6863795590356478,0.14139135199023825,-0.05160272521731765
ukzn_ISTN101_2019,UKZN,P_out_other_institutions,47,percentile,gradient_boosting,1056,0.6556516753091344,0.8390871854885898,0.3176178660049628,0.2967741935483871,0.3423913043478261,0.2985781990521327,1.7135792293426744,0.180124402859704,0.19600732949090272
ukzn_ISTN101_2020,UKZN,P_in_leave_one_cohort_out,15,percentile,gradient_boosting,978,0.5604006941851014,0.9527389903329753,0.06382978723404255,0.09542356377799414,0.22448979591836735,0.05612244897959184,1.1201582673885881,0.09226394781716038,0.17043383118292812
ukzn_ISTN101_2020,UKZN,P_out_other_institutions,47,percentile,gradient_boosting,978,0.7116056325651897,0.7170068027210884,0.1440329218106996,0.09542356377799414,0.4489795918367347,0.11224489795918367,2.2403165347771763,0.36636102140897336,0.5178566776633119
ukzn_ISTN101_2021,UKZN,P_in_leave_one_cohort_out,15,percentile,gradient_boosting,741,0.750374584445381,0.9435600578871202,0.22,0.15671641791044774,0.4444444444444444,0.1891891891891892,2.2252252252252256,0.08890396796605046,0.11013577725259485
ukzn_ISTN101_2021,UKZN,P_out_other_institutions,47,percentile,gradient_boosting,741,0.7732593529053705,0.8624296057924377,0.28451882845188287,0.15671641791044774,0.5079365079365079,0.21621621621621623,2.543114543114543,0.1785926622138881,0.3158496071787845
ukzn_ISTN102_2018,UKZN,P_in_leave_one_cohort_out,15,percentile,gradient_boosting,257,0.642156862745098,0.8475336322869955,0.0,0.4184615384615385,0.2647058823529412,0.35294117647058826,1.3339100346020762,0.20888356040511882,-0.1468668401400275
ukzn_ISTN102_2018,UKZN,P_out_other_institutions,47,percentile,gradient_boosting,257,0.6306800497976969,0.803030303030303,0.3389830508474576,0.4184615384615385,0.3088235294117647,0.4117647058823529,1.556228373702422,0.19920438014929553,0.10230690823788052
ukzn_ISTN103_2019,UKZN,P_in_leave_one_cohort_out,15,percentile,gradient_boosting,1113,0.6614862648626486,0.8391534391534392,0.09523809523809523,0.4246284501061571,0.29333333333333333,0.39461883408071746,1.464035874439462,0.20619668260952909,-0.12431728695244179
ukzn_ISTN103_2019,UKZN,P_out_other_institutions,47,percentile,gradient_boosting,1113,0.6521935219352194,0.7516005121638925,0.41566265060240964,0.4246284501061571,0.29,0.3901345291479821,1.4473991031390137,0.24146594608066213,0.17726570676185555
ukzn_ISTN103_2020,UKZN,P_in_leave_one_cohort_out,15,percentile,gradient_boosting,1082,0.6752663998920911,0.9438750610053684,0.0,0.19214703425229743,0.3217391304347826,0.1712962962962963,1.6116747181964575,0.09520693197395343,0.05168413938103526
ukzn_ISTN103_2020,UKZN,P_out_other_institutions,47,percentile,gradient_boosting,1082,0.6478485679600737,0.7548543689320388,0.21705426356589147,0.19214703425229743,0.28695652173913044,0.1527777777777778,1.4374396135265701,0.27257494809179655,0.3607281024626267
ukzn_ISTN211_2019,UKZN,P_in_leave_one_cohort_out,15,percentile,gradient_boosting,280,0.7860455737043758,0.9648798521256932,0.0,0.12709030100334448,0.47368421052631576,0.16071428571428573,2.368421052631579,0.06604898876314028,0.08167549646817075
ukzn_ISTN211_2019,UKZN,P_out_other_institutions,47,percentile,gradient_boosting,280,0.7021576930832829,0.5989304812834224,0.1935483870967742,0.12709030100334448,0.3157894736842105,0.10714285714285714,1.5789473684210527,0.3857911205050812,0.5326264285207115
ukzn_ISTN211_2021,UKZN,P_in_leave_one_cohort_out,15,percentile,gradient_boosting,327,0.6765654648956356,0.9733124018838305,0.0,0.09883720930232558,0.29411764705882354,0.07692307692307693,1.4796380090497738,0.06149986102189735,0.10998813698749903
ukzn_ISTN211_2021,UKZN,P_out_other_institutions,47,percentile,gradient_boosting,327,0.7393738140417457,0.8462929475587704,0.15841584158415842,0.09883720930232558,0.47058823529411764,0.12307692307692308,2.367420814479638,0.18272246845057802,0.34616932314361937
ukzn_ISTN212_2018,UKZN,P_in_leave_one_cohort_out,15,percentile,gradient_boosting,238,0.7424437675726334,0.8981481481481481,0.0,0.3120567375886525,0.36363636363636365,0.3333333333333333,1.8030303030303028,0.14174082604579136,-0.06467713915887931
ukzn_ISTN212_2018,UKZN,P_out_other_institutions,47,percentile,gradient_boosting,238,0.7272727272727273,0.7687861271676301,0.38461538461538464,0.3120567375886525,0.4090909090909091,0.375,2.028409090909091,0.24557069106028903,0.2761970506573401
ukzn_ISTN212_2019,UKZN,P_in_leave_one_cohort_out,15,percentile,gradient_boosting,264,0.7831402831402832,0.918580375782881,0.20408163265306123,0.2745098039215686,0.47619047619047616,0.37735849056603776,2.371967654986523,0.1137654815334937,0.018317783518037978
ukzn_ISTN212_2019,UKZN,P_out_other_institutions,47,percentile,gradient_boosting,264,0.7696803946803946,0.851063829787234,0.4,0.2745098039215686,0.47619047619047616,0.37735849056603776,2.371967654986523,0.16587103114787488,0.22547209387721998
ukzn_ISTN2IP_2018,UKZN,P_in_leave_one_cohort_out,15,percentile,gradient_boosting,99,0.6924324324324324,0.8470588235294118,0.07142857142857142,0.40322580645161293,0.24,0.3,1.188,0.185218129807619,-0.08596724209955525
ukzn_ISTN2IP_2018,UKZN,P_out_other_institutions,47,percentile,gradient_boosting,99,0.7002702702702703,0.7407407407407407,0.4444444444444444,0.40322580645161293,0.28,0.35,1.386,0.2251597784891361,0.2017074222561981
ukzn_ISTN2IP_2019,UKZN,P_in_leave_one_cohort_out,15,percentile,gradient_boosting,116,0.6854707792207793,0.8613861386138614,0.06666666666666667,0.3888888888888889,0.35714285714285715,0.43478260869565216,1.8012422360248446,0.18109149796082763,-0.0948882197466924
ukzn_ISTN2IP_2019,UKZN,P_out_other_institutions,47,percentile,gradient_boosting,116,0.6722808441558441,0.8070175438596491,0.45901639344262296,0.3888888888888889,0.32142857142857145,0.391304347826087,1.6211180124223603,0.199529642545261,0.1566156758284186
ukzn_ISTN3ND_2018,UKZN,P_in_leave_one_cohort_out,15,percentile,gradient_boosting,144,0.5807622504537205,0.7532467532467533,0.0,0.5671641791044776,0.2631578947368421,0.5172413793103449,1.3067150635208713,0.3134544555015027,-0.282765697185534
ukzn_ISTN3ND_2018,UKZN,P_out_other_institutions,47,percentile,gradient_boosting,144,0.578544061302682,0.527027027027027,0.5,0.5671641791044776,0.24561403508771928,0.4827586206896552,1.2196007259528132,0.29703180522927475,0.1648808206491434
ukzn_ISTN3ND_2019,UKZN,P_in_leave_one_cohort_out,15,percentile,gradient_boosting,223,0.6897536820721178,0.89,0.043478260869565216,0.32958801498127344,0.3409090909090909,0.3333333333333333,1.6893939393939394,0.15745937175097247,-0.06889212446717496
ukzn_ISTN3ND_2019,UKZN,P_out_other_institutions,47,percentile,gradient_boosting,223,0.7223209751142712,0.8108108108108109,0.4424778761061947,0.32958801498127344,0.3181818181818182,0.3111111111111111,1.5767676767676768,0.20370905897070055,0.22735459994054222
ukzn_ISTN3SA_2018,UKZN,P_in_leave_one_cohort_out,15,percentile,gradient_boosting,141,0.6804804804804805,0.88,0.0625,0.3508771929824561,0.3333333333333333,0.35714285714285715,1.6785714285714286,0.1603317583452169,-0.04860050232982341
ukzn_ISTN3SA_2018,UKZN,P_out_other_institutions,47,percentile,gradient_boosting,141,0.7012012012012011,0.7980295566502463,0.4810126582278481,0.3508771929824561,0.5,0.5357142857142857,2.517857142857143,0.2088881515488049,0.23544873139711728
ukzn_ISTN3SA_2019,UKZN,P_in_leave_one_cohort_out,15,percentile,gradient_boosting,195,0.5525882352941176,0.925207756232687,0.06896551724137931,0.22727272727272727,0.2,0.1282051282051282,1.0,0.12425236936262093,0.04489979290137913
ukzn_ISTN3SA_2019,UKZN,P_out_other_institutions,47,percentile,gradient_boosting,195,0.5747058823529412,0.8150470219435737,0.16901408450704225,0.22727272727272727,0.24,0.15384615384615385,1.2000000000000002,0.19832224667952686,0.2714785922618727
zambia_ICT1110_2020,Zambia,P_in_leave_one_cohort_out,1,percentile,gradient_boosting,65,0.39668367346938777,0.11428571428571428,0.6736842105263158,0.8596491228070176,0.1836734693877551,0.6923076923076923,0.9183673469387755,0.37415480685817837,-0.080178032214546
zambia_ICT1110_2020,Zambia,P_out_other_institutions,61,percentile,gradient_boosting,65,0.5108418367346939,0.34782608695652173,0.26229508196721313,0.8596491228070176,0.1836734693877551,0.6923076923076923,0.9183673469387755,0.38724122466498706,-0.4103560591309158
zambia_ICT1110_2021,Zambia,P_in_leave_one_cohort_out,1,percentile,gradient_boosting,52,0.42265624999999996,0.08333333333333333,0.725,0.761904761904762,0.125,0.4,0.65,0.3698573610131989,0.24789116971526126
zambia_ICT1110_2021,Zambia,P_out_other_institutions,61,percentile,gradient_boosting,52,0.5671875,0.3902439024390244,0.6031746031746031,0.761904761904762,0.21875,0.7,1.1375,0.2867404504382718,-0.03510213341565205
oviedo_C1112_1415,Oviedo,P_in_leave_one_cohort_out,19,percentile,gradient_boosting,199,0.7282763532763533,0.6702127659574468,0.7047619047619048,0.7035830618892508,0.3148148148148148,0.85,1.5662037037037035,0.20943545417487053,-0.006161113556518716
oviedo_C1112_1415,Oviedo,P_out_other_institutions,43,percentile,gradient_boosting,199,0.7421143671143672,0.674074074074074,0.3125,0.7035830618892508,0.32407407407407407,0.875,1.6122685185185184,0.27806609335081695,-0.26772309246778175
oviedo_C1127_1415,Oviedo,P_in_leave_one_cohort_out,19,percentile,gradient_boosting,106,0.5269804822043629,0.5409836065573771,0.37777777777777777,0.5379310344827586,0.28205128205128205,0.5238095238095238,1.423687423687424,0.2591615892212852,0.15569588796010242
oviedo_C1127_1415,Oviedo,P_out_other_institutions,43,percentile,gradient_boosting,106,0.5478377344048986,0.7950310559006211,0.35294117647058826,0.5379310344827586,0.3333333333333333,0.6190476190476191,1.6825396825396828,0.233267419119561,-0.08992308011285566
oviedo_C1200_1415,Oviedo,P_in_leave_one_cohort_out,19,percentile,gradient_boosting,107,0.5982921511627908,0.5528455284552846,0.3956043956043956,0.7485380116959064,0.25,0.7619047619047619,1.2738095238095237,0.25122767409844005,-0.1474100515233267
oviedo_C1200_1415,Oviedo,P_out_other_institutions,43,percentile,gradient_boosting,107,0.6090116279069767,0.60431654676259,0.26666666666666666,0.7485380116959064,0.296875,0.9047619047619048,1.5126488095238098,0.32408375505260917,-0.3137724978440292
oviedo_C1303_1415,Oviedo,P_in_leave_one_cohort_out,19,percentile,gradient_boosting,112,0.5931972789115645,0.5192307692307693,0.5833333333333334,0.7692307692307693,0.22857142857142856,0.7272727272727273,1.1636363636363636,0.2486076466321379,-0.12434951499075753
oviedo_C1303_1415,Oviedo,P_out_other_institutions,43,percentile,gradient_boosting,112,0.6974489795918367,0.5562913907284768,0.0821917808219178,0.7692307692307693,0.22857142857142856,0.7272727272727273,1.1636363636363636,0.36860496176871826,-0.38875063213531713
oviedo_C174_1415,Oviedo,P_in_leave_one_cohort_out,19,percentile,gradient_boosting,96,0.7350762527233116,0.7246376811594203,0.2962962962962963,0.6382978723404256,0.3333333333333333,0.7894736842105263,1.6842105263157896,0.2259281096525935,-0.09690446023997407
oviedo_C174_1415,Oviedo,P_out_other_institutions,43,percentile,gradient_boosting,96,0.9320261437908496,0.7445255474452555,0.36363636363636365,0.6382978723404256,0.4222222222222222,1.0,2.1333333333333333,0.19758307704351477,-0.20733653763750942
oviedo_C190_1415,Oviedo,P_in_leave_one_cohort_out,19,percentile,gradient_boosting,112,0.396014143362263,0.4426229508196721,0.3333333333333333,0.7052023121387282,0.16393442622950818,0.45454545454545453,0.8345752608047691,0.3115571177056856,-0.07670976136896596
oviedo_C190_1415,Oviedo,P_out_other_institutions,43,percentile,gradient_boosting,112,0.4797492767598843,0.5859872611464968,0.029850746268656716,0.7052023121387282,0.14754098360655737,0.4090909090909091,0.7511177347242922,0.36868050762530696,-0.30334729829367224
oviedo_C1978_1415,Oviedo,P_in_leave_one_cohort_out,19,percentile,gradient_boosting,164,0.6266580692704495,0.7321428571428571,0.4230769230769231,0.43809523809523815,0.34782608695652173,0.48484848484848486,1.7285902503293806,0.225746960171439,0.18898041306152968
oviedo_C1978_1415,Oviedo,P_out_other_institutions,43,percentile,gradient_boosting,164,0.673913043478261,0.8424908424908425,0.21818181818181817,0.43809523809523815,0.3695652173913043,0.5151515151515151,1.8366271409749668,0.18484253470049414,-0.036613287067515626
oviedo_C2011_1415,Oviedo,P_in_leave_one_cohort_out,19,percentile,gradient_boosting,120,0.6833060556464812,0.7932960893854749,0.39344262295081966,0.3561643835616438,0.2692307692307692,0.2916666666666667,1.3461538461538463,0.20706275808786415,0.2109667353959611
oviedo_C2011_1415,Oviedo,P_out_other_institutions,43,percentile,gradient_boosting,120,0.6853518821603929,0.8497409326424871,0.3829787234042553,0.3561643835616438,0.34615384615384615,0.375,1.7307692307692306,0.16536473334455729,0.0702184105831648
oviedo_C2024_1415,Oviedo,P_in_leave_one_cohort_out,19,percentile,gradient_boosting,327,0.5620629370629371,0.8116504854368932,0.302158273381295,0.27440633245382584,0.3076923076923077,0.24615384615384617,1.5479289940828402,0.22062488471807018,0.2785387772641511
oviedo_C2024_1415,Oviedo,P_out_other_institutions,43,percentile,gradient_boosting,327,0.5616083916083916,0.9136212624584718,0.0,0.27440633245382584,0.28846153846153844,0.23076923076923078,1.4511834319526629,0.14324857807965805,0.0787360119429247
oviedo_C2150_1415,Oviedo,P_in_leave_one_cohort_out,19,percentile,gradient_boosting,106,0.724202626641651,0.7317073170731707,0.6292134831460674,0.5578231292517007,0.3170731707317073,0.6190476190476191,1.6004645760743321,0.21946415749997036,0.11986151374863141
oviedo_C2150_1415,Oviedo,P_out_other_institutions,43,percentile,gradient_boosting,106,0.7757973733583491,0.7878787878787878,0.2553191489361702,0.5578231292517007,0.34146341463414637,0.6666666666666666,1.7235772357723576,0.21160343910770796,-0.13161185474141585
oviedo_C2271_1415,Oviedo,P_in_leave_one_cohort_out,19,percentile,gradient_boosting,596,0.5559841304826978,0.6933667083854819,0.37659033078880405,0.5860023724792408,0.2550607287449393,0.5294117647058824,1.2774470111931413,0.27393063727665706,-0.09975793803984656
oviedo_C2271_1415,Oviedo,P_out_other_institutions,43,percentile,gradient_boosting,596,0.5766214632901407,0.732739420935412,0.1836734693877551,0.5860023724792408,0.2550607287449393,0.5294117647058824,1.2774470111931413,0.2685669043749388,-0.15916385061449334
oviedo_C2335_1415,Oviedo,P_in_leave_one_cohort_out,19,percentile,gradient_boosting,428,0.49915042478760613,0.46296296296296297,0.08227848101265822,0.807799442896936,0.1793103448275862,0.6046511627906976,0.8923817161186848,0.31264142576825876,-0.29187096293510834
oviedo_C2335_1415,Oviedo,P_out_other_institutions,43,percentile,gradient_boosting,428,0.4677911044477761,0.4828828828828829,0.046511627906976744,0.807799442896936,0.1896551724137931,0.6395348837209303,0.9438652766639936,0.4401868958207269,-0.45399985112255575
oviedo_C2406_1415,Oviedo,P_in_leave_one_cohort_out,19,percentile,gradient_boosting,133,0.6542168674698795,0.5454545454545454,0.5522388059701493,0.7685185185185186,0.2289156626506024,0.7037037037037037,1.1276215975011155,0.24174954340538485,-0.1279468859703053
oviedo_C2406_1415,Oviedo,P_out_other_institutions,43,percentile,gradient_boosting,133,0.6826506024096386,0.562874251497006,0.26262626262626265,0.7685185185185186,0.27710843373493976,0.8518518518518519,1.3650156180276662,0.3298577462078737,-0.3395008626646146
oviedo_C2468_1415,Oviedo,P_in_leave_one_cohort_out,19,percentile,gradient_boosting,82,0.6790600832837597,0.6233766233766234,0.6666666666666666,0.6666666666666666,0.2926829268292683,0.75,1.5,0.22880893624359627,0.03340042708969648
oviedo_C2468_1415,Oviedo,P_out_other_institutions,43,percentile,gradient_boosting,82,0.676977989292088,0.7115384615384616,0.5,0.6666666666666666,0.2926829268292683,0.75,1.5,0.249890704159247,-0.1644085547407641
oviedo_C2607_1415,Oviedo,P_in_leave_one_cohort_out,19,percentile,gradient_boosting,277,0.45675530486167065,0.3961038961038961,0.24390243902439024,0.8482328482328483,0.17647058823529413,0.6545454545454545,0.8887700534759357,0.2765681214050073,-0.27328857637000464
oviedo_C2607_1415,Oviedo,P_out_other_institutions,43,percentile,gradient_boosting,277,0.4885508998119795,0.4161849710982659,0.028846153846153848,0.8482328482328483,0.19607843137254902,0.7272727272727273,0.9875222816399287,0.48282199255609703,-0.5274739818450146
oviedo_C3022_1415,Oviedo,P_in_leave_one_cohort_out,19,percentile,gradient_boosting,238,0.5701124567474048,0.686084142394822,0.41916167664670656,0.4444444444444445,0.22058823529411764,0.3125,1.09375,0.23479392835569926,0.17750371697350564
oviedo_C3022_1415,Oviedo,P_out_other_institutions,43,percentile,gradient_boosting,238,0.5461072664359862,0.8320802005012531,0.12987012987012986,0.4444444444444445,0.23529411764705882,0.3333333333333333,1.1666666666666667,0.2149093245058519,-0.09122055629645329
oviedo_C3029_1415,Oviedo,P_in_leave_one_cohort_out,19,percentile,gradient_boosting,231,0.4960101867572156,0.6833855799373041,0.2937062937062937,0.49511400651465803,0.15789473684210525,0.2608695652173913,0.7929061784897025,0.24747624423330933,0.10245131565359228
oviedo_C3029_1415,Oviedo,P_out_other_institutions,43,percentile,gradient_boosting,231,0.6127758913412564,0.7923497267759563,0.20833333333333334,0.49511400651465803,0.2894736842105263,0.4782608695652174,1.4536613272311212,0.22754834108255953,-0.08113837225926115
oviedo_C4189_1415,Oviedo,P_in_leave_one_cohort_out,19,percentile,gradient_boosting,128,0.48933823529411763,0.6875,0.0625,0.6382978723404256,0.25,0.5769230769230769,1.2307692307692306,0.2521918476883078,0.00516787065343971
oviedo_C4189_1415,Oviedo,P_out_other_institutions,43,percentile,gradient_boosting,128,0.48982843137254906,0.6938775510204082,0.0,0.6382978723404256,0.25,0.5769230769230769,1.2307692307692306,0.3090326683441512,-0.22773593354759125
oviedo_C4213_1415,Oviedo,P_in_leave_one_cohort_out,19,percentile,gradient_boosting,140,0.674094998953756,0.7116564417177914,0.5982905982905983,0.592964824120603,0.2711864406779661,0.5714285714285714,1.3559322033898304,0.23235603726363147,0.08328394965892244
oviedo_C4213_1415,Oviedo,P_out_other_institutions,43,percentile,gradient_boosting,140,0.649299016530655,0.751219512195122,0.32,0.592964824120603,0.2542372881355932,0.5357142857142857,1.271186440677966,0.25034848045734,-0.13926970717576526
oviedo_C836_1415,Oviedo,P_in_leave_one_cohort_out,19,percentile,gradient_boosting,87,0.5652748414376321,0.6333333333333333,0.18518518518518517,0.6717557251908397,0.22727272727272727,0.5882352941176471,1.1631016042780749,0.28204568684092896,-0.1660029158077116
oviedo_C836_1415,Oviedo,P_out_other_institutions,43,percentile,gradient_boosting,87,0.5214059196617336,0.45,0.5319148936170213,0.6717557251908397,0.20454545454545456,0.5294117647058824,1.0467914438502672,0.2913977481900287,0.025537772831227712
oulad_AAA_2013J,OULAD,P_in_leave_one_cohort_out,18,percentile,logistic_regression,383,0.7271668379582049,0.7253668763102725,0.5467128027681661,0.430327868852459,0.4,0.5454545454545454,1.9896103896103896,0.25836636871721463,0.2709890825276778
oulad_AAA_2013J,OULAD,P_out_other_institutions,44,percentile,logistic_regression,383,0.7280918122644741,0.8411497730711044,0.0,0.430327868852459,0.4380952380952381,0.5974025974025974,2.1790970933828078,0.17901259465146613,0.006290842819941189
oulad_AAA_2014J,OULAD,P_in_leave_one_cohort_out,18,percentile,logistic_regression,365,0.7387422360248448,0.7004608294930875,0.5608108108108109,0.469601677148847,0.4017857142857143,0.6164383561643836,2.008928571428571,0.2515570422730957,0.2380404272428996
oulad_AAA_2014J,OULAD,P_out_other_institutions,44,percentile,logistic_regression,365,0.7299901185770752,0.8187702265372169,0.0,0.469601677148847,0.35714285714285715,0.547945205479452,1.7857142857142856,0.19166266912125232,-0.026707721056157485
oulad_BBB_2013B,OULAD,P_in_leave_one_cohort_out,18,percentile,logistic_regression,1767,0.8240273765908963,0.7219570405727923,0.7491926803013994,0.7059685097034054,0.36410788381742737,0.9943342776203966,1.8226023532730713,0.17082003409496327,-0.0065436188193769285
oulad_BBB_2013B,OULAD,P_out_other_institutions,44,percentile,logistic_regression,1767,0.810773138076611,0.6249027237354086,0.0,0.7059685097034054,0.3506224066390041,0.9575070821529745,1.7550985624111057,0.28197424820077266,-0.26596800264216086
oulad_BBB_2013J,OULAD,P_in_leave_one_cohort_out,18,percentile,logistic_regression,2237,0.8416232944718469,0.7345591702027345,0.7607309817254568,0.684891240446796,0.3776824034334764,0.9843400447427293,1.8901018713214468,0.16452628420955875,0.024908703335717708
oulad_BBB_2013J,OULAD,P_out_other_institutions,44,percentile,logistic_regression,2237,0.8113914067004036,0.6479298881837413,0.0,0.684891240446796,0.35708154506437767,0.930648769574944,1.7870054056130042,0.2726396089923216,-0.24184946262503293
oulad_BBB_2014B,OULAD,P_in_leave_one_cohort_out,18,percentile,logistic_regression,1613,0.8481040858719311,0.7480211081794196,0.776608187134503,0.7090836334533814,0.36455981941309257,1.0,1.8205417607223477,0.15737571175706808,-0.009344975175691772
oulad_BBB_2014B,OULAD,P_out_other_institutions,44,percentile,logistic_regression,1613,0.8237375838738624,0.6213675213675214,0.0,0.7090836334533814,0.36455981941309257,1.0,1.8205417607223477,0.2821619884831783,-0.26978822954103315
oulad_BBB_2014J,OULAD,P_in_leave_one_cohort_out,18,percentile,logistic_regression,2292,0.8479528356481483,0.7492204899777283,0.7592988456605387,0.6643356643356644,0.3973684210526316,0.9890829694323144,1.9885773385428636,0.16230585006925835,0.048557175015185194
oulad_BBB_2014J,OULAD,P_out_other_institutions,44,percentile,logistic_regression,2292,0.8190237420808967,0.6689895470383276,0.0,0.6643356643356644,0.38596491228070173,0.9606986899563319,1.9315099977016776,0.26058469639388365,-0.21828958721544972
oulad_CCC_2014B,OULAD,P_in_leave_one_cohort_out,18,percentile,logistic_regression,1936,0.8665342020547417,0.7213316892725031,0.7991111111111111,0.7933935805546899,0.3040062843676355,1.0,1.5208169677926158,0.1570381174397824,-0.12458825232927029
oulad_CCC_2014B,OULAD,P_out_other_institutions,44,percentile,logistic_regression,1936,0.8473991082927823,0.5101962293189688,0.0,0.7933935805546899,0.3016496465043205,0.9922480620155039,1.509027688972518,0.3301106923320516,-0.37782436960925714
oulad_CCC_2014J,OULAD,P_in_leave_one_cohort_out,18,percentile,logistic_regression,2498,0.8552654219080615,0.753091684434968,0.7815918521312712,0.7450389349409695,0.3351314902225219,0.994,1.6743169251517196,0.1531754368601435,-0.0625620575266046
oulad_CCC_2014J,OULAD,P_out_other_institutions,44,percentile,logistic_regression,2498,0.8246903328029657,0.5778536863079988,0.0,0.7450389349409695,0.32973701955495616,0.978,1.647366149696561,0.3004848847958413,-0.31367769227203357
oulad_DDD_2013B,OULAD,P_in_leave_one_cohort_out,18,percentile,logistic_regression,1303,0.815676384046683,0.7096234309623431,0.7540751240255138,0.7566793893129771,0.3291298865069357,1.0,1.6431273644388398,0.17455356086676105,-0.07573713789381253
oulad_DDD_2013B,OULAD,P_out_other_institutions,44,percentile,logistic_regression,1303,0.8012536162005786,0.5626034197462769,0.0,0.7566793893129771,0.32156368221941994,0.9770114942528736,1.605354321578177,0.3115285151546038,-0.3287359359812789
oulad_DDD_2013J,OULAD,P_in_leave_one_cohort_out,18,percentile,logistic_regression,1938,0.8443690780879329,0.7445500279485746,0.7810253953042645,0.7279291106005907,0.34265103697024346,0.979381443298969,1.7114889423926078,0.15884992824471242,-0.03535310712286288
oulad_DDD_2013J,OULAD,P_out_other_institutions,44,percentile,logistic_regression,1938,0.8261227091425458,0.5992049150704735,0.0,0.7279291106005907,0.3363390441839495,0.961340206185567,1.6799615145064284,0.2918402590114345,-0.2925897039568041
oulad_DDD_2014B,OULAD,P_in_leave_one_cohort_out,18,percentile,logistic_regression,1228,0.8366116547881517,0.7396021699819169,0.7866666666666666,0.7577137076378352,0.3257676902536716,0.991869918699187,1.6261899334614172,0.16408340116509815,-0.07594346788495243
oulad_DDD_2014B,OULAD,P_out_other_institutions,44,percentile,logistic_regression,1228,0.8102327111165618,0.5612185120093731,0.0,0.7577137076378352,0.3177570093457944,0.967479674796748,1.5862016564090875,0.3111673240685757,-0.330100395421406
oulad_DDD_2014J,OULAD,P_in_leave_one_cohort_out,18,percentile,logistic_regression,1803,0.8385524383298864,0.7251954299458809,0.7647967061245496,0.718550106609808,0.35113748763600394,0.9833795013850416,1.7537420781377153,0.16431600283349015,-0.022102212167903312
oulad_DDD_2014J,OULAD,P_out_other_institutions,44,percentile,logistic_regression,1803,0.8269964731389065,0.6104046242774567,0.0,0.718550106609808,0.34223541048466866,0.9584487534626038,1.7092810113680266,0.28651796301614985,-0.28114986408110665
oulad_EEE_2013J,OULAD,P_in_leave_one_cohort_out,18,percentile,logistic_regression,1052,0.8621393914458444,0.7832047986289632,0.7299893276414088,0.5926421404682275,0.47404063205417607,1.0,2.3747178329571104,0.15658022811483757,0.12041227193817938
oulad_EEE_2013J,OULAD,P_out_other_institutions,44,percentile,logistic_regression,1052,0.8631994870027095,0.7332931968693558,0.0,0.5926421404682275,0.46275395033860045,0.9761904761904762,2.3181769321724173,0.21655560283208766,-0.1406877086778433
oulad_EEE_2014B,OULAD,P_in_leave_one_cohort_out,18,percentile,logistic_regression,694,0.8699847891678926,0.8,0.7812971342383107,0.6537342386032978,0.4124629080118694,1.0,2.059347181008902,0.14218123221055615,0.050855358367552894
oulad_EEE_2014B,OULAD,P_out_other_institutions,44,percentile,logistic_regression,694,0.8662277967566849,0.6793529971455756,0.0,0.6537342386032978,0.4065281899109792,0.9856115107913669,2.029716286318126,0.24433069527406442,-0.20532006421922067
oulad_EEE_2014J,OULAD,P_in_leave_one_cohort_out,18,percentile,logistic_regression,1188,0.8825173466072588,0.8070987654320988,0.7685185185185185,0.5957446808510638,0.4662698412698413,0.9873949579831933,2.3274309723889557,0.14640660121762808,0.11705319402861808
oulad_EEE_2014J,OULAD,P_out_other_institutions,44,percentile,logistic_regression,1188,0.8763677132646431,0.7307692307692307,0.0,0.5957446808510638,0.4642857142857143,0.9831932773109243,2.3175270108043216,0.21596065196623063,-0.14414989919205518
oulad_FFF_2013B,OULAD,P_in_leave_one_cohort_out,18,percentile,logistic_regression,1614,0.8021991196144009,0.7372881355932204,0.7246192893401016,0.6802943581357318,0.36899038461538464,0.9504643962848297,1.8438095379852346,0.18144925159573838,0.022111401749139392
oulad_FFF_2013B,OULAD,P_out_other_institutions,44,percentile,logistic_regression,1614,0.8112166166633878,0.6527545909849749,0.0,0.6802943581357318,0.359375,0.9256965944272446,1.795762383900929,0.26669146922286,-0.2353705869819369
oulad_FFF_2013J,OULAD,P_in_leave_one_cohort_out,18,percentile,logistic_regression,2283,0.8413653275525421,0.7573073516386183,0.7625649913344887,0.6845289541918754,0.37962962962962965,0.986870897155361,1.8964867493313884,0.16120463107358052,0.01788555026152483
oulad_FFF_2013J,OULAD,P_out_other_institutions,44,percentile,logistic_regression,2283,0.8343176821487324,0.6483126110124334,0.0,0.6845289541918754,0.3661616161616162,0.9518599562363238,1.829205622969299,0.26628888478000207,-0.2404431672863958
oulad_FFF_2014B,OULAD,P_in_leave_one_cohort_out,18,percentile,logistic_regression,1500,0.8340743632564831,0.7461858529819695,0.7650834403080873,0.7212276214833758,0.3486997635933806,0.9833333333333333,1.743498817966903,0.1658005670184804,-0.028863485901182817
oulad_FFF_2014B,OULAD,P_out_other_institutions,44,percentile,logistic_regression,1500,0.8279310444545657,0.6072423398328691,0.0,0.7212276214833758,0.33569739952718675,0.9466666666666667,1.678486997635934,0.28648638358235945,-0.28389563133549356
oulad_FFF_2014J,OULAD,P_in_leave_one_cohort_out,18,percentile,logistic_regression,2365,0.8842638821936046,0.8037784456848432,0.8096626405664307,0.6908386382507611,0.37580128205128205,0.9915433403805497,1.8790064102564104,0.13603861293691685,0.009987562775739534
oulad_FFF_2014J,OULAD,P_out_other_institutions,44,percentile,logistic_regression,2365,0.8729476562679337,0.6415852958070075,0.0,0.6908386382507611,0.3717948717948718,0.9809725158562368,1.858974358974359,0.26395424096128717,-0.2477920694917437
ku_Accountancy_1819,KU Leuven,P_in_leave_one_cohort_out,5,percentile,logistic_regression,756,0.6531826741996234,0.8039702233250621,0.21782178217821782,0.4587155963302752,0.3111111111111111,0.46357615894039733,1.557615894039735,0.1989629071442305,0.045584377490843875
ku_Accountancy_1819,KU Leuven,P_out_other_institutions,57,percentile,logistic_regression,756,0.6247834274952919,0.739172281039461,0.427061310782241,0.4587155963302752,0.29777777777777775,0.44370860927152317,1.4908609271523179,0.23523009222781133,0.15960378273098874
ku_Globaleconom_1819,KU Leuven,P_in_leave_one_cohort_out,5,percentile,logistic_regression,743,0.6041994847258005,0.7182718271827183,0.16533333333333333,0.6086142322097378,0.27692307692307694,0.6040268456375839,1.380898296334538,0.25474326586726637,-0.12651930920356064
ku_Globaleconom_1819,KU Leuven,P_out_other_institutions,57,percentile,logistic_regression,743,0.5913765182186235,0.6644444444444444,0.48464163822525597,0.6086142322097378,0.24615384615384617,0.5369127516778524,1.227465152297367,0.25389162982728514,0.020090032026530535
ku_Accountancy_1920,KU Leuven,P_in_leave_one_cohort_out,5,percentile,logistic_regression,711,0.6646976752613746,0.7927272727272727,0.2919254658385093,0.48723404255319147,0.3056768558951965,0.49295774647887325,1.5305369333907373,0.20300454891978612,0.01748096646508457
ku_Accountancy_1920,KU Leuven,P_out_other_institutions,57,percentile,logistic_regression,711,0.653617568718404,0.7627811860940695,0.4774774774774775,0.48723404255319147,0.314410480349345,0.5070422535211268,1.574266560059044,0.2256656485666526,0.1356645152376274
ku_Globaleconom_1920,KU Leuven,P_in_leave_one_cohort_out,5,percentile,logistic_regression,681,0.6410272839534938,0.8269581056466302,0.2803030303030303,0.3938679245283019,0.31137724550898205,0.38235294117647056,1.559175766114829,0.1893480684202119,0.10821547827516773
ku_Globaleconom_1920,KU Leuven,P_out_other_institutions,57,percentile,logistic_regression,681,0.6597136466366877,0.7636738906088751,0.4173027989821883,0.3938679245283019,0.3413173652694611,0.41911764705882354,1.7090965128566398,0.22500921669726548,0.21168139950408246
ku_Accountancy_2021,KU Leuven,P_in_leave_one_cohort_out,5,percentile,logistic_regression,725,0.695938713305998,0.8154121863799283,0.38323353293413176,0.4607218683651805,0.35944700460829493,0.5379310344827586,1.7972350230414744,0.1915458348696912,0.04693126192801439
ku_Accountancy_2021,KU Leuven,P_out_other_institutions,57,percentile,logistic_regression,725,0.670584019739468,0.7510121457489879,0.4675324675324675,0.4607218683651805,0.3087557603686636,0.46206896551724136,1.5437788018433178,0.22122703172314315,0.15909601604403872
ku_Globaleconom_2021,KU Leuven,P_in_leave_one_cohort_out,5,percentile,logistic_regression,335,0.6611856184905123,0.6777546777546778,0.17989417989417988,0.6546184738955823,0.294478527607362,0.7164179104477612,1.4723926380368098,0.2574825863512763,-0.16538809430020596
ku_Globaleconom_2021,KU Leuven,P_out_other_institutions,57,percentile,logistic_regression,335,0.6376087887002426,0.7019230769230769,0.5118110236220472,0.6546184738955823,0.294478527607362,0.7164179104477612,1.4723926380368098,0.2379897618142446,-0.031107756055137936
ukzn_ISTN101_2019,UKZN,P_in_leave_one_cohort_out,15,percentile,logistic_regression,1056,0.6647449641005185,0.9045643153526971,0.0,0.2967741935483871,0.3858695652173913,0.33649289099526064,1.931176591798887,0.13688816494530162,-0.02176330364741358
ukzn_ISTN101_2019,UKZN,P_out_other_institutions,47,percentile,logistic_regression,1056,0.6651750099720782,0.6863988724453841,0.3578643578643579,0.2967741935483871,0.3532608695652174,0.3080568720379147,1.7679785699567279,0.26077831898411175,0.34267386128208815
ukzn_ISTN101_2020,UKZN,P_in_leave_one_cohort_out,15,percentile,logistic_regression,978,0.7213374047143077,0.9743051914001049,0.0,0.09542356377799414,0.46938775510204084,0.11734693877551021,2.342149104539775,0.0623171987511882,0.11671247865578757
ukzn_ISTN101_2020,UKZN,P_out_other_institutions,47,percentile,logistic_regression,978,0.7299268469497595,0.666191155492154,0.1552346570397112,0.09542356377799414,0.42857142857142855,0.10714285714285714,2.138483965014577,0.30953042967191907,0.4688098906229855
ukzn_ISTN101_2021,UKZN,P_in_leave_one_cohort_out,15,percentile,logistic_regression,741,0.798415039565482,0.9556025369978859,0.0,0.15671641791044774,0.5238095238095238,0.22297297297297297,2.6225868725868726,0.07585477856188012,0.07366641027404838
ukzn_ISTN101_2021,UKZN,P_out_other_institutions,47,percentile,logistic_regression,741,0.7595284918293768,0.704995287464656,0.25653206650831356,0.15671641791044774,0.4444444444444444,0.1891891891891892,2.2252252252252256,0.2673701539149863,0.4281392300985378
ukzn_ISTN102_2018,UKZN,P_in_leave_one_cohort_out,15,percentile,logistic_regression,257,0.6545284780578898,0.8475336322869955,0.0,0.4184615384615385,0.3235294117647059,0.43137254901960786,1.630334486735871,0.1973442006830683,-0.11624191283154067
ukzn_ISTN102_2018,UKZN,P_out_other_institutions,47,percentile,logistic_regression,257,0.638422035480859,0.6993865030674846,0.4787234042553192,0.4184615384615385,0.29411764705882354,0.39215686274509803,1.4821222606689735,0.2646376076584157,0.24751817437440887
ukzn_ISTN103_2019,UKZN,P_in_leave_one_cohort_out,15,percentile,logistic_regression,1113,0.658950389503895,0.8442367601246106,0.0,0.4246284501061571,0.29,0.3901345291479821,1.4473991031390137,0.20532659159372296,-0.1349943184794278
ukzn_ISTN103_2019,UKZN,P_out_other_institutions,47,percentile,logistic_regression,1113,0.6527798277982779,0.7048951048951049,0.46984924623115576,0.4246284501061571,0.2866666666666667,0.38565022421524664,1.4307623318385652,0.25983608034099615,0.24171022105994172
ukzn_ISTN103_2020,UKZN,P_in_leave_one_cohort_out,15,percentile,logistic_regression,1082,0.6962726496110787,0.9438750610053684,0.0,0.19214703425229743,0.3739130434782609,0.19907407407407407,1.8730273752012883,0.09530170214960422,0.05723223803437667
ukzn_ISTN103_2020,UKZN,P_out_other_institutions,47,percentile,logistic_regression,1082,0.6463917989299042,0.6940104166666666,0.2515923566878981,0.19214703425229743,0.2956521739130435,0.1574074074074074,1.480998389694042,0.29340804093637896,0.4056758392369454
ukzn_ISTN211_2019,UKZN,P_in_leave_one_cohort_out,15,percentile,logistic_regression,280,0.7900786448880823,0.9648798521256932,0.0,0.12709030100334448,0.5263157894736842,0.17857142857142858,2.6315789473684212,0.06656288404204572,0.0886854849524779
ukzn_ISTN211_2019,UKZN,P_out_other_institutions,47,percentile,logistic_regression,280,0.7140552530752168,0.7121951219512195,0.21333333333333335,0.12709030100334448,0.42105263157894735,0.14285714285714285,2.1052631578947367,0.29590173407930515,0.44660216223161553
ukzn_ISTN211_2021,UKZN,P_in_leave_one_cohort_out,15,percentile,logistic_regression,327,0.7548387096774194,0.9733124018838305,0.0,0.09883720930232558,0.47058823529411764,0.12307692307692308,2.367420814479638,0.06062220354544411,0.105690330962656
ukzn_ISTN211_2021,UKZN,P_out_other_institutions,47,percentile,logistic_regression,327,0.7487666034155598,0.7454909819639278,0.18064516129032257,0.09883720930232558,0.4117647058823529,0.1076923076923077,2.0714932126696834,0.29776446623483127,0.4544260740629942
ukzn_ISTN212_2018,UKZN,P_in_leave_one_cohort_out,15,percentile,logistic_regression,238,0.7546274601686972,0.8981481481481481,0.0,0.3120567375886525,0.4090909090909091,0.375,2.028409090909091,0.13691152902430925,-0.03344328387259657
ukzn_ISTN212_2018,UKZN,P_out_other_institutions,47,percentile,logistic_regression,238,0.7239339268978443,0.743202416918429,0.41379310344827586,0.3120567375886525,0.38636363636363635,0.3541666666666667,1.915719696969697,0.26054807765300564,0.32325084814061966
ukzn_ISTN212_2019,UKZN,P_in_leave_one_cohort_out,15,percentile,logistic_regression,264,0.7665165165165164,0.9135802469135802,0.0,0.2745098039215686,0.42857142857142855,0.33962264150943394,2.1347708894878705,0.11897137437921342,-0.005310757861453297
ukzn_ISTN212_2019,UKZN,P_out_other_institutions,47,percentile,logistic_regression,264,0.7597597597597597,0.7123287671232876,0.3558282208588957,0.2745098039215686,0.40476190476190477,0.32075471698113206,2.0161725067385445,0.24901910262339666,0.3549374942286756
ukzn_ISTN2IP_2018,UKZN,P_in_leave_one_cohort_out,15,percentile,logistic_regression,99,0.7108108108108108,0.8554913294797688,0.0,0.40322580645161293,0.32,0.4,1.584,0.18641432089610604,-0.10486925527866059
ukzn_ISTN2IP_2018,UKZN,P_out_other_institutions,47,percentile,logistic_regression,99,0.6837837837837837,0.6935483870967742,0.4864864864864865,0.40322580645161293,0.28,0.35,1.386,0.2546126300382665,0.2602267485492609
ukzn_ISTN2IP_2019,UKZN,P_in_leave_one_cohort_out,15,percentile,logistic_regression,116,0.7017045454545454,0.8627450980392157,0.0,0.3888888888888889,0.4642857142857143,0.5652173913043478,2.341614906832298,0.17446268766177822,-0.08909054676436523
ukzn_ISTN2IP_2019,UKZN,P_out_other_institutions,47,percentile,logistic_regression,116,0.7000811688311689,0.6891891891891891,0.4523809523809524,0.3888888888888889,0.39285714285714285,0.4782608695652174,1.9813664596273293,0.25239242582805366,0.26873105830025745
ukzn_ISTN3ND_2018,UKZN,P_in_leave_one_cohort_out,15,percentile,logistic_regression,144,0.6195805605968946,0.7532467532467533,0.0,0.5671641791044776,0.24561403508771928,0.4827586206896552,1.2196007259528132,0.2928446576336195,-0.25000307189604787
ukzn_ISTN3ND_2018,UKZN,P_out_other_institutions,47,percentile,logistic_regression,144,0.5842911877394636,0.5454545454545454,0.47761194029850745,0.5671641791044776,0.2631578947368421,0.5172413793103449,1.3067150635208713,0.28487497401813594,0.1167073007069856
ukzn_ISTN3ND_2019,UKZN,P_in_leave_one_cohort_out,15,percentile,logistic_regression,223,0.7097511427120365,0.8905472636815921,0.0,0.32958801498127344,0.4090909090909091,0.4,2.0272727272727273,0.14943757706695646,-0.05271918750898197
ukzn_ISTN3ND_2019,UKZN,P_out_other_institutions,47,percentile,logistic_regression,223,0.7296851193499239,0.7308970099667774,0.4413793103448276,0.32958801498127344,0.3409090909090909,0.3333333333333333,1.6893939393939394,0.24802992003957186,0.3141845732708278
ukzn_ISTN3SA_2018,UKZN,P_in_leave_one_cohort_out,15,percentile,logistic_regression,141,0.7144144144144143,0.8809523809523809,0.0,0.3508771929824561,0.4,0.42857142857142855,2.0142857142857142,0.1558714283874781,-0.06173260129339031
ukzn_ISTN3SA_2018,UKZN,P_out_other_institutions,47,percentile,logistic_regression,141,0.6930930930930932,0.6956521739130435,0.42857142857142855,0.3508771929824561,0.4,0.42857142857142855,2.0142857142857142,0.2511082772393388,0.3019696118356402
ukzn_ISTN3SA_2019,UKZN,P_in_leave_one_cohort_out,15,percentile,logistic_regression,195,0.6232941176470588,0.9315068493150684,0.0,0.22727272727272727,0.36,0.23076923076923078,1.8000000000000003,0.11105063743893454,0.02588497982028859
ukzn_ISTN3SA_2019,UKZN,P_out_other_institutions,47,percentile,logistic_regression,195,0.5195294117647059,0.6296296296296297,0.16666666666666666,0.22727272727272727,0.28,0.1794871794871795,1.4000000000000001,0.30597219119175373,0.3836640033267785
zambia_ICT1110_2020,Zambia,P_in_leave_one_cohort_out,1,percentile,logistic_regression,65,0.5427295918367347,0.15384615384615385,0.7884615384615384,0.8596491228070176,0.1836734693877551,0.6923076923076923,0.9183673469387755,0.20973779314456262,-0.13559141615996484
zambia_ICT1110_2020,Zambia,P_out_other_institutions,61,percentile,logistic_regression,65,0.5427295918367347,0.42857142857142855,0.5675675675675675,0.8596491228070176,0.1836734693877551,0.6923076923076923,0.9183673469387755,0.32747753465242774,-0.3062641605365662
zambia_ICT1110_2021,Zambia,P_in_leave_one_cohort_out,1,percentile,logistic_regression,52,0.5093749999999999,0.09090909090909091,0.7560975609756098,0.761904761904762,0.21875,0.7,1.1375,0.2656269796784248,0.1346096617479009
zambia_ICT1110_2021,Zambia,P_out_other_institutions,61,percentile,logistic_regression,52,0.5875,0.5,0.6333333333333333,0.761904761904762,0.21875,0.7,1.1375,0.2861182981111146,-0.16262858000269043
oviedo_C1112_1415,Oviedo,P_in_leave_one_cohort_out,19,percentile,logistic_regression,199,0.7528490028490028,0.7,0.6292134831460674,0.7035830618892508,0.32407407407407407,0.875,1.6122685185185184,0.22354666252691394,-0.09178888804886992
oviedo_C1112_1415,Oviedo,P_out_other_institutions,43,percentile,logistic_regression,199,0.7513227513227514,0.7162790697674418,0.6666666666666666,0.7035830618892508,0.3148148148148148,0.85,1.5662037037037035,0.20846310204317622,-0.09558036393635572
oviedo_C1127_1415,Oviedo,P_in_leave_one_cohort_out,19,percentile,logistic_regression,106,0.5533869115958668,0.6564885496183206,0.4444444444444444,0.5379310344827586,0.28205128205128205,0.5238095238095238,1.423687423687424,0.2444015891197932,0.08873590558288269
oviedo_C1127_1415,Oviedo,P_out_other_institutions,43,percentile,logistic_regression,106,0.529276693455798,0.6617647058823529,0.39473684210526316,0.5379310344827586,0.28205128205128205,0.5238095238095238,1.423687423687424,0.25082176750484475,0.07739980468557023
oviedo_C1200_1415,Oviedo,P_in_leave_one_cohort_out,19,percentile,logistic_regression,107,0.6082848837209303,0.5892857142857143,0.5490196078431373,0.7485380116959064,0.265625,0.8095238095238095,1.353422619047619,0.2550966440838173,-0.1480765403710031
oviedo_C1200_1415,Oviedo,P_out_other_institutions,43,percentile,logistic_regression,107,0.6119186046511628,0.5945945945945946,0.5631067961165048,0.7485380116959064,0.28125,0.8571428571428571,1.4330357142857144,0.25401066211443124,-0.15259646202588117
oviedo_C1303_1415,Oviedo,P_in_leave_one_cohort_out,19,percentile,logistic_regression,112,0.6726190476190476,0.5565217391304348,0.5321100917431193,0.7692307692307693,0.22857142857142856,0.7272727272727273,1.1636363636363636,0.24684098120177173,-0.17595151924254276
oviedo_C1303_1415,Oviedo,P_out_other_institutions,43,percentile,logistic_regression,112,0.6668367346938775,0.5607476635514018,0.5982905982905983,0.7692307692307693,0.21428571428571427,0.6818181818181818,1.0909090909090908,0.2519749743426341,-0.17405406239489968
oviedo_C174_1415,Oviedo,P_in_leave_one_cohort_out,19,percentile,logistic_regression,96,0.9525054466230938,0.9158878504672897,0.8941176470588236,0.6382978723404256,0.4222222222222222,1.0,2.1333333333333333,0.184986730165245,-0.015216933955788825
oviedo_C174_1415,Oviedo,P_out_other_institutions,43,percentile,logistic_regression,96,0.9098039215686273,0.8947368421052632,0.8461538461538461,0.6382978723404256,0.4222222222222222,1.0,2.1333333333333333,0.11828185681762882,-0.020755880788858094
oviedo_C190_1415,Oviedo,P_in_leave_one_cohort_out,19,percentile,logistic_regression,112,0.3960141433622629,0.42105263157894735,0.4,0.7052023121387282,0.14754098360655737,0.4090909090909091,0.7511177347242922,0.29187870371265784,-0.09218474777710695
oviedo_C190_1415,Oviedo,P_out_other_institutions,43,percentile,logistic_regression,112,0.3603342976534876,0.43333333333333335,0.34615384615384615,0.7052023121387282,0.09836065573770492,0.2727272727272727,0.5007451564828614,0.3412346369487456,-0.09369710566200085
oviedo_C1978_1415,Oviedo,P_in_leave_one_cohort_out,19,percentile,logistic_regression,164,0.6845983787767133,0.7264150943396226,0.5,0.43809523809523815,0.3695652173913043,0.5151515151515151,1.8366271409749668,0.2205521377750122,0.18241705036999417
oviedo_C1978_1415,Oviedo,P_out_other_institutions,43,percentile,logistic_regression,164,0.6941783345615327,0.7741935483870968,0.5585585585585585,0.43809523809523815,0.3695652173913043,0.5151515151515151,1.8366271409749668,0.21635385170617005,0.17040785985582757
oviedo_C2011_1415,Oviedo,P_in_leave_one_cohort_out,19,percentile,logistic_regression,120,0.7025368248772504,0.7804878048780488,0.5263157894736842,0.3561643835616438,0.34615384615384615,0.375,1.7307692307692306,0.2171787609521672,0.24555207342404717
oviedo_C2011_1415,Oviedo,P_out_other_institutions,43,percentile,logistic_regression,120,0.7168576104746318,0.7861271676300579,0.44776119402985076,0.3561643835616438,0.38461538461538464,0.4166666666666667,1.9230769230769231,0.21632197375935477,0.23041889347840377
oviedo_C2024_1415,Oviedo,P_in_leave_one_cohort_out,19,percentile,logistic_regression,327,0.602097902097902,0.6815144766146993,0.3024390243902439,0.27440633245382584,0.3269230769230769,0.26153846153846155,1.6446745562130178,0.24040122405602332,0.3249041252956659
oviedo_C2024_1415,Oviedo,P_out_other_institutions,43,percentile,logistic_regression,327,0.5683916083916084,0.7272727272727273,0.287292817679558,0.27440633245382584,0.3269230769230769,0.26153846153846155,1.6446745562130178,0.2469036226930554,0.29173534981274285
oviedo_C2150_1415,Oviedo,P_in_leave_one_cohort_out,19,percentile,logistic_regression,106,0.7913696060037525,0.8,0.6111111111111112,0.5578231292517007,0.4146341463414634,0.8095238095238095,2.092915214866434,0.20235127990395993,0.06901301678302008
oviedo_C2150_1415,Oviedo,P_out_other_institutions,43,percentile,logistic_regression,106,0.8281425891181988,0.8244274809160306,0.7160493827160493,0.5578231292517007,0.4878048780487805,0.9523809523809523,2.462253193960511,0.17760741442811745,0.06061430943634222
oviedo_C2271_1415,Oviedo,P_in_leave_one_cohort_out,19,percentile,logistic_regression,596,0.5641857011936939,0.5994152046783626,0.46062992125984253,0.5860023724792408,0.25101214574898784,0.5210084033613446,1.257170074507536,0.24559617538417033,0.05022857200122355
oviedo_C2271_1415,Oviedo,P_out_other_institutions,43,percentile,logistic_regression,596,0.5685706993956127,0.6235955056179775,0.44166666666666665,0.5860023724792408,0.2591093117408907,0.5378151260504201,1.2977239478787466,0.270486660139585,0.03711423276435993
oviedo_C2335_1415,Oviedo,P_in_leave_one_cohort_out,19,percentile,logistic_regression,428,0.5329710144927536,0.4892086330935252,0.05333333333333334,0.807799442896936,0.19310344827586207,0.6511627906976745,0.9610264635124298,0.2823679882228235,-0.2518058986322324
oviedo_C2335_1415,Oviedo,P_out_other_institutions,43,percentile,logistic_regression,428,0.5189030484757622,0.41131105398457585,0.5096359743040685,0.807799442896936,0.2103448275862069,0.7093023255813954,1.046832397754611,0.3136958863496426,-0.22036835678218053
oviedo_C2406_1415,Oviedo,P_in_leave_one_cohort_out,19,percentile,logistic_regression,133,0.6390361445783133,0.5538461538461539,0.5735294117647058,0.7685185185185186,0.25301204819277107,0.7777777777777778,1.2463186077643909,0.2517474229071051,-0.17467708615134303
oviedo_C2406_1415,Oviedo,P_out_other_institutions,43,percentile,logistic_regression,133,0.669156626506024,0.5538461538461539,0.5735294117647058,0.7685185185185186,0.2289156626506024,0.7037037037037037,1.1276215975011155,0.2525080042467088,-0.17621049278581485
oviedo_C2468_1415,Oviedo,P_in_leave_one_cohort_out,19,percentile,logistic_regression,82,0.6621058893515765,0.6666666666666666,0.5945945945945946,0.6666666666666666,0.2926829268292683,0.75,1.5,0.23301624482295147,-0.0477726037386727
oviedo_C2468_1415,Oviedo,P_out_other_institutions,43,percentile,logistic_regression,82,0.6805472932778108,0.6938775510204082,0.5454545454545454,0.6666666666666666,0.3170731707317073,0.8125,1.625,0.2268459460729741,-0.05624627924448922
oviedo_C2607_1415,Oviedo,P_in_leave_one_cohort_out,19,percentile,logistic_regression,277,0.5000335750738651,0.41714285714285715,0.0,0.8482328482328483,0.19607843137254902,0.7272727272727273,0.9875222816399287,0.29035421886853574,-0.3049607756019962
oviedo_C2607_1415,Oviedo,P_out_other_institutions,43,percentile,logistic_regression,277,0.4967432178350792,0.3559322033898305,0.5220125786163522,0.8482328482328483,0.18137254901960784,0.6727272727272727,0.913458110516934,0.3284657764467444,-0.2764769603956306
oviedo_C3022_1415,Oviedo,P_in_leave_one_cohort_out,19,percentile,logistic_regression,238,0.5662629757785468,0.6666666666666666,0.34782608695652173,0.4444444444444445,0.25,0.3541666666666667,1.2395833333333335,0.23519765979757004,0.18073886786278903
oviedo_C3022_1415,Oviedo,P_out_other_institutions,43,percentile,logistic_regression,238,0.5344723183391004,0.6474358974358975,0.32926829268292684,0.4444444444444445,0.25,0.3541666666666667,1.2395833333333335,0.28422098045349065,0.17444362292990961
oviedo_C3029_1415,Oviedo,P_in_leave_one_cohort_out,19,percentile,logistic_regression,231,0.5613752122241087,0.6622073578595318,0.3803680981595092,0.49511400651465803,0.25,0.41304347826086957,1.2554347826086956,0.23722086167148587,0.134309286564322
oviedo_C3029_1415,Oviedo,P_out_other_institutions,43,percentile,logistic_regression,231,0.49940577249575546,0.627177700348432,0.38857142857142857,0.49511400651465803,0.13157894736842105,0.21739130434782608,0.6607551487414187,0.30217529258257564,0.12982878509446155
oviedo_C4189_1415,Oviedo,P_in_leave_one_cohort_out,19,percentile,logistic_regression,128,0.49375,0.6938775510204082,0.0,0.6382978723404256,0.25,0.5769230769230769,1.2307692307692306,0.2499320665661031,-0.016924652382565464
oviedo_C4189_1415,Oviedo,P_out_other_institutions,43,percentile,logistic_regression,128,0.48026960784313727,0.24444444444444444,0.5903614457831325,0.6382978723404256,0.25,0.5769230769230769,1.2307692307692306,0.2770565698259374,-0.006331966729860472
oviedo_C4213_1415,Oviedo,P_in_leave_one_cohort_out,19,percentile,logistic_regression,140,0.6499267629211132,0.6829268292682927,0.5517241379310345,0.592964824120603,0.3050847457627119,0.6428571428571429,1.5254237288135595,0.22969226761850764,0.035110129812599755
oviedo_C4213_1415,Oviedo,P_out_other_institutions,43,percentile,logistic_regression,140,0.6591337099811676,0.6896551724137931,0.49056603773584906,0.592964824120603,0.3220338983050847,0.6785714285714286,1.6101694915254239,0.22658481991506133,0.02329383250811673
oviedo_C836_1415,Oviedo,P_in_leave_one_cohort_out,19,percentile,logistic_regression,87,0.5708245243128964,0.6213592233009708,0.4507042253521127,0.6717557251908397,0.2727272727272727,0.7058823529411765,1.3957219251336899,0.2509210731832554,-0.054373373786194557
oviedo_C836_1415,Oviedo,P_out_other_institutions,43,percentile,logistic_regression,87,0.5692389006342495,0.5393258426966292,0.5176470588235295,0.6717557251908397,0.2727272727272727,0.7058823529411765,1.3957219251336899,0.278330730608002,-0.04919072779789058
oulad_AAA_2013J,OULAD,P_in_leave_one_cohort_out,18,percentile,random_forest,383,0.7215142171976705,0.7653846153846153,0.5040650406504065,0.430327868852459,0.4095238095238095,0.5584415584415584,2.0369820655534943,0.22665400367851832,0.1731802628189043
oulad_AAA_2013J,OULAD,P_out_other_institutions,44,percentile,random_forest,383,0.69397053785543,0.8562401263823065,0.3157894736842105,0.430327868852459,0.38095238095238093,0.5194805194805194,1.8948670377241805,0.1766218817182208,-0.011127498735053032
oulad_AAA_2014J,OULAD,P_in_leave_one_cohort_out,18,percentile,random_forest,365,0.7377893845285148,0.7366071428571429,0.5815602836879432,0.469601677148847,0.375,0.5753424657534246,1.8749999999999998,0.23869906029711024,0.2225847098491513
oulad_AAA_2014J,OULAD,P_out_other_institutions,44,percentile,random_forest,365,0.7147797854319593,0.8248772504091653,0.10084033613445378,0.469601677148847,0.38392857142857145,0.589041095890411,1.9196428571428572,0.19735616622568086,-0.11886231041794443
oulad_BBB_2013B,OULAD,P_in_leave_one_cohort_out,18,percentile,random_forest,1767,0.8237205655141766,0.7253269916765755,0.7505399568034558,0.7059685097034054,0.3630705394190871,0.9915014164305949,1.8174097539759968,0.16638638971555317,0.016794517011387344
oulad_BBB_2013B,OULAD,P_out_other_institutions,44,percentile,random_forest,1767,0.6612056448070772,0.6225528582615505,0.0163265306122449,0.7059685097034054,0.29356846473029047,0.8016997167138811,1.4695056010720204,0.3021214485662596,-0.2644316406961154
oulad_BBB_2013J,OULAD,P_in_leave_one_cohort_out,18,percentile,random_forest,2237,0.8428259720709756,0.7826825127334465,0.7582625118035883,0.684891240446796,0.3776824034334764,0.9843400447427293,1.8901018713214468,0.1541265969130912,0.006575807866373795
oulad_BBB_2013J,OULAD,P_out_other_institutions,44,percentile,random_forest,2237,0.6628735346870797,0.6481257557436517,0.0017152658662092624,0.684891240446796,0.3296137339055794,0.8590604026845637,1.6495434513350808,0.3134044701847045,-0.282876668798554
oulad_BBB_2014B,OULAD,P_in_leave_one_cohort_out,18,percentile,random_forest,1613,0.8396289833292452,0.7086834733893558,0.7686318131256952,0.7090836334533814,0.36455981941309257,1.0,1.8205417607223477,0.1592278698452043,0.030602554117254765
oulad_BBB_2014B,OULAD,P_out_other_institutions,44,percentile,random_forest,1613,0.697322867407106,0.6218990590248076,0.0045045045045045045,0.7090836334533814,0.2584650112866817,0.7089783281733746,1.2907246538867418,0.3044918605389241,-0.2713870869075006
oulad_BBB_2014J,OULAD,P_in_leave_one_cohort_out,18,percentile,random_forest,2292,0.8461828399122807,0.7725358045492839,0.755656108597285,0.6643356643356644,0.39473684210526316,0.982532751091703,1.9754079521948975,0.15433759624580787,0.05162431624746655
oulad_BBB_2014J,OULAD,P_out_other_institutions,44,percentile,random_forest,2292,0.7624554550438596,0.7447447447447447,0.5179584120982986,0.6643356643356644,0.3649122807017544,0.9082969432314411,1.82615490691795,0.22472512830256286,-0.17069959080479757
oulad_CCC_2014B,OULAD,P_in_leave_one_cohort_out,18,percentile,random_forest,1936,0.8614382244528727,0.706019871420222,0.7672373900971773,0.7933935805546899,0.3040062843676355,1.0,1.5208169677926158,0.15864545627378865,-0.10359196966960871
oulad_CCC_2014B,OULAD,P_out_other_institutions,44,percentile,random_forest,1936,0.6955873170465842,0.5664246048697138,0.3370346178967995,0.7933935805546899,0.2827965435978005,0.9302325581395349,1.4147134584117356,0.32353279796007767,-0.3510533077876006
oulad_CCC_2014J,OULAD,P_in_leave_one_cohort_out,18,percentile,random_forest,2498,0.8262671525233435,0.7298456260720412,0.7635135135135135,0.7450389349409695,0.33041132838840187,0.98,1.650734996628456,0.17285277600913507,-0.06730062226644706
oulad_CCC_2014J,OULAD,P_out_other_institutions,44,percentile,random_forest,2498,0.6053502918129606,0.5778536863079988,0.0,0.7450389349409695,0.2818610923803102,0.836,1.4081780175320298,0.3759057103744399,-0.38195298611071915
oulad_DDD_2013B,OULAD,P_in_leave_one_cohort_out,18,percentile,random_forest,1303,0.8180674035061691,0.6984402079722704,0.7603305785123967,0.7566793893129771,0.32786885245901637,0.9961685823754789,1.636831857295396,0.17207193167068602,-0.05935939087612829
oulad_DDD_2013B,OULAD,P_out_other_institutions,44,percentile,random_forest,1303,0.7340924263778651,0.5631929046563193,0.017456359102244388,0.7566793893129771,0.27994955863808324,0.8505747126436781,1.3976025858445305,0.3476798826826267,-0.37264982494365406
oulad_DDD_2013J,OULAD,P_in_leave_one_cohort_out,18,percentile,random_forest,1938,0.8450380209732631,0.7420814479638009,0.7836812144212524,0.7279291106005907,0.345356176735798,0.9871134020618557,1.7250006972009706,0.15570977425293375,-0.010580280978377266
oulad_DDD_2013J,OULAD,P_out_other_institutions,44,percentile,random_forest,1938,0.6053797148236655,0.599346167816927,0.017809439002671415,0.7279291106005907,0.2569882777276826,0.7345360824742269,1.283616706794456,0.33004175350746495,-0.30479981706830384
oulad_DDD_2014B,OULAD,P_in_leave_one_cohort_out,18,percentile,random_forest,1228,0.8303750860576802,0.7072515666965085,0.7557879014189693,0.7577137076378352,0.3257676902536716,0.991869918699187,1.6261899334614172,0.16897520786683246,-0.07790838786937326
oulad_DDD_2014B,OULAD,P_out_other_institutions,44,percentile,random_forest,1228,0.7143121935719443,0.5623529411764706,0.015873015873015872,0.7577137076378352,0.2857142857142857,0.8699186991869918,1.4262485481997675,0.35677591759506594,-0.3775107534795603
oulad_DDD_2014J,OULAD,P_in_leave_one_cohort_out,18,percentile,random_forest,1803,0.8404582421644735,0.7379679144385026,0.7706708268330733,0.718550106609808,0.35311572700296734,0.9889196675900277,1.763622315197646,0.15797054831759383,-0.002370765879562531
oulad_DDD_2014J,OULAD,P_out_other_institutions,44,percentile,random_forest,1803,0.5411989579274447,0.6108108108108108,0.007874015748031496,0.718550106609808,0.2314540059347181,0.6481994459833795,1.1559877360119024,0.3388385684945263,-0.29858845459292455
oulad_EEE_2013J,OULAD,P_in_leave_one_cohort_out,18,percentile,random_forest,1052,0.864641365225159,0.8582202111613876,0.7583547557840618,0.5926421404682275,0.4717832957110609,0.9952380952380953,2.363409652800172,0.13259340431258074,0.024120552018883523
oulad_EEE_2013J,OULAD,P_out_other_institutions,44,percentile,random_forest,1052,0.8048163921908765,0.7759282970550576,0.35424354243542433,0.5926421404682275,0.39503386004514673,0.8333333333333334,1.978931527464259,0.21215602147116203,-0.15023276823386944
oulad_EEE_2014B,OULAD,P_in_leave_one_cohort_out,18,percentile,random_forest,694,0.8699390735522695,0.8233799237611181,0.7687188019966722,0.6537342386032978,0.4124629080118694,1.0,2.059347181008902,0.13974734180490142,-0.03067631329371573
oulad_EEE_2014B,OULAD,P_out_other_institutions,44,percentile,random_forest,694,0.8135467836986426,0.680648236415634,0.011799410029498525,0.6537342386032978,0.3560830860534125,0.8633093525179856,1.777853681446534,0.27945543568001013,-0.29197644534234607
oulad_EEE_2014J,OULAD,P_in_leave_one_cohort_out,18,percentile,random_forest,1188,0.8747548848974288,0.8628495339547271,0.7643020594965675,0.5957446808510638,0.4662698412698413,0.9873949579831933,2.3274309723889557,0.13194385365976533,0.010429104925235688
oulad_EEE_2014J,OULAD,P_out_other_institutions,44,percentile,random_forest,1188,0.8355103615520283,0.7721876766534765,0.33607907742998355,0.5957446808510638,0.4126984126984127,0.8739495798319328,2.0600240096038416,0.21056684325564629,-0.1660740420800601
oulad_FFF_2013B,OULAD,P_in_leave_one_cohort_out,18,percentile,random_forest,1614,0.8028123770411175,0.7582056892778993,0.6842857142857143,0.6802943581357318,0.35216346153846156,0.9071207430340558,1.7597270183376996,0.1884069319351985,-0.09185489963541188
oulad_FFF_2013B,OULAD,P_out_other_institutions,44,percentile,random_forest,1614,0.7033678437930356,0.6538300544160737,0.014302741358760428,0.6802943581357318,0.31850961538461536,0.8204334365325078,1.5915619790426294,0.29968962912840313,-0.2796119428101246
oulad_FFF_2013J,OULAD,P_in_leave_one_cohort_out,18,percentile,random_forest,2283,0.8403014159863476,0.7464852607709751,0.7632359169843287,0.6845289541918754,0.37457912457912457,0.973741794310722,1.8712563269456048,0.16499699575189594,0.05156213049308522
oulad_FFF_2013J,OULAD,P_out_other_institutions,44,percentile,random_forest,2283,0.7369909137032424,0.648230746357419,0.01662510390689942,0.6845289541918754,0.30808080808080807,0.8008752735229759,1.5390557655327897,0.3002183481432391,-0.2835670051708466
oulad_FFF_2014B,OULAD,P_in_leave_one_cohort_out,18,percentile,random_forest,1500,0.8375806999660211,0.7313540912382331,0.7708462013588635,0.7212276214833758,0.35224586288416077,0.9933333333333333,1.7612293144208038,0.16300734419292687,0.009994700259285727
oulad_FFF_2014B,OULAD,P_out_other_institutions,44,percentile,random_forest,1500,0.733525639635341,0.6084927671488567,0.021003500583430573,0.7212276214833758,0.2895981087470449,0.8166666666666667,1.4479905437352247,0.3259869594829358,-0.33037029784787164
oulad_FFF_2014J,OULAD,P_in_leave_one_cohort_out,18,percentile,random_forest,2365,0.8825519219291602,0.7993182786536004,0.8023499790180445,0.6908386382507611,0.37580128205128205,0.9915433403805497,1.8790064102564104,0.13574475172288086,0.026561913313697283
oulad_FFF_2014J,OULAD,P_out_other_institutions,44,percentile,random_forest,2365,0.7594740662947915,0.6407151095732411,0.012678288431061807,0.6908386382507611,0.30849358974358976,0.813953488372093,1.5424679487179487,0.2968986728965296,-0.2866883664998261
ku_Accountancy_1819,KU Leuven,P_in_leave_one_cohort_out,5,percentile,random_forest,756,0.628415986608077,0.7843833185448092,0.36883116883116884,0.4587155963302752,0.30666666666666664,0.45695364238410596,1.535364238410596,0.21209692335124491,0.06826280523396361
ku_Accountancy_1819,KU Leuven,P_out_other_institutions,57,percentile,random_forest,756,0.6346013810420589,0.8058727569331158,0.16783216783216784,0.4587155963302752,0.28444444444444444,0.423841059602649,1.4241059602649007,0.21509133174940065,-0.09622846544131489
ku_Globaleconom_1819,KU Leuven,P_in_leave_one_cohort_out,5,percentile,random_forest,743,0.5828450496871549,0.713091922005571,0.24449877750611246,0.6086142322097378,0.26461538461538464,0.5771812080536913,1.3195250387196698,0.2681262133553358,-0.15071314074557324
ku_Globaleconom_1819,KU Leuven,P_out_other_institutions,57,percentile,random_forest,743,0.5999742362900258,0.7133640552995392,0.22443890274314215,0.6086142322097378,0.2553846153846154,0.5570469798657718,1.2734950955085182,0.2575712269795799,-0.11953912083695523
ku_Accountancy_1920,KU Leuven,P_in_leave_one_cohort_out,5,percentile,random_forest,711,0.6228777473771947,0.7537993920972644,0.4413793103448276,0.48723404255319147,0.3056768558951965,0.49295774647887325,1.5305369333907373,0.22078394011949162,0.0726180992444625
ku_Accountancy_1920,KU Leuven,P_out_other_institutions,57,percentile,random_forest,711,0.6394390186450198,0.7768281101614435,0.36314363143631434,0.48723404255319147,0.29694323144104806,0.4788732394366197,1.4868073067224306,0.2119638308914071,0.06955289041300572
ku_Globaleconom_1920,KU Leuven,P_in_leave_one_cohort_out,5,percentile,random_forest,681,0.6194867075188144,0.7833001988071571,0.38764044943820225,0.3938679245283019,0.31736526946107785,0.3897058823529412,1.5891599154631912,0.21143669099338913,0.16203236134246587
ku_Globaleconom_1920,KU Leuven,P_out_other_institutions,57,percentile,random_forest,681,0.6520596938418881,0.8496042216358839,0.24,0.3938679245283019,0.31736526946107785,0.3897058823529412,1.5891599154631912,0.17902331993800855,0.01652019422615028
ku_Accountancy_2021,KU Leuven,P_in_leave_one_cohort_out,5,percentile,random_forest,725,0.616073696433107,0.7700934579439253,0.3526315789473684,0.4607218683651805,0.2857142857142857,0.42758620689655175,1.4285714285714286,0.21340803890059312,0.08546960701991824
ku_Accountancy_2021,KU Leuven,P_out_other_institutions,57,percentile,random_forest,725,0.6404123879676331,0.7867975022301517,0.2735562310030395,0.4607218683651805,0.28110599078341014,0.4206896551724138,1.4055299539170507,0.20833299209082132,0.07955739303880466
ku_Globaleconom_2021,KU Leuven,P_in_leave_one_cohort_out,5,percentile,random_forest,335,0.6014053359965759,0.680672268907563,0.21649484536082475,0.6546184738955823,0.2822085889570552,0.6865671641791045,1.4110429447852761,0.284157307377345,-0.19679696300789928
ku_Globaleconom_2021,KU Leuven,P_out_other_institutions,57,percentile,random_forest,335,0.6047224996433157,0.6843177189409368,0.1340782122905028,0.6546184738955823,0.26993865030674846,0.6567164179104478,1.3496932515337425,0.28515640303155826,-0.2069339188636256
ukzn_ISTN101_2019,UKZN,P_in_leave_one_cohort_out,15,percentile,random_forest,1056,0.6503540087754288,0.9070866141732283,0.14492753623188406,0.2967741935483871,0.31521739130434784,0.27488151658767773,1.5775808778075417,0.13921512732185712,-0.03650864128068082
ukzn_ISTN101_2019,UKZN,P_out_other_institutions,47,percentile,random_forest,1056,0.6209800059832469,0.7867417135709819,0.33528265107212474,0.2967741935483871,0.29347826086956524,0.2559241706161137,1.4687821965794352,0.2086766886463198,0.2495766640471982
ukzn_ISTN101_2020,UKZN,P_in_leave_one_cohort_out,15,percentile,random_forest,978,0.5303046945365876,0.9704952581664911,0.034482758620689655,0.09542356377799414,0.1836734693877551,0.04591836734693878,0.9164931278633903,0.0918071476706993,0.18525552881120733
ukzn_ISTN101_2020,UKZN,P_out_other_institutions,47,percentile,random_forest,978,0.7022033786603986,0.7157464212678937,0.147239263803681,0.09542356377799414,0.40816326530612246,0.10204081632653061,2.0366513952519787,0.2650003059203273,0.45078902835806167
ukzn_ISTN101_2021,UKZN,P_in_leave_one_cohort_out,15,percentile,random_forest,741,0.7332139345413682,0.9475951184493898,0.1797752808988764,0.15671641791044774,0.4444444444444444,0.1891891891891892,2.2252252252252256,0.08585777849769594,0.09803396844614815
ukzn_ISTN101_2021,UKZN,P_out_other_institutions,47,percentile,random_forest,741,0.7761974996488271,0.8181041844577285,0.31511254019292606,0.15671641791044774,0.4603174603174603,0.19594594594594594,2.3046975546975546,0.2074142221698346,0.35708945833899153
ukzn_ISTN102_2018,UKZN,P_in_leave_one_cohort_out,15,percentile,random_forest,257,0.5858232181761593,0.8475336322869955,0.0,0.4184615384615385,0.23529411764705882,0.3137254901960784,1.1856978085351788,0.2049686482658888,-0.119306082730122
ukzn_ISTN102_2018,UKZN,P_out_other_institutions,47,percentile,random_forest,257,0.594226579520697,0.7601078167115903,0.3776223776223776,0.4184615384615385,0.27941176470588236,0.37254901960784315,1.4080161476355249,0.21924184860610887,0.14941348147906652
ukzn_ISTN103_2019,UKZN,P_in_leave_one_cohort_out,15,percentile,random_forest,1113,0.6475953259532595,0.8395324123273114,0.12209302325581395,0.4246284501061571,0.2866666666666667,0.38565022421524664,1.4307623318385652,0.20669180641485316,-0.12474582878873883
ukzn_ISTN103_2019,UKZN,P_out_other_institutions,47,percentile,random_forest,1113,0.6423042230422304,0.7586206896551724,0.3898573692551506,0.4246284501061571,0.29,0.3901345291479821,1.4473991031390137,0.21899723483934178,0.1370151413904599
ukzn_ISTN103_2020,UKZN,P_in_leave_one_cohort_out,15,percentile,random_forest,1082,0.6568769389865563,0.9285714285714286,0.19318181818181818,0.19214703425229743,0.3652173913043478,0.19444444444444445,1.8294685990338164,0.10431521184575404,0.08839172004137479
ukzn_ISTN103_2020,UKZN,P_out_other_institutions,47,percentile,random_forest,1082,0.6450069691111011,0.7706201083684527,0.24254473161033796,0.19214703425229743,0.3130434782608696,0.16666666666666666,1.5681159420289854,0.22602078148717625,0.32768810391434283
ukzn_ISTN211_2019,UKZN,P_in_leave_one_cohort_out,15,percentile,random_forest,280,0.7566041540633193,0.9666666666666667,0.1,0.12709030100334448,0.47368421052631576,0.16071428571428573,2.368421052631579,0.07174016063134547,0.09471381256697119
ukzn_ISTN211_2019,UKZN,P_out_other_institutions,47,percentile,random_forest,280,0.6418632788868724,0.6445012787723785,0.17751479289940827,0.12709030100334448,0.2631578947368421,0.08928571428571429,1.3157894736842106,0.3267874449489593,0.4796833453052106
ukzn_ISTN211_2021,UKZN,P_in_leave_one_cohort_out,15,percentile,random_forest,327,0.6709677419354839,0.9733124018838305,0.0,0.09883720930232558,0.4117647058823529,0.1076923076923077,2.0714932126696834,0.06675038496388194,0.12025791469145002
ukzn_ISTN211_2021,UKZN,P_out_other_institutions,47,percentile,random_forest,327,0.7062618595825427,0.7884615384615384,0.1791044776119403,0.09883720930232558,0.4117647058823529,0.1076923076923077,2.0714932126696834,0.2098689875533077,0.3808195224345288
ukzn_ISTN212_2018,UKZN,P_in_leave_one_cohort_out,15,percentile,random_forest,238,0.7393978444236177,0.8981481481481481,0.0,0.3120567375886525,0.4090909090909091,0.375,2.028409090909091,0.14331490002813244,-0.0718110388618689
ukzn_ISTN212_2018,UKZN,P_out_other_institutions,47,percentile,random_forest,238,0.7270970009372072,0.757396449704142,0.4057971014492754,0.3120567375886525,0.4090909090909091,0.375,2.028409090909091,0.2278977194923661,0.27749779539369296
ukzn_ISTN212_2019,UKZN,P_in_leave_one_cohort_out,15,percentile,random_forest,264,0.7303732303732304,0.9079497907949791,0.12,0.2745098039215686,0.38095238095238093,0.3018867924528302,1.8975741239892183,0.12062526523053933,0.017152466826746704
ukzn_ISTN212_2019,UKZN,P_out_other_institutions,47,percentile,random_forest,264,0.7121407121407123,0.79,0.34375,0.2745098039215686,0.42857142857142855,0.33962264150943394,2.1347708894878705,0.2050097506474069,0.279551298243929
ukzn_ISTN2IP_2018,UKZN,P_in_leave_one_cohort_out,15,percentile,random_forest,99,0.6421621621621622,0.8554913294797688,0.0,0.40322580645161293,0.24,0.3,1.188,0.18673352243142052,-0.06503645109475661
ukzn_ISTN2IP_2018,UKZN,P_out_other_institutions,47,percentile,random_forest,99,0.6627027027027027,0.762589928057554,0.4406779661016949,0.40322580645161293,0.36,0.45,1.782,0.22529618248645975,0.20202737215517297
ukzn_ISTN2IP_2019,UKZN,P_in_leave_one_cohort_out,15,percentile,random_forest,116,0.7179383116883116,0.8613861386138614,0.06666666666666667,0.3888888888888889,0.42857142857142855,0.5217391304347826,2.1614906832298133,0.17008099354103112,-0.07381486968077097
ukzn_ISTN2IP_2019,UKZN,P_out_other_institutions,47,percentile,random_forest,116,0.6956168831168832,0.8047337278106509,0.47619047619047616,0.3888888888888889,0.32142857142857145,0.391304347826087,1.6211180124223603,0.19606704793608076,0.1730335469950768
ukzn_ISTN3ND_2018,UKZN,P_in_leave_one_cohort_out,15,percentile,random_forest,144,0.57884654164146,0.7532467532467533,0.0,0.5671641791044776,0.2631578947368421,0.5172413793103449,1.3067150635208713,0.3103982763435257,-0.2780317670852678
ukzn_ISTN3ND_2018,UKZN,P_out_other_institutions,47,percentile,random_forest,144,0.547993547086106,0.5174825174825175,0.5241379310344828,0.5671641791044776,0.22807017543859648,0.4482758620689655,1.1324863883847551,0.3045663855598989,0.17573779816472107
ukzn_ISTN3ND_2019,UKZN,P_in_leave_one_cohort_out,15,percentile,random_forest,223,0.6933722701879126,0.8877805486284289,0.0,0.32958801498127344,0.38636363636363635,0.37777777777777777,1.9146464646464647,0.1540961850287505,-0.059438532321230975
ukzn_ISTN3ND_2019,UKZN,P_out_other_institutions,47,percentile,random_forest,223,0.7207973590655156,0.7603833865814696,0.43609022556390975,0.32958801498127344,0.36363636363636365,0.35555555555555557,1.8020202020202023,0.2203838267329731,0.26992772891564976
ukzn_ISTN3SA_2018,UKZN,P_in_leave_one_cohort_out,15,percentile,random_forest,141,0.6705705705705705,0.88,0.0625,0.3508771929824561,0.3333333333333333,0.35714285714285715,1.6785714285714286,0.1614949026671693,-0.04751885466088529
ukzn_ISTN3SA_2018,UKZN,P_out_other_institutions,47,percentile,random_forest,141,0.6714714714714715,0.7980769230769231,0.43243243243243246,0.3508771929824561,0.36666666666666664,0.39285714285714285,1.8464285714285713,0.21492876050427473,0.2343402823789825
ukzn_ISTN3SA_2019,UKZN,P_in_leave_one_cohort_out,15,percentile,random_forest,195,0.563294117647059,0.9273743016759777,0.1875,0.22727272727272727,0.28,0.1794871794871795,1.4000000000000001,0.12718308908568352,0.05797799272740464
ukzn_ISTN3SA_2019,UKZN,P_out_other_institutions,47,percentile,random_forest,195,0.5964705882352941,0.8,0.225,0.22727272727272727,0.24,0.15384615384615385,1.2000000000000002,0.2097219464889945,0.2945958154070977
zambia_ICT1110_2020,Zambia,P_in_leave_one_cohort_out,1,percentile,random_forest,65,0.42793367346938777,0.2,0.76,0.8596491228070176,0.1836734693877551,0.6923076923076923,0.9183673469387755,0.2412388351110088,-0.1294274244274245
zambia_ICT1110_2020,Zambia,P_out_other_institutions,61,percentile,random_forest,65,0.48788265306122447,0.35294117647058826,0.2903225806451613,0.8596491228070176,0.1836734693877551,0.6923076923076923,0.9183673469387755,0.38262396548451183,-0.3921859961748754
zambia_ICT1110_2021,Zambia,P_in_leave_one_cohort_out,1,percentile,random_forest,52,0.39140625,0.09090909090909091,0.7560975609756098,0.761904761904762,0.15625,0.5,0.8125,0.29252055678714517,0.16052718056620752
zambia_ICT1110_2021,Zambia,P_out_other_institutions,61,percentile,random_forest,52,0.5578125,0.44,0.48148148148148145,0.761904761904762,0.25,0.8,1.3,0.27074406337008483,-0.1268982817368537
oviedo_C1112_1415,Oviedo,P_in_leave_one_cohort_out,19,percentile,random_forest,199,0.7201872201872201,0.6666666666666666,0.6598984771573604,0.7035830618892508,0.32407407407407407,0.875,1.6122685185185184,0.21259366531219476,-0.045975531491717514
oviedo_C1112_1415,Oviedo,P_out_other_institutions,43,percentile,random_forest,199,0.7432844932844933,0.6666666666666666,0.272,0.7035830618892508,0.3148148148148148,0.85,1.5662037037037035,0.29353042522118455,-0.2929487649576423
oviedo_C1127_1415,Oviedo,P_in_leave_one_cohort_out,19,percentile,random_forest,106,0.5553004209720628,0.5666666666666667,0.43478260869565216,0.5379310344827586,0.2564102564102564,0.47619047619047616,1.2942612942612943,0.2654458216067153,0.16293238871544452
oviedo_C1127_1415,Oviedo,P_out_other_institutions,43,percentile,random_forest,106,0.5610409491006506,0.8024691358024691,0.36,0.5379310344827586,0.2564102564102564,0.47619047619047616,1.2942612942612943,0.2425056322388212,-0.09248374904765161
oviedo_C1200_1415,Oviedo,P_in_leave_one_cohort_out,19,percentile,random_forest,107,0.6188226744186047,0.5714285714285714,0.5294117647058824,0.7485380116959064,0.265625,0.8095238095238095,1.353422619047619,0.24970057450733127,-0.13161317245830212
oviedo_C1200_1415,Oviedo,P_out_other_institutions,43,percentile,random_forest,107,0.5552325581395349,0.6056338028169014,0.2222222222222222,0.7485380116959064,0.265625,0.8095238095238095,1.353422619047619,0.3406592983821207,-0.3244710631455231
oviedo_C1303_1415,Oviedo,P_in_leave_one_cohort_out,19,percentile,random_forest,112,0.5801020408163267,0.49586776859504134,0.4077669902912621,0.7692307692307693,0.22857142857142856,0.7272727272727273,1.1636363636363636,0.2683059278071601,-0.18258482002352627
oviedo_C1303_1415,Oviedo,P_out_other_institutions,43,percentile,random_forest,112,0.7073129251700679,0.5466666666666666,0.08108108108108109,0.7692307692307693,0.2571428571428571,0.8181818181818182,1.309090909090909,0.3510702366476961,-0.37420389301784435
oviedo_C174_1415,Oviedo,P_in_leave_one_cohort_out,19,percentile,random_forest,96,0.6753812636165578,0.696969696969697,0.3333333333333333,0.6382978723404256,0.26666666666666666,0.631578947368421,1.3473684210526315,0.2303541414082869,-0.0890442703449627
oviedo_C174_1415,Oviedo,P_out_other_institutions,43,percentile,random_forest,96,0.9372549019607843,0.7786259541984732,0.5245901639344263,0.6382978723404256,0.4222222222222222,1.0,2.1333333333333333,0.17238385856015123,-0.1753844471517143
oviedo_C190_1415,Oviedo,P_in_leave_one_cohort_out,19,percentile,random_forest,112,0.3927997428479589,0.42857142857142855,0.42857142857142855,0.7052023121387282,0.13114754098360656,0.36363636363636365,0.6676602086438153,0.30371723499825387,-0.07063319115647998
oviedo_C190_1415,Oviedo,P_out_other_institutions,43,percentile,random_forest,112,0.4458373513339762,0.6086956521739131,0.0,0.7052023121387282,0.14754098360655737,0.4090909090909091,0.7511177347242922,0.3478454737756907,-0.2722872726902272
oviedo_C1978_1415,Oviedo,P_in_leave_one_cohort_out,19,percentile,random_forest,164,0.6096168017686072,0.6761904761904762,0.423728813559322,0.43809523809523815,0.2608695652173913,0.36363636363636365,1.2964426877470354,0.2353812775067919,0.19457832648734824
oviedo_C1978_1415,Oviedo,P_out_other_institutions,43,percentile,random_forest,164,0.6046425939572586,0.835820895522388,0.26666666666666666,0.43809523809523815,0.32608695652173914,0.45454545454545453,1.6205533596837942,0.19737514272976228,-0.010384766724753691
oviedo_C2011_1415,Oviedo,P_in_leave_one_cohort_out,19,percentile,random_forest,120,0.6452536824877251,0.7640449438202247,0.3225806451612903,0.3561643835616438,0.34615384615384615,0.375,1.7307692307692306,0.21391782521397734,0.21610592092855435
oviedo_C2011_1415,Oviedo,P_out_other_institutions,43,percentile,random_forest,120,0.6943535188216039,0.8359788359788359,0.39215686274509803,0.3561643835616438,0.38461538461538464,0.4166666666666667,1.9230769230769231,0.1724515908702605,0.10921237399345896
oviedo_C2024_1415,Oviedo,P_in_leave_one_cohort_out,19,percentile,random_forest,327,0.5686013986013986,0.7401247401247402,0.2774566473988439,0.27440633245382584,0.3076923076923077,0.24615384615384617,1.5479289940828402,0.2331797443655222,0.29419674899360093
oviedo_C2024_1415,Oviedo,P_out_other_institutions,43,percentile,random_forest,327,0.5453846153846155,0.8834782608695653,0.1518987341772152,0.27440633245382584,0.2692307692307692,0.2153846153846154,1.3544378698224853,0.16351649181612024,0.13584640428879444
oviedo_C2150_1415,Oviedo,P_in_leave_one_cohort_out,19,percentile,random_forest,106,0.7193245778611632,0.7008547008547008,0.631578947368421,0.5578231292517007,0.3170731707317073,0.6190476190476191,1.6004645760743321,0.2219499640940336,0.1287060464015226
oviedo_C2150_1415,Oviedo,P_out_other_institutions,43,percentile,random_forest,106,0.6848030018761725,0.7710843373493976,0.17391304347826086,0.5578231292517007,0.2926829268292683,0.5714285714285714,1.4773519163763065,0.22282271096516576,-0.08892119096725903
oviedo_C2271_1415,Oviedo,P_in_leave_one_cohort_out,19,percentile,random_forest,596,0.5437223762514066,0.6803594351732991,0.39709443099273606,0.5860023724792408,0.23481781376518218,0.48739495798319327,1.176062327765114,0.27477771750762436,-0.06642641079363854
oviedo_C2271_1415,Oviedo,P_out_other_institutions,43,percentile,random_forest,596,0.5525793765878217,0.7154285714285714,0.21451104100946372,0.5860023724792408,0.21052631578947367,0.4369747899159664,1.0544007076514816,0.26599714467825364,-0.1173580150036187
oviedo_C2335_1415,Oviedo,P_in_leave_one_cohort_out,19,percentile,random_forest,428,0.5195527236381808,0.4433249370277078,0.5185185185185185,0.807799442896936,0.19655172413793104,0.6627906976744186,0.978187650360866,0.2750451286411692,-0.22789147502758694
oviedo_C2335_1415,Oviedo,P_out_other_institutions,43,percentile,random_forest,428,0.49340329835082447,0.4810126582278481,0.052805280528052806,0.807799442896936,0.1793103448275862,0.6046511627906976,0.8923817161186848,0.3644576581232473,-0.3652426363677681
oviedo_C2406_1415,Oviedo,P_in_leave_one_cohort_out,19,percentile,random_forest,133,0.6146987951807229,0.5373134328358209,0.5303030303030303,0.7685185185185186,0.2289156626506024,0.7037037037037037,1.1276215975011155,0.2568380304758295,-0.16311096632770716
oviedo_C2406_1415,Oviedo,P_out_other_institutions,43,percentile,random_forest,133,0.6961445783132532,0.5649717514124294,0.1348314606741573,0.7685185185185186,0.24096385542168675,0.7407407407407407,1.186970102632753,0.3249635471424587,-0.3351100538671848
oviedo_C2468_1415,Oviedo,P_in_leave_one_cohort_out,19,percentile,random_forest,82,0.6353361094586556,0.6067415730337079,0.5333333333333333,0.6666666666666666,0.2682926829268293,0.6875,1.375,0.233351699509305,-0.017869251081254145
oviedo_C2468_1415,Oviedo,P_out_other_institutions,43,percentile,random_forest,82,0.7126710291493158,0.7115384615384616,0.5,0.6666666666666666,0.3170731707317073,0.8125,1.625,0.25525592642608497,-0.19250559335870804
oviedo_C2607_1415,Oviedo,P_in_leave_one_cohort_out,19,percentile,random_forest,277,0.5159481600859521,0.3490566037735849,0.5964912280701754,0.8482328482328483,0.1715686274509804,0.6363636363636364,0.8640819964349375,0.266000377400528,-0.2600052269040216
oviedo_C2607_1415,Oviedo,P_out_other_institutions,43,percentile,random_forest,277,0.5389806607574535,0.42105263157894735,0.0660377358490566,0.8482328482328483,0.19607843137254902,0.7272727272727273,0.9875222816399287,0.3812621655568622,-0.42649472767470975
oviedo_C3022_1415,Oviedo,P_in_leave_one_cohort_out,19,percentile,random_forest,238,0.5551038062283737,0.7076923076923077,0.3708609271523179,0.4444444444444445,0.2647058823529412,0.375,1.3125,0.23949353539993914,0.19200588645715616
oviedo_C3022_1415,Oviedo,P_out_other_institutions,43,percentile,random_forest,238,0.5474048442906575,0.8241206030150754,0.10256410256410256,0.4444444444444445,0.23529411764705882,0.3333333333333333,1.1666666666666667,0.21239609703989784,-0.0028497484025702957
oviedo_C3029_1415,Oviedo,P_in_leave_one_cohort_out,19,percentile,random_forest,231,0.5297113752122241,0.6996904024767802,0.302158273381295,0.49511400651465803,0.18421052631578946,0.30434782608695654,0.9250572082379863,0.24215319977481345,0.10835034573322616
oviedo_C3029_1415,Oviedo,P_out_other_institutions,43,percentile,random_forest,231,0.5796264855687606,0.7804878048780488,0.12903225806451613,0.49511400651465803,0.2894736842105263,0.4782608695652174,1.4536613272311212,0.2236109607746116,-0.041696523468644664
oviedo_C4189_1415,Oviedo,P_in_leave_one_cohort_out,19,percentile,random_forest,128,0.5035539215686274,0.7046632124352331,0.09523809523809523,0.6382978723404256,0.21666666666666667,0.5,1.0666666666666667,0.24773599158953308,-0.03212181923228652
oviedo_C4189_1415,Oviedo,P_out_other_institutions,43,percentile,random_forest,128,0.5508578431372548,0.6938775510204082,0.0,0.6382978723404256,0.2833333333333333,0.6538461538461539,1.3948717948717948,0.2863167583018657,-0.19827028251658185
oviedo_C4213_1415,Oviedo,P_in_leave_one_cohort_out,19,percentile,random_forest,140,0.6394643230801422,0.6455696202531646,0.5409836065573771,0.592964824120603,0.3050847457627119,0.6428571428571429,1.5254237288135595,0.23679805301391102,0.08428828268926719
oviedo_C4213_1415,Oviedo,P_out_other_institutions,43,percentile,random_forest,140,0.6218874241473111,0.7333333333333333,0.2,0.592964824120603,0.23728813559322035,0.5,1.1864406779661016,0.2635585160201764,-0.16416444185491696
oviedo_C836_1415,Oviedo,P_in_leave_one_cohort_out,19,percentile,random_forest,87,0.5375264270613107,0.6551724137931034,0.3103448275862069,0.6717557251908397,0.22727272727272727,0.5882352941176471,1.1631016042780749,0.26826965569124517,-0.12124331922638926
oviedo_C836_1415,Oviedo,P_out_other_institutions,43,percentile,random_forest,87,0.4645877378435518,0.47058823529411764,0.4943820224719101,0.6717557251908397,0.13636363636363635,0.35294117647058826,0.6978609625668449,0.29992818021369066,-0.007621724599833568
